note_index,note_id,measure,measure_offset,quarter_length,time_position,duration_seconds,pitch_name,pitch_midi,staff,voice,layer_1_score,layer_1_mask,layer_2_score,layer_2_mask,layer_3_score,layer_3_mask
0,p0n4,1,1.5,0.5,12.0,4.0,G#4,68,1,0,0.7566543817520142,True,0.19459274411201477,False,0.32745984196662903,False
1,p0n5,1,2.0,0.25,16.0,2.0,A#4,70,1,0,0.7001267075538635,True,0.9844750165939331,True,0.6087464690208435,True
2,p0n6,1,2.25,0.25,18.0,2.0,G#4,68,1,0,0.3856791853904724,False,0.130185067653656,False,0.29418814182281494,False
3,p0n7,1,2.5,0.25,20.0,2.0,F#4,66,1,0,0.6706384420394897,True,0.7023767232894897,True,0.18770331144332886,False
4,p0n8,1,2.75,0.25,22.0,2.0,G#4,68,1,0,0.34060677886009216,False,0.16480574011802673,False,0.2979266047477722,False
5,p0n9,1,3.0,0.5,24.0,4.0,E#5,77,1,0,0.5732565522193909,True,0.19693917036056519,False,0.28642037510871887,False
6,p0n10,1,3.5,0.5,28.0,4.0,C#5,73,1,0,0.3672173321247101,False,0.26610076427459717,False,0.3209671378135681,False
7,p0n13,2,0.0,0.5,32.0,4.0,G#4,68,1,0,0.7112369537353516,True,0.8748086094856262,True,0.6566981077194214,True
8,p0n14,2,0.5,0.25,36.0,2.0,F#4,66,1,0,0.17529632151126862,False,0.16697688400745392,False,0.3090018630027771,False
9,p0n15,2,0.75,0.25,38.0,2.0,E#4,65,1,0,0.30077263712882996,False,0.17527778446674347,False,0.2961033582687378,False
10,p0n16,2,1.0,0.5,40.0,4.0,F#4,66,1,0,0.38031065464019775,False,0.35406365990638733,False,0.34441205859184265,False
11,p0n17,2,1.5,0.5,44.0,4.0,D#5,75,1,0,0.5841044187545776,True,0.2981550693511963,False,0.3399620056152344,False
12,p0n18,2,2.0,0.5,48.0,4.0,E#4,65,1,0,0.3829208016395569,False,0.3839784264564514,False,0.36475881934165955,False
13,p0n19,2,2.5,0.5,52.0,4.0,C#5,73,1,0,0.7101162672042847,True,0.14685197174549103,False,0.29339534044265747,False
14,p0n20,2,3.0,0.5,56.0,4.0,D#4,63,1,0,0.6368011832237244,True,0.6077792644500732,True,0.4602266252040863,False
15,p0n21,2,3.5,0.5,60.0,4.0,B#4,72,1,0,0.9288275241851807,True,0.3189699649810791,False,0.3291330337524414,False
16,p0n22,3,0.0,0.5,64.0,4.0,C#4,61,1,0,0.7587279081344604,True,0.7926758527755737,True,0.465457946062088,False
17,p0n25,3,0.5,0.25,68.0,2.0,C#5,73,1,0,0.22138738632202148,False,0.17792433500289917,False,0.29658329486846924,False
18,p0n26,3,0.75,0.25,70.0,2.0,B#4,72,1,0,0.8127773404121399,True,0.10420313477516174,False,0.2680126130580902,False
19,p0n27,3,1.0,0.25,72.0,2.0,C#5,73,1,0,0.6334099173545837,True,0.18803328275680542,False,0.2932600975036621,False
20,p0n29,3,1.25,0.25,74.0,2.0,D#5,75,1,0,0.21664735674858093,False,0.15207454562187195,False,0.280884325504303,False
21,p0n30,3,1.5,0.25,76.0,2.0,E#5,77,1,0,0.7745262384414673,True,0.2701112627983093,False,0.3055530786514282,False
22,p0n31,3,1.5,0.5,76.0,4.0,C#4,61,1,0,0.5985432863235474,True,0.41311314702033997,False,0.33495721220970154,False
23,p0n32,3,1.75,0.25,78.0,2.0,F#5,78,1,0,0.24964149296283722,False,0.16181084513664246,False,0.2970937490463257,False
24,p0n33,3,2.0,0.25,80.0,2.0,G#5,80,1,0,0.9834789037704468,True,0.877602756023407,True,0.7582947015762329,True
25,p0n34,3,2.0,0.25,80.0,2.0,E#4,65,1,0,0.468497097492218,False,0.28763946890830994,False,0.33420073986053467,False
26,p0n35,3,2.25,0.25,82.0,2.0,F##5,79,1,0,0.8097527623176575,True,0.7935341596603394,True,0.6070423722267151,True
27,p0n36,3,2.25,0.25,82.0,2.0,D#4,63,1,0,0.6791053414344788,True,0.4294753074645996,False,0.36933213472366333,False
28,p0n37,3,2.5,0.25,84.0,2.0,E#5,77,1,0,0.5356041789054871,True,0.41303154826164246,False,0.2918561100959778,False
29,p0n38,3,2.5,0.25,84.0,2.0,C#4,61,1,0,0.7435078024864197,True,0.35028764605522156,False,0.3153637945652008,False
30,p0n39,3,2.75,0.25,86.0,2.0,F##5,79,1,0,0.6001465916633606,True,0.6765913367271423,True,0.4775310158729553,False
31,p0n40,3,2.75,0.25,86.0,2.0,D#4,63,1,0,0.36154264211654663,False,0.146405428647995,False,0.2799983024597168,False
32,p0n41,3,3.0,0.25,88.0,2.0,G#5,80,1,0,0.8774811029434204,True,0.42083126306533813,False,0.40375933051109314,False
33,p0n42,3,3.0,0.5,88.0,4.0,B#4,72,1,0,0.8761358857154846,True,0.40370267629623413,False,0.32006439566612244,False
34,p0n43,3,3.25,0.25,90.0,2.0,F#5,78,1,0,0.5000762939453125,True,0.3183739185333252,False,0.29515278339385986,False
35,p0n44,3,3.5,0.25,92.0,2.0,E#5,77,1,0,0.6001794934272766,True,0.2944208085536957,False,0.30480796098709106,False
36,p0n45,3,3.5,0.5,92.0,4.0,G#4,68,1,0,0.8075492978096008,True,0.38067537546157837,False,0.38830456137657166,False
37,p0n46,3,3.75,0.25,94.0,2.0,D#5,75,1,0,0.4915359616279602,False,0.24858036637306213,False,0.30451634526252747,False
38,p0n47,4,0.0,1.25,96.0,10.0,E#5,77,1,0,0.6085156798362732,True,0.49753203988075256,False,0.3934544622898102,False
39,p0n48,4,0.0,0.5,96.0,4.0,D#4,63,1,0,0.9185730218887329,True,0.9213911890983582,True,0.7117487192153931,True
40,p0n50,4,0.5,0.25,100.0,2.0,C#4,61,1,0,0.32985302805900574,False,0.2137761414051056,False,0.3063391149044037,False
41,p0n51,4,0.75,0.25,102.0,2.0,B#3,60,1,0,0.3199639320373535,False,0.22502678632736206,False,0.29098784923553467,False
42,p0n53,4,1.0,0.5,104.0,4.0,C#4,61,1,0,0.791965126991272,True,0.9306237697601318,True,0.6815932989120483,True
43,p0n54,4,1.25,0.25,106.0,2.0,D#5,75,1,0,0.2517613172531128,False,0.15669956803321838,False,0.28213992714881897,False
44,p0n55,4,1.5,0.25,108.0,2.0,C#5,73,1,0,0.3653488755226135,False,0.17908534407615662,False,0.30055099725723267,False
45,p0n56,4,1.5,0.5,108.0,4.0,A#4,70,1,0,0.8420709371566772,True,0.9702453017234802,True,0.7905350923538208,True
46,p0n57,4,1.75,0.25,110.0,2.0,E#5,77,1,0,0.6685712933540344,True,0.1680818349123001,False,0.29271528124809265,False
47,p0n58,4,2.0,0.25,112.0,2.0,D#5,75,1,0,0.38432788848876953,False,0.40921691060066223,False,0.3595993220806122,False
48,p0n59,4,2.0,0.5,112.0,4.0,B#3,60,2,0,0.5746145248413086,True,0.8435606956481934,True,0.5818120837211609,True
49,p0n60,4,2.25,0.25,114.0,2.0,C#5,73,1,0,0.1284346729516983,False,0.13714420795440674,False,0.2767358422279358,False
50,p0n61,4,2.5,0.25,116.0,2.0,B#4,72,1,0,0.7319640517234802,True,0.12203724682331085,False,0.2846234440803528,False
51,p0n62,4,2.5,0.5,116.0,4.0,G#4,68,1,0,0.7944641709327698,True,0.2705002725124359,False,0.3196997046470642,False
52,p0n63,4,2.75,0.25,118.0,2.0,D#5,75,1,0,0.7121913433074951,True,0.34529441595077515,False,0.3042108118534088,False
53,p0n64,4,3.0,0.25,120.0,2.0,C#5,73,1,0,0.47438710927963257,False,0.32409730553627014,False,0.3272331953048706,False
54,p0n65,4,3.0,0.5,120.0,4.0,A#3,58,2,0,0.8288711905479431,True,0.9557496309280396,True,0.6134051084518433,True
55,p0n66,4,3.25,0.25,122.0,2.0,B#4,72,1,0,0.4483731687068939,False,0.18993256986141205,False,0.28728312253952026,False
56,p0n67,4,3.5,0.25,124.0,2.0,C#5,73,1,0,0.7887864112854004,True,0.6126261353492737,True,0.26326918601989746,False
57,p0n68,4,3.5,0.5,124.0,4.0,F##4,67,1,0,0.883539617061615,True,0.9045915007591248,True,0.6964276432991028,True
58,p0n69,4,3.75,0.25,126.0,2.0,A#4,70,1,0,0.735887885093689,True,0.3972914218902588,False,0.3491811454296112,False
59,p0n70,5,0.0,0.5,128.0,4.0,B#4,72,1,0,0.5997951030731201,True,0.4893328845500946,False,0.3852404057979584,False
60,p0n71,5,0.0,0.5,128.0,4.0,G#3,56,2,0,0.3444330096244812,False,0.3454141616821289,False,0.36859068274497986,False
61,p0n73,5,0.5,0.5,132.0,4.0,D#5,75,1,0,0.37182873487472534,False,0.2567731440067291,False,0.32139283418655396,False
62,p0n74,5,0.5,0.25,132.0,2.0,G#4,68,1,0,0.2739558219909668,False,0.14673785865306854,False,0.3068374991416931,False
63,p0n75,5,0.75,0.25,134.0,2.0,F##4,67,1,0,0.7665853500366211,True,0.4319972097873688,False,0.38603949546813965,False
64,p0n76,5,1.0,2.0,136.0,16.0,F#5,78,1,0,0.8260993957519531,True,0.8045052289962769,True,0.573491632938385,True
65,p0n77,5,1.0,0.25,136.0,2.0,G#4,68,1,0,0.32304084300994873,False,0.1992541402578354,False,0.30614855885505676,False
66,p0n79,5,1.25,0.25,138.0,2.0,A#4,70,1,0,0.6765114665031433,True,0.6101325750350952,True,0.3406922519207001,False
67,p0n80,5,1.5,0.25,140.0,2.0,B#4,72,1,0,0.7867224812507629,True,0.3016110062599182,False,0.3200535178184509,False
68,p0n81,5,1.5,0.5,140.0,4.0,G#3,56,2,0,0.5334492921829224,True,0.2999328672885895,False,0.36039361357688904,False
69,p0n82,5,1.75,0.25,142.0,2.0,G#4,68,1,0,0.28641319274902344,False,0.11973743140697479,False,0.28997722268104553,False
70,p0n83,5,2.0,0.25,144.0,2.0,C#5,73,1,0,0.6851047277450562,True,0.7576388716697693,True,0.5385929346084595,True
71,p0n84,5,2.0,0.25,144.0,2.0,A#3,58,2,0,0.9023873209953308,True,0.7753840088844299,True,0.38544097542762756,False
72,p0n85,5,2.25,0.25,146.0,2.0,B#4,72,1,0,0.638350784778595,True,0.29859787225723267,False,0.27652260661125183,False
73,p0n86,5,2.25,0.25,146.0,2.0,G#3,56,2,0,0.14987008273601532,False,0.1300843209028244,False,0.2907969653606415,False
74,p0n87,5,2.5,0.25,148.0,2.0,A#4,70,1,0,0.8345876336097717,True,0.7059141397476196,True,0.37378397583961487,False
75,p0n88,5,2.5,0.25,148.0,2.0,F#3,54,2,0,0.8803818225860596,True,0.7777937054634094,True,0.22174222767353058,False
76,p0n89,5,2.75,0.25,150.0,2.0,B#4,72,1,0,0.6483872532844543,True,0.29110124707221985,False,0.2749585211277008,False
77,p0n90,5,2.75,0.25,150.0,2.0,G#3,56,2,0,0.1287865787744522,False,0.1292646825313568,False,0.28983190655708313,False
78,p0n91,5,3.0,2.0,152.0,16.0,E#5,77,1,0,0.4619017541408539,False,0.3604249954223633,False,0.35895103216171265,False
79,p0n92,5,3.0,0.25,152.0,2.0,C#5,73,1,0,0.6776882410049438,True,0.22806791961193085,False,0.29336851835250854,False
80,p0n93,5,3.0,0.5,152.0,4.0,E#4,65,2,0,0.48134371638298035,False,0.2112700641155243,False,0.3087364733219147,False
81,p0n94,5,3.25,0.25,154.0,2.0,B#4,72,1,0,0.7277539968490601,True,0.2882494330406189,False,0.2843638062477112,False
82,p0n95,5,3.5,0.25,156.0,2.0,A#4,70,1,0,0.8308839797973633,True,0.8559897541999817,True,0.5881665945053101,True
83,p0n96,5,3.5,0.5,156.0,4.0,C#4,61,2,0,0.884955108165741,True,0.4095926284790039,False,0.3637199103832245,False
84,p0n97,5,3.75,0.25,158.0,2.0,G#4,68,1,0,0.12043989449739456,False,0.11603443324565887,False,0.2893044948577881,False
85,p0n99,6,0.0,1.25,160.0,10.0,A#4,70,1,0,0.9201045632362366,True,0.9346306324005127,True,0.7015492916107178,True
86,p0n100,6,0.0,0.5,160.0,4.0,G#3,56,2,0,0.20694534480571747,False,0.26627057790756226,False,0.3394260108470917,False
87,p0n101,6,0.5,0.25,164.0,2.0,F#3,54,2,0,0.755414605140686,True,0.8704070448875427,True,0.3279782235622406,False
88,p0n102,6,0.75,0.25,166.0,2.0,E#3,53,2,0,0.02323337458074093,False,0.11300946027040482,False,0.2839292883872986,False
89,p0n103,6,1.0,1.5,168.0,12.0,D#5,75,1,0,0.675347626209259,True,0.5363893508911133,True,0.3755964934825897,False
90,p0n105,6,1.0,0.5,168.0,4.0,F#3,54,2,0,0.8334345817565918,True,0.9697555899620056,True,0.5689904689788818,True
91,p0n106,6,1.25,0.25,170.0,2.0,G#4,68,1,0,0.09484348446130753,False,0.11745859682559967,False,0.28905248641967773,False
92,p0n107,6,1.5,0.25,172.0,2.0,F#4,66,1,0,0.2978854179382324,False,0.16463924944400787,False,0.30903688073158264,False
93,p0n108,6,1.5,0.5,172.0,4.0,D#4,63,2,0,0.9476745128631592,True,0.8828944563865662,True,0.8017353415489197,True
94,p0n109,6,1.75,0.25,174.0,2.0,A#4,70,1,0,0.9757868051528931,True,0.6616330146789551,True,0.5491726398468018,True
95,p0n111,6,2.0,0.25,176.0,2.0,G#4,68,1,0,0.7936133146286011,True,0.9702479839324951,True,0.7593802809715271,True
96,p0n112,6,2.0,0.5,176.0,4.0,E#3,53,2,0,0.18748992681503296,False,0.26762545108795166,False,0.3207189440727234,False
97,p0n113,6,2.25,0.25,178.0,2.0,F#4,66,1,0,0.5010775923728943,True,0.7979927062988281,True,0.18689100444316864,False
98,p0n114,6,2.5,0.5,180.0,4.0,C#5,73,1,0,0.10687237977981567,False,0.1415238231420517,False,0.2873629629611969,False
99,p0n115,6,2.5,0.25,180.0,2.0,E#4,65,1,0,0.07462817430496216,False,0.11472339928150177,False,0.29603880643844604,False
100,p0n116,6,2.5,0.5,180.0,4.0,C#4,61,2,0,0.5674014091491699,True,0.2739540636539459,False,0.3070429563522339,False
101,p0n117,6,2.75,0.25,182.0,2.0,G#4,68,1,0,0.7929375171661377,True,0.7189939022064209,True,0.5758876204490662,True
102,p0n118,6,3.0,0.5,184.0,4.0,B#4,72,1,0,0.5405335426330566,True,0.6786903738975525,True,0.35523471236228943,False
103,p0n119,6,3.0,0.25,184.0,2.0,F#4,66,1,0,0.7834987640380859,True,0.885179340839386,True,0.29943475127220154,False
104,p0n120,6,3.0,0.5,184.0,4.0,D#3,51,2,0,0.4953781068325043,False,0.29853907227516174,False,0.30614909529685974,False
105,p0n121,6,3.25,0.25,186.0,2.0,E#4,65,1,0,0.08839055895805359,False,0.1142820492386818,False,0.2852700650691986,False
106,p0n122,6,3.5,1.0,188.0,8.0,D#5,75,1,0,0.7684695720672607,True,0.578778862953186,True,0.4230349659919739,False
107,p0n123,6,3.5,0.25,188.0,2.0,F#4,66,1,0,0.743487536907196,True,0.626880407333374,True,0.24382947385311127,False
108,p0n124,6,3.5,0.5,188.0,4.0,B#3,60,2,0,0.9939794540405273,True,0.3667340874671936,False,0.3065410852432251,False
109,p0n125,6,3.75,0.25,190.0,2.0,D#4,63,1,0,0.7290090918540955,True,0.5607971549034119,True,0.36536169052124023,False
110,p0n127,7,0.0,1.0,192.0,8.0,E#4,65,1,0,0.26356005668640137,False,0.25444868206977844,False,0.33522385358810425,False
111,p0n128,7,0.0,0.5,192.0,4.0,C#3,49,2,0,0.059025075286626816,False,0.21973249316215515,False,0.3060358762741089,False
112,p0n129,7,0.5,0.5,196.0,4.0,G#4,68,1,0,0.5370081067085266,True,0.21138660609722137,False,0.3127751350402832,False
113,p0n130,7,0.5,0.25,196.0,2.0,C#4,61,2,0,0.34682929515838623,False,0.2024552822113037,False,0.3044779300689697,False
114,p0n131,7,0.75,0.25,198.0,2.0,B#3,60,2,0,0.9729081988334656,True,0.2054254710674286,False,0.26014813780784607,False
115,p0n132,7,1.0,1.5,200.0,12.0,E#5,77,1,0,0.3332193195819855,False,0.25997793674468994,False,0.3158329725265503,False
116,p0n133,7,1.0,0.25,200.0,2.0,C#4,61,2,0,0.6280782222747803,True,0.3472360074520111,False,0.3049173653125763,False
117,p0n135,7,1.25,0.25,202.0,2.0,D#4,63,2,0,0.7488884329795837,True,0.7393566370010376,True,0.3608900308609009,False
118,p0n136,7,1.5,0.5,204.0,4.0,G#4,68,1,0,0.9115065932273865,True,0.7052861452102661,True,0.5525228977203369,True
119,p0n137,7,1.5,0.25,204.0,2.0,E#4,65,2,0,0.1626235842704773,False,0.11165378987789154,False,0.29651159048080444,False
120,p0n138,7,1.75,0.25,206.0,2.0,C#4,61,2,0,0.4107106924057007,False,0.16118165850639343,False,0.28196316957473755,False
121,p0n139,7,2.0,1.5,208.0,12.0,C#5,73,1,0,0.572845995426178,True,0.7558950185775757,True,0.4902685582637787,False
122,p0n140,7,2.0,0.25,208.0,2.0,A#3,58,2,0,0.8624319434165955,True,0.8808729648590088,True,0.698397159576416,True
123,p0n141,7,2.25,0.25,210.0,2.0,B#3,60,2,0,0.9888091683387756,True,0.36822885274887085,False,0.25380197167396545,False
124,p0n142,7,2.5,0.25,212.0,2.0,E#5,77,1,0,0.17965272068977356,False,0.13631102442741394,False,0.29880690574645996,False
125,p0n143,7,2.5,0.25,212.0,2.0,C#4,61,2,0,0.14787589013576508,False,0.13899511098861694,False,0.28801342844963074,False
126,p0n144,7,2.75,0.25,214.0,2.0,C#5,73,1,0,0.29019895195961,False,0.17121319472789764,False,0.2798231244087219,False
127,p0n145,7,2.75,0.25,214.0,2.0,A#3,58,2,0,0.8947255611419678,True,0.45841172337532043,False,0.34842488169670105,False
128,p0n146,7,3.0,1.5,216.0,12.0,A#4,70,1,0,0.2569337487220764,False,0.2853292226791382,False,0.32521215081214905,False
129,p0n147,7,3.0,0.25,216.0,2.0,F##3,55,2,0,0.2644437253475189,False,0.26042208075523376,False,0.32554638385772705,False
130,p0n148,7,3.25,0.25,218.0,2.0,G#3,56,2,0,0.5703164339065552,True,0.464013934135437,False,0.35739806294441223,False
131,p0n149,7,3.5,0.25,220.0,2.0,C#5,73,1,0,0.342159628868103,False,0.20886088907718658,False,0.30264440178871155,False
132,p0n150,7,3.5,0.25,220.0,2.0,A#3,58,2,0,0.895451545715332,True,0.6714047193527222,True,0.47672513127326965,False
133,p0n151,7,3.75,0.25,222.0,2.0,A#4,70,1,0,0.20620740950107574,False,0.16908381879329681,False,0.2905285656452179,False
134,p0n152,7,3.75,0.25,222.0,2.0,F##3,55,2,0,0.2858700752258301,False,0.17481304705142975,False,0.3026329576969147,False
135,p0n154,8,0.0,1.0,224.0,8.0,D#4,63,1,0,0.7231656908988953,True,0.536067008972168,True,0.4816226065158844,False
136,p0n155,8,0.0,0.5,224.0,4.0,B#2,48,2,0,0.3300105929374695,False,0.4145892858505249,False,0.37505191564559937,False
137,p0n156,8,0.5,0.5,228.0,4.0,A#4,70,1,0,0.35682857036590576,False,0.3312211334705353,False,0.3586445748806,False
138,p0n157,8,0.5,0.25,228.0,2.0,B#3,60,2,0,0.9342616200447083,True,0.484352707862854,False,0.31041598320007324,False
139,p0n158,8,0.75,0.25,230.0,2.0,A#3,58,2,0,0.8763653039932251,True,0.4962265193462372,False,0.36758774518966675,False
140,p0n159,8,1.0,1.5,232.0,12.0,D#5,75,1,0,0.47336825728416443,False,0.4929180145263672,False,0.38636377453804016,False
141,p0n160,8,1.0,0.25,232.0,2.0,B#3,60,2,0,0.9547081589698792,True,0.46289730072021484,False,0.354326993227005,False
142,p0n162,8,1.25,0.25,234.0,2.0,C#4,61,2,0,0.23712636530399323,False,0.18994855880737305,False,0.28620776534080505,False
143,p0n163,8,1.5,0.5,236.0,4.0,F##4,67,1,0,0.5829638242721558,True,0.40408000349998474,False,0.3268134891986847,False
144,p0n164,8,1.5,0.25,236.0,2.0,D#4,63,2,0,0.8026016354560852,True,0.2937411963939667,False,0.3056364357471466,False
145,p0n165,8,1.75,0.25,238.0,2.0,B#3,60,2,0,0.7509628534317017,True,0.06267762184143066,False,0.26571598649024963,False
146,p0n166,8,2.0,1.5,240.0,12.0,B#4,72,1,0,0.7397933006286621,True,0.5866860151290894,True,0.4088437557220459,False
147,p0n167,8,2.0,0.25,240.0,2.0,G#3,56,2,0,0.6315783858299255,True,0.4009239077568054,False,0.3652264177799225,False
148,p0n168,8,2.25,0.25,242.0,2.0,A#3,58,2,0,0.88780277967453,True,0.32350555062294006,False,0.31775060296058655,False
149,p0n169,8,2.5,0.25,244.0,2.0,D#5,75,1,0,0.42377835512161255,False,0.23211291432380676,False,0.3045370280742645,False
150,p0n170,8,2.5,0.25,244.0,2.0,B#3,60,2,0,0.35168763995170593,False,0.14727094769477844,False,0.2891656160354614,False
151,p0n171,8,2.75,0.25,246.0,2.0,B#4,72,1,0,0.7381446361541748,True,0.33291128277778625,False,0.2708279490470886,False
152,p0n172,8,2.75,0.25,246.0,2.0,G#3,56,2,0,0.5854187607765198,True,0.22514685988426208,False,0.27731698751449585,False
153,p0n173,8,3.0,1.5,248.0,12.0,G#4,68,1,0,0.09818580001592636,False,0.14150270819664001,False,0.29236677289009094,False
154,p0n174,8,3.0,0.25,248.0,2.0,E#3,53,2,0,0.4917362332344055,False,0.2683144211769104,False,0.3221248388290405,False
155,p0n175,8,3.25,0.25,250.0,2.0,F##3,55,2,0,0.1534862071275711,False,0.15692873299121857,False,0.29748111963272095,False
156,p0n176,8,3.5,0.25,252.0,2.0,B#4,72,1,0,0.8138595223426819,True,0.2657615840435028,False,0.30122193694114685,False
157,p0n177,8,3.5,0.25,252.0,2.0,G#3,56,2,0,0.8201035261154175,True,0.3315533995628357,False,0.335448682308197,False
158,p0n178,8,3.75,0.25,254.0,2.0,G#4,68,1,0,0.09282397478818893,False,0.10898265987634659,False,0.28740039467811584,False
159,p0n179,8,3.75,0.25,254.0,2.0,E#3,53,2,0,0.0771707072854042,False,0.11749538034200668,False,0.2844489514827728,False
160,p0n181,9,0.0,1.0,256.0,8.0,C#4,61,1,0,0.7783823609352112,True,0.8928200006484985,True,0.39591068029403687,False
161,p0n182,9,0.0,0.5,256.0,4.0,A#2,46,2,0,0.6663193702697754,True,0.8758948445320129,True,0.6338404417037964,True
162,p0n183,9,0.5,0.5,260.0,4.0,G#4,68,1,0,0.21789374947547913,False,0.15502981841564178,False,0.30699121952056885,False
163,p0n184,9,0.5,0.25,260.0,2.0,A#3,58,2,0,0.6013888716697693,True,0.308030366897583,False,0.3345597982406616,False
164,p0n185,9,0.75,0.25,262.0,2.0,G#3,56,2,0,0.7314910888671875,True,0.19489668309688568,False,0.28685280680656433,False
165,p0n186,9,1.0,1.25,264.0,10.0,C#5,73,1,0,0.7286317348480225,True,0.6307212710380554,True,0.4718188941478729,False
166,p0n187,9,1.0,0.25,264.0,2.0,A#3,58,2,0,0.4161836802959442,False,0.310060977935791,False,0.33368557691574097,False
167,p0n189,9,1.25,0.25,266.0,2.0,B#3,60,2,0,0.8837482333183289,True,0.4593850374221802,False,0.3364197909832001,False
168,p0n190,9,1.5,0.5,268.0,4.0,E#4,65,1,0,0.236517533659935,False,0.18092453479766846,False,0.30811139941215515,False
169,p0n191,9,1.5,0.25,268.0,2.0,C#4,61,2,0,0.7853128910064697,True,0.43808603286743164,False,0.3515518605709076,False
170,p0n192,9,1.75,0.25,270.0,2.0,A#3,58,2,0,0.9449772238731384,True,0.4487435817718506,False,0.373869389295578,False
171,p0n194,9,2.0,1.25,272.0,10.0,A#4,70,1,0,0.8298923373222351,True,0.8528394103050232,True,0.7115445733070374,True
172,p0n195,9,2.0,0.25,272.0,2.0,F##3,55,2,0,0.7947878837585449,True,0.845942497253418,True,0.5938090682029724,True
173,p0n196,9,2.25,0.25,274.0,2.0,B#4,72,1,0,0.5066532492637634,True,0.20787599682807922,False,0.2798844277858734,False
174,p0n197,9,2.25,0.25,274.0,2.0,G#3,56,2,0,0.26085910201072693,False,0.14442867040634155,False,0.29125696420669556,False
175,p0n198,9,2.5,0.25,276.0,2.0,C#5,73,1,0,0.7719585299491882,True,0.3588985800743103,False,0.3653879165649414,False
176,p0n199,9,2.5,0.25,276.0,2.0,A#3,58,2,0,0.955491840839386,True,0.6299704313278198,True,0.5276448130607605,True
177,p0n200,9,2.75,0.25,278.0,2.0,A#4,70,1,0,0.5242632031440735,True,0.3697274327278137,False,0.32688969373703003,False
178,p0n201,9,2.75,0.25,278.0,2.0,F##3,55,2,0,0.733056366443634,True,0.4736115634441376,False,0.31295323371887207,False
179,p0n202,9,3.0,1.25,280.0,10.0,A#5,82,1,0,0.8481932878494263,True,0.9739557504653931,True,0.8609874844551086,True
180,p0n204,9,3.0,0.25,280.0,2.0,D#3,51,2,0,0.6089197397232056,True,0.4386945366859436,False,0.29265210032463074,False
181,p0n205,9,3.25,0.25,282.0,2.0,C#5,73,1,0,0.46331048011779785,False,0.1812630295753479,False,0.2852307856082916,False
182,p0n206,9,3.25,0.25,282.0,2.0,E#3,53,2,0,0.17109660804271698,False,0.16523924469947815,False,0.29186615347862244,False
183,p0n207,9,3.5,0.25,284.0,2.0,D#5,75,1,0,0.4727315306663513,False,0.33402571082115173,False,0.3426600992679596,False
184,p0n208,9,3.5,0.25,284.0,2.0,F##3,55,2,0,0.8535071611404419,True,0.46164700388908386,False,0.3748529255390167,False
185,p0n209,9,3.75,0.25,286.0,2.0,A#4,70,1,0,0.477766215801239,False,0.25739744305610657,False,0.3176533579826355,False
186,p0n210,9,3.75,0.25,286.0,2.0,D#3,51,2,0,0.48812320828437805,False,0.16865845024585724,False,0.27981340885162354,False
187,p0n212,10,0.0,1.0,288.0,8.0,B#4,72,1,0,0.4718852639198303,False,0.3549301028251648,False,0.3562713861465454,False
188,p0n213,10,0.0,0.5,288.0,4.0,G#2,44,2,0,0.8801175355911255,True,0.8716459274291992,True,0.7556140422821045,True
189,p0n214,10,0.25,0.25,290.0,2.0,G#5,80,1,0,0.5308395028114319,True,0.21720047295093536,False,0.2990206182003021,False
190,p0n215,10,0.5,0.25,292.0,2.0,F##5,79,1,0,0.9263131022453308,True,0.8117361664772034,True,0.6912863850593567,True
191,p0n216,10,0.5,0.25,292.0,2.0,G#3,56,2,0,0.7244732975959778,True,0.6271532773971558,True,0.4484725296497345,False
192,p0n217,10,0.75,0.25,294.0,2.0,A#5,82,1,0,0.8172106742858887,True,0.4870379865169525,False,0.43247854709625244,False
193,p0n218,10,0.75,0.25,294.0,2.0,A#3,58,2,0,0.4787641167640686,False,0.3239678740501404,False,0.32813185453414917,False
194,p0n219,10,1.0,0.25,296.0,2.0,G#5,80,1,0,0.2452409863471985,False,0.1845213919878006,False,0.30203136801719666,False
195,p0n220,10,1.0,0.5,296.0,4.0,B#3,60,2,0,0.4032440483570099,False,0.26616552472114563,False,0.302920401096344,False
196,p0n222,10,1.25,0.25,298.0,2.0,D#5,75,1,0,0.7637975811958313,True,0.6401687860488892,True,0.5108118057250977,True
197,p0n223,10,1.5,0.25,300.0,2.0,E#5,77,1,0,0.4200636148452759,False,0.17630234360694885,False,0.31126952171325684,False
198,p0n224,10,1.5,0.75,300.0,6.0,G#4,68,1,0,0.45330655574798584,False,0.16179902851581573,False,0.3137850761413574,False
199,p0n225,10,1.5,0.5,300.0,4.0,G#3,56,2,0,0.6593692302703857,True,0.7431708574295044,True,0.4645453095436096,False
200,p0n226,10,1.75,0.25,302.0,2.0,F#5,78,1,0,0.3323252201080322,False,0.1726190149784088,False,0.2978512942790985,False
201,p0n227,10,2.0,0.25,304.0,2.0,E#5,77,1,0,0.23557735979557037,False,0.2645181715488434,False,0.3218408524990082,False
202,p0n229,10,2.0,1.0,304.0,8.0,C#4,61,2,0,0.8297702670097351,True,0.7536466121673584,True,0.6883585453033447,True
203,p0n230,10,2.25,0.25,306.0,2.0,D#5,75,1,0,0.6382027864456177,True,0.37997370958328247,False,0.31888625025749207,False
204,p0n231,10,2.25,0.25,306.0,2.0,F##4,67,1,0,0.587634265422821,True,0.4778452515602112,False,0.35445839166641235,False
205,p0n232,10,2.5,0.25,308.0,2.0,C#5,73,1,0,0.2210659682750702,False,0.1557622253894806,False,0.28870177268981934,False
206,p0n233,10,2.5,0.25,308.0,2.0,E#4,65,1,0,0.1651623249053955,False,0.12181805819272995,False,0.29704657196998596,False
207,p0n234,10,2.75,0.25,310.0,2.0,D#5,75,1,0,0.2714480757713318,False,0.19005513191223145,False,0.2841351330280304,False
208,p0n235,10,2.75,0.25,310.0,2.0,F##4,67,1,0,0.7544867992401123,True,0.33573490381240845,False,0.29120585322380066,False
209,p0n236,10,3.0,0.5,312.0,4.0,B#5,84,1,0,0.9794426560401917,True,0.9905750751495361,True,0.6842436790466309,True
210,p0n237,10,3.0,0.25,312.0,2.0,G#4,68,1,0,0.7316516637802124,True,0.8365821838378906,True,0.6290577054023743,True
211,p0n238,10,3.0,1.0,312.0,8.0,B#3,60,2,0,0.8267817497253418,True,0.21078552305698395,False,0.28091856837272644,False
212,p0n239,10,3.25,0.25,314.0,2.0,F#4,66,1,0,0.18801796436309814,False,0.157789409160614,False,0.2942640483379364,False
213,p0n240,10,3.5,0.5,316.0,4.0,G#5,80,1,0,0.9411748051643372,True,0.9085983633995056,True,0.8740102648735046,True
214,p0n241,10,3.5,0.25,316.0,2.0,E#4,65,1,0,0.08369363844394684,False,0.12128491699695587,False,0.2965029180049896,False
215,p0n242,10,3.75,0.25,318.0,2.0,D#4,63,1,0,0.053567249327898026,False,0.1220610961318016,False,0.27464234828948975,False
216,p0n243,11,0.0,0.5,320.0,4.0,D#5,75,1,0,0.6548786759376526,True,0.799138069152832,True,0.8124956488609314,True
217,p0n244,11,0.0,1.25,320.0,10.0,E#4,65,1,0,0.34379836916923523,False,0.2827599346637726,False,0.3461204171180725,False
218,p0n245,11,0.0,0.5,320.0,4.0,A#3,58,2,0,0.7917901277542114,True,0.9250283241271973,True,0.776163637638092,True
219,p0n246,11,0.5,0.25,324.0,2.0,C#5,73,1,0,0.06086957827210426,False,0.12813805043697357,False,0.28444862365722656,False
220,p0n247,11,0.5,0.5,324.0,4.0,G#3,56,2,0,0.8057317137718201,True,0.5861790776252747,True,0.6691015958786011,True
221,p0n248,11,0.75,0.25,326.0,2.0,B#4,72,1,0,0.3307453691959381,False,0.22860261797904968,False,0.29352670907974243,False
222,p0n249,11,1.0,0.5,328.0,4.0,C#5,73,1,0,0.11625836044549942,False,0.15780788660049438,False,0.2776678502559662,False
223,p0n251,11,1.0,1.0,328.0,8.0,F##3,55,2,0,0.926017165184021,True,0.9033864140510559,True,0.844835638999939,True
224,p0n252,11,1.25,0.25,330.0,2.0,D#4,63,1,0,0.1939084827899933,False,0.1239226832985878,False,0.2761653661727905,False
225,p0n253,11,1.5,0.5,332.0,4.0,A#5,82,1,0,0.873160719871521,True,0.5561546087265015,True,0.6643104553222656,True
226,p0n254,11,1.5,0.25,332.0,2.0,C#4,61,1,0,0.19006119668483734,False,0.15689314901828766,False,0.2913425862789154,False
227,p0n255,11,1.75,0.25,334.0,2.0,E#4,65,1,0,0.35822418332099915,False,0.09170932322740555,False,0.28368252515792847,False
228,p0n256,11,2.0,0.5,336.0,4.0,B#4,72,1,0,0.17825420200824738,False,0.2814769744873047,False,0.3110164403915405,False
229,p0n257,11,2.0,0.25,336.0,2.0,D#4,63,1,0,0.5211390256881714,True,0.3823913037776947,False,0.3169719874858856,False
230,p0n258,11,2.0,1.0,336.0,8.0,G#3,56,2,0,0.9259589910507202,True,0.957091212272644,True,0.7297244071960449,True
231,p0n259,11,2.25,0.25,338.0,2.0,C#4,61,1,0,0.09280554205179214,False,0.13638631999492645,False,0.27466288208961487,False
232,p0n260,11,2.5,0.5,340.0,4.0,G#5,80,1,0,0.9884679913520813,True,0.7852537035942078,True,0.5809618234634399,True
233,p0n261,11,2.5,0.25,340.0,2.0,B#3,60,1,0,0.4531145393848419,False,0.14731352031230927,False,0.28944626450538635,False
234,p0n262,11,2.75,0.25,342.0,2.0,D#4,63,1,0,0.7589889168739319,True,0.10396403819322586,False,0.26233920454978943,False
235,p0n263,11,3.0,0.5,344.0,4.0,A#4,70,1,0,0.6053292751312256,True,0.508952796459198,True,0.6103057861328125,True
236,p0n264,11,3.0,0.25,344.0,2.0,C#4,61,1,0,0.10389447957277298,False,0.16489550471305847,False,0.27852609753608704,False
237,p0n265,11,3.0,1.0,344.0,8.0,D#3,51,2,0,0.5954782962799072,True,0.8446764945983887,True,0.34036365151405334,False
238,p0n266,11,3.25,0.25,346.0,2.0,B#3,60,1,0,0.15078508853912354,False,0.13536643981933594,False,0.2754289507865906,False
239,p0n267,11,3.5,0.5,348.0,4.0,F##5,79,1,0,0.9746607542037964,True,0.9364529848098755,True,0.7044574022293091,True
240,p0n268,11,3.5,0.25,348.0,2.0,C#4,61,1,0,0.36513596773147583,False,0.22291667759418488,False,0.3062603175640106,False
241,p0n269,11,3.75,0.25,350.0,2.0,A#3,58,2,0,0.2104189246892929,False,0.1725805550813675,False,0.29120203852653503,False
242,p0n270,12,0.0,0.25,352.0,2.0,G#4,68,1,0,0.9423685073852539,True,0.8548907041549683,True,0.4889947474002838,False
243,p0n271,12,0.0,0.5,352.0,4.0,B#3,60,2,0,0.9656359553337097,True,0.4281540513038635,False,0.41202110052108765,False
244,p0n272,12,0.0,1.0,352.0,8.0,G#3,56,2,0,0.6707053184509277,True,0.9060239195823669,True,0.8519001603126526,True
245,p0n273,12,0.25,0.25,354.0,2.0,A#4,70,1,0,0.4210212230682373,False,0.146783709526062,False,0.2893817722797394,False
246,p0n274,12,0.5,0.25,356.0,2.0,B#4,72,1,0,0.2553058862686157,False,0.17164012789726257,False,0.2929539680480957,False
247,p0n275,12,0.5,0.5,356.0,4.0,D#4,63,1,0,0.9450587630271912,True,0.6349002122879028,True,0.5081769227981567,True
248,p0n276,12,0.75,0.25,358.0,2.0,C#5,73,1,0,0.3572387397289276,False,0.1511223316192627,False,0.27766627073287964,False
249,p0n277,12,1.0,0.25,360.0,2.0,B#4,72,1,0,0.6168005466461182,True,0.239315465092659,False,0.3011135756969452,False
250,p0n278,12,1.0,1.0,360.0,8.0,G#4,68,1,0,0.7632066011428833,True,0.2928833067417145,False,0.2702355980873108,False
251,p0n280,12,1.25,0.25,362.0,2.0,A#4,70,1,0,0.6826027631759644,True,0.9104511141777039,True,0.5086840391159058,True
252,p0n281,12,1.5,0.25,364.0,2.0,G#4,68,1,0,0.4231313467025757,False,0.12052170932292938,False,0.30160826444625854,False
253,p0n282,12,1.5,0.25,364.0,2.0,D#4,63,2,0,0.9527706503868103,True,0.9279583692550659,True,0.6066676378250122,True
254,p0n283,12,1.75,0.25,366.0,2.0,B#4,72,1,0,0.7392362356185913,True,0.47645261883735657,False,0.29206234216690063,False
255,p0n284,12,1.75,0.25,366.0,2.0,B#3,60,2,0,0.7405910491943359,True,0.24054868519306183,False,0.2551601231098175,False
256,p0n285,12,2.0,0.25,368.0,2.0,E#5,77,1,0,0.3708093464374542,False,0.29631614685058594,False,0.3349447250366211,False
257,p0n286,12,2.0,1.0,368.0,8.0,G#3,56,2,0,0.8287692070007324,True,0.8944203853607178,True,0.958979070186615,True
258,p0n288,12,2.25,0.25,370.0,2.0,D#5,75,1,0,0.19148875772953033,False,0.1421697735786438,False,0.27761098742485046,False
259,p0n289,12,2.5,0.25,372.0,2.0,C##5,74,1,0,0.2368178367614746,False,0.12750251591205597,False,0.2945909798145294,False
260,p0n290,12,2.5,0.25,372.0,2.0,B3,59,2,0,0.8476329445838928,True,0.9626336097717285,True,0.9113104343414307,True
261,p0n291,12,2.75,0.25,374.0,2.0,E#5,77,1,0,0.35170120000839233,False,0.13280776143074036,False,0.2862316966056824,False
262,p0n292,12,2.75,0.25,374.0,2.0,G#3,56,2,0,0.7559385895729065,True,0.5930395722389221,True,0.8731904625892639,True
263,p0n293,12,3.0,0.25,376.0,2.0,G#5,80,1,0,0.8408624529838562,True,0.5911799073219299,True,0.4987926483154297,False
264,p0n294,12,3.0,1.0,376.0,8.0,E#3,53,2,0,0.23487769067287445,False,0.24808822572231293,False,0.31244534254074097,False
265,p0n296,12,3.25,0.25,378.0,2.0,F#5,78,1,0,0.8617640733718872,True,0.9349051117897034,True,0.5653868913650513,True
266,p0n297,12,3.5,0.25,380.0,2.0,E#5,77,1,0,0.33387839794158936,False,0.16923370957374573,False,0.3067440390586853,False
267,p0n298,12,3.5,0.25,380.0,2.0,G#3,56,2,0,0.8451001048088074,True,0.7778021693229675,True,0.9006761908531189,True
268,p0n299,12,3.75,0.25,382.0,2.0,G#5,80,1,0,0.7766430974006653,True,0.30420640110969543,False,0.31320562958717346,False
269,p0n300,12,3.75,0.25,382.0,2.0,E#3,53,2,0,0.35078164935112,False,0.2011820673942566,False,0.29634907841682434,False
270,p0n301,13,0.0,0.5,384.0,4.0,B5,83,1,0,0.9798706769943237,True,0.9911733269691467,True,0.6772329211235046,True
271,p0n302,13,0.0,1.0,384.0,8.0,C##3,50,2,0,0.060488730669021606,False,0.1692061871290207,False,0.30130836367607117,False
272,p0n304,13,0.5,0.25,388.0,2.0,A#5,82,1,0,0.4826478064060211,False,0.4145609736442566,False,0.3915475904941559,False
273,p0n305,13,0.5,0.25,388.0,2.0,E#3,53,2,0,0.18345008790493011,False,0.16007864475250244,False,0.30165380239486694,False
274,p0n306,13,0.75,0.25,390.0,2.0,G#5,80,1,0,0.457722008228302,False,0.23606620728969574,False,0.31590190529823303,False
275,p0n307,13,0.75,0.25,390.0,2.0,G#3,56,2,0,0.7913290858268738,True,0.5839205384254456,True,0.8919796943664551,True
276,p0n308,13,1.0,0.25,392.0,2.0,F#5,78,1,0,0.8248110413551331,True,0.8747116327285767,True,0.5517184138298035,True
277,p0n309,13,1.0,1.0,392.0,8.0,B3,59,2,0,0.8389336466789246,True,0.9937253594398499,True,0.8984675407409668,True
278,p0n311,13,1.25,0.25,394.0,2.0,E#5,77,1,0,0.4604932367801666,False,0.16109076142311096,False,0.29100003838539124,False
279,p0n312,13,1.5,0.25,396.0,2.0,D#5,75,1,0,0.29828760027885437,False,0.22355709969997406,False,0.3080406188964844,False
280,p0n313,13,1.5,0.5,396.0,4.0,E#3,53,2,0,0.3515566885471344,False,0.20455780625343323,False,0.3135867416858673,False
281,p0n314,13,1.75,0.25,398.0,2.0,C##5,74,1,0,0.14729590713977814,False,0.09969714283943176,False,0.27925294637680054,False
282,p0n315,13,2.0,0.25,400.0,2.0,D#5,75,1,0,0.36527276039123535,False,0.4742700457572937,False,0.38916316628456116,False
283,p0n316,13,2.0,0.5,400.0,4.0,A#3,58,2,0,0.7718878984451294,True,0.8725077509880066,True,0.6508438587188721,True
284,p0n317,13,2.0,0.5,400.0,4.0,F#3,54,2,0,0.6819405555725098,True,0.7297149896621704,True,0.1868593692779541,False
285,p0n318,13,2.25,0.25,402.0,2.0,F#5,78,1,0,0.8071737289428711,True,0.8420053720474243,True,0.4509003460407257,False
286,p0n319,13,2.5,0.25,404.0,2.0,E#5,77,1,0,0.2086857557296753,False,0.15099561214447021,False,0.301818311214447,False
287,p0n320,13,2.5,0.5,404.0,4.0,B3,59,2,0,0.8482584953308105,True,0.9747997522354126,True,0.8408021926879883,True
288,p0n321,13,2.5,0.5,404.0,4.0,G#3,56,2,0,0.7757652997970581,True,0.6009659171104431,True,0.4632735848426819,False
289,p0n322,13,2.75,0.25,406.0,2.0,D#5,75,1,0,0.40561607480049133,False,0.21213299036026,False,0.28675711154937744,False
290,p0n323,13,3.0,0.25,408.0,2.0,C##5,74,1,0,0.37778231501579285,False,0.1663558930158615,False,0.29158318042755127,False
291,p0n324,13,3.0,0.5,408.0,4.0,A#3,58,2,0,0.5252305269241333,True,0.3824009895324707,False,0.3206796646118164,False
292,p0n325,13,3.0,0.5,408.0,4.0,A#3,58,2,0,0.5195913910865784,True,0.36687764525413513,False,0.32963475584983826,False
293,p0n326,13,3.25,0.25,410.0,2.0,E#5,77,1,0,0.44840574264526367,False,0.19173578917980194,False,0.29855427145957947,False
294,p0n327,13,3.5,0.25,412.0,2.0,A#4,70,1,0,0.932569146156311,True,0.8841435313224792,True,0.8947781920433044,True
295,p0n328,13,3.5,0.5,412.0,4.0,C##3,50,2,0,0.06320206075906754,False,0.10635603219270706,False,0.2882119417190552,False
296,p0n329,13,3.5,0.5,412.0,4.0,A#2,46,2,0,0.610715925693512,True,0.3913220167160034,False,0.36145296692848206,False
297,p0n330,13,3.75,0.25,414.0,2.0,G#4,68,1,0,0.3412526547908783,False,0.16977395117282867,False,0.2994302213191986,False
298,p0n331,14,0.0,0.25,416.0,2.0,F#4,66,1,0,0.9480658769607544,True,0.9895422458648682,True,0.9320821762084961,True
299,p0n332,14,0.0,1.0,416.0,8.0,D#3,51,2,0,0.9139612913131714,True,0.6268137097358704,True,0.43992140889167786,False
300,p0n333,14,0.0,1.0,416.0,8.0,D#2,39,2,0,0.9365295171737671,True,0.9667966365814209,True,0.8089024424552917,True
301,p0n334,14,0.25,0.25,418.0,2.0,E#4,65,1,0,0.0340777225792408,False,0.10891299694776535,False,0.2828938066959381,False
302,p0n335,14,0.5,0.25,420.0,2.0,D#4,63,1,0,0.9247385859489441,True,0.5504842400550842,True,0.5606129765510559,True
303,p0n336,14,0.75,0.25,422.0,2.0,C##4,62,1,0,0.24676991999149323,False,0.09779280424118042,False,0.27841365337371826,False
304,p0n337,14,1.0,0.25,424.0,2.0,D#4,63,1,0,0.9643266201019287,True,0.23227302730083466,False,0.34015944600105286,False
305,p0n340,14,1.25,0.25,426.0,2.0,E#4,65,1,0,0.02133999578654766,False,0.10816814005374908,False,0.28268370032310486,False
306,p0n341,14,1.5,0.25,428.0,2.0,F#4,66,1,0,0.8742653131484985,True,0.7672391533851624,True,0.6702246069908142,True
307,p0n342,14,1.5,0.5,428.0,4.0,D#3,51,2,0,0.880003809928894,True,0.1890326291322708,False,0.2664293944835663,False
308,p0n343,14,1.75,0.25,430.0,2.0,G#4,68,1,0,0.08840696513652802,False,0.11507120728492737,False,0.2872941493988037,False
309,p0n344,14,2.0,0.25,432.0,2.0,A#4,70,1,0,0.94777512550354,True,0.9681147933006287,True,0.9278620481491089,True
310,p0n345,14,2.0,0.25,432.0,2.0,F#3,54,2,0,0.8533828854560852,True,0.8249636292457581,True,0.37112608551979065,False
311,p0n347,14,2.25,0.25,434.0,2.0,G#4,68,1,0,0.2190246731042862,False,0.130953848361969,False,0.29032865166664124,False
312,p0n348,14,2.25,0.25,434.0,2.0,E#3,53,2,0,0.26815977692604065,False,0.12911176681518555,False,0.28707826137542725,False
313,p0n349,14,2.5,0.25,436.0,2.0,F#4,66,1,0,0.38694441318511963,False,0.22489498555660248,False,0.31983208656311035,False
314,p0n350,14,2.5,0.25,436.0,2.0,D#3,51,2,0,0.8422492742538452,True,0.328548401594162,False,0.2595456540584564,False
315,p0n351,14,2.75,0.25,438.0,2.0,G#4,68,1,0,0.3100275695323944,False,0.12437575310468674,False,0.2890335023403168,False
316,p0n352,14,2.75,0.25,438.0,2.0,E#3,53,2,0,0.16208040714263916,False,0.12197396159172058,False,0.28450700640678406,False
317,p0n353,14,3.0,0.25,440.0,2.0,A#4,70,1,0,0.9667413234710693,True,0.8107065558433533,True,0.8230839371681213,True
318,p0n354,14,3.0,0.5,440.0,4.0,C#4,61,2,0,0.8532098531723022,True,0.9141818881034851,True,0.29831546545028687,False
319,p0n355,14,3.25,0.25,442.0,2.0,G#4,68,1,0,0.24877029657363892,False,0.16505058109760284,False,0.29684388637542725,False
320,p0n356,14,3.5,0.25,444.0,2.0,F#4,66,1,0,0.3399191200733185,False,0.24775178730487823,False,0.3272273540496826,False
321,p0n357,14,3.5,0.5,444.0,4.0,A#3,58,2,0,0.722190797328949,True,0.4227987229824066,False,0.4038403332233429,False
322,p0n358,14,3.75,0.25,446.0,2.0,E#4,65,1,0,0.05300391837954521,False,0.11205267906188965,False,0.2832326889038086,False
323,p0n359,15,0.0,1.25,448.0,10.0,F#4,66,1,0,0.39307060837745667,False,0.4253578782081604,False,0.4086695611476898,False
324,p0n360,15,0.0,0.5,448.0,4.0,E#3,53,2,0,0.6226984858512878,True,0.9459003806114197,True,0.6794649958610535,True
325,p0n361,15,0.5,0.25,452.0,2.0,D#3,51,2,0,0.6308082938194275,True,0.15037675201892853,False,0.2642076015472412,False
326,p0n362,15,0.75,0.25,454.0,2.0,C#3,49,2,0,0.27729907631874084,False,0.19538286328315735,False,0.28394463658332825,False
327,p0n364,15,1.0,0.5,456.0,4.0,D#3,51,2,0,0.7954854965209961,True,0.5910470485687256,True,0.5482796430587769,True
328,p0n365,15,1.25,0.25,458.0,2.0,E#4,65,1,0,0.022006070241332054,False,0.10941269248723984,False,0.28268834948539734,False
329,p0n366,15,1.5,0.25,460.0,2.0,D#4,63,1,0,0.6742055416107178,True,0.4073287844657898,False,0.3652617931365967,False
330,p0n367,15,1.5,0.5,460.0,4.0,B#3,60,2,0,0.7255470156669617,True,0.5842064619064331,True,0.40179067850112915,False
331,p0n368,15,1.75,0.25,462.0,2.0,F#4,66,1,0,0.5634976625442505,True,0.5020684003829956,True,0.47554144263267517,False
332,p0n369,15,2.0,0.25,464.0,2.0,E#4,65,1,0,0.06413047760725021,False,0.1866975575685501,False,0.30066272616386414,False
333,p0n370,15,2.0,0.5,464.0,4.0,C#3,49,2,0,0.22102966904640198,False,0.3163772523403168,False,0.3180026412010193,False
334,p0n371,15,2.25,0.25,466.0,2.0,D#4,63,1,0,0.42901983857154846,False,0.16819186508655548,False,0.2825961112976074,False
335,p0n372,15,2.5,0.25,468.0,2.0,C#4,61,1,0,0.9178944230079651,True,0.4568970501422882,False,0.34121736884117126,False
336,p0n373,15,2.5,0.5,468.0,4.0,A#3,58,2,0,0.706709623336792,True,0.28298866748809814,False,0.3271332085132599,False
337,p0n374,15,2.75,0.25,470.0,2.0,E#4,65,1,0,0.11071958392858505,False,0.10931271314620972,False,0.2827897369861603,False
338,p0n375,15,3.0,0.25,472.0,2.0,D#4,63,1,0,0.7109237909317017,True,0.5465690493583679,True,0.22006836533546448,False
339,p0n376,15,3.0,0.5,472.0,4.0,B#2,48,2,0,0.8042177557945251,True,0.8666067719459534,True,0.3212968707084656,False
340,p0n377,15,3.25,0.25,474.0,2.0,C#4,61,1,0,0.6960645318031311,True,0.3633382320404053,False,0.30782827734947205,False
341,p0n378,15,3.5,0.25,476.0,2.0,D#4,63,1,0,0.9235780239105225,True,0.10790897160768509,False,0.2883107364177704,False
342,p0n379,15,3.5,0.5,476.0,4.0,G##3,57,2,0,0.5067653059959412,True,0.15498867630958557,False,0.3012748062610626,False
343,p0n380,15,3.75,0.25,478.0,2.0,B#3,60,1,0,0.5927392244338989,True,0.3226226270198822,False,0.25732430815696716,False
344,p0n381,16,0.0,0.25,480.0,2.0,C#4,61,1,0,0.9503217339515686,True,0.7863738536834717,True,0.4581257700920105,False
345,p0n382,16,0.0,0.5,480.0,4.0,A#2,46,2,0,0.6107292771339417,True,0.885164201259613,True,0.6786578297615051,True
346,p0n384,16,0.25,0.25,482.0,2.0,E#4,65,1,0,0.10246836394071579,False,0.1162625104188919,False,0.2842613160610199,False
347,p0n385,16,0.5,0.25,484.0,2.0,F#4,66,1,0,0.2184460312128067,False,0.17524413764476776,False,0.3076748549938202,False
348,p0n386,16,0.5,0.25,484.0,2.0,A#3,58,2,0,0.6830059289932251,True,0.28087326884269714,False,0.3375198543071747,False
349,p0n387,16,0.75,0.25,486.0,2.0,E#4,65,1,0,0.08713791519403458,False,0.1134587824344635,False,0.2832966148853302,False
350,p0n388,16,0.75,0.25,486.0,2.0,G##3,57,2,0,0.5183615684509277,True,0.10126380622386932,False,0.2857726216316223,False
351,p0n389,16,1.0,1.25,488.0,10.0,C#5,73,1,0,0.7496384978294373,True,0.6593815088272095,True,0.6844475269317627,True
352,p0n390,16,1.0,0.25,488.0,2.0,A#3,58,2,0,0.4453238546848297,False,0.27986979484558105,False,0.3246845304965973,False
353,p0n392,16,1.25,0.25,490.0,2.0,B#3,60,2,0,0.6177363991737366,True,0.6535356044769287,True,0.26851263642311096,False
354,p0n393,16,1.5,0.5,492.0,4.0,E#4,65,1,0,0.11341972649097443,False,0.1373012512922287,False,0.29790210723876953,False
355,p0n394,16,1.5,0.25,492.0,2.0,C#4,61,2,0,0.9331728219985962,True,0.1914425641298294,False,0.27304041385650635,False
356,p0n395,16,1.75,0.25,494.0,2.0,A#3,58,2,0,0.8457334041595459,True,0.4481009840965271,False,0.29651960730552673,False
357,p0n397,16,2.0,1.25,496.0,10.0,A#4,70,1,0,0.9863551259040833,True,0.9891969561576843,True,0.9559128880500793,True
358,p0n398,16,2.0,0.25,496.0,2.0,F##3,55,2,0,0.8988129496574402,True,0.9059047102928162,True,0.6813318133354187,True
359,p0n399,16,2.25,0.25,498.0,2.0,B#4,72,1,0,0.18681098520755768,False,0.1597767323255539,False,0.2793940305709839,False
360,p0n400,16,2.25,0.25,498.0,2.0,G#3,56,2,0,0.2879246473312378,False,0.11368808150291443,False,0.28660181164741516,False
361,p0n401,16,2.5,0.25,500.0,2.0,C#5,73,1,0,0.8536794185638428,True,0.6822458505630493,True,0.7366830110549927,True
362,p0n402,16,2.5,0.25,500.0,2.0,A#3,58,2,0,0.9270907044410706,True,0.6608648896217346,True,0.3892112672328949,False
363,p0n403,16,2.75,0.25,502.0,2.0,A#4,70,1,0,0.9025323987007141,True,0.7518782615661621,True,0.600799024105072,True
364,p0n404,16,2.75,0.25,502.0,2.0,F##3,55,2,0,0.7592816352844238,True,0.5346217155456543,True,0.46298763155937195,False
365,p0n405,16,3.0,1.25,504.0,10.0,A#5,82,1,0,0.8863174319267273,True,0.9750426411628723,True,0.7238073945045471,True
366,p0n407,16,3.0,0.25,504.0,2.0,D#3,51,2,0,0.8224315643310547,True,0.1081179603934288,False,0.2791244387626648,False
367,p0n408,16,3.25,0.25,506.0,2.0,C#5,73,1,0,0.4873453378677368,False,0.2410731017589569,False,0.2955118417739868,False
368,p0n409,16,3.25,0.25,506.0,2.0,E#3,53,2,0,0.6643747091293335,True,0.7523261308670044,True,0.6778285503387451,True
369,p0n410,16,3.5,0.25,508.0,2.0,D#5,75,1,0,0.4627642333507538,False,0.250070184469223,False,0.3122347891330719,False
370,p0n411,16,3.5,0.25,508.0,2.0,F##3,55,2,0,0.8112018704414368,True,0.620674192905426,True,0.5737011432647705,True
371,p0n412,16,3.75,0.25,510.0,2.0,A#4,70,1,0,0.776624858379364,True,0.6819849014282227,True,0.5394014120101929,True
372,p0n413,16,3.75,0.25,510.0,2.0,D#3,51,2,0,0.2050279676914215,False,0.10788660496473312,False,0.27238893508911133,False
373,p0n415,17,0.0,0.5,512.0,4.0,B#4,72,1,0,0.4859444200992584,False,0.5903892517089844,True,0.4776882529258728,False
374,p0n416,17,0.0,0.5,512.0,4.0,G#2,44,2,0,0.6709352135658264,True,0.6359851956367493,True,0.6276312470436096,True
375,p0n417,17,0.25,0.25,514.0,2.0,D#4,63,1,0,0.04272115230560303,False,0.11365349590778351,False,0.273178368806839,False
376,p0n418,17,0.5,0.25,516.0,2.0,E#4,65,1,0,0.3218734562397003,False,0.1411488801240921,False,0.29846587777137756,False
377,p0n419,17,0.5,0.25,516.0,2.0,G#3,56,2,0,0.46957531571388245,False,0.14305095374584198,False,0.30727145075798035,False
378,p0n421,17,0.75,0.25,518.0,2.0,D#4,63,1,0,0.012227104976773262,False,0.1067287027835846,False,0.2722957730293274,False
379,p0n422,17,0.75,0.25,518.0,2.0,F##3,55,2,0,0.6053869128227234,True,0.458726167678833,False,0.2863895893096924,False
380,p0n423,17,1.0,1.25,520.0,10.0,B#4,72,1,0,0.6902989745140076,True,0.7332724928855896,True,0.367075651884079,False
381,p0n424,17,1.0,0.25,520.0,2.0,G#3,56,2,0,0.5987739562988281,True,0.5383566617965698,True,0.2533010244369507,False
382,p0n426,17,1.25,0.25,522.0,2.0,A#3,58,2,0,0.7437450885772705,True,0.892516016960144,True,0.5060741901397705,True
383,p0n427,17,1.5,0.5,524.0,4.0,D#4,63,1,0,0.03259902074933052,False,0.12275535613298416,False,0.2847253084182739,False
384,p0n428,17,1.5,0.25,524.0,2.0,B#3,60,2,0,0.9108884930610657,True,0.3781609535217285,False,0.318013459444046,False
385,p0n429,17,1.75,0.25,526.0,2.0,G#3,56,2,0,0.6174033284187317,True,0.14112985134124756,False,0.27575650811195374,False
386,p0n431,17,2.0,1.25,528.0,10.0,G#4,68,1,0,0.9945963025093079,True,0.8718361854553223,True,0.4467335343360901,False
387,p0n432,17,2.0,0.25,528.0,2.0,E#3,53,2,0,0.9818426370620728,True,0.8418669104576111,True,0.7000780701637268,True
388,p0n433,17,2.25,0.25,530.0,2.0,A#4,70,1,0,0.1502293199300766,False,0.19192573428153992,False,0.29341235756874084,False
389,p0n434,17,2.25,0.25,530.0,2.0,F##3,55,2,0,0.26395562291145325,False,0.1955500841140747,False,0.3044731616973877,False
390,p0n435,17,2.5,0.25,532.0,2.0,B#4,72,1,0,0.8993271589279175,True,0.6232560873031616,True,0.3704584538936615,False
391,p0n436,17,2.5,0.25,532.0,2.0,G#3,56,2,0,0.7977354526519775,True,0.298747718334198,False,0.29848578572273254,False
392,p0n437,17,2.75,0.25,534.0,2.0,G#4,68,1,0,0.8811601996421814,True,0.29868584871292114,False,0.31160062551498413,False
393,p0n438,17,2.75,0.25,534.0,2.0,E#3,53,2,0,0.9753085374832153,True,0.673404335975647,True,0.4912393093109131,False
394,p0n439,17,3.0,1.25,536.0,10.0,G#5,80,1,0,0.6243494749069214,True,0.4662523865699768,False,0.3500012755393982,False
395,p0n441,17,3.0,0.25,536.0,2.0,C#3,49,2,0,0.8351337909698486,True,0.42031246423721313,False,0.3077930510044098,False
396,p0n442,17,3.25,0.25,538.0,2.0,B#4,72,1,0,0.5479663014411926,True,0.3885498344898224,False,0.2521337568759918,False
397,p0n443,17,3.25,0.25,538.0,2.0,D#3,51,2,0,0.5218690037727356,True,0.3058636784553528,False,0.2829885184764862,False
398,p0n444,17,3.5,0.25,540.0,2.0,C#5,73,1,0,0.8551048040390015,True,0.5274844169616699,True,0.42964279651641846,False
399,p0n445,17,3.5,0.25,540.0,2.0,E#3,53,2,0,0.9954547882080078,True,0.9146445989608765,True,0.7174961566925049,True
400,p0n446,17,3.75,0.25,542.0,2.0,G#4,68,1,0,0.7236261367797852,True,0.07023665308952332,False,0.28197047114372253,False
401,p0n447,17,3.75,0.25,542.0,2.0,C#3,49,2,0,0.9312595129013062,True,0.32614725828170776,False,0.27559104561805725,False
402,p0n449,18,0.0,0.5,544.0,4.0,A#4,70,1,0,0.7704084515571594,True,0.9784533977508545,True,0.9590775370597839,True
403,p0n450,18,0.0,0.5,544.0,4.0,F##2,43,2,0,0.5149735808372498,True,0.8534327149391174,True,0.40355777740478516,False
404,p0n451,18,0.25,0.25,546.0,2.0,C#4,61,1,0,0.7043278217315674,True,0.5954288840293884,True,0.15152259171009064,False
405,p0n452,18,0.5,0.25,548.0,2.0,D#4,63,1,0,0.1867472380399704,False,0.1529121994972229,False,0.2886385917663574,False
406,p0n453,18,0.5,0.25,548.0,2.0,F##3,55,2,0,0.8134121298789978,True,0.7653487324714661,True,0.6747626066207886,True
407,p0n455,18,0.75,0.25,550.0,2.0,C#4,61,1,0,0.8492663502693176,True,0.2888754904270172,False,0.2543705403804779,False
408,p0n456,18,0.75,0.25,550.0,2.0,E#3,53,2,0,0.9690077304840088,True,0.9032739996910095,True,0.7322890758514404,True
409,p0n457,18,1.0,1.25,552.0,10.0,A#4,70,1,0,0.9218683242797852,True,0.918949544429779,True,0.8893033266067505,True
410,p0n458,18,1.0,0.25,552.0,2.0,F##3,55,2,0,0.9000152349472046,True,0.7682166695594788,True,0.6473866701126099,True
411,p0n460,18,1.25,0.25,554.0,2.0,G#3,56,2,0,0.22007586061954498,False,0.13258621096611023,False,0.2894873321056366,False
412,p0n461,18,1.5,0.5,556.0,4.0,C#4,61,1,0,0.9117164015769958,True,0.2648772895336151,False,0.2741357386112213,False
413,p0n462,18,1.5,0.25,556.0,2.0,A#3,58,2,0,0.33164453506469727,False,0.28646236658096313,False,0.33246973156929016,False
414,p0n463,18,1.75,0.25,558.0,2.0,F##3,55,2,0,0.9171757698059082,True,0.3945396840572357,False,0.30096229910850525,False
415,p0n465,18,2.0,1.25,560.0,10.0,F##4,67,1,0,0.995274543762207,True,0.9804423451423645,True,0.9547715783119202,True
416,p0n466,18,2.0,0.25,560.0,2.0,D##3,52,2,0,0.9286898970603943,True,0.9944966435432434,True,0.970670223236084,True
417,p0n467,18,2.25,0.25,562.0,2.0,G#4,68,1,0,0.2254464030265808,False,0.1603507250547409,False,0.2953612208366394,False
418,p0n468,18,2.25,0.25,562.0,2.0,E#3,53,2,0,0.9758742451667786,True,0.8193774223327637,True,0.6744852066040039,True
419,p0n469,18,2.5,0.25,564.0,2.0,A#4,70,1,0,0.6478186845779419,True,0.6159948706626892,True,0.6460427045822144,True
420,p0n470,18,2.5,0.25,564.0,2.0,F##3,55,2,0,0.6645262241363525,True,0.8135493993759155,True,0.5699419975280762,True
421,p0n471,18,2.75,0.25,566.0,2.0,F##4,67,1,0,0.7600618004798889,True,0.10589776188135147,False,0.29037585854530334,False
422,p0n472,18,2.75,0.25,566.0,2.0,D##3,52,2,0,0.8986051678657532,True,0.8308584690093994,True,0.8351267576217651,True
423,p0n473,18,3.0,1.25,568.0,10.0,F##5,79,1,0,0.37514713406562805,False,0.39415544271469116,False,0.38494643568992615,False
424,p0n475,18,3.0,0.25,568.0,2.0,B#2,48,2,0,0.984711229801178,True,0.9587485790252686,True,0.7434432506561279,True
425,p0n476,18,3.25,0.25,570.0,2.0,A#4,70,1,0,0.5699765086174011,True,0.6746401786804199,True,0.47656571865081787,False
426,p0n477,18,3.25,0.25,570.0,2.0,C##3,50,2,0,0.29695889353752136,False,0.14363685250282288,False,0.28180989623069763,False
427,p0n478,18,3.5,0.25,572.0,2.0,B#4,72,1,0,0.2965814769268036,False,0.18582481145858765,False,0.2953959107398987,False
428,p0n479,18,3.5,0.25,572.0,2.0,D##3,52,2,0,0.9496241807937622,True,0.8646420836448669,True,0.867686927318573,True
429,p0n480,18,3.75,0.25,574.0,2.0,F##4,67,1,0,0.7433127164840698,True,0.2550647556781769,False,0.31916290521621704,False
430,p0n481,18,3.75,0.25,574.0,2.0,B#2,48,2,0,0.9834790229797363,True,0.4421588182449341,False,0.26838213205337524,False
431,p0n483,19,0.0,1.0,576.0,8.0,G#4,68,1,0,0.7342163324356079,True,0.5338372588157654,True,0.40028268098831177,False
432,p0n484,19,0.0,0.25,576.0,2.0,E#2,41,2,0,0.7505608201026917,True,0.9747419953346252,True,0.820968747138977,True
433,p0n485,19,0.25,0.25,578.0,2.0,D##5,76,1,0,0.5507165789604187,True,0.8694621324539185,True,0.6960538029670715,True
434,p0n486,19,0.25,0.25,578.0,2.0,F##2,43,2,0,0.23634280264377594,False,0.24240945279598236,False,0.3162296712398529,False
435,p0n487,19,0.5,0.25,580.0,2.0,E#5,77,1,0,0.6088838577270508,True,0.7715387344360352,True,0.6303769946098328,True
436,p0n488,19,0.5,0.25,580.0,2.0,G#2,44,2,0,0.7161424160003662,True,0.092691570520401,False,0.28856414556503296,False
437,p0n489,19,0.75,0.25,582.0,2.0,C#5,73,1,0,0.9303011298179626,True,0.7229984402656555,True,0.37584930658340454,False
438,p0n490,19,0.75,0.25,582.0,2.0,A#2,46,2,0,0.9349283576011658,True,0.38043710589408875,False,0.36608707904815674,False
439,p0n491,19,1.0,2.0,584.0,16.0,A#4,70,1,0,0.1500314325094223,False,0.22537031769752502,False,0.29998043179512024,False
440,p0n492,19,1.0,0.25,584.0,2.0,B#2,48,2,0,0.9484243988990784,True,0.5830973982810974,True,0.3790484070777893,False
441,p0n494,19,1.25,0.25,586.0,2.0,C##3,50,2,0,0.29746976494789124,False,0.13141585886478424,False,0.28007790446281433,False
442,p0n495,19,1.5,0.5,588.0,4.0,B#3,60,1,0,0.8266950845718384,True,0.43507513403892517,False,0.26521891355514526,False
443,p0n496,19,1.5,0.25,588.0,2.0,D##3,52,2,0,0.9822836518287659,True,0.982468843460083,True,0.8802090883255005,True
444,p0n497,19,1.75,0.25,590.0,2.0,B#2,48,2,0,0.9391539096832275,True,0.2062397301197052,False,0.2594611942768097,False
445,p0n498,19,2.0,0.25,592.0,2.0,C#4,61,1,0,0.9922704696655273,True,0.786007285118103,True,0.11944805830717087,False
446,p0n499,19,2.0,0.25,592.0,2.0,E#3,53,2,0,0.9516103267669678,True,0.7258570790290833,True,0.4672527313232422,False
447,p0n500,19,2.25,0.25,594.0,2.0,B#3,60,1,0,0.9604732394218445,True,0.5319077968597412,True,0.2483293116092682,False
448,p0n501,19,2.25,0.25,594.0,2.0,D#3,51,2,0,0.5269252061843872,True,0.2788126468658447,False,0.2936093509197235,False
449,p0n502,19,2.5,0.25,596.0,2.0,A#3,58,1,0,0.24854613840579987,False,0.2151961773633957,False,0.30828067660331726,False
450,p0n503,19,2.5,0.25,596.0,2.0,C#3,49,2,0,0.4746391475200653,False,0.16443541646003723,False,0.2917941212654114,False
451,p0n504,19,2.75,0.25,598.0,2.0,B#3,60,1,0,0.9567038416862488,True,0.6189806461334229,True,0.26702558994293213,False
452,p0n505,19,2.75,0.25,598.0,2.0,D#3,51,2,0,0.4054853916168213,False,0.20196281373500824,False,0.2837742865085602,False
453,p0n506,19,3.0,2.0,600.0,16.0,G#4,68,1,0,0.9655017852783203,True,0.4051360785961151,False,0.35003119707107544,False
454,p0n507,19,3.0,0.5,600.0,4.0,G#4,68,1,0,0.9349641799926758,True,0.2307901680469513,False,0.3010302484035492,False
455,p0n508,19,3.0,0.25,600.0,2.0,E#3,53,2,0,0.9884982705116272,True,0.7740886211395264,True,0.5851870775222778,True
456,p0n509,19,3.25,0.25,602.0,2.0,D#3,51,2,0,0.4315871298313141,False,0.16357292234897614,False,0.2762131094932556,False
457,p0n510,19,3.5,0.5,604.0,4.0,E#4,65,1,0,0.8664389252662659,True,0.7386322617530823,True,0.668026328086853,True
458,p0n511,19,3.5,0.25,604.0,2.0,C#3,49,2,0,0.6181150674819946,True,0.2924312651157379,False,0.29849356412887573,False
459,p0n512,19,3.75,0.25,606.0,2.0,B#2,48,2,0,0.5937707424163818,True,0.3866253197193146,False,0.27328693866729736,False
460,p0n514,20,0.0,0.5,608.0,4.0,B#3,60,1,0,0.9827714562416077,True,0.8311216235160828,True,0.4774509072303772,False
461,p0n515,20,0.0,1.25,608.0,10.0,C#3,49,2,0,0.8972777128219604,True,0.6094791889190674,True,0.319355845451355,False
462,p0n516,20,0.5,0.25,612.0,2.0,A#3,58,2,0,0.14395804703235626,False,0.20333006978034973,False,0.3055136203765869,False
463,p0n517,20,0.75,0.25,614.0,2.0,G#3,56,2,0,0.07219979912042618,False,0.1225016638636589,False,0.2871958613395691,False
464,p0n518,20,1.0,1.5,616.0,12.0,F##4,67,1,0,0.7048070430755615,True,0.6067044138908386,True,0.610069215297699,True
465,p0n519,20,1.0,0.5,616.0,4.0,A#3,58,2,0,0.4369163513183594,False,0.49778056144714355,False,0.3897254765033722,False
466,p0n521,20,1.25,0.25,618.0,2.0,B#2,48,2,0,0.6482245922088623,True,0.6101247668266296,True,0.32358524203300476,False
467,p0n522,20,1.5,0.5,620.0,4.0,F##4,67,1,0,0.7059828639030457,True,0.12204115092754364,False,0.3106231391429901,False
468,p0n523,20,1.5,0.25,620.0,2.0,A#2,46,2,0,0.5482275485992432,True,0.3161562383174896,False,0.3717394173145294,False
469,p0n524,20,1.75,0.25,622.0,2.0,C#3,49,2,0,0.8833478093147278,True,0.23695281147956848,False,0.26718297600746155,False
470,p0n526,20,2.0,0.5,624.0,4.0,G#3,56,2,0,0.0905497744679451,False,0.19844213128089905,False,0.3066503405570984,False
471,p0n527,20,2.0,0.25,624.0,2.0,B#2,48,2,0,0.8333876729011536,True,0.8197058439254761,True,0.581592321395874,True
472,p0n528,20,2.25,0.25,626.0,2.0,A#2,46,2,0,0.3683071434497833,False,0.2577831447124481,False,0.3057265877723694,False
473,p0n529,20,2.5,0.5,628.0,4.0,E#4,65,1,0,0.8108762502670288,True,0.6722825169563293,True,0.6616166234016418,True
474,p0n530,20,2.5,0.5,628.0,4.0,E#4,65,1,0,0.7222071290016174,True,0.46535414457321167,False,0.41828587651252747,False
475,p0n531,20,2.5,0.25,628.0,2.0,G#2,44,2,0,0.6459290385246277,True,0.11631190031766891,False,0.2986721396446228,False
476,p0n532,20,2.75,0.25,630.0,2.0,B#2,48,2,0,0.739372968673706,True,0.38996219635009766,False,0.25146687030792236,False
477,p0n533,20,3.0,0.5,632.0,4.0,D##4,64,1,0,0.6699374914169312,True,0.9880139827728271,True,0.8151609897613525,True
478,p0n534,20,3.0,0.5,632.0,4.0,F##3,55,2,0,0.42735832929611206,False,0.4365532398223877,False,0.3910057544708252,False
479,p0n535,20,3.0,0.25,632.0,2.0,A#2,46,2,0,0.2284361869096756,False,0.24463395774364471,False,0.3003334701061249,False
480,p0n536,20,3.25,0.25,634.0,2.0,G#2,44,2,0,0.15777210891246796,False,0.13423825800418854,False,0.2890336811542511,False
481,p0n537,20,3.5,0.5,636.0,4.0,F##4,67,1,0,0.681685209274292,True,0.2927161157131195,False,0.35386377573013306,False
482,p0n538,20,3.5,0.5,636.0,4.0,D##4,64,1,0,0.6126058101654053,True,0.7998097538948059,True,0.6831647157669067,True
483,p0n539,20,3.5,0.25,636.0,2.0,A#2,46,2,0,0.4796600043773651,False,0.3159269392490387,False,0.33405038714408875,False
484,p0n540,20,3.75,0.25,638.0,2.0,F##2,43,2,0,0.634372889995575,True,0.718166708946228,True,0.3110834062099457,False
485,p0n541,21,0.0,0.25,640.0,2.0,B#4,72,1,0,0.9037391543388367,True,0.8513731956481934,True,0.7307417392730713,True
486,p0n542,21,0.0,1.5,640.0,12.0,E#3,53,2,0,0.8937968611717224,True,0.9574487805366516,True,0.8626164793968201,True
487,p0n543,21,0.0,0.5,640.0,4.0,G#2,44,2,0,0.22433900833129883,False,0.28045910596847534,False,0.3421517312526703,False
488,p0n544,21,0.25,0.25,642.0,2.0,A#4,70,1,0,0.15773281455039978,False,0.15300829708576202,False,0.2855299413204193,False
489,p0n545,21,0.5,0.25,644.0,2.0,G#4,68,1,0,0.8844258189201355,True,0.1859215348958969,False,0.3009365499019623,False
490,p0n546,21,0.5,0.5,644.0,4.0,C#3,49,2,0,0.9398563504219055,True,0.6823773384094238,True,0.2379147857427597,False
491,p0n547,21,0.75,0.25,646.0,2.0,B#4,72,1,0,0.9317732453346252,True,0.13103888928890228,False,0.2802402079105377,False
492,p0n548,21,1.0,0.25,648.0,2.0,A#4,70,1,0,0.3344835042953491,False,0.23914846777915955,False,0.30952250957489014,False
493,p0n549,21,1.0,0.5,648.0,4.0,F##2,43,2,0,0.3966529667377472,False,0.41226935386657715,False,0.3847523629665375,False
494,p0n550,21,1.25,0.25,650.0,2.0,G#4,68,1,0,0.8048697113990784,True,0.1758050173521042,False,0.28975632786750793,False
495,p0n551,21,1.5,0.25,652.0,2.0,F##4,67,1,0,0.5114634037017822,True,0.7200984358787537,True,0.8167464733123779,True
496,p0n552,21,1.5,0.5,652.0,4.0,D##3,52,2,0,0.8995570540428162,True,0.9672057032585144,True,0.941899836063385,True
497,p0n553,21,1.5,0.5,652.0,4.0,B#2,48,2,0,0.8943724632263184,True,0.8716340661048889,True,0.6933006048202515,True
498,p0n554,21,1.75,0.25,654.0,2.0,A#4,70,1,0,0.8231847286224365,True,0.5056410431861877,True,0.46614503860473633,False
499,p0n555,21,2.0,0.25,656.0,2.0,G#4,68,1,0,0.9786681532859802,True,0.6313748359680176,True,0.47903576493263245,False
500,p0n556,21,2.0,0.5,656.0,4.0,E#3,53,2,0,0.9496931433677673,True,0.9129921197891235,True,0.6957018375396729,True
501,p0n557,21,2.0,0.5,656.0,4.0,E#2,41,2,0,0.7609657645225525,True,0.9708660840988159,True,0.93229740858078,True
502,p0n558,21,2.25,0.25,658.0,2.0,E#4,65,1,0,0.1005568653345108,False,0.11441221833229065,False,0.2828212082386017,False
503,p0n559,21,2.5,0.25,660.0,2.0,C#5,73,1,0,0.582341730594635,True,0.6432188153266907,True,0.5191271901130676,True
504,p0n560,21,2.5,0.5,660.0,4.0,D##3,52,2,0,0.9274358153343201,True,0.9426674246788025,True,0.840935230255127,True
505,p0n561,21,2.5,0.5,660.0,4.0,A#2,46,2,0,0.6701374650001526,True,0.8661516904830933,True,0.6671566367149353,True
506,p0n562,21,2.75,0.25,662.0,2.0,A#4,70,1,0,0.5034380555152893,True,0.566794216632843,True,0.2912428379058838,False
507,p0n563,21,3.0,0.25,664.0,2.0,B#4,72,1,0,0.9684688448905945,True,0.3934746980667114,False,0.3205276429653168,False
508,p0n564,21,3.0,0.5,664.0,4.0,E#3,53,2,0,0.9240542650222778,True,0.4271070659160614,False,0.30268001556396484,False
509,p0n565,21,3.0,0.5,664.0,4.0,G#2,44,2,0,0.6280399560928345,True,0.6043282747268677,True,0.33976852893829346,False
510,p0n566,21,3.25,0.25,666.0,2.0,G#4,68,1,0,0.9314757585525513,True,0.09807364642620087,False,0.2767714858055115,False
511,p0n567,21,3.5,0.25,668.0,2.0,F#5,78,1,0,0.27446603775024414,False,0.1814221292734146,False,0.311275839805603,False
512,p0n568,21,3.5,0.5,668.0,4.0,A#3,58,2,0,0.18782098591327667,False,0.18254432082176208,False,0.3022215962409973,False
513,p0n569,21,3.5,0.5,668.0,4.0,C#3,49,2,0,0.964756190776825,True,0.2026394009590149,False,0.288117915391922,False
514,p0n570,21,3.75,0.25,670.0,2.0,D##5,76,1,0,0.31849905848503113,False,0.2822398245334625,False,0.3135870099067688,False
515,p0n571,22,0.0,0.25,672.0,2.0,D##5,76,1,0,0.4300646185874939,False,0.6324666738510132,True,0.5077031254768372,True
516,p0n572,22,0.0,0.5,672.0,4.0,G#3,56,2,0,0.12385830283164978,False,0.19879795610904694,False,0.3182477056980133,False
517,p0n573,22,0.0,2.0,672.0,16.0,B#2,48,2,0,0.9786737561225891,True,0.6616348028182983,True,0.5882201194763184,True
518,p0n574,22,0.25,0.25,674.0,2.0,E#5,77,1,0,0.11885770410299301,False,0.13502569496631622,False,0.28611811995506287,False
519,p0n575,22,0.5,0.25,676.0,2.0,A##5,83,1,0,0.8996138572692871,True,0.5279764533042908,True,0.3496817648410797,False
520,p0n576,22,0.5,0.25,676.0,2.0,F##3,55,2,0,0.5194706916809082,True,0.5041806101799011,True,0.4265539348125458,False
521,p0n577,22,0.75,0.25,678.0,2.0,B#5,84,1,0,0.8799590468406677,True,0.4599097669124603,False,0.38060262799263,False
522,p0n578,22,0.75,0.25,678.0,2.0,E#3,53,2,0,0.5822585821151733,True,0.3877369463443756,False,0.2987794876098633,False
523,p0n579,22,1.0,0.75,680.0,6.0,D##5,76,1,0,0.4292633533477783,False,0.40420061349868774,False,0.35694199800491333,False
524,p0n580,22,1.0,0.5,680.0,4.0,F##3,55,2,0,0.9339565634727478,True,0.6910229921340942,True,0.6129007935523987,True
525,p0n581,22,1.5,0.5,684.0,4.0,A#3,58,2,0,0.25937047600746155,False,0.27306288480758667,False,0.3261442184448242,False
526,p0n582,22,1.75,0.25,686.0,2.0,E#5,77,1,0,0.1479179710149765,False,0.16752171516418457,False,0.2916257977485657,False
527,p0n583,22,2.0,1.0,688.0,8.0,E#5,77,1,0,0.34854307770729065,False,0.4357109069824219,False,0.3777487576007843,False
528,p0n584,22,2.0,0.25,688.0,2.0,G#3,56,2,0,0.27663901448249817,False,0.23615768551826477,False,0.3166051506996155,False
529,p0n585,22,2.0,1.0,688.0,8.0,E#3,53,2,0,0.8800339102745056,True,0.7688615918159485,True,0.5077815055847168,True
530,p0n586,22,2.25,0.25,690.0,2.0,A#3,58,2,0,0.3340674638748169,False,0.1789693981409073,False,0.29083824157714844,False
531,p0n587,22,2.5,0.25,692.0,2.0,B#3,60,2,0,0.9453576803207397,True,0.27882054448127747,False,0.28519636392593384,False
532,p0n588,22,2.75,0.25,694.0,2.0,G#3,56,2,0,0.5495002269744873,True,0.10282052308320999,False,0.274493545293808,False
533,p0n591,22,3.0,0.25,696.0,2.0,E#3,53,2,0,0.7969054579734802,True,0.17792299389839172,False,0.2779473066329956,False
534,p0n592,22,3.25,0.25,698.0,2.0,F#3,54,2,0,0.6181387901306152,True,0.7346440553665161,True,0.24490675330162048,False
535,p0n593,22,3.5,0.5,700.0,4.0,E#5,77,1,0,0.3348811864852905,False,0.2146933376789093,False,0.31653356552124023,False
536,p0n594,22,3.5,0.25,700.0,2.0,G#3,56,2,0,0.8976477384567261,True,0.24292920529842377,False,0.30489519238471985,False
537,p0n595,22,3.75,0.25,702.0,2.0,E#3,53,2,0,0.8406285643577576,True,0.1796092391014099,False,0.27182891964912415,False
538,p0n596,23,0.0,0.25,704.0,2.0,B4,71,1,0,0.5849081873893738,True,0.9900360107421875,True,0.8526342511177063,True
539,p0n597,23,0.0,0.25,704.0,2.0,C##3,50,2,0,0.33524325489997864,False,0.31898123025894165,False,0.3407246768474579,False
540,p0n599,23,0.25,0.25,706.0,2.0,A#4,70,1,0,0.5872899889945984,True,0.36235812306404114,False,0.3540084958076477,False
541,p0n600,23,0.25,0.25,706.0,2.0,D#3,51,2,0,0.3782075345516205,False,0.19893482327461243,False,0.28623732924461365,False
542,p0n601,23,0.5,0.25,708.0,2.0,G#4,68,1,0,0.9683104753494263,True,0.2248253971338272,False,0.2951939105987549,False
543,p0n602,23,0.5,0.25,708.0,2.0,E#3,53,2,0,0.9366090893745422,True,0.1831095665693283,False,0.27578672766685486,False
544,p0n603,23,0.75,0.25,710.0,2.0,A#4,70,1,0,0.6171091794967651,True,0.1941462904214859,False,0.2937372922897339,False
545,p0n604,23,0.75,0.25,710.0,2.0,C##3,50,2,0,0.10206176340579987,False,0.10339031368494034,False,0.2760956585407257,False
546,p0n605,23,1.0,0.5,712.0,4.0,E#5,77,1,0,0.39234060049057007,False,0.31784334778785706,False,0.3312637209892273,False
547,p0n606,23,1.0,0.25,712.0,2.0,A#2,46,2,0,0.9591466188430786,True,0.7704885601997375,True,0.7418339848518372,True
548,p0n607,23,1.25,0.25,714.0,2.0,C##3,50,2,0,0.05687037110328674,False,0.09606995433568954,False,0.275588721036911,False
549,p0n608,23,1.5,0.5,716.0,4.0,C##5,74,1,0,0.13123691082000732,False,0.12388390302658081,False,0.2902527153491974,False
550,p0n609,23,1.5,0.25,716.0,2.0,E#3,53,2,0,0.9720486998558044,True,0.21033939719200134,False,0.2858302593231201,False
551,p0n610,23,1.75,0.25,718.0,2.0,A#3,58,2,0,0.13001000881195068,False,0.15567046403884888,False,0.28472211956977844,False
552,p0n611,23,2.0,0.5,720.0,4.0,G#4,68,1,0,0.9716129302978516,True,0.8368398547172546,True,0.4213196039199829,False
553,p0n612,23,2.0,0.25,720.0,2.0,D#3,51,2,0,0.9496076703071594,True,0.837820827960968,True,0.39491721987724304,False
554,p0n613,23,2.25,0.25,722.0,2.0,F#3,54,2,0,0.6366357803344727,True,0.6216177344322205,True,0.30043017864227295,False
555,p0n614,23,2.5,0.25,724.0,2.0,F#4,66,1,0,0.9375582933425903,True,0.9553622603416443,True,0.5458050966262817,True
556,p0n615,23,2.5,0.25,724.0,2.0,A#3,58,2,0,0.16312260925769806,False,0.18959198892116547,False,0.30360114574432373,False
557,p0n616,23,2.75,0.25,726.0,2.0,E#4,65,1,0,0.4410487115383148,False,0.18808580935001373,False,0.29784831404685974,False
558,p0n617,23,2.75,0.25,726.0,2.0,C##4,62,2,0,0.6872568130493164,True,0.3403334319591522,False,0.34237226843833923,False
559,p0n618,23,3.0,0.5,728.0,4.0,F#4,66,1,0,0.8306256532669067,True,0.7770864963531494,True,0.22283728420734406,False
560,p0n619,23,3.0,0.25,728.0,2.0,D#4,63,1,0,0.4641549289226532,False,0.3331491947174072,False,0.32387250661849976,False
561,p0n620,23,3.25,0.25,730.0,2.0,E#4,65,1,0,0.23879337310791016,False,0.14076697826385498,False,0.2860127091407776,False
562,p0n621,23,3.5,0.5,732.0,4.0,D#5,75,1,0,0.4670029580593109,False,0.38326022028923035,False,0.35564738512039185,False
563,p0n622,23,3.5,0.25,732.0,2.0,F#4,66,1,0,0.6472098231315613,True,0.7139346599578857,True,0.19820769131183624,False
564,p0n623,23,3.75,0.25,734.0,2.0,D#4,63,1,0,0.29640093445777893,False,0.13992643356323242,False,0.27532270550727844,False
565,p0n624,24,0.0,0.25,736.0,2.0,A4,69,1,0,0.6164681911468506,True,0.698550820350647,True,0.6045054197311401,True
566,p0n625,24,0.0,0.25,736.0,2.0,B#3,60,2,0,0.9802839159965515,True,0.8102884292602539,True,0.49778565764427185,False
567,p0n627,24,0.25,0.25,738.0,2.0,G#4,68,1,0,0.7071893811225891,True,0.2970743179321289,False,0.28265106678009033,False
568,p0n628,24,0.25,0.25,738.0,2.0,C#4,61,2,0,0.7981595993041992,True,0.4439174234867096,False,0.2815777361392975,False
569,p0n629,24,0.5,0.25,740.0,2.0,F#4,66,1,0,0.8164231777191162,True,0.7839115858078003,True,0.25789982080459595,False
570,p0n630,24,0.5,0.25,740.0,2.0,D#4,63,2,0,0.45842254161834717,False,0.21545162796974182,False,0.30076420307159424,False
571,p0n631,24,0.75,0.25,742.0,2.0,G#4,68,1,0,0.6080344915390015,True,0.0989111140370369,False,0.28741514682769775,False
572,p0n632,24,0.75,0.25,742.0,2.0,B#3,60,2,0,0.9518176913261414,True,0.1136360764503479,False,0.2616356313228607,False
573,p0n633,24,1.0,0.5,744.0,4.0,D#5,75,1,0,0.7400709986686707,True,0.5601521134376526,True,0.40939849615097046,False
574,p0n634,24,1.0,1.25,744.0,10.0,G#3,56,2,0,0.34870001673698425,False,0.17048324644565582,False,0.2992764115333557,False
575,p0n636,24,1.25,0.25,746.0,2.0,G#2,44,2,0,0.8422392010688782,True,0.33024027943611145,False,0.3066439628601074,False
576,p0n637,24,1.5,0.5,748.0,4.0,B#4,72,1,0,0.5097286701202393,True,0.25706425309181213,False,0.28219565749168396,False
577,p0n638,24,1.5,0.25,748.0,2.0,A#2,46,2,0,0.99092698097229,True,0.6104786992073059,True,0.44499471783638,False
578,p0n639,24,1.75,0.25,750.0,2.0,B#2,48,2,0,0.8205142617225647,True,0.38700205087661743,False,0.2340092957019806,False
579,p0n640,24,2.0,0.5,752.0,4.0,F#4,66,1,0,0.9602763056755066,True,0.9601929783821106,True,0.41910484433174133,False
580,p0n642,24,2.0,1.25,752.0,10.0,C#3,49,2,0,0.5648994445800781,True,0.1580127477645874,False,0.2847069799900055,False
581,p0n643,24,2.25,0.25,754.0,2.0,G#3,56,2,0,0.47572794556617737,False,0.13390199840068817,False,0.29178622364997864,False
582,p0n644,24,2.5,0.25,756.0,2.0,E#4,65,1,0,0.22104229032993317,False,0.13654905557632446,False,0.29721999168395996,False
583,p0n645,24,2.5,0.25,756.0,2.0,A#3,58,2,0,0.8695557713508606,True,0.37684059143066406,False,0.3635181188583374,False
584,p0n646,24,2.75,0.25,758.0,2.0,D#4,63,1,0,0.8654473423957825,True,0.21517594158649445,False,0.2722594738006592,False
585,p0n647,24,2.75,0.25,758.0,2.0,B#3,60,2,0,0.9254809021949768,True,0.28746670484542847,False,0.26115360856056213,False
586,p0n648,24,3.0,0.25,760.0,2.0,E#4,65,1,0,0.2348717451095581,False,0.17494061589241028,False,0.29241400957107544,False
587,p0n649,24,3.0,0.5,760.0,4.0,C#4,61,2,0,0.6965562701225281,True,0.7899565100669861,True,0.38703668117523193,False
588,p0n651,24,3.25,0.25,762.0,2.0,G#4,68,1,0,0.706326425075531,True,0.5651840567588806,True,0.3777988851070404,False
589,p0n652,24,3.25,0.25,762.0,2.0,D#3,51,2,0,0.6989930272102356,True,0.19430184364318848,False,0.27649036049842834,False
590,p0n653,24,3.5,0.25,764.0,2.0,C#5,73,1,0,0.6886649131774902,True,0.38328176736831665,False,0.3270871341228485,False
591,p0n654,24,3.5,0.25,764.0,2.0,E#3,53,2,0,0.8733563423156738,True,0.8514261245727539,True,0.6612590551376343,True
592,p0n656,24,3.75,0.25,766.0,2.0,D#5,75,1,0,0.39100176095962524,False,0.20167100429534912,False,0.2842186391353607,False
593,p0n657,24,3.75,0.25,766.0,2.0,F##3,55,2,0,0.38809940218925476,False,0.30292534828186035,False,0.33757922053337097,False
594,p0n658,25,0.0,0.25,768.0,2.0,E#5,77,1,0,0.09360343217849731,False,0.20971515774726868,False,0.3156418204307556,False
595,p0n659,25,0.0,0.25,768.0,2.0,G#3,56,2,0,0.8502142429351807,True,0.6007249355316162,True,0.5134702324867249,True
596,p0n661,25,0.25,0.25,770.0,2.0,D#5,75,1,0,0.6389489769935608,True,0.5150437355041504,True,0.2714262902736664,False
597,p0n662,25,0.25,0.25,770.0,2.0,F##3,55,2,0,0.5262488126754761,True,0.4438849091529846,False,0.3317670226097107,False
598,p0n663,25,0.5,0.25,772.0,2.0,C#5,73,1,0,0.7267376780509949,True,0.42995184659957886,False,0.33329376578330994,False
599,p0n664,25,0.5,0.25,772.0,2.0,E#3,53,2,0,0.8397036194801331,True,0.7770918607711792,True,0.5795332193374634,True
600,p0n665,25,0.75,0.25,774.0,2.0,D#5,75,1,0,0.3711044490337372,False,0.20370599627494812,False,0.28360772132873535,False
601,p0n666,25,0.75,0.25,774.0,2.0,F##3,55,2,0,0.5417395234107971,True,0.191920667886734,False,0.29119959473609924,False
602,p0n667,25,1.0,0.5,776.0,4.0,B#5,84,1,0,0.9591587781906128,True,0.8413798213005066,True,0.6546784043312073,True
603,p0n668,25,1.0,2.0,776.0,16.0,B#4,72,1,0,0.9723997712135315,True,0.824196457862854,True,0.5373114347457886,True
604,p0n669,25,1.0,0.25,776.0,2.0,G#3,56,2,0,0.8068891167640686,True,0.10479795187711716,False,0.28733453154563904,False
605,p0n670,25,1.25,0.25,778.0,2.0,F##3,55,2,0,0.48831209540367126,False,0.3028131425380707,False,0.3360496759414673,False
606,p0n671,25,1.5,0.5,780.0,4.0,G#5,80,1,0,0.9718220829963684,True,0.6939629316329956,True,0.6252545118331909,True
607,p0n672,25,1.5,0.25,780.0,2.0,E#3,53,2,0,0.6659249067306519,True,0.7491694092750549,True,0.6387308835983276,True
608,p0n673,25,1.75,0.25,782.0,2.0,D#3,51,2,0,0.6822457313537598,True,0.3884662985801697,False,0.2981953024864197,False
609,p0n674,25,2.0,0.5,784.0,4.0,D#5,75,1,0,0.8285056352615356,True,0.8784318566322327,True,0.48402833938598633,False
610,p0n675,25,2.0,1.25,784.0,10.0,E#3,53,2,0,0.5736284852027893,True,0.8843427896499634,True,0.6702454090118408,True
611,p0n676,25,2.5,0.25,788.0,2.0,C#5,73,1,0,0.1381005346775055,False,0.1509086638689041,False,0.28765878081321716,False
612,p0n677,25,2.75,0.25,790.0,2.0,B#4,72,1,0,0.9018105864524841,True,0.16867585480213165,False,0.27157077193260193,False
613,p0n678,25,3.0,0.5,792.0,4.0,C#5,73,1,0,0.49438902735710144,False,0.42649737000465393,False,0.3649165630340576,False
614,p0n679,25,3.0,1.5,792.0,12.0,A#4,70,1,0,0.11303957551717758,False,0.21752554178237915,False,0.2974204123020172,False
615,p0n681,25,3.25,0.25,794.0,2.0,D#3,51,2,0,0.43249276280403137,False,0.18078114092350006,False,0.2798498272895813,False
616,p0n682,25,3.5,0.5,796.0,4.0,A#5,82,1,0,0.9683027267456055,True,0.5905588865280151,True,0.48886337876319885,False
617,p0n683,25,3.5,0.25,796.0,2.0,C#3,49,2,0,0.14244121313095093,False,0.1427556723356247,False,0.2854510247707367,False
618,p0n684,25,3.75,0.25,798.0,2.0,E#3,53,2,0,0.7448734045028687,True,0.6096673607826233,True,0.4451524615287781,False
619,p0n685,26,0.0,0.5,800.0,4.0,B#4,72,1,0,0.9096295237541199,True,0.682417631149292,True,0.47048646211624146,False
620,p0n687,26,0.0,0.25,800.0,2.0,D#3,51,2,0,0.7629501819610596,True,0.7103297114372253,True,0.6137562394142151,True
621,p0n688,26,0.25,0.25,802.0,2.0,C#3,49,2,0,0.05644943192601204,False,0.12566949427127838,False,0.2708708941936493,False
622,p0n689,26,0.5,0.5,804.0,4.0,G#5,80,1,0,0.9778347015380859,True,0.33106788992881775,False,0.3380773961544037,False
623,p0n690,26,0.5,0.5,804.0,4.0,G#4,68,1,0,0.8228597044944763,True,0.7663562893867493,True,0.38166511058807373,False
624,p0n691,26,0.5,0.25,804.0,2.0,B#2,48,2,0,0.9073440432548523,True,0.5168580412864685,True,0.2356986701488495,False
625,p0n692,26,0.75,0.25,806.0,2.0,D#3,51,2,0,0.8624550104141235,True,0.4381353557109833,False,0.25620368123054504,False
626,p0n693,26,1.0,0.5,808.0,4.0,A#4,70,1,0,0.1912674903869629,False,0.21110592782497406,False,0.29620158672332764,False
627,p0n694,26,1.0,0.5,808.0,4.0,F##4,67,1,0,0.12953044474124908,False,0.2170509546995163,False,0.30927395820617676,False
628,p0n695,26,1.0,0.25,808.0,2.0,C#3,49,2,0,0.16998808085918427,False,0.19069281220436096,False,0.28245893120765686,False
629,p0n696,26,1.25,0.25,810.0,2.0,B#2,48,2,0,0.5266819596290588,True,0.4747161269187927,False,0.28237035870552063,False
630,p0n697,26,1.5,0.5,812.0,4.0,F##5,79,1,0,0.8164944648742676,True,0.4727758765220642,False,0.3879614472389221,False
631,p0n698,26,1.5,0.5,812.0,4.0,A#4,70,1,0,0.7220232486724854,True,0.18501456081867218,False,0.29226505756378174,False
632,p0n699,26,1.5,0.25,812.0,2.0,A#2,46,2,0,0.9798436164855957,True,0.8659915328025818,True,0.7079823017120361,True
633,p0n700,26,1.75,0.25,814.0,2.0,C#3,49,2,0,0.5500772595405579,True,0.3769313097000122,False,0.2859327793121338,False
634,p0n701,26,2.0,0.25,816.0,2.0,G#4,68,1,0,0.9015437960624695,True,0.7281745076179504,True,0.32921287417411804,False
635,p0n702,26,2.0,0.25,816.0,2.0,D#4,63,1,0,0.842522919178009,True,0.5140367746353149,True,0.2865086495876312,False
636,p0n703,26,2.0,0.5,816.0,4.0,B#2,48,2,0,0.9424322247505188,True,0.9409762024879456,True,0.5042852759361267,True
637,p0n704,26,2.25,0.25,818.0,2.0,D#4,63,1,0,0.7977981567382812,True,0.21401269733905792,False,0.25790074467658997,False
638,p0n706,26,2.5,0.25,820.0,2.0,E#4,65,1,0,0.36253824830055237,False,0.11880910396575928,False,0.29665109515190125,False
639,p0n707,26,2.5,0.5,820.0,4.0,D#3,51,2,0,0.8453900218009949,True,0.7048651576042175,True,0.5077146887779236,True
640,p0n709,26,2.75,0.25,822.0,2.0,F##4,67,1,0,0.5133363008499146,True,0.2959652245044708,False,0.3481205999851227,False
641,p0n710,26,3.0,0.25,824.0,2.0,G#4,68,1,0,0.7716427445411682,True,0.5163449645042419,True,0.20332463085651398,False
642,p0n711,26,3.0,2.0,824.0,16.0,F#3,54,2,0,0.7113064527511597,True,0.33086931705474854,False,0.3118371069431305,False
643,p0n713,26,3.25,0.25,826.0,2.0,A#4,70,1,0,0.1592944711446762,False,0.15759669244289398,False,0.28460124135017395,False
644,p0n714,26,3.5,0.25,828.0,2.0,B#4,72,1,0,0.8850434422492981,True,0.23758429288864136,False,0.2901778519153595,False
645,p0n715,26,3.5,0.5,828.0,4.0,G#3,56,2,0,0.9590517282485962,True,0.257411926984787,False,0.3300072252750397,False
646,p0n716,26,3.75,0.25,830.0,2.0,G#4,68,1,0,0.3507682681083679,False,0.14900511503219604,False,0.28983208537101746,False
647,p0n717,27,0.0,0.25,832.0,2.0,C#5,73,1,0,0.7143070697784424,True,0.9501205682754517,True,0.6752063035964966,True
648,p0n719,27,0.0,0.25,832.0,2.0,A#3,58,2,0,0.459021657705307,False,0.4769265651702881,False,0.4211561679840088,False
649,p0n720,27,0.25,0.25,834.0,2.0,B#4,72,1,0,0.8302068114280701,True,0.18124623596668243,False,0.2675684690475464,False
650,p0n721,27,0.25,0.25,834.0,2.0,G#3,56,2,0,0.639762282371521,True,0.14655783772468567,False,0.29856300354003906,False
651,p0n722,27,0.5,0.25,836.0,2.0,A#4,70,1,0,0.5038942098617554,True,0.6335766315460205,True,0.40716642141342163,False
652,p0n723,27,0.5,0.25,836.0,2.0,F#3,54,2,0,0.7967311143875122,True,0.07475706189870834,False,0.2842337191104889,False
653,p0n724,27,0.75,0.25,838.0,2.0,B#4,72,1,0,0.9474438428878784,True,0.196879044175148,False,0.2661179304122925,False
654,p0n725,27,0.75,0.25,838.0,2.0,G#3,56,2,0,0.695359468460083,True,0.1363411247730255,False,0.2976725697517395,False
655,p0n726,27,1.0,0.25,840.0,2.0,C#5,73,1,0,0.5668389797210693,True,0.522591233253479,True,0.34705445170402527,False
656,p0n728,27,1.0,0.5,840.0,4.0,E#4,65,1,0,0.5801931619644165,True,0.1493145078420639,False,0.27707985043525696,False
657,p0n727,27,1.0,2.0,840.0,16.0,E#3,53,2,0,0.7519978284835815,True,0.8392969965934753,True,0.7384787797927856,True
658,p0n729,27,1.25,0.25,842.0,2.0,B#4,72,1,0,0.9214282035827637,True,0.2625615894794464,False,0.2769111692905426,False
659,p0n730,27,1.5,0.25,844.0,2.0,A#4,70,1,0,0.7621719241142273,True,0.8497947454452515,True,0.6885994076728821,True
660,p0n731,27,1.5,0.5,844.0,4.0,C#4,61,1,0,0.7508347630500793,True,0.6042247414588928,True,0.47707900404930115,False
661,p0n732,27,1.75,0.25,846.0,2.0,G#4,68,1,0,0.4928153455257416,False,0.2334071397781372,False,0.31112661957740784,False
662,p0n733,27,2.0,1.25,848.0,10.0,A#4,70,1,0,0.8146949410438538,True,0.9634150266647339,True,0.7710751891136169,True
663,p0n734,27,2.0,0.5,848.0,4.0,G#3,56,2,0,0.974848210811615,True,0.6120447516441345,True,0.6936727166175842,True
664,p0n735,27,2.5,0.25,852.0,2.0,F#3,54,2,0,0.5360287427902222,True,0.5104222297668457,True,0.1991705596446991,False
665,p0n736,27,2.75,0.25,854.0,2.0,E#3,53,2,0,0.7863907814025879,True,0.33853185176849365,False,0.31617552042007446,False
666,p0n738,27,3.0,0.5,856.0,4.0,F#3,54,2,0,0.241662859916687,False,0.213088259100914,False,0.30184656381607056,False
667,p0n739,27,3.0,1.5,856.0,12.0,D#3,51,2,0,0.690498411655426,True,0.5076717138290405,True,0.54709392786026,True
668,p0n740,27,3.25,0.25,858.0,2.0,G#4,68,1,0,0.2843037247657776,False,0.16633395850658417,False,0.2928999662399292,False
669,p0n741,27,3.5,0.25,860.0,2.0,F#4,66,1,0,0.08521293848752975,False,0.12593086063861847,False,0.29728052020072937,False
670,p0n742,27,3.5,0.5,860.0,4.0,D#4,63,1,0,0.920402467250824,True,0.8925307393074036,True,0.37846583127975464,False
671,p0n743,27,3.75,0.25,862.0,2.0,A#4,70,1,0,0.9289005994796753,True,0.7511700987815857,True,0.547641396522522,True
672,p0n744,28,0.0,0.25,864.0,2.0,G#4,68,1,0,0.8626816868782043,True,0.9290834665298462,True,0.7266369462013245,True
673,p0n745,28,0.0,0.5,864.0,4.0,E#3,53,2,0,0.8846278190612793,True,0.7049650549888611,True,0.4943685531616211,False
674,p0n747,28,0.25,0.25,866.0,2.0,F#4,66,1,0,0.26246073842048645,False,0.15934903919696808,False,0.29127857089042664,False
675,p0n748,28,0.5,0.25,868.0,2.0,E#4,65,1,0,0.30978232622146606,False,0.11081578582525253,False,0.29348447918891907,False
676,p0n749,28,0.5,0.5,868.0,4.0,C#4,61,1,0,0.8775954246520996,True,0.569038450717926,True,0.4769849181175232,False
677,p0n750,28,0.5,0.5,868.0,4.0,C#3,49,2,0,0.8892905116081238,True,0.37552791833877563,False,0.3413330614566803,False
678,p0n751,28,0.75,0.25,870.0,2.0,G#4,68,1,0,0.6412870287895203,True,0.9090472459793091,True,0.34923046827316284,False
679,p0n752,28,1.0,0.25,872.0,2.0,F#4,66,1,0,0.046905238181352615,False,0.13523995876312256,False,0.2870350480079651,False
680,p0n753,28,1.0,0.5,872.0,4.0,D#3,51,2,0,0.8378503322601318,True,0.2607528567314148,False,0.3311533033847809,False
681,p0n754,28,1.0,0.5,872.0,4.0,D#3,51,2,0,0.8048649430274963,True,0.29557347297668457,False,0.3365963399410248,False
682,p0n755,28,1.25,0.25,874.0,2.0,E#4,65,1,0,0.061015043407678604,False,0.11229060590267181,False,0.28157955408096313,False
683,p0n756,28,1.5,0.25,876.0,2.0,D#4,63,1,0,0.83437579870224,True,0.1715449094772339,False,0.2685190737247467,False
684,p0n757,28,1.5,0.5,876.0,4.0,B#3,60,1,0,0.9564984440803528,True,0.5150150060653687,True,0.7296977043151855,True
685,p0n758,28,1.5,0.5,876.0,4.0,G#2,44,2,0,0.9948681592941284,True,0.3658410310745239,False,0.2835988700389862,False
686,p0n759,28,1.75,0.25,878.0,2.0,F#4,66,1,0,0.35989800095558167,False,0.21062877774238586,False,0.301487535238266,False
687,p0n760,28,2.0,0.5,880.0,4.0,E#4,65,1,0,0.7083906531333923,True,0.5573965311050415,True,0.6200718879699707,True
688,p0n761,28,2.0,1.0,880.0,8.0,C#4,61,1,0,0.9761319756507874,True,0.90473473072052,True,0.7554425597190857,True
689,p0n762,28,2.0,0.25,880.0,2.0,C#3,49,2,0,0.9285492897033691,True,0.7128061056137085,True,0.4338661730289459,False
690,p0n763,28,2.25,0.25,882.0,2.0,D#3,51,2,0,0.42017075419425964,False,0.1668826788663864,False,0.2787958085536957,False
691,p0n764,28,2.5,0.5,884.0,4.0,G#4,68,1,0,0.9898987412452698,True,0.6045398116111755,True,0.6363202929496765,True
692,p0n765,28,2.5,0.25,884.0,2.0,E#3,53,2,0,0.892042338848114,True,0.23841199278831482,False,0.2840309143066406,False
693,p0n766,28,2.75,0.25,886.0,2.0,F#3,54,2,0,0.5373654365539551,True,0.2112194150686264,False,0.2620830535888672,False
694,p0n767,28,3.0,1.0,888.0,8.0,C#5,73,1,0,0.5700187683105469,True,0.6098222136497498,True,0.32673290371894836,False
695,p0n768,28,3.0,0.25,888.0,2.0,E#3,53,2,0,0.7182641625404358,True,0.51573246717453,True,0.34680768847465515,False
696,p0n770,28,3.25,0.25,890.0,2.0,D#3,51,2,0,0.5349899530410767,True,0.6487225294113159,True,0.44641318917274475,False
697,p0n771,28,3.5,0.25,892.0,2.0,G#5,80,1,0,0.9330344796180725,True,0.3795810341835022,False,0.31621482968330383,False
698,p0n772,28,3.5,0.25,892.0,2.0,C#3,49,2,0,0.8576728105545044,True,0.0884370431303978,False,0.27616262435913086,False
699,p0n773,28,3.75,0.25,894.0,2.0,E#5,77,1,0,0.13025633990764618,False,0.12358197569847107,False,0.2838316261768341,False
700,p0n774,28,3.75,0.25,894.0,2.0,E#3,53,2,0,0.7512539029121399,True,0.1915019303560257,False,0.2634578049182892,False
701,p0n776,29,0.0,1.0,896.0,8.0,C#5,73,1,0,0.709287703037262,True,0.9279986023902893,True,0.6595430970191956,True
702,p0n777,29,0.0,0.25,896.0,2.0,A#3,58,2,0,0.8940832018852234,True,0.7987268567085266,True,0.7726099491119385,True
703,p0n778,29,0.25,0.25,898.0,2.0,G#3,56,2,0,0.46027639508247375,False,0.16910982131958008,False,0.2959387004375458,False
704,p0n779,29,0.5,0.25,900.0,2.0,E5,76,1,0,0.5160037875175476,True,0.7797286510467529,True,0.4887988269329071,False
705,p0n780,29,0.5,0.25,900.0,2.0,F##3,55,2,0,0.7183710336685181,True,0.8029594421386719,True,0.5795369744300842,True
706,p0n781,29,0.75,0.25,902.0,2.0,C#5,73,1,0,0.5505490303039551,True,0.642533004283905,True,0.3638841509819031,False
707,p0n782,29,0.75,0.25,902.0,2.0,A#3,58,2,0,0.7188107967376709,True,0.3311954438686371,False,0.2816751301288605,False
708,p0n783,29,1.0,1.0,904.0,8.0,A#4,70,1,0,0.6731200218200684,True,0.7031633853912354,True,0.5582965016365051,True
709,p0n784,29,1.0,0.25,904.0,2.0,C#4,61,2,0,0.9021662473678589,True,0.38290926814079285,False,0.2845374643802643,False
710,p0n786,29,1.25,0.25,906.0,2.0,B3,59,2,0,0.9783373475074768,True,0.9295499324798584,True,0.8140976428985596,True
711,p0n787,29,1.5,0.25,908.0,2.0,C#5,73,1,0,0.6798773407936096,True,0.3917872905731201,False,0.32551977038383484,False
712,p0n788,29,1.5,0.25,908.0,2.0,A#3,58,2,0,0.8988139629364014,True,0.7225819230079651,True,0.6788856387138367,True
713,p0n789,29,1.75,0.25,910.0,2.0,A#4,70,1,0,0.5925725698471069,True,0.34502285718917847,False,0.3018806576728821,False
714,p0n790,29,1.75,0.25,910.0,2.0,C#4,61,2,0,0.8186217546463013,True,0.719012439250946,True,0.28888997435569763,False
715,p0n792,29,2.0,1.0,912.0,8.0,F##4,67,1,0,0.6969316005706787,True,0.4720640182495117,False,0.40045106410980225,False
716,p0n793,29,2.0,0.5,912.0,4.0,E4,64,2,0,0.9169484972953796,True,0.9686670303344727,True,0.9212371706962585,True
717,p0n794,29,2.5,0.25,916.0,2.0,A#4,70,1,0,0.17456181347370148,False,0.20331311225891113,False,0.30571895837783813,False
718,p0n795,29,2.5,0.25,916.0,2.0,D#4,63,2,0,0.37792712450027466,False,0.2169979065656662,False,0.2995103597640991,False
719,p0n796,29,2.75,0.25,918.0,2.0,C#5,73,1,0,0.6074491739273071,True,0.7332534193992615,True,0.6120622158050537,True
720,p0n797,29,2.75,0.25,918.0,2.0,C#4,61,2,0,0.8664222955703735,True,0.9206382632255554,True,0.6369284987449646,True
721,p0n798,29,3.0,1.0,920.0,8.0,E5,76,1,0,0.1392618715763092,False,0.20885950326919556,False,0.2871357798576355,False
722,p0n799,29,3.0,0.25,920.0,2.0,B3,59,2,0,0.915041983127594,True,0.9808136820793152,True,0.9495560526847839,True
723,p0n801,29,3.25,0.25,922.0,2.0,A#3,58,2,0,0.7262988090515137,True,0.5382965207099915,True,0.4923563599586487,False
724,p0n802,29,3.5,0.5,924.0,4.0,C#5,73,1,0,0.4357171952724457,False,0.37806257605552673,False,0.3604618012905121,False
725,p0n803,29,3.5,0.25,924.0,2.0,G#3,56,2,0,0.7360517382621765,True,0.851507306098938,True,0.7516151070594788,True
726,p0n804,29,3.75,0.25,926.0,2.0,F##3,55,2,0,0.48853105306625366,False,0.2923714220523834,False,0.33639857172966003,False
727,p0n805,30,0.0,0.5,928.0,4.0,D#5,75,1,0,0.4065265953540802,False,0.4015112817287445,False,0.3670973777770996,False
728,p0n806,30,0.0,1.0,928.0,8.0,B4,71,1,0,0.925365149974823,True,0.9944827556610107,True,0.9277677536010742,True
729,p0n807,30,0.0,0.25,928.0,2.0,G#3,56,2,0,0.8431880474090576,True,0.7386382222175598,True,0.8954638838768005,True
730,p0n808,30,0.25,0.25,930.0,2.0,B3,59,2,0,0.8137513399124146,True,0.903942883014679,True,0.8288413286209106,True
731,p0n809,30,0.5,0.5,932.0,4.0,G#5,80,1,0,0.9348867535591125,True,0.22781312465667725,False,0.3192817270755768,False
732,p0n810,30,0.5,0.25,932.0,2.0,A#3,58,2,0,0.7512867450714111,True,0.5731149315834045,True,0.4262445271015167,False
733,p0n811,30,0.75,0.25,934.0,2.0,G#3,56,2,0,0.8372634649276733,True,0.09756536781787872,False,0.28589919209480286,False
734,p0n812,30,1.0,0.5,936.0,4.0,C#5,73,1,0,0.11652617901563644,False,0.1674492359161377,False,0.27784159779548645,False
735,p0n813,30,1.0,1.0,936.0,8.0,A#4,70,1,0,0.3515256643295288,False,0.3398258090019226,False,0.3404174745082855,False
736,p0n814,30,1.0,0.25,936.0,2.0,F##3,55,2,0,0.6768893599510193,True,0.6013806462287903,True,0.5218971371650696,True
737,p0n815,30,1.25,0.25,938.0,2.0,E#3,53,2,0,0.879832923412323,True,0.28870296478271484,False,0.27758750319480896,False
738,p0n816,30,1.5,0.5,940.0,4.0,F##5,79,1,0,0.9052473902702332,True,0.8838246464729309,True,0.7191351652145386,True
739,p0n817,30,1.5,0.25,940.0,2.0,D#3,51,2,0,0.9075815081596375,True,0.2654453217983246,False,0.2986692190170288,False
740,p0n818,30,1.75,0.25,942.0,2.0,C#3,49,2,0,0.7578651905059814,True,0.3941671550273895,False,0.30071187019348145,False
741,p0n819,30,2.0,0.5,944.0,4.0,G#4,68,1,0,0.9184433817863464,True,0.9666591286659241,True,0.7959584593772888,True
742,p0n820,30,2.0,0.5,944.0,4.0,G#4,68,1,0,0.9013311862945557,True,0.8580044507980347,True,0.6051297187805176,True
743,p0n821,30,2.0,0.25,944.0,2.0,B2,47,2,0,0.7729246616363525,True,0.917533814907074,True,0.6121662855148315,True
744,p0n822,30,2.25,0.25,946.0,2.0,C#3,49,2,0,0.4081207513809204,False,0.25810593366622925,False,0.29588940739631653,False
745,p0n823,30,2.5,0.25,948.0,2.0,G#5,80,1,0,0.8301199078559875,True,0.2145235240459442,False,0.3172169327735901,False
746,p0n824,30,2.5,0.25,948.0,2.0,D#3,51,2,0,0.584287703037262,True,0.21691064536571503,False,0.27603402733802795,False
747,p0n826,30,2.75,0.25,950.0,2.0,F##5,79,1,0,0.7863710522651672,True,0.505547285079956,True,0.46721234917640686,False
748,p0n827,30,2.75,0.25,950.0,2.0,B2,47,2,0,0.20878052711486816,False,0.23344123363494873,False,0.2981145679950714,False
749,p0n828,30,3.0,0.25,952.0,2.0,G#5,80,1,0,0.7174367308616638,True,0.5462868809700012,True,0.3911016583442688,False
750,p0n829,30,3.0,0.5,952.0,4.0,G#2,44,2,0,0.978855311870575,True,0.9388349056243896,True,0.6034068465232849,True
751,p0n831,30,3.25,0.25,954.0,2.0,A#5,82,1,0,0.9676257371902466,True,0.606023371219635,True,0.4078293740749359,False
752,p0n832,30,3.5,0.25,956.0,2.0,B5,83,1,0,0.9341657757759094,True,0.9542525410652161,True,0.8042437434196472,True
753,p0n833,30,3.5,0.25,956.0,2.0,G#3,56,2,0,0.4982755184173584,False,0.1986914426088333,False,0.3170120418071747,False
754,p0n834,30,3.75,0.25,958.0,2.0,G#5,80,1,0,0.9296143054962158,True,0.2845173478126526,False,0.30048081278800964,False
755,p0n835,30,3.75,0.25,958.0,2.0,E#3,53,2,0,0.9539884924888611,True,0.1900596171617508,False,0.2853713631629944,False
756,p0n836,31,0.0,0.25,960.0,2.0,E#5,77,1,0,0.24047917127609253,False,0.2725858688354492,False,0.33732831478118896,False
757,p0n837,31,0.0,0.5,960.0,4.0,C#3,49,2,0,0.5693849921226501,True,0.5152952075004578,True,0.4995361566543579,False
758,p0n839,31,0.25,0.25,962.0,2.0,F#5,78,1,0,0.8332210779190063,True,0.9304137825965881,True,0.744303822517395,True
759,p0n840,31,0.5,0.25,964.0,2.0,G#5,80,1,0,0.9626972675323486,True,0.25377294421195984,False,0.3318582773208618,False
760,p0n841,31,0.5,0.25,964.0,2.0,B3,59,2,0,0.7254178524017334,True,0.6709272861480713,True,0.7606550455093384,True
761,p0n843,31,0.75,0.25,966.0,2.0,E#5,77,1,0,0.750660240650177,True,0.09759266674518585,False,0.28000766038894653,False
762,p0n844,31,0.75,0.25,966.0,2.0,G#3,56,2,0,0.549752950668335,True,0.5479509830474854,True,0.5746250748634338,True
763,p0n845,31,1.0,0.25,968.0,2.0,C#5,73,1,0,0.42387810349464417,False,0.24252210557460785,False,0.30144956707954407,False
764,p0n846,31,1.0,0.5,968.0,4.0,E#3,53,2,0,0.9698372483253479,True,0.3304316997528076,False,0.287424772977829,False
765,p0n848,31,1.25,0.25,970.0,2.0,D#5,75,1,0,0.3538039028644562,False,0.15152421593666077,False,0.2774636149406433,False
766,p0n849,31,1.5,0.25,972.0,2.0,E#5,77,1,0,0.43401050567626953,False,0.14405517280101776,False,0.30225613713264465,False
767,p0n850,31,1.5,0.25,972.0,2.0,C#3,49,2,0,0.7772902250289917,True,0.3697357475757599,False,0.30812346935272217,False
768,p0n852,31,1.75,0.25,974.0,2.0,C#5,73,1,0,0.33896180987358093,False,0.17923803627490997,False,0.2812337279319763,False
769,p0n853,31,1.75,0.25,974.0,2.0,A#2,46,2,0,0.7244846820831299,True,0.4225672781467438,False,0.32853442430496216,False
770,p0n854,31,2.0,0.25,976.0,2.0,A#4,70,1,0,0.7081431150436401,True,0.663091778755188,True,0.48392659425735474,False
771,p0n855,31,2.0,0.5,976.0,4.0,F#2,42,2,0,0.9505319595336914,True,0.9073819518089294,True,0.6214389204978943,True
772,p0n857,31,2.25,0.25,978.0,2.0,B#4,72,1,0,0.22797682881355286,False,0.16325180232524872,False,0.27771660685539246,False
773,p0n858,31,2.5,0.25,980.0,2.0,C#5,73,1,0,0.20764563977718353,False,0.16081441938877106,False,0.289541631937027,False
774,p0n859,31,2.5,0.25,980.0,2.0,A#3,58,2,0,0.24763883650302887,False,0.15777412056922913,False,0.297184556722641,False
775,p0n861,31,2.75,0.25,982.0,2.0,A#4,70,1,0,0.17096590995788574,False,0.1488315910100937,False,0.28331127762794495,False
776,p0n862,31,2.75,0.25,982.0,2.0,F#3,54,2,0,0.3691127598285675,False,0.25400903820991516,False,0.31229662895202637,False
777,p0n863,31,3.0,0.25,984.0,2.0,F#5,78,1,0,0.8660717606544495,True,0.778926432132721,True,0.5539530515670776,True
778,p0n864,31,3.0,0.5,984.0,4.0,D#3,51,2,0,0.9153817892074585,True,0.5948969721794128,True,0.3492971956729889,False
779,p0n866,31,3.25,0.25,986.0,2.0,G#5,80,1,0,0.9312265515327454,True,0.6722042560577393,True,0.4160214066505432,False
780,p0n867,31,3.5,0.25,988.0,2.0,A#5,82,1,0,0.6652688384056091,True,0.44206008315086365,False,0.33104318380355835,False
781,p0n868,31,3.5,0.25,988.0,2.0,F#3,54,2,0,0.3414062261581421,False,0.2158566415309906,False,0.3204008936882019,False
782,p0n870,31,3.75,0.25,990.0,2.0,F#5,78,1,0,0.8254832625389099,True,0.39817366003990173,False,0.3171525299549103,False
783,p0n871,31,3.75,0.25,990.0,2.0,D#3,51,2,0,0.9488718509674072,True,0.32111304998397827,False,0.2789129912853241,False
784,p0n872,32,0.0,0.25,992.0,2.0,D#5,75,1,0,0.0707971602678299,False,0.20384542644023895,False,0.3022870719432831,False
785,p0n873,32,0.0,0.5,992.0,4.0,B#2,48,2,0,0.9112247824668884,True,0.6570738554000854,True,0.40353336930274963,False
786,p0n875,32,0.25,0.25,994.0,2.0,E#5,77,1,0,0.7408355474472046,True,0.4814554452896118,False,0.34331777691841125,False
787,p0n876,32,0.5,0.25,996.0,2.0,F#5,78,1,0,0.8326326012611389,True,0.4874957203865051,False,0.3768055737018585,False
788,p0n877,32,0.5,0.25,996.0,2.0,A#3,58,2,0,0.4956560432910919,False,0.166341170668602,False,0.3059840500354767,False
789,p0n879,32,0.75,0.25,998.0,2.0,D#5,75,1,0,0.38361403346061707,False,0.1480877548456192,False,0.2746952176094055,False
790,p0n880,32,0.75,0.25,998.0,2.0,F#3,54,2,0,0.5682856440544128,True,0.5668225884437561,True,0.6806882619857788,True
791,p0n881,32,1.0,0.25,1000.0,2.0,B#4,72,1,0,0.6933160424232483,True,0.40514907240867615,False,0.35387757420539856,False
792,p0n882,32,1.0,0.5,1000.0,4.0,D#3,51,2,0,0.9549287557601929,True,0.42102575302124023,False,0.3924979865550995,False
793,p0n884,32,1.25,0.25,1002.0,2.0,C#5,73,1,0,0.21035337448120117,False,0.13700586557388306,False,0.27415332198143005,False
794,p0n885,32,1.5,0.25,1004.0,2.0,D#5,75,1,0,0.1765938550233841,False,0.14275337755680084,False,0.28775933384895325,False
795,p0n886,32,1.5,0.25,1004.0,2.0,B#2,48,2,0,0.947507381439209,True,0.18141551315784454,False,0.2624826431274414,False
796,p0n888,32,1.75,0.25,1006.0,2.0,B#4,72,1,0,0.5714302659034729,True,0.15346422791481018,False,0.274686336517334,False
797,p0n889,32,1.75,0.25,1006.0,2.0,G#2,44,2,0,0.7439329028129578,True,0.1782218962907791,False,0.2850964665412903,False
798,p0n890,32,2.0,0.25,1008.0,2.0,G#4,68,1,0,0.9758999943733215,True,0.6911954879760742,True,0.413525253534317,False
799,p0n891,32,2.0,0.5,1008.0,4.0,E#2,41,2,0,0.8948771357536316,True,0.6126911640167236,True,0.5754899382591248,True
800,p0n893,32,2.25,0.25,1010.0,2.0,A#4,70,1,0,0.366287499666214,False,0.2272934913635254,False,0.3031435012817383,False
801,p0n894,32,2.5,0.25,1012.0,2.0,B#4,72,1,0,0.3430632948875427,False,0.2126535177230835,False,0.30003657937049866,False
802,p0n895,32,2.5,0.25,1012.0,2.0,G#3,56,2,0,0.6148915886878967,True,0.7243481278419495,True,0.7359324097633362,True
803,p0n897,32,2.75,0.25,1014.0,2.0,G#4,68,1,0,0.7974109053611755,True,0.5005369782447815,True,0.36414262652397156,False
804,p0n898,32,2.75,0.25,1014.0,2.0,E#3,53,2,0,0.24769648909568787,False,0.1145349070429802,False,0.28046807646751404,False
805,p0n899,32,3.0,0.25,1016.0,2.0,E#5,77,1,0,0.5299018025398254,True,0.23480726778507233,False,0.29824820160865784,False
806,p0n900,32,3.0,0.5,1016.0,4.0,C##3,50,2,0,0.73945152759552,True,0.8333686590194702,True,0.5434557795524597,True
807,p0n902,32,3.25,0.25,1018.0,2.0,F#5,78,1,0,0.6961184740066528,True,0.6610221862792969,True,0.46682795882225037,False
808,p0n903,32,3.5,0.25,1020.0,2.0,G#5,80,1,0,0.8626272082328796,True,0.8476250171661377,True,0.4857936501502991,False
809,p0n904,32,3.5,0.25,1020.0,2.0,E#3,53,2,0,0.18653930723667145,False,0.12856480479240417,False,0.294643372297287,False
810,p0n906,32,3.75,0.25,1022.0,2.0,E#5,77,1,0,0.6293402910232544,True,0.16340284049510956,False,0.2802692651748657,False
811,p0n907,32,3.75,0.25,1022.0,2.0,C##3,50,2,0,0.5359748005867004,True,0.34305721521377563,False,0.2796478867530823,False
812,p0n908,33,0.0,0.25,1024.0,2.0,C##5,74,1,0,0.09335820376873016,False,0.18086829781532288,False,0.3019757866859436,False
813,p0n909,33,0.0,0.5,1024.0,4.0,A#2,46,2,0,0.9624549150466919,True,0.7831425666809082,True,0.6314830183982849,True
814,p0n911,33,0.25,0.25,1026.0,2.0,D#5,75,1,0,0.4261883497238159,False,0.26277956366539,False,0.2983987033367157,False
815,p0n912,33,0.5,0.25,1028.0,2.0,E#5,77,1,0,0.5991359353065491,True,0.22979697585105896,False,0.3040231168270111,False
816,p0n913,33,0.5,0.25,1028.0,2.0,G#3,56,2,0,0.5732736587524414,True,0.618182897567749,True,0.7664595246315002,True
817,p0n915,33,0.75,0.25,1030.0,2.0,C##5,74,1,0,0.11646127700805664,False,0.0999988541007042,False,0.275073379278183,False
818,p0n916,33,0.75,0.25,1030.0,2.0,E#3,53,2,0,0.43761226534843445,False,0.1690799742937088,False,0.2876184284687042,False
819,p0n917,33,1.0,0.25,1032.0,2.0,A#4,70,1,0,0.5241047739982605,True,0.7039462924003601,True,0.3452158272266388,False
820,p0n918,33,1.0,0.5,1032.0,4.0,C##3,50,2,0,0.7744327783584595,True,0.4603162407875061,False,0.36783066391944885,False
821,p0n920,33,1.25,0.25,1034.0,2.0,B#4,72,1,0,0.54114830493927,True,0.154807448387146,False,0.2716658115386963,False
822,p0n921,33,1.5,0.25,1036.0,2.0,C##5,74,1,0,0.1074320375919342,False,0.11444482952356339,False,0.28774020075798035,False
823,p0n922,33,1.5,0.25,1036.0,2.0,A#2,46,2,0,0.9727521538734436,True,0.5232294797897339,True,0.2610788643360138,False
824,p0n924,33,1.75,0.25,1038.0,2.0,A#4,70,1,0,0.5064244270324707,True,0.46220752596855164,False,0.2517138123512268,False
825,p0n925,33,1.75,0.25,1038.0,2.0,F#2,42,2,0,0.2425110936164856,False,0.1406698375940323,False,0.2877053916454315,False
826,p0n926,33,2.0,0.25,1040.0,2.0,F#4,66,1,0,0.7890419363975525,True,0.8111091256141663,True,0.6547002792358398,True
827,p0n927,33,2.0,0.5,1040.0,4.0,D#2,39,2,0,0.9425384402275085,True,0.9666409492492676,True,0.7462399005889893,True
828,p0n929,33,2.25,0.25,1042.0,2.0,G#4,68,1,0,0.7644734978675842,True,0.8092854022979736,True,0.35436198115348816,False
829,p0n930,33,2.5,0.25,1044.0,2.0,A#4,70,1,0,0.4387773275375366,False,0.19773122668266296,False,0.3103182315826416,False
830,p0n931,33,2.5,0.25,1044.0,2.0,F#3,54,2,0,0.3822610080242157,False,0.23750020563602448,False,0.32145726680755615,False
831,p0n933,33,2.75,0.25,1046.0,2.0,F#4,66,1,0,0.46742576360702515,False,0.1434057205915451,False,0.2883906066417694,False
832,p0n934,33,2.75,0.25,1046.0,2.0,D#3,51,2,0,0.2567068040370941,False,0.11917994171380997,False,0.27102118730545044,False
833,p0n935,33,3.0,0.25,1048.0,2.0,D#5,75,1,0,0.19484248757362366,False,0.18259462714195251,False,0.2829318940639496,False
834,p0n936,33,3.0,0.5,1048.0,4.0,B#2,48,2,0,0.8799911737442017,True,0.5443633794784546,True,0.40166664123535156,False
835,p0n938,33,3.25,0.25,1050.0,2.0,E#5,77,1,0,0.6562260389328003,True,0.38948455452919006,False,0.34423771500587463,False
836,p0n939,33,3.5,0.25,1052.0,2.0,F#5,78,1,0,0.6888852119445801,True,0.4743172526359558,False,0.3923969864845276,False
837,p0n940,33,3.5,0.25,1052.0,2.0,D#3,51,2,0,0.2873418629169464,False,0.12662313878536224,False,0.2850489914417267,False
838,p0n942,33,3.75,0.25,1054.0,2.0,D#5,75,1,0,0.1432700902223587,False,0.12406247109174728,False,0.2724531590938568,False
839,p0n943,33,3.75,0.25,1054.0,2.0,B#2,48,2,0,0.9278428554534912,True,0.13432011008262634,False,0.2584644854068756,False
840,p0n944,34,0.0,0.25,1056.0,2.0,B#4,72,1,0,0.4005580246448517,False,0.3308207094669342,False,0.3411666750907898,False
841,p0n945,34,0.0,0.5,1056.0,4.0,G#2,44,2,0,0.5210079550743103,True,0.6925564408302307,True,0.3540877401828766,False
842,p0n947,34,0.25,0.25,1058.0,2.0,C#5,73,1,0,0.4058390259742737,False,0.19162118434906006,False,0.28268754482269287,False
843,p0n948,34,0.5,0.25,1060.0,2.0,D#5,75,1,0,0.16127938032150269,False,0.15526844561100006,False,0.28888097405433655,False
844,p0n949,34,0.5,0.25,1060.0,2.0,F#3,54,2,0,0.7065702676773071,True,0.8891282677650452,True,0.8614054918289185,True
845,p0n951,34,0.75,0.25,1062.0,2.0,B#4,72,1,0,0.30111563205718994,False,0.13330107927322388,False,0.2719317674636841,False
846,p0n952,34,0.75,0.25,1062.0,2.0,D#3,51,2,0,0.4297522008419037,False,0.16842900216579437,False,0.27645978331565857,False
847,p0n953,34,1.0,0.25,1064.0,2.0,G#4,68,1,0,0.7957338094711304,True,0.683924674987793,True,0.44527390599250793,False
848,p0n954,34,1.0,0.5,1064.0,4.0,B#2,48,2,0,0.9536523222923279,True,0.3995855152606964,False,0.3352610766887665,False
849,p0n956,34,1.25,0.25,1066.0,2.0,A#4,70,1,0,0.39422574639320374,False,0.21261803805828094,False,0.29858848452568054,False
850,p0n957,34,1.5,0.25,1068.0,2.0,B#4,72,1,0,0.8614590167999268,True,0.32474443316459656,False,0.3056353032588959,False
851,p0n958,34,1.5,0.25,1068.0,2.0,G#2,44,2,0,0.6990752220153809,True,0.6519483327865601,True,0.26338401436805725,False
852,p0n960,34,1.75,0.25,1070.0,2.0,G#4,68,1,0,0.8872169852256775,True,0.43186500668525696,False,0.28117308020591736,False
853,p0n961,34,1.75,0.25,1070.0,2.0,E#2,41,2,0,0.5868270397186279,True,0.5526319146156311,True,0.5159328579902649,True
854,p0n962,34,2.0,0.25,1072.0,2.0,E#4,65,1,0,0.6533111333847046,True,0.18627245724201202,False,0.28168636560440063,False
855,p0n963,34,2.0,1.0,1072.0,8.0,C#2,37,2,0,0.9538429379463196,True,0.9955242872238159,True,0.9504721760749817,True
856,p0n965,34,2.25,0.25,1074.0,2.0,F#4,66,1,0,0.3785470128059387,False,0.2218567281961441,False,0.3047308921813965,False
857,p0n966,34,2.5,0.25,1076.0,2.0,G#4,68,1,0,0.9702329635620117,True,0.7104532122612,True,0.3982068598270416,False
858,p0n967,34,2.75,0.25,1078.0,2.0,E#4,65,1,0,0.49057501554489136,False,0.06666029989719391,False,0.2766822278499603,False
859,p0n968,34,3.0,0.25,1080.0,2.0,C#4,61,1,0,0.9467890858650208,True,0.9529277682304382,True,0.5385791063308716,True
860,p0n970,34,3.25,0.25,1082.0,2.0,E#4,65,1,0,0.4269130825996399,False,0.07275514304637909,False,0.27816253900527954,False
861,p0n971,34,3.5,0.25,1084.0,2.0,G#4,68,1,0,0.9642791748046875,True,0.6560421586036682,True,0.42582574486732483,False
862,p0n972,34,3.75,0.25,1086.0,2.0,A#4,70,1,0,0.29245609045028687,False,0.16122430562973022,False,0.2864936292171478,False
863,p0n973,35,0.0,0.25,1088.0,2.0,B4,71,1,0,0.9520053863525391,True,0.8941447734832764,True,0.7525213360786438,True
864,p0n975,35,0.25,0.25,1090.0,2.0,A#4,70,1,0,0.17754431068897247,False,0.15313181281089783,False,0.2840147018432617,False
865,p0n976,35,0.5,0.25,1092.0,2.0,G#4,68,1,0,0.9508103728294373,True,0.5396050810813904,True,0.4364679753780365,False
866,p0n977,35,0.5,0.25,1092.0,2.0,B3,59,2,0,0.989192545413971,True,0.8925036787986755,True,0.8901248574256897,True
867,p0n978,35,0.75,0.25,1094.0,2.0,A#4,70,1,0,0.39514926075935364,False,0.19865591824054718,False,0.2947936952114105,False
868,p0n979,35,0.75,0.25,1094.0,2.0,C#3,49,2,0,0.5915961265563965,True,0.9675620198249817,True,0.7749491930007935,True
869,p0n980,35,1.0,0.5,1096.0,4.0,F#5,78,1,0,0.8182653784751892,True,0.744644284248352,True,0.7233732342720032,True
870,p0n981,35,1.0,0.25,1096.0,2.0,A#3,58,2,0,0.9500532150268555,True,0.9010716080665588,True,0.7001050114631653,True
871,p0n982,35,1.25,0.25,1098.0,2.0,C#3,49,2,0,0.5699427723884583,True,0.8216773867607117,True,0.7065377235412598,True
872,p0n983,35,1.5,0.5,1100.0,4.0,C#5,73,1,0,0.45947083830833435,False,0.31389158964157104,False,0.3369934856891632,False
873,p0n984,35,1.5,0.25,1100.0,2.0,G#3,56,2,0,0.500031054019928,True,0.6883701682090759,True,0.713655948638916,True
874,p0n985,35,1.75,0.25,1102.0,2.0,C#3,49,2,0,0.5748839974403381,True,0.8660212159156799,True,0.7936548590660095,True
875,p0n986,35,2.0,0.5,1104.0,4.0,A#4,70,1,0,0.7218374609947205,True,0.6867052912712097,True,0.4383517801761627,False
876,p0n987,35,2.0,0.25,1104.0,2.0,F#3,54,2,0,0.7384700775146484,True,0.921524167060852,True,0.9175094366073608,True
877,p0n988,35,2.25,0.25,1106.0,2.0,C#3,49,2,0,0.6302421689033508,True,0.9359273314476013,True,0.7225886583328247,True
878,p0n989,35,2.5,0.25,1108.0,2.0,G#4,68,1,0,0.919095516204834,True,0.6197385191917419,True,0.3300797939300537,False
879,p0n990,35,2.5,0.25,1108.0,2.0,E#3,53,2,0,0.7731088399887085,True,0.14399196207523346,False,0.2854551672935486,False
880,p0n991,35,2.75,0.25,1110.0,2.0,F#4,66,1,0,0.7430636286735535,True,0.2865188717842102,False,0.3372904658317566,False
881,p0n992,35,2.75,0.25,1110.0,2.0,C#3,49,2,0,0.6577941179275513,True,0.5410211682319641,True,0.4208768606185913,False
882,p0n993,35,3.0,0.25,1112.0,2.0,G#4,68,1,0,0.9175882339477539,True,0.8904930949211121,True,0.4276868402957916,False
883,p0n994,35,3.0,0.5,1112.0,4.0,E#3,53,2,0,0.8648936748504639,True,0.28548774123191833,False,0.2938581109046936,False
884,p0n995,35,3.25,0.25,1114.0,2.0,C#4,61,1,0,0.7379081845283508,True,0.8162464499473572,True,0.4974983334541321,False
885,p0n996,35,3.5,0.25,1116.0,2.0,E#4,65,1,0,0.8647661805152893,True,0.04314900562167168,False,0.29350775480270386,False
886,p0n997,35,3.5,0.5,1116.0,4.0,G#2,44,2,0,0.7669468522071838,True,0.6407362818717957,True,0.63740074634552,True
887,p0n998,35,3.75,0.25,1118.0,2.0,G#4,68,1,0,0.850878894329071,True,0.7234267592430115,True,0.24191218614578247,False
888,p0n999,36,0.0,0.25,1120.0,2.0,A#4,70,1,0,0.3074067533016205,False,0.2759513556957245,False,0.330904483795166,False
889,p0n1001,36,0.25,0.25,1122.0,2.0,G#4,68,1,0,0.7563468813896179,True,0.8302593231201172,True,0.20237688720226288,False
890,p0n1002,36,0.5,0.25,1124.0,2.0,F#4,66,1,0,0.3646591305732727,False,0.21045425534248352,False,0.314370334148407,False
891,p0n1003,36,0.5,0.25,1124.0,2.0,A#3,58,2,0,0.9589416980743408,True,0.7101945877075195,True,0.20350053906440735,False
892,p0n1004,36,0.75,0.25,1126.0,2.0,G#4,68,1,0,0.8459363579750061,True,0.7164049744606018,True,0.3371894359588623,False
893,p0n1005,36,0.75,0.25,1126.0,2.0,C#3,49,2,0,0.7721776962280273,True,0.6697537899017334,True,0.5813425183296204,True
894,p0n1006,36,1.0,0.5,1128.0,4.0,E#5,77,1,0,0.5539808869361877,True,0.11728261411190033,False,0.2924688160419464,False
895,p0n1007,36,1.0,0.25,1128.0,2.0,G#3,56,2,0,0.8601158261299133,True,0.5650496482849121,True,0.6058192253112793,True
896,p0n1008,36,1.25,0.25,1130.0,2.0,C#3,49,2,0,0.6088384985923767,True,0.7232840657234192,True,0.5551080703735352,True
897,p0n1009,36,1.5,0.5,1132.0,4.0,C#5,73,1,0,0.6200115084648132,True,0.6991412043571472,True,0.45872485637664795,False
898,p0n1010,36,1.5,0.25,1132.0,2.0,F#3,54,2,0,0.5264581441879272,True,0.13694508373737335,False,0.30240103602409363,False
899,p0n1011,36,1.75,0.25,1134.0,2.0,C#3,49,2,0,0.860039472579956,True,0.9024252891540527,True,0.5641908049583435,True
900,p0n1012,36,2.0,0.5,1136.0,4.0,G#4,68,1,0,0.8623897433280945,True,0.7690450549125671,True,0.39161550998687744,False
901,p0n1013,36,2.0,0.25,1136.0,2.0,E#3,53,2,0,0.8902114629745483,True,0.4790727496147156,False,0.29462751746177673,False
902,p0n1014,36,2.25,0.25,1138.0,2.0,C#3,49,2,0,0.5877062082290649,True,0.7740280032157898,True,0.5130971074104309,True
903,p0n1015,36,2.5,0.25,1140.0,2.0,F#4,66,1,0,0.5381489396095276,True,0.29032617807388306,False,0.3535485863685608,False
904,p0n1016,36,2.5,0.25,1140.0,2.0,D#3,51,2,0,0.792033851146698,True,0.7060530185699463,True,0.7442319393157959,True
905,p0n1017,36,2.75,0.25,1142.0,2.0,E#4,65,1,0,0.6602321267127991,True,0.02604031004011631,False,0.27635136246681213,False
906,p0n1018,36,2.75,0.25,1142.0,2.0,C#3,49,2,0,0.6005959510803223,True,0.45640307664871216,False,0.35082656145095825,False
907,p0n1019,36,3.0,0.25,1144.0,2.0,F#4,66,1,0,0.49260905385017395,False,0.2860250473022461,False,0.32919058203697205,False
908,p0n1020,36,3.0,0.5,1144.0,4.0,D#3,51,2,0,0.6931383013725281,True,0.367948442697525,False,0.2753223478794098,False
909,p0n1021,36,3.25,0.25,1146.0,2.0,B#3,60,1,0,0.804628849029541,True,0.28118211030960083,False,0.2514212727546692,False
910,p0n1022,36,3.5,0.25,1148.0,2.0,D#4,63,1,0,0.6415821313858032,True,0.969452440738678,True,0.6061012744903564,True
911,p0n1023,36,3.5,0.5,1148.0,4.0,G#2,44,2,0,0.6475498676300049,True,0.4713681936264038,False,0.438605397939682,False
912,p0n1024,36,3.75,0.25,1150.0,2.0,F#4,66,1,0,0.5850221514701843,True,0.5394899249076843,True,0.28837570548057556,False
913,p0n1025,37,0.0,0.25,1152.0,2.0,G#4,68,1,0,0.863976240158081,True,0.4907839000225067,False,0.36772453784942627,False
914,p0n1027,37,0.25,0.25,1154.0,2.0,F#4,66,1,0,0.7552711367607117,True,0.4811359941959381,False,0.39325568079948425,False
915,p0n1028,37,0.5,0.25,1156.0,2.0,E#4,65,1,0,0.8144823908805847,True,0.3459630012512207,False,0.2930254340171814,False
916,p0n1029,37,0.5,0.25,1156.0,2.0,G#3,56,2,0,0.6099427342414856,True,0.2638390362262726,False,0.3039942979812622,False
917,p0n1030,37,0.75,0.25,1158.0,2.0,F#4,66,1,0,0.508544921875,True,0.3024655282497406,False,0.3156661093235016,False
918,p0n1031,37,0.75,0.25,1158.0,2.0,G#2,44,2,0,0.3187774419784546,False,0.13674668967723846,False,0.28634366393089294,False
919,p0n1032,37,1.0,0.5,1160.0,4.0,D#5,75,1,0,0.3805292844772339,False,0.33777058124542236,False,0.32817694544792175,False
920,p0n1033,37,1.0,0.25,1160.0,2.0,F#3,54,2,0,0.900404155254364,True,0.7845464944839478,True,0.7055637836456299,True
921,p0n1034,37,1.25,0.25,1162.0,2.0,G#2,44,2,0,0.27859410643577576,False,0.13937190175056458,False,0.2878780961036682,False
922,p0n1035,37,1.5,0.5,1164.0,4.0,B#4,72,1,0,0.6902950406074524,True,0.4775888919830322,False,0.3709695339202881,False
923,p0n1036,37,1.5,0.25,1164.0,2.0,E#3,53,2,0,0.9362547993659973,True,0.0672765001654625,False,0.28002628684043884,False
924,p0n1037,37,1.75,0.25,1166.0,2.0,G#2,44,2,0,0.21324370801448822,False,0.1307881474494934,False,0.28616559505462646,False
925,p0n1038,37,2.0,0.5,1168.0,4.0,F#4,66,1,0,0.9562654495239258,True,0.9337495565414429,True,0.6154446601867676,True
926,p0n1039,37,2.0,0.25,1168.0,2.0,D#3,51,2,0,0.9801573157310486,True,0.6306397318840027,True,0.4371621012687683,False
927,p0n1040,37,2.25,0.25,1170.0,2.0,G#2,44,2,0,0.22826924920082092,False,0.13412310183048248,False,0.2864058315753937,False
928,p0n1041,37,2.5,0.25,1172.0,2.0,E#4,65,1,0,0.7327425479888916,True,0.12850846350193024,False,0.28581473231315613,False
929,p0n1042,37,2.5,0.25,1172.0,2.0,C#3,49,2,0,0.650761067867279,True,0.13039284944534302,False,0.29003477096557617,False
930,p0n1043,37,2.75,0.25,1174.0,2.0,D#4,63,1,0,0.8258836269378662,True,0.4855475425720215,False,0.29193079471588135,False
931,p0n1044,37,2.75,0.25,1174.0,2.0,B#2,48,2,0,0.9731883406639099,True,0.142188161611557,False,0.25135815143585205,False
932,p0n1045,37,3.0,0.25,1176.0,2.0,E#4,65,1,0,0.6787424683570862,True,0.3055819869041443,False,0.29655203223228455,False
933,p0n1046,37,3.0,0.25,1176.0,2.0,C#3,49,2,0,0.45779091119766235,False,0.36044761538505554,False,0.34109795093536377,False
934,p0n1047,37,3.25,0.25,1178.0,2.0,G#4,68,1,0,0.286381334066391,False,0.13394659757614136,False,0.2871319055557251,False
935,p0n1048,37,3.25,0.25,1178.0,2.0,G#2,44,2,0,0.2529240548610687,False,0.13441349565982819,False,0.2868427634239197,False
936,p0n1049,37,3.5,0.25,1180.0,2.0,A#4,70,1,0,0.7724586129188538,True,0.6928471922874451,True,0.4350666105747223,False
937,p0n1050,37,3.5,0.25,1180.0,2.0,E#3,53,2,0,0.6589717864990234,True,0.12147234380245209,False,0.28211262822151184,False
938,p0n1051,37,3.75,0.25,1182.0,2.0,B#4,72,1,0,0.682915985584259,True,0.37206658720970154,False,0.2735648453235626,False
939,p0n1052,37,3.75,0.25,1182.0,2.0,D#3,51,2,0,0.958613395690918,True,0.10380195826292038,False,0.26500487327575684,False
940,p0n1053,38,0.0,0.25,1184.0,2.0,C#5,73,1,0,0.6145588159561157,True,0.7223132252693176,True,0.5654784440994263,True
941,p0n1054,38,0.0,0.25,1184.0,2.0,E#3,53,2,0,0.7494955658912659,True,0.2825680077075958,False,0.3172580599784851,False
942,p0n1055,38,0.25,0.25,1186.0,2.0,D#5,75,1,0,0.09860528260469437,False,0.11991599202156067,False,0.27209901809692383,False
943,p0n1056,38,0.25,0.25,1186.0,2.0,G#2,44,2,0,0.25796592235565186,False,0.1452794373035431,False,0.28832972049713135,False
944,p0n1057,38,0.5,0.25,1188.0,2.0,E#5,77,1,0,0.20178036391735077,False,0.1303279548883438,False,0.29533547163009644,False
945,p0n1058,38,0.5,0.25,1188.0,2.0,G#3,56,2,0,0.42478206753730774,False,0.15133634209632874,False,0.30449798703193665,False
946,p0n1059,38,0.75,0.25,1190.0,2.0,D#5,75,1,0,0.07124098390340805,False,0.11458708345890045,False,0.2710951864719391,False
947,p0n1060,38,0.75,0.25,1190.0,2.0,F#3,54,2,0,0.40458956360816956,False,0.22135646641254425,False,0.30215445160865784,False
948,p0n1061,38,1.0,0.25,1192.0,2.0,F#5,78,1,0,0.7808446884155273,True,0.6303620338439941,True,0.3776300251483917,False
949,p0n1062,38,1.0,0.25,1192.0,2.0,G#3,56,2,0,0.8179500699043274,True,0.749945878982544,True,0.4939795136451721,False
950,p0n1063,38,1.25,0.25,1194.0,2.0,E#5,77,1,0,0.4692234396934509,False,0.17512284219264984,False,0.29330936074256897,False
951,p0n1064,38,1.25,0.25,1194.0,2.0,G#2,44,2,0,0.2342902272939682,False,0.12722240388393402,False,0.2855437099933624,False
952,p0n1065,38,1.5,0.25,1196.0,2.0,D#5,75,1,0,0.24492795765399933,False,0.14620833098888397,False,0.2863456904888153,False
953,p0n1066,38,1.5,0.25,1196.0,2.0,A#3,58,2,0,0.8313448429107666,True,0.7029897570610046,True,0.4572419226169586,False
954,p0n1067,38,1.75,0.25,1198.0,2.0,C#5,73,1,0,0.2512635588645935,False,0.16722814738750458,False,0.277124285697937,False
955,p0n1068,38,1.75,0.25,1198.0,2.0,G#2,44,2,0,0.17754140496253967,False,0.13117444515228271,False,0.28598326444625854,False
956,p0n1070,38,2.0,0.125,1200.0,1.0,A#5,82,1,0,0.7992647290229797,True,0.9951049089431763,True,0.8524721264839172,True
957,p0n1069,38,2.0,2.25,1200.0,18.0,G#5,80,1,0,0.9524245858192444,True,0.9717268347740173,True,0.8450158834457397,True
958,p0n1071,38,2.0,0.25,1200.0,2.0,B#3,60,2,0,0.9290534257888794,True,0.6573670506477356,True,0.3453550636768341,False
959,p0n1072,38,2.125,0.125,1201.0,1.0,G#5,80,1,0,0.8742737770080566,True,0.274460107088089,False,0.3157539963722229,False
960,p0n1073,38,2.25,0.125,1202.0,1.0,F##5,79,1,0,0.2008056789636612,False,0.2103143036365509,False,0.3076493442058563,False
961,p0n1074,38,2.25,0.25,1202.0,2.0,C#4,61,2,0,0.6758895516395569,True,0.6619573831558228,True,0.20197421312332153,False
962,p0n1075,38,2.375,0.125,1203.0,1.0,G#5,80,1,0,0.9665265083312988,True,0.7156007289886475,True,0.5035644769668579,True
963,p0n1076,38,2.5,0.125,1204.0,1.0,A#5,82,1,0,0.6440708041191101,True,0.48351600766181946,False,0.3349471390247345,False
964,p0n1077,38,2.5,0.25,1204.0,2.0,D#4,63,2,0,0.933463990688324,True,0.3937216103076935,False,0.32773056626319885,False
965,p0n1078,38,2.625,0.125,1205.0,1.0,G#5,80,1,0,0.9549172520637512,True,0.5482704639434814,True,0.37521660327911377,False
966,p0n1079,38,2.75,0.125,1206.0,1.0,A#5,82,1,0,0.5169937014579773,True,0.5074399709701538,True,0.3634244501590729,False
967,p0n1080,38,2.75,0.25,1206.0,2.0,B#3,60,2,0,0.6554511189460754,True,0.08199698477983475,False,0.26081767678260803,False
968,p0n1081,38,2.875,0.125,1207.0,1.0,G#5,80,1,0,0.9771248698234558,True,0.6688028573989868,True,0.46255889534950256,False
969,p0n1082,38,3.0,0.125,1208.0,1.0,A#5,82,1,0,0.547583818435669,True,0.6369580626487732,True,0.3668900430202484,False
970,p0n1083,38,3.0,0.25,1208.0,2.0,G#3,56,2,0,0.620935320854187,True,0.584955632686615,True,0.2447126805782318,False
971,p0n1084,38,3.125,0.125,1209.0,1.0,G#5,80,1,0,0.9371290802955627,True,0.42415115237236023,False,0.36525604128837585,False
972,p0n1085,38,3.25,0.125,1210.0,1.0,A#5,82,1,0,0.6182477474212646,True,0.3480176627635956,False,0.2916204333305359,False
973,p0n1086,38,3.25,0.25,1210.0,2.0,B#3,60,2,0,0.6452805995941162,True,0.08203912526369095,False,0.261577844619751,False
974,p0n1087,38,3.375,0.125,1211.0,1.0,G#5,80,1,0,0.962315022945404,True,0.4764654040336609,False,0.38102343678474426,False
975,p0n1088,38,3.5,0.125,1212.0,1.0,A#5,82,1,0,0.65590500831604,True,0.37401264905929565,False,0.3371219336986542,False
976,p0n1089,38,3.5,0.25,1212.0,2.0,D#4,63,1,0,0.9806721806526184,True,0.6623618006706238,True,0.2930959463119507,False
977,p0n1090,38,3.625,0.125,1213.0,1.0,G#5,80,1,0,0.9629195928573608,True,0.5657583475112915,True,0.3897031843662262,False
978,p0n1091,38,3.75,0.125,1214.0,1.0,A#5,82,1,0,0.3972935080528259,False,0.21471554040908813,False,0.3011196255683899,False
979,p0n1092,38,3.75,0.25,1214.0,2.0,E#4,65,1,0,0.18597519397735596,False,0.10676685720682144,False,0.2802608013153076,False
980,p0n1093,38,3.875,0.125,1215.0,1.0,G#5,80,1,0,0.9456592798233032,True,0.5322691202163696,True,0.35608047246932983,False
981,p0n1095,39,0.0,0.25,1216.0,2.0,F#4,66,1,0,0.8911609053611755,True,0.6976840496063232,True,0.34092140197753906,False
982,p0n1096,39,0.25,0.25,1218.0,2.0,G#5,80,1,0,0.7568326592445374,True,0.5680207014083862,True,0.4461563229560852,False
983,p0n1097,39,0.25,0.25,1218.0,2.0,E#4,65,1,0,0.3159758448600769,False,0.1114426925778389,False,0.2816929519176483,False
984,p0n1098,39,0.5,0.25,1220.0,2.0,F#5,78,1,0,0.9133244156837463,True,0.8076880574226379,True,0.5428608059883118,True
985,p0n1099,39,0.5,0.25,1220.0,2.0,D#4,63,1,0,0.9172433018684387,True,0.8978171348571777,True,0.45775851607322693,False
986,p0n1100,39,0.75,0.25,1222.0,2.0,G#5,80,1,0,0.7518438696861267,True,0.5587226152420044,True,0.3666229248046875,False
987,p0n1101,39,0.75,0.25,1222.0,2.0,F#4,66,1,0,0.6602399945259094,True,0.48516109585762024,False,0.24623742699623108,False
988,p0n1102,39,1.0,0.25,1224.0,2.0,E#5,77,1,0,0.9333251714706421,True,0.40612831711769104,False,0.33998265862464905,False
989,p0n1103,39,1.0,0.5,1224.0,4.0,C#5,73,1,0,0.4946244955062866,False,0.41624918580055237,False,0.36580830812454224,False
990,p0n1104,39,1.25,0.25,1226.0,2.0,G#5,80,1,0,0.552003026008606,True,0.6290073394775391,True,0.40984031558036804,False
991,p0n1105,39,1.5,0.25,1228.0,2.0,D#5,75,1,0,0.3024273216724396,False,0.1727880835533142,False,0.29296937584877014,False
992,p0n1106,39,1.5,0.5,1228.0,4.0,G#4,68,1,0,0.7468509078025818,True,0.7979184985160828,True,0.44484958052635193,False
993,p0n1107,39,1.75,0.25,1230.0,2.0,G#5,80,1,0,0.8116068243980408,True,0.6967048645019531,True,0.4605093002319336,False
994,p0n1108,39,2.0,0.25,1232.0,2.0,C#5,73,1,0,0.6637229919433594,True,0.6217630505561829,True,0.5583107471466064,True
995,p0n1109,39,2.0,0.5,1232.0,4.0,E#4,65,1,0,0.4173680245876312,False,0.2816571593284607,False,0.3211507797241211,False
996,p0n1110,39,2.25,0.25,1234.0,2.0,G#5,80,1,0,0.8435841798782349,True,0.5953850150108337,True,0.5851381421089172,True
997,p0n1111,39,2.5,0.25,1236.0,2.0,B#4,72,1,0,0.8947963118553162,True,0.2978581190109253,False,0.291073203086853,False
998,p0n1112,39,2.5,0.25,1236.0,2.0,D#4,63,1,0,0.849787712097168,True,0.6445701122283936,True,0.5506560802459717,True
999,p0n1113,39,2.75,0.25,1238.0,2.0,A#4,70,1,0,0.9824519753456116,True,0.898979127407074,True,0.5768254995346069,True
1000,p0n1114,39,2.75,0.25,1238.0,2.0,C#4,61,1,0,0.856900155544281,True,0.6625691056251526,True,0.2265925109386444,False
1001,p0n1115,39,3.0,0.25,1240.0,2.0,B#4,72,1,0,0.8070794343948364,True,0.40232816338539124,False,0.302987277507782,False
1002,p0n1116,39,3.0,0.25,1240.0,2.0,D#4,63,1,0,0.9412645697593689,True,0.7807798981666565,True,0.495775043964386,False
1003,p0n1117,39,3.25,0.25,1242.0,2.0,D#5,75,1,0,0.12689435482025146,False,0.13590581715106964,False,0.2736804485321045,False
1004,p0n1118,39,3.25,0.25,1242.0,2.0,G#3,56,2,0,0.7033566236495972,True,0.5430487990379333,True,0.11366630345582962,False
1005,p0n1119,39,3.5,0.25,1244.0,2.0,E#5,77,1,0,0.8418816328048706,True,0.13862380385398865,False,0.29035213589668274,False
1006,p0n1120,39,3.5,0.25,1244.0,2.0,C#4,61,1,0,0.893778383731842,True,0.6742963194847107,True,0.23606973886489868,False
1007,p0n1121,39,3.75,0.25,1246.0,2.0,F#5,78,1,0,0.665957510471344,True,0.4791087508201599,False,0.33693650364875793,False
1008,p0n1122,39,3.75,0.25,1246.0,2.0,D#4,63,1,0,0.8019851446151733,True,0.39844539761543274,False,0.26687270402908325,False
1009,p0n1123,40,0.0,0.25,1248.0,2.0,G#5,80,1,0,0.9610695242881775,True,0.954046905040741,True,0.773592472076416,True
1010,p0n1124,40,0.0,0.25,1248.0,2.0,E#4,65,1,0,0.1315651535987854,False,0.19820301234722137,False,0.31058594584465027,False
1011,p0n1125,40,0.25,0.25,1250.0,2.0,F#5,78,1,0,0.5671073794364929,True,0.433646559715271,False,0.30408066511154175,False
1012,p0n1126,40,0.25,0.25,1250.0,2.0,D#4,63,1,0,0.6329922676086426,True,0.5735980868339539,True,0.3542223274707794,False
1013,p0n1127,40,0.5,0.25,1252.0,2.0,E#5,77,1,0,0.6238449811935425,True,0.25405529141426086,False,0.29671603441238403,False
1014,p0n1128,40,0.5,0.25,1252.0,2.0,C#4,61,1,0,0.8859182000160217,True,0.7554464936256409,True,0.2808987498283386,False
1015,p0n1129,40,0.75,0.25,1254.0,2.0,G#5,80,1,0,0.9397989511489868,True,0.6090171337127686,True,0.4742780029773712,False
1016,p0n1130,40,0.75,0.25,1254.0,2.0,D#4,63,1,0,0.6953467130661011,True,0.3941463530063629,False,0.30110451579093933,False
1017,p0n1131,40,1.0,0.25,1256.0,2.0,D#5,75,1,0,0.8138867020606995,True,0.8034812211990356,True,0.6734218597412109,True
1018,p0n1132,40,1.0,0.5,1256.0,4.0,B#4,72,1,0,0.7024365067481995,True,0.21442368626594543,False,0.2850707769393921,False
1019,p0n1133,40,1.25,0.25,1258.0,2.0,G#5,80,1,0,0.7226967215538025,True,0.6983354687690735,True,0.5822930335998535,True
1020,p0n1134,40,1.5,0.25,1260.0,2.0,C#5,73,1,0,0.08916138857603073,False,0.12692607939243317,False,0.2813480496406555,False
1021,p0n1135,40,1.5,0.5,1260.0,4.0,G#4,68,1,0,0.9900436401367188,True,0.9666408896446228,True,0.8107592463493347,True
1022,p0n1136,40,1.75,0.25,1262.0,2.0,G#5,80,1,0,0.8432156443595886,True,0.6756716966629028,True,0.5532196760177612,True
1023,p0n1137,40,2.0,0.25,1264.0,2.0,B#4,72,1,0,0.8750012516975403,True,0.42403775453567505,False,0.34691181778907776,False
1024,p0n1138,40,2.0,0.5,1264.0,4.0,D#4,63,1,0,0.9213235974311829,True,0.9231227040290833,True,0.7959949374198914,True
1025,p0n1139,40,2.25,0.25,1266.0,2.0,G#5,80,1,0,0.8469526767730713,True,0.6557541489601135,True,0.48551928997039795,False
1026,p0n1140,40,2.5,0.25,1268.0,2.0,A#4,70,1,0,0.7400872707366943,True,0.8091561794281006,True,0.5761550068855286,True
1027,p0n1141,40,2.5,0.25,1268.0,2.0,C#4,61,1,0,0.5908042192459106,True,0.49930906295776367,False,0.32452788949012756,False
1028,p0n1142,40,2.75,0.25,1270.0,2.0,G#4,68,1,0,0.9917643666267395,True,0.916965663433075,True,0.5297126173973083,True
1029,p0n1143,40,2.75,0.25,1270.0,2.0,B#3,60,1,0,0.940920889377594,True,0.10283109545707703,False,0.26934149861335754,False
1030,p0n1144,40,3.0,0.25,1272.0,2.0,A#4,70,1,0,0.5886244177818298,True,0.8214760422706604,True,0.3923387825489044,False
1031,p0n1145,40,3.0,0.25,1272.0,2.0,C#4,61,1,0,0.7662447094917297,True,0.7097402215003967,True,0.2173113226890564,False
1032,p0n1146,40,3.25,0.25,1274.0,2.0,C#5,73,1,0,0.05993331968784332,False,0.12511880695819855,False,0.2696674168109894,False
1033,p0n1147,40,3.25,0.25,1274.0,2.0,G#3,56,2,0,0.7827938795089722,True,0.10947033762931824,False,0.29153701663017273,False
1034,p0n1148,40,3.5,0.25,1276.0,2.0,D#5,75,1,0,0.8299804329872131,True,0.4829649031162262,False,0.3463791012763977,False
1035,p0n1149,40,3.5,0.25,1276.0,2.0,B#3,60,1,0,0.9287397861480713,True,0.04671531543135643,False,0.27256569266319275,False
1036,p0n1150,40,3.75,0.25,1278.0,2.0,E#5,77,1,0,0.39079558849334717,False,0.1763206273317337,False,0.2930780351161957,False
1037,p0n1151,40,3.75,0.25,1278.0,2.0,C#4,61,1,0,0.6338348984718323,True,0.42093950510025024,False,0.2941018044948578,False
1038,p0n1152,41,0.0,0.25,1280.0,2.0,F#5,78,1,0,0.859702467918396,True,0.9510512948036194,True,0.7164135575294495,True
1039,p0n1153,41,0.0,0.25,1280.0,2.0,D#4,63,1,0,0.9256296157836914,True,0.8357097506523132,True,0.6750581860542297,True
1040,p0n1154,41,0.25,0.25,1282.0,2.0,E#5,77,1,0,0.2613322138786316,False,0.14297764003276825,False,0.2862725853919983,False
1041,p0n1155,41,0.25,0.25,1282.0,2.0,C#4,61,1,0,0.46429792046546936,False,0.15295083820819855,False,0.27807188034057617,False
1042,p0n1156,41,0.5,0.25,1284.0,2.0,D#5,75,1,0,0.8725396990776062,True,0.4042797386646271,False,0.31651920080184937,False
1043,p0n1157,41,0.5,0.25,1284.0,2.0,B#3,60,1,0,0.9455321431159973,True,0.35620662569999695,False,0.2598605453968048,False
1044,p0n1158,41,0.75,0.25,1286.0,2.0,E#5,77,1,0,0.4020429253578186,False,0.15217794477939606,False,0.28665590286254883,False
1045,p0n1159,41,0.75,0.25,1286.0,2.0,C#4,61,1,0,0.6362259387969971,True,0.8076056241989136,True,0.2800588607788086,False
1046,p0n1160,41,1.0,0.25,1288.0,2.0,C#5,73,1,0,0.6582738757133484,True,0.744255781173706,True,0.4568026065826416,False
1047,p0n1161,41,1.0,0.5,1288.0,4.0,A#4,70,1,0,0.5159149169921875,True,0.8440645337104797,True,0.6638427972793579,True
1048,p0n1162,41,1.25,0.25,1290.0,2.0,D#5,75,1,0,0.4638853073120117,False,0.21752983331680298,False,0.2897483706474304,False
1049,p0n1163,41,1.5,0.25,1292.0,2.0,B#4,72,1,0,0.6025006175041199,True,0.2049569934606552,False,0.28105583786964417,False
1050,p0n1164,41,1.5,0.5,1292.0,4.0,F##4,67,1,0,0.9023077487945557,True,0.8090037107467651,True,0.6894933581352234,True
1051,p0n1165,41,1.75,0.25,1294.0,2.0,D#5,75,1,0,0.7231329083442688,True,0.5269649028778076,True,0.3526786267757416,False
1052,p0n1166,41,2.0,0.25,1296.0,2.0,A#4,70,1,0,0.9446337819099426,True,0.845501720905304,True,0.6465070247650146,True
1053,p0n1167,41,2.0,0.5,1296.0,4.0,C#4,61,2,0,0.7997515201568604,True,0.9260793328285217,True,0.3557823598384857,False
1054,p0n1168,41,2.25,0.25,1298.0,2.0,D#5,75,1,0,0.6045085787773132,True,0.42653459310531616,False,0.3261713981628418,False
1055,p0n1169,41,2.5,0.25,1300.0,2.0,G#4,68,1,0,0.807572066783905,True,0.35891416668891907,False,0.3338896632194519,False
1056,p0n1170,41,2.5,0.25,1300.0,2.0,B#3,60,2,0,0.8016068935394287,True,0.2981441020965576,False,0.2922176420688629,False
1057,p0n1171,41,2.75,0.25,1302.0,2.0,F##4,67,1,0,0.7926206588745117,True,0.8347094655036926,True,0.4407261908054352,False
1058,p0n1172,41,2.75,0.25,1302.0,2.0,A#3,58,2,0,0.660996675491333,True,0.3299080729484558,False,0.292828768491745,False
1059,p0n1173,41,3.0,0.25,1304.0,2.0,G#4,68,1,0,0.8498376607894897,True,0.4950985908508301,False,0.3511594533920288,False
1060,p0n1174,41,3.0,0.25,1304.0,2.0,B#3,60,2,0,0.8463025689125061,True,0.4464071989059448,False,0.3249798119068146,False
1061,p0n1175,41,3.25,0.25,1306.0,2.0,B#4,72,1,0,0.36091551184654236,False,0.1683289110660553,False,0.27684512734413147,False
1062,p0n1176,41,3.25,0.25,1306.0,2.0,G#3,56,2,0,0.6416938304901123,True,0.17308618128299713,False,0.28168410062789917,False
1063,p0n1177,41,3.5,0.25,1308.0,2.0,C#5,73,1,0,0.7298131585121155,True,0.5888683199882507,True,0.43912020325660706,False
1064,p0n1178,41,3.5,0.25,1308.0,2.0,A#3,58,2,0,0.8769552111625671,True,0.13874882459640503,False,0.29376348853111267,False
1065,p0n1179,41,3.75,0.25,1310.0,2.0,D#5,75,1,0,0.6913752555847168,True,0.3386663794517517,False,0.29489779472351074,False
1066,p0n1180,41,3.75,0.25,1310.0,2.0,B#3,60,2,0,0.4249080717563629,False,0.13337446749210358,False,0.27001237869262695,False
1067,p0n1181,42,0.0,0.25,1312.0,2.0,E#5,77,1,0,0.33734920620918274,False,0.36821219325065613,False,0.3717021942138672,False
1068,p0n1182,42,0.0,0.25,1312.0,2.0,C#4,61,2,0,0.9364129304885864,True,0.8874144554138184,True,0.39609140157699585,False
1069,p0n1183,42,0.25,0.25,1314.0,2.0,F#5,78,1,0,0.7998449802398682,True,0.6519882082939148,True,0.45856577157974243,False
1070,p0n1184,42,0.25,0.25,1314.0,2.0,D#4,63,2,0,0.7853167057037354,True,0.3989512622356415,False,0.304638534784317,False
1071,p0n1185,42,0.5,0.25,1316.0,2.0,G#5,80,1,0,0.9030949473381042,True,0.6344199776649475,True,0.4309467673301697,False
1072,p0n1186,42,0.5,0.25,1316.0,2.0,E#4,65,2,0,0.07817675918340683,False,0.11510804295539856,False,0.2910948395729065,False
1073,p0n1187,42,0.75,0.25,1318.0,2.0,A#5,82,1,0,0.7616780996322632,True,0.5832894444465637,True,0.4127064347267151,False
1074,p0n1188,42,0.75,0.25,1318.0,2.0,D#4,63,2,0,0.5439930558204651,True,0.19916540384292603,False,0.26759958267211914,False
1075,p0n1189,42,1.0,0.5,1320.0,4.0,B#4,72,1,0,0.7615790367126465,True,0.6867513656616211,True,0.35824331641197205,False
1076,p0n1190,42,1.0,0.25,1320.0,2.0,F#4,66,2,0,0.8682324290275574,True,0.9367069602012634,True,0.6958339214324951,True
1077,p0n1191,42,1.25,0.25,1322.0,2.0,E#4,65,2,0,0.13359799981117249,False,0.11489467322826385,False,0.2800102233886719,False
1078,p0n1192,42,1.5,0.5,1324.0,4.0,G#4,68,1,0,0.9219714403152466,True,0.6786682605743408,True,0.41753605008125305,False
1079,p0n1193,42,1.5,0.25,1324.0,2.0,D#4,63,2,0,0.8585848212242126,True,0.34222331643104553,False,0.2888386845588684,False
1080,p0n1194,42,1.75,0.25,1326.0,2.0,C#4,61,2,0,0.4234132766723633,False,0.11871211230754852,False,0.27190691232681274,False
1081,p0n1195,42,2.0,0.25,1328.0,2.0,A#4,70,1,0,0.7757023572921753,True,0.7060173153877258,True,0.46646878123283386,False
1082,p0n1196,42,2.0,0.5,1328.0,4.0,F#4,66,2,0,0.8993621468544006,True,0.9111538529396057,True,0.5575316548347473,True
1083,p0n1197,42,2.25,0.25,1330.0,2.0,G#4,68,1,0,0.665265679359436,True,0.6532738208770752,True,0.3259626626968384,False
1084,p0n1198,42,2.5,0.25,1332.0,2.0,F#4,66,1,0,0.8094871640205383,True,0.534310519695282,True,0.34993961453437805,False
1085,p0n1199,42,2.5,0.25,1332.0,2.0,A#3,58,2,0,0.34547337889671326,False,0.1623760163784027,False,0.2986963093280792,False
1086,p0n1200,42,2.75,0.25,1334.0,2.0,G#4,68,1,0,0.7715267539024353,True,0.3339657187461853,False,0.2746962904930115,False
1087,p0n1201,42,2.75,0.25,1334.0,2.0,B#3,60,2,0,0.6916995048522949,True,0.25480344891548157,False,0.2618047595024109,False
1088,p0n1202,42,3.0,0.5,1336.0,4.0,E#5,77,1,0,0.657313883304596,True,0.1943802833557129,False,0.2918875515460968,False
1089,p0n1203,42,3.0,0.25,1336.0,2.0,C#4,61,2,0,0.8329477906227112,True,0.6295894980430603,True,0.5282599329948425,True
1090,p0n1204,42,3.25,0.25,1338.0,2.0,B#3,60,2,0,0.3825344145298004,False,0.11107292026281357,False,0.2669937014579773,False
1091,p0n1205,42,3.5,0.5,1340.0,4.0,C#5,73,1,0,0.6829279065132141,True,0.7185147404670715,True,0.508819580078125,True
1092,p0n1206,42,3.5,0.25,1340.0,2.0,A#3,58,2,0,0.641240119934082,True,0.16593340039253235,False,0.28621894121170044,False
1093,p0n1207,42,3.75,0.25,1342.0,2.0,G#3,56,2,0,0.4283529818058014,False,0.18239721655845642,False,0.29748374223709106,False
1094,p0n1208,43,0.0,0.5,1344.0,4.0,G#4,68,1,0,0.7443137764930725,True,0.8510826826095581,True,0.6490925550460815,True
1095,p0n1209,43,0.0,1.25,1344.0,10.0,A#3,58,2,0,0.7557901740074158,True,0.32973966002464294,False,0.34144219756126404,False
1096,p0n1210,43,0.5,0.25,1348.0,2.0,F#4,66,1,0,0.6498354077339172,True,0.38658276200294495,False,0.33282554149627686,False
1097,p0n1211,43,0.75,0.25,1350.0,2.0,E#4,65,1,0,0.3224412798881531,False,0.1639982908964157,False,0.2890591025352478,False
1098,p0n1212,43,1.0,0.5,1352.0,4.0,F#4,66,1,0,0.8682345747947693,True,0.793655514717102,True,0.4847736656665802,False
1099,p0n1214,43,1.25,0.25,1354.0,2.0,G#3,56,2,0,0.19623272120952606,False,0.12439515441656113,False,0.28540459275245667,False
1100,p0n1215,43,1.5,0.5,1356.0,4.0,D#5,75,1,0,0.45306816697120667,False,0.23605667054653168,False,0.3088335692882538,False
1101,p0n1216,43,1.5,0.25,1356.0,2.0,F#3,54,2,0,0.8150455951690674,True,0.8850472569465637,True,0.8079553842544556,True
1102,p0n1217,43,1.75,0.25,1358.0,2.0,A#3,58,2,0,0.8244564533233643,True,0.24698594212532043,False,0.25204095244407654,False
1103,p0n1218,43,2.0,0.5,1360.0,4.0,E#4,65,1,0,0.884344220161438,True,0.8362616300582886,True,0.5125985145568848,True
1104,p0n1219,43,2.0,0.25,1360.0,2.0,G#3,56,2,0,0.537550151348114,True,0.7108599543571472,True,0.6147748827934265,True
1105,p0n1220,43,2.25,0.25,1362.0,2.0,F#3,54,2,0,0.6096212267875671,True,0.7533374428749084,True,0.7370308041572571,True
1106,p0n1221,43,2.5,0.5,1364.0,4.0,C#5,73,1,0,0.4529106914997101,False,0.269687682390213,False,0.31745386123657227,False
1107,p0n1222,43,2.5,0.25,1364.0,2.0,E#3,53,2,0,0.4417805075645447,False,0.07736974954605103,False,0.28787359595298767,False
1108,p0n1223,43,2.75,0.25,1366.0,2.0,G#3,56,2,0,0.8887999057769775,True,0.19893807172775269,False,0.291944295167923,False
1109,p0n1224,43,3.0,0.5,1368.0,4.0,D#4,63,1,0,0.888584554195404,True,0.8679476976394653,True,0.5425880551338196,True
1110,p0n1225,43,3.0,0.25,1368.0,2.0,F#3,54,2,0,0.9550142288208008,True,0.7706891894340515,True,0.8597987294197083,True
1111,p0n1226,43,3.25,0.25,1370.0,2.0,E#3,53,2,0,0.7425567507743835,True,0.6373090744018555,True,0.5342176556587219,True
1112,p0n1227,43,3.5,0.5,1372.0,4.0,B#4,72,1,0,0.8411237597465515,True,0.6612505912780762,True,0.4398376941680908,False
1113,p0n1228,43,3.5,0.25,1372.0,2.0,F#3,54,2,0,0.8887526392936707,True,0.29147085547447205,False,0.33427608013153076,False
1114,p0n1229,43,3.75,0.25,1374.0,2.0,D#3,51,2,0,0.5547528266906738,True,0.2002231478691101,False,0.26373109221458435,False
1115,p0n1230,44,0.0,0.5,1376.0,4.0,C#4,61,1,0,0.9679075479507446,True,0.8646951913833618,True,0.7809170484542847,True
1116,p0n1231,44,0.0,0.75,1376.0,6.0,E#3,53,2,0,0.760486364364624,True,0.5302753448486328,True,0.666170597076416,True
1117,p0n1233,44,0.5,0.25,1380.0,2.0,C#5,73,1,0,0.1939174383878708,False,0.19179728627204895,False,0.2945011258125305,False
1118,p0n1234,44,0.75,0.25,1382.0,2.0,B#4,72,1,0,0.5678046345710754,True,0.3413560092449188,False,0.23622359335422516,False
1119,p0n1235,44,0.75,0.25,1382.0,2.0,G#3,56,2,0,0.6391763687133789,True,0.7860289812088013,True,0.7478151321411133,True
1120,p0n1236,44,1.0,0.25,1384.0,2.0,C#5,73,1,0,0.5323413014411926,True,0.40087196230888367,False,0.3316532373428345,False
1121,p0n1237,44,1.0,0.25,1384.0,2.0,A#3,58,2,0,0.9276164174079895,True,0.9111558198928833,True,0.8278783559799194,True
1122,p0n1239,44,1.25,0.25,1386.0,2.0,D#5,75,1,0,0.09912385791540146,False,0.1234150230884552,False,0.27102047204971313,False
1123,p0n1240,44,1.25,0.25,1386.0,2.0,B#3,60,2,0,0.6702858209609985,True,0.7969653010368347,True,0.38402751088142395,False
1124,p0n1241,44,1.5,0.25,1388.0,2.0,E#5,77,1,0,0.834538996219635,True,0.15040646493434906,False,0.2826733887195587,False
1125,p0n1242,44,1.5,0.25,1388.0,2.0,C#4,61,1,0,0.9246193170547485,True,0.8064268827438354,True,0.5983744859695435,True
1126,p0n1243,44,1.5,1.5,1388.0,12.0,C#4,61,2,0,0.9346843361854553,True,0.8489750027656555,True,0.635083019733429,True
1127,p0n1244,44,1.75,0.25,1390.0,2.0,F#5,78,1,0,0.5115722417831421,True,0.49596187472343445,False,0.3079744279384613,False
1128,p0n1245,44,1.75,0.25,1390.0,2.0,D#4,63,1,0,0.5129489898681641,True,0.2622447609901428,False,0.27709969878196716,False
1129,p0n1246,44,2.0,0.25,1392.0,2.0,G#5,80,1,0,0.9718378782272339,True,0.9209112524986267,True,0.7423850297927856,True
1130,p0n1247,44,2.0,0.25,1392.0,2.0,E#4,65,1,0,0.6237116456031799,True,0.6482867002487183,True,0.5102460384368896,True
1131,p0n1249,44,2.25,0.25,1394.0,2.0,F#5,78,1,0,0.8329740166664124,True,0.8745025396347046,True,0.6292335391044617,True
1132,p0n1250,44,2.25,0.25,1394.0,2.0,D#4,63,1,0,0.5833226442337036,True,0.3919505178928375,False,0.3097490668296814,False
1133,p0n1251,44,2.5,0.25,1396.0,2.0,E#5,77,1,0,0.766250729560852,True,0.29183751344680786,False,0.30000463128089905,False
1134,p0n1252,44,2.5,0.25,1396.0,2.0,C#4,61,1,0,0.9156986474990845,True,0.8114259839057922,True,0.5732574462890625,True
1135,p0n1253,44,2.75,0.25,1398.0,2.0,F#5,78,1,0,0.7099394798278809,True,0.6830483675003052,True,0.3703427314758301,False
1136,p0n1254,44,2.75,0.25,1398.0,2.0,D#4,63,1,0,0.38992995023727417,False,0.18635377287864685,False,0.2781026363372803,False
1137,p0n1255,44,3.0,0.25,1400.0,2.0,G#5,80,1,0,0.8125587701797485,True,0.40778571367263794,False,0.3466240465641022,False
1138,p0n1256,44,3.0,0.5,1400.0,4.0,B#4,72,1,0,0.7440964579582214,True,0.3896336257457733,False,0.340291291475296,False
1139,p0n1257,44,3.0,2.0,1400.0,16.0,B#3,60,2,0,0.7405498027801514,True,0.42703840136528015,False,0.2997778058052063,False
1140,p0n1258,44,3.25,0.25,1402.0,2.0,F#5,78,1,0,0.6081240773200989,True,0.5631743669509888,True,0.43665245175361633,False
1141,p0n1259,44,3.5,0.25,1404.0,2.0,E#5,77,1,0,0.6411460638046265,True,0.08735312521457672,False,0.2877252995967865,False
1142,p0n1260,44,3.5,0.5,1404.0,4.0,G#4,68,1,0,0.874081552028656,True,0.6300952434539795,True,0.5473288893699646,True
1143,p0n1261,44,3.75,0.25,1406.0,2.0,D#5,75,1,0,0.5112512707710266,True,0.504439651966095,True,0.44436782598495483,False
1144,p0n1262,45,0.0,1.25,1408.0,10.0,E#5,77,1,0,0.6616183519363403,True,0.2550961375236511,False,0.326081246137619,False
1145,p0n1264,45,0.0,0.5,1408.0,4.0,D#4,63,1,0,0.9420064687728882,True,0.940688967704773,True,0.5346982479095459,True
1146,p0n1265,45,0.5,0.25,1412.0,2.0,C#4,61,1,0,0.5697188973426819,True,0.7033134698867798,True,0.5602034330368042,True
1147,p0n1266,45,0.75,0.25,1414.0,2.0,B#3,60,1,0,0.5741053223609924,True,0.13933219015598297,False,0.2616681456565857,False
1148,p0n1269,45,1.0,0.5,1416.0,4.0,C#4,61,1,0,0.902101457118988,True,0.9426323771476746,True,0.560039758682251,True
1149,p0n1268,45,1.0,1.5,1416.0,12.0,A#3,58,2,0,0.6492941975593567,True,0.8584710359573364,True,0.4600220024585724,False
1150,p0n1270,45,1.25,0.25,1418.0,2.0,D#5,75,1,0,0.17208383977413177,False,0.13511674106121063,False,0.2732093632221222,False
1151,p0n1271,45,1.5,0.25,1420.0,2.0,C#5,73,1,0,0.2916153073310852,False,0.17430520057678223,False,0.29226964712142944,False
1152,p0n1272,45,1.5,0.5,1420.0,4.0,A#4,70,1,0,0.5088315010070801,True,0.6476248502731323,True,0.47655776143074036,False
1153,p0n1273,45,1.75,0.25,1422.0,2.0,E#5,77,1,0,0.8148109316825867,True,0.07153090834617615,False,0.2774182856082916,False
1154,p0n1274,45,2.0,0.25,1424.0,2.0,D#5,75,1,0,0.4566645324230194,False,0.47179678082466125,False,0.379055380821228,False
1155,p0n1276,45,2.0,0.5,1424.0,4.0,B#3,60,2,0,0.850912868976593,True,0.7670727372169495,True,0.4273632764816284,False
1156,p0n1277,45,2.25,0.25,1426.0,2.0,C#5,73,1,0,0.19819127023220062,False,0.16576842963695526,False,0.2771681547164917,False
1157,p0n1278,45,2.5,0.25,1428.0,2.0,B#4,72,1,0,0.6111720204353333,True,0.10495562851428986,False,0.2793039083480835,False
1158,p0n1280,45,2.5,0.5,1428.0,4.0,G#4,68,1,0,0.9124751091003418,True,0.6734651923179626,True,0.2129267305135727,False
1159,p0n1279,45,2.5,0.5,1428.0,4.0,G#3,56,2,0,0.7795450091362,True,0.720981240272522,True,0.4999995827674866,False
1160,p0n1281,45,2.75,0.25,1430.0,2.0,D#5,75,1,0,0.688607394695282,True,0.4669504463672638,False,0.2888847887516022,False
1161,p0n1282,45,3.0,0.25,1432.0,2.0,C#5,73,1,0,0.5845105051994324,True,0.8132807612419128,True,0.4351363778114319,False
1162,p0n1283,45,3.0,0.5,1432.0,4.0,A#3,58,2,0,0.731819748878479,True,0.5390859246253967,True,0.29363736510276794,False
1163,p0n1284,45,3.0,0.5,1432.0,4.0,A#3,58,2,0,0.7948483228683472,True,0.6176377534866333,True,0.292690247297287,False
1164,p0n1285,45,3.25,0.25,1434.0,2.0,B#4,72,1,0,0.26524338126182556,False,0.14730027318000793,False,0.27406686544418335,False
1165,p0n1286,45,3.5,0.25,1436.0,2.0,C#5,73,1,0,0.8711417317390442,True,0.6724846363067627,True,0.4322790205478668,False
1166,p0n1288,45,3.5,0.5,1436.0,4.0,F##4,67,1,0,0.6960281729698181,True,0.5838361978530884,True,0.5675197243690491,True
1167,p0n1287,45,3.5,0.5,1436.0,4.0,D#3,51,2,0,0.8288966417312622,True,0.39277252554893494,False,0.2738303542137146,False
1168,p0n1289,45,3.75,0.25,1438.0,2.0,A#4,70,1,0,0.5272176861763,True,0.3785448968410492,False,0.2752704322338104,False
1169,p0n1290,46,0.0,0.5,1440.0,4.0,B#4,72,1,0,0.5865018367767334,True,0.8632845878601074,True,0.6805573105812073,True
1170,p0n1291,46,0.0,0.5,1440.0,4.0,G#3,56,2,0,0.5066936016082764,True,0.8402537107467651,True,0.6564399600028992,True
1171,p0n1292,46,0.0,1.0,1440.0,8.0,G#3,56,2,0,0.6571816205978394,True,0.7926540374755859,True,0.5943439602851868,True
1172,p0n1293,46,0.5,0.5,1444.0,4.0,D#5,75,1,0,0.38226088881492615,False,0.23220813274383545,False,0.30909106135368347,False
1173,p0n1294,46,0.5,0.25,1444.0,2.0,G#4,68,1,0,0.6639647483825684,True,0.4021460711956024,False,0.3328455984592438,False
1174,p0n1295,46,0.75,0.25,1446.0,2.0,F##4,67,1,0,0.675042986869812,True,0.41969382762908936,False,0.35670751333236694,False
1175,p0n1296,46,1.0,2.0,1448.0,16.0,F#5,78,1,0,0.7473649978637695,True,0.7824817895889282,True,0.5928706526756287,True
1176,p0n1297,46,1.0,0.25,1448.0,2.0,G#4,68,1,0,0.7066234350204468,True,0.3274625837802887,False,0.3356924057006836,False
1177,p0n1299,46,1.25,0.25,1450.0,2.0,A#4,70,1,0,0.5358559489250183,True,0.6678597927093506,True,0.22460050880908966,False
1178,p0n1300,46,1.5,0.25,1452.0,2.0,B#4,72,1,0,0.610748291015625,True,0.41686925292015076,False,0.32713040709495544,False
1179,p0n1301,46,1.5,0.5,1452.0,4.0,G#3,56,2,0,0.5938105583190918,True,0.25570687651634216,False,0.3278271555900574,False
1180,p0n1302,46,1.75,0.25,1454.0,2.0,G#4,68,1,0,0.53201824426651,True,0.19279354810714722,False,0.27874955534935,False
1181,p0n1303,46,2.0,0.25,1456.0,2.0,C#5,73,1,0,0.8147497773170471,True,0.8563847541809082,True,0.6544005870819092,True
1182,p0n1304,46,2.0,0.25,1456.0,2.0,A#3,58,2,0,0.9197368621826172,True,0.5253992080688477,True,0.25058725476264954,False
1183,p0n1305,46,2.25,0.25,1458.0,2.0,B#4,72,1,0,0.6037713885307312,True,0.4055509865283966,False,0.2765377461910248,False
1184,p0n1306,46,2.25,0.25,1458.0,2.0,G#3,56,2,0,0.350477933883667,False,0.1369035392999649,False,0.2868666350841522,False
1185,p0n1307,46,2.5,0.25,1460.0,2.0,A#4,70,1,0,0.7794679999351501,True,0.6708515286445618,True,0.2421342432498932,False
1186,p0n1308,46,2.5,0.25,1460.0,2.0,F#3,54,2,0,0.9245009422302246,True,0.8234847187995911,True,0.5283998847007751,True
1187,p0n1309,46,2.75,0.25,1462.0,2.0,B#4,72,1,0,0.5734491348266602,True,0.3069418668746948,False,0.2699335217475891,False
1188,p0n1310,46,2.75,0.25,1462.0,2.0,G#3,56,2,0,0.2837538421154022,False,0.14222228527069092,False,0.2854165732860565,False
1189,p0n1311,46,3.0,2.0,1464.0,16.0,E#5,77,1,0,0.39291802048683167,False,0.292180597782135,False,0.3185635507106781,False
1190,p0n1312,46,3.0,0.25,1464.0,2.0,C#5,73,1,0,0.5711971521377563,True,0.2527700960636139,False,0.2973520755767822,False
1191,p0n1313,46,3.0,0.5,1464.0,4.0,E#4,65,2,0,0.5540438294410706,True,0.38554877042770386,False,0.2688199579715729,False
1192,p0n1314,46,3.25,0.25,1466.0,2.0,B#4,72,1,0,0.7245661020278931,True,0.49766138195991516,False,0.2857274115085602,False
1193,p0n1315,46,3.5,0.25,1468.0,2.0,A#4,70,1,0,0.7359362244606018,True,0.7325694561004639,True,0.30701449513435364,False
1194,p0n1316,46,3.5,0.5,1468.0,4.0,C#4,61,2,0,0.9111083149909973,True,0.6101785898208618,True,0.4405984580516815,False
1195,p0n1317,46,3.75,0.25,1470.0,2.0,G#4,68,1,0,0.49739527702331543,False,0.1694077104330063,False,0.2963506281375885,False
1196,p0n1319,47,0.0,1.25,1472.0,10.0,A#4,70,1,0,0.8066129088401794,True,0.8232619762420654,True,0.4661233723163605,False
1197,p0n1320,47,0.0,0.5,1472.0,4.0,G#3,56,2,0,0.7782098054885864,True,0.965727686882019,True,0.7206027507781982,True
1198,p0n1321,47,0.5,0.25,1476.0,2.0,F#3,54,2,0,0.715058445930481,True,0.5043745636940002,True,0.45891788601875305,False
1199,p0n1322,47,0.75,0.25,1478.0,2.0,E#3,53,2,0,0.47027787566185,False,0.17328056693077087,False,0.2896607518196106,False
1200,p0n1323,47,1.0,1.5,1480.0,12.0,D#5,75,1,0,0.5872411727905273,True,0.6758453249931335,True,0.3715241849422455,False
1201,p0n1325,47,1.0,0.5,1480.0,4.0,F#3,54,2,0,0.6801837682723999,True,0.5727407336235046,True,0.6048752069473267,True
1202,p0n1326,47,1.25,0.25,1482.0,2.0,G#4,68,1,0,0.22448685765266418,False,0.1359287053346634,False,0.2873421013355255,False
1203,p0n1327,47,1.5,0.25,1484.0,2.0,F#4,66,1,0,0.21685896813869476,False,0.14913004636764526,False,0.29941457509994507,False
1204,p0n1328,47,1.5,0.5,1484.0,4.0,D#4,63,2,0,0.952025830745697,True,0.9346147179603577,True,0.6209869384765625,True
1205,p0n1329,47,1.75,0.25,1486.0,2.0,A#4,70,1,0,0.906143307685852,True,0.3099580407142639,False,0.3124370574951172,False
1206,p0n1331,47,2.0,0.25,1488.0,2.0,G#4,68,1,0,0.7737540602684021,True,0.8640211820602417,True,0.5386478900909424,True
1207,p0n1332,47,2.0,0.5,1488.0,4.0,E#3,53,2,0,0.847465991973877,True,0.6053060293197632,True,0.34601297974586487,False
1208,p0n1333,47,2.25,0.25,1490.0,2.0,F#4,66,1,0,0.3587547242641449,False,0.22049294412136078,False,0.299515962600708,False
1209,p0n1334,47,2.5,0.5,1492.0,4.0,C#5,73,1,0,0.3099117875099182,False,0.25618797540664673,False,0.31210437417030334,False
1210,p0n1335,47,2.5,0.25,1492.0,2.0,E#4,65,1,0,0.0715763196349144,False,0.11208847165107727,False,0.29026299715042114,False
1211,p0n1336,47,2.5,0.5,1492.0,4.0,C#4,61,2,0,0.7512741088867188,True,0.37997856736183167,False,0.29357507824897766,False
1212,p0n1337,47,2.75,0.25,1494.0,2.0,G#4,68,1,0,0.8279083967208862,True,0.4814974367618561,False,0.3145454227924347,False
1213,p0n1338,47,3.0,0.5,1496.0,4.0,B#4,72,1,0,0.8353330492973328,True,0.9503905773162842,True,0.4816761016845703,False
1214,p0n1339,47,3.0,0.25,1496.0,2.0,F#4,66,1,0,0.5914731621742249,True,0.7721983194351196,True,0.3444015681743622,False
1215,p0n1340,47,3.0,0.5,1496.0,4.0,D#3,51,2,0,0.8530259728431702,True,0.7215110659599304,True,0.5101925730705261,True
1216,p0n1341,47,3.25,0.25,1498.0,2.0,E#4,65,1,0,0.12435228377580643,False,0.1162642389535904,False,0.2801949083805084,False
1217,p0n1342,47,3.5,1.0,1500.0,8.0,D#5,75,1,0,0.2366982251405716,False,0.17852801084518433,False,0.2910091280937195,False
1218,p0n1343,47,3.5,0.25,1500.0,2.0,F#4,66,1,0,0.5913845896720886,True,0.49073687195777893,False,0.3198816478252411,False
1219,p0n1344,47,3.5,0.5,1500.0,4.0,B#3,60,2,0,0.9253692030906677,True,0.3543751835823059,False,0.2926356792449951,False
1220,p0n1345,47,3.75,0.25,1502.0,2.0,D#4,63,1,0,0.7704842686653137,True,0.5390552878379822,True,0.4529760777950287,False
1221,p0n1347,48,0.0,2.5,1504.0,20.0,E#4,65,1,0,0.5380406379699707,True,0.6824174523353577,True,0.48115813732147217,False
1222,p0n1348,48,0.0,0.25,1504.0,2.0,C#3,49,2,0,0.8364224433898926,True,0.8066868185997009,True,0.7899506688117981,True
1223,p0n1349,48,0.25,0.25,1506.0,2.0,G#2,44,2,0,0.5223924517631531,True,0.829601526260376,True,0.5986588597297668,True
1224,p0n1350,48,0.5,0.5,1508.0,4.0,G#4,68,1,0,0.8680001497268677,True,0.7366148233413696,True,0.4825427532196045,False
1225,p0n1351,48,0.5,0.25,1508.0,2.0,C#3,49,2,0,0.5329113006591797,True,0.24809516966342926,False,0.3152892291545868,False
1226,p0n1352,48,0.75,0.25,1510.0,2.0,D#3,51,2,0,0.660453200340271,True,0.27814337611198425,False,0.2566129267215729,False
1227,p0n1353,48,1.0,0.5,1512.0,4.0,C#5,73,1,0,0.4719037413597107,False,0.5540267825126648,True,0.42463359236717224,False
1228,p0n1354,48,1.0,0.25,1512.0,2.0,E#3,53,2,0,0.9664040803909302,True,0.3283366560935974,False,0.26268523931503296,False
1229,p0n1355,48,1.25,0.25,1514.0,2.0,F#3,54,2,0,0.3323251008987427,False,0.21711333096027374,False,0.30285078287124634,False
1230,p0n1356,48,1.5,0.5,1516.0,4.0,B4,71,1,0,0.8526714444160461,True,0.7055253386497498,True,0.5690689086914062,True
1231,p0n1357,48,1.5,0.25,1516.0,2.0,G#3,56,2,0,0.8283752799034119,True,0.7133577466011047,True,0.3206600844860077,False
1232,p0n1358,48,1.75,0.25,1518.0,2.0,E#3,53,2,0,0.898414134979248,True,0.28900688886642456,False,0.26078227162361145,False
1233,p0n1359,48,2.0,2.5,1520.0,20.0,A#4,70,1,0,0.21160034835338593,False,0.3552984595298767,False,0.3398861289024353,False
1234,p0n1361,48,2.0,0.25,1520.0,2.0,F#3,54,2,0,0.6130895614624023,True,0.7133498191833496,True,0.4842910170555115,False
1235,p0n1362,48,2.25,0.25,1522.0,2.0,F#2,42,2,0,0.07202741503715515,False,0.12060244381427765,False,0.2820940315723419,False
1236,p0n1363,48,2.5,0.5,1524.0,4.0,C#4,61,1,0,0.8412454128265381,True,0.4609055817127228,False,0.3583536148071289,False
1237,p0n1364,48,2.5,0.25,1524.0,2.0,F#3,54,2,0,0.6283401846885681,True,0.40293410420417786,False,0.34467798471450806,False
1238,p0n1365,48,2.75,0.25,1526.0,2.0,E#3,53,2,0,0.8545653820037842,True,0.2821807861328125,False,0.2589009702205658,False
1239,p0n1366,48,3.0,0.5,1528.0,4.0,F#4,66,1,0,0.7287338376045227,True,0.5712187886238098,True,0.3694249093532562,False
1240,p0n1367,48,3.0,0.25,1528.0,2.0,F#3,54,2,0,0.535244882106781,True,0.4223891794681549,False,0.32885366678237915,False
1241,p0n1368,48,3.25,0.25,1530.0,2.0,G#3,56,2,0,0.630635678768158,True,0.800936758518219,True,0.36165520548820496,False
1242,p0n1369,48,3.5,0.5,1532.0,4.0,E#4,65,1,0,0.8028285503387451,True,0.45696038007736206,False,0.3278946280479431,False
1243,p0n1370,48,3.5,0.25,1532.0,2.0,A#3,58,2,0,0.8888517618179321,True,0.6652871966362,True,0.6127511262893677,True
1244,p0n1371,48,3.75,0.25,1534.0,2.0,F#3,54,2,0,0.5254586935043335,True,0.17477917671203613,False,0.2892977297306061,False
1245,p0n1373,49,0.0,1.5,1536.0,12.0,F#4,66,1,0,0.5475325584411621,True,0.14773622155189514,False,0.3053422272205353,False
1246,p0n1374,49,0.0,0.25,1536.0,2.0,D#3,51,2,0,0.5619387626647949,True,0.6762809753417969,True,0.3830350935459137,False
1247,p0n1375,49,0.25,0.25,1538.0,2.0,E#3,53,2,0,0.804898738861084,True,0.5690903663635254,True,0.2307901233434677,False
1248,p0n1376,49,0.5,0.25,1540.0,2.0,A#4,70,1,0,0.06936820596456528,False,0.14791139960289001,False,0.29042208194732666,False
1249,p0n1377,49,0.5,0.25,1540.0,2.0,F#3,54,2,0,0.5985737442970276,True,0.2394936978816986,False,0.3228554427623749,False
1250,p0n1378,49,0.75,0.25,1542.0,2.0,F#4,66,1,0,0.510537326335907,True,0.13015195727348328,False,0.27459144592285156,False
1251,p0n1379,49,0.75,0.25,1542.0,2.0,D#3,51,2,0,0.6356890201568604,True,0.18393255770206451,False,0.2372647225856781,False
1252,p0n1380,49,1.0,1.5,1544.0,12.0,D#4,63,1,0,0.541461169719696,True,0.9109736680984497,True,0.6027600765228271,True
1253,p0n1381,49,1.0,0.25,1544.0,2.0,B#2,48,2,0,0.972623348236084,True,0.3730045258998871,False,0.2876737117767334,False
1254,p0n1382,49,1.25,0.25,1546.0,2.0,C#3,49,2,0,0.35723423957824707,False,0.20733848214149475,False,0.28317469358444214,False
1255,p0n1383,49,1.5,0.25,1548.0,2.0,F#4,66,1,0,0.7155808806419373,True,0.1789606511592865,False,0.2995794713497162,False
1256,p0n1384,49,1.5,0.25,1548.0,2.0,D#3,51,2,0,0.7762622833251953,True,0.20018143951892853,False,0.27953922748565674,False
1257,p0n1385,49,1.75,0.25,1550.0,2.0,D#4,63,1,0,0.6174185872077942,True,0.35874876379966736,False,0.2951308786869049,False
1258,p0n1386,49,1.75,0.25,1550.0,2.0,B#2,48,2,0,0.9236868619918823,True,0.14959391951560974,False,0.24893808364868164,False
1259,p0n1388,49,2.0,1.0,1552.0,8.0,G#3,56,2,0,0.9150552749633789,True,0.8326761722564697,True,0.5682961344718933,True
1260,p0n1389,49,2.0,0.5,1552.0,4.0,E#2,41,2,0,0.3806855082511902,False,0.37840816378593445,False,0.34799081087112427,False
1261,p0n1390,49,2.5,0.5,1556.0,4.0,D#4,63,1,0,0.5414650440216064,True,0.3181683421134949,False,0.3475806713104248,False
1262,p0n1391,49,2.5,0.25,1556.0,2.0,E#3,53,2,0,0.8368586301803589,True,0.30304351449012756,False,0.29963698983192444,False
1263,p0n1392,49,2.75,0.25,1558.0,2.0,D#3,51,2,0,0.7925520539283752,True,0.11257337778806686,False,0.25455230474472046,False
1264,p0n1393,49,3.0,1.5,1560.0,12.0,G#4,68,1,0,0.3793470859527588,False,0.39535751938819885,False,0.3615260720252991,False
1265,p0n1394,49,3.0,0.25,1560.0,2.0,E#3,53,2,0,0.8563572764396667,True,0.4750109612941742,False,0.31601396203041077,False
1266,p0n1396,49,3.25,0.25,1562.0,2.0,F#3,54,2,0,0.43505802750587463,False,0.33802899718284607,False,0.34200286865234375,False
1267,p0n1397,49,3.5,0.5,1564.0,4.0,B#3,60,2,0,0.8452032208442688,True,0.27832135558128357,False,0.2787672281265259,False
1268,p0n1398,49,3.5,0.25,1564.0,2.0,G#3,56,2,0,0.9873051047325134,True,0.42259371280670166,False,0.32409512996673584,False
1269,p0n1399,49,3.75,0.25,1566.0,2.0,E#3,53,2,0,0.8185262084007263,True,0.282537043094635,False,0.26259878277778625,False
1270,p0n1401,50,0.0,1.5,1568.0,12.0,E#4,65,1,0,0.9500954151153564,True,0.7609527707099915,True,0.6753483414649963,True
1271,p0n1402,50,0.0,0.25,1568.0,2.0,C##3,50,2,0,0.5237960815429688,True,0.165791317820549,False,0.29821106791496277,False
1272,p0n1403,50,0.25,0.25,1570.0,2.0,D#3,51,2,0,0.8053702712059021,True,0.716137707233429,True,0.18687944114208221,False
1273,p0n1404,50,0.5,0.25,1572.0,2.0,G#4,68,1,0,0.1788051873445511,False,0.13636527955532074,False,0.29605934023857117,False
1274,p0n1405,50,0.5,0.25,1572.0,2.0,E#3,53,2,0,0.6423906087875366,True,0.318854421377182,False,0.2932639718055725,False
1275,p0n1406,50,0.75,0.25,1574.0,2.0,E#4,65,1,0,0.8134743571281433,True,0.17137610912322998,False,0.26350051164627075,False
1276,p0n1407,50,0.75,0.25,1574.0,2.0,C##3,50,2,0,0.6828469634056091,True,0.22318102419376373,False,0.2489137351512909,False
1277,p0n1408,50,1.0,1.5,1576.0,12.0,C##4,62,1,0,0.024785149842500687,False,0.1123712807893753,False,0.273508757352829,False
1278,p0n1409,50,1.0,0.25,1576.0,2.0,A#2,46,2,0,0.9732347130775452,True,0.8563939332962036,True,0.635955810546875,True
1279,p0n1410,50,1.25,0.25,1578.0,2.0,B#2,48,2,0,0.6184015870094299,True,0.5000374913215637,True,0.3319418430328369,False
1280,p0n1411,50,1.5,0.25,1580.0,2.0,E#4,65,1,0,0.7934221625328064,True,0.17572084069252014,False,0.2836252748966217,False
1281,p0n1412,50,1.5,0.25,1580.0,2.0,C##3,50,2,0,0.6748843193054199,True,0.35369887948036194,False,0.3277759850025177,False
1282,p0n1413,50,1.75,0.25,1582.0,2.0,C##4,62,1,0,0.02462831698358059,False,0.09141059219837189,False,0.2718932628631592,False
1283,p0n1414,50,1.75,0.25,1582.0,2.0,A#2,46,2,0,0.5545063614845276,True,0.14603200554847717,False,0.2775990664958954,False
1284,p0n1416,50,2.0,1.0,1584.0,8.0,F#3,54,2,0,0.9600916504859924,True,0.8877160549163818,True,0.561133623123169,True
1285,p0n1417,50,2.0,0.5,1584.0,4.0,D#2,39,2,0,0.7958259582519531,True,0.682611346244812,True,0.6303530335426331,True
1286,p0n1418,50,2.5,0.5,1588.0,4.0,A#3,58,1,0,0.3584851920604706,False,0.18885686993598938,False,0.3028845191001892,False
1287,p0n1419,50,2.5,0.25,1588.0,2.0,D#3,51,2,0,0.8534364700317383,True,0.5732700824737549,True,0.2023351788520813,False
1288,p0n1420,50,2.75,0.25,1590.0,2.0,C##3,50,2,0,0.6343724131584167,True,0.2917977571487427,False,0.28664255142211914,False
1289,p0n1421,50,3.0,1.25,1592.0,10.0,F#4,66,1,0,0.6909756660461426,True,0.5186309814453125,True,0.3343208134174347,False
1290,p0n1422,50,3.0,0.25,1592.0,2.0,D#3,51,2,0,0.7897322177886963,True,0.6869552731513977,True,0.2841010093688965,False
1291,p0n1424,50,3.25,0.25,1594.0,2.0,E#3,53,2,0,0.8732116222381592,True,0.7710802555084229,True,0.40011662244796753,False
1292,p0n1425,50,3.5,0.5,1596.0,4.0,A#3,58,2,0,0.5588855147361755,True,0.39699169993400574,False,0.2778654396533966,False
1293,p0n1426,50,3.5,0.25,1596.0,2.0,F#3,54,2,0,0.6919366121292114,True,0.4922037124633789,False,0.3899972438812256,False
1294,p0n1427,50,3.75,0.25,1598.0,2.0,D#3,51,2,0,0.9594392776489258,True,0.3150177299976349,False,0.24438343942165375,False
1295,p0n1429,51,0.0,1.25,1600.0,10.0,D#4,63,1,0,0.9270869493484497,True,0.8415299654006958,True,0.6078102588653564,True
1296,p0n1430,51,0.0,0.25,1600.0,2.0,B#2,48,2,0,0.9274860620498657,True,0.4653831720352173,False,0.38299360871315,False
1297,p0n1431,51,0.25,0.25,1602.0,2.0,E#4,65,1,0,0.26632872223854065,False,0.11676415801048279,False,0.2810533344745636,False
1298,p0n1432,51,0.25,0.25,1602.0,2.0,C#3,49,2,0,0.2330714762210846,False,0.1614825576543808,False,0.27262383699417114,False
1299,p0n1433,51,0.5,0.25,1604.0,2.0,F#4,66,1,0,0.8931992650032043,True,0.38866618275642395,False,0.35706135630607605,False
1300,p0n1434,51,0.5,0.25,1604.0,2.0,D#3,51,2,0,0.9536281228065491,True,0.42332953214645386,False,0.2823176085948944,False
1301,p0n1435,51,0.75,0.25,1606.0,2.0,D#4,63,1,0,0.7183577418327332,True,0.13566464185714722,False,0.2632177770137787,False
1302,p0n1436,51,0.75,0.25,1606.0,2.0,B#2,48,2,0,0.8899917006492615,True,0.07346467673778534,False,0.2611909806728363,False
1303,p0n1437,51,1.0,1.25,1608.0,10.0,D#5,75,1,0,0.37242555618286133,False,0.2589932680130005,False,0.3040485978126526,False
1304,p0n1439,51,1.0,0.25,1608.0,2.0,G#2,44,2,0,0.869610607624054,True,0.9121363759040833,True,0.7241688966751099,True
1305,p0n1440,51,1.25,0.25,1610.0,2.0,F#4,66,1,0,0.5900072455406189,True,0.41759032011032104,False,0.2969810366630554,False
1306,p0n1441,51,1.25,0.25,1610.0,2.0,A#2,46,2,0,0.449684739112854,False,0.2841250002384186,False,0.31195715069770813,False
1307,p0n1442,51,1.5,0.25,1612.0,2.0,G#4,68,1,0,0.6722145080566406,True,0.7773702144622803,True,0.5315209627151489,True
1308,p0n1443,51,1.5,0.25,1612.0,2.0,B#2,48,2,0,0.9636322855949402,True,0.46252599358558655,False,0.2776380181312561,False
1309,p0n1444,51,1.75,0.25,1614.0,2.0,D#4,63,1,0,0.43462228775024414,False,0.145252525806427,False,0.2733567953109741,False
1310,p0n1445,51,1.75,0.25,1614.0,2.0,G#2,44,2,0,0.6755921840667725,True,0.7959553003311157,True,0.7069287896156311,True
1311,p0n1447,51,2.0,1.0,1616.0,8.0,E#4,65,1,0,0.41695791482925415,False,0.27773353457450867,False,0.3198617398738861,False
1312,p0n1448,51,2.0,0.5,1616.0,4.0,C#2,37,2,0,0.8059701323509216,True,0.9390889406204224,True,0.7952954769134521,True
1313,p0n1449,51,2.25,0.25,1618.0,2.0,C#5,73,1,0,0.2929570972919464,False,0.17152218520641327,False,0.278104692697525,False
1314,p0n1450,51,2.5,0.25,1620.0,2.0,B#4,72,1,0,0.8855757117271423,True,0.4641069173812866,False,0.2906336486339569,False
1315,p0n1451,51,2.5,0.25,1620.0,2.0,C#3,49,2,0,0.21634559333324432,False,0.20095407962799072,False,0.29225537180900574,False
1316,p0n1452,51,2.75,0.25,1622.0,2.0,D#5,75,1,0,0.5849838256835938,True,0.5689957737922668,True,0.30429917573928833,False
1317,p0n1453,51,2.75,0.25,1622.0,2.0,D#3,51,2,0,0.8526413440704346,True,0.7025178074836731,True,0.37301307916641235,False
1318,p0n1454,51,3.0,0.25,1624.0,2.0,C#5,73,1,0,0.2635653018951416,False,0.24977311491966248,False,0.2956433594226837,False
1319,p0n1455,51,3.0,0.5,1624.0,4.0,E#3,53,2,0,0.4063790738582611,False,0.22720779478549957,False,0.29972657561302185,False
1320,p0n1457,51,3.25,0.25,1626.0,2.0,G#4,68,1,0,0.7953310608863831,True,0.525854229927063,True,0.43562647700309753,False
1321,p0n1458,51,3.5,0.25,1628.0,2.0,A#4,70,1,0,0.2773799002170563,False,0.1713417023420334,False,0.2970869839191437,False
1322,p0n1459,51,3.5,0.75,1628.0,6.0,C#4,61,2,0,0.22730514407157898,False,0.1582687795162201,False,0.28714853525161743,False
1323,p0n1460,51,3.5,0.5,1628.0,4.0,C#3,49,2,0,0.08402618765830994,False,0.15050582587718964,False,0.28255683183670044,False
1324,p0n1461,51,3.75,0.25,1630.0,2.0,B4,71,1,0,0.3909868896007538,False,0.43352484703063965,False,0.3715832531452179,False
1325,p0n1462,52,0.0,0.25,1632.0,2.0,A#4,70,1,0,0.12681037187576294,False,0.25996512174606323,False,0.3211076259613037,False
1326,p0n1464,52,0.0,1.0,1632.0,8.0,F#3,54,2,0,0.9862803220748901,True,0.40712305903434753,False,0.4346504211425781,False
1327,p0n1465,52,0.25,0.25,1634.0,2.0,G#4,68,1,0,0.5343650579452515,True,0.6729152798652649,True,0.553413987159729,True
1328,p0n1466,52,0.25,0.25,1634.0,2.0,B#3,60,2,0,0.8150649666786194,True,0.2676410675048828,False,0.2576431930065155,False
1329,p0n1467,52,0.5,0.25,1636.0,2.0,F#4,66,1,0,0.6113039255142212,True,0.5795193910598755,True,0.6023058295249939,True
1330,p0n1468,52,0.5,0.25,1636.0,2.0,A#3,58,2,0,0.510087788105011,True,0.6438238024711609,True,0.32913845777511597,False
1331,p0n1469,52,0.75,0.25,1638.0,2.0,G#4,68,1,0,0.35821887850761414,False,0.16923266649246216,False,0.289346843957901,False
1332,p0n1470,52,0.75,0.25,1638.0,2.0,B#3,60,2,0,0.7768441438674927,True,0.16084948182106018,False,0.24513313174247742,False
1333,p0n1471,52,1.0,0.5,1640.0,4.0,E#5,77,1,0,0.8246199488639832,True,0.5216280817985535,True,0.3893549144268036,False
1334,p0n1472,52,1.0,0.25,1640.0,2.0,C#4,61,2,0,0.36673155426979065,False,0.24915443360805511,False,0.29942211508750916,False
1335,p0n1473,52,1.0,1.0,1640.0,8.0,E#3,53,2,0,0.9150311946868896,True,0.8420665264129639,True,0.4300084710121155,False
1336,p0n1474,52,1.25,0.25,1642.0,2.0,B#3,60,2,0,0.6855672001838684,True,0.11464956402778625,False,0.26424551010131836,False
1337,p0n1475,52,1.5,0.5,1644.0,4.0,C#5,73,1,0,0.980379581451416,True,0.9332631826400757,True,0.702885627746582,True
1338,p0n1476,52,1.5,0.25,1644.0,2.0,A#3,58,2,0,0.7065168023109436,True,0.645531952381134,True,0.2801732122898102,False
1339,p0n1477,52,1.75,0.25,1646.0,2.0,G#3,56,2,0,0.6490601301193237,True,0.5586024522781372,True,0.31530439853668213,False
1340,p0n1478,52,2.0,0.5,1648.0,4.0,G#4,68,1,0,0.6527177095413208,True,0.9801920652389526,True,0.7741090655326843,True
1341,p0n1479,52,2.0,1.25,1648.0,10.0,A#3,58,2,0,0.6274802088737488,True,0.841711699962616,True,0.48179444670677185,False
1342,p0n1480,52,2.0,0.5,1648.0,4.0,D#3,51,2,0,0.9067192077636719,True,0.9897204041481018,True,0.7545161843299866,True
1343,p0n1481,52,2.5,0.25,1652.0,2.0,F#4,66,1,0,0.5720683336257935,True,0.5824540257453918,True,0.6702107191085815,True
1344,p0n1482,52,2.5,0.5,1652.0,4.0,C#3,49,2,0,0.3079126477241516,False,0.24823419749736786,False,0.3070841431617737,False
1345,p0n1483,52,2.75,0.25,1654.0,2.0,E#4,65,1,0,0.6662154793739319,True,0.3231193721294403,False,0.29529833793640137,False
1346,p0n1484,52,3.0,0.5,1656.0,4.0,F#4,66,1,0,0.6921671032905579,True,0.8717271685600281,True,0.7509769201278687,True
1347,p0n1486,52,3.0,1.0,1656.0,8.0,B#2,48,2,0,0.9407985806465149,True,0.8079594373703003,True,0.6866544485092163,True
1348,p0n1487,52,3.25,0.25,1658.0,2.0,G#3,56,2,0,0.03680381551384926,False,0.10831449925899506,False,0.28100934624671936,False
1349,p0n1488,52,3.5,0.5,1660.0,4.0,D#5,75,1,0,0.8518792986869812,True,0.6955001950263977,True,0.639942467212677,True
1350,p0n1489,52,3.5,0.25,1660.0,2.0,F#3,54,2,0,0.6394163966178894,True,0.2943677604198456,False,0.37409472465515137,False
1351,p0n1490,52,3.75,0.25,1662.0,2.0,A#3,58,2,0,0.9557315707206726,True,0.4252557158470154,False,0.2782374322414398,False
1352,p0n1491,53,0.0,0.5,1664.0,4.0,E#4,65,1,0,0.7654987573623657,True,0.8334712386131287,True,0.7263059020042419,True
1353,p0n1492,53,0.0,0.25,1664.0,2.0,G#3,56,2,0,0.5028819441795349,True,0.8320679068565369,True,0.4755150079727173,False
1354,p0n1493,53,0.0,1.0,1664.0,8.0,C#3,49,2,0,0.8152549266815186,True,0.8031455874443054,True,0.7608413696289062,True
1355,p0n1494,53,0.25,0.25,1666.0,2.0,F#3,54,2,0,0.46127191185951233,False,0.23196572065353394,False,0.30669304728507996,False
1356,p0n1495,53,0.5,0.5,1668.0,4.0,C#5,73,1,0,0.9277886152267456,True,0.8312252759933472,True,0.4230493903160095,False
1357,p0n1496,53,0.5,0.25,1668.0,2.0,E#3,53,2,0,0.6843715310096741,True,0.18310044705867767,False,0.29458320140838623,False
1358,p0n1497,53,0.75,0.25,1670.0,2.0,G#3,56,2,0,0.7303756475448608,True,0.15440157055854797,False,0.27122849225997925,False
1359,p0n1498,53,1.0,0.5,1672.0,4.0,D#4,63,1,0,0.7769048810005188,True,0.8999068737030029,True,0.6990338563919067,True
1360,p0n1499,53,1.0,0.25,1672.0,2.0,F#3,54,2,0,0.6461151242256165,True,0.2141885906457901,False,0.3184957802295685,False
1361,p0n1500,53,1.0,1.0,1672.0,8.0,G#2,44,2,0,0.9875079989433289,True,0.9837490320205688,True,0.8541510701179504,True
1362,p0n1501,53,1.25,0.25,1674.0,2.0,E#3,53,2,0,0.657613217830658,True,0.5128223896026611,True,0.28950145840644836,False
1363,p0n1502,53,1.5,0.5,1676.0,4.0,B#4,72,1,0,0.8237605094909668,True,0.6336634159088135,True,0.5834918022155762,True
1364,p0n1503,53,1.5,0.25,1676.0,2.0,D#3,51,2,0,0.7717978954315186,True,0.7045022249221802,True,0.5785939693450928,True
1365,p0n1504,53,1.75,0.25,1678.0,2.0,F#3,54,2,0,0.5760625004768372,True,0.11954867094755173,False,0.2896605432033539,False
1366,p0n1505,53,2.0,0.25,1680.0,2.0,C#4,61,1,0,0.6148092150688171,True,0.7911781072616577,True,0.6141912341117859,True
1367,p0n1506,53,2.0,0.25,1680.0,2.0,E#3,53,2,0,0.4102872312068939,False,0.34892383217811584,False,0.3302871286869049,False
1368,p0n1507,53,2.0,0.5,1680.0,4.0,A#2,46,2,0,0.8273373246192932,True,0.9849713444709778,True,0.835485577583313,True
1369,p0n1508,53,2.25,0.25,1682.0,2.0,E#4,65,1,0,0.37367886304855347,False,0.09953133016824722,False,0.2788831293582916,False
1370,p0n1509,53,2.25,0.25,1682.0,2.0,G#3,56,2,0,0.8239211440086365,True,0.8098453283309937,True,0.5361436009407043,True
1371,p0n1510,53,2.5,0.25,1684.0,2.0,F#4,66,1,0,0.812433660030365,True,0.8694420456886292,True,0.5916609764099121,True
1372,p0n1511,53,2.5,0.25,1684.0,2.0,A#3,58,2,0,0.8254942893981934,True,0.8365604877471924,True,0.7489781975746155,True
1373,p0n1513,53,2.75,0.25,1686.0,2.0,G#4,68,1,0,0.5576050877571106,True,0.5340420007705688,True,0.4412020444869995,False
1374,p0n1514,53,2.75,0.25,1686.0,2.0,B#3,60,2,0,0.6631482839584351,True,0.5635222792625427,True,0.46112924814224243,False
1375,p0n1515,53,3.0,0.25,1688.0,2.0,A#4,70,1,0,0.8937971591949463,True,0.7453083395957947,True,0.5353274345397949,True
1376,p0n1516,53,3.0,0.25,1688.0,2.0,C#4,61,2,0,0.9001197218894958,True,0.8213224411010742,True,0.7945756316184998,True
1377,p0n1518,53,3.25,0.25,1690.0,2.0,B#4,72,1,0,0.5659040212631226,True,0.5873926281929016,True,0.27337852120399475,False
1378,p0n1519,53,3.25,0.25,1690.0,2.0,B#3,60,2,0,0.45225098729133606,False,0.18355609476566315,False,0.277983158826828,False
1379,p0n1520,53,3.5,0.25,1692.0,2.0,C#5,73,1,0,0.9226540327072144,True,0.7144591808319092,True,0.4659583568572998,False
1380,p0n1521,53,3.5,0.25,1692.0,2.0,A#3,58,2,0,0.8840637803077698,True,0.7406741976737976,True,0.6029875874519348,True
1381,p0n1522,53,3.75,0.25,1694.0,2.0,D#5,75,1,0,0.6230199933052063,True,0.18371149897575378,False,0.2730161249637604,False
1382,p0n1523,53,3.75,0.25,1694.0,2.0,G#3,56,2,0,0.41514715552330017,False,0.20667773485183716,False,0.30111292004585266,False
1383,p0n1524,54,0.0,0.25,1696.0,2.0,E5,76,1,0,0.7928074598312378,True,0.7871585488319397,True,0.456389456987381,False
1384,p0n1525,54,0.0,0.25,1696.0,2.0,F##3,55,2,0,0.9414767622947693,True,0.937696099281311,True,0.8462299108505249,True
1385,p0n1527,54,0.25,0.25,1698.0,2.0,D#5,75,1,0,0.4646417200565338,False,0.18989062309265137,False,0.2818710207939148,False
1386,p0n1528,54,0.25,0.25,1698.0,2.0,G#3,56,2,0,0.1436496526002884,False,0.12971735000610352,False,0.28385278582572937,False
1387,p0n1529,54,0.5,0.25,1700.0,2.0,C#5,73,1,0,0.8287485837936401,True,0.2649180591106415,False,0.30194562673568726,False
1388,p0n1530,54,0.5,0.25,1700.0,2.0,A#3,58,2,0,0.983838677406311,True,0.8373763561248779,True,0.6537782549858093,True
1389,p0n1531,54,0.75,0.25,1702.0,2.0,D#5,75,1,0,0.8210090398788452,True,0.23665443062782288,False,0.26503482460975647,False
1390,p0n1532,54,0.75,0.25,1702.0,2.0,F##3,55,2,0,0.7709969282150269,True,0.3204244077205658,False,0.28394028544425964,False
1391,p0n1533,54,1.0,0.25,1704.0,2.0,E5,76,1,0,0.815885603427887,True,0.4022742211818695,False,0.36493393778800964,False
1392,p0n1534,54,1.0,1.25,1704.0,10.0,D#3,51,2,0,0.31994253396987915,False,0.1997634321451187,False,0.2857530415058136,False
1393,p0n1536,54,1.25,0.25,1706.0,2.0,F##5,79,1,0,0.478287935256958,False,0.35765185952186584,False,0.356709748506546,False
1394,p0n1537,54,1.25,0.25,1706.0,2.0,C#3,49,2,0,0.9060987830162048,True,0.5266845226287842,True,0.42895931005477905,False
1395,p0n1538,54,1.5,0.25,1708.0,2.0,G#5,80,1,0,0.7382482886314392,True,0.6680535078048706,True,0.5276831388473511,True
1396,p0n1539,54,1.5,0.25,1708.0,2.0,B#2,48,2,0,0.9561476111412048,True,0.4663640558719635,False,0.3227969706058502,False
1397,p0n1540,54,1.75,0.25,1710.0,2.0,A#5,82,1,0,0.5678797960281372,True,0.8246429562568665,True,0.5708888173103333,True
1398,p0n1541,54,1.75,0.25,1710.0,2.0,A#2,46,2,0,0.9545602798461914,True,0.6814324855804443,True,0.5190091729164124,True
1399,p0n1542,54,2.0,0.25,1712.0,2.0,C#5,73,1,0,0.9712712168693542,True,0.8734999895095825,True,0.5451604127883911,True
1400,p0n1544,54,2.0,1.0,1712.0,8.0,G#2,44,2,0,0.953619658946991,True,0.8281708359718323,True,0.7581849694252014,True
1401,p0n1545,54,2.25,0.25,1714.0,2.0,B#4,72,1,0,0.7224090695381165,True,0.35012367367744446,False,0.31916970014572144,False
1402,p0n1546,54,2.25,0.25,1714.0,2.0,D#3,51,2,0,0.26145392656326294,False,0.14511394500732422,False,0.27168235182762146,False
1403,p0n1547,54,2.5,0.25,1716.0,2.0,A#4,70,1,0,0.7132629752159119,True,0.5956229567527771,True,0.6646198630332947,True
1404,p0n1548,54,2.5,0.25,1716.0,2.0,E#3,53,2,0,0.6762998700141907,True,0.6142542958259583,True,0.4833270013332367,False
1405,p0n1549,54,2.75,0.25,1718.0,2.0,G#4,68,1,0,0.6877992749214172,True,0.559130072593689,True,0.4330943524837494,False
1406,p0n1550,54,2.75,0.25,1718.0,2.0,F#3,54,2,0,0.9105310440063477,True,0.8916024565696716,True,0.7644748091697693,True
1407,p0n1551,54,3.0,0.5,1720.0,4.0,D#5,75,1,0,0.6654577851295471,True,0.6941312551498413,True,0.5342248678207397,True
1408,p0n1552,54,3.0,0.25,1720.0,2.0,G#3,56,2,0,0.4730065166950226,False,0.383046418428421,False,0.3496301472187042,False
1409,p0n1554,54,3.25,0.25,1722.0,2.0,A#3,58,2,0,0.8471948504447937,True,0.8541732430458069,True,0.6602734923362732,True
1410,p0n1555,54,3.5,0.5,1724.0,4.0,F#4,66,1,0,0.7283130884170532,True,0.5069160461425781,True,0.4554997980594635,False
1411,p0n1556,54,3.5,0.25,1724.0,2.0,B#3,60,2,0,0.4658172130584717,False,0.32236146926879883,False,0.3256487548351288,False
1412,p0n1557,54,3.75,0.25,1726.0,2.0,G#3,56,2,0,0.7692341804504395,True,0.4095153510570526,False,0.33114296197891235,False
1413,p0n1558,55,0.0,0.5,1728.0,4.0,E#4,65,1,0,0.6399707794189453,True,0.9154849648475647,True,0.9115886092185974,True
1414,p0n1559,55,0.0,1.0,1728.0,8.0,C#4,61,1,0,0.9338032007217407,True,0.9358199834823608,True,0.7099630236625671,True
1415,p0n1563,55,0.5,0.5,1732.0,4.0,C#5,73,1,0,0.7658362984657288,True,0.48441338539123535,False,0.3652869760990143,False
1416,p0n1562,55,0.5,0.5,1732.0,4.0,G#4,68,1,0,0.89417564868927,True,0.8380972743034363,True,0.6356475949287415,True
1417,p0n1561,55,0.5,0.5,1732.0,4.0,C#4,61,1,0,0.819748044013977,True,0.38189762830734253,False,0.3467859923839569,False
1418,p0n1564,55,0.5,0.5,1732.0,4.0,E#2,41,2,0,0.8155564665794373,True,0.8284990787506104,True,0.6381873488426208,True
1419,p0n1567,55,1.0,0.5,1736.0,4.0,A#4,70,1,0,0.43346813321113586,False,0.47204655408859253,False,0.3713497519493103,False
1420,p0n1566,55,1.0,0.5,1736.0,4.0,F#4,66,1,0,0.6897032856941223,True,0.5139720439910889,True,0.32444021105766296,False
1421,p0n1565,55,1.0,0.5,1736.0,4.0,D#4,63,1,0,0.6996753215789795,True,0.7779470086097717,True,0.2837980389595032,False
1422,p0n1568,55,1.0,1.0,1736.0,8.0,D#4,63,1,0,0.817993700504303,True,0.5582875609397888,True,0.2910225987434387,False
1423,p0n1569,55,1.0,0.5,1736.0,4.0,F#2,42,2,0,0.9027618765830994,True,0.9202858805656433,True,0.7240676879882812,True
1424,p0n1570,55,1.5,0.5,1740.0,4.0,B#4,72,1,0,0.8993590474128723,True,0.7926926612854004,True,0.6565755605697632,True
1425,p0n1572,55,1.5,0.5,1740.0,4.0,G#4,68,1,0,0.8735495209693909,True,0.5560896992683411,True,0.4314926862716675,False
1426,p0n1571,55,1.5,0.5,1740.0,4.0,F#4,66,1,0,0.8870262503623962,True,0.5266963243484497,True,0.4480085074901581,False
1427,p0n1573,55,1.5,0.5,1740.0,4.0,G#2,44,2,0,0.8945246338844299,True,0.4865345060825348,False,0.42195454239845276,False
1428,p0n1574,55,2.0,2.0,1744.0,16.0,C#5,73,1,0,0.961085855960846,True,0.9939217567443848,True,0.9210813045501709,True
1429,p0n1577,55,2.0,2.0,1744.0,16.0,G#4,68,1,0,0.9380363821983337,True,0.9814103841781616,True,0.9238662123680115,True
1430,p0n1576,55,2.0,2.0,1744.0,16.0,E#4,65,1,0,0.9681877493858337,True,0.9820595383644104,True,0.8859249353408813,True
1431,p0n1575,55,2.0,2.0,1744.0,16.0,C#4,61,1,0,0.9354822635650635,True,0.9375296831130981,True,0.742074728012085,True
1432,p0n1578,55,2.0,2.0,1744.0,16.0,C#2,37,2,0,0.9637005925178528,True,0.8529909253120422,True,0.6497125625610352,True
