note_index,note_id,measure,measure_offset,quarter_length,time_position,duration_seconds,pitch_name,pitch_midi,staff,voice,layer_1_score,layer_1_mask,layer_2_score,layer_2_mask,layer_3_score,layer_3_mask
0,p0n0,1,0.0,0.5,0.0,4.0,G4,67,1,0,0.913299560546875,True,0.5555437207221985,True,0.4510450065135956,False
1,p0n2,1,0.5,0.25,4.0,2.0,A4,69,1,0,0.7542260885238647,True,0.9182416796684265,True,0.6110733151435852,True
2,p0n3,1,0.75,0.25,6.0,2.0,G4,67,1,0,0.5855452418327332,True,0.7704304456710815,True,0.38942164182662964,False
3,p0n4,1,1.0,0.25,8.0,2.0,F#4,66,1,0,0.5038685202598572,True,0.04214571788907051,False,0.2758089601993561,False
4,p0n5,1,1.25,0.25,10.0,2.0,G4,67,1,0,0.6721766591072083,True,0.5398198962211609,True,0.3016727566719055,False
5,p0n6,1,1.5,0.5,12.0,4.0,A4,69,1,0,0.9702005386352539,True,0.9833998084068298,True,0.761416494846344,True
6,p0n7,1,2.0,0.25,16.0,2.0,B4,71,1,0,0.281084269285202,False,0.2483511120080948,False,0.30820873379707336,False
7,p0n8,1,2.25,0.25,18.0,2.0,A4,69,1,0,0.6124472618103027,True,0.7587637305259705,True,0.3744527995586395,False
8,p0n9,1,2.5,0.25,20.0,2.0,G4,67,1,0,0.8755866885185242,True,0.5332528352737427,True,0.4935571551322937,False
9,p0n10,1,2.75,0.25,22.0,2.0,A4,69,1,0,0.6559077501296997,True,0.7658697366714478,True,0.5015407800674438,True
10,p0n11,2,0.0,0.5,24.0,4.0,B4,71,1,0,0.8356131315231323,True,0.8109093308448792,True,0.6807006597518921,True
11,p0n13,2,0.5,0.5,28.0,4.0,A4,69,1,0,0.5194932818412781,True,0.6419063806533813,True,0.4350073039531708,False
12,p0n14,2,1.0,0.5,32.0,4.0,G4,67,1,0,0.9621657133102417,True,0.7739725112915039,True,0.5074571967124939,True
13,p0n15,2,1.5,0.5,36.0,4.0,D4,62,1,0,0.5249735713005066,True,0.8887284398078918,True,0.46377032995224,False
14,p0n16,2,2.0,1.0,40.0,8.0,C5,72,1,0,0.3702661693096161,False,0.23007716238498688,False,0.29880234599113464,False
15,p0n17,3,0.0,0.5,48.0,4.0,B4,71,1,0,0.6406400203704834,True,0.6755845546722412,True,0.5540035367012024,True
16,p0n19,3,0.5,0.5,52.0,4.0,A4,69,1,0,0.42359116673469543,False,0.30175551772117615,False,0.31893494725227356,False
17,p0n20,3,1.0,0.5,56.0,4.0,G4,67,1,0,0.8655246496200562,True,0.7183651328086853,True,0.4014493227005005,False
18,p0n21,3,1.5,0.5,60.0,4.0,F#4,66,1,0,0.9091083407402039,True,0.3707302510738373,False,0.33441340923309326,False
19,p0n22,3,2.0,1.0,64.0,8.0,E5,76,1,0,0.6058395504951477,True,0.4845860004425049,False,0.36935117840766907,False
20,p0n23,4,0.0,0.5,72.0,4.0,D5,74,1,0,0.9408324360847473,True,0.9603909850120544,True,0.7419193983078003,True
21,p0n25,4,0.5,0.25,76.0,2.0,E5,76,1,0,0.5738745927810669,True,0.3199668526649475,False,0.3139408826828003,False
22,p0n26,4,0.75,0.25,78.0,2.0,D5,74,1,0,0.9008158445358276,True,0.720102846622467,True,0.37760621309280396,False
23,p0n27,4,1.0,0.25,80.0,2.0,C5,72,1,0,0.9540939927101135,True,0.7198343276977539,True,0.5843935012817383,True
24,p0n28,4,1.25,0.25,82.0,2.0,B4,71,1,0,0.4319155216217041,False,0.19125744700431824,False,0.2916967570781708,False
25,p0n29,4,1.5,0.5,84.0,4.0,A4,69,1,0,0.876300573348999,True,0.9675906896591187,True,0.5731110572814941,True
26,p0n30,4,2.0,0.25,88.0,2.0,C5,72,1,0,0.8479934930801392,True,0.5933714509010315,True,0.560334324836731,True
27,p0n31,4,2.25,0.25,90.0,2.0,B4,71,1,0,0.2119334638118744,False,0.15788783133029938,False,0.282216876745224,False
28,p0n32,4,2.5,0.25,92.0,2.0,A4,69,1,0,0.6169653534889221,True,0.7081806063652039,True,0.4041760563850403,False
29,p0n33,4,2.75,0.25,94.0,2.0,G4,67,1,0,0.38261252641677856,False,0.2049650102853775,False,0.28507131338119507,False
30,p0n34,5,0.0,0.5,96.0,4.0,F#4,66,1,0,0.9015819430351257,True,0.19276197254657745,False,0.3117208182811737,False
31,p0n35,5,0.0,0.5,96.0,4.0,D4,62,1,0,0.9141842722892761,True,0.9566633701324463,True,0.8302518129348755,True
32,p0n37,5,0.5,0.5,100.0,4.0,G4,67,1,0,0.20153915882110596,False,0.1841379553079605,False,0.2827282249927521,False
33,p0n38,5,0.5,0.25,100.0,2.0,E4,64,1,0,0.9075966477394104,True,0.9462383389472961,True,0.7525765299797058,True
34,p0n39,5,0.75,0.25,102.0,2.0,D4,62,1,0,0.7018948793411255,True,0.6666234135627747,True,0.2959848642349243,False
35,p0n40,5,1.0,0.5,104.0,4.0,A4,69,1,0,0.8275235891342163,True,0.7638612389564514,True,0.5038506984710693,True
36,p0n41,5,1.0,0.25,104.0,2.0,C#4,61,1,0,0.8760648369789124,True,0.7474192976951599,True,0.7246403694152832,True
37,p0n42,5,1.25,0.25,106.0,2.0,D4,62,1,0,0.3633991777896881,False,0.19881314039230347,False,0.2813338041305542,False
38,p0n43,5,1.5,0.5,108.0,4.0,G4,67,1,0,0.8950150012969971,True,0.9507274031639099,True,0.7194221615791321,True
39,p0n44,5,1.5,0.5,108.0,4.0,E4,64,1,0,0.9858371019363403,True,0.9747582674026489,True,0.8343296647071838,True
40,p0n45,5,2.0,0.5,112.0,4.0,A4,69,1,0,0.29606348276138306,False,0.24329900741577148,False,0.2910594642162323,False
41,p0n46,5,2.0,0.25,112.0,2.0,F#4,66,1,0,0.6428467035293579,True,0.0780528262257576,False,0.26334694027900696,False
42,p0n47,5,2.25,0.25,114.0,2.0,E4,64,1,0,0.9428958892822266,True,0.889579176902771,True,0.5037432909011841,True
43,p0n48,5,2.5,0.5,116.0,4.0,B4,71,1,0,0.8024222254753113,True,0.6605754494667053,True,0.7718982696533203,True
44,p0n49,5,2.5,0.25,116.0,2.0,D4,62,1,0,0.9111519455909729,True,0.8438592553138733,True,0.5375394225120544,True
45,p0n50,5,2.75,0.25,118.0,2.0,E4,64,1,0,0.8579238057136536,True,0.7564323544502258,True,0.5258035063743591,True
46,p0n51,6,0.0,0.5,120.0,4.0,A4,69,1,0,0.8329205513000488,True,0.9901111721992493,True,0.7383924722671509,True
47,p0n52,6,0.0,0.5,120.0,4.0,F#4,66,1,0,0.6875070333480835,True,0.23635649681091309,False,0.30922427773475647,False
48,p0n54,6,0.5,0.25,124.0,2.0,B4,71,1,0,0.7643947005271912,True,0.4849683344364166,False,0.3613568842411041,False
49,p0n55,6,0.5,0.5,124.0,4.0,E4,64,1,0,0.7828028202056885,True,0.9208764433860779,True,0.7926552891731262,True
50,p0n56,6,0.75,0.25,126.0,2.0,C#5,73,1,0,0.9278452396392822,True,0.9417353272438049,True,0.8370580077171326,True
51,p0n57,6,1.0,0.25,128.0,2.0,D5,74,1,0,0.7089326977729797,True,0.5965609550476074,True,0.38011935353279114,False
52,p0n58,6,1.0,0.5,128.0,4.0,D4,62,1,0,0.9104573726654053,True,0.8994885087013245,True,0.7645494937896729,True
53,p0n59,6,1.25,0.25,130.0,2.0,B4,71,1,0,0.6839920878410339,True,0.1421084851026535,False,0.2731010317802429,False
54,p0n60,6,1.5,0.25,132.0,2.0,C#5,73,1,0,0.9333189129829407,True,0.9481391310691833,True,0.8320473432540894,True
55,p0n61,6,1.5,0.5,132.0,4.0,A3,57,1,0,0.9659938812255859,True,0.9561858773231506,True,0.8411068320274353,True
56,p0n62,6,1.75,0.25,134.0,2.0,B4,71,1,0,0.3999865651130676,False,0.318268358707428,False,0.33022594451904297,False
57,p0n63,6,2.0,0.25,136.0,2.0,C#5,73,1,0,0.9620379209518433,True,0.8070796132087708,True,0.5953839421272278,True
58,p0n64,6,2.0,1.0,136.0,8.0,G4,67,1,0,0.20294789969921112,False,0.1519145667552948,False,0.27619075775146484,False
59,p0n65,6,2.25,0.25,138.0,2.0,D5,74,1,0,0.3595132827758789,False,0.19552987813949585,False,0.28106889128685,False
60,p0n66,6,2.5,0.25,140.0,2.0,E5,76,1,0,0.3971574604511261,False,0.2725721597671509,False,0.32369741797447205,False
61,p0n67,6,2.75,0.25,142.0,2.0,C#5,73,1,0,0.7931064963340759,True,0.8540918231010437,True,0.6436728835105896,True
62,p0n68,7,0.0,0.25,144.0,2.0,D5,74,1,0,0.7835118174552917,True,0.8865869045257568,True,0.7396028637886047,True
63,p0n69,7,0.0,0.5,144.0,4.0,F#4,66,1,0,0.70099276304245,True,0.051904015243053436,False,0.27831220626831055,False
64,p0n71,7,0.25,0.25,146.0,2.0,C#5,73,1,0,0.902369499206543,True,0.8300591111183167,True,0.7316024899482727,True
65,p0n72,7,0.5,0.25,148.0,2.0,D5,74,1,0,0.8047271966934204,True,0.6252429485321045,True,0.3937601149082184,False
66,p0n73,7,0.5,0.5,148.0,4.0,E4,64,1,0,0.9278085827827454,True,0.9706923961639404,True,0.9116005897521973,True
67,p0n74,7,0.75,0.25,150.0,2.0,E5,76,1,0,0.38676974177360535,False,0.24016109108924866,False,0.29992198944091797,False
68,p0n75,7,1.0,0.25,152.0,2.0,F#5,78,1,0,0.4068957269191742,False,0.15539775788784027,False,0.28621166944503784,False
69,p0n76,7,1.0,0.5,152.0,4.0,D4,62,1,0,0.9011282920837402,True,0.7757143378257751,True,0.6027727127075195,True
70,p0n77,7,1.25,0.25,154.0,2.0,D5,74,1,0,0.29097193479537964,False,0.15883642435073853,False,0.27415594458580017,False
71,p0n78,7,1.5,0.25,156.0,2.0,E5,76,1,0,0.7776276469230652,True,0.8941490650177002,True,0.6315641403198242,True
72,p0n79,7,1.5,0.5,156.0,4.0,C#4,61,1,0,0.9319899082183838,True,0.9474654197692871,True,0.9573308825492859,True
73,p0n80,7,1.75,0.25,158.0,2.0,D5,74,1,0,0.3663526773452759,False,0.20815475285053253,False,0.2843804955482483,False
74,p0n81,7,2.0,0.25,160.0,2.0,E5,76,1,0,0.5286614298820496,True,0.614600658416748,True,0.36161449551582336,False
75,p0n82,7,2.0,1.0,160.0,8.0,B4,71,1,0,0.7000249624252319,True,0.7796328663825989,True,0.6784354448318481,True
76,p0n83,7,2.25,0.25,162.0,2.0,F#5,78,1,0,0.05291954427957535,False,0.10625918954610825,False,0.2648148834705353,False
77,p0n84,7,2.5,0.25,164.0,2.0,G5,79,1,0,0.6114628911018372,True,0.35005882382392883,False,0.33087408542633057,False
78,p0n85,7,2.75,0.25,166.0,2.0,E5,76,1,0,0.1812891811132431,False,0.14120334386825562,False,0.276388019323349,False
79,p0n86,8,0.0,0.5,168.0,4.0,F#5,78,1,0,0.7392823100090027,True,0.42934295535087585,False,0.36505022644996643,False
80,p0n87,8,0.0,0.5,168.0,4.0,A4,69,1,0,0.8615241646766663,True,0.7995031476020813,True,0.8019781708717346,True
81,p0n89,8,0.5,0.25,172.0,2.0,G5,79,1,0,0.44736379384994507,False,0.2422318160533905,False,0.30111974477767944,False
82,p0n90,8,0.5,0.25,172.0,2.0,B4,71,1,0,0.5623126029968262,True,0.6879586577415466,True,0.2832357585430145,False
83,p0n91,8,0.75,0.25,174.0,2.0,F#5,78,1,0,0.3484838306903839,False,0.11633056402206421,False,0.26906639337539673,False
84,p0n92,8,0.75,0.25,174.0,2.0,A4,69,1,0,0.7528281211853027,True,0.42357105016708374,False,0.29863664507865906,False
85,p0n93,8,1.0,0.25,176.0,2.0,E5,76,1,0,0.9489864110946655,True,0.9463394284248352,True,0.7288111448287964,True
86,p0n94,8,1.0,0.25,176.0,2.0,G4,67,1,0,0.768008828163147,True,0.7370795607566833,True,0.5960831642150879,True
87,p0n95,8,1.25,0.25,178.0,2.0,D5,74,1,0,0.1731286495923996,False,0.12053140997886658,False,0.2677980661392212,False
88,p0n96,8,1.25,0.25,178.0,2.0,F#4,66,1,0,0.11618127673864365,False,0.10700660198926926,False,0.26480740308761597,False
89,p0n97,8,1.5,1.75,180.0,14.0,G5,79,1,0,0.5175020098686218,True,0.7523197531700134,True,0.5669572353363037,True
90,p0n98,8,1.5,0.5,180.0,4.0,E4,64,1,0,0.9651174545288086,True,0.9615496397018433,True,0.9365345239639282,True
91,p0n99,8,2.0,0.25,184.0,2.0,G4,67,1,0,0.8064431548118591,True,0.8648295402526855,True,0.7233442068099976,True
92,p0n100,8,2.25,0.25,186.0,2.0,F#4,66,1,0,0.16355010867118835,False,0.10570431500673294,False,0.2644660472869873,False
93,p0n101,8,2.5,0.25,188.0,2.0,E4,64,1,0,0.9817211627960205,True,0.8842971324920654,True,0.8269340991973877,True
94,p0n102,8,2.75,0.25,190.0,2.0,D4,62,1,0,0.18704259395599365,False,0.14360679686069489,False,0.27140235900878906,False
95,p0n104,9,0.0,0.5,192.0,4.0,C#4,61,1,0,0.9515342712402344,True,0.8072192668914795,True,0.7684418559074402,True
96,p0n106,9,0.25,0.25,194.0,2.0,F#5,78,1,0,0.03180917352437973,False,0.10469041019678116,False,0.26461711525917053,False
97,p0n107,9,0.5,0.25,196.0,2.0,E5,76,1,0,0.6578524112701416,True,0.9289098978042603,True,0.6237255930900574,True
98,p0n108,9,0.5,0.5,196.0,4.0,G4,67,1,0,0.8411335349082947,True,0.7380201816558838,True,0.5869712233543396,True
99,p0n109,9,0.75,0.25,198.0,2.0,G5,79,1,0,0.8301188349723816,True,0.6030699014663696,True,0.47674259543418884,False
100,p0n110,9,1.0,0.25,200.0,2.0,D5,74,1,0,0.321466863155365,False,0.1542440950870514,False,0.2866722643375397,False
101,p0n111,9,1.0,0.5,200.0,4.0,F#4,66,1,0,0.2247140109539032,False,0.13238081336021423,False,0.2806738615036011,False
102,p0n112,9,1.25,0.25,202.0,2.0,G5,79,1,0,0.5356167554855347,True,0.7625589370727539,True,0.6209822297096252,True
103,p0n113,9,1.5,0.25,204.0,2.0,C#5,73,1,0,0.9047086834907532,True,0.9082456827163696,True,0.7713319659233093,True
104,p0n114,9,1.5,0.5,204.0,4.0,E4,64,1,0,0.958963930606842,True,0.9888760447502136,True,0.8924819231033325,True
105,p0n115,9,1.75,0.25,206.0,2.0,G5,79,1,0,0.5890341401100159,True,0.4969854950904846,False,0.3562849164009094,False
106,p0n116,9,2.0,0.25,208.0,2.0,B4,71,1,0,0.5604355931282043,True,0.6194949150085449,True,0.4748890995979309,False
107,p0n117,9,2.0,0.5,208.0,4.0,D4,62,1,0,0.5017209649085999,True,0.707166314125061,True,0.38370171189308167,False
108,p0n118,9,2.25,0.25,210.0,2.0,G5,79,1,0,0.605846107006073,True,0.48813295364379883,False,0.3547249138355255,False
109,p0n119,9,2.5,0.25,212.0,2.0,A4,69,1,0,0.5019614696502686,True,0.8150634765625,True,0.8269284963607788,True
110,p0n120,9,2.5,0.5,212.0,4.0,C#4,61,1,0,0.909468948841095,True,0.7134610414505005,True,0.6407432556152344,True
111,p0n121,9,2.75,0.25,214.0,2.0,G5,79,1,0,0.40674641728401184,False,0.23322850465774536,False,0.29574745893478394,False
112,p0n122,10,0.0,0.5,216.0,4.0,F#5,78,1,0,0.5284162759780884,True,0.1615017205476761,False,0.30513885617256165,False
113,p0n123,10,0.0,0.25,216.0,2.0,D4,62,1,0,0.47569677233695984,False,0.3502928614616394,False,0.34923243522644043,False
114,p0n125,10,0.25,0.25,218.0,2.0,E4,64,1,0,0.8012531995773315,True,0.8622936010360718,True,0.2623736560344696,False
115,p0n126,10,0.5,0.5,220.0,4.0,D5,74,1,0,0.13304680585861206,False,0.1560923159122467,False,0.2727653682231903,False
116,p0n127,10,0.5,0.25,220.0,2.0,F#4,66,1,0,0.5214176774024963,True,0.1303332895040512,False,0.2640136480331421,False
117,p0n128,10,0.75,0.25,222.0,2.0,D4,62,1,0,0.3296057879924774,False,0.13278883695602417,False,0.2692963778972626,False
118,p0n129,10,1.0,0.5,224.0,4.0,E5,76,1,0,0.7535025477409363,True,0.7202423810958862,True,0.5598771572113037,True
119,p0n130,10,1.0,0.25,224.0,2.0,G4,67,1,0,0.6847397685050964,True,0.3636055588722229,False,0.29654461145401,False
120,p0n131,10,1.25,0.25,226.0,2.0,D4,62,1,0,0.4649348855018616,False,0.20564128458499908,False,0.2841937243938446,False
121,p0n132,10,1.5,0.5,228.0,4.0,F#5,78,1,0,0.4978693127632141,False,0.34018227458000183,False,0.3306434154510498,False
122,p0n133,10,1.5,0.25,228.0,2.0,A4,69,1,0,0.722903311252594,True,0.8334718346595764,True,0.7256712317466736,True
123,p0n134,10,1.75,0.25,230.0,2.0,D4,62,1,0,0.5069096088409424,True,0.3410264551639557,False,0.30123546719551086,False
124,p0n135,10,2.0,0.5,232.0,4.0,G5,79,1,0,0.24740099906921387,False,0.22646065056324005,False,0.2901364266872406,False
125,p0n136,10,2.0,0.25,232.0,2.0,B4,71,1,0,0.6705071330070496,True,0.542195737361908,True,0.4111477732658386,False
126,p0n137,10,2.25,0.25,234.0,2.0,D4,62,1,0,0.42353272438049316,False,0.17805826663970947,False,0.27774307131767273,False
127,p0n138,10,2.5,1.0,236.0,8.0,A5,81,1,0,0.9197707176208496,True,0.913445770740509,True,0.6282349824905396,True
128,p0n139,10,2.5,0.25,236.0,2.0,C5,72,1,0,0.9552151560783386,True,0.5949297547340393,True,0.34625113010406494,False
129,p0n140,10,2.75,0.25,238.0,2.0,D4,62,1,0,0.4003327786922455,False,0.19786407053470612,False,0.28298935294151306,False
130,p0n142,11,0.0,1.5,240.0,12.0,B4,71,1,0,0.8022227883338928,True,0.8340794444084167,True,0.6570475697517395,True
131,p0n143,11,0.0,0.5,240.0,4.0,G3,55,2,0,0.9830112457275391,True,0.8645415902137756,True,0.5957165360450745,True
132,p0n144,11,0.5,0.5,244.0,4.0,D5,74,1,0,0.5599951148033142,True,0.6179787516593933,True,0.27924680709838867,False
133,p0n145,11,0.5,0.25,244.0,2.0,A3,57,2,0,0.7325742840766907,True,0.7834096550941467,True,0.4681531488895416,False
134,p0n146,11,0.75,0.25,246.0,2.0,G3,55,2,0,0.8818581700325012,True,0.4411033093929291,False,0.3584077060222626,False
135,p0n147,11,1.0,1.0,248.0,8.0,G5,79,1,0,0.3752247989177704,False,0.2593633830547333,False,0.31713002920150757,False
136,p0n148,11,1.0,0.25,248.0,2.0,F#3,54,2,0,0.8209453821182251,True,0.10040688514709473,False,0.27134379744529724,False
137,p0n149,11,1.25,0.25,250.0,2.0,G3,55,2,0,0.9058000445365906,True,0.35940316319465637,False,0.3231898844242096,False
138,p0n151,11,1.5,2.0,252.0,16.0,C5,72,1,0,0.9262704253196716,True,0.9251371622085571,True,0.6742668747901917,True
139,p0n152,11,1.5,0.5,252.0,4.0,A3,57,2,0,0.9346550703048706,True,0.888767421245575,True,0.5834860801696777,True
140,p0n153,11,2.0,0.5,256.0,4.0,F#5,78,1,0,0.1967688947916031,False,0.15006095170974731,False,0.2721079885959625,False
141,p0n154,11,2.0,0.25,256.0,2.0,B3,59,2,0,0.43233221769332886,False,0.4542599618434906,False,0.392788290977478,False
142,p0n155,11,2.25,0.25,258.0,2.0,A3,57,2,0,0.5685589909553528,True,0.22863160073757172,False,0.2612103819847107,False
143,p0n156,11,2.5,0.5,260.0,4.0,E5,76,1,0,0.6299363970756531,True,0.7023115754127502,True,0.3061075806617737,False
144,p0n157,11,2.5,0.25,260.0,2.0,G3,55,2,0,0.978972315788269,True,0.17306721210479736,False,0.2918148934841156,False
145,p0n158,11,2.75,0.25,262.0,2.0,A3,57,2,0,0.5833267569541931,True,0.37209463119506836,False,0.2830274701118469,False
146,p0n159,12,0.0,0.5,264.0,4.0,D5,74,1,0,0.6666879653930664,True,0.7694563269615173,True,0.3197975754737854,False
147,p0n161,12,0.0,0.5,264.0,4.0,B3,59,2,0,0.7231201529502869,True,0.9199489951133728,True,0.8241418600082397,True
148,p0n162,12,0.5,0.5,268.0,4.0,C5,72,1,0,0.8430952429771423,True,0.4375922381877899,False,0.36108484864234924,False
149,p0n163,12,0.5,0.5,268.0,4.0,F#4,66,1,0,0.8518947958946228,True,0.2112479954957962,False,0.27491727471351624,False
150,p0n164,12,0.5,0.5,268.0,4.0,A3,57,2,0,0.2744181156158447,False,0.2688804268836975,False,0.2986859381198883,False
151,p0n165,12,1.0,0.5,272.0,4.0,B4,71,1,0,0.8576414585113525,True,0.4024568200111389,False,0.2955642640590668,False
152,p0n166,12,1.0,1.0,272.0,8.0,G4,67,1,0,0.39173758029937744,False,0.20251178741455078,False,0.2966682016849518,False
153,p0n167,12,1.0,0.5,272.0,4.0,G3,55,2,0,0.9766659140586853,True,0.4434545636177063,False,0.31548747420310974,False
154,p0n168,12,1.5,1.0,276.0,8.0,A4,69,1,0,0.6666355133056641,True,0.7346553802490234,True,0.44567641615867615,False
155,p0n170,12,1.5,0.5,276.0,4.0,D3,50,2,0,0.6413233280181885,True,0.47011440992355347,False,0.3466423749923706,False
156,p0n171,12,2.0,0.25,280.0,2.0,F#4,66,1,0,0.9287809133529663,True,0.43705272674560547,False,0.33993688225746155,False
157,p0n172,12,2.0,1.0,280.0,8.0,C4,60,2,0,0.7102707624435425,True,0.7639463543891907,True,0.33789655566215515,False
158,p0n173,12,2.25,0.25,282.0,2.0,G4,67,1,0,0.5480345487594604,True,0.5958412289619446,True,0.4071824848651886,False
159,p0n175,12,2.5,0.25,284.0,2.0,A4,69,1,0,0.29862067103385925,False,0.11726272851228714,False,0.27718430757522583,False
160,p0n176,12,2.75,0.25,286.0,2.0,F#4,66,1,0,0.76631098985672,True,0.1508236527442932,False,0.25978386402130127,False
161,p0n178,13,0.0,0.25,288.0,2.0,G4,67,1,0,0.7274479269981384,True,0.765948474407196,True,0.6045917272567749,True
162,p0n179,13,0.0,0.5,288.0,4.0,B3,59,2,0,0.8367112874984741,True,0.7871910929679871,True,0.810760498046875,True
163,p0n180,13,0.25,0.25,290.0,2.0,F#4,66,1,0,0.7251476645469666,True,0.1106720119714737,False,0.2727496922016144,False
164,p0n182,13,0.5,0.25,292.0,2.0,G4,67,1,0,0.821285605430603,True,0.4961540699005127,False,0.3308224380016327,False
165,p0n183,13,0.5,0.5,292.0,4.0,A3,57,2,0,0.5013056397438049,True,0.6360117197036743,True,0.4734921157360077,False
166,p0n184,13,0.75,0.25,294.0,2.0,A4,69,1,0,0.41268664598464966,False,0.16351215541362762,False,0.2762501537799835,False
167,p0n185,13,1.0,1.0,296.0,8.0,D5,74,1,0,0.6400008797645569,True,0.36976784467697144,False,0.31458303332328796,False
168,p0n186,13,1.0,0.25,296.0,2.0,B4,71,1,0,0.7414047122001648,True,0.38037803769111633,False,0.318514347076416,False
169,p0n187,13,1.0,0.5,296.0,4.0,G3,55,2,0,0.986534595489502,True,0.6029790043830872,True,0.31900596618652344,False
170,p0n188,13,1.25,0.25,298.0,2.0,G4,67,1,0,0.41471558809280396,False,0.18466274440288544,False,0.2751303017139435,False
171,p0n190,13,1.5,0.25,300.0,2.0,A4,69,1,0,0.7765740752220154,True,0.9132323265075684,True,0.6116343140602112,True
172,p0n191,13,1.5,0.5,300.0,4.0,F#3,54,2,0,0.9182993173599243,True,0.527786374092102,True,0.5624286532402039,True
173,p0n192,13,1.75,0.25,302.0,2.0,G4,67,1,0,0.3878015875816345,False,0.22535206377506256,False,0.2837061882019043,False
174,p0n193,13,2.0,0.5,304.0,4.0,C5,72,1,0,0.9023255109786987,True,0.5673825740814209,True,0.35297393798828125,False
175,p0n194,13,2.0,0.25,304.0,2.0,A4,69,1,0,0.8124551773071289,True,0.804672122001648,True,0.5067881941795349,True
176,p0n195,13,2.0,1.0,304.0,8.0,E4,64,2,0,0.944943368434906,True,0.8596544861793518,True,0.7143120765686035,True
177,p0n196,13,2.25,0.25,306.0,2.0,B4,71,1,0,0.299104243516922,False,0.22400851547718048,False,0.2956370413303375,False
178,p0n197,13,2.5,1.0,308.0,8.0,A5,81,1,0,0.8091094493865967,True,0.5157931447029114,True,0.5664369463920593,True
179,p0n198,13,2.5,0.25,308.0,2.0,C5,72,1,0,0.9230658411979675,True,0.340518057346344,False,0.2741287648677826,False
180,p0n199,13,2.75,0.25,310.0,2.0,A4,69,1,0,0.22171105444431305,False,0.12860949337482452,False,0.266001433134079,False
181,p0n201,14,0.0,0.5,312.0,4.0,B4,71,1,0,0.934205949306488,True,0.8570948243141174,True,0.6734030246734619,True
182,p0n202,14,0.0,0.5,312.0,4.0,D4,62,2,0,0.7860352993011475,True,0.9642332792282104,True,0.8576329946517944,True
183,p0n203,14,0.5,1.5,316.0,12.0,G5,79,1,0,0.5197227001190186,True,0.8624743819236755,True,0.38708195090293884,False
184,p0n204,14,0.5,0.25,316.0,2.0,C5,72,1,0,0.7335715889930725,True,0.6306191086769104,True,0.3350944221019745,False
185,p0n205,14,0.5,0.25,316.0,2.0,E4,64,2,0,0.7799662947654724,True,0.7767211198806763,True,0.4449923038482666,False
186,p0n206,14,0.75,0.25,318.0,2.0,B4,71,1,0,0.6511540412902832,True,0.4378286600112915,False,0.28594541549682617,False
187,p0n207,14,0.75,0.25,318.0,2.0,D4,62,2,0,0.6752216815948486,True,0.6199654340744019,True,0.3285341262817383,False
188,p0n208,14,1.0,0.25,320.0,2.0,A4,69,1,0,0.795401930809021,True,0.7505538463592529,True,0.4791070520877838,False
189,p0n209,14,1.0,0.25,320.0,2.0,C4,60,2,0,0.9473077654838562,True,0.7563773989677429,True,0.3167354166507721,False
190,p0n210,14,1.25,0.25,322.0,2.0,G4,67,1,0,0.5315336585044861,True,0.22409328818321228,False,0.2602209746837616,False
191,p0n211,14,1.25,0.25,322.0,2.0,B3,59,2,0,0.42497867345809937,False,0.23894906044006348,False,0.2980656921863556,False
192,p0n213,14,1.5,1.75,324.0,14.0,C5,72,1,0,0.6989428997039795,True,0.8008260726928711,True,0.4083450138568878,False
193,p0n214,14,1.5,0.5,324.0,4.0,A3,57,2,0,0.7991211414337158,True,0.9039401412010193,True,0.7639976739883423,True
194,p0n215,14,2.0,0.25,328.0,2.0,A5,81,1,0,0.6730626821517944,True,0.2111404836177826,False,0.2947247624397278,False
195,p0n216,14,2.0,0.25,328.0,2.0,C4,60,2,0,0.8636213541030884,True,0.8908131122589111,True,0.3871537744998932,False
196,p0n217,14,2.25,0.25,330.0,2.0,G5,79,1,0,0.5704573392868042,True,0.2729959189891815,False,0.3135664165019989,False
197,p0n218,14,2.25,0.25,330.0,2.0,B3,59,2,0,0.11127356439828873,False,0.14947392046451569,False,0.2791440784931183,False
198,p0n219,14,2.5,0.25,332.0,2.0,F#5,78,1,0,0.314424067735672,False,0.13366545736789703,False,0.2807651162147522,False
199,p0n220,14,2.5,0.25,332.0,2.0,A3,57,2,0,0.3563445210456848,False,0.19483241438865662,False,0.2929374575614929,False
200,p0n221,14,2.75,0.25,334.0,2.0,E5,76,1,0,0.6777604222297668,True,0.4822753071784973,False,0.3198525607585907,False
201,p0n222,14,2.75,0.25,334.0,2.0,G3,55,2,0,0.8211007714271545,True,0.7132418155670166,True,0.5912473201751709,True
202,p0n223,15,0.0,3.5,336.0,28.0,D5,74,1,0,0.3957151174545288,False,0.4670024514198303,False,0.4035099148750305,False
203,p0n225,15,0.0,1.0,336.0,8.0,F#3,54,2,0,0.8528574705123901,True,0.7246279716491699,True,0.5684290528297424,True
204,p0n226,15,0.25,0.25,338.0,2.0,B4,71,1,0,0.5004364848136902,True,0.9041021466255188,True,0.5317527651786804,True
205,p0n227,15,0.5,0.25,340.0,2.0,A4,69,1,0,0.24619974195957184,False,0.2187742441892624,False,0.2836853265762329,False
206,p0n228,15,0.75,0.25,342.0,2.0,C5,72,1,0,0.873558521270752,True,0.24870698153972626,False,0.26858559250831604,False
207,p0n229,15,1.0,0.25,344.0,2.0,G4,67,1,0,0.7483823895454407,True,0.5909410715103149,True,0.48828911781311035,False
208,p0n230,15,1.0,0.5,344.0,4.0,E3,52,2,0,0.9477989077568054,True,0.9249242544174194,True,0.8503465056419373,True
209,p0n231,15,1.25,0.25,346.0,2.0,C5,72,1,0,0.8564924597740173,True,0.23107992112636566,False,0.2730543613433838,False
210,p0n232,15,1.5,0.25,348.0,2.0,F#4,66,1,0,0.5788145065307617,True,0.5925530195236206,True,0.3634170889854431,False
211,p0n233,15,1.5,0.25,348.0,2.0,D3,50,2,0,0.4692155420780182,False,0.38358864188194275,False,0.33810678124427795,False
212,p0n234,15,1.75,0.25,350.0,2.0,C5,72,1,0,0.8720245957374573,True,0.30975234508514404,False,0.2749055027961731,False
213,p0n235,15,1.75,0.25,350.0,2.0,E3,52,2,0,0.903934895992279,True,0.7957642674446106,True,0.7185158729553223,True
214,p0n236,15,2.0,0.25,352.0,2.0,E4,64,1,0,0.6259222626686096,True,0.4760870337486267,False,0.3660273849964142,False
215,p0n237,15,2.0,0.25,352.0,2.0,D3,50,2,0,0.6039289236068726,True,0.2516089081764221,False,0.26759079098701477,False
216,p0n238,15,2.25,0.25,354.0,2.0,C5,72,1,0,0.8725547790527344,True,0.2955855429172516,False,0.27770179510116577,False
217,p0n239,15,2.25,0.25,354.0,2.0,C3,48,2,0,0.8195091485977173,True,0.6675195097923279,True,0.5961580872535706,True
218,p0n240,15,2.5,0.25,356.0,2.0,D4,62,1,0,0.5209622383117676,True,0.5486020445823669,True,0.5931622385978699,True
219,p0n241,15,2.5,0.25,356.0,2.0,B2,47,2,0,0.8915941119194031,True,0.8739155530929565,True,0.7381872534751892,True
220,p0n242,15,2.75,0.25,358.0,2.0,C5,72,1,0,0.8257421255111694,True,0.2184300571680069,False,0.26596930623054504,False
221,p0n243,15,2.75,0.25,358.0,2.0,A2,45,2,0,0.7073194980621338,True,0.6032142639160156,True,0.32234784960746765,False
222,p0n245,16,0.0,0.5,360.0,4.0,B4,71,1,0,0.7800819277763367,True,0.9245500564575195,True,0.828145444393158,True
223,p0n246,16,0.0,0.25,360.0,2.0,G2,43,2,0,0.9551582932472229,True,0.9558088779449463,True,0.726632297039032,True
224,p0n247,16,0.25,0.25,362.0,2.0,A2,45,2,0,0.5688222050666809,True,0.3414934277534485,False,0.29623717069625854,False
225,p0n248,16,0.5,0.5,364.0,4.0,D5,74,1,0,0.6051961779594421,True,0.8383734822273254,True,0.625320315361023,True
226,p0n249,16,0.5,0.5,364.0,4.0,F4,65,1,0,0.863660991191864,True,0.9340090751647949,True,0.7780166864395142,True
227,p0n250,16,0.5,0.25,364.0,2.0,B2,47,2,0,0.7430317401885986,True,0.5893339514732361,True,0.39762353897094727,False
228,p0n251,16,0.75,0.25,366.0,2.0,G2,43,2,0,0.6209526062011719,True,0.6994190216064453,True,0.5381534695625305,True
229,p0n252,16,1.0,0.5,368.0,4.0,C5,72,1,0,0.9388211369514465,True,0.21449044346809387,False,0.2866113781929016,False
230,p0n253,16,1.0,0.5,368.0,4.0,E4,64,1,0,0.8391005992889404,True,0.4727194011211395,False,0.3726312518119812,False
231,p0n254,16,1.0,0.25,368.0,2.0,C3,48,2,0,0.9316803812980652,True,0.4423827528953552,False,0.3942296504974365,False
232,p0n255,16,1.25,0.25,370.0,2.0,G2,43,2,0,0.5202006101608276,True,0.18592987954616547,False,0.29525497555732727,False
233,p0n256,16,1.5,0.5,372.0,4.0,B4,71,1,0,0.8057267665863037,True,0.969959020614624,True,0.7807237505912781,True
234,p0n257,16,1.5,0.5,372.0,4.0,D4,62,1,0,0.8141036033630371,True,0.930474579334259,True,0.7325600981712341,True
235,p0n258,16,1.5,0.25,372.0,2.0,D3,50,2,0,0.6525174975395203,True,0.5264542102813721,True,0.22700275480747223,False
236,p0n259,16,1.75,0.25,374.0,2.0,G2,43,2,0,0.5945144295692444,True,0.33006465435028076,False,0.31682154536247253,False
237,p0n260,16,2.0,0.5,376.0,4.0,A4,69,1,0,0.8756494522094727,True,0.6332589387893677,True,0.5002468824386597,True
238,p0n261,16,2.0,0.5,376.0,4.0,C4,60,1,0,0.8463565707206726,True,0.790337085723877,True,0.44657132029533386,False
239,p0n262,16,2.0,0.25,376.0,2.0,E3,52,2,0,0.4482180178165436,False,0.3652239739894867,False,0.3361671268939972,False
240,p0n263,16,2.25,0.25,378.0,2.0,G2,43,2,0,0.30716797709465027,False,0.17253555357456207,False,0.2775029242038727,False
241,p0n264,16,2.5,0.5,380.0,4.0,G4,67,1,0,0.9632040858268738,True,0.9005920886993408,True,0.5679091215133667,True
242,p0n265,16,2.5,0.5,380.0,4.0,B3,59,1,0,0.8219417929649353,True,0.7980242967605591,True,0.6849530339241028,True
243,p0n266,16,2.5,0.25,380.0,2.0,F3,53,2,0,0.4742881953716278,False,0.21367715299129486,False,0.3049115240573883,False
244,p0n267,16,2.75,0.25,382.0,2.0,G2,43,2,0,0.29238536953926086,False,0.19064483046531677,False,0.2811489999294281,False
245,p0n268,17,0.0,0.25,384.0,2.0,C5,72,1,0,0.7124512791633606,True,0.292131632566452,False,0.32851359248161316,False
246,p0n269,17,0.0,0.25,384.0,2.0,E3,52,2,0,0.287240594625473,False,0.2944673001766205,False,0.32734906673431396,False
247,p0n271,17,0.25,0.25,386.0,2.0,D5,74,1,0,0.24878041446208954,False,0.13318629562854767,False,0.2697876989841461,False
248,p0n272,17,0.25,0.25,386.0,2.0,D3,50,2,0,0.39843320846557617,False,0.1805848777294159,False,0.27664870023727417,False
249,p0n273,17,0.5,1.25,388.0,10.0,E5,76,1,0,0.7496740221977234,True,0.3610549569129944,False,0.3254201412200928,False
250,p0n274,17,0.5,0.25,388.0,2.0,C3,48,2,0,0.8529815673828125,True,0.8373478651046753,True,0.6779997944831848,True
251,p0n276,17,0.75,0.25,390.0,2.0,E3,52,2,0,0.25412967801094055,False,0.1552935093641281,False,0.27600783109664917,False
252,p0n277,17,1.0,0.5,392.0,4.0,G4,67,1,0,0.9582441449165344,True,0.462422251701355,False,0.30064642429351807,False
253,p0n278,17,1.0,0.25,392.0,2.0,B2,47,2,0,0.9741422533988953,True,0.48032522201538086,False,0.3374687433242798,False
254,p0n279,17,1.25,0.25,394.0,2.0,E3,52,2,0,0.36838626861572266,False,0.2188008427619934,False,0.286340594291687,False
255,p0n281,17,1.5,2.5,396.0,20.0,F#4,66,1,0,0.9681431651115417,True,0.7082820534706116,True,0.42373451590538025,False
256,p0n282,17,1.5,0.25,396.0,2.0,A2,45,2,0,0.9211236834526062,True,0.6703076362609863,True,0.5619292259216309,True
257,p0n283,17,1.75,0.25,398.0,2.0,D5,74,1,0,0.2541144788265228,False,0.1354498267173767,False,0.27013394236564636,False
258,p0n284,17,1.75,0.25,398.0,2.0,E3,52,2,0,0.42081302404403687,False,0.2509271502494812,False,0.2949749827384949,False
259,p0n285,17,2.0,0.25,400.0,2.0,C5,72,1,0,0.8905224800109863,True,0.2004716545343399,False,0.2774587571620941,False
260,p0n286,17,2.0,0.25,400.0,2.0,G2,43,2,0,0.9095860123634338,True,0.7040334343910217,True,0.5444996953010559,True
261,p0n287,17,2.25,0.25,402.0,2.0,B4,71,1,0,0.06286048889160156,False,0.13725201785564423,False,0.2779074013233185,False
262,p0n288,17,2.25,0.25,402.0,2.0,E3,52,2,0,0.5239779353141785,True,0.5094807147979736,True,0.4619646966457367,False
263,p0n289,17,2.5,0.25,404.0,2.0,A4,69,1,0,0.11925464123487473,False,0.12260434776544571,False,0.27514392137527466,False
264,p0n290,17,2.5,0.25,404.0,2.0,F#2,42,2,0,0.7272123098373413,True,0.37939757108688354,False,0.3647052049636841,False
265,p0n291,17,2.75,0.25,406.0,2.0,C5,72,1,0,0.9484930038452148,True,0.2200128138065338,False,0.27961820363998413,False
266,p0n292,17,2.75,0.25,406.0,2.0,E3,52,2,0,0.6345497965812683,True,0.48797476291656494,False,0.38960063457489014,False
267,p0n293,18,0.0,0.25,408.0,2.0,B4,71,1,0,0.3514192998409271,False,0.36233940720558167,False,0.3639168441295624,False
268,p0n295,18,0.0,0.25,408.0,2.0,D3,50,2,0,0.20549334585666656,False,0.252682089805603,False,0.3086690902709961,False
269,p0n296,18,0.25,0.25,410.0,2.0,C5,72,1,0,0.8185479044914246,True,0.18212607502937317,False,0.2799856960773468,False
270,p0n297,18,0.25,0.25,410.0,2.0,C3,48,2,0,0.8023172616958618,True,0.4953279197216034,False,0.371874064207077,False
271,p0n298,18,0.5,1.25,412.0,10.0,D5,74,1,0,0.3061430752277374,False,0.17567935585975647,False,0.27798864245414734,False
272,p0n299,18,0.5,0.25,412.0,2.0,B2,47,2,0,0.7634913921356201,True,0.8637712001800537,True,0.5817028880119324,True
273,p0n300,18,0.75,0.25,414.0,2.0,D3,50,2,0,0.2505679130554199,False,0.11601002514362335,False,0.26500287652015686,False
274,p0n301,18,1.0,0.5,416.0,4.0,F#4,66,1,0,0.9524375200271606,True,0.15231594443321228,False,0.27869686484336853,False
275,p0n302,18,1.0,0.25,416.0,2.0,A2,45,2,0,0.9337958097457886,True,0.37026986479759216,False,0.27681368589401245,False
276,p0n303,18,1.25,0.25,418.0,2.0,D3,50,2,0,0.3109901547431946,False,0.1639591008424759,False,0.2723881006240845,False
277,p0n305,18,1.5,2.5,420.0,20.0,E4,64,1,0,0.8485822677612305,True,0.9594101905822754,True,0.5995681881904602,True
278,p0n306,18,1.5,0.25,420.0,2.0,G2,43,2,0,0.9467319846153259,True,0.8797167539596558,True,0.6017628908157349,True
279,p0n307,18,1.75,0.25,422.0,2.0,C5,72,1,0,0.8325831890106201,True,0.13901004195213318,False,0.2709556221961975,False
280,p0n308,18,1.75,0.25,422.0,2.0,D3,50,2,0,0.526563823223114,True,0.13657616078853607,False,0.2535768151283264,False
281,p0n309,18,2.0,0.25,424.0,2.0,B4,71,1,0,0.31249621510505676,False,0.1744982898235321,False,0.28599077463150024,False
282,p0n310,18,2.0,0.25,424.0,2.0,F#2,42,2,0,0.8575018644332886,True,0.2652144730091095,False,0.29086995124816895,False
283,p0n311,18,2.25,0.25,426.0,2.0,A4,69,1,0,0.05288797989487648,False,0.1105981320142746,False,0.26204735040664673,False
284,p0n312,18,2.25,0.25,426.0,2.0,D3,50,2,0,0.3010118901729584,False,0.14623071253299713,False,0.2692258656024933,False
285,p0n313,18,2.5,0.25,428.0,2.0,G4,67,1,0,0.3694209158420563,False,0.1980232149362564,False,0.2960609495639801,False
286,p0n314,18,2.5,0.25,428.0,2.0,E2,40,2,0,0.7633231282234192,True,0.959475040435791,True,0.9037448167800903,True
287,p0n315,18,2.75,0.25,430.0,2.0,B4,71,1,0,0.6201428174972534,True,0.19907352328300476,False,0.28139305114746094,False
288,p0n316,18,2.75,0.25,430.0,2.0,D3,50,2,0,0.8280693888664246,True,0.20527879893779755,False,0.24421322345733643,False
289,p0n317,19,0.0,0.25,432.0,2.0,A4,69,1,0,0.35817962884902954,False,0.28639936447143555,False,0.32000330090522766,False
290,p0n319,19,0.0,0.25,432.0,2.0,C3,48,2,0,0.759486973285675,True,0.8790226578712463,True,0.6148213744163513,True
291,p0n320,19,0.25,0.25,434.0,2.0,B4,71,1,0,0.4093903601169586,False,0.18214622139930725,False,0.2888489067554474,False
292,p0n321,19,0.25,0.25,434.0,2.0,B2,47,2,0,0.8081082701683044,True,0.44335052371025085,False,0.3667035698890686,False
293,p0n322,19,0.5,1.25,436.0,10.0,C5,72,1,0,0.9717976450920105,True,0.5004159212112427,True,0.34931254386901855,False
294,p0n323,19,0.5,0.25,436.0,2.0,A2,45,2,0,0.5780338048934937,True,0.6025944948196411,True,0.558721661567688,True
295,p0n324,19,0.75,0.25,438.0,2.0,C3,48,2,0,0.8660761117935181,True,0.4392727017402649,False,0.3195756673812866,False
296,p0n325,19,1.0,0.5,440.0,4.0,E4,64,1,0,0.685958981513977,True,0.416297048330307,False,0.3206374943256378,False
297,p0n326,19,1.0,0.25,440.0,2.0,G2,43,2,0,0.9755221009254456,True,0.6916040778160095,True,0.38820716738700867,False
298,p0n327,19,1.25,0.25,442.0,2.0,C3,48,2,0,0.8269304037094116,True,0.36028099060058594,False,0.31885454058647156,False
299,p0n329,19,1.5,2.0,444.0,16.0,D4,62,1,0,0.3970697224140167,False,0.38639020919799805,False,0.3425058126449585,False
300,p0n330,19,1.5,0.25,444.0,2.0,F#2,42,2,0,0.9601813554763794,True,0.8614835143089294,True,0.5384786128997803,True
301,p0n331,19,1.75,0.25,446.0,2.0,B4,71,1,0,0.3346242308616638,False,0.18672145903110504,False,0.29038935899734497,False
302,p0n332,19,1.75,0.25,446.0,2.0,C3,48,2,0,0.8540554642677307,True,0.3813038766384125,False,0.3147341310977936,False
303,p0n333,19,2.0,0.25,448.0,2.0,A4,69,1,0,0.37779271602630615,False,0.16849938035011292,False,0.2714535892009735,False
304,p0n334,19,2.0,0.25,448.0,2.0,E2,40,2,0,0.9420716166496277,True,0.8783776164054871,True,0.7149435877799988,True
305,p0n335,19,2.25,0.25,450.0,2.0,G4,67,1,0,0.397170752286911,False,0.15357227623462677,False,0.2747892737388611,False
306,p0n336,19,2.25,0.25,450.0,2.0,C3,48,2,0,0.8003276586532593,True,0.30837827920913696,False,0.3108995854854584,False
307,p0n337,19,2.5,0.25,452.0,2.0,F#4,66,1,0,0.8276769518852234,True,0.23112693428993225,False,0.27040770649909973,False
308,p0n338,19,2.5,0.25,452.0,2.0,D2,38,2,0,0.9132803678512573,True,0.7976507544517517,True,0.5084716081619263,True
309,p0n339,19,2.75,0.25,454.0,2.0,A4,69,1,0,0.3013366460800171,False,0.14179302752017975,False,0.26779115200042725,False
310,p0n340,19,2.75,0.25,454.0,2.0,C3,48,2,0,0.9548175930976868,True,0.42229390144348145,False,0.32503628730773926,False
311,p0n341,20,0.0,0.25,456.0,2.0,G4,67,1,0,0.8042876720428467,True,0.7386981844902039,True,0.49802160263061523,False
312,p0n343,20,0.0,0.5,456.0,4.0,B2,47,2,0,0.9632903933525085,True,0.9289487600326538,True,0.8156696557998657,True
313,p0n344,20,0.25,0.25,458.0,2.0,A4,69,1,0,0.28463372588157654,False,0.14548003673553467,False,0.2667241096496582,False
314,p0n345,20,0.5,1.5,460.0,12.0,B4,71,1,0,0.4781489968299866,False,0.32845211029052734,False,0.3308761715888977,False
315,p0n346,20,0.5,0.25,460.0,2.0,C4,60,1,0,0.8756137490272522,True,0.44242972135543823,False,0.28751710057258606,False
316,p0n347,20,0.5,0.5,460.0,4.0,A2,45,2,0,0.806925892829895,True,0.5742067098617554,True,0.5059157609939575,True
317,p0n348,20,0.75,0.25,462.0,2.0,D4,62,1,0,0.17429494857788086,False,0.138431116938591,False,0.2683057188987732,False
318,p0n349,20,1.0,0.25,464.0,2.0,E4,64,1,0,0.6658374667167664,True,0.5516781210899353,True,0.4185061752796173,False
319,p0n350,20,1.0,0.5,464.0,4.0,G2,43,2,0,0.6546686887741089,True,0.6821365356445312,True,0.2788597345352173,False
320,p0n351,20,1.25,0.25,466.0,2.0,D4,62,1,0,0.18247482180595398,False,0.14966318011283875,False,0.26920953392982483,False
321,p0n353,20,1.5,0.5,468.0,4.0,C4,60,1,0,0.9182246327400208,True,0.650215208530426,True,0.3405413031578064,False
322,p0n354,20,1.5,0.5,468.0,4.0,A2,45,2,0,0.9731366038322449,True,0.6865394115447998,True,0.48673295974731445,False
323,p0n355,20,2.0,0.5,472.0,4.0,E4,64,1,0,0.41597428917884827,False,0.30207595229148865,False,0.31348931789398193,False
324,p0n356,20,2.0,0.25,472.0,2.0,B3,59,1,0,0.8560189008712769,True,0.8356810212135315,True,0.7310529947280884,True
325,p0n357,20,2.0,0.5,472.0,4.0,G2,43,2,0,0.8345472812652588,True,0.7959434986114502,True,0.37374094128608704,False
326,p0n358,20,2.25,0.25,474.0,2.0,C4,60,1,0,0.8638436794281006,True,0.16967526078224182,False,0.24686464667320251,False
327,p0n359,20,2.5,0.75,476.0,6.0,A4,69,1,0,0.27064383029937744,False,0.1324339359998703,False,0.2771657109260559,False
328,p0n360,20,2.5,0.25,476.0,2.0,D4,62,1,0,0.5729881525039673,True,0.36793574690818787,False,0.2976553440093994,False
329,p0n361,20,2.5,0.5,476.0,4.0,F#2,42,2,0,0.8396317362785339,True,0.17487122118473053,False,0.287092924118042,False
330,p0n362,20,2.75,0.25,478.0,2.0,C4,60,1,0,0.8263023495674133,True,0.21451637148857117,False,0.262876033782959,False
331,p0n364,21,0.0,0.5,480.0,4.0,B3,59,1,0,0.9407528042793274,True,0.9508378505706787,True,0.7511534094810486,True
332,p0n365,21,0.0,0.25,480.0,2.0,G2,43,2,0,0.8375857472419739,True,0.475174218416214,False,0.3828792870044708,False
333,p0n366,21,0.25,0.25,482.0,2.0,G4,67,1,0,0.6989749670028687,True,0.3140285611152649,False,0.254076212644577,False
334,p0n367,21,0.25,0.25,482.0,2.0,G3,55,2,0,0.8563134074211121,True,0.9564469456672668,True,0.601218044757843,True
335,p0n368,21,0.5,0.5,484.0,4.0,A4,69,1,0,0.4373563230037689,False,0.18396279215812683,False,0.2733857333660126,False
336,p0n369,21,0.5,0.5,484.0,4.0,C4,60,1,0,0.9555199146270752,True,0.6271793842315674,True,0.30622076988220215,False
337,p0n370,21,0.5,0.25,484.0,2.0,F3,53,2,0,0.47699886560440063,False,0.24223235249519348,False,0.3045769929885864,False
338,p0n371,21,0.75,0.25,486.0,2.0,E3,52,2,0,0.23951676487922668,False,0.18604952096939087,False,0.28254935145378113,False
339,p0n372,21,1.0,0.5,488.0,4.0,B4,71,1,0,0.4534052908420563,False,0.27261143922805786,False,0.3314695656299591,False
340,p0n373,21,1.0,0.5,488.0,4.0,D4,62,1,0,0.5257290601730347,True,0.19845879077911377,False,0.27670836448669434,False
341,p0n374,21,1.0,0.25,488.0,2.0,D3,50,2,0,0.09490396082401276,False,0.12830260396003723,False,0.2777438759803772,False
342,p0n375,21,1.25,0.25,490.0,2.0,F3,53,2,0,0.6159157156944275,True,0.8137903809547424,True,0.6000782251358032,True
343,p0n376,21,1.5,0.25,492.0,2.0,C5,72,1,0,0.9799704551696777,True,0.5111871957778931,True,0.37143492698669434,False
344,p0n377,21,1.5,0.5,492.0,4.0,G4,67,1,0,0.6304082274436951,True,0.7090159058570862,True,0.40484368801116943,False
345,p0n378,21,1.5,0.25,492.0,2.0,E3,52,2,0,0.3014392554759979,False,0.356930136680603,False,0.33262374997138977,False
346,p0n379,21,1.75,0.25,494.0,2.0,D5,74,1,0,0.36104097962379456,False,0.16622394323349,False,0.2760773003101349,False
347,p0n380,21,1.75,0.25,494.0,2.0,F3,53,2,0,0.6834472417831421,True,0.8459703922271729,True,0.6107867360115051,True
348,p0n381,21,2.0,0.25,496.0,2.0,C5,72,1,0,0.9812625050544739,True,0.24798348546028137,False,0.2726537585258484,False
349,p0n382,21,2.0,1.0,496.0,8.0,A3,57,2,0,0.74333655834198,True,0.6117715835571289,True,0.62373286485672,True
350,p0n383,21,2.0,0.25,496.0,2.0,E3,52,2,0,0.754389226436615,True,0.6356649398803711,True,0.49336767196655273,False
351,p0n384,21,2.25,0.25,498.0,2.0,B4,71,1,0,0.7210003137588501,True,0.6176610589027405,True,0.4149496555328369,False
352,p0n385,21,2.25,0.25,498.0,2.0,D3,50,2,0,0.05682818964123726,False,0.10800063610076904,False,0.26410457491874695,False
353,p0n386,21,2.5,0.25,500.0,2.0,A4,69,1,0,0.6631441712379456,True,0.4372934103012085,False,0.3457886278629303,False
354,p0n387,21,2.5,0.25,500.0,2.0,C3,48,2,0,0.5659146904945374,True,0.6761101484298706,True,0.46234145760536194,False
355,p0n388,21,2.75,0.25,502.0,2.0,G4,67,1,0,0.9223633408546448,True,0.24298594892024994,False,0.2554626166820526,False
356,p0n389,21,2.75,0.25,502.0,2.0,E3,52,2,0,0.794623613357544,True,0.654022216796875,True,0.5585460066795349,True
357,p0n392,22,0.0,0.125,504.0,1.0,G4,67,1,0,0.9296406507492065,True,0.5488041043281555,True,0.3842995762825012,False
358,p0n390,22,0.0,0.75,504.0,6.0,F#4,66,1,0,0.8394129872322083,True,0.6128693222999573,True,0.4316490590572357,False
359,p0n391,22,0.0,0.5,504.0,4.0,B3,59,2,0,0.6052604913711548,True,0.8213843703269958,True,0.6052042841911316,True
360,p0n393,22,0.0,0.25,504.0,2.0,D3,50,2,0,0.17945553362369537,False,0.2390216737985611,False,0.30666980147361755,False
361,p0n394,22,0.125,0.125,505.0,1.0,F#4,66,1,0,0.5826345086097717,True,0.14199864864349365,False,0.26660117506980896,False
362,p0n395,22,0.25,0.125,506.0,1.0,G4,67,1,0,0.8293757438659668,True,0.11854561418294907,False,0.2591293454170227,False
363,p0n396,22,0.25,0.25,506.0,2.0,E3,52,2,0,0.6650166511535645,True,0.7084417939186096,True,0.3921143412590027,False
364,p0n397,22,0.375,0.125,507.0,1.0,F#4,66,1,0,0.4581083357334137,False,0.09223731607198715,False,0.26802629232406616,False
365,p0n399,22,0.5,0.125,508.0,1.0,G4,67,1,0,0.9590414762496948,True,0.3551570773124695,False,0.2732156217098236,False
366,p0n398,22,0.5,0.5,508.0,4.0,C4,60,1,0,0.9827006459236145,True,0.5158914923667908,True,0.2971009612083435,False
367,p0n400,22,0.5,0.25,508.0,2.0,D3,50,2,0,0.42763274908065796,False,0.20236220955848694,False,0.28239089250564575,False
368,p0n401,22,0.625,0.125,509.0,1.0,F#4,66,1,0,0.7059232592582703,True,0.1456632912158966,False,0.26980677247047424,False
369,p0n402,22,0.75,0.125,510.0,1.0,E4,64,1,0,0.09756863117218018,False,0.13105268776416779,False,0.27201029658317566,False
370,p0n403,22,0.75,0.25,510.0,2.0,C3,48,2,0,0.5882160663604736,True,0.46528157591819763,False,0.3687936067581177,False
371,p0n404,22,0.875,0.125,511.0,1.0,F#4,66,1,0,0.709172785282135,True,0.09537159651517868,False,0.2579513490200043,False
372,p0n405,22,1.0,0.75,512.0,6.0,G4,67,1,0,0.9041298627853394,True,0.34305664896965027,False,0.31116464734077454,False
373,p0n406,22,1.0,0.5,512.0,4.0,D4,62,1,0,0.13898152112960815,False,0.11920379102230072,False,0.2776227593421936,False
374,p0n407,22,1.0,0.25,512.0,2.0,B2,47,2,0,0.6448222398757935,True,0.7251811623573303,True,0.2845384180545807,False
375,p0n408,22,1.25,0.25,514.0,2.0,D3,50,2,0,0.7543556690216064,True,0.17935484647750854,False,0.2620450556278229,False
376,p0n410,22,1.5,0.5,516.0,4.0,E4,64,1,0,0.6428732872009277,True,0.9460726976394653,True,0.6966969966888428,True
377,p0n411,22,1.5,0.25,516.0,2.0,C3,48,2,0,0.934632420539856,True,0.8903447985649109,True,0.6903541684150696,True
378,p0n412,22,1.75,0.25,518.0,2.0,B4,71,1,0,0.43933767080307007,False,0.23692193627357483,False,0.29763251543045044,False
379,p0n413,22,1.75,0.25,518.0,2.0,D3,50,2,0,0.39621803164482117,False,0.16635850071907043,False,0.2740274667739868,False
380,p0n414,22,2.0,0.25,520.0,2.0,A4,69,1,0,0.14150264859199524,False,0.16418060660362244,False,0.2699444890022278,False
381,p0n415,22,2.0,1.0,520.0,8.0,F#3,54,2,0,0.6897282600402832,True,0.2529889941215515,False,0.2640065848827362,False
382,p0n416,22,2.0,0.25,520.0,2.0,C3,48,2,0,0.8620918393135071,True,0.6496115326881409,True,0.44130709767341614,False
383,p0n417,22,2.25,0.25,522.0,2.0,G4,67,1,0,0.5311814546585083,True,0.201254203915596,False,0.26545828580856323,False
384,p0n418,22,2.25,0.25,522.0,2.0,B2,47,2,0,0.6922910809516907,True,0.8215265274047852,True,0.443962424993515,False
385,p0n419,22,2.5,0.25,524.0,2.0,F#4,66,1,0,0.8349465131759644,True,0.25866085290908813,False,0.2858515679836273,False
386,p0n420,22,2.5,0.25,524.0,2.0,A2,45,2,0,0.3494713604450226,False,0.16186471283435822,False,0.2796819508075714,False
387,p0n421,22,2.75,0.25,526.0,2.0,E4,64,1,0,0.7481877207756042,True,0.5588443875312805,True,0.32552531361579895,False
388,p0n422,22,2.75,0.25,526.0,2.0,C3,48,2,0,0.8973627686500549,True,0.3143290579319,False,0.304099977016449,False
389,p0n423,23,0.0,0.5,528.0,4.0,D4,62,1,0,0.8470016717910767,True,0.8657487034797668,True,0.5620641112327576,True
390,p0n424,23,0.0,0.5,528.0,4.0,G3,55,2,0,0.8961939215660095,True,0.3563500642776489,False,0.39934155344963074,False
391,p0n425,23,0.0,0.25,528.0,2.0,B2,47,2,0,0.9395466446876526,True,0.8989018797874451,True,0.6370531320571899,True
392,p0n426,23,0.25,0.25,530.0,2.0,C3,48,2,0,0.500367283821106,True,0.16458123922348022,False,0.2637517750263214,False
393,p0n428,23,0.5,0.25,532.0,2.0,G3,55,2,0,0.841093122959137,True,0.059646125882864,False,0.26649996638298035,False
394,p0n429,23,0.5,0.25,532.0,2.0,B2,47,2,0,0.8985044360160828,True,0.6419325470924377,True,0.32824084162712097,False
395,p0n430,23,0.75,0.25,534.0,2.0,A3,57,2,0,0.38877034187316895,False,0.16354285180568695,False,0.2724817395210266,False
396,p0n431,23,0.75,0.25,534.0,2.0,A2,45,2,0,0.5029726624488831,True,0.32209065556526184,False,0.3111244738101959,False
397,p0n433,23,1.0,0.25,536.0,2.0,B3,59,2,0,0.9803555011749268,True,0.737639844417572,True,0.4208971858024597,False
398,p0n434,23,1.0,0.25,536.0,2.0,G2,43,2,0,0.6322949528694153,True,0.4765688478946686,False,0.280536949634552,False
399,p0n435,23,1.25,0.25,538.0,2.0,C#4,61,2,0,0.14903061091899872,False,0.17371486127376556,False,0.29050561785697937,False
400,p0n436,23,1.25,0.25,538.0,2.0,A2,45,2,0,0.3108845055103302,False,0.18951848149299622,False,0.2728256285190582,False
401,p0n438,23,1.5,0.5,540.0,4.0,D4,62,2,0,0.9201383590698242,True,0.9121476411819458,True,0.6266558766365051,True
402,p0n439,23,1.5,0.25,540.0,2.0,B2,47,2,0,0.9665217995643616,True,0.9377840757369995,True,0.6446998715400696,True
403,p0n440,23,1.75,0.25,542.0,2.0,C#3,49,2,0,0.8129278421401978,True,0.3394016623497009,False,0.3292246460914612,False
404,p0n441,23,2.0,0.25,544.0,2.0,B3,59,2,0,0.9566231966018677,True,0.6877323389053345,True,0.3040474057197571,False
405,p0n442,23,2.0,0.25,544.0,2.0,D3,50,2,0,0.5820106267929077,True,0.689134418964386,True,0.5156304240226746,True
406,p0n443,23,2.25,0.25,546.0,2.0,C#4,61,2,0,0.04550822079181671,False,0.128399059176445,False,0.2809865176677704,False
407,p0n444,23,2.25,0.25,546.0,2.0,E3,52,2,0,0.5571756362915039,True,0.6973456740379333,True,0.3638066351413727,False
408,p0n446,23,2.5,0.25,548.0,2.0,D4,62,2,0,0.7827063798904419,True,0.3739914298057556,False,0.29477012157440186,False
409,p0n447,23,2.5,0.25,548.0,2.0,F#3,54,2,0,0.6321737170219421,True,0.12673383951187134,False,0.2715374231338501,False
410,p0n448,23,2.75,0.25,550.0,2.0,E4,64,2,0,0.6457372307777405,True,0.7784129977226257,True,0.44766440987586975,False
411,p0n449,23,2.75,0.25,550.0,2.0,G3,55,2,0,0.8506215810775757,True,0.29384592175483704,False,0.25336092710494995,False
412,p0n450,24,0.0,0.5,552.0,4.0,A4,69,1,0,0.5798349380493164,True,0.904499888420105,True,0.6388734579086304,True
413,p0n451,24,0.0,0.5,552.0,4.0,F#4,66,1,0,0.9132364988327026,True,0.8031514883041382,True,0.7683795094490051,True
414,p0n452,24,0.0,0.5,552.0,4.0,F#3,54,2,0,0.882667064666748,True,0.5181893110275269,True,0.5384676456451416,True
415,p0n453,24,0.5,0.25,556.0,2.0,G4,67,1,0,0.673851490020752,True,0.15886150300502777,False,0.27569982409477234,False
416,p0n454,24,0.5,0.5,556.0,4.0,E4,64,1,0,0.8828189373016357,True,0.9374316334724426,True,0.7389892339706421,True
417,p0n455,24,0.5,0.5,556.0,4.0,B3,59,2,0,0.12458983808755875,False,0.19115562736988068,False,0.2886485457420349,False
418,p0n456,24,0.75,0.25,558.0,2.0,A4,69,1,0,0.17385853826999664,False,0.13335168361663818,False,0.26421695947647095,False
419,p0n457,24,1.0,0.25,560.0,2.0,B4,71,1,0,0.802868127822876,True,0.7217987775802612,True,0.617046058177948,True
420,p0n458,24,1.0,0.5,560.0,4.0,D#4,63,1,0,0.8182274699211121,True,0.6850930452346802,True,0.5807938575744629,True
421,p0n459,24,1.0,0.5,560.0,4.0,B2,47,2,0,0.8496171832084656,True,0.8069351315498352,True,0.7118815779685974,True
422,p0n460,24,1.25,0.25,562.0,2.0,A4,69,1,0,0.3334297239780426,False,0.1757998913526535,False,0.2705858647823334,False
423,p0n461,24,1.5,0.5,564.0,4.0,G4,67,1,0,0.892907440662384,True,0.4076903462409973,False,0.2831946313381195,False
424,p0n462,24,1.5,0.5,564.0,4.0,E4,64,1,0,0.7944465279579163,True,0.935889720916748,True,0.7216005921363831,True
425,p0n463,24,1.5,0.5,564.0,4.0,E3,52,2,0,0.8582360744476318,True,0.7283641695976257,True,0.7452373504638672,True
426,p0n464,24,2.0,0.25,568.0,2.0,F#4,66,1,0,0.6736590266227722,True,0.23115967214107513,False,0.2963842451572418,False
427,p0n465,24,2.0,0.5,568.0,4.0,D4,62,1,0,0.3138241767883301,False,0.1896200180053711,False,0.2793380618095398,False
428,p0n466,24,2.0,0.5,568.0,4.0,A3,57,2,0,0.7528067827224731,True,0.9246456027030945,True,0.7454874515533447,True
429,p0n467,24,2.25,0.25,570.0,2.0,G4,67,1,0,0.8685113191604614,True,0.11456451565027237,False,0.25626471638679504,False
430,p0n468,24,2.5,0.25,572.0,2.0,A4,69,1,0,0.12743057310581207,False,0.14205758273601532,False,0.2771584093570709,False
431,p0n469,24,2.5,0.5,572.0,4.0,C#4,61,1,0,0.03601896017789841,False,0.13952170312404633,False,0.29433223605155945,False
432,p0n470,24,2.5,0.5,572.0,4.0,A2,45,2,0,0.7270932197570801,True,0.9210169911384583,True,0.7231804132461548,True
433,p0n471,24,2.75,0.25,574.0,2.0,G4,67,1,0,0.6336157917976379,True,0.15271849930286407,False,0.265341579914093,False
434,p0n472,25,0.0,0.5,576.0,4.0,F#4,66,1,0,0.7905459403991699,True,0.4560460150241852,False,0.3757961094379425,False
435,p0n473,25,0.0,0.5,576.0,4.0,D4,62,1,0,0.7625519037246704,True,0.7108185291290283,True,0.48613569140434265,False
436,p0n474,25,0.0,0.5,576.0,4.0,D3,50,2,0,0.7104691863059998,True,0.6061980724334717,True,0.7042682766914368,True
437,p0n475,25,0.5,0.5,580.0,4.0,G4,67,1,0,0.6115911602973938,True,0.12447743117809296,False,0.2604982554912567,False
438,p0n476,25,0.5,0.25,580.0,2.0,C#4,61,2,0,0.3215186595916748,False,0.24762766063213348,False,0.3163500130176544,False
439,p0n477,25,0.5,0.5,580.0,4.0,E3,52,2,0,0.8339669108390808,True,0.36323490738868713,False,0.32800713181495667,False
440,p0n478,25,0.75,0.25,582.0,2.0,B3,59,2,0,0.09600181877613068,False,0.1552431285381317,False,0.2801658511161804,False
441,p0n479,25,1.0,0.5,584.0,4.0,A4,69,1,0,0.08070649206638336,False,0.13158011436462402,False,0.27465179562568665,False
442,p0n480,25,1.0,0.25,584.0,2.0,A3,57,2,0,0.28335490822792053,False,0.13011179864406586,False,0.27677619457244873,False
443,p0n481,25,1.0,1.0,584.0,8.0,F#3,54,2,0,0.354959100484848,False,0.14864729344844818,False,0.2811947762966156,False
444,p0n482,25,1.25,0.25,586.0,2.0,C4,60,2,0,0.9544815421104431,True,0.15311960875988007,False,0.270050585269928,False
445,p0n483,25,1.5,0.5,588.0,4.0,D5,74,1,0,0.6131839752197266,True,0.5615320801734924,True,0.31291455030441284,False
446,p0n484,25,1.5,0.25,588.0,2.0,B3,59,2,0,0.4617764949798584,False,0.46611881256103516,False,0.3954744040966034,False
447,p0n486,25,1.75,0.25,590.0,2.0,C4,60,2,0,0.7921022772789001,True,0.08589915931224823,False,0.26139408349990845,False
448,p0n488,25,2.0,0.125,592.0,1.0,F#4,66,1,0,0.26289212703704834,False,0.13512872159481049,False,0.2682965397834778,False
449,p0n487,25,2.0,1.0,592.0,8.0,E4,64,1,0,0.9501982927322388,True,0.7378271818161011,True,0.6073620319366455,True
450,p0n489,25,2.0,0.25,592.0,2.0,B3,59,2,0,0.2129330039024353,False,0.17788855731487274,False,0.28510338068008423,False
451,p0n490,25,2.0,0.5,592.0,4.0,G3,55,2,0,0.4706864058971405,False,0.3552144765853882,False,0.3262242078781128,False
452,p0n491,25,2.125,0.125,593.0,1.0,E4,64,1,0,0.9883856773376465,True,0.5113729238510132,True,0.3490767776966095,False
453,p0n492,25,2.25,0.125,594.0,1.0,F#4,66,1,0,0.035731907933950424,False,0.10413077473640442,False,0.26289647817611694,False
454,p0n493,25,2.25,0.25,594.0,2.0,A3,57,2,0,0.060063399374485016,False,0.11745800077915192,False,0.2618783712387085,False
455,p0n494,25,2.375,0.625,595.0,5.0,E4,64,1,0,0.9092777371406555,True,0.2158193439245224,False,0.27724236249923706,False
456,p0n495,25,2.5,0.25,596.0,2.0,G3,55,2,0,0.16005654633045197,False,0.13835768401622772,False,0.28227877616882324,False
457,p0n496,25,2.5,0.5,596.0,4.0,C#3,49,2,0,0.9847092628479004,True,0.5710885524749756,True,0.6285089254379272,True
458,p0n498,25,2.75,0.25,598.0,2.0,B3,59,2,0,0.7561241388320923,True,0.5496456027030945,True,0.2809617519378662,False
459,p0n499,26,0.0,0.5,600.0,4.0,F#4,66,1,0,0.06354758143424988,False,0.18097339570522308,False,0.28920531272888184,False
460,p0n500,26,0.0,0.25,600.0,2.0,A3,57,2,0,0.4411328434944153,False,0.38126271963119507,False,0.3522837460041046,False
461,p0n501,26,0.0,0.5,600.0,4.0,D3,50,2,0,0.6385323405265808,True,0.23750868439674377,False,0.2864152789115906,False
462,p0n502,26,0.25,0.25,602.0,2.0,B3,59,2,0,0.21947692334651947,False,0.1414509117603302,False,0.2786206603050232,False
463,p0n503,26,0.5,0.5,604.0,4.0,G4,67,1,0,0.8428249359130859,True,0.24943242967128754,False,0.259452223777771,False
464,p0n504,26,0.5,0.25,604.0,2.0,A3,57,2,0,0.3236430585384369,False,0.17599239945411682,False,0.2733004093170166,False
465,p0n506,26,0.75,0.25,606.0,2.0,G3,55,2,0,0.11194861680269241,False,0.11981863528490067,False,0.2682377099990845,False
466,p0n507,26,1.0,0.5,608.0,4.0,A4,69,1,0,0.2949548661708832,False,0.13880985975265503,False,0.28173771500587463,False
467,p0n508,26,1.0,0.25,608.0,2.0,F#3,54,2,0,0.3402039408683777,False,0.10640811175107956,False,0.2762848734855652,False
468,p0n510,26,1.25,0.25,610.0,2.0,A3,57,2,0,0.8742005228996277,True,0.203226700425148,False,0.2748869061470032,False
469,p0n511,26,1.5,0.5,612.0,4.0,B4,71,1,0,0.7679163813591003,True,0.7320404052734375,True,0.7272118926048279,True
470,p0n512,26,1.5,0.25,612.0,2.0,G3,55,2,0,0.7115783095359802,True,0.5311353802680969,True,0.37081649899482727,False
471,p0n514,26,1.75,0.25,614.0,2.0,A3,57,2,0,0.4638362228870392,False,0.20356743037700653,False,0.27913030982017517,False
472,p0n516,26,2.0,0.125,616.0,1.0,D4,62,1,0,0.7668426036834717,True,0.34210461378097534,False,0.31913870573043823,False
473,p0n515,26,2.0,1.0,616.0,8.0,C#4,61,1,0,0.974047839641571,True,0.9032442569732666,True,0.6591063737869263,True
474,p0n517,26,2.0,0.25,616.0,2.0,G3,55,2,0,0.4920954704284668,False,0.19827596843242645,False,0.2827598750591278,False
475,p0n518,26,2.125,0.125,617.0,1.0,C#4,61,1,0,0.987597644329071,True,0.46873095631599426,False,0.35321417450904846,False
476,p0n519,26,2.25,0.125,618.0,1.0,D4,62,1,0,0.23565788567066193,False,0.10777319967746735,False,0.26411035656929016,False
477,p0n520,26,2.25,0.25,618.0,2.0,F#3,54,2,0,0.5557935237884521,True,0.7016227841377258,True,0.39015793800354004,False
478,p0n521,26,2.375,0.625,619.0,5.0,C#4,61,1,0,0.9156253933906555,True,0.24104386568069458,False,0.3044838309288025,False
479,p0n522,26,2.5,0.25,620.0,2.0,E3,52,2,0,0.46745073795318604,False,0.16261616349220276,False,0.28924259543418884,False
480,p0n525,26,2.75,0.25,622.0,2.0,G3,55,2,0,0.5636557340621948,True,0.19413062930107117,False,0.2636522054672241,False
481,p0n526,27,0.0,0.5,624.0,4.0,D4,62,1,0,0.7893667817115784,True,0.36026978492736816,False,0.3609616756439209,False
482,p0n527,27,0.0,0.25,624.0,2.0,F#3,54,2,0,0.6514167189598083,True,0.5814212560653687,True,0.44565895199775696,False
483,p0n529,27,0.25,0.25,626.0,2.0,G3,55,2,0,0.23443716764450073,False,0.13660836219787598,False,0.270510733127594,False
484,p0n530,27,0.5,0.25,628.0,2.0,D4,62,1,0,0.892564058303833,True,0.06450539827346802,False,0.26607370376586914,False
485,p0n531,27,0.5,0.25,628.0,2.0,F#3,54,2,0,0.8419831395149231,True,0.4292986989021301,False,0.30256882309913635,False
486,p0n532,27,0.75,0.25,630.0,2.0,E4,64,1,0,0.6380056738853455,True,0.43149667978286743,False,0.27559056878089905,False
487,p0n533,27,0.75,0.25,630.0,2.0,E3,52,2,0,0.6372048854827881,True,0.19600798189640045,False,0.2825150191783905,False
488,p0n534,27,1.0,0.25,632.0,2.0,F#4,66,1,0,0.9105772376060486,True,0.07864034175872803,False,0.2701621353626251,False
489,p0n535,27,1.0,0.25,632.0,2.0,D3,50,2,0,0.5190969705581665,True,0.31610989570617676,False,0.28598278760910034,False
490,p0n536,27,1.25,0.25,634.0,2.0,G4,67,1,0,0.3991217613220215,False,0.1471603810787201,False,0.2737397253513336,False
491,p0n537,27,1.25,0.25,634.0,2.0,E3,52,2,0,0.47635334730148315,False,0.1775960624217987,False,0.2781185507774353,False
492,p0n538,27,1.5,0.5,636.0,4.0,A4,69,1,0,0.9043715000152588,True,0.9167087078094482,True,0.7043489813804626,True
493,p0n539,27,1.5,0.25,636.0,2.0,F#3,54,2,0,0.9484511017799377,True,0.6974027156829834,True,0.5659380555152893,True
494,p0n540,27,1.75,0.25,638.0,2.0,G3,55,2,0,0.5855730772018433,True,0.23408567905426025,False,0.2463483363389969,False
495,p0n541,27,2.0,0.25,640.0,2.0,F#4,66,1,0,0.9717027544975281,True,0.39918118715286255,False,0.32038143277168274,False
496,p0n542,27,2.0,0.25,640.0,2.0,A3,57,2,0,0.8787416815757751,True,0.4307968318462372,False,0.44892600178718567,False
497,p0n543,27,2.25,0.25,642.0,2.0,G4,67,1,0,0.2772236168384552,False,0.15761208534240723,False,0.27546796202659607,False
498,p0n544,27,2.25,0.25,642.0,2.0,B3,59,2,0,0.29536208510398865,False,0.34631556272506714,False,0.33102908730506897,False
499,p0n545,27,2.5,0.25,644.0,2.0,A4,69,1,0,0.7429074048995972,True,0.5630196928977966,True,0.3565421998500824,False
500,p0n546,27,2.5,0.25,644.0,2.0,C4,60,2,0,0.996845006942749,True,0.2866087853908539,False,0.27336233854293823,False
501,p0n547,27,2.75,0.25,646.0,2.0,B4,71,1,0,0.1597171574831009,False,0.1542256623506546,False,0.28082796931266785,False
502,p0n548,27,2.75,0.25,646.0,2.0,D4,62,2,0,0.427063912153244,False,0.2183510661125183,False,0.2842988073825836,False
503,p0n549,28,0.0,1.0,648.0,8.0,C5,72,1,0,0.9984421133995056,True,0.8643741011619568,True,0.5197736620903015,True
504,p0n550,28,0.0,0.5,648.0,4.0,F#3,54,2,0,0.8783068060874939,True,0.8843316435813904,True,0.6293832659721375,True
505,p0n551,28,0.0,0.5,648.0,4.0,D3,50,2,0,0.6743028163909912,True,0.39643436670303345,False,0.33726420998573303,False
506,p0n552,28,0.5,0.5,652.0,4.0,A4,69,1,0,0.39245766401290894,False,0.24373817443847656,False,0.2947164475917816,False
507,p0n553,28,0.5,0.25,652.0,2.0,C3,48,2,0,0.9318772554397583,True,0.26582372188568115,False,0.319040447473526,False
508,p0n554,28,0.75,0.25,654.0,2.0,D3,50,2,0,0.32096901535987854,False,0.158161923289299,False,0.2704106271266937,False
509,p0n555,28,1.0,0.5,656.0,4.0,B4,71,1,0,0.8501203060150146,True,0.7850168347358704,True,0.4262872338294983,False
510,p0n556,28,1.0,1.0,656.0,8.0,G4,67,1,0,0.40674832463264465,False,0.28714898228645325,False,0.326401025056839,False
511,p0n557,28,1.0,0.25,656.0,2.0,E3,52,2,0,0.8921141028404236,True,0.5005648732185364,True,0.45537930727005005,False
512,p0n558,28,1.25,0.25,658.0,2.0,D3,50,2,0,0.19250859320163727,False,0.14010532200336456,False,0.2672215402126312,False
513,p0n559,28,1.5,1.5,660.0,12.0,A4,69,1,0,0.9159106016159058,True,0.9235934615135193,True,0.6395933032035828,True
514,p0n561,28,1.5,0.5,660.0,4.0,C3,48,2,0,0.9852489829063416,True,0.31397566199302673,False,0.2987103760242462,False
515,p0n562,28,2.0,0.5,664.0,4.0,G4,67,1,0,0.6320925951004028,True,0.7052187323570251,True,0.466843843460083,False
516,p0n563,28,2.0,0.25,664.0,2.0,B2,47,2,0,0.8846195340156555,True,0.9894603490829468,True,0.8890799283981323,True
517,p0n564,28,2.25,0.25,666.0,2.0,C3,48,2,0,0.9448879957199097,True,0.1044735312461853,False,0.25825440883636475,False
518,p0n565,28,2.5,0.5,668.0,4.0,F#4,66,1,0,0.319862961769104,False,0.13316886126995087,False,0.28034722805023193,False
519,p0n566,28,2.5,0.25,668.0,2.0,D3,50,2,0,0.23486153781414032,False,0.17384760081768036,False,0.28617170453071594,False
520,p0n567,28,2.75,0.25,670.0,2.0,C3,48,2,0,0.931540846824646,True,0.07691618800163269,False,0.26671239733695984,False
521,p0n568,29,0.0,0.25,672.0,2.0,G4,67,1,0,0.9634171724319458,True,0.8854858875274658,True,0.7115516662597656,True
522,p0n569,29,0.0,0.5,672.0,4.0,G4,67,1,0,0.9656376242637634,True,0.8474634885787964,True,0.6158987879753113,True
523,p0n570,29,0.0,0.5,672.0,4.0,B2,47,2,0,0.9186171889305115,True,0.9870955944061279,True,0.8487734794616699,True
524,p0n571,29,0.25,0.25,674.0,2.0,G5,79,1,0,0.6134552359580994,True,0.5651767253875732,True,0.45317167043685913,False
525,p0n572,29,0.5,0.25,676.0,2.0,F#5,78,1,0,0.22150492668151855,False,0.1508399099111557,False,0.2719653844833374,False
526,p0n573,29,0.5,0.5,676.0,4.0,C3,48,2,0,0.8815678358078003,True,0.16403932869434357,False,0.2828238308429718,False
527,p0n575,29,0.75,0.25,678.0,2.0,E5,76,1,0,0.40782904624938965,False,0.17898792028427124,False,0.28378158807754517,False
528,p0n576,29,1.0,0.25,680.0,2.0,D5,74,1,0,0.03429064527153969,False,0.10590540617704391,False,0.2742392420768738,False
529,p0n577,29,1.0,0.5,680.0,4.0,D3,50,2,0,0.5169230699539185,True,0.13303931057453156,False,0.27908241748809814,False
530,p0n579,29,1.25,0.25,682.0,2.0,F#5,78,1,0,0.3655409514904022,False,0.10389760881662369,False,0.2649940550327301,False
531,p0n580,29,1.5,0.25,684.0,2.0,E5,76,1,0,0.901040256023407,True,0.899602472782135,True,0.6046623587608337,True
532,p0n581,29,1.5,0.5,684.0,4.0,G3,55,2,0,0.8573524951934814,True,0.7763530611991882,True,0.672362744808197,True
533,p0n583,29,1.75,0.25,686.0,2.0,F#5,78,1,0,0.15836574137210846,False,0.11098206788301468,False,0.2645009756088257,False
534,p0n584,29,2.0,0.25,688.0,2.0,E5,76,1,0,0.8816254734992981,True,0.8277944922447205,True,0.5308365821838379,True
535,p0n585,29,2.0,1.0,688.0,8.0,A2,45,2,0,0.9610727429389954,True,0.9748710989952087,True,0.9828559756278992,True
536,p0n586,29,2.25,0.25,690.0,2.0,D5,74,1,0,0.09232966601848602,False,0.11571560055017471,False,0.2651304006576538,False
537,p0n587,29,2.5,0.25,692.0,2.0,C5,72,1,0,0.4821353852748871,False,0.14355598390102386,False,0.2883138954639435,False
538,p0n589,29,2.75,0.25,694.0,2.0,E5,76,1,0,0.928089439868927,True,0.7932708859443665,True,0.7378824949264526,True
539,p0n591,30,0.0,0.25,696.0,2.0,D5,74,1,0,0.3273577392101288,False,0.3012247085571289,False,0.3277769386768341,False
540,p0n592,30,0.0,0.5,696.0,4.0,B2,47,2,0,0.6647661328315735,True,0.9615128040313721,True,0.7458012104034424,True
541,p0n593,30,0.25,0.25,698.0,2.0,E5,76,1,0,0.8240768313407898,True,0.7570887207984924,True,0.4221828281879425,False
542,p0n594,30,0.5,0.25,700.0,2.0,D5,74,1,0,0.2495630532503128,False,0.16764235496520996,False,0.27453917264938354,False
543,p0n595,30,0.5,0.5,700.0,4.0,C3,48,2,0,0.9803044199943542,True,0.6910641193389893,True,0.31304171681404114,False
544,p0n596,30,0.75,0.25,702.0,2.0,C5,72,1,0,0.6124008893966675,True,0.32813331484794617,False,0.29687774181365967,False
545,p0n597,30,1.0,0.25,704.0,2.0,B4,71,1,0,0.05761530622839928,False,0.1535990983247757,False,0.2908819019794464,False
546,p0n598,30,1.0,0.5,704.0,4.0,D3,50,2,0,0.14789770543575287,False,0.13924884796142578,False,0.27883028984069824,False
547,p0n599,30,1.25,0.25,706.0,2.0,D5,74,1,0,0.4632807672023773,False,0.20579178631305695,False,0.2826465964317322,False
548,p0n600,30,1.5,0.25,708.0,2.0,C5,72,1,0,0.8658021092414856,True,0.6104695796966553,True,0.36497482657432556,False
549,p0n601,30,1.5,0.5,708.0,4.0,E3,52,2,0,0.9480762481689453,True,0.40986168384552,False,0.37255051732063293,False
550,p0n602,30,1.75,0.25,710.0,2.0,D5,74,1,0,0.23309385776519775,False,0.14698220789432526,False,0.26999610662460327,False
551,p0n603,30,2.0,0.25,712.0,2.0,C5,72,1,0,0.8817077279090881,True,0.3708583414554596,False,0.29708757996559143,False
552,p0n604,30,2.0,1.0,712.0,8.0,F#2,42,2,0,0.5640072226524353,True,0.5436652898788452,True,0.7678672075271606,True
553,p0n605,30,2.25,0.25,714.0,2.0,B4,71,1,0,0.11635693162679672,False,0.14677099883556366,False,0.27814388275146484,False
554,p0n606,30,2.5,0.25,716.0,2.0,A4,69,1,0,0.29068273305892944,False,0.14003504812717438,False,0.2786881923675537,False
555,p0n607,30,2.75,0.25,718.0,2.0,C5,72,1,0,0.9287043809890747,True,0.2672858238220215,False,0.25872331857681274,False
556,p0n608,31,0.0,0.25,720.0,2.0,B4,71,1,0,0.4729199707508087,False,0.383903443813324,False,0.36774998903274536,False
557,p0n609,31,0.0,0.25,720.0,2.0,G2,43,2,0,0.9341248273849487,True,0.9844287633895874,True,0.9677962064743042,True
558,p0n611,31,0.25,0.25,722.0,2.0,A4,69,1,0,0.3787984549999237,False,0.18793310225009918,False,0.2764967083930969,False
559,p0n612,31,0.25,0.25,722.0,2.0,A2,45,2,0,0.789500892162323,True,0.6556827425956726,True,0.6197363138198853,True
560,p0n613,31,0.5,0.25,724.0,2.0,G4,67,1,0,0.774663507938385,True,0.3122626543045044,False,0.2781497538089752,False
561,p0n614,31,0.5,1.25,724.0,10.0,B2,47,2,0,0.8233162760734558,True,0.9743015766143799,True,0.5177655220031738,True
562,p0n616,31,0.75,0.25,726.0,2.0,B4,71,1,0,0.5702884793281555,True,0.8344834446907043,True,0.13884469866752625,False
563,p0n617,31,1.0,0.25,728.0,2.0,F#4,66,1,0,0.8194970488548279,True,0.3061017096042633,False,0.28491440415382385,False
564,p0n618,31,1.0,0.5,728.0,4.0,D4,62,1,0,0.3976905643939972,False,0.24857768416404724,False,0.30955687165260315,False
565,p0n619,31,1.25,0.25,730.0,2.0,B4,71,1,0,0.5822966694831848,True,0.9350406527519226,True,0.33750057220458984,False
566,p0n620,31,1.5,0.25,732.0,2.0,E4,64,1,0,0.844572901725769,True,0.9931787252426147,True,0.8266448974609375,True
567,p0n621,31,1.5,0.5,732.0,4.0,C#4,61,1,0,0.8623564839363098,True,0.7837998270988464,True,0.6975302696228027,True
568,p0n623,31,1.75,0.25,734.0,2.0,B4,71,1,0,0.6035972237586975,True,0.7616277933120728,True,0.28669461607933044,False
569,p0n624,31,1.75,0.25,734.0,2.0,A2,45,2,0,0.8668476939201355,True,0.4488336145877838,False,0.3871605098247528,False
570,p0n625,31,2.0,0.25,736.0,2.0,D4,62,1,0,0.26514172554016113,False,0.22326406836509705,False,0.2882023751735687,False
571,p0n626,31,2.0,0.25,736.0,2.0,G2,43,2,0,0.771016538143158,True,0.7500806450843811,True,0.7203564643859863,True
572,p0n628,31,2.25,0.25,738.0,2.0,B4,71,1,0,0.5065851211547852,True,0.7039316296577454,True,0.24813172221183777,False
573,p0n629,31,2.25,0.25,738.0,2.0,F#2,42,2,0,0.3869738280773163,False,0.1787491887807846,False,0.2750036120414734,False
574,p0n630,31,2.5,0.25,740.0,2.0,C#4,61,1,0,0.7128341197967529,True,0.6533181667327881,True,0.4885697662830353,False
575,p0n631,31,2.5,0.25,740.0,2.0,E2,40,2,0,0.6081607341766357,True,0.5608649253845215,True,0.5034145712852478,True
576,p0n633,31,2.75,0.25,742.0,2.0,B4,71,1,0,0.5823139548301697,True,0.4433003067970276,False,0.26349350810050964,False
577,p0n634,31,2.75,0.25,742.0,2.0,G2,43,2,0,0.7160939574241638,True,0.7114827632904053,True,0.6550042033195496,True
578,p0n635,32,0.0,0.25,744.0,2.0,A4,69,1,0,0.2571772038936615,False,0.25504937767982483,False,0.3065764605998993,False
579,p0n636,32,0.0,0.25,744.0,2.0,F#2,42,2,0,0.4969216585159302,False,0.39160194993019104,False,0.36460980772972107,False
580,p0n638,32,0.25,0.25,746.0,2.0,G4,67,1,0,0.8409285545349121,True,0.2702733278274536,False,0.24220940470695496,False
581,p0n639,32,0.25,0.25,746.0,2.0,G2,43,2,0,0.7911128401756287,True,0.7649132609367371,True,0.8042951822280884,True
582,p0n640,32,0.5,0.25,748.0,2.0,F#4,66,1,0,0.6632779836654663,True,0.30126136541366577,False,0.2785774767398834,False
583,p0n641,32,0.5,1.25,748.0,10.0,A2,45,2,0,0.986640989780426,True,0.6802886128425598,True,0.7039110064506531,True
584,p0n643,32,0.75,0.25,750.0,2.0,A4,69,1,0,0.2813754081726074,False,0.0974704697728157,False,0.26110294461250305,False
585,p0n644,32,1.0,0.25,752.0,2.0,E4,64,1,0,0.9587520956993103,True,0.5427467226982117,True,0.40963611006736755,False
586,p0n645,32,1.0,0.5,752.0,4.0,C#4,61,1,0,0.9104294776916504,True,0.35211431980133057,False,0.360821008682251,False
587,p0n646,32,1.25,0.25,754.0,2.0,A4,69,1,0,0.31570231914520264,False,0.11717433482408524,False,0.26318594813346863,False
588,p0n647,32,1.5,0.25,756.0,2.0,D4,62,1,0,0.6198408007621765,True,0.5540961623191833,True,0.33859801292419434,False
589,p0n648,32,1.5,0.5,756.0,4.0,B3,59,1,0,0.9048295617103577,True,0.9874458312988281,True,0.935120701789856,True
590,p0n650,32,1.75,0.25,758.0,2.0,A4,69,1,0,0.3135850429534912,False,0.1118316724896431,False,0.26238417625427246,False
591,p0n651,32,1.75,0.25,758.0,2.0,G2,43,2,0,0.530382513999939,True,0.5531684160232544,True,0.5443651676177979,True
592,p0n652,32,2.0,0.25,760.0,2.0,C#4,61,1,0,0.840790331363678,True,0.5229545831680298,True,0.506168782711029,True
593,p0n653,32,2.0,0.25,760.0,2.0,F#2,42,2,0,0.779645562171936,True,0.21260955929756165,False,0.2678922414779663,False
594,p0n655,32,2.25,0.25,762.0,2.0,A4,69,1,0,0.3561432659626007,False,0.11237256228923798,False,0.2628348171710968,False
595,p0n656,32,2.25,0.25,762.0,2.0,E2,40,2,0,0.21996457874774933,False,0.17548862099647522,False,0.27783727645874023,False
596,p0n657,32,2.5,0.25,764.0,2.0,B3,59,1,0,0.6994839310646057,True,0.8054755926132202,True,0.7316605448722839,True
597,p0n658,32,2.5,0.25,764.0,2.0,D2,38,2,0,0.42428988218307495,False,0.17329980432987213,False,0.28544971346855164,False
598,p0n660,32,2.75,0.25,766.0,2.0,A4,69,1,0,0.6532577276229858,True,0.49125227332115173,False,0.291248083114624,False
599,p0n661,32,2.75,0.25,766.0,2.0,F#2,42,2,0,0.8424562215805054,True,0.09760253131389618,False,0.258144348859787,False
600,p0n662,33,0.0,0.25,768.0,2.0,G4,67,1,0,0.5544455647468567,True,0.481730192899704,False,0.317484587430954,False
601,p0n663,33,0.0,0.25,768.0,2.0,E2,40,2,0,0.7846296429634094,True,0.810609757900238,True,0.5716166496276855,True
602,p0n665,33,0.25,0.25,770.0,2.0,F#4,66,1,0,0.3275306820869446,False,0.1043650209903717,False,0.2642247676849365,False
603,p0n666,33,0.25,0.25,770.0,2.0,F#2,42,2,0,0.5172163844108582,True,0.11241238564252853,False,0.25682491064071655,False
604,p0n667,33,0.5,0.25,772.0,2.0,E4,64,1,0,0.37161922454833984,False,0.32371047139167786,False,0.3228856027126312,False
605,p0n668,33,0.5,1.25,772.0,10.0,G2,43,2,0,0.8077176213264465,True,0.7534260749816895,True,0.72553950548172,True
606,p0n670,33,0.75,0.25,774.0,2.0,G4,67,1,0,0.9385315179824829,True,0.17831926047801971,False,0.2544519305229187,False
607,p0n671,33,1.0,0.25,776.0,2.0,D4,62,1,0,0.2968505322933197,False,0.1677846908569336,False,0.2862991690635681,False
608,p0n672,33,1.0,0.5,776.0,4.0,B3,59,1,0,0.8631333112716675,True,0.765079915523529,True,0.6930528283119202,True
609,p0n673,33,1.25,0.25,778.0,2.0,G4,67,1,0,0.9361955523490906,True,0.1789620965719223,False,0.24756121635437012,False
610,p0n674,33,1.5,0.25,780.0,2.0,C#4,61,1,0,0.832513153553009,True,0.7065727114677429,True,0.6725342273712158,True
611,p0n675,33,1.5,0.5,780.0,4.0,A3,57,1,0,0.9414733052253723,True,0.8547038435935974,True,0.4559919834136963,False
612,p0n677,33,1.75,0.25,782.0,2.0,G4,67,1,0,0.8623652458190918,True,0.1267021894454956,False,0.2536855638027191,False
613,p0n678,33,1.75,0.25,782.0,2.0,F#2,42,2,0,0.6412560939788818,True,0.1540096402168274,False,0.2555057406425476,False
614,p0n679,33,2.0,0.25,784.0,2.0,B3,59,1,0,0.6005826592445374,True,0.6898248791694641,True,0.48598194122314453,False
615,p0n680,33,2.0,0.25,784.0,2.0,E2,40,2,0,0.7660094499588013,True,0.40246662497520447,False,0.3740403354167938,False
616,p0n682,33,2.25,0.25,786.0,2.0,G4,67,1,0,0.8993454575538635,True,0.14717093110084534,False,0.2490168809890747,False
617,p0n683,33,2.25,0.25,786.0,2.0,D2,38,2,0,0.6879758238792419,True,0.5905800461769104,True,0.30602017045021057,False
618,p0n684,33,2.5,0.25,788.0,2.0,A3,57,1,0,0.8819109201431274,True,0.14435452222824097,False,0.2602058947086334,False
619,p0n685,33,2.5,0.25,788.0,2.0,C2,36,2,0,0.9062885046005249,True,0.8903100490570068,True,0.7457385063171387,True
620,p0n687,33,2.75,0.25,790.0,2.0,G4,67,1,0,0.9120258092880249,True,0.12582850456237793,False,0.25265446305274963,False
621,p0n688,33,2.75,0.25,790.0,2.0,E2,40,2,0,0.6450852751731873,True,0.18519370257854462,False,0.2946080267429352,False
622,p0n689,34,0.0,0.25,792.0,2.0,F#4,66,1,0,0.9383397102355957,True,0.2581453025341034,False,0.3039852976799011,False
623,p0n690,34,0.0,0.25,792.0,2.0,D2,38,2,0,0.9090597629547119,True,0.8058124780654907,True,0.5526233911514282,True
624,p0n691,34,0.25,0.25,794.0,2.0,D5,74,1,0,0.4169791340827942,False,0.20340457558631897,False,0.2813234329223633,False
625,p0n692,34,0.25,0.25,794.0,2.0,E2,40,2,0,0.4353313148021698,False,0.2762909233570099,False,0.2982645034790039,False
626,p0n693,34,0.5,0.25,796.0,2.0,C5,72,1,0,0.8577743172645569,True,0.37271589040756226,False,0.27887240052223206,False
627,p0n694,34,0.5,0.25,796.0,2.0,F#2,42,2,0,0.7490283846855164,True,0.3408377170562744,False,0.2789842486381531,False
628,p0n695,34,0.75,0.25,798.0,2.0,B4,71,1,0,0.5260145664215088,True,0.5531778335571289,True,0.22696609795093536,False
629,p0n696,34,0.75,0.25,798.0,2.0,D2,38,2,0,0.5351978540420532,True,0.22189006209373474,False,0.2932473421096802,False
630,p0n697,34,1.0,0.25,800.0,2.0,A4,69,1,0,0.1978207379579544,False,0.1220061182975769,False,0.2735093832015991,False
631,p0n698,34,1.0,0.25,800.0,2.0,G2,43,2,0,0.5017445087432861,True,0.3084736466407776,False,0.31977877020835876,False
632,p0n699,34,1.25,0.25,802.0,2.0,G4,67,1,0,0.8618492484092712,True,0.4245723485946655,False,0.20597727596759796,False
633,p0n700,34,1.25,0.25,802.0,2.0,D2,38,2,0,0.5821336507797241,True,0.3670028746128082,False,0.3330855071544647,False
634,p0n701,34,1.5,0.25,804.0,2.0,F#4,66,1,0,0.7852221131324768,True,0.49913614988327026,False,0.3421907126903534,False
635,p0n702,34,1.5,0.25,804.0,2.0,A2,45,2,0,0.9848581552505493,True,0.8349336981773376,True,0.6744300127029419,True
636,p0n703,34,1.75,0.25,806.0,2.0,E4,64,1,0,0.9628121852874756,True,0.6118787527084351,True,0.6274213194847107,True
637,p0n704,34,1.75,0.25,806.0,2.0,D2,38,2,0,0.41793882846832275,False,0.19969922304153442,False,0.27734366059303284,False
638,p0n705,34,2.0,0.25,808.0,2.0,D4,62,1,0,0.8254066705703735,True,0.935255229473114,True,0.5728414058685303,True
639,p0n706,34,2.0,0.25,808.0,2.0,B2,47,2,0,0.690123438835144,True,0.8884754180908203,True,0.7201692461967468,True
640,p0n707,34,2.25,0.25,810.0,2.0,C4,60,1,0,0.8455972671508789,True,0.7487185597419739,True,0.3355700373649597,False
641,p0n708,34,2.25,0.25,810.0,2.0,D2,38,2,0,0.5714066028594971,True,0.43206191062927246,False,0.3305250108242035,False
642,p0n709,34,2.5,0.25,812.0,2.0,B3,59,1,0,0.4242139756679535,False,0.33514654636383057,False,0.35160577297210693,False
643,p0n710,34,2.5,0.25,812.0,2.0,C3,48,2,0,0.9263452291488647,True,0.5349805951118469,True,0.3915770649909973,False
644,p0n711,34,2.75,0.25,814.0,2.0,A3,57,1,0,0.5612396597862244,True,0.3016890287399292,False,0.23987354338169098,False
645,p0n712,34,2.75,0.25,814.0,2.0,D2,38,2,0,0.4285242557525635,False,0.2047947198152542,False,0.2794455289840698,False
646,p0n713,35,0.0,0.25,816.0,2.0,G3,55,1,0,0.9413518905639648,True,0.2480102926492691,False,0.36380404233932495,False
647,p0n714,35,0.0,0.25,816.0,2.0,B2,47,2,0,0.9283115267753601,True,0.933171808719635,True,0.7882525324821472,True
648,p0n715,35,0.25,0.25,818.0,2.0,A3,57,1,0,0.07340546697378159,False,0.12296805530786514,False,0.26181313395500183,False
649,p0n716,35,0.25,0.25,818.0,2.0,G3,55,2,0,0.7051493525505066,True,0.028471875935792923,False,0.2669239938259125,False
650,p0n717,35,0.5,0.25,820.0,2.0,B3,59,1,0,0.5664524435997009,True,0.6411756873130798,True,0.363108366727829,False
651,p0n718,35,0.5,0.25,820.0,2.0,F3,53,2,0,0.9023504257202148,True,0.507547914981842,True,0.5672737956047058,True
652,p0n719,35,0.75,0.25,822.0,2.0,G3,55,1,0,0.30423206090927124,False,0.13914059102535248,False,0.27143698930740356,False
653,p0n720,35,0.75,0.25,822.0,2.0,E3,52,2,0,0.739027738571167,True,0.7826680541038513,True,0.4974060654640198,False
654,p0n721,35,1.0,0.25,824.0,2.0,C4,60,1,0,0.7363290786743164,True,0.16974467039108276,False,0.27972128987312317,False
655,p0n722,35,1.0,0.25,824.0,2.0,D3,50,2,0,0.8674355745315552,True,0.51249760389328,True,0.671369731426239,True
656,p0n723,35,1.25,0.25,826.0,2.0,G3,55,1,0,0.3756336271762848,False,0.1798335462808609,False,0.27737364172935486,False
657,p0n724,35,1.25,0.25,826.0,2.0,C3,48,2,0,0.7907020449638367,True,0.18849843740463257,False,0.26390576362609863,False
658,p0n725,35,1.5,0.25,828.0,2.0,D4,62,1,0,0.8622891902923584,True,0.9838088154792786,True,0.7806369662284851,True
659,p0n726,35,1.5,0.25,828.0,2.0,B2,47,2,0,0.939939558506012,True,0.9269807934761047,True,0.8629869222640991,True
660,p0n727,35,1.75,0.25,830.0,2.0,G3,55,1,0,0.2707366347312927,False,0.14520829916000366,False,0.2716032564640045,False
661,p0n728,35,1.75,0.25,830.0,2.0,A2,45,2,0,0.9788318872451782,True,0.16754984855651855,False,0.26855993270874023,False
662,p0n729,35,2.0,0.25,832.0,2.0,E4,64,1,0,0.5547685027122498,True,0.7198174595832825,True,0.3303432762622833,False
663,p0n730,35,2.0,0.25,832.0,2.0,G2,43,2,0,0.8406244516372681,True,0.8517846465110779,True,0.7397918105125427,True
664,p0n731,35,2.25,0.25,834.0,2.0,G3,55,1,0,0.19090433418750763,False,0.11937124282121658,False,0.26769810914993286,False
665,p0n732,35,2.25,0.25,834.0,2.0,F2,41,2,0,0.7685668468475342,True,0.25926628708839417,False,0.2975643277168274,False
666,p0n733,35,2.5,0.25,836.0,2.0,F4,65,1,0,0.609921932220459,True,0.49184632301330566,False,0.3720512390136719,False
667,p0n734,35,2.5,0.25,836.0,2.0,E2,40,2,0,0.7960381507873535,True,0.6300510168075562,True,0.4643096327781677,False
668,p0n735,35,2.75,0.25,838.0,2.0,G3,55,1,0,0.425380676984787,False,0.16919206082820892,False,0.2761760652065277,False
669,p0n736,35,2.75,0.25,838.0,2.0,D2,38,2,0,0.8818089365959167,True,0.6940191388130188,True,0.41374701261520386,False
670,p0n737,36,0.0,0.25,840.0,2.0,E4,64,1,0,0.5974291563034058,True,0.6947121620178223,True,0.5013443231582642,True
671,p0n738,36,0.0,0.25,840.0,2.0,C2,36,2,0,0.7607006430625916,True,0.8885809183120728,True,0.7355097532272339,True
672,p0n739,36,0.25,0.25,842.0,2.0,C5,72,1,0,0.5136735439300537,True,0.2654198706150055,False,0.27830860018730164,False
673,p0n740,36,0.25,0.25,842.0,2.0,D2,38,2,0,0.7205259203910828,True,0.39516758918762207,False,0.29924553632736206,False
674,p0n741,36,0.5,0.25,844.0,2.0,B4,71,1,0,0.31366342306137085,False,0.2584979236125946,False,0.30535781383514404,False
675,p0n742,36,0.5,0.25,844.0,2.0,E2,40,2,0,0.7718029618263245,True,0.4839310646057129,False,0.3692810833454132,False
676,p0n743,36,0.75,0.25,846.0,2.0,D5,74,1,0,0.2835673987865448,False,0.1606164276599884,False,0.27066245675086975,False
677,p0n744,36,0.75,0.25,846.0,2.0,F#2,42,2,0,0.9110735654830933,True,0.1689811795949936,False,0.2550990581512451,False
678,p0n745,36,1.0,0.25,848.0,2.0,A4,69,1,0,0.8746659755706787,True,0.6966142654418945,True,0.3600490689277649,False
679,p0n746,36,1.0,0.25,848.0,2.0,G#2,44,2,0,0.8852478861808777,True,0.3251732587814331,False,0.32617664337158203,False
680,p0n747,36,1.25,0.25,850.0,2.0,D5,74,1,0,0.35969769954681396,False,0.19146309792995453,False,0.2777087688446045,False
681,p0n748,36,1.25,0.25,850.0,2.0,A2,45,2,0,0.9361154437065125,True,0.31441953778266907,False,0.278480589389801,False
682,p0n749,36,1.5,0.25,852.0,2.0,G#4,68,1,0,0.9059252738952637,True,0.6735917329788208,True,0.5936813950538635,True
683,p0n750,36,1.5,0.25,852.0,2.0,B2,47,2,0,0.8390852808952332,True,0.6853336095809937,True,0.6255033016204834,True
684,p0n751,36,1.75,0.25,854.0,2.0,D5,74,1,0,0.20870988070964813,False,0.13416442275047302,False,0.26723527908325195,False
685,p0n752,36,1.75,0.25,854.0,2.0,C3,48,2,0,0.12833864986896515,False,0.11938250064849854,False,0.2737262547016144,False
686,p0n753,36,2.0,0.25,856.0,2.0,F#4,66,1,0,0.9159687161445618,True,0.45377838611602783,False,0.3226664960384369,False
687,p0n754,36,2.0,0.25,856.0,2.0,D3,50,2,0,0.6357146501541138,True,0.5737481117248535,True,0.6028199791908264,True
688,p0n755,36,2.25,0.25,858.0,2.0,D5,74,1,0,0.14727935194969177,False,0.1173846423625946,False,0.2646315097808838,False
689,p0n756,36,2.25,0.25,858.0,2.0,E3,52,2,0,0.21595238149166107,False,0.17111238837242126,False,0.27668052911758423,False
690,p0n757,36,2.5,0.25,860.0,2.0,E4,64,1,0,0.8159410357475281,True,0.8329499959945679,True,0.49959632754325867,False
691,p0n758,36,2.5,0.25,860.0,2.0,F#3,54,2,0,0.9436555504798889,True,0.542637050151825,True,0.6774777173995972,True
692,p0n759,36,2.75,0.25,862.0,2.0,D5,74,1,0,0.19334402680397034,False,0.13320741057395935,False,0.2664831578731537,False
693,p0n760,36,2.75,0.25,862.0,2.0,G#3,56,2,0,0.38207191228866577,False,0.23004917800426483,False,0.28488558530807495,False
694,p0n761,37,0.0,0.25,864.0,2.0,C5,72,1,0,0.9019997119903564,True,0.8088421821594238,True,0.49872544407844543,False
695,p0n762,37,0.0,0.25,864.0,2.0,A3,57,2,0,0.697282612323761,True,0.9607933759689331,True,0.8353183269500732,True
696,p0n763,37,0.25,0.25,866.0,2.0,A4,69,1,0,0.04074997082352638,False,0.11030367761850357,False,0.2601727247238159,False
697,p0n764,37,0.25,0.25,866.0,2.0,G3,55,2,0,0.04543463513255119,False,0.11267976462841034,False,0.2664584815502167,False
698,p0n765,37,0.5,0.25,868.0,2.0,B4,71,1,0,0.3968634605407715,False,0.20697711408138275,False,0.29806816577911377,False
699,p0n766,37,0.5,0.25,868.0,2.0,F#3,54,2,0,0.683192253112793,True,0.68769371509552,True,0.4419516921043396,False
700,p0n767,37,0.75,0.25,870.0,2.0,C#5,73,1,0,0.20125216245651245,False,0.16450586915016174,False,0.28762251138687134,False
701,p0n768,37,0.75,0.25,870.0,2.0,A3,57,2,0,0.7199073433876038,True,0.6567577123641968,True,0.5350238084793091,True
702,p0n769,37,1.0,0.25,872.0,2.0,D#5,75,1,0,0.7694987654685974,True,0.5639858245849609,True,0.5552306771278381,True
703,p0n770,37,1.0,0.25,872.0,2.0,E3,52,2,0,0.9783066511154175,True,0.9827367067337036,True,0.80005943775177,True
704,p0n771,37,1.25,0.25,874.0,2.0,E5,76,1,0,0.7032184600830078,True,0.8689277768135071,True,0.6404638886451721,True
705,p0n772,37,1.25,0.25,874.0,2.0,A3,57,2,0,0.695442259311676,True,0.6027429699897766,True,0.4641112685203552,False
706,p0n773,37,1.5,0.25,876.0,2.0,F#5,78,1,0,0.2790657579898834,False,0.29562950134277344,False,0.30992618203163147,False
707,p0n774,37,1.5,0.25,876.0,2.0,D#3,51,2,0,0.5910139083862305,True,0.6010879874229431,True,0.5200570225715637,True
708,p0n775,37,1.75,0.25,878.0,2.0,G5,79,1,0,0.22974056005477905,False,0.16908685863018036,False,0.2759142518043518,False
709,p0n776,37,1.75,0.25,878.0,2.0,A3,57,2,0,0.6651806831359863,True,0.8215087056159973,True,0.575183093547821,True
710,p0n777,37,2.0,0.25,880.0,2.0,A5,81,1,0,0.6986582279205322,True,0.8491129279136658,True,0.8110945224761963,True
711,p0n778,37,2.0,0.25,880.0,2.0,C#3,49,2,0,0.43493789434432983,False,0.4102442264556885,False,0.37274882197380066,False
712,p0n779,37,2.25,0.25,882.0,2.0,B5,83,1,0,0.6604133248329163,True,0.9248090386390686,True,0.7016257643699646,True
713,p0n780,37,2.25,0.25,882.0,2.0,A3,57,2,0,0.5435369610786438,True,0.7734245657920837,True,0.5735301375389099,True
714,p0n781,37,2.5,0.25,884.0,2.0,C6,84,1,0,0.8745179772377014,True,0.6921901702880859,True,0.4865458905696869,False
715,p0n782,37,2.5,0.25,884.0,2.0,B2,47,2,0,0.4124021530151367,False,0.25051960349082947,False,0.3167637586593628,False
716,p0n783,37,2.75,0.25,886.0,2.0,D#5,75,1,0,0.1961614042520523,False,0.13767489790916443,False,0.2702696621417999,False
717,p0n784,37,2.75,0.25,886.0,2.0,A3,57,2,0,0.727220892906189,True,0.660956621170044,True,0.6104031205177307,True
718,p0n785,38,0.0,0.5,888.0,4.0,E5,76,1,0,0.9705955386161804,True,0.9782851338386536,True,0.8015297055244446,True
719,p0n786,38,0.0,0.5,888.0,4.0,G3,55,2,0,0.09694007784128189,False,0.2148108184337616,False,0.30167824029922485,False
720,p0n787,38,0.5,0.25,892.0,2.0,F#5,78,1,0,0.5646301507949829,True,0.22053247690200806,False,0.27508726716041565,False
721,p0n788,38,0.5,0.5,892.0,4.0,C4,60,2,0,0.6656838059425354,True,0.5642234086990356,True,0.5920056700706482,True
722,p0n789,38,0.75,0.25,894.0,2.0,E5,76,1,0,0.9348070621490479,True,0.7363147139549255,True,0.578757643699646,True
723,p0n790,38,1.0,0.25,896.0,2.0,D#5,75,1,0,0.7551944851875305,True,0.8829590678215027,True,0.7129796743392944,True
724,p0n791,38,1.0,0.5,896.0,4.0,B3,59,2,0,0.8020054697990417,True,0.41374021768569946,False,0.35413894057273865,False
725,p0n792,38,1.25,0.25,898.0,2.0,E5,76,1,0,0.8003862500190735,True,0.5440864562988281,True,0.32965174317359924,False
726,p0n793,38,1.5,0.5,900.0,4.0,F#5,78,1,0,0.8228675723075867,True,0.5156242847442627,True,0.41034743189811707,False
727,p0n794,38,1.5,0.5,900.0,4.0,A3,57,2,0,0.9529695510864258,True,0.9612455368041992,True,0.7600326538085938,True
728,p0n795,38,2.0,0.25,904.0,2.0,G5,79,1,0,0.41551417112350464,False,0.2859688401222229,False,0.30943673849105835,False
729,p0n796,38,2.0,0.5,904.0,4.0,B3,59,2,0,0.3853458762168884,False,0.2703724205493927,False,0.31529197096824646,False
730,p0n797,38,2.25,0.25,906.0,2.0,F#5,78,1,0,0.3509741425514221,False,0.14306959509849548,False,0.2706027626991272,False
731,p0n798,38,2.5,0.25,908.0,2.0,E5,76,1,0,0.9733913540840149,True,0.6831365823745728,True,0.5588650107383728,True
732,p0n799,38,2.5,0.5,908.0,4.0,B2,47,2,0,0.6080036163330078,True,0.2640551030635834,False,0.32198235392570496,False
733,p0n800,38,2.75,0.25,910.0,2.0,F#5,78,1,0,0.15320634841918945,False,0.12855581939220428,False,0.2664041817188263,False
734,p0n801,39,0.0,0.5,912.0,4.0,G5,79,1,0,0.8984385132789612,True,0.9791640639305115,True,0.7264495491981506,True
735,p0n802,39,0.0,0.25,912.0,2.0,E3,52,2,0,0.924092710018158,True,0.9295485019683838,True,0.628538966178894,True
736,p0n803,39,0.25,0.25,914.0,2.0,F#3,54,2,0,0.454395592212677,False,0.17861275374889374,False,0.27592840790748596,False
737,p0n804,39,0.5,0.5,916.0,4.0,F#5,78,1,0,0.29891642928123474,False,0.18981078267097473,False,0.2793404161930084,False
738,p0n805,39,0.5,0.25,916.0,2.0,G3,55,2,0,0.7063843607902527,True,0.5897537469863892,True,0.35354143381118774,False
739,p0n806,39,0.75,0.25,918.0,2.0,E3,52,2,0,0.713813066482544,True,0.29929107427597046,False,0.3169383108615875,False
740,p0n807,39,1.0,0.5,920.0,4.0,E5,76,1,0,0.9615426659584045,True,0.819793701171875,True,0.6105095744132996,True
741,p0n808,39,1.0,0.25,920.0,2.0,A3,57,2,0,0.5710743069648743,True,0.16568809747695923,False,0.2885068655014038,False
742,p0n809,39,1.25,0.25,922.0,2.0,E3,52,2,0,0.5664655566215515,True,0.39324691891670227,False,0.3536815047264099,False
743,p0n810,39,1.5,0.5,924.0,4.0,B4,71,1,0,0.6732097268104553,True,0.8523566722869873,True,0.3481930196285248,False
744,p0n811,39,1.5,0.25,924.0,2.0,B3,59,2,0,0.7756190896034241,True,0.7984614372253418,True,0.5109802484512329,True
745,p0n812,39,1.75,0.25,926.0,2.0,E3,52,2,0,0.49997490644454956,False,0.2808866798877716,False,0.30999547243118286,False
746,p0n813,39,2.0,1.0,928.0,8.0,A5,81,1,0,0.0634416937828064,False,0.14055371284484863,False,0.26447439193725586,False
747,p0n814,39,2.0,0.25,928.0,2.0,C#4,61,2,0,0.7773455381393433,True,0.2889792025089264,False,0.3276270031929016,False
748,p0n815,39,2.25,0.25,930.0,2.0,E3,52,2,0,0.5348316431045532,True,0.8009830117225647,True,0.5061013102531433,True
749,p0n816,39,2.5,0.25,932.0,2.0,D#4,63,2,0,0.3704220652580261,False,0.15433621406555176,False,0.284128874540329,False
750,p0n817,39,2.75,0.25,934.0,2.0,E3,52,2,0,0.5327474474906921,True,0.7667340040206909,True,0.5849147439002991,True
751,p0n818,40,0.0,0.5,936.0,4.0,G5,79,1,0,0.8171331286430359,True,0.9435595870018005,True,0.8180205821990967,True
752,p0n819,40,0.0,0.25,936.0,2.0,E4,64,1,0,0.9798752069473267,True,0.9482768774032593,True,0.642012357711792,True
753,p0n820,40,0.0,0.5,936.0,4.0,E4,64,2,0,0.9870859980583191,True,0.9529381990432739,True,0.506835401058197,True
754,p0n821,40,0.25,0.25,938.0,2.0,D#4,63,1,0,0.26278263330459595,False,0.14340122044086456,False,0.2704198956489563,False
755,p0n822,40,0.5,0.5,940.0,4.0,F#5,78,1,0,0.30557119846343994,False,0.1825544387102127,False,0.2786945104598999,False
756,p0n823,40,0.5,0.25,940.0,2.0,E4,64,1,0,0.9947201013565063,True,0.7292437553405762,True,0.2586621940135956,False
757,p0n825,40,0.75,0.25,942.0,2.0,F#4,66,1,0,0.833086371421814,True,0.27967461943626404,False,0.26171982288360596,False
758,p0n826,40,1.0,0.5,944.0,4.0,E5,76,1,0,0.9493002891540527,True,0.5254503488540649,True,0.4008757770061493,False
759,p0n827,40,1.0,0.25,944.0,2.0,G4,67,1,0,0.77394038438797,True,0.43744128942489624,False,0.27345138788223267,False
760,p0n829,40,1.25,0.25,946.0,2.0,E4,64,1,0,0.9843748211860657,True,0.5510371923446655,True,0.23171938955783844,False
761,p0n830,40,1.5,0.5,948.0,4.0,D#5,75,1,0,0.8469969630241394,True,0.9209479093551636,True,0.6365890502929688,True
762,p0n831,40,1.5,0.25,948.0,2.0,F#4,66,1,0,0.9161668419837952,True,0.5108070969581604,True,0.38862308859825134,False
763,p0n833,40,1.75,0.25,950.0,2.0,E4,64,1,0,0.9601604342460632,True,0.6762217879295349,True,0.2504226565361023,False
764,p0n834,40,2.0,1.0,952.0,8.0,C6,84,1,0,0.896251916885376,True,0.34305816888809204,False,0.33290383219718933,False
765,p0n835,40,2.0,0.25,952.0,2.0,F#4,66,1,0,0.9640675187110901,True,0.15480130910873413,False,0.256242573261261,False
766,p0n836,40,2.25,0.25,954.0,2.0,G4,67,1,0,0.5544455647468567,True,0.13265810906887054,False,0.25476083159446716,False
767,p0n837,40,2.5,0.25,956.0,2.0,A4,69,1,0,0.25110533833503723,False,0.1426326185464859,False,0.2786465287208557,False
768,p0n839,40,2.75,0.25,958.0,2.0,F#4,66,1,0,0.8701438903808594,True,0.13957953453063965,False,0.2434559017419815,False
769,p0n840,41,0.0,0.5,960.0,4.0,B5,83,1,0,0.9784864187240601,True,0.9391574859619141,True,0.8575223088264465,True
770,p0n841,41,0.0,0.5,960.0,4.0,G4,67,1,0,0.8916234374046326,True,0.3790649473667145,False,0.32143062353134155,False
771,p0n843,41,0.5,0.25,964.0,2.0,C6,84,1,0,0.5972427129745483,True,0.12834957242012024,False,0.2849999964237213,False
772,p0n844,41,0.5,0.25,964.0,2.0,A4,69,1,0,0.11387019604444504,False,0.13602907955646515,False,0.26462459564208984,False
773,p0n845,41,0.75,0.25,966.0,2.0,B5,83,1,0,0.9681236147880554,True,0.4478462338447571,False,0.37141889333724976,False
774,p0n846,41,0.75,0.25,966.0,2.0,G4,67,1,0,0.49156928062438965,False,0.08077479898929596,False,0.26470842957496643,False
775,p0n847,41,1.0,0.25,968.0,2.0,A5,81,1,0,0.7761279344558716,True,0.7443762421607971,True,0.4515421390533447,False
776,p0n848,41,1.0,0.25,968.0,2.0,F#4,66,1,0,0.9731027483940125,True,0.1542644053697586,False,0.25983741879463196,False
777,p0n849,41,1.25,0.25,970.0,2.0,G5,79,1,0,0.5379356145858765,True,0.15603888034820557,False,0.27063775062561035,False
778,p0n850,41,1.25,0.25,970.0,2.0,E4,64,1,0,0.9748411774635315,True,0.5993958115577698,True,0.22676964104175568,False
779,p0n851,41,1.5,0.5,972.0,4.0,F#5,78,1,0,0.7169153690338135,True,0.5109199285507202,True,0.33401986956596375,False
780,p0n852,41,1.5,1.75,972.0,14.0,A4,69,1,0,0.25152015686035156,False,0.22472426295280457,False,0.28682181239128113,False
781,p0n853,41,2.0,0.25,976.0,2.0,A5,81,1,0,0.5896347761154175,True,0.4466422498226166,False,0.37221717834472656,False
782,p0n854,41,2.25,0.25,978.0,2.0,G5,79,1,0,0.24006283283233643,False,0.13105423748493195,False,0.2688867747783661,False
783,p0n855,41,2.5,0.25,980.0,2.0,F#5,78,1,0,0.506649374961853,True,0.11723597347736359,False,0.2717672288417816,False
784,p0n856,41,2.75,0.25,982.0,2.0,E5,76,1,0,0.47514280676841736,False,0.22083780169487,False,0.2963733971118927,False
785,p0n857,42,0.0,0.5,984.0,4.0,D#5,75,1,0,0.914767861366272,True,0.5017244815826416,True,0.44310224056243896,False
786,p0n860,42,0.25,0.25,986.0,2.0,G4,67,1,0,0.4410228431224823,False,0.12023280560970306,False,0.268755167722702,False
787,p0n861,42,0.5,0.5,988.0,4.0,A5,81,1,0,0.8325169086456299,True,0.4837908446788788,False,0.39302384853363037,False
788,p0n862,42,0.5,0.25,988.0,2.0,F#4,66,1,0,0.9636455774307251,True,0.2151772528886795,False,0.2673366665840149,False
789,p0n863,42,0.75,0.25,990.0,2.0,A4,69,1,0,0.3397984206676483,False,0.1236305683851242,False,0.2638642191886902,False
790,p0n864,42,1.0,0.5,992.0,4.0,G5,79,1,0,0.8654512763023376,True,0.2831615209579468,False,0.30026981234550476,False
791,p0n865,42,1.0,0.25,992.0,2.0,E4,64,1,0,0.9929252862930298,True,0.7862522006034851,True,0.3602299690246582,False
792,p0n866,42,1.25,0.25,994.0,2.0,A4,69,1,0,0.25468167662620544,False,0.13536643981933594,False,0.2644563317298889,False
793,p0n867,42,1.5,0.5,996.0,4.0,F#5,78,1,0,0.9857273697853088,True,0.6902562379837036,True,0.613275408744812,True
794,p0n868,42,1.5,0.25,996.0,2.0,D#4,63,1,0,0.9588394165039062,True,0.9715511798858643,True,0.8939235210418701,True
795,p0n869,42,1.75,0.25,998.0,2.0,A4,69,1,0,0.18201424181461334,False,0.1283077895641327,False,0.26287704706192017,False
796,p0n870,42,2.0,0.5,1000.0,4.0,E5,76,1,0,0.7706922888755798,True,0.8004931807518005,True,0.5642914175987244,True
797,p0n871,42,2.0,0.25,1000.0,2.0,C#4,61,1,0,0.9467258453369141,True,0.3067089319229126,False,0.3430269956588745,False
798,p0n872,42,2.25,0.25,1002.0,2.0,A4,69,1,0,0.32852858304977417,False,0.151602104306221,False,0.2670348882675171,False
799,p0n873,42,2.5,0.5,1004.0,4.0,D#5,75,1,0,0.6465287804603577,True,0.5712293982505798,True,0.5030716061592102,True
800,p0n874,42,2.5,0.25,1004.0,2.0,B3,59,1,0,0.6832833886146545,True,0.7889249324798584,True,0.2598116397857666,False
801,p0n875,42,2.75,0.25,1006.0,2.0,A4,69,1,0,0.4050114154815674,False,0.17393632233142853,False,0.26998868584632874,False
802,p0n876,43,0.0,0.5,1008.0,4.0,E5,76,1,0,0.9574496746063232,True,0.8497148752212524,True,0.5565976500511169,True
803,p0n877,43,0.0,0.5,1008.0,4.0,G4,67,1,0,0.2554508149623871,False,0.22858081758022308,False,0.30555179715156555,False
804,p0n879,43,0.5,0.5,1012.0,4.0,D5,74,1,0,0.2790452837944031,False,0.24065735936164856,False,0.29255831241607666,False
805,p0n880,43,0.5,0.25,1012.0,2.0,F#4,66,1,0,0.6899914145469666,True,0.6183031797409058,True,0.35810622572898865,False
806,p0n881,43,0.75,0.25,1014.0,2.0,G4,67,1,0,0.5152785181999207,True,0.1477229744195938,False,0.24438485503196716,False
807,p0n882,43,1.0,0.5,1016.0,4.0,C5,72,1,0,0.9083883166313171,True,0.3670105040073395,False,0.3052036762237549,False
808,p0n883,43,1.0,0.25,1016.0,2.0,A4,69,1,0,0.8574941754341125,True,0.771422266960144,True,0.6276699900627136,True
809,p0n884,43,1.25,0.25,1018.0,2.0,G4,67,1,0,0.4083133339881897,False,0.13134419918060303,False,0.2693842649459839,False
810,p0n885,43,1.5,0.5,1020.0,4.0,D5,74,1,0,0.52752685546875,True,0.6127349734306335,True,0.5396664142608643,True
811,p0n886,43,1.5,0.5,1020.0,4.0,F#4,66,1,0,0.965314507484436,True,0.9384734630584717,True,0.4297361671924591,False
812,p0n887,43,2.0,0.5,1024.0,4.0,C5,72,1,0,0.7950153946876526,True,0.6593680381774902,True,0.4606212079524994,False
813,p0n888,43,2.0,0.25,1024.0,2.0,E4,64,1,0,0.896000862121582,True,0.9664190411567688,True,0.6509071588516235,True
814,p0n889,43,2.25,0.25,1026.0,2.0,F#4,66,1,0,0.8321436643600464,True,0.6661412119865417,True,0.16599677503108978,False
815,p0n890,43,2.5,0.5,1028.0,4.0,B4,71,1,0,0.683152437210083,True,0.687920868396759,True,0.7414179444313049,True
816,p0n891,43,2.5,0.25,1028.0,2.0,G4,67,1,0,0.49827101826667786,False,0.20215383172035217,False,0.29567134380340576,False
817,p0n892,43,2.75,0.25,1030.0,2.0,F#4,66,1,0,0.6751538515090942,True,0.6769450306892395,True,0.4233485758304596,False
818,p0n893,44,0.0,0.25,1032.0,2.0,C5,72,1,0,0.9059669375419617,True,0.6742435693740845,True,0.4743201434612274,False
819,p0n894,44,0.0,0.5,1032.0,4.0,E4,64,1,0,0.9506897926330566,True,0.9819007515907288,True,0.8565682768821716,True
820,p0n896,44,0.25,0.25,1034.0,2.0,C6,84,1,0,0.8714500069618225,True,0.2919044494628906,False,0.32185399532318115,False
821,p0n897,44,0.5,0.25,1036.0,2.0,B5,83,1,0,0.7505868077278137,True,0.6759443283081055,True,0.4240964651107788,False
822,p0n898,44,0.5,0.5,1036.0,4.0,F#4,66,1,0,0.5452529191970825,True,0.4980264902114868,False,0.2840932607650757,False
823,p0n899,44,0.75,0.25,1038.0,2.0,A5,81,1,0,0.4465142488479614,False,0.25151750445365906,False,0.29463446140289307,False
824,p0n900,44,1.0,0.25,1040.0,2.0,G5,79,1,0,0.16842681169509888,False,0.15350118279457092,False,0.2847888469696045,False
825,p0n901,44,1.0,0.5,1040.0,4.0,G4,67,1,0,0.49169477820396423,False,0.19746357202529907,False,0.2922127842903137,False
826,p0n902,44,1.25,0.25,1042.0,2.0,B5,83,1,0,0.9324213862419128,True,0.6035687923431396,True,0.446407288312912,False
827,p0n903,44,1.5,0.25,1044.0,2.0,A5,81,1,0,0.7379355430603027,True,0.87893146276474,True,0.5879225730895996,True
828,p0n904,44,1.5,0.5,1044.0,4.0,C5,72,1,0,0.9514581561088562,True,0.4966377019882202,False,0.3589983284473419,False
829,p0n905,44,1.75,0.25,1046.0,2.0,B5,83,1,0,0.8042054772377014,True,0.28417718410491943,False,0.3263445496559143,False
830,p0n906,44,2.0,0.25,1048.0,2.0,A5,81,1,0,0.6969928741455078,True,0.6395443081855774,True,0.3650021255016327,False
831,p0n907,44,2.0,1.0,1048.0,8.0,D#4,63,1,0,0.16406983137130737,False,0.14150677621364594,False,0.270050048828125,False
832,p0n908,44,2.25,0.25,1050.0,2.0,G5,79,1,0,0.11627735942602158,False,0.12420400232076645,False,0.2682197093963623,False
833,p0n909,44,2.5,0.25,1052.0,2.0,F#5,78,1,0,0.22508178651332855,False,0.10650172829627991,False,0.2731042802333832,False
834,p0n910,44,2.75,0.25,1054.0,2.0,A5,81,1,0,0.8775516748428345,True,0.5349916219711304,True,0.38547781109809875,False
835,p0n911,45,0.0,0.25,1056.0,2.0,G5,79,1,0,0.5073139667510986,True,0.5790839791297913,True,0.47337889671325684,False
836,p0n912,45,0.0,0.5,1056.0,4.0,E4,64,1,0,0.8552534580230713,True,0.9717546701431274,True,0.8531457185745239,True
837,p0n914,45,0.25,0.25,1058.0,2.0,A5,81,1,0,0.7179686427116394,True,0.5896954536437988,True,0.3900149166584015,False
838,p0n915,45,0.5,0.25,1060.0,2.0,G5,79,1,0,0.44350650906562805,False,0.23867103457450867,False,0.29411983489990234,False
839,p0n916,45,0.5,0.5,1060.0,4.0,F#4,66,1,0,0.7041058540344238,True,0.3986935615539551,False,0.2595050632953644,False
840,p0n917,45,0.75,0.25,1062.0,2.0,F#5,78,1,0,0.18320457637310028,False,0.11689729988574982,False,0.2639007568359375,False
841,p0n918,45,1.0,0.25,1064.0,2.0,E5,76,1,0,0.3686785399913788,False,0.17697033286094666,False,0.2941640615463257,False
842,p0n919,45,1.0,0.5,1064.0,4.0,G4,67,1,0,0.3777744472026825,False,0.13980594277381897,False,0.28095829486846924,False
843,p0n920,45,1.25,0.25,1066.0,2.0,G5,79,1,0,0.6564620137214661,True,0.4188111126422882,False,0.3286150395870209,False
844,p0n921,45,1.5,0.25,1068.0,2.0,F#5,78,1,0,0.3906818926334381,False,0.2633499503135681,False,0.29960817098617554,False
845,p0n922,45,1.5,0.5,1068.0,4.0,A4,69,1,0,0.7220456004142761,True,0.9002272486686707,True,0.4019790291786194,False
846,p0n923,45,1.75,0.25,1070.0,2.0,G5,79,1,0,0.40663039684295654,False,0.2022303342819214,False,0.2827639579772949,False
847,p0n924,45,2.0,0.25,1072.0,2.0,F#5,78,1,0,0.40249645709991455,False,0.11585947871208191,False,0.2650776207447052,False
848,p0n925,45,2.0,1.0,1072.0,8.0,B3,59,1,0,0.6738744378089905,True,0.5486754775047302,True,0.4560612738132477,False
849,p0n926,45,2.25,0.25,1074.0,2.0,E5,76,1,0,0.5072444677352905,True,0.8167730569839478,True,0.44987794756889343,False
850,p0n927,45,2.5,0.25,1076.0,2.0,D#5,75,1,0,0.1272079199552536,False,0.1378789246082306,False,0.28107088804244995,False
851,p0n928,45,2.75,0.25,1078.0,2.0,F#5,78,1,0,0.5597180128097534,True,0.18462485074996948,False,0.2443569004535675,False
852,p0n929,46,0.0,0.5,1080.0,4.0,E5,76,1,0,0.8666276335716248,True,0.9926987290382385,True,0.9141863584518433,True
853,p0n930,46,0.0,0.25,1080.0,2.0,C4,60,1,0,0.9791107773780823,True,0.4888668358325958,False,0.4126170873641968,False
854,p0n932,46,0.25,0.25,1082.0,2.0,B3,59,1,0,0.5650991201400757,True,0.11095332354307175,False,0.25984305143356323,False
855,p0n933,46,0.5,0.25,1084.0,2.0,F#5,78,1,0,0.5862391591072083,True,0.43269094824790955,False,0.27298054099082947,False
856,p0n934,46,0.5,0.25,1084.0,2.0,A3,57,1,0,0.961707353591919,True,0.7802903056144714,True,0.7046706676483154,True
857,p0n935,46,0.75,0.25,1086.0,2.0,G5,79,1,0,0.6852281093597412,True,0.7668144702911377,True,0.7379578948020935,True
858,p0n936,46,0.75,0.25,1086.0,2.0,B3,59,1,0,0.6547799110412598,True,0.21876594424247742,False,0.26223158836364746,False
859,p0n937,46,1.0,1.0,1088.0,8.0,A5,81,1,0,0.8937854170799255,True,0.885077714920044,True,0.8120856881141663,True
860,p0n938,46,1.0,0.25,1088.0,2.0,C4,60,1,0,0.852957010269165,True,0.254102885723114,False,0.2681520879268646,False
861,p0n939,46,1.25,0.25,1090.0,2.0,D4,62,1,0,0.05335916578769684,False,0.103273905813694,False,0.2621239125728607,False
862,p0n941,46,1.5,0.25,1092.0,2.0,E4,64,1,0,0.9771589040756226,True,0.9454313516616821,True,0.8831222057342529,True
863,p0n942,46,1.75,0.25,1094.0,2.0,D#4,63,1,0,0.050886478275060654,False,0.09703176468610764,False,0.2637716233730316,False
864,p0n943,46,2.0,0.25,1096.0,2.0,G5,79,1,0,0.8603931069374084,True,0.8738160729408264,True,0.673946738243103,True
865,p0n944,46,2.0,0.25,1096.0,2.0,E4,64,1,0,0.9719359278678894,True,0.8448001742362976,True,0.7653603553771973,True
866,p0n945,46,2.25,0.25,1098.0,2.0,A5,81,1,0,0.860821545124054,True,0.7144433856010437,True,0.5443912148475647,True
867,p0n946,46,2.25,0.25,1098.0,2.0,F#4,66,1,0,0.44383206963539124,False,0.07742645591497421,False,0.2606104016304016,False
868,p0n947,46,2.5,1.0,1100.0,8.0,B5,83,1,0,0.8736023902893066,True,0.6340985894203186,True,0.573378324508667,True
869,p0n948,46,2.5,0.25,1100.0,2.0,G4,67,1,0,0.7380738854408264,True,0.49752771854400635,False,0.31342530250549316,False
870,p0n949,46,2.75,0.25,1102.0,2.0,A4,69,1,0,0.8865470886230469,True,0.5213170647621155,True,0.4650159478187561,False
871,p0n951,47,0.0,2.0,1104.0,16.0,B4,71,1,0,0.5636821985244751,True,0.9469494819641113,True,0.6386210322380066,True
872,p0n953,47,0.25,0.125,1106.0,1.0,B2,47,2,0,0.3691239655017853,False,0.23824810981750488,False,0.3022993803024292,False
873,p0n954,47,0.375,0.125,1107.0,1.0,C#3,49,2,0,0.35756534337997437,False,0.208603173494339,False,0.306078165769577,False
874,p0n955,47,0.5,0.5,1108.0,4.0,A5,81,1,0,0.836307942867279,True,0.7633054256439209,True,0.4935361444950104,False
875,p0n956,47,0.5,0.25,1108.0,2.0,D#3,51,2,0,0.4930526316165924,False,0.20915450155735016,False,0.2820618450641632,False
876,p0n957,47,0.75,0.25,1110.0,2.0,B2,47,2,0,0.12376363575458527,False,0.15179675817489624,False,0.27843451499938965,False
877,p0n958,47,1.0,0.5,1112.0,4.0,G5,79,1,0,0.8351279497146606,True,0.8072933554649353,True,0.6408267021179199,True
878,p0n959,47,1.0,0.25,1112.0,2.0,E3,52,2,0,0.951652467250824,True,0.541917085647583,True,0.5562756061553955,True
879,p0n960,47,1.25,0.25,1114.0,2.0,B2,47,2,0,0.04271923378109932,False,0.14637447893619537,False,0.27637335658073425,False
880,p0n961,47,1.5,0.25,1116.0,2.0,F#5,78,1,0,0.9121735692024231,True,0.818355917930603,True,0.741795003414154,True
881,p0n963,47,1.5,0.25,1116.0,2.0,F#3,54,2,0,0.9868834614753723,True,0.9582776427268982,True,0.7536872029304504,True
882,p0n964,47,1.75,0.25,1118.0,2.0,G5,79,1,0,0.8258119225502014,True,0.7279911041259766,True,0.44478675723075867,False
883,p0n965,47,1.75,0.25,1118.0,2.0,B2,47,2,0,0.03821195289492607,False,0.14504699409008026,False,0.27596211433410645,False
884,p0n966,47,2.0,0.5,1120.0,4.0,A5,81,1,0,0.9751024842262268,True,0.8740212917327881,True,0.5540553331375122,True
885,p0n967,47,2.0,0.5,1120.0,4.0,C5,72,1,0,0.445217102766037,False,0.24438132345676422,False,0.292908251285553,False
886,p0n968,47,2.0,0.25,1120.0,2.0,G3,55,2,0,0.734120786190033,True,0.48224443197250366,False,0.30999693274497986,False
887,p0n969,47,2.25,0.25,1122.0,2.0,B2,47,2,0,0.045155949890613556,False,0.14472894370555878,False,0.27593839168548584,False
888,p0n970,47,2.5,0.5,1124.0,4.0,D#5,75,1,0,0.6597083806991577,True,0.26908889412879944,False,0.32409897446632385,False
889,p0n971,47,2.5,0.5,1124.0,4.0,F#4,66,1,0,0.7641579508781433,True,0.20887425541877747,False,0.28242403268814087,False
890,p0n972,47,2.5,0.25,1124.0,2.0,A3,57,2,0,0.9829429388046265,True,0.29185232520103455,False,0.3457780182361603,False
891,p0n973,47,2.75,0.25,1126.0,2.0,B2,47,2,0,0.022522097453475,False,0.14298772811889648,False,0.2755197584629059,False
892,p0n974,48,0.0,1.0,1128.0,8.0,E5,76,1,0,0.2579873204231262,False,0.2791108787059784,False,0.32102739810943604,False
893,p0n975,48,0.0,0.25,1128.0,2.0,E4,64,1,0,0.9257601499557495,True,0.9811089634895325,True,0.7783742547035217,True
894,p0n976,48,0.0,0.25,1128.0,2.0,G3,55,2,0,0.9602252840995789,True,0.3722458481788635,False,0.33693158626556396,False
895,p0n977,48,0.25,0.25,1130.0,2.0,F#4,66,1,0,0.5592381954193115,True,0.17890353500843048,False,0.24969187378883362,False
896,p0n978,48,0.25,0.25,1130.0,2.0,F#3,54,2,0,0.9288468360900879,True,0.4485909044742584,False,0.3194928765296936,False
897,p0n979,48,0.5,1.25,1132.0,10.0,G4,67,1,0,0.8074023723602295,True,0.16498234868049622,False,0.2910076379776001,False
898,p0n980,48,0.5,0.25,1132.0,2.0,E3,52,2,0,0.9607506394386292,True,0.7628664970397949,True,0.6400904655456543,True
899,p0n981,48,0.75,0.25,1134.0,2.0,G3,55,2,0,0.9072099924087524,True,0.15118925273418427,False,0.2543148100376129,False
900,p0n982,48,1.0,0.5,1136.0,4.0,B4,71,1,0,0.7050567269325256,True,0.5254498720169067,True,0.3775055706501007,False
901,p0n983,48,1.0,0.25,1136.0,2.0,D3,50,2,0,0.8873856067657471,True,0.6695896983146667,True,0.4842652380466461,False
902,p0n984,48,1.25,0.25,1138.0,2.0,G3,55,2,0,0.9618649482727051,True,0.32397404313087463,False,0.25744307041168213,False
903,p0n985,48,1.5,2.5,1140.0,20.0,A4,69,1,0,0.6883723735809326,True,0.5672658681869507,True,0.4717886447906494,False
904,p0n987,48,1.5,0.25,1140.0,2.0,C#3,49,2,0,0.8505144715309143,True,0.8910040259361267,True,0.7875888347625732,True
905,p0n988,48,1.75,0.25,1142.0,2.0,F#4,66,1,0,0.5824158191680908,True,0.41606077551841736,False,0.28719860315322876,False
906,p0n989,48,1.75,0.25,1142.0,2.0,G3,55,2,0,0.9398404359817505,True,0.35769814252853394,False,0.26829713582992554,False
907,p0n990,48,2.0,0.25,1144.0,2.0,E4,64,1,0,0.9765989780426025,True,0.5927686095237732,True,0.48036378622055054,False
908,p0n991,48,2.0,0.25,1144.0,2.0,B2,47,2,0,0.2090710699558258,False,0.2764962315559387,False,0.31073665618896484,False
909,p0n992,48,2.25,0.25,1146.0,2.0,D4,62,1,0,0.13062497973442078,False,0.1249435767531395,False,0.265120267868042,False
910,p0n993,48,2.25,0.25,1146.0,2.0,G3,55,2,0,0.9312087893486023,True,0.40305811166763306,False,0.27470672130584717,False
911,p0n994,48,2.5,0.25,1148.0,2.0,C#4,61,1,0,0.6142972111701965,True,0.465439110994339,False,0.36651942133903503,False
912,p0n995,48,2.5,0.25,1148.0,2.0,A2,45,2,0,0.7106983065605164,True,0.5204114317893982,True,0.4097619354724884,False
913,p0n996,48,2.75,0.25,1150.0,2.0,E4,64,1,0,0.9461104869842529,True,0.6132825016975403,True,0.46194759011268616,False
914,p0n997,48,2.75,0.25,1150.0,2.0,G3,55,2,0,0.9819950461387634,True,0.43441304564476013,False,0.2802985608577728,False
915,p0n999,49,0.0,0.25,1152.0,2.0,D4,62,1,0,0.2605229616165161,False,0.24215489625930786,False,0.3080887198448181,False
916,p0n1000,49,0.0,0.25,1152.0,2.0,F#3,54,2,0,0.5498724579811096,True,0.26227420568466187,False,0.2749045491218567,False
917,p0n1001,49,0.25,0.25,1154.0,2.0,E4,64,1,0,0.9530724287033081,True,0.8757244348526001,True,0.5746409296989441,True
918,p0n1002,49,0.25,0.25,1154.0,2.0,E3,52,2,0,0.7454813718795776,True,0.5470548272132874,True,0.3426639139652252,False
919,p0n1003,49,0.5,1.25,1156.0,10.0,F#4,66,1,0,0.6334667205810547,True,0.1254642754793167,False,0.269502729177475,False
920,p0n1004,49,0.5,0.25,1156.0,2.0,D3,50,2,0,0.5698544979095459,True,0.7917680740356445,True,0.5302054286003113,True
921,p0n1005,49,0.75,0.25,1158.0,2.0,F#3,54,2,0,0.8802065849304199,True,0.1744222491979599,False,0.24671226739883423,False
922,p0n1006,49,1.0,0.5,1160.0,4.0,A4,69,1,0,0.4101225435733795,False,0.14122892916202545,False,0.2765534818172455,False
923,p0n1007,49,1.0,0.25,1160.0,2.0,C#3,49,2,0,0.8253042101860046,True,0.1476360708475113,False,0.29588186740875244,False
924,p0n1008,49,1.25,0.25,1162.0,2.0,F#3,54,2,0,0.8401369452476501,True,0.24656689167022705,False,0.25287026166915894,False
925,p0n1009,49,1.5,2.5,1164.0,20.0,G4,67,1,0,0.9135075211524963,True,0.3997826874256134,False,0.2825365960597992,False
926,p0n1011,49,1.5,0.25,1164.0,2.0,B2,47,2,0,0.6359983682632446,True,0.9510526657104492,True,0.656076967716217,True
927,p0n1012,49,1.75,0.25,1166.0,2.0,E4,64,1,0,0.7891576290130615,True,0.8238725066184998,True,0.7086997032165527,True
928,p0n1013,49,1.75,0.25,1166.0,2.0,F#3,54,2,0,0.8996909856796265,True,0.21770521998405457,False,0.2517130672931671,False
929,p0n1014,49,2.0,0.25,1168.0,2.0,D4,62,1,0,0.34492501616477966,False,0.1718538999557495,False,0.2739809453487396,False
930,p0n1015,49,2.0,0.25,1168.0,2.0,A2,45,2,0,0.7670777440071106,True,0.6932441592216492,True,0.5345306992530823,True
931,p0n1016,49,2.25,0.25,1170.0,2.0,C#4,61,1,0,0.258941650390625,False,0.21546988189220428,False,0.30030104517936707,False
932,p0n1017,49,2.25,0.25,1170.0,2.0,F#3,54,2,0,0.9032398462295532,True,0.4964714050292969,False,0.3248840272426605,False
933,p0n1018,49,2.5,0.25,1172.0,2.0,B3,59,1,0,0.056359607726335526,False,0.1597519963979721,False,0.2900223731994629,False
934,p0n1019,49,2.5,0.25,1172.0,2.0,G2,43,2,0,0.9741653800010681,True,0.6235520243644714,True,0.4059283435344696,False
935,p0n1020,49,2.75,0.25,1174.0,2.0,D4,62,1,0,0.877625584602356,True,0.39127758145332336,False,0.27287086844444275,False
936,p0n1021,49,2.75,0.25,1174.0,2.0,F#3,54,2,0,0.9686157703399658,True,0.6167110204696655,True,0.2421031892299652,False
937,p0n1023,50,0.0,0.25,1176.0,2.0,C#4,61,1,0,0.8805800676345825,True,0.9450534582138062,True,0.6349784135818481,True
938,p0n1024,50,0.0,0.25,1176.0,2.0,E3,52,2,0,0.68590247631073,True,0.9141800999641418,True,0.5674713850021362,True
939,p0n1025,50,0.25,0.25,1178.0,2.0,D4,62,1,0,0.5409573912620544,True,0.34837520122528076,False,0.26817402243614197,False
940,p0n1026,50,0.25,0.25,1178.0,2.0,D3,50,2,0,0.3156411647796631,False,0.1645766645669937,False,0.26966115832328796,False
941,p0n1027,50,0.5,1.25,1180.0,10.0,E4,64,1,0,0.6679357886314392,True,0.8923562169075012,True,0.6339506506919861,True
942,p0n1028,50,0.5,0.25,1180.0,2.0,C#3,49,2,0,0.7543240189552307,True,0.46387654542922974,False,0.32218536734580994,False
943,p0n1029,50,0.75,0.25,1182.0,2.0,E3,52,2,0,0.6922443509101868,True,0.6657211780548096,True,0.5229281783103943,True
944,p0n1030,50,1.0,0.5,1184.0,4.0,G4,67,1,0,0.9012580513954163,True,0.04365178570151329,False,0.2686976492404938,False
945,p0n1031,50,1.0,0.25,1184.0,2.0,B2,47,2,0,0.8825201392173767,True,0.5640956163406372,True,0.362079918384552,False
946,p0n1032,50,1.25,0.25,1186.0,2.0,E3,52,2,0,0.8201895356178284,True,0.5504665374755859,True,0.6143132448196411,True
947,p0n1033,50,1.5,1.75,1188.0,14.0,F#4,66,1,0,0.9487897753715515,True,0.832905113697052,True,0.7137222290039062,True
948,p0n1035,50,1.5,0.25,1188.0,2.0,A#2,46,2,0,0.9856683015823364,True,0.9972485899925232,True,0.9472870826721191,True
949,p0n1036,50,1.75,0.25,1190.0,2.0,D4,62,1,0,0.6095883846282959,True,0.11704283952713013,False,0.26138076186180115,False
950,p0n1037,50,1.75,0.25,1190.0,2.0,E3,52,2,0,0.5365703105926514,True,0.6062418818473816,True,0.41379350423812866,False
951,p0n1038,50,2.0,0.25,1192.0,2.0,C#4,61,1,0,0.7990803718566895,True,0.8917236924171448,True,0.7050615549087524,True
952,p0n1039,50,2.0,0.25,1192.0,2.0,G#2,44,2,0,0.6483685374259949,True,0.5120484232902527,True,0.45115819573402405,False
953,p0n1040,50,2.25,0.25,1194.0,2.0,B3,59,1,0,0.6448467373847961,True,0.7479236125946045,True,0.6478246450424194,True
954,p0n1041,50,2.25,0.25,1194.0,2.0,E3,52,2,0,0.8042266368865967,True,0.8743433356285095,True,0.6092159152030945,True
955,p0n1042,50,2.5,0.25,1196.0,2.0,A#3,58,1,0,0.3870750963687897,False,0.232206791639328,False,0.3073943257331848,False
956,p0n1043,50,2.5,0.25,1196.0,2.0,F#2,42,2,0,0.9925656318664551,True,0.8898219466209412,True,0.7594929933547974,True
957,p0n1044,50,2.75,0.25,1198.0,2.0,C#4,61,1,0,0.817050039768219,True,0.6835812926292419,True,0.6829863786697388,True
958,p0n1045,50,2.75,0.25,1198.0,2.0,E3,52,2,0,0.9436742067337036,True,0.9072083234786987,True,0.772393524646759,True
959,p0n1047,51,0.0,0.5,1200.0,4.0,B3,59,1,0,0.778364896774292,True,0.8683717846870422,True,0.8505778312683105,True
960,p0n1048,51,0.0,0.25,1200.0,2.0,D3,50,2,0,0.2465665191411972,False,0.2610909640789032,False,0.3100561201572418,False
961,p0n1049,51,0.25,0.25,1202.0,2.0,B4,71,1,0,0.8006299734115601,True,0.6607568264007568,True,0.5158001184463501,True
962,p0n1050,51,0.25,0.25,1202.0,2.0,F#3,54,2,0,0.9578278064727783,True,0.40455135703086853,False,0.3040013611316681,False
963,p0n1051,51,0.5,0.25,1204.0,2.0,C#5,73,1,0,0.6911572217941284,True,0.8008102774620056,True,0.554977297782898,True
964,p0n1052,51,0.5,0.25,1204.0,2.0,E3,52,2,0,0.7684415578842163,True,0.9295223355293274,True,0.7591249942779541,True
965,p0n1054,51,0.75,0.25,1206.0,2.0,B4,71,1,0,0.5598718523979187,True,0.5540702939033508,True,0.34796106815338135,False
966,p0n1055,51,0.75,0.25,1206.0,2.0,D3,50,2,0,0.1484801322221756,False,0.11656391620635986,False,0.2628173828125,False
967,p0n1056,51,1.0,0.25,1208.0,2.0,A#4,70,1,0,0.911943793296814,True,0.8770872354507446,True,0.5859060287475586,True
968,p0n1057,51,1.0,0.25,1208.0,2.0,C#3,49,2,0,0.7122083306312561,True,0.5533974170684814,True,0.23422421514987946,False
969,p0n1059,51,1.25,0.25,1210.0,2.0,B4,71,1,0,0.35469549894332886,False,0.21827705204486847,False,0.29444682598114014,False
970,p0n1060,51,1.25,0.25,1210.0,2.0,B2,47,2,0,0.551751434803009,True,0.4766189455986023,False,0.3718991279602051,False
971,p0n1061,51,1.5,0.5,1212.0,4.0,C#5,73,1,0,0.9571940898895264,True,0.8362168669700623,True,0.7924318909645081,True
972,p0n1062,51,1.5,0.25,1212.0,2.0,A#2,46,2,0,0.9169777631759644,True,0.997822642326355,True,0.9292029142379761,True
973,p0n1064,51,1.75,0.25,1214.0,2.0,C#3,49,2,0,0.6015377640724182,True,0.5572629570960999,True,0.376826673746109,False
974,p0n1065,51,2.0,0.25,1216.0,2.0,D5,74,1,0,0.17818306386470795,False,0.17301805317401886,False,0.27381831407546997,False
975,p0n1066,51,2.0,0.25,1216.0,2.0,B2,47,2,0,0.49035924673080444,False,0.3264171779155731,False,0.3270735442638397,False
976,p0n1067,51,2.25,0.25,1218.0,2.0,C#5,73,1,0,0.7168954610824585,True,0.31942716240882874,False,0.31861579418182373,False
977,p0n1068,51,2.25,0.25,1218.0,2.0,A#2,46,2,0,0.5732113718986511,True,0.745441734790802,True,0.5983589887619019,True
978,p0n1069,51,2.5,0.25,1220.0,2.0,B4,71,1,0,0.8232489824295044,True,0.5136049389839172,True,0.32491713762283325,False
979,p0n1070,51,2.5,0.25,1220.0,2.0,G#2,44,2,0,0.20083552598953247,False,0.18851317465305328,False,0.283634752035141,False
980,p0n1072,51,2.75,0.25,1222.0,2.0,C#5,73,1,0,0.42951783537864685,False,0.29793086647987366,False,0.3325212299823761,False
981,p0n1073,51,2.75,0.25,1222.0,2.0,F#2,42,2,0,0.9555845856666565,True,0.3847810924053192,False,0.2965282201766968,False
982,p0n1074,52,0.0,0.5,1224.0,4.0,D5,74,1,0,0.5221354961395264,True,0.33568230271339417,False,0.3460646867752075,False
983,p0n1075,52,0.0,0.5,1224.0,4.0,B2,47,2,0,0.9650129079818726,True,0.9635944366455078,True,0.8695647120475769,True
984,p0n1076,52,0.5,0.5,1228.0,4.0,C#5,73,1,0,0.5218732953071594,True,0.6522957682609558,True,0.6575671434402466,True
985,p0n1077,52,0.5,0.25,1228.0,2.0,C#3,49,2,0,0.5364890098571777,True,0.46978580951690674,False,0.3249131739139557,False
986,p0n1078,52,0.75,0.25,1230.0,2.0,B2,47,2,0,0.7976073026657104,True,0.7124682068824768,True,0.6963291764259338,True
987,p0n1079,52,1.0,0.5,1232.0,4.0,B4,71,1,0,0.6591783165931702,True,0.5074995160102844,True,0.4410163462162018,False
988,p0n1080,52,1.0,0.25,1232.0,2.0,A#2,46,2,0,0.9373167157173157,True,0.8517698645591736,True,0.8465068936347961,True
989,p0n1081,52,1.25,0.25,1234.0,2.0,B2,47,2,0,0.5809760689735413,True,0.6261336207389832,True,0.6360232830047607,True
990,p0n1082,52,1.5,0.5,1236.0,4.0,A#4,70,1,0,0.8916292190551758,True,0.8133710622787476,True,0.6208034753799438,True
991,p0n1083,52,1.5,0.5,1236.0,4.0,C#3,49,2,0,0.8835939764976501,True,0.6330397129058838,True,0.44374626874923706,False
992,p0n1084,52,2.0,1.0,1240.0,8.0,G5,79,1,0,0.7144660353660583,True,0.6761934161186218,True,0.5279227495193481,True
993,p0n1085,52,2.0,0.25,1240.0,2.0,D3,50,2,0,0.06536055356264114,False,0.1309906244277954,False,0.26470667123794556,False
994,p0n1086,52,2.25,0.25,1242.0,2.0,C#3,49,2,0,0.456303209066391,False,0.25504472851753235,False,0.309495210647583,False
995,p0n1087,52,2.5,0.25,1244.0,2.0,B2,47,2,0,0.8757860660552979,True,0.8242227435112,True,0.622221052646637,True
996,p0n1088,52,2.75,0.25,1246.0,2.0,C#3,49,2,0,0.34161657094955444,False,0.250224769115448,False,0.3078187108039856,False
997,p0n1089,53,0.0,0.5,1248.0,4.0,F#5,78,1,0,0.9339175224304199,True,0.9137900471687317,True,0.5911569595336914,True
998,p0n1090,53,0.0,0.5,1248.0,4.0,D3,50,2,0,0.2943706512451172,False,0.3469540774822235,False,0.3410455882549286,False
999,p0n1091,53,0.5,0.25,1252.0,2.0,G5,79,1,0,0.8183890581130981,True,0.5332887768745422,True,0.33897852897644043,False
1000,p0n1092,53,0.5,0.5,1252.0,4.0,C#3,49,2,0,0.2591175436973572,False,0.26618820428848267,False,0.31091755628585815,False
1001,p0n1093,53,0.75,0.25,1254.0,2.0,F#5,78,1,0,0.930020809173584,True,0.666071891784668,True,0.34819546341896057,False
1002,p0n1094,53,1.0,0.25,1256.0,2.0,E5,76,1,0,0.4388139545917511,False,0.22744996845722198,False,0.3094029128551483,False
1003,p0n1095,53,1.0,0.5,1256.0,4.0,B2,47,2,0,0.6028344631195068,True,0.7677374482154846,True,0.6378882527351379,True
1004,p0n1096,53,1.25,0.25,1258.0,2.0,D5,74,1,0,0.41745492815971375,False,0.17853312194347382,False,0.2771798074245453,False
1005,p0n1097,53,1.5,0.5,1260.0,4.0,C#5,73,1,0,0.9137774109840393,True,0.8081971406936646,True,0.5496171116828918,True
1006,p0n1098,53,1.5,0.5,1260.0,4.0,A#2,46,2,0,0.8638772964477539,True,0.9202563762664795,True,0.8165549039840698,True
1007,p0n1099,53,2.0,0.25,1264.0,2.0,E5,76,1,0,0.45662933588027954,False,0.3254099190235138,False,0.3305300176143646,False
1008,p0n1100,53,2.0,1.0,1264.0,8.0,G3,55,2,0,0.9355270266532898,True,0.4121971130371094,False,0.36069411039352417,False
1009,p0n1101,53,2.25,0.25,1266.0,2.0,D5,74,1,0,0.2837609648704529,False,0.16516610980033875,False,0.27355238795280457,False
1010,p0n1102,53,2.5,0.25,1268.0,2.0,C#5,73,1,0,0.8837427496910095,True,0.5860620141029358,True,0.5841129422187805,True
1011,p0n1103,53,2.75,0.25,1270.0,2.0,B4,71,1,0,0.36321377754211426,False,0.23807725310325623,False,0.3004089295864105,False
1012,p0n1104,54,0.0,0.25,1272.0,2.0,A#4,70,1,0,0.9746220707893372,True,0.7061644792556763,True,0.5528722405433655,True
1013,p0n1105,54,0.0,0.25,1272.0,2.0,F#3,54,2,0,0.997829020023346,True,0.7054768800735474,True,0.43572837114334106,False
1014,p0n1106,54,0.25,0.25,1274.0,2.0,B4,71,1,0,0.07787168025970459,False,0.15271715819835663,False,0.2777208089828491,False
1015,p0n1107,54,0.25,0.25,1274.0,2.0,G#3,56,2,0,0.24708235263824463,False,0.16082856059074402,False,0.2668851613998413,False
1016,p0n1108,54,0.5,0.25,1276.0,2.0,C#5,73,1,0,0.8824759125709534,True,0.8810815215110779,True,0.5881145000457764,True
1017,p0n1109,54,0.5,0.25,1276.0,2.0,A#3,58,2,0,0.45278140902519226,False,0.30382710695266724,False,0.31280943751335144,False
1018,p0n1110,54,0.75,0.25,1278.0,2.0,A#4,70,1,0,0.3939213752746582,False,0.23112675547599792,False,0.29162782430648804,False
1019,p0n1111,54,0.75,0.25,1278.0,2.0,F#3,54,2,0,0.9791935086250305,True,0.43730807304382324,False,0.2706517279148102,False
1020,p0n1112,54,1.0,0.25,1280.0,2.0,D5,74,1,0,0.39619356393814087,False,0.1938549429178238,False,0.29260656237602234,False
1021,p0n1113,54,1.0,0.25,1280.0,2.0,B3,59,2,0,0.9028517603874207,True,0.43496501445770264,False,0.4142795503139496,False
1022,p0n1114,54,1.25,0.25,1282.0,2.0,A#4,70,1,0,0.30252784490585327,False,0.24170881509780884,False,0.2942025065422058,False
1023,p0n1115,54,1.25,0.25,1282.0,2.0,F#3,54,2,0,0.9574798345565796,True,0.4647182524204254,False,0.28005561232566833,False
1024,p0n1116,54,1.5,0.25,1284.0,2.0,E5,76,1,0,0.2558547258377075,False,0.26405078172683716,False,0.3024090528488159,False
1025,p0n1117,54,1.5,0.25,1284.0,2.0,C#4,61,2,0,0.8980104327201843,True,0.9787977337837219,True,0.7270680069923401,True
1026,p0n1118,54,1.75,0.25,1286.0,2.0,A#4,70,1,0,0.352005273103714,False,0.2634574770927429,False,0.29928913712501526,False
1027,p0n1119,54,1.75,0.25,1286.0,2.0,F#3,54,2,0,0.9712046384811401,True,0.7469534277915955,True,0.34491345286369324,False
1028,p0n1120,54,2.0,0.25,1288.0,2.0,F#5,78,1,0,0.9029260873794556,True,0.7222951650619507,True,0.3277569115161896,False
1029,p0n1121,54,2.0,0.25,1288.0,2.0,D4,62,2,0,0.8691469430923462,True,0.5233660936355591,True,0.33346113562583923,False
1030,p0n1122,54,2.25,0.25,1290.0,2.0,A#4,70,1,0,0.3647187352180481,False,0.23875567317008972,False,0.29386818408966064,False
1031,p0n1123,54,2.25,0.25,1290.0,2.0,F#3,54,2,0,0.9721116423606873,True,0.6510324478149414,True,0.33923277258872986,False
1032,p0n1124,54,2.5,0.25,1292.0,2.0,G5,79,1,0,0.7070672512054443,True,0.33031195402145386,False,0.3169165253639221,False
1033,p0n1125,54,2.5,0.25,1292.0,2.0,E4,64,2,0,0.6583733558654785,True,0.5585903525352478,True,0.37779700756073,False
1034,p0n1126,54,2.75,0.25,1294.0,2.0,A#4,70,1,0,0.3390096426010132,False,0.24058707058429718,False,0.2938307523727417,False
1035,p0n1127,54,2.75,0.25,1294.0,2.0,F#3,54,2,0,0.9706358909606934,True,0.7522702217102051,True,0.3615955412387848,False
1036,p0n1128,55,0.0,0.25,1296.0,2.0,F#5,78,1,0,0.9330663681030273,True,0.4568481743335724,False,0.29916611313819885,False
1037,p0n1129,55,0.0,0.25,1296.0,2.0,D4,62,2,0,0.8238542675971985,True,0.6695296764373779,True,0.40101975202560425,False
1038,p0n1130,55,0.25,0.25,1298.0,2.0,A#4,70,1,0,0.36895474791526794,False,0.2654416859149933,False,0.3011983633041382,False
1039,p0n1131,55,0.25,0.25,1298.0,2.0,F#3,54,2,0,0.9882901906967163,True,0.5489938259124756,True,0.3252145051956177,False
1040,p0n1132,55,0.5,0.25,1300.0,2.0,B4,71,1,0,0.8007599115371704,True,0.4107610285282135,False,0.33455029129981995,False
1041,p0n1133,55,0.5,0.25,1300.0,2.0,G3,55,2,0,0.7117026448249817,True,0.09558521956205368,False,0.25947102904319763,False
1042,p0n1134,55,0.75,0.25,1302.0,2.0,F#5,78,1,0,0.8859209418296814,True,0.44853729009628296,False,0.2555587887763977,False
1043,p0n1135,55,0.75,0.25,1302.0,2.0,D4,62,2,0,0.525043249130249,True,0.32838934659957886,False,0.26952502131462097,False
1044,p0n1136,55,1.0,0.125,1304.0,1.0,E5,76,1,0,0.683076798915863,True,0.18363282084465027,False,0.30574673414230347,False
1045,p0n1137,55,1.0,0.125,1304.0,1.0,C#4,61,2,0,0.7664191126823425,True,0.5332614183425903,True,0.44568660855293274,False
1046,p0n1138,55,1.125,0.125,1305.0,1.0,D5,74,1,0,0.8456080555915833,True,0.592915952205658,True,0.40824219584465027,False
1047,p0n1139,55,1.125,0.125,1305.0,1.0,B3,59,2,0,0.8786009550094604,True,0.6170998215675354,True,0.43394002318382263,False
1048,p0n1140,55,1.25,0.125,1306.0,1.0,C#5,73,1,0,0.7874174118041992,True,0.6752640604972839,True,0.5239502787590027,True
1049,p0n1141,55,1.25,0.125,1306.0,1.0,A#3,58,2,0,0.2103855162858963,False,0.18390488624572754,False,0.2788342833518982,False
1050,p0n1142,55,1.375,0.125,1307.0,1.0,D5,74,1,0,0.6173902750015259,True,0.29388532042503357,False,0.28947919607162476,False
1051,p0n1143,55,1.375,0.125,1307.0,1.0,B3,59,2,0,0.76002436876297,True,0.35557031631469727,False,0.32243674993515015,False
1052,p0n1144,55,1.5,0.25,1308.0,2.0,E5,76,1,0,0.24608643352985382,False,0.26175016164779663,False,0.30472344160079956,False
1053,p0n1145,55,1.5,0.25,1308.0,2.0,C#4,61,2,0,0.5257906317710876,True,0.5059809684753418,True,0.5002394914627075,True
1054,p0n1146,55,1.75,0.25,1310.0,2.0,G#4,68,1,0,0.8363446593284607,True,0.7003511786460876,True,0.5060869455337524,True
1055,p0n1147,55,1.75,0.25,1310.0,2.0,E3,52,2,0,0.9884456396102905,True,0.8640466332435608,True,0.7659894824028015,True
1056,p0n1148,55,2.0,0.25,1312.0,2.0,A#4,70,1,0,0.6555482745170593,True,0.5457946062088013,True,0.42025426030158997,False
1057,p0n1149,55,2.0,0.25,1312.0,2.0,F#3,54,2,0,0.9844006896018982,True,0.668874979019165,True,0.3527947962284088,False
1058,p0n1150,55,2.25,0.25,1314.0,2.0,E5,76,1,0,0.22099658846855164,False,0.12805868685245514,False,0.27016305923461914,False
1059,p0n1151,55,2.25,0.25,1314.0,2.0,C#4,61,2,0,0.4504337012767792,False,0.22749893367290497,False,0.3011228144168854,False
1060,p0n1152,55,2.5,0.125,1316.0,1.0,D5,74,1,0,0.6458661556243896,True,0.29498758912086487,False,0.32792696356773376,False
1061,p0n1153,55,2.5,0.125,1316.0,1.0,B3,59,2,0,0.8531149625778198,True,0.20470815896987915,False,0.314605176448822,False
1062,p0n1154,55,2.625,0.125,1317.0,1.0,C#5,73,1,0,0.6455911993980408,True,0.7232733368873596,True,0.5605897903442383,True
1063,p0n1155,55,2.625,0.125,1317.0,1.0,A#3,58,2,0,0.5970385074615479,True,0.17947041988372803,False,0.28722599148750305,False
1064,p0n1156,55,2.75,0.125,1318.0,1.0,B4,71,1,0,0.34785783290863037,False,0.2451758086681366,False,0.3000568151473999,False
1065,p0n1157,55,2.75,0.125,1318.0,1.0,G#3,56,2,0,0.22554267942905426,False,0.1674589365720749,False,0.26821833848953247,False
1066,p0n1158,55,2.875,0.125,1319.0,1.0,C#5,73,1,0,0.7068225145339966,True,0.6630902886390686,True,0.5717501640319824,True
1067,p0n1159,55,2.875,0.125,1319.0,1.0,A#3,58,2,0,0.8552892804145813,True,0.3100060820579529,False,0.32776543498039246,False
1068,p0n1160,56,0.0,6.25,1320.0,50.0,D5,74,1,0,0.8415295481681824,True,0.8637853264808655,True,0.7550440430641174,True
1069,p0n1161,56,0.0,0.25,1320.0,2.0,B3,59,1,0,0.6181772947311401,True,0.6459115147590637,True,0.41094106435775757,False
1070,p0n1162,56,0.0,0.5,1320.0,4.0,B3,59,2,0,0.7118879556655884,True,0.630107581615448,True,0.3981229066848755,False
1071,p0n1163,56,0.25,0.25,1322.0,2.0,C#4,61,1,0,0.09594964236021042,False,0.14622431993484497,False,0.2817137837409973,False
1072,p0n1164,56,0.5,0.25,1324.0,2.0,D4,62,1,0,0.8472409248352051,True,0.5751641392707825,True,0.28324800729751587,False
1073,p0n1166,56,0.75,0.25,1326.0,2.0,B3,59,1,0,0.25508370995521545,False,0.12197154760360718,False,0.2734390199184418,False
1074,p0n1167,56,1.0,0.25,1328.0,2.0,E4,64,1,0,0.918956995010376,True,0.3426303565502167,False,0.28960758447647095,False
1075,p0n1169,56,1.25,0.25,1330.0,2.0,B3,59,1,0,0.15563969314098358,False,0.14177298545837402,False,0.27610284090042114,False
1076,p0n1170,56,1.5,0.25,1332.0,2.0,F#4,66,1,0,0.9966991543769836,True,0.9179700613021851,True,0.7215172052383423,True
1077,p0n1172,56,1.75,0.25,1334.0,2.0,B3,59,1,0,0.14493994414806366,False,0.15064841508865356,False,0.2773539423942566,False
1078,p0n1173,56,2.0,0.25,1336.0,2.0,G#4,68,1,0,0.19090448319911957,False,0.1841452419757843,False,0.2692109942436218,False
1079,p0n1175,56,2.25,0.25,1338.0,2.0,B3,59,1,0,0.34118783473968506,False,0.15736959874629974,False,0.2798214852809906,False
1080,p0n1176,56,2.5,0.25,1340.0,2.0,A4,69,1,0,0.48260927200317383,False,0.3708014190196991,False,0.3374781906604767,False
1081,p0n1177,56,2.5,0.5,1340.0,4.0,B2,47,2,0,0.8563997149467468,True,0.4438757002353668,False,0.38995006680488586,False
1082,p0n1178,56,2.75,0.25,1342.0,2.0,B3,59,1,0,0.3620142936706543,False,0.19302481412887573,False,0.2887381315231323,False
1083,p0n1180,57,0.0,0.5,1344.0,4.0,G#4,68,1,0,0.5000872015953064,True,0.531416654586792,True,0.3272099792957306,False
1084,p0n1181,57,0.0,0.25,1344.0,2.0,E3,52,2,0,0.9817637801170349,True,0.8521590828895569,True,0.5925009846687317,True
1085,p0n1182,57,0.25,0.25,1346.0,2.0,F#3,54,2,0,0.6959928274154663,True,0.5085752606391907,True,0.19830238819122314,False
1086,p0n1183,57,0.5,0.5,1348.0,4.0,E4,64,1,0,0.9572928547859192,True,0.9624104499816895,True,0.63321852684021,True
1087,p0n1184,57,0.5,0.25,1348.0,2.0,G#3,56,2,0,0.6939560174942017,True,0.6798025369644165,True,0.3302966356277466,False
1088,p0n1185,57,0.75,0.25,1350.0,2.0,E3,52,2,0,0.9086313247680664,True,0.5413970351219177,True,0.35320860147476196,False
1089,p0n1186,57,1.0,0.5,1352.0,4.0,F#4,66,1,0,0.5447132587432861,True,0.021414361894130707,False,0.2699517607688904,False
1090,p0n1187,57,1.0,0.25,1352.0,2.0,A3,57,2,0,0.6953863501548767,True,0.44162240624427795,False,0.27736687660217285,False
1091,p0n1188,57,1.25,0.25,1354.0,2.0,E3,52,2,0,0.8059439659118652,True,0.5559781193733215,True,0.4640618860721588,False
1092,p0n1189,57,1.5,0.5,1356.0,4.0,G#4,68,1,0,0.7185763120651245,True,0.6886299848556519,True,0.41789671778678894,False
1093,p0n1190,57,1.5,0.25,1356.0,2.0,B3,59,2,0,0.6508833765983582,True,0.9360247850418091,True,0.5969370007514954,True
1094,p0n1191,57,1.75,0.25,1358.0,2.0,E3,52,2,0,0.8373481035232544,True,0.6940091252326965,True,0.34636369347572327,False
1095,p0n1192,57,2.0,0.5,1360.0,4.0,A4,69,1,0,0.6313217282295227,True,0.8213342428207397,True,0.3411422073841095,False
1096,p0n1193,57,2.0,0.25,1360.0,2.0,C#4,61,2,0,0.5099815130233765,True,0.46273255348205566,False,0.3807187080383301,False
1097,p0n1194,57,2.25,0.25,1362.0,2.0,E3,52,2,0,0.6777089238166809,True,0.6871083974838257,True,0.32747361063957214,False
1098,p0n1195,57,2.5,0.5,1364.0,4.0,B4,71,1,0,0.38774508237838745,False,0.21885724365711212,False,0.3100529909133911,False
1099,p0n1196,57,2.5,0.25,1364.0,2.0,D4,62,2,0,0.8934078812599182,True,0.17164869606494904,False,0.27374836802482605,False
1100,p0n1197,57,2.75,0.25,1366.0,2.0,E3,52,2,0,0.7637792229652405,True,0.49451959133148193,False,0.3288981318473816,False
1101,p0n1199,58,0.0,0.75,1368.0,6.0,E4,64,1,0,0.9361593127250671,True,0.7405424118041992,True,0.3738650679588318,False
1102,p0n1200,58,0.0,0.5,1368.0,4.0,C#4,61,2,0,0.8774285912513733,True,0.5395445823669434,True,0.43954285979270935,False
1103,p0n1201,58,0.25,0.125,1370.0,1.0,F#4,66,1,0,0.5342276096343994,True,0.11323099583387375,False,0.2657857835292816,False
1104,p0n1202,58,0.375,0.125,1371.0,1.0,G#4,68,1,0,0.6421534419059753,True,0.16337811946868896,False,0.2679294943809509,False
1105,p0n1203,58,0.5,0.25,1372.0,2.0,A4,69,1,0,0.3200380206108093,False,0.25145047903060913,False,0.2826596200466156,False
1106,p0n1205,58,0.75,0.25,1374.0,2.0,E4,64,1,0,0.6912521123886108,True,0.4621610641479492,False,0.28929784893989563,False
1107,p0n1206,58,0.75,0.25,1374.0,2.0,D4,62,2,0,0.9412119388580322,True,0.47641587257385254,False,0.3101489245891571,False
1108,p0n1207,58,1.0,0.25,1376.0,2.0,B4,71,1,0,0.329904705286026,False,0.2076280415058136,False,0.305440217256546,False
1109,p0n1208,58,1.0,0.25,1376.0,2.0,C#4,61,2,0,0.9826968908309937,True,0.18082788586616516,False,0.31917670369148254,False
1110,p0n1210,58,1.25,0.25,1378.0,2.0,E4,64,1,0,0.19791005551815033,False,0.13785982131958008,False,0.2711498439311981,False
1111,p0n1211,58,1.25,0.25,1378.0,2.0,B3,59,2,0,0.8040595650672913,True,0.4957923889160156,False,0.3393712341785431,False
1112,p0n1212,58,1.5,0.25,1380.0,2.0,C#5,73,1,0,0.9806801080703735,True,0.941817581653595,True,0.6990964412689209,True
1113,p0n1213,58,1.5,0.25,1380.0,2.0,A3,57,2,0,0.9534521102905273,True,0.8359645009040833,True,0.4585932195186615,False
1114,p0n1215,58,1.75,0.25,1382.0,2.0,E4,64,1,0,0.5540316700935364,True,0.08107718080282211,False,0.2712627053260803,False
1115,p0n1216,58,1.75,0.25,1382.0,2.0,B3,59,2,0,0.6351770758628845,True,0.17309659719467163,False,0.28589314222335815,False
1116,p0n1217,58,2.0,0.25,1384.0,2.0,D5,74,1,0,0.06061677262187004,False,0.12962259352207184,False,0.26487523317337036,False
1117,p0n1218,58,2.0,0.25,1384.0,2.0,A3,57,2,0,0.8954071998596191,True,0.5104624032974243,True,0.425926148891449,False
1118,p0n1220,58,2.25,0.25,1386.0,2.0,F#4,66,1,0,0.17200815677642822,False,0.10728885978460312,False,0.261373907327652,False
1119,p0n1221,58,2.25,0.25,1386.0,2.0,G3,55,2,0,0.3614213168621063,False,0.168334499001503,False,0.27230405807495117,False
1120,p0n1222,58,2.5,0.25,1388.0,2.0,E5,76,1,0,0.5315194129943848,True,0.4036533534526825,False,0.37579482793807983,False
1121,p0n1223,58,2.5,0.25,1388.0,2.0,F#3,54,2,0,0.6015120148658752,True,0.13699564337730408,False,0.2609226107597351,False
1122,p0n1224,58,2.5,0.5,1388.0,4.0,C#3,49,2,0,0.9026871919631958,True,0.8320976495742798,True,0.468649685382843,False
1123,p0n1225,58,2.75,0.25,1390.0,2.0,G4,67,1,0,0.3874519169330597,False,0.18480676412582397,False,0.2792094647884369,False
1124,p0n1226,58,2.75,0.25,1390.0,2.0,E3,52,2,0,0.5941318869590759,True,0.19348998367786407,False,0.26388391852378845,False
1125,p0n1227,59,0.0,0.25,1392.0,2.0,F#4,66,1,0,0.34825652837753296,False,0.17758704721927643,False,0.29031041264533997,False
1126,p0n1228,59,0.0,0.5,1392.0,4.0,D3,50,2,0,0.6091055870056152,True,0.6190320253372192,True,0.369539350271225,False
1127,p0n1229,59,0.0,0.75,1392.0,6.0,D3,50,2,0,0.5356722474098206,True,0.42919567227363586,False,0.3062761127948761,False
1128,p0n1230,59,0.25,0.125,1394.0,1.0,G4,67,1,0,0.20816971361637115,False,0.11502815783023834,False,0.2660806477069855,False
1129,p0n1231,59,0.375,0.125,1395.0,1.0,A4,69,1,0,0.8921012282371521,True,0.3128502368927002,False,0.2628975808620453,False
1130,p0n1232,59,0.5,0.25,1396.0,2.0,B4,71,1,0,0.36155250668525696,False,0.24294772744178772,False,0.30289214849472046,False
1131,p0n1234,59,0.75,0.25,1398.0,2.0,F#4,66,1,0,0.08255492150783539,False,0.09499461948871613,False,0.25936219096183777,False
1132,p0n1235,59,0.75,0.25,1398.0,2.0,E3,52,2,0,0.45770376920700073,False,0.27117735147476196,False,0.2997829020023346,False
1133,p0n1236,59,1.0,0.25,1400.0,2.0,C#5,73,1,0,0.9150480628013611,True,0.33658626675605774,False,0.3222036361694336,False
1134,p0n1237,59,1.0,0.25,1400.0,2.0,D3,50,2,0,0.44955259561538696,False,0.13000142574310303,False,0.27650970220565796,False
1135,p0n1239,59,1.25,0.25,1402.0,2.0,F#4,66,1,0,0.08053360879421234,False,0.09840409457683563,False,0.2596912682056427,False
1136,p0n1240,59,1.25,0.25,1402.0,2.0,C#3,49,2,0,0.8399192094802856,True,0.40920397639274597,False,0.4084852933883667,False
1137,p0n1241,59,1.5,0.25,1404.0,2.0,D5,74,1,0,0.2684217691421509,False,0.24517375230789185,False,0.2931818962097168,False
1138,p0n1242,59,1.5,0.25,1404.0,2.0,B2,47,2,0,0.72367924451828,True,0.6588481664657593,True,0.5851105451583862,True
1139,p0n1244,59,1.75,0.25,1406.0,2.0,F#4,66,1,0,0.041467513889074326,False,0.10167327523231506,False,0.25989270210266113,False
1140,p0n1245,59,1.75,0.25,1406.0,2.0,C#3,49,2,0,0.7718952298164368,True,0.36720722913742065,False,0.3794938921928406,False
1141,p0n1246,59,2.0,0.25,1408.0,2.0,E5,76,1,0,0.648713231086731,True,0.6283251047134399,True,0.45893487334251404,False
1142,p0n1247,59,2.0,0.25,1408.0,2.0,B2,47,2,0,0.45556727051734924,False,0.23968777060508728,False,0.3006349205970764,False
1143,p0n1248,59,2.25,0.25,1410.0,2.0,G4,67,1,0,0.5227934718132019,True,0.6148041486740112,True,0.5079935789108276,True
1144,p0n1249,59,2.25,0.25,1410.0,2.0,A2,45,2,0,0.9398849010467529,True,0.4429507851600647,False,0.30212634801864624,False
1145,p0n1250,59,2.5,0.25,1412.0,2.0,F#5,78,1,0,0.49996185302734375,False,0.17064663767814636,False,0.2856080234050751,False
1146,p0n1251,59,2.5,0.25,1412.0,2.0,G2,43,2,0,0.8282636404037476,True,0.9249076247215271,True,0.7288220524787903,True
1147,p0n1253,59,2.75,0.25,1414.0,2.0,A4,69,1,0,0.9625109434127808,True,0.5453377366065979,True,0.44738730788230896,False
1148,p0n1254,59,2.75,0.25,1414.0,2.0,F#2,42,2,0,0.7191721200942993,True,0.07320643961429596,False,0.25488975644111633,False
1149,p0n1255,60,0.0,0.25,1416.0,2.0,G4,67,1,0,0.9077416062355042,True,0.8306416869163513,True,0.5410103797912598,True
1150,p0n1256,60,0.0,0.5,1416.0,4.0,E2,40,2,0,0.9730165004730225,True,0.9665578603744507,True,0.8844592571258545,True
1151,p0n1258,60,0.25,0.25,1418.0,2.0,F#4,66,1,0,0.17551514506340027,False,0.10431474447250366,False,0.26113924384117126,False
1152,p0n1259,60,0.5,0.25,1420.0,2.0,G4,67,1,0,0.8001871109008789,True,0.5912953019142151,True,0.3248302936553955,False
1153,p0n1260,60,0.5,0.5,1420.0,4.0,D3,50,2,0,0.315982848405838,False,0.20684629678726196,False,0.2798354923725128,False
1154,p0n1261,60,0.75,0.25,1422.0,2.0,B4,71,1,0,0.6516125202178955,True,0.12916776537895203,False,0.2820788323879242,False
1155,p0n1262,60,1.0,0.25,1424.0,2.0,E5,76,1,0,0.322421133518219,False,0.1545274406671524,False,0.28740522265434265,False
1156,p0n1263,60,1.0,0.5,1424.0,4.0,C#3,49,2,0,0.48824355006217957,False,0.3662601709365845,False,0.36559394001960754,False
1157,p0n1265,60,1.25,0.25,1426.0,2.0,G4,67,1,0,0.9204176068305969,True,0.40744003653526306,False,0.24835005402565002,False
1158,p0n1266,60,1.5,0.25,1428.0,2.0,F#4,66,1,0,0.4947987496852875,False,0.2586621344089508,False,0.29284921288490295,False
1159,p0n1267,60,1.5,0.5,1428.0,4.0,D3,50,2,0,0.7381501197814941,True,0.4734146296977997,False,0.3071349859237671,False
1160,p0n1268,60,1.5,1.0,1428.0,8.0,D3,50,2,0,0.6500625014305115,True,0.4710399806499481,False,0.321499228477478,False
1161,p0n1269,60,1.75,0.25,1430.0,2.0,B4,71,1,0,0.481115460395813,False,0.16675004363059998,False,0.2823929190635681,False
1162,p0n1270,60,2.0,0.25,1432.0,2.0,A4,69,1,0,0.8555311560630798,True,0.7160521149635315,True,0.3890629708766937,False
1163,p0n1271,60,2.0,0.25,1432.0,2.0,E3,52,2,0,0.4336622357368469,False,0.30853432416915894,False,0.31516730785369873,False
1164,p0n1272,60,2.25,0.25,1434.0,2.0,C#5,73,1,0,0.5129685401916504,True,0.41585561633110046,False,0.34916189312934875,False
1165,p0n1273,60,2.25,0.25,1434.0,2.0,D3,50,2,0,0.3504623472690582,False,0.13950347900390625,False,0.26669660210609436,False
1166,p0n1274,60,2.5,1.0,1436.0,8.0,D5,74,1,0,0.1589011251926422,False,0.13128237426280975,False,0.27707868814468384,False
1167,p0n1275,60,2.5,0.25,1436.0,2.0,C#3,49,2,0,0.6293362975120544,True,0.5048693418502808,True,0.38130930066108704,False
1168,p0n1276,60,2.5,0.5,1436.0,4.0,B2,47,2,0,0.6823991537094116,True,0.7009395956993103,True,0.40811291337013245,False
1169,p0n1277,60,2.75,0.25,1438.0,2.0,D3,50,2,0,0.1012715995311737,False,0.11034584790468216,False,0.26115119457244873,False
1170,p0n1279,61,0.0,0.5,1440.0,4.0,E3,52,2,0,0.8510072231292725,True,0.594541072845459,True,0.5015265941619873,True
1171,p0n1280,61,0.0,0.5,1440.0,4.0,G2,43,2,0,0.9470531940460205,True,0.8887574076652527,True,0.6862742900848389,True
1172,p0n1281,61,0.5,1.0,1444.0,8.0,C#5,73,1,0,0.311686247587204,False,0.2630510926246643,False,0.3160938322544098,False
1173,p0n1282,61,0.5,0.25,1444.0,2.0,F#3,54,2,0,0.3084454834461212,False,0.17972557246685028,False,0.27204784750938416,False
1174,p0n1283,61,0.5,1.0,1444.0,8.0,A2,45,2,0,0.8299397826194763,True,0.3299995958805084,False,0.31083452701568604,False
1175,p0n1284,61,0.75,0.25,1446.0,2.0,E3,52,2,0,0.43906596302986145,False,0.1865827888250351,False,0.2788478434085846,False
1176,p0n1285,61,1.0,0.25,1448.0,2.0,D3,50,2,0,0.46453291177749634,False,0.3131411075592041,False,0.32106754183769226,False
1177,p0n1286,61,1.25,0.25,1450.0,2.0,E3,52,2,0,0.12339764088392258,False,0.1341434121131897,False,0.26914647221565247,False
1178,p0n1287,61,1.5,0.5,1452.0,4.0,D5,74,1,0,0.6508714556694031,True,0.5827726721763611,True,0.5566990971565247,True
1179,p0n1288,61,1.5,0.5,1452.0,4.0,F#3,54,2,0,0.6757579445838928,True,0.44483691453933716,False,0.2971847653388977,False
1180,p0n1289,61,1.5,0.5,1452.0,4.0,D3,50,2,0,0.8203754425048828,True,0.8623542785644531,True,0.6297799348831177,True
1181,p0n1290,61,2.0,0.25,1456.0,2.0,E5,76,1,0,0.1510499119758606,False,0.1665673404932022,False,0.2766040563583374,False
1182,p0n1291,61,2.0,0.5,1456.0,4.0,E3,52,2,0,0.5585653781890869,True,0.7357140183448792,True,0.43807321786880493,False
1183,p0n1292,61,2.0,0.5,1456.0,4.0,C#3,49,2,0,0.7264596223831177,True,0.6317678689956665,True,0.6159292459487915,True
1184,p0n1293,61,2.25,0.25,1458.0,2.0,D5,74,1,0,0.06724020093679428,False,0.1047639325261116,False,0.2617163360118866,False
1185,p0n1294,61,2.5,0.25,1460.0,2.0,C#5,73,1,0,0.8170711994171143,True,0.4333115220069885,False,0.38580936193466187,False
1186,p0n1295,61,2.5,0.5,1460.0,4.0,D3,50,2,0,0.43304768204689026,False,0.2228488177061081,False,0.29514601826667786,False
1187,p0n1296,61,2.5,0.5,1460.0,4.0,B2,47,2,0,0.6165120005607605,True,0.6495474576950073,True,0.488869309425354,False
1188,p0n1297,61,2.75,0.25,1462.0,2.0,D5,74,1,0,0.05002961307764053,False,0.10653853416442871,False,0.26159361004829407,False
1189,p0n1298,62,0.0,0.5,1464.0,4.0,E5,76,1,0,0.8956348896026611,True,0.7467418313026428,True,0.7255009412765503,True
1190,p0n1299,62,0.0,0.5,1464.0,4.0,C#3,49,2,0,0.9939790964126587,True,0.7696149349212646,True,0.6364160776138306,True
1191,p0n1300,62,0.0,8.5,1464.0,68.0,A2,45,2,0,0.9885817170143127,True,0.777607262134552,True,0.37785929441452026,False
1192,p0n1301,62,0.5,0.25,1468.0,2.0,F#5,78,1,0,0.3395197093486786,False,0.19779448211193085,False,0.2787938714027405,False
1193,p0n1302,62,0.5,1.0,1468.0,8.0,B3,59,2,0,0.7899571657180786,True,0.2505683898925781,False,0.3109910488128662,False
1194,p0n1303,62,0.75,0.25,1470.0,2.0,E5,76,1,0,0.3021312952041626,False,0.15591371059417725,False,0.2770010232925415,False
1195,p0n1304,62,1.0,0.25,1472.0,2.0,D5,74,1,0,0.3873929977416992,False,0.18201690912246704,False,0.28935113549232483,False
1196,p0n1305,62,1.25,0.25,1474.0,2.0,E5,76,1,0,0.16693603992462158,False,0.1329905390739441,False,0.27055227756500244,False
1197,p0n1306,62,1.5,0.5,1476.0,4.0,F#5,78,1,0,0.7959880828857422,True,0.48633715510368347,False,0.3763273060321808,False
1198,p0n1307,62,1.5,0.5,1476.0,4.0,A3,57,2,0,0.8747580647468567,True,0.9726294279098511,True,0.7091572880744934,True
1199,p0n1308,62,2.0,0.25,1480.0,2.0,G5,79,1,0,0.5193083882331848,True,0.40695229172706604,False,0.29763078689575195,False
1200,p0n1309,62,2.0,0.25,1480.0,2.0,B3,59,2,0,0.8748708367347717,True,0.15404772758483887,False,0.2775280475616455,False
1201,p0n1310,62,2.25,0.25,1482.0,2.0,F#5,78,1,0,0.4453389644622803,False,0.11261820793151855,False,0.26272788643836975,False
1202,p0n1311,62,2.25,0.25,1482.0,2.0,A3,57,2,0,0.8531321883201599,True,0.6257384419441223,True,0.39226099848747253,False
1203,p0n1312,62,2.5,0.25,1484.0,2.0,E5,76,1,0,0.4783090054988861,False,0.24991515278816223,False,0.31347203254699707,False
1204,p0n1313,62,2.5,0.25,1484.0,2.0,G3,55,2,0,0.832396388053894,True,0.7032433152198792,True,0.4805600345134735,False
1205,p0n1314,62,2.75,0.25,1486.0,2.0,D5,74,1,0,0.10475610941648483,False,0.11948324739933014,False,0.2639085650444031,False
1206,p0n1315,62,2.75,0.25,1486.0,2.0,F#3,54,2,0,0.19734825193881989,False,0.10277757793664932,False,0.26061391830444336,False
1207,p0n1316,63,0.0,0.5,1488.0,4.0,C#5,73,1,0,0.8278858661651611,True,0.8689037561416626,True,0.7345210909843445,True
1208,p0n1317,63,0.0,0.5,1488.0,4.0,E3,52,2,0,0.8427578210830688,True,0.6607243418693542,True,0.5272039175033569,True
1209,p0n1319,63,0.5,1.25,1492.0,10.0,B5,83,1,0,0.1965232789516449,False,0.23293215036392212,False,0.2983805239200592,False
1210,p0n1320,63,0.5,0.25,1492.0,2.0,G3,55,2,0,0.7606613039970398,True,0.6192008256912231,True,0.42234963178634644,False
1211,p0n1321,63,0.75,0.25,1494.0,2.0,F#3,54,2,0,0.1919737607240677,False,0.1190108060836792,False,0.26167207956314087,False
1212,p0n1322,63,1.0,0.25,1496.0,2.0,E3,52,2,0,0.9057294726371765,True,0.22527749836444855,False,0.29662299156188965,False
1213,p0n1323,63,1.25,0.25,1498.0,2.0,D3,50,2,0,0.1976041942834854,False,0.14003150165081024,False,0.26476579904556274,False
1214,p0n1325,63,1.5,1.0,1500.0,8.0,C#3,49,2,0,0.9940701127052307,True,0.8872998356819153,True,0.6833017468452454,True
1215,p0n1326,63,1.75,0.25,1502.0,2.0,A5,81,1,0,0.514543890953064,True,0.26188215613365173,False,0.2970680296421051,False
1216,p0n1327,63,2.0,0.25,1504.0,2.0,B5,83,1,0,0.3229145407676697,False,0.24898286163806915,False,0.3059811294078827,False
1217,p0n1328,63,2.25,0.25,1506.0,2.0,A5,81,1,0,0.6320173144340515,True,0.2741486728191376,False,0.2989408075809479,False
1218,p0n1329,63,2.5,0.25,1508.0,2.0,G5,79,1,0,0.6909599304199219,True,0.556405246257782,True,0.4183018207550049,False
1219,p0n1330,63,2.5,0.75,1508.0,6.0,D3,50,2,0,0.1963648498058319,False,0.1336061805486679,False,0.2751166820526123,False
1220,p0n1331,63,2.75,0.25,1510.0,2.0,F#5,78,1,0,0.3202572464942932,False,0.15935008227825165,False,0.2688549757003784,False
1221,p0n1333,64,0.0,0.125,1512.0,1.0,F#5,78,1,0,0.2671222984790802,False,0.2639278769493103,False,0.31105488538742065,False
1222,p0n1332,64,0.0,3.25,1512.0,26.0,E5,76,1,0,0.7429277300834656,True,0.6404301524162292,True,0.5289750099182129,True
1223,p0n1336,64,0.125,0.125,1513.0,1.0,E5,76,1,0,0.545537531375885,True,0.23180696368217468,False,0.2825528383255005,False
1224,p0n1337,64,0.25,0.125,1514.0,1.0,F#5,78,1,0,0.34229862689971924,False,0.1283489614725113,False,0.26346370577812195,False
1225,p0n1338,64,0.25,0.125,1514.0,1.0,G3,55,2,0,0.500027596950531,True,0.22364452481269836,False,0.2751561105251312,False
1226,p0n1339,64,0.375,0.125,1515.0,1.0,E5,76,1,0,0.7696182727813721,True,0.4602113962173462,False,0.3331894278526306,False
1227,p0n1340,64,0.375,0.125,1515.0,1.0,F#3,54,2,0,0.25610116124153137,False,0.10269142687320709,False,0.26478567719459534,False
1228,p0n1341,64,0.5,0.125,1516.0,1.0,F#5,78,1,0,0.1889084428548813,False,0.15842361748218536,False,0.26920512318611145,False
1229,p0n1342,64,0.5,0.25,1516.0,2.0,E3,52,2,0,0.5479660034179688,True,0.35358816385269165,False,0.31838464736938477,False
1230,p0n1343,64,0.625,0.125,1517.0,1.0,E5,76,1,0,0.558855414390564,True,0.2329498529434204,False,0.2861047089099884,False
1231,p0n1344,64,0.75,0.125,1518.0,1.0,F#5,78,1,0,0.33090469241142273,False,0.1281680017709732,False,0.26312020421028137,False
1232,p0n1345,64,0.75,0.25,1518.0,2.0,G3,55,2,0,0.625203013420105,True,0.21508213877677917,False,0.2752778232097626,False
1233,p0n1346,64,0.875,0.125,1519.0,1.0,E5,76,1,0,0.753770649433136,True,0.3467612564563751,False,0.31817522644996643,False
1234,p0n1347,64,1.0,0.125,1520.0,1.0,F#5,78,1,0,0.18318329751491547,False,0.13104836642742157,False,0.2752760648727417,False
1235,p0n1348,64,1.0,0.25,1520.0,2.0,D3,50,2,0,0.11487333476543427,False,0.12280187755823135,False,0.27274203300476074,False
1236,p0n1349,64,1.125,0.125,1521.0,1.0,E5,76,1,0,0.716808557510376,True,0.31564608216285706,False,0.29753193259239197,False
1237,p0n1350,64,1.25,0.125,1522.0,1.0,F#5,78,1,0,0.21808581054210663,False,0.13346852362155914,False,0.2645779848098755,False
1238,p0n1351,64,1.25,0.25,1522.0,2.0,G3,55,2,0,0.49847841262817383,False,0.21782419085502625,False,0.2863801121711731,False
1239,p0n1352,64,1.375,0.125,1523.0,1.0,E5,76,1,0,0.6992449760437012,True,0.3814575970172882,False,0.3350076675415039,False
1240,p0n1353,64,1.5,0.125,1524.0,1.0,F#5,78,1,0,0.2644824981689453,False,0.26168566942214966,False,0.29724717140197754,False
1241,p0n1354,64,1.5,0.25,1524.0,2.0,C#3,49,2,0,0.9490366578102112,True,0.7452293038368225,True,0.5027948617935181,True
1242,p0n1356,64,1.625,0.125,1525.0,1.0,E5,76,1,0,0.6450911164283752,True,0.25755372643470764,False,0.29614555835723877,False
1243,p0n1357,64,1.75,0.125,1526.0,1.0,F#5,78,1,0,0.14869661629199982,False,0.11753631383180618,False,0.2621225416660309,False
1244,p0n1358,64,1.75,0.25,1526.0,2.0,G3,55,2,0,0.38042086362838745,False,0.18252353370189667,False,0.27671486139297485,False
1245,p0n1359,64,1.875,0.125,1527.0,1.0,E5,76,1,0,0.6436629891395569,True,0.32728391885757446,False,0.3112395405769348,False
1246,p0n1360,64,2.0,0.125,1528.0,1.0,F#5,78,1,0,0.289202481508255,False,0.1965823918581009,False,0.27683332562446594,False
1247,p0n1361,64,2.0,0.25,1528.0,2.0,B2,47,2,0,0.9295663237571716,True,0.8158482313156128,True,0.7497174739837646,True
1248,p0n1362,64,2.125,0.875,1529.0,7.0,E5,76,1,0,0.48116862773895264,False,0.19635052978992462,False,0.2872300148010254,False
1249,p0n1363,64,2.25,0.25,1530.0,2.0,G3,55,2,0,0.3432815372943878,False,0.15591880679130554,False,0.27102261781692505,False
1250,p0n1364,64,2.5,0.25,1532.0,2.0,A2,45,2,0,0.8950669765472412,True,0.3409578502178192,False,0.30642253160476685,False
1251,p0n1366,64,2.75,0.25,1534.0,2.0,G3,55,2,0,0.48951658606529236,False,0.2177523970603943,False,0.2863387167453766,False
1252,p0n1368,65,0.0,0.25,1536.0,2.0,F#3,54,2,0,0.461561918258667,False,0.16097594797611237,False,0.2876085638999939,False
1253,p0n1370,65,0.25,0.125,1538.0,1.0,A5,81,1,0,0.39316660165786743,False,0.22001470625400543,False,0.28427407145500183,False
1254,p0n1371,65,0.25,0.25,1538.0,2.0,G3,55,2,0,0.630002498626709,True,0.4793511629104614,False,0.2907218039035797,False
1255,p0n1372,65,0.375,0.125,1539.0,1.0,G5,79,1,0,0.8356872200965881,True,0.5179312825202942,True,0.4205286204814911,False
1256,p0n1373,65,0.5,0.25,1540.0,2.0,F#5,78,1,0,0.5263793468475342,True,0.2876834571361542,False,0.2998497486114502,False
1257,p0n1374,65,0.5,1.25,1540.0,10.0,A3,57,2,0,0.806302547454834,True,0.5738444924354553,True,0.3850495517253876,False
1258,p0n1376,65,0.75,0.25,1542.0,2.0,A5,81,1,0,0.6925890445709229,True,0.4296763241291046,False,0.32307347655296326,False
1259,p0n1377,65,0.75,0.25,1542.0,2.0,E3,52,2,0,0.4693690240383148,False,0.16606499254703522,False,0.27337154746055603,False
1260,p0n1378,65,1.0,0.25,1544.0,2.0,E5,76,1,0,0.6604616641998291,True,0.40195807814598083,False,0.3216957449913025,False
1261,p0n1379,65,1.0,0.25,1544.0,2.0,D3,50,2,0,0.29140445590019226,False,0.13783665001392365,False,0.2741202712059021,False
1262,p0n1380,65,1.25,0.25,1546.0,2.0,A5,81,1,0,0.7436027526855469,True,0.39407357573509216,False,0.311372846364975,False
1263,p0n1381,65,1.25,0.25,1546.0,2.0,C#3,49,2,0,0.8748496770858765,True,0.3557929992675781,False,0.33172309398651123,False
1264,p0n1382,65,1.5,0.25,1548.0,2.0,D5,74,1,0,0.09835119545459747,False,0.1932077258825302,False,0.28100335597991943,False
1265,p0n1384,65,1.5,1.0,1548.0,8.0,B2,47,2,0,0.9356682896614075,True,0.889853298664093,True,0.6645320057868958,True
1266,p0n1385,65,1.75,0.25,1550.0,2.0,A5,81,1,0,0.8180422782897949,True,0.3929291367530823,False,0.31097203493118286,False
1267,p0n1386,65,1.75,0.25,1550.0,2.0,G3,55,2,0,0.7644988894462585,True,0.5140414237976074,True,0.35134971141815186,False
1268,p0n1387,65,2.0,0.25,1552.0,2.0,C#5,73,1,0,0.4209117293357849,False,0.32746532559394836,False,0.3439692258834839,False
1269,p0n1388,65,2.0,0.25,1552.0,2.0,F#3,54,2,0,0.6388985514640808,True,0.12887264788150787,False,0.2616598904132843,False
1270,p0n1389,65,2.25,0.25,1554.0,2.0,A5,81,1,0,0.8807910084724426,True,0.40516573190689087,False,0.30872035026550293,False
1271,p0n1390,65,2.25,0.25,1554.0,2.0,E3,52,2,0,0.6482996940612793,True,0.6904070973396301,True,0.3181101083755493,False
1272,p0n1391,65,2.5,0.25,1556.0,2.0,B4,71,1,0,0.07277882099151611,False,0.16571801900863647,False,0.2908918261528015,False
1273,p0n1392,65,2.5,0.25,1556.0,2.0,D3,50,2,0,0.183868408203125,False,0.13809391856193542,False,0.2750999629497528,False
1274,p0n1394,65,2.75,0.25,1558.0,2.0,A5,81,1,0,0.8354536294937134,True,0.28574398159980774,False,0.2978219985961914,False
1275,p0n1395,65,2.75,0.25,1558.0,2.0,F#3,54,2,0,0.5705194473266602,True,0.1070629358291626,False,0.2552662789821625,False
1276,p0n1396,66,0.0,0.25,1560.0,2.0,G5,79,1,0,0.6841586232185364,True,0.6028172373771667,True,0.5009018778800964,True
1277,p0n1397,66,0.0,0.25,1560.0,2.0,E3,52,2,0,0.7479150295257568,True,0.77073073387146,True,0.42182475328445435,False
1278,p0n1399,66,0.25,0.25,1562.0,2.0,F#5,78,1,0,0.6840826272964478,True,0.18579769134521484,False,0.27012717723846436,False
1279,p0n1400,66,0.25,0.25,1562.0,2.0,F#3,54,2,0,0.42828860878944397,False,0.12121549993753433,False,0.26380786299705505,False
1280,p0n1401,66,0.5,0.25,1564.0,2.0,E5,76,1,0,0.799732506275177,True,0.5327724814414978,True,0.42422911524772644,False
1281,p0n1402,66,0.5,1.25,1564.0,10.0,G3,55,2,0,0.8963904976844788,True,0.6120293736457825,True,0.3832099735736847,False
1282,p0n1404,66,0.75,0.25,1566.0,2.0,G5,79,1,0,0.4397447109222412,False,0.2061728686094284,False,0.2860155999660492,False
1283,p0n1405,66,0.75,0.25,1566.0,2.0,D3,50,2,0,0.05436975508928299,False,0.1076376661658287,False,0.2605246901512146,False
1284,p0n1406,66,1.0,0.25,1568.0,2.0,D5,74,1,0,0.7095299959182739,True,0.14094847440719604,False,0.27532315254211426,False
1285,p0n1407,66,1.0,0.25,1568.0,2.0,C#3,49,2,0,0.9167396426200867,True,0.4076889157295227,False,0.31947124004364014,False
1286,p0n1408,66,1.25,0.25,1570.0,2.0,G5,79,1,0,0.4676312208175659,False,0.2711372673511505,False,0.3018213212490082,False
1287,p0n1409,66,1.25,0.25,1570.0,2.0,B2,47,2,0,0.8962313532829285,True,0.28655537962913513,False,0.2786542773246765,False
1288,p0n1410,66,1.5,0.25,1572.0,2.0,C#5,73,1,0,0.9426353573799133,True,0.9283905029296875,True,0.7390478253364563,True
1289,p0n1412,66,1.5,1.0,1572.0,8.0,A2,45,2,0,0.9044603109359741,True,0.896385908126831,True,0.561064600944519,True
1290,p0n1413,66,1.75,0.25,1574.0,2.0,G5,79,1,0,0.4469738304615021,False,0.25942525267601013,False,0.2984583079814911,False
1291,p0n1414,66,1.75,0.25,1574.0,2.0,F#3,54,2,0,0.38347718119621277,False,0.12470720708370209,False,0.2639446258544922,False
1292,p0n1415,66,2.0,0.25,1576.0,2.0,B4,71,1,0,0.5271439552307129,True,0.43447422981262207,False,0.3798166513442993,False
1293,p0n1416,66,2.0,0.25,1576.0,2.0,E3,52,2,0,0.8887783885002136,True,0.2919178605079651,False,0.30883270502090454,False
1294,p0n1417,66,2.25,0.25,1578.0,2.0,G5,79,1,0,0.4561547338962555,False,0.23354855179786682,False,0.29067614674568176,False
1295,p0n1418,66,2.25,0.25,1578.0,2.0,D3,50,2,0,0.061149872839450836,False,0.1072680875658989,False,0.2605758607387543,False
1296,p0n1419,66,2.5,0.25,1580.0,2.0,A4,69,1,0,0.3355547785758972,False,0.15345381200313568,False,0.2784677743911743,False
1297,p0n1420,66,2.5,0.25,1580.0,2.0,C#3,49,2,0,0.8382460474967957,True,0.6914666891098022,True,0.5094221830368042,True
1298,p0n1422,66,2.75,0.25,1582.0,2.0,G5,79,1,0,0.38210776448249817,False,0.22914978861808777,False,0.28959259390830994,False
1299,p0n1423,66,2.75,0.25,1582.0,2.0,E3,52,2,0,0.8539958000183105,True,0.1594855785369873,False,0.27584007382392883,False
1300,p0n1424,67,0.0,0.25,1584.0,2.0,F#5,78,1,0,0.28313082456588745,False,0.24738556146621704,False,0.3042319118976593,False
1301,p0n1425,67,0.0,0.25,1584.0,2.0,D3,50,2,0,0.24135062098503113,False,0.23776975274085999,False,0.30205872654914856,False
1302,p0n1427,67,0.25,0.25,1586.0,2.0,E5,76,1,0,0.2919907569885254,False,0.1431555598974228,False,0.2719467580318451,False
1303,p0n1428,67,0.25,0.25,1586.0,2.0,E3,52,2,0,0.49418410658836365,False,0.18073970079421997,False,0.27590227127075195,False
1304,p0n1429,67,0.5,0.25,1588.0,2.0,D5,74,1,0,0.16297513246536255,False,0.1908027082681656,False,0.27540823817253113,False
1305,p0n1430,67,0.5,1.25,1588.0,10.0,F#3,54,2,0,0.35073772072792053,False,0.1573113352060318,False,0.26819413900375366,False
1306,p0n1432,67,0.75,0.25,1590.0,2.0,F#5,78,1,0,0.503670334815979,True,0.14934594929218292,False,0.2611168920993805,False
1307,p0n1433,67,0.75,0.25,1590.0,2.0,C3,48,2,0,0.32417213916778564,False,0.2125030755996704,False,0.2876700758934021,False
1308,p0n1434,67,1.0,0.25,1592.0,2.0,C5,72,1,0,0.5266585946083069,True,0.40786445140838623,False,0.2926318645477295,False
1309,p0n1435,67,1.0,0.25,1592.0,2.0,B2,47,2,0,0.7585238218307495,True,0.2667289078235626,False,0.29642006754875183,False
1310,p0n1436,67,1.25,0.25,1594.0,2.0,F#5,78,1,0,0.353486031293869,False,0.13978810608386993,False,0.2659759223461151,False
1311,p0n1437,67,1.25,0.25,1594.0,2.0,A2,45,2,0,0.8976354598999023,True,0.10991443693637848,False,0.2494446486234665,False
1312,p0n1438,67,1.5,0.25,1596.0,2.0,B4,71,1,0,0.6030340790748596,True,0.45195215940475464,False,0.3695451617240906,False
1313,p0n1440,67,1.5,0.5,1596.0,4.0,G2,43,2,0,0.9566475749015808,True,0.7594612240791321,True,0.5607198476791382,True
1314,p0n1441,67,1.75,0.25,1598.0,2.0,F#5,78,1,0,0.6520302891731262,True,0.1422233134508133,False,0.2652566134929657,False
1315,p0n1442,67,1.75,0.25,1598.0,2.0,B2,47,2,0,0.5758255124092102,True,0.508726179599762,True,0.3279391825199127,False
1316,p0n1443,67,2.0,0.25,1600.0,2.0,A4,69,1,0,0.24565133452415466,False,0.18511560559272766,False,0.27154263854026794,False
1317,p0n1444,67,2.0,0.25,1600.0,2.0,C#3,49,2,0,0.9531142115592957,True,0.5965217351913452,True,0.3337445557117462,False
1318,p0n1446,67,2.25,0.25,1602.0,2.0,F#5,78,1,0,0.4582509398460388,False,0.13863280415534973,False,0.2662595510482788,False
1319,p0n1447,67,2.25,0.25,1602.0,2.0,D3,50,2,0,0.05965961888432503,False,0.10387027263641357,False,0.2600029408931732,False
1320,p0n1448,67,2.5,0.25,1604.0,2.0,G4,67,1,0,0.5169926881790161,True,0.5660357475280762,True,0.3005845248699188,False
1321,p0n1449,67,2.5,0.25,1604.0,2.0,E3,52,2,0,0.8524959683418274,True,0.5005431175231934,True,0.34533947706222534,False
1322,p0n1451,67,2.75,0.25,1606.0,2.0,F#5,78,1,0,0.585824728012085,True,0.2125491201877594,False,0.2590045928955078,False
1323,p0n1452,67,2.75,0.25,1606.0,2.0,F#3,54,2,0,0.41109657287597656,False,0.09241991490125656,False,0.25979459285736084,False
1324,p0n1453,68,0.0,0.25,1608.0,2.0,E5,76,1,0,0.3003634810447693,False,0.303954541683197,False,0.328715980052948,False
1325,p0n1454,68,0.0,0.25,1608.0,2.0,G3,55,2,0,0.939024806022644,True,0.7206586003303528,True,0.47323504090309143,False
1326,p0n1456,68,0.25,0.25,1610.0,2.0,D5,74,1,0,0.0862053856253624,False,0.11352178454399109,False,0.2623398005962372,False
1327,p0n1457,68,0.25,0.25,1610.0,2.0,A3,57,2,0,0.6464707851409912,True,0.4640842080116272,False,0.3189348578453064,False
1328,p0n1458,68,0.5,0.25,1612.0,2.0,C#5,73,1,0,0.7968942523002625,True,0.7823704481124878,True,0.4790612757205963,False
1329,p0n1459,68,0.5,0.25,1612.0,2.0,G3,55,2,0,0.8843772411346436,True,0.49964192509651184,False,0.31719791889190674,False
1330,p0n1460,68,0.75,0.25,1614.0,2.0,E5,76,1,0,0.4267438054084778,False,0.1608671396970749,False,0.2765938937664032,False
1331,p0n1461,68,0.75,0.25,1614.0,2.0,F#3,54,2,0,0.632391631603241,True,0.3380175232887268,False,0.2601373493671417,False
1332,p0n1462,68,1.0,0.25,1616.0,2.0,B4,71,1,0,0.6878576278686523,True,0.167921781539917,False,0.2872975170612335,False
1333,p0n1463,68,1.0,0.25,1616.0,2.0,E3,52,2,0,0.9299936890602112,True,0.5550018548965454,True,0.3766603171825409,False
1334,p0n1465,68,1.25,0.25,1618.0,2.0,E5,76,1,0,0.41658371686935425,False,0.20183038711547852,False,0.28424420952796936,False
1335,p0n1466,68,1.25,0.25,1618.0,2.0,D3,50,2,0,0.1367843896150589,False,0.11388303339481354,False,0.2604285478591919,False
1336,p0n1467,68,1.5,0.25,1620.0,2.0,A4,69,1,0,0.8925984501838684,True,0.9160116910934448,True,0.7103214263916016,True
1337,p0n1468,68,1.5,0.5,1620.0,4.0,C#3,49,2,0,0.895347535610199,True,0.8501253724098206,True,0.7109020352363586,True
1338,p0n1470,68,1.75,0.25,1622.0,2.0,E5,76,1,0,0.4869380295276642,False,0.2255708873271942,False,0.2902585566043854,False
1339,p0n1471,68,1.75,0.25,1622.0,2.0,A2,45,2,0,0.6495295763015747,True,0.3187354803085327,False,0.270839124917984,False
1340,p0n1472,68,2.0,0.25,1624.0,2.0,G4,67,1,0,0.5680792927742004,True,0.4976722300052643,False,0.32747289538383484,False
1341,p0n1473,68,2.0,0.25,1624.0,2.0,B2,47,2,0,0.8890407681465149,True,0.8751291036605835,True,0.6950122714042664,True
1342,p0n1475,68,2.25,0.25,1626.0,2.0,E5,76,1,0,0.5569129586219788,True,0.5015360713005066,True,0.35390639305114746,False
1343,p0n1476,68,2.25,0.25,1626.0,2.0,C#3,49,2,0,0.6102724671363831,True,0.30698877573013306,False,0.3202863037586212,False
1344,p0n1477,68,2.5,0.25,1628.0,2.0,F#4,66,1,0,0.11629179120063782,False,0.11325297504663467,False,0.271402508020401,False
1345,p0n1478,68,2.5,0.25,1628.0,2.0,D3,50,2,0,0.2059311717748642,False,0.14861473441123962,False,0.2773069441318512,False
1346,p0n1480,68,2.75,0.25,1630.0,2.0,E5,76,1,0,0.7167747616767883,True,0.5428548455238342,True,0.37947604060173035,False
1347,p0n1481,68,2.75,0.25,1630.0,2.0,E3,52,2,0,0.9161035418510437,True,0.4860777258872986,False,0.2848435342311859,False
1348,p0n1482,69,0.0,0.25,1632.0,2.0,D5,74,1,0,0.09592697769403458,False,0.20513853430747986,False,0.29313036799430847,False
1349,p0n1483,69,0.0,0.25,1632.0,2.0,F#3,54,2,0,0.8092114329338074,True,0.1496787816286087,False,0.2880997061729431,False
1350,p0n1484,69,0.25,0.25,1634.0,2.0,F#4,66,1,0,0.10360214114189148,False,0.09778609126806259,False,0.25901827216148376,False
1351,p0n1485,69,0.25,0.25,1634.0,2.0,G3,55,2,0,0.9413918256759644,True,0.3428064286708832,False,0.2897578775882721,False
1352,p0n1486,69,0.5,0.25,1636.0,2.0,E4,64,1,0,0.3500732183456421,False,0.23851226270198822,False,0.29330670833587646,False
1353,p0n1487,69,0.5,0.5,1636.0,4.0,A3,57,2,0,0.48844197392463684,False,0.2412145882844925,False,0.2901912331581116,False
1354,p0n1488,69,0.75,0.25,1638.0,2.0,G4,67,1,0,0.7689938545227051,True,0.2840777039527893,False,0.2655799090862274,False
1355,p0n1489,69,1.0,0.25,1640.0,2.0,D5,74,1,0,0.04807262122631073,False,0.11501791328191757,False,0.27259743213653564,False
1356,p0n1490,69,1.0,0.5,1640.0,4.0,A2,45,2,0,0.8788082599639893,True,0.34206920862197876,False,0.33885458111763,False
1357,p0n1491,69,1.25,0.25,1642.0,2.0,C#5,73,1,0,0.9208577275276184,True,0.8181396722793579,True,0.5762528777122498,True
1358,p0n1493,69,1.5,0.125,1644.0,1.0,E5,76,1,0,0.5666851997375488,True,0.6539531946182251,True,0.5118584036827087,True
1359,p0n1492,69,1.5,5.0,1644.0,40.0,D5,74,1,0,0.12673380970954895,False,0.25735974311828613,False,0.29560142755508423,False
1360,p0n1494,69,1.5,0.5,1644.0,4.0,D3,50,2,0,0.11639515310525894,False,0.2255861759185791,False,0.2857465445995331,False
1361,p0n1495,69,1.625,0.125,1645.0,1.0,D5,74,1,0,0.08453369140625,False,0.12183957546949387,False,0.2669123411178589,False
1362,p0n1496,69,1.75,0.125,1646.0,1.0,E5,76,1,0,0.5988362431526184,True,0.25027814507484436,False,0.278927206993103,False
1363,p0n1497,69,1.875,0.125,1647.0,1.0,D5,74,1,0,0.2530896067619324,False,0.18822966516017914,False,0.27929988503456116,False
1364,p0n1498,69,2.0,0.125,1648.0,1.0,E5,76,1,0,0.40924301743507385,False,0.24368150532245636,False,0.29471978545188904,False
1365,p0n1499,69,2.0,0.25,1648.0,2.0,C3,48,2,0,0.6336900591850281,True,0.48049309849739075,False,0.35055679082870483,False
1366,p0n1500,69,2.125,0.125,1649.0,1.0,D5,74,1,0,0.10921530425548553,False,0.12834453582763672,False,0.26778310537338257,False
1367,p0n1501,69,2.25,0.125,1650.0,1.0,E5,76,1,0,0.573640763759613,True,0.287349671125412,False,0.2806340754032135,False
1368,p0n1502,69,2.25,0.25,1650.0,2.0,D3,50,2,0,0.07841955870389938,False,0.1121973991394043,False,0.26065269112586975,False
1369,p0n1503,69,2.375,0.125,1651.0,1.0,D5,74,1,0,0.13915234804153442,False,0.14487554132938385,False,0.2706378400325775,False
1370,p0n1504,69,2.5,0.125,1652.0,1.0,E5,76,1,0,0.5232104063034058,True,0.36158716678619385,False,0.3234074115753174,False
1371,p0n1505,69,2.5,0.25,1652.0,2.0,E3,52,2,0,0.9664144515991211,True,0.5011606812477112,True,0.35855838656425476,False
1372,p0n1506,69,2.625,0.125,1653.0,1.0,D5,74,1,0,0.16553668677806854,False,0.1447087973356247,False,0.27025502920150757,False
1373,p0n1507,69,2.75,0.125,1654.0,1.0,E5,76,1,0,0.40837210416793823,False,0.17418082058429718,False,0.2747679650783539,False
1374,p0n1508,69,2.75,0.25,1654.0,2.0,D3,50,2,0,0.12825585901737213,False,0.1375463604927063,False,0.263662725687027,False
1375,p0n1509,69,2.875,0.125,1655.0,1.0,D5,74,1,0,0.14959052205085754,False,0.15517808496952057,False,0.27286845445632935,False
1376,p0n1511,70,0.0,0.125,1656.0,1.0,E5,76,1,0,0.5110247135162354,True,0.5950278043746948,True,0.45871978998184204,False
1377,p0n1512,70,0.0,0.5,1656.0,4.0,C3,48,2,0,0.875024139881134,True,0.7163278460502625,True,0.5043175220489502,True
1378,p0n1514,70,0.125,0.125,1657.0,1.0,D5,74,1,0,0.08349503576755524,False,0.12591934204101562,False,0.2674894332885742,False
1379,p0n1515,70,0.25,0.125,1658.0,1.0,E5,76,1,0,0.5949968099594116,True,0.3156428635120392,False,0.2907145321369171,False
1380,p0n1516,70,0.375,0.125,1659.0,1.0,D5,74,1,0,0.18497240543365479,False,0.1595291644334793,False,0.2734281122684479,False
1381,p0n1517,70,0.5,0.125,1660.0,1.0,E5,76,1,0,0.38447999954223633,False,0.23297399282455444,False,0.29151076078414917,False
1382,p0n1518,70,0.5,0.25,1660.0,2.0,B2,47,2,0,0.5284528732299805,True,0.4702388644218445,False,0.3869791030883789,False
1383,p0n1519,70,0.625,0.125,1661.0,1.0,D5,74,1,0,0.08431152999401093,False,0.12385672330856323,False,0.26702576875686646,False
1384,p0n1520,70,0.75,0.125,1662.0,1.0,E5,76,1,0,0.6426551938056946,True,0.31085777282714844,False,0.28441306948661804,False
1385,p0n1521,70,0.75,0.25,1662.0,2.0,C3,48,2,0,0.8896662592887878,True,0.44602999091148376,False,0.27069079875946045,False
1386,p0n1522,70,0.875,0.125,1663.0,1.0,D5,74,1,0,0.1345319300889969,False,0.14230655133724213,False,0.2701717019081116,False
1387,p0n1523,70,1.0,0.125,1664.0,1.0,E5,76,1,0,0.4755723178386688,False,0.19226589798927307,False,0.2927238643169403,False
1388,p0n1524,70,1.0,0.25,1664.0,2.0,D3,50,2,0,0.24094964563846588,False,0.19715890288352966,False,0.28631776571273804,False
1389,p0n1526,70,1.125,0.125,1665.0,1.0,D5,74,1,0,0.16078051924705505,False,0.14594890177249908,False,0.27052977681159973,False
1390,p0n1527,70,1.25,0.125,1666.0,1.0,E5,76,1,0,0.4489884674549103,False,0.18368670344352722,False,0.2780383825302124,False
1391,p0n1528,70,1.25,0.25,1666.0,2.0,C3,48,2,0,0.682621955871582,True,0.492088258266449,False,0.2848782539367676,False
1392,p0n1529,70,1.375,0.125,1667.0,1.0,D5,74,1,0,0.1587970107793808,False,0.15655595064163208,False,0.27333956956863403,False
1393,p0n1530,70,1.5,0.125,1668.0,1.0,E5,76,1,0,0.5764163732528687,True,0.6290141344070435,True,0.4512266218662262,False
1394,p0n1531,70,1.5,0.5,1668.0,4.0,B2,47,2,0,0.848990797996521,True,0.9012718796730042,True,0.7918347120285034,True
1395,p0n1533,70,1.625,0.125,1669.0,1.0,D5,74,1,0,0.10148776322603226,False,0.1300228089094162,False,0.2681666314601898,False
1396,p0n1534,70,1.75,0.125,1670.0,1.0,E5,76,1,0,0.48059237003326416,False,0.1406238079071045,False,0.2709429860115051,False
1397,p0n1535,70,1.75,0.25,1670.0,2.0,G4,67,1,0,0.9527316689491272,True,0.4671778976917267,False,0.3075338304042816,False
1398,p0n1536,70,1.875,1.125,1671.0,9.0,D5,74,1,0,0.19679848849773407,False,0.14028950035572052,False,0.26982223987579346,False
1399,p0n1538,70,2.0,0.25,1672.0,2.0,F4,65,1,0,0.33664625883102417,False,0.15298739075660706,False,0.2763330936431885,False
1400,p0n1539,70,2.0,0.5,1672.0,4.0,C3,48,2,0,0.6054601669311523,True,0.6870056390762329,True,0.4308186173439026,False
1401,p0n1540,70,2.25,0.25,1674.0,2.0,E4,64,1,0,0.2768137454986572,False,0.13247111439704895,False,0.2683219015598297,False
1402,p0n1541,70,2.5,0.25,1676.0,2.0,D4,62,1,0,0.051083534955978394,False,0.1110510528087616,False,0.27140384912490845,False
1403,p0n1542,70,2.5,0.5,1676.0,4.0,D3,50,2,0,0.6286267638206482,True,0.7270801067352295,True,0.4118402302265167,False
1404,p0n1543,70,2.75,0.25,1678.0,2.0,F4,65,1,0,0.7675155997276306,True,0.3106786906719208,False,0.3084362745285034,False
1405,p0n1545,71,0.0,0.25,1680.0,2.0,E4,64,1,0,0.5929715037345886,True,0.5622425675392151,True,0.4232240915298462,False
1406,p0n1546,71,0.0,0.5,1680.0,4.0,G3,55,2,0,0.7746889591217041,True,0.6691322326660156,True,0.4673847258090973,False
1407,p0n1547,71,0.25,0.25,1682.0,2.0,F4,65,1,0,0.5536984801292419,True,0.41682881116867065,False,0.3131985664367676,False
1408,p0n1548,71,0.5,1.5,1684.0,12.0,C5,72,1,0,0.5292823910713196,True,0.4806138277053833,False,0.31998777389526367,False
1409,p0n1549,71,0.5,0.25,1684.0,2.0,E4,64,1,0,0.6989803314208984,True,0.2960178852081299,False,0.3014986217021942,False
1410,p0n1550,71,0.5,1.0,1684.0,8.0,A2,45,2,0,0.9619332551956177,True,0.5720418691635132,True,0.44063398241996765,False
1411,p0n1551,71,0.75,0.25,1686.0,2.0,D4,62,1,0,0.09929540008306503,False,0.11697501689195633,False,0.2620537579059601,False
1412,p0n1552,71,1.0,0.25,1688.0,2.0,C4,60,1,0,0.6390894055366516,True,0.3499225974082947,False,0.2944439947605133,False
1413,p0n1553,71,1.25,0.25,1690.0,2.0,E4,64,1,0,0.812615692615509,True,0.2649064064025879,False,0.2850475311279297,False
1414,p0n1555,71,1.5,0.25,1692.0,2.0,D4,62,1,0,0.24076759815216064,False,0.2500050961971283,False,0.29402241110801697,False
1415,p0n1556,71,1.5,0.5,1692.0,4.0,B2,47,2,0,0.36211103200912476,False,0.4620024561882019,False,0.3847549259662628,False
1416,p0n1557,71,1.75,0.25,1694.0,2.0,E4,64,1,0,0.8632584810256958,True,0.5922280550003052,True,0.38485658168792725,False
1417,p0n1558,71,2.0,1.5,1696.0,12.0,B4,71,1,0,0.06078203395009041,False,0.17158696055412292,False,0.2795332670211792,False
1418,p0n1559,71,2.0,0.25,1696.0,2.0,D4,62,1,0,0.2803499698638916,False,0.16246561706066132,False,0.2709071636199951,False
1419,p0n1560,71,2.0,0.5,1696.0,4.0,C3,48,2,0,0.5411709547042847,True,0.4556125998497009,False,0.33685237169265747,False
1420,p0n1561,71,2.25,0.25,1698.0,2.0,C4,60,1,0,0.69883131980896,True,0.38830089569091797,False,0.30025970935821533,False
1421,p0n1562,71,2.5,0.25,1700.0,2.0,B3,59,1,0,0.116681769490242,False,0.17483694851398468,False,0.2916420102119446,False
1422,p0n1563,71,2.5,0.5,1700.0,4.0,D3,50,2,0,0.7906996011734009,True,0.5032535791397095,True,0.36159878969192505,False
1423,p0n1564,71,2.75,0.25,1702.0,2.0,D4,62,1,0,0.4848146438598633,False,0.17335885763168335,False,0.27356550097465515,False
1424,p0n1566,72,0.0,0.25,1704.0,2.0,C4,60,1,0,0.9268580079078674,True,0.5367926955223083,True,0.3889872133731842,False
1425,p0n1567,72,0.0,0.5,1704.0,4.0,E3,52,2,0,0.912680983543396,True,0.3332488536834717,False,0.3498508632183075,False
1426,p0n1568,72,0.25,0.25,1706.0,2.0,D4,62,1,0,0.33104971051216125,False,0.14542771875858307,False,0.2666069269180298,False
1427,p0n1569,72,0.5,1.25,1708.0,10.0,A4,69,1,0,0.734045684337616,True,0.6560154557228088,True,0.5128811001777649,True
1428,p0n1570,72,0.5,0.25,1708.0,2.0,C4,60,1,0,0.9320210814476013,True,0.4342398941516876,False,0.2776987850666046,False
1429,p0n1571,72,0.5,1.0,1708.0,8.0,F#2,42,2,0,0.7270257472991943,True,0.7247030735015869,True,0.6111484169960022,True
1430,p0n1572,72,0.75,0.25,1710.0,2.0,B3,59,1,0,0.40687042474746704,False,0.25473693013191223,False,0.29674190282821655,False
1431,p0n1573,72,1.0,0.25,1712.0,2.0,A3,57,1,0,0.13867388665676117,False,0.13435307145118713,False,0.27219003438949585,False
1432,p0n1574,72,1.25,0.25,1714.0,2.0,C4,60,1,0,0.9347574710845947,True,0.12190667539834976,False,0.2618025839328766,False
1433,p0n1576,72,1.5,1.5,1716.0,12.0,B3,59,1,0,0.8963866829872131,True,0.9067818522453308,True,0.8115105628967285,True
1434,p0n1577,72,1.5,0.5,1716.0,4.0,G2,43,2,0,0.719739556312561,True,0.6137199997901917,True,0.5235580801963806,True
1435,p0n1578,72,1.75,0.25,1718.0,2.0,G4,67,1,0,0.34178870916366577,False,0.12809179723262787,False,0.2669034004211426,False
1436,p0n1579,72,2.0,0.25,1720.0,2.0,A4,69,1,0,0.8322383761405945,True,0.7748537659645081,True,0.4974035918712616,False
1437,p0n1580,72,2.0,0.25,1720.0,2.0,F#2,42,2,0,0.8391180634498596,True,0.3698679506778717,False,0.3088526427745819,False
1438,p0n1581,72,2.25,0.25,1722.0,2.0,G4,67,1,0,0.1234288364648819,False,0.1050386056303978,False,0.2631131708621979,False
1439,p0n1582,72,2.25,0.25,1722.0,2.0,G2,43,2,0,0.2798483967781067,False,0.12011903524398804,False,0.2626264691352844,False
1440,p0n1583,72,2.5,0.25,1724.0,2.0,F#4,66,1,0,0.7594183683395386,True,0.04598735272884369,False,0.26971617341041565,False
1441,p0n1584,72,2.5,0.25,1724.0,2.0,A2,45,2,0,0.9458317160606384,True,0.24160245060920715,False,0.2542172372341156,False
1442,p0n1585,72,2.75,0.25,1726.0,2.0,G4,67,1,0,0.15916316211223602,False,0.12036054581403732,False,0.2642667591571808,False
1443,p0n1586,72,2.75,0.25,1726.0,2.0,B2,47,2,0,0.777404248714447,True,0.7006505131721497,True,0.6203050017356873,True
1444,p0n1587,73,0.0,0.25,1728.0,2.0,F#4,66,1,0,0.83380126953125,True,0.18630659580230713,False,0.28260788321495056,False
1445,p0n1588,73,0.0,0.5,1728.0,4.0,A3,57,1,0,0.7845810651779175,True,0.7628042101860046,True,0.3506958484649658,False
1446,p0n1589,73,0.0,0.5,1728.0,4.0,C2,36,2,0,0.944570004940033,True,0.9316021800041199,True,0.9611321091651917,True
1447,p0n1590,73,0.25,0.125,1730.0,1.0,D4,62,1,0,0.35013261437416077,False,0.17434370517730713,False,0.2732990086078644,False
1448,p0n1591,73,0.375,0.125,1731.0,1.0,E4,64,1,0,0.6550471782684326,True,0.1873331516981125,False,0.27623745799064636,False
1449,p0n1592,73,0.5,0.25,1732.0,2.0,F#4,66,1,0,0.7048218846321106,True,0.02626841515302658,False,0.2578814625740051,False
1450,p0n1593,73,0.5,0.25,1732.0,2.0,C4,60,2,0,0.9568524956703186,True,0.6037998199462891,True,0.37142303586006165,False
1451,p0n1595,73,0.75,0.25,1734.0,2.0,D4,62,1,0,0.12065783888101578,False,0.11619487404823303,False,0.26150697469711304,False
1452,p0n1596,73,0.75,0.25,1734.0,2.0,B3,59,2,0,0.7831828594207764,True,0.1410716325044632,False,0.2682681083679199,False
1453,p0n1597,73,1.0,0.25,1736.0,2.0,G4,67,1,0,0.20110605657100677,False,0.1412571370601654,False,0.2798435389995575,False
1454,p0n1598,73,1.0,0.25,1736.0,2.0,A3,57,2,0,0.9517079591751099,True,0.2192615121603012,False,0.2690616846084595,False
1455,p0n1600,73,1.25,0.25,1738.0,2.0,D4,62,1,0,0.13362929224967957,False,0.12046181410551071,False,0.261339008808136,False
1456,p0n1601,73,1.25,0.25,1738.0,2.0,G3,55,2,0,0.04800424724817276,False,0.1108718067407608,False,0.26308831572532654,False
1457,p0n1602,73,1.5,0.25,1740.0,2.0,A4,69,1,0,0.9918244481086731,True,0.7793574929237366,True,0.5395547151565552,True
1458,p0n1603,73,1.5,0.25,1740.0,2.0,F#3,54,2,0,0.6309581995010376,True,0.1508910357952118,False,0.24649177491664886,False
1459,p0n1604,73,1.75,0.25,1742.0,2.0,D4,62,1,0,0.0461677685379982,False,0.10614564269781113,False,0.2599930465221405,False
1460,p0n1605,73,1.75,0.25,1742.0,2.0,E3,52,2,0,0.7114702463150024,True,0.22990913689136505,False,0.2514503002166748,False
1461,p0n1606,73,2.0,0.25,1744.0,2.0,B4,71,1,0,0.13478651642799377,False,0.18395251035690308,False,0.28253883123397827,False
1462,p0n1607,73,2.0,0.25,1744.0,2.0,D3,50,2,0,0.6547647714614868,True,0.8198184370994568,True,0.3704145550727844,False
1463,p0n1608,73,2.25,0.25,1746.0,2.0,D4,62,1,0,0.23157919943332672,False,0.1414272040128708,False,0.2641671299934387,False
1464,p0n1609,73,2.25,0.25,1746.0,2.0,C3,48,2,0,0.6645163893699646,True,0.47272562980651855,False,0.39957091212272644,False
1465,p0n1610,73,2.5,0.25,1748.0,2.0,C5,72,1,0,0.8811630606651306,True,0.3131119906902313,False,0.2628929913043976,False
1466,p0n1611,73,2.5,0.25,1748.0,2.0,B2,47,2,0,0.6385723948478699,True,0.4862220287322998,False,0.3666233718395233,False
1467,p0n1612,73,2.75,0.25,1750.0,2.0,D4,62,1,0,0.24449802935123444,False,0.13887861371040344,False,0.2643592953681946,False
1468,p0n1613,73,2.75,0.25,1750.0,2.0,A2,45,2,0,0.929533839225769,True,0.44884544610977173,False,0.30393677949905396,False
1469,p0n1614,74,0.0,0.25,1752.0,2.0,B4,71,1,0,0.5525997281074524,True,0.35655391216278076,False,0.3567621409893036,False
1470,p0n1615,74,0.0,0.25,1752.0,2.0,G2,43,2,0,0.9691897034645081,True,0.6268554329872131,True,0.7447935938835144,True
1471,p0n1616,74,0.25,0.25,1754.0,2.0,G5,79,1,0,0.6946112513542175,True,0.7284109592437744,True,0.39626041054725647,False
1472,p0n1617,74,0.25,0.25,1754.0,2.0,A2,45,2,0,0.6868289113044739,True,0.2606329619884491,False,0.2621065676212311,False
1473,p0n1618,74,0.5,0.25,1756.0,2.0,F5,77,1,0,0.6721620559692383,True,0.4659256935119629,False,0.3615875840187073,False
1474,p0n1619,74,0.5,0.25,1756.0,2.0,B2,47,2,0,0.831911027431488,True,0.7347192168235779,True,0.5172893404960632,True
1475,p0n1620,74,0.75,0.25,1758.0,2.0,E5,76,1,0,0.24389594793319702,False,0.18717876076698303,False,0.28005555272102356,False
1476,p0n1621,74,0.75,0.25,1758.0,2.0,G2,43,2,0,0.7774732112884521,True,0.34236598014831543,False,0.346582293510437,False
1477,p0n1622,74,1.0,0.25,1760.0,2.0,D5,74,1,0,0.31397345662117004,False,0.1860409379005432,False,0.2881297469139099,False
1478,p0n1623,74,1.0,0.25,1760.0,2.0,C3,48,2,0,0.4963090121746063,False,0.2161327451467514,False,0.3014300465583801,False
1479,p0n1624,74,1.25,0.25,1762.0,2.0,C5,72,1,0,0.7332944273948669,True,0.49316805601119995,False,0.3015795350074768,False
1480,p0n1625,74,1.25,0.25,1762.0,2.0,G2,43,2,0,0.7868162393569946,True,0.42105963826179504,False,0.4196632206439972,False
1481,p0n1626,74,1.5,0.25,1764.0,2.0,B4,71,1,0,0.3423001766204834,False,0.2983287274837494,False,0.3147870600223541,False
1482,p0n1627,74,1.5,0.25,1764.0,2.0,D3,50,2,0,0.7343024015426636,True,0.9686000347137451,True,0.7322947978973389,True
1483,p0n1628,74,1.75,0.25,1766.0,2.0,A4,69,1,0,0.8382250070571899,True,0.24846716225147247,False,0.282175749540329,False
1484,p0n1629,74,1.75,0.25,1766.0,2.0,G2,43,2,0,0.7446305155754089,True,0.45828449726104736,False,0.34860217571258545,False
1485,p0n1630,74,2.0,0.25,1768.0,2.0,G4,67,1,0,0.7626957297325134,True,0.9118249416351318,True,0.4772210121154785,False
1486,p0n1631,74,2.0,0.25,1768.0,2.0,E3,52,2,0,0.5796783566474915,True,0.7778102159500122,True,0.40755727887153625,False
1487,p0n1632,74,2.25,0.25,1770.0,2.0,F4,65,1,0,0.7791785001754761,True,0.8108307719230652,True,0.5151968002319336,True
1488,p0n1633,74,2.25,0.25,1770.0,2.0,G2,43,2,0,0.6469934582710266,True,0.5880287289619446,True,0.38865408301353455,False
1489,p0n1634,74,2.5,0.25,1772.0,2.0,E4,64,1,0,0.8692867159843445,True,0.2667955160140991,False,0.2776997983455658,False
1490,p0n1635,74,2.5,0.25,1772.0,2.0,F3,53,2,0,0.7507572174072266,True,0.2325085699558258,False,0.3324366807937622,False
1491,p0n1636,74,2.75,0.25,1774.0,2.0,D4,62,1,0,0.4428917467594147,False,0.19368991255760193,False,0.27240538597106934,False
1492,p0n1637,74,2.75,0.25,1774.0,2.0,G2,43,2,0,0.830469012260437,True,0.3803431987762451,False,0.3382033109664917,False
1493,p0n1638,75,0.0,0.25,1776.0,2.0,C4,60,1,0,0.824837327003479,True,0.6264812350273132,True,0.5445672869682312,True
1494,p0n1639,75,0.0,0.25,1776.0,2.0,E3,52,2,0,0.2985193729400635,False,0.2689947187900543,False,0.31363043189048767,False
1495,p0n1640,75,0.25,0.25,1778.0,2.0,E5,76,1,0,0.2898162007331848,False,0.17525987327098846,False,0.2769397795200348,False
1496,p0n1641,75,0.25,0.125,1778.0,1.0,E2,40,2,0,0.96121746301651,True,0.8982251286506653,True,0.6053284406661987,True
1497,p0n1642,75,0.375,0.125,1779.0,1.0,F#2,42,2,0,0.6421295404434204,True,0.33792564272880554,False,0.2575898766517639,False
1498,p0n1643,75,0.5,0.25,1780.0,2.0,D5,74,1,0,0.4569023847579956,False,0.3164324462413788,False,0.31260308623313904,False
1499,p0n1644,75,0.5,0.25,1780.0,2.0,G#2,44,2,0,0.5066788196563721,True,0.651689350605011,True,0.6784816384315491,True
1500,p0n1645,75,0.75,0.25,1782.0,2.0,C5,72,1,0,0.8400976657867432,True,0.4469195604324341,False,0.3157117962837219,False
1501,p0n1646,75,0.75,0.25,1782.0,2.0,E2,40,2,0,0.9385798573493958,True,0.8759436011314392,True,0.6549991965293884,True
1502,p0n1647,75,1.0,0.25,1784.0,2.0,B4,71,1,0,0.4787133038043976,False,0.19276252388954163,False,0.3000011146068573,False
1503,p0n1648,75,1.0,0.25,1784.0,2.0,A2,45,2,0,0.836718738079071,True,0.60877525806427,True,0.5295902490615845,True
1504,p0n1649,75,1.25,0.25,1786.0,2.0,A4,69,1,0,0.8189295530319214,True,0.34855085611343384,False,0.2858818471431732,False
1505,p0n1650,75,1.25,0.25,1786.0,2.0,E2,40,2,0,0.8940725326538086,True,0.8432371020317078,True,0.6092145442962646,True
1506,p0n1651,75,1.5,0.25,1788.0,2.0,G#4,68,1,0,0.655825674533844,True,0.6012505888938904,True,0.4190976023674011,False
1507,p0n1652,75,1.5,0.25,1788.0,2.0,B2,47,2,0,0.8824983835220337,True,0.8600757718086243,True,0.7040069103240967,True
1508,p0n1653,75,1.75,0.25,1790.0,2.0,F#4,66,1,0,0.4869914650917053,False,0.11746776103973389,False,0.26179489493370056,False
1509,p0n1654,75,1.75,0.25,1790.0,2.0,E2,40,2,0,0.8637925982475281,True,0.8883476257324219,True,0.5984430909156799,True
1510,p0n1655,75,2.0,0.25,1792.0,2.0,E4,64,1,0,0.9148083925247192,True,0.669823169708252,True,0.4427286386489868,False
1511,p0n1656,75,2.0,0.25,1792.0,2.0,C3,48,2,0,0.33665260672569275,False,0.236252099275589,False,0.2953123450279236,False
1512,p0n1657,75,2.25,0.25,1794.0,2.0,D4,62,1,0,0.3517538011074066,False,0.19587275385856628,False,0.2729291319847107,False
1513,p0n1658,75,2.25,0.25,1794.0,2.0,E2,40,2,0,0.8550922274589539,True,0.885936439037323,True,0.5340186953544617,True
1514,p0n1659,75,2.5,0.25,1796.0,2.0,C4,60,1,0,0.8307006359100342,True,0.2276894599199295,False,0.28721097111701965,False
1515,p0n1660,75,2.5,0.25,1796.0,2.0,D3,50,2,0,0.4562217593193054,False,0.2174370139837265,False,0.287962943315506,False
1516,p0n1661,75,2.75,0.25,1798.0,2.0,B3,59,1,0,0.6359788179397583,True,0.3158071041107178,False,0.28826162219047546,False
1517,p0n1662,75,2.75,0.25,1798.0,2.0,E2,40,2,0,0.8381341099739075,True,0.8367265462875366,True,0.5546637177467346,True
1518,p0n1663,76,0.0,0.25,1800.0,2.0,A3,57,1,0,0.9866753220558167,True,0.8842763304710388,True,0.824542760848999,True
1519,p0n1664,76,0.0,0.25,1800.0,2.0,C#3,49,2,0,0.9445345997810364,True,0.8324064016342163,True,0.5590267777442932,True
1520,p0n1665,76,0.25,0.25,1802.0,2.0,B3,59,1,0,0.11216650158166885,False,0.1456839144229889,False,0.2745341658592224,False
1521,p0n1666,76,0.25,0.25,1802.0,2.0,A3,57,2,0,0.7086076736450195,True,0.07648290693759918,False,0.2516256868839264,False
1522,p0n1667,76,0.5,0.25,1804.0,2.0,C#4,61,1,0,0.962058424949646,True,0.8547042608261108,True,0.5341353416442871,True
1523,p0n1668,76,0.5,0.25,1804.0,2.0,G3,55,2,0,0.9257990717887878,True,0.9609718918800354,True,0.5808849334716797,True
1524,p0n1669,76,0.75,0.25,1806.0,2.0,A3,57,1,0,0.39768186211586,False,0.19327065348625183,False,0.2724851071834564,False
1525,p0n1670,76,0.75,0.25,1806.0,2.0,F#3,54,2,0,0.9295921325683594,True,0.6288056373596191,True,0.1195753812789917,False
1526,p0n1671,76,1.0,0.25,1808.0,2.0,D4,62,1,0,0.6364442110061646,True,0.1340101808309555,False,0.25768935680389404,False
1527,p0n1672,76,1.0,0.25,1808.0,2.0,E3,52,2,0,0.9645503163337708,True,0.5912780165672302,True,0.6405168175697327,True
1528,p0n1673,76,1.25,0.25,1810.0,2.0,A3,57,1,0,0.4718783497810364,False,0.27320659160614014,False,0.2918778657913208,False
1529,p0n1674,76,1.25,0.25,1810.0,2.0,D3,50,2,0,0.4715721905231476,False,0.2391638308763504,False,0.2810392379760742,False
1530,p0n1675,76,1.5,0.25,1812.0,2.0,E4,64,1,0,0.6953876614570618,True,0.8433964848518372,True,0.6995446681976318,True
1531,p0n1676,76,1.5,0.25,1812.0,2.0,C#3,49,2,0,0.8873756527900696,True,0.8609265089035034,True,0.7919597029685974,True
1532,p0n1677,76,1.75,0.25,1814.0,2.0,A3,57,1,0,0.33274737000465393,False,0.19407768547534943,False,0.2712046205997467,False
1533,p0n1678,76,1.75,0.25,1814.0,2.0,B2,47,2,0,0.6629357933998108,True,0.6336783170700073,True,0.6222863793373108,True
1534,p0n1679,76,2.0,0.25,1816.0,2.0,F#4,66,1,0,0.41588130593299866,False,0.17235955595970154,False,0.2719004154205322,False
1535,p0n1680,76,2.0,0.25,1816.0,2.0,A2,45,2,0,0.7204456329345703,True,0.7673314213752747,True,0.5806372761726379,True
1536,p0n1681,76,2.25,0.25,1818.0,2.0,A3,57,1,0,0.21820051968097687,False,0.15986928343772888,False,0.2648305296897888,False
1537,p0n1682,76,2.25,0.25,1818.0,2.0,G2,43,2,0,0.679268479347229,True,0.5369182229042053,True,0.509223997592926,True
1538,p0n1683,76,2.5,0.25,1820.0,2.0,G4,67,1,0,0.6369044780731201,True,0.5940396785736084,True,0.5356040000915527,True
1539,p0n1684,76,2.5,0.25,1820.0,2.0,F#2,42,2,0,0.7968007326126099,True,0.7001427412033081,True,0.3176153600215912,False
1540,p0n1685,76,2.75,0.25,1822.0,2.0,A3,57,1,0,0.40208008885383606,False,0.24456201493740082,False,0.283332884311676,False
1541,p0n1686,76,2.75,0.25,1822.0,2.0,E2,40,2,0,0.9413536190986633,True,0.9616796970367432,True,0.6268762350082397,True
1542,p0n1687,77,0.0,0.5,1824.0,4.0,F#4,66,1,0,0.8034963607788086,True,0.8433270454406738,True,0.33767494559288025,False
1543,p0n1688,77,0.0,0.5,1824.0,4.0,D4,62,1,0,0.7766681909561157,True,0.7341165542602539,True,0.612352192401886,True
1544,p0n1689,77,0.0,3.25,1824.0,26.0,D2,38,2,0,0.7670058012008667,True,0.974859893321991,True,0.9463776350021362,True
1545,p0n1690,77,0.5,0.5,1828.0,4.0,B4,71,1,0,0.2837095260620117,False,0.30956152081489563,False,0.3208872675895691,False
1546,p0n1691,77,0.5,0.25,1828.0,2.0,C4,60,1,0,0.8993847966194153,True,0.6571796536445618,True,0.49306467175483704,False
1547,p0n1692,77,0.75,0.25,1830.0,2.0,D4,62,1,0,0.7927837371826172,True,0.08831360936164856,False,0.25297799706459045,False
1548,p0n1693,77,1.0,0.5,1832.0,4.0,G4,67,1,0,0.6465813517570496,True,0.2343057543039322,False,0.3036571145057678,False
1549,p0n1694,77,1.0,0.25,1832.0,2.0,E4,64,1,0,0.4397946894168854,False,0.26802560687065125,False,0.3108995854854584,False
1550,p0n1695,77,1.25,0.25,1834.0,2.0,D4,62,1,0,0.5948249697685242,True,0.18423190712928772,False,0.24742017686367035,False
1551,p0n1696,77,1.5,0.5,1836.0,4.0,E4,64,1,0,0.7292132377624512,True,0.9496894478797913,True,0.8097467422485352,True
1552,p0n1697,77,1.5,0.5,1836.0,4.0,C4,60,1,0,0.9824457168579102,True,0.9094513058662415,True,0.7257359027862549,True
1553,p0n1698,77,2.0,0.5,1840.0,4.0,A4,69,1,0,0.18886242806911469,False,0.17944444715976715,False,0.26867133378982544,False
1554,p0n1699,77,2.0,0.25,1840.0,2.0,B3,59,1,0,0.7387146949768066,True,0.9795368909835815,True,0.864179790019989,True
1555,p0n1700,77,2.25,0.25,1842.0,2.0,C4,60,1,0,0.9521154165267944,True,0.8174125552177429,True,0.3482285439968109,False
1556,p0n1701,77,2.5,0.5,1844.0,4.0,F#4,66,1,0,0.7366849780082703,True,0.27863335609436035,False,0.24440313875675201,False
1557,p0n1702,77,2.5,0.25,1844.0,2.0,D4,62,1,0,0.36002543568611145,False,0.17408689856529236,False,0.28290751576423645,False
1558,p0n1703,77,2.75,0.25,1846.0,2.0,C4,60,1,0,0.800123929977417,True,0.47509607672691345,False,0.3360329568386078,False
1559,p0n1704,78,0.0,1.75,1848.0,14.0,G4,67,1,0,0.600435197353363,True,0.5289280414581299,True,0.41604864597320557,False
1560,p0n1705,78,0.0,0.5,1848.0,4.0,B3,59,1,0,0.9176076054573059,True,0.9498010873794556,True,0.7876477241516113,True
1561,p0n1707,78,0.25,0.25,1850.0,2.0,D3,50,2,0,0.392037570476532,False,0.23710881173610687,False,0.2833139896392822,False
1562,p0n1708,78,0.5,0.5,1852.0,4.0,C4,60,1,0,0.7816847562789917,True,0.8953765034675598,True,0.5555797219276428,True
1563,p0n1709,78,0.5,0.25,1852.0,2.0,C3,48,2,0,0.8080485463142395,True,0.6946684718132019,True,0.5615968704223633,True
1564,p0n1710,78,0.75,0.25,1854.0,2.0,D3,50,2,0,0.3156866431236267,False,0.1885545402765274,False,0.272399365901947,False
1565,p0n1711,78,1.0,0.5,1856.0,4.0,D4,62,1,0,0.4879550635814667,False,0.22443033754825592,False,0.2956081032752991,False
1566,p0n1712,78,1.0,0.25,1856.0,2.0,E3,52,2,0,0.9706865549087524,True,0.6477747559547424,True,0.6008444428443909,True
1567,p0n1713,78,1.25,0.25,1858.0,2.0,D3,50,2,0,0.8030643463134766,True,0.3995482921600342,False,0.2872796654701233,False
1568,p0n1715,78,1.5,0.5,1860.0,4.0,E4,64,1,0,0.6236217617988586,True,0.8363774418830872,True,0.49718648195266724,False
1569,p0n1716,78,1.5,0.5,1860.0,4.0,C3,48,2,0,0.9692464470863342,True,0.9107730984687805,True,0.7476298213005066,True
1570,p0n1717,78,1.75,0.25,1862.0,2.0,A4,69,1,0,0.5256056189537048,True,0.5261516571044922,True,0.45952847599983215,False
1571,p0n1719,78,2.0,0.125,1864.0,1.0,B4,71,1,0,0.4483276307582855,False,0.31973955035209656,False,0.3286556303501129,False
1572,p0n1718,78,2.0,0.75,1864.0,6.0,A4,69,1,0,0.560218870639801,True,0.637626051902771,True,0.6456814408302307,True
1573,p0n1721,78,2.0,1.0,1864.0,8.0,F#3,54,2,0,0.6701158285140991,True,0.8769775032997131,True,0.831551730632782,True
1574,p0n1720,78,2.0,0.25,1864.0,2.0,B2,47,2,0,0.6426860094070435,True,0.856245219707489,True,0.7080390453338623,True
1575,p0n1722,78,2.125,0.125,1865.0,1.0,A4,69,1,0,0.6787694096565247,True,0.23088936507701874,False,0.26664188504219055,False
1576,p0n1723,78,2.25,0.125,1866.0,1.0,B4,71,1,0,0.3872060179710388,False,0.18273067474365234,False,0.28164729475975037,False
1577,p0n1724,78,2.25,0.25,1866.0,2.0,C3,48,2,0,0.9024598598480225,True,0.430553674697876,False,0.3167267441749573,False
1578,p0n1725,78,2.375,0.125,1867.0,1.0,A4,69,1,0,0.795565128326416,True,0.40375861525535583,False,0.3037987947463989,False
1579,p0n1726,78,2.5,0.125,1868.0,1.0,B4,71,1,0,0.2982957661151886,False,0.245074063539505,False,0.31197449564933777,False
1580,p0n1727,78,2.5,0.25,1868.0,2.0,D3,50,2,0,0.6343244910240173,True,0.4350792467594147,False,0.34008198976516724,False
1581,p0n1728,78,2.625,0.125,1869.0,1.0,A4,69,1,0,0.40808430314064026,False,0.1702762395143509,False,0.2711194157600403,False
1582,p0n1729,78,2.75,0.125,1870.0,1.0,G4,67,1,0,0.4725100100040436,False,0.170894056558609,False,0.27196556329727173,False
1583,p0n1730,78,2.75,0.25,1870.0,2.0,C3,48,2,0,0.9174996018409729,True,0.5172179937362671,True,0.7114938497543335,True
1584,p0n1731,78,2.875,0.125,1871.0,1.0,A4,69,1,0,0.4104618430137634,False,0.1544312834739685,False,0.27154991030693054,False
1585,p0n1732,79,0.0,0.5,1872.0,4.0,B4,71,1,0,0.7467159628868103,True,0.944749653339386,True,0.8139759302139282,True
1586,p0n1733,79,0.0,0.5,1872.0,4.0,G3,55,2,0,0.862051248550415,True,0.9532632827758789,True,0.8689302802085876,True
1587,p0n1734,79,0.0,0.5,1872.0,4.0,B2,47,2,0,0.8605419993400574,True,0.9616879820823669,True,0.8741941452026367,True
1588,p0n1735,79,0.5,0.25,1876.0,2.0,C5,72,1,0,0.9245595932006836,True,0.8953896164894104,True,0.684659481048584,True
1589,p0n1736,79,0.5,0.25,1876.0,2.0,A4,69,1,0,0.3471999764442444,False,0.2316112220287323,False,0.2764432430267334,False
1590,p0n1737,79,0.5,0.25,1876.0,2.0,A2,45,2,0,0.7565394043922424,True,0.46013328433036804,False,0.35194122791290283,False
1591,p0n1738,79,0.75,0.25,1878.0,2.0,B4,71,1,0,0.2754421532154083,False,0.19079019129276276,False,0.2845022976398468,False
1592,p0n1739,79,0.75,0.25,1878.0,2.0,G4,67,1,0,0.0901518389582634,False,0.12507586181163788,False,0.26485559344291687,False
1593,p0n1740,79,0.75,0.25,1878.0,2.0,B2,47,2,0,0.6848593354225159,True,0.6454384326934814,True,0.5026918053627014,True
1594,p0n1741,79,1.0,0.25,1880.0,2.0,A4,69,1,0,0.810241162776947,True,0.19003251194953918,False,0.26656395196914673,False
1595,p0n1742,79,1.0,0.25,1880.0,2.0,F#4,66,1,0,0.8843550086021423,True,0.1650729775428772,False,0.25983285903930664,False
1596,p0n1743,79,1.0,0.25,1880.0,2.0,C3,48,2,0,0.8708011507987976,True,0.44631117582321167,False,0.361014187335968,False
1597,p0n1744,79,1.25,0.25,1882.0,2.0,B4,71,1,0,0.3501948416233063,False,0.2749241888523102,False,0.3083033263683319,False
1598,p0n1745,79,1.25,0.25,1882.0,2.0,G4,67,1,0,0.15786707401275635,False,0.14876730740070343,False,0.2681500315666199,False
1599,p0n1746,79,1.25,0.25,1882.0,2.0,B2,47,2,0,0.625260055065155,True,0.5420114994049072,True,0.595923125743866,True
1600,p0n1747,79,1.5,0.5,1884.0,4.0,C5,72,1,0,0.9800390601158142,True,0.9168989658355713,True,0.7749645709991455,True
1601,p0n1748,79,1.5,0.5,1884.0,4.0,A4,69,1,0,0.9283871054649353,True,0.7717748284339905,True,0.5239242911338806,True
1602,p0n1749,79,1.5,0.5,1884.0,4.0,A2,45,2,0,0.94175124168396,True,0.6596083045005798,True,0.7025607824325562,True
1603,p0n1750,79,2.0,0.25,1888.0,2.0,D5,74,1,0,0.39962270855903625,False,0.2716273367404938,False,0.30292844772338867,False
1604,p0n1751,79,2.0,0.25,1888.0,2.0,B4,71,1,0,0.3259793817996979,False,0.2808856666088104,False,0.30646318197250366,False
1605,p0n1752,79,2.0,0.25,1888.0,2.0,G2,43,2,0,0.43285131454467773,False,0.41687098145484924,False,0.3475978672504425,False
1606,p0n1753,79,2.25,0.25,1890.0,2.0,C5,72,1,0,0.7984983325004578,True,0.4554644823074341,False,0.32666757702827454,False
1607,p0n1754,79,2.25,0.25,1890.0,2.0,A4,69,1,0,0.6634284257888794,True,0.27733758091926575,False,0.2591472268104553,False
1608,p0n1755,79,2.25,0.25,1890.0,2.0,A2,45,2,0,0.8378242254257202,True,0.06016023829579353,False,0.2540690302848816,False
1609,p0n1756,79,2.5,0.25,1892.0,2.0,B4,71,1,0,0.6966567039489746,True,0.7466166019439697,True,0.5716848373413086,True
1610,p0n1757,79,2.5,0.25,1892.0,2.0,G4,67,1,0,0.8470130562782288,True,0.8359598517417908,True,0.6281501054763794,True
1611,p0n1758,79,2.5,0.25,1892.0,2.0,B2,47,2,0,0.605247974395752,True,0.5993288159370422,True,0.6965043544769287,True
1612,p0n1759,79,2.75,0.25,1894.0,2.0,C5,72,1,0,0.3857278823852539,False,0.21639728546142578,False,0.2891850471496582,False
1613,p0n1760,79,2.75,0.25,1894.0,2.0,A4,69,1,0,0.17330899834632874,False,0.14042071998119354,False,0.26104146242141724,False
1614,p0n1761,79,2.75,0.25,1894.0,2.0,A2,45,2,0,0.7028589248657227,True,0.16902241110801697,False,0.24086086452007294,False
1615,p0n1762,80,0.0,0.5,1896.0,4.0,D5,74,1,0,0.7661996483802795,True,0.8510720729827881,True,0.9070236086845398,True
1616,p0n1763,80,0.0,0.5,1896.0,4.0,B4,71,1,0,0.7783753275871277,True,0.9093586206436157,True,0.6878215074539185,True
1617,p0n1764,80,0.0,0.25,1896.0,2.0,G2,43,2,0,0.7372199892997742,True,0.774016261100769,True,0.7281594276428223,True
1618,p0n1765,80,0.25,0.125,1898.0,1.0,G3,55,2,0,0.5299617648124695,True,0.5078428387641907,True,0.37587451934814453,False
1619,p0n1766,80,0.375,0.125,1899.0,1.0,F#3,54,2,0,0.8942155241966248,True,0.17813561856746674,False,0.2718724310398102,False
1620,p0n1767,80,0.5,0.5,1900.0,4.0,C5,72,1,0,0.7139626145362854,True,0.7335788011550903,True,0.5621241331100464,True
1621,p0n1768,80,0.5,0.5,1900.0,4.0,A4,69,1,0,0.3577767014503479,False,0.31653833389282227,False,0.3044787049293518,False
1622,p0n1769,80,0.5,0.25,1900.0,2.0,E3,52,2,0,0.5626158714294434,True,0.678932785987854,True,0.5243059396743774,True
1623,p0n1770,80,0.75,0.25,1902.0,2.0,G3,55,2,0,0.7220706939697266,True,0.6861118078231812,True,0.5114538669586182,True
1624,p0n1771,80,1.0,0.5,1904.0,4.0,B4,71,1,0,0.5361601710319519,True,0.4825575053691864,False,0.3483060896396637,False
1625,p0n1772,80,1.0,1.0,1904.0,8.0,G4,67,1,0,0.3216894567012787,False,0.2206588238477707,False,0.2957104742527008,False
1626,p0n1773,80,1.0,0.25,1904.0,2.0,D3,50,2,0,0.6639045476913452,True,0.5759856104850769,True,0.28103312849998474,False
1627,p0n1774,80,1.25,0.25,1906.0,2.0,G3,55,2,0,0.7012772560119629,True,0.738568127155304,True,0.6144982576370239,True
1628,p0n1775,80,1.5,0.5,1908.0,4.0,A4,69,1,0,0.9278115034103394,True,0.9585801959037781,True,0.901951014995575,True
1629,p0n1777,80,1.5,0.25,1908.0,2.0,C#3,49,2,0,0.8444421291351318,True,0.7879786491394043,True,0.7665097713470459,True
1630,p0n1778,80,1.75,0.25,1910.0,2.0,G3,55,2,0,0.6727884411811829,True,0.7321416139602661,True,0.4702824056148529,False
1631,p0n1779,80,2.0,1.0,1912.0,8.0,G5,79,1,0,0.6431598663330078,True,0.799346387386322,True,0.6909893751144409,True
1632,p0n1780,80,2.0,0.5,1912.0,4.0,D5,74,1,0,0.2758033275604248,False,0.20756873488426208,False,0.2808900773525238,False
1633,p0n1781,80,2.0,0.25,1912.0,2.0,B2,47,2,0,0.8175345063209534,True,0.6344367265701294,True,0.6724367737770081,True
1634,p0n1782,80,2.25,0.25,1914.0,2.0,G3,55,2,0,0.6611420512199402,True,0.7221288084983826,True,0.4482055604457855,False
1635,p0n1783,80,2.5,0.5,1916.0,4.0,C#5,73,1,0,0.5567986369132996,True,0.8951573371887207,True,0.9313784241676331,True
1636,p0n1784,80,2.5,0.25,1916.0,2.0,A2,45,2,0,0.7464892268180847,True,0.7041129469871521,True,0.2618979811668396,False
1637,p0n1785,80,2.75,0.25,1918.0,2.0,G3,55,2,0,0.6332462430000305,True,0.4373040795326233,False,0.3126189708709717,False
1638,p0n1786,81,0.0,0.5,1920.0,4.0,F#5,78,1,0,0.9724621176719666,True,0.93613600730896,True,0.8375426530838013,True
1639,p0n1787,81,0.0,0.5,1920.0,4.0,D5,74,1,0,0.7803986668586731,True,0.7222261428833008,True,0.5429389476776123,True
1640,p0n1788,81,0.0,0.25,1920.0,2.0,D3,50,2,0,0.7936976552009583,True,0.8779425024986267,True,0.45853328704833984,False
1641,p0n1789,81,0.25,0.25,1922.0,2.0,C3,48,2,0,0.7701609134674072,True,0.7673808336257935,True,0.47097307443618774,False
1642,p0n1790,81,0.5,0.5,1924.0,4.0,E5,76,1,0,0.7011198997497559,True,0.8561514616012573,True,0.6460660099983215,True
1643,p0n1791,81,0.5,0.5,1924.0,4.0,G4,67,1,0,0.16414082050323486,False,0.1822585016489029,False,0.2744179666042328,False
1644,p0n1792,81,0.5,0.25,1924.0,2.0,B-2,46,2,0,0.5725942850112915,True,0.3894544541835785,False,0.31917819380760193,False
1645,p0n1793,81,0.75,0.25,1926.0,2.0,D3,50,2,0,0.6281228065490723,True,0.49508386850357056,False,0.266192227602005,False
1646,p0n1794,81,1.0,0.5,1928.0,4.0,D5,74,1,0,0.624315619468689,True,0.2838699221611023,False,0.2658833861351013,False
1647,p0n1795,81,1.0,0.5,1928.0,4.0,F#4,66,1,0,0.6098963618278503,True,0.2768757939338684,False,0.28873515129089355,False
1648,p0n1796,81,1.0,0.25,1928.0,2.0,A2,45,2,0,0.6444256901741028,True,0.2045893520116806,False,0.2835868000984192,False
1649,p0n1797,81,1.25,0.25,1930.0,2.0,D3,50,2,0,0.5679711103439331,True,0.6197419762611389,True,0.4174233376979828,False
1650,p0n1798,81,1.5,0.5,1932.0,4.0,C#5,73,1,0,0.8203856945037842,True,0.9807206988334656,True,0.9178528785705566,True
1651,p0n1799,81,1.5,0.5,1932.0,4.0,E4,64,1,0,0.6284146308898926,True,0.9571055173873901,True,0.7375300526618958,True
1652,p0n1800,81,1.5,0.25,1932.0,2.0,G2,43,2,0,0.7435196042060852,True,0.8064706921577454,True,0.6096169948577881,True
1653,p0n1801,81,1.75,0.25,1934.0,2.0,D3,50,2,0,0.7830846309661865,True,0.6278218030929565,True,0.35541924834251404,False
1654,p0n1802,81,2.0,1.0,1936.0,8.0,B-5,82,1,0,0.9374231696128845,True,0.7213453054428101,True,0.6581053137779236,True
1655,p0n1803,81,2.0,1.0,1936.0,8.0,C#5,73,1,0,0.625346302986145,True,0.6184499263763428,True,0.5697258710861206,True
1656,p0n1804,81,2.0,0.25,1936.0,2.0,F#2,42,2,0,0.6985244750976562,True,0.7807011604309082,True,0.3635251224040985,False
1657,p0n1805,81,2.25,0.25,1938.0,2.0,D3,50,2,0,0.558070719242096,True,0.42980673909187317,False,0.2849843502044678,False
1658,p0n1806,81,2.5,0.25,1940.0,2.0,E2,40,2,0,0.9552072286605835,True,0.9861212372779846,True,0.7471424341201782,True
1659,p0n1807,81,2.75,0.25,1942.0,2.0,D3,50,2,0,0.7936134338378906,True,0.6429049372673035,True,0.5292144417762756,True
1660,p0n1808,82,0.0,0.25,1944.0,2.0,A5,81,1,0,0.9098930358886719,True,0.9524175524711609,True,0.803461492061615,True
1661,p0n1809,82,0.0,1.25,1944.0,10.0,C5,72,1,0,0.5204528570175171,True,0.7631023526191711,True,0.5407070517539978,True
1662,p0n1810,82,0.0,0.5,1944.0,4.0,F#2,42,2,0,0.5385679006576538,True,0.7646257281303406,True,0.19735588133335114,False
1663,p0n1811,82,0.25,0.25,1946.0,2.0,G5,79,1,0,0.8731920719146729,True,0.6421430706977844,True,0.33643531799316406,False
1664,p0n1812,82,0.5,0.25,1948.0,2.0,F#5,78,1,0,0.9674606919288635,True,0.664387047290802,True,0.36722511053085327,False
1665,p0n1813,82,0.5,0.5,1948.0,4.0,D2,38,2,0,0.8994541764259338,True,0.7995129227638245,True,0.5601181387901306,True
1666,p0n1814,82,0.75,0.25,1950.0,2.0,E5,76,1,0,0.9622833728790283,True,0.8694169521331787,True,0.4012203812599182,False
1667,p0n1815,82,1.0,0.5,1952.0,4.0,D5,74,1,0,0.5459368824958801,True,0.4815938472747803,False,0.36190539598464966,False
1668,p0n1817,82,1.0,0.5,1952.0,4.0,G2,43,2,0,0.623879075050354,True,0.1761993020772934,False,0.2813706398010254,False
1669,p0n1818,82,1.25,0.125,1954.0,1.0,B4,71,1,0,0.32571709156036377,False,0.28961214423179626,False,0.3124411106109619,False
1670,p0n1819,82,1.375,0.125,1955.0,1.0,A4,69,1,0,0.9141078591346741,True,0.7051180005073547,True,0.6149246096611023,True
1671,p0n1821,82,1.5,0.5,1956.0,4.0,B4,71,1,0,0.5028518438339233,True,0.6269101500511169,True,0.6401435732841492,True
1672,p0n1822,82,1.5,0.5,1956.0,4.0,E2,40,2,0,0.7783136963844299,True,0.9583575129508972,True,0.7838003039360046,True
1673,p0n1823,82,1.75,0.5,1958.0,4.0,G5,79,1,0,0.7673848867416382,True,0.693979024887085,True,0.337049663066864,False
1674,p0n1824,82,2.0,1.0,1960.0,8.0,A4,69,1,0,0.565929651260376,True,0.549309253692627,True,0.38294199109077454,False
1675,p0n1825,82,2.0,0.5,1960.0,4.0,C2,36,2,0,0.9186097979545593,True,0.8864277601242065,True,0.7839599251747131,True
1676,p0n1826,82,2.25,0.25,1962.0,2.0,C5,72,1,0,0.762103796005249,True,0.3788112998008728,False,0.2822582423686981,False
1677,p0n1827,82,2.5,0.25,1964.0,2.0,G5,79,1,0,0.6335060000419617,True,0.4119969308376312,False,0.27174708247184753,False
1678,p0n1828,82,2.5,0.5,1964.0,4.0,D2,38,2,0,0.8828218579292297,True,0.7023769021034241,True,0.520283043384552,True
1679,p0n1829,82,2.75,0.25,1966.0,2.0,F#5,78,1,0,0.7114967703819275,True,0.28765439987182617,False,0.2488574981689453,False
1680,p0n1830,83,0.0,0.25,1968.0,2.0,G5,79,1,0,0.8134682774543762,True,0.9726030826568604,True,0.6358487606048584,True
1681,p0n1831,83,0.0,0.5,1968.0,4.0,B4,71,1,0,0.7171117663383484,True,0.7303648591041565,True,0.5915796756744385,True
1682,p0n1832,83,0.0,1.75,1968.0,14.0,G2,43,2,0,0.620582640171051,True,0.5957338809967041,True,0.4099109172821045,False
1683,p0n1833,83,0.25,0.125,1970.0,1.0,F#5,78,1,0,0.7235070466995239,True,0.6466948986053467,True,0.3067378103733063,False
1684,p0n1834,83,0.375,0.125,1971.0,1.0,E5,76,1,0,0.9246141314506531,True,0.936791181564331,True,0.49045735597610474,False
1685,p0n1835,83,0.5,0.25,1972.0,2.0,D5,74,1,0,0.595977783203125,True,0.2227952480316162,False,0.2951854467391968,False
1686,p0n1836,83,0.5,0.5,1972.0,4.0,B4,71,1,0,0.41377395391464233,False,0.39002394676208496,False,0.35170888900756836,False
1687,p0n1837,83,0.75,0.25,1974.0,2.0,G5,79,1,0,0.9120503664016724,True,0.9028398394584656,True,0.39028477668762207,False
1688,p0n1838,83,1.0,0.25,1976.0,2.0,C5,72,1,0,0.8712239861488342,True,0.6692000031471252,True,0.5119316577911377,True
1689,p0n1839,83,1.0,0.5,1976.0,4.0,A4,69,1,0,0.7848700881004333,True,0.31133371591567993,False,0.2980325520038605,False
1690,p0n1840,83,1.25,0.25,1978.0,2.0,G5,79,1,0,0.768008291721344,True,0.6124002933502197,True,0.5098786950111389,True
1691,p0n1841,83,1.5,0.5,1980.0,4.0,B4,71,1,0,0.6172771453857422,True,0.8810910582542419,True,0.8119239211082458,True
1692,p0n1842,83,1.5,1.0,1980.0,8.0,G4,67,1,0,0.5961840152740479,True,0.7379581332206726,True,0.5131045579910278,True
1693,p0n1844,83,1.75,0.125,1982.0,1.0,G2,43,2,0,0.4754886031150818,False,0.18906940519809723,False,0.2734881043434143,False
1694,p0n1845,83,1.875,0.125,1983.0,1.0,A2,45,2,0,0.7606160044670105,True,0.504540741443634,True,0.22612397372722626,False
1695,p0n1846,83,2.0,0.5,1984.0,4.0,G5,79,1,0,0.6922386884689331,True,0.8808960914611816,True,0.49527209997177124,False
1696,p0n1847,83,2.0,0.25,1984.0,2.0,B2,47,2,0,0.6473477482795715,True,0.7227128148078918,True,0.6159071326255798,True
1697,p0n1848,83,2.25,0.25,1986.0,2.0,G2,43,2,0,0.679692268371582,True,0.7488868832588196,True,0.4411318004131317,False
1698,p0n1849,83,2.5,0.5,1988.0,4.0,A4,69,1,0,0.7093674540519714,True,0.3112250864505768,False,0.2948983609676361,False
1699,p0n1850,83,2.5,0.5,1988.0,4.0,F#4,66,1,0,0.6755822896957397,True,0.41847026348114014,False,0.3476395010948181,False
1700,p0n1851,83,2.5,0.25,1988.0,2.0,C3,48,2,0,0.590657114982605,True,0.3463514447212219,False,0.3348126709461212,False
1701,p0n1852,83,2.75,0.75,1990.0,6.0,G2,43,2,0,0.6318800449371338,True,0.3616870939731598,False,0.3238717019557953,False
1702,p0n1853,84,0.0,0.25,1992.0,2.0,B4,71,1,0,0.587675154209137,True,0.9043259620666504,True,0.8004201650619507,True
1703,p0n1854,84,0.0,0.5,1992.0,4.0,G4,67,1,0,0.7401020526885986,True,0.908271849155426,True,0.6724148988723755,True
1704,p0n1856,84,0.0,0.5,1992.0,4.0,D3,50,2,0,0.8857895135879517,True,0.9182274341583252,True,0.6585600972175598,True
1705,p0n1857,84,0.25,0.125,1994.0,1.0,D5,74,1,0,0.42170214653015137,False,0.23011545836925507,False,0.2877751290798187,False
1706,p0n1858,84,0.375,0.125,1995.0,1.0,C5,72,1,0,0.919364869594574,True,0.19073422253131866,False,0.26734301447868347,False
1707,p0n1859,84,0.5,0.25,1996.0,2.0,B4,71,1,0,0.6315498948097229,True,0.6721590161323547,True,0.5714024305343628,True
1708,p0n1860,84,0.5,0.5,1996.0,4.0,G4,67,1,0,0.3707638084888458,False,0.2551918029785156,False,0.29445821046829224,False
1709,p0n1861,84,0.5,8.5,1996.0,68.0,G2,43,2,0,0.6356732249259949,True,0.47046011686325073,False,0.3959309160709381,False
1710,p0n1862,84,0.5,0.5,1996.0,4.0,G2,43,2,0,0.6169189810752869,True,0.4607243835926056,False,0.3492465317249298,False
1711,p0n1863,84,0.75,0.25,1998.0,2.0,D5,74,1,0,0.3111773729324341,False,0.1692909300327301,False,0.2722645699977875,False
1712,p0n1864,84,1.0,0.25,2000.0,2.0,A4,69,1,0,0.6145596504211426,True,0.4240702688694,False,0.28903135657310486,False
1713,p0n1865,84,1.0,0.5,2000.0,4.0,F4,65,1,0,0.7811606526374817,True,0.5924386382102966,True,0.5977740287780762,True
1714,p0n1866,84,1.0,0.5,2000.0,4.0,B2,47,2,0,0.5809153914451599,True,0.42475444078445435,False,0.37587592005729675,False
1715,p0n1867,84,1.25,0.25,2002.0,2.0,D5,74,1,0,0.5525920987129211,True,0.12641039490699768,False,0.26302069425582886,False
1716,p0n1868,84,1.5,0.5,2004.0,4.0,G4,67,1,0,0.7788187265396118,True,0.9593924283981323,True,0.9069573283195496,True
1717,p0n1869,84,1.5,1.0,2004.0,8.0,E4,64,1,0,0.7895872592926025,True,0.9681130051612854,True,0.8443862795829773,True
1718,p0n1871,84,1.5,0.125,2004.0,1.0,C3,48,2,0,0.8145622611045837,True,0.8417775630950928,True,0.6388902068138123,True
1719,p0n1872,84,1.625,0.125,2005.0,1.0,B2,47,2,0,0.6568620800971985,True,0.5958452820777893,True,0.5018646717071533,True
1720,p0n1873,84,1.75,0.125,2006.0,1.0,C3,48,2,0,0.46609655022621155,False,0.17008143663406372,False,0.2758009433746338,False
1721,p0n1874,84,1.875,0.125,2007.0,1.0,D3,50,2,0,0.8430489897727966,True,0.5001465678215027,True,0.3752581477165222,False
1722,p0n1875,84,2.0,1.125,2008.0,9.0,C5,72,1,0,0.6705086827278137,True,0.21792812645435333,False,0.275774210691452,False
1723,p0n1876,84,2.0,0.25,2008.0,2.0,E3,52,2,0,0.6882948875427246,True,0.8249173760414124,True,0.4898671805858612,False
1724,p0n1877,84,2.25,0.25,2010.0,2.0,C3,48,2,0,0.7656135559082031,True,0.5214653015136719,True,0.42139315605163574,False
1725,p0n1878,84,2.5,0.5,2012.0,4.0,E-4,63,1,0,0.5089948177337646,True,0.5678468942642212,True,0.6682859063148499,True
1726,p0n1879,84,2.5,0.25,2012.0,2.0,F#3,54,2,0,0.8097687363624573,True,0.6034793853759766,True,0.46146830916404724,False
1727,p0n1880,84,2.75,0.25,2014.0,2.0,C3,48,2,0,0.8201327323913574,True,0.42773181200027466,False,0.3535015285015106,False
1728,p0n1882,85,0.0,0.5,2016.0,4.0,D4,62,1,0,0.7363700270652771,True,0.9481777548789978,True,0.9092365503311157,True
1729,p0n1884,85,0.0,6.0,2016.0,48.0,G3,55,2,0,0.8693825602531433,True,0.8864253163337708,True,0.6473506689071655,True
1730,p0n1885,85,0.125,0.125,2017.0,1.0,G4,67,1,0,0.7079720497131348,True,0.14010728895664215,False,0.2667078673839569,False
1731,p0n1886,85,0.25,0.125,2018.0,1.0,A4,69,1,0,0.32321757078170776,False,0.15133227407932281,False,0.262048602104187,False
1732,p0n1887,85,0.375,0.125,2019.0,1.0,B4,71,1,0,0.6525671482086182,True,0.7812140583992004,True,0.6459020972251892,True
1733,p0n1888,85,0.5,0.25,2020.0,2.0,C5,72,1,0,0.6996102929115295,True,0.672466516494751,True,0.5424997210502625,True
1734,p0n1889,85,0.5,0.5,2020.0,4.0,E4,64,1,0,0.5478624105453491,True,0.6344311833381653,True,0.5576622486114502,True
1735,p0n1890,85,0.75,0.25,2022.0,2.0,G4,67,1,0,0.334908127784729,False,0.167477086186409,False,0.27048179507255554,False
1736,p0n1891,85,1.0,0.25,2024.0,2.0,D5,74,1,0,0.7437064051628113,True,0.5941083431243896,True,0.6112534999847412,True
1737,p0n1893,85,1.0,0.5,2024.0,4.0,B4,71,1,0,0.6359466314315796,True,0.7161208987236023,True,0.5800431966781616,True
1738,p0n1892,85,1.0,0.5,2024.0,4.0,F4,65,1,0,0.9187865257263184,True,0.7668905854225159,True,0.6087230443954468,True
1739,p0n1894,85,1.25,0.25,2026.0,2.0,G4,67,1,0,0.3401966392993927,False,0.24546289443969727,False,0.28707534074783325,False
1740,p0n1895,85,1.5,0.125,2028.0,1.0,E5,76,1,0,0.9113593697547913,True,0.9409255385398865,True,0.6432111263275146,True
1741,p0n1897,85,1.5,0.5,2028.0,4.0,C5,72,1,0,0.7282531261444092,True,0.6458560228347778,True,0.42361387610435486,False
1742,p0n1896,85,1.5,0.5,2028.0,4.0,G4,67,1,0,0.6988617777824402,True,0.7365180253982544,True,0.6395647525787354,True
1743,p0n1898,85,1.625,0.125,2029.0,1.0,B4,71,1,0,0.6058066487312317,True,0.5632546544075012,True,0.433178186416626,False
1744,p0n1899,85,1.75,0.125,2030.0,1.0,C5,72,1,0,0.541542649269104,True,0.33814799785614014,False,0.27525267004966736,False
1745,p0n1900,85,1.875,0.125,2031.0,1.0,D5,74,1,0,0.6843735575675964,True,0.6403589844703674,True,0.29545900225639343,False
1746,p0n1901,85,2.0,0.25,2032.0,2.0,E5,76,1,0,0.734246015548706,True,0.41437333822250366,False,0.3482048809528351,False
1747,p0n1902,85,2.0,0.5,2032.0,4.0,G4,67,1,0,0.5788570046424866,True,0.468373566865921,False,0.3337177038192749,False
1748,p0n1903,85,2.25,0.25,2034.0,2.0,C5,72,1,0,0.5649958848953247,True,0.471832275390625,False,0.29234442114830017,False
1749,p0n1904,85,2.5,0.25,2036.0,2.0,F#5,78,1,0,0.9278267621994019,True,0.5828282833099365,True,0.4448530375957489,False
1750,p0n1905,85,2.5,0.5,2036.0,4.0,A4,69,1,0,0.6166577935218811,True,0.5702723860740662,True,0.7311856746673584,True
1751,p0n1906,85,2.75,0.25,2038.0,2.0,C5,72,1,0,0.5862542986869812,True,0.19230741262435913,False,0.26680997014045715,False
1752,p0n1907,86,0.0,1.25,2040.0,10.0,G5,79,1,0,0.8838335275650024,True,0.6394860744476318,True,0.6144250631332397,True
1753,p0n1908,86,0.0,1.0,2040.0,8.0,B4,71,1,0,0.662279486656189,True,0.8675390481948853,True,0.7695379257202148,True
1754,p0n1912,86,0.25,0.25,2042.0,2.0,D5,74,1,0,0.7423509955406189,True,0.4803628921508789,False,0.3425993323326111,False
1755,p0n1913,86,0.5,0.25,2044.0,2.0,E5,76,1,0,0.8967015743255615,True,0.6603982448577881,True,0.6005544066429138,True
1756,p0n1914,86,0.75,0.75,2046.0,6.0,C5,72,1,0,0.8772171139717102,True,0.8288528323173523,True,0.5189128518104553,True
1757,p0n1916,86,1.0,0.5,2048.0,4.0,A4,69,1,0,0.8025431036949158,True,0.8170204758644104,True,0.6704038381576538,True
1758,p0n1918,86,1.25,0.25,2050.0,2.0,F#5,78,1,0,0.7809423804283142,True,0.5765579342842102,True,0.41053950786590576,False
1759,p0n1919,86,1.5,1.5,2052.0,12.0,G5,79,1,0,0.9403859972953796,True,0.9591970443725586,True,0.8025668263435364,True
1760,p0n1921,86,1.5,1.5,2052.0,12.0,D5,74,1,0,0.9148546457290649,True,0.9452599287033081,True,0.7385928630828857,True
1761,p0n1920,86,1.5,1.5,2052.0,12.0,B4,71,1,0,0.9525067806243896,True,0.9123638272285461,True,0.7239504456520081,True
