note_index,note_id,measure,measure_offset,quarter_length,time_position,duration_seconds,pitch_name,pitch_midi,staff,voice,layer_1_score,layer_1_mask,layer_2_score,layer_2_mask,layer_3_score,layer_3_mask
0,p0n4,1,1.5,0.5,12.0,4.0,C#4,61,2,0,0.8134798407554626,True,0.4677444100379944,False,0.39223912358283997,False
1,p0n5,1,2.0,0.5,16.0,4.0,A3,57,2,0,0.75394606590271,True,0.9308214783668518,True,0.6727005243301392,True
2,p0n6,1,2.5,0.5,20.0,4.0,F#3,54,2,0,0.8956612348556519,True,0.6661911010742188,True,0.21541300415992737,False
3,p0n7,1,3.0,1.5,24.0,12.0,D4,62,2,0,0.2908705174922943,False,0.18707750737667084,False,0.2850669324398041,False
4,p0n11,2,0.5,0.25,36.0,2.0,C#4,61,2,0,0.8699641227722168,True,0.7493782043457031,True,0.3264198899269104,False
5,p0n12,2,0.75,0.25,38.0,2.0,B3,59,2,0,0.7673028707504272,True,0.49636441469192505,False,0.40470415353775024,False
6,p0n13,2,1.0,1.5,40.0,12.0,C#4,61,2,0,0.8749763369560242,True,0.9039047956466675,True,0.5324348211288452,True
7,p0n15,2,2.5,0.5,52.0,4.0,F#4,66,2,0,0.8414871692657471,True,0.9067704677581787,True,0.689646303653717,True
8,p0n16,2,3.0,1.5,56.0,12.0,B3,59,2,0,0.58040851354599,True,0.3846489191055298,False,0.3620677888393402,False
9,p0n20,3,0.5,0.25,68.0,2.0,A3,57,2,0,0.9177682399749756,True,0.497243732213974,False,0.400204598903656,False
10,p0n21,3,0.75,0.25,70.0,2.0,G#3,56,2,0,0.4965973496437073,False,0.39275357127189636,False,0.34884247183799744,False
11,p0n22,3,1.0,0.5,72.0,4.0,A3,57,2,0,0.9146591424942017,True,0.5323960185050964,True,0.4425758421421051,False
12,p0n23,3,1.5,0.5,76.0,4.0,F#3,54,2,0,0.9371099472045898,True,0.36744436621665955,False,0.3216722309589386,False
13,p0n24,3,2.0,2.0,80.0,16.0,G#3,56,2,0,0.6694834232330322,True,0.7998661398887634,True,0.3763330280780792,False
14,p0n27,4,0.0,0.5,96.0,4.0,F#3,54,2,0,0.9714955687522888,True,0.7030172348022461,True,0.4305574595928192,False
15,p0n28,4,0.5,0.5,100.0,4.0,G#3,56,2,0,0.4522724747657776,False,0.3334689736366272,False,0.33935463428497314,False
16,p0n30,4,1.0,0.5,104.0,4.0,A3,57,2,0,0.9745364189147949,True,0.6942245364189148,True,0.4965639114379883,False
17,p0n31,4,1.5,0.5,108.0,4.0,F#4,66,1,0,0.9705817699432373,True,0.8507944941520691,True,0.6646792888641357,True
18,p0n32,4,1.5,0.5,108.0,4.0,B3,59,2,0,0.32587578892707825,False,0.2521144151687622,False,0.3150295913219452,False
19,p0n33,4,2.0,0.5,112.0,4.0,E4,64,1,0,0.8976766467094421,True,0.8772844672203064,True,0.7352633476257324,True
20,p0n34,4,2.0,1.0,112.0,8.0,C#4,61,2,0,0.9623701572418213,True,0.9741086959838867,True,0.7089912295341492,True
21,p0n35,4,2.5,0.5,116.0,4.0,C#4,61,1,0,0.9299468398094177,True,0.7805457711219788,True,0.4952792525291443,False
22,p0n36,4,3.0,1.5,120.0,12.0,A4,69,1,0,0.364164263010025,False,0.28089138865470886,False,0.29959169030189514,False
23,p0n38,4,3.5,0.5,124.0,4.0,D#4,63,1,0,0.44368281960487366,False,0.1668141931295395,False,0.2922731041908264,False
24,p0n40,5,0.0,1.0,128.0,8.0,E4,64,1,0,0.9709624648094177,True,0.8731991052627563,True,0.7425802946090698,True
25,p0n43,5,0.5,0.25,132.0,2.0,G#4,68,1,0,0.4705352783203125,False,0.23039397597312927,False,0.3115251064300537,False
26,p0n44,5,0.75,0.25,134.0,2.0,F#4,66,1,0,0.9895884990692139,True,0.5115282535552979,True,0.45362281799316406,False
27,p0n45,5,1.0,1.5,136.0,12.0,G#4,68,1,0,0.19786258041858673,False,0.14894890785217285,False,0.27263039350509644,False
28,p0n47,5,1.5,0.5,140.0,4.0,E4,64,1,0,0.9782124161720276,True,0.6498908996582031,True,0.6054081916809082,True
29,p0n49,5,2.0,1.0,144.0,8.0,A#3,58,2,0,0.977512538433075,True,0.643923819065094,True,0.5777792930603027,True
30,p0n50,5,2.5,0.5,148.0,4.0,C#5,73,1,0,0.9213829040527344,True,0.9122762084007263,True,0.7665229439735413,True
31,p0n51,5,3.0,1.5,152.0,12.0,F#4,66,1,0,0.9530444741249084,True,0.8717535138130188,True,0.6473356485366821,True
32,p0n53,5,3.5,0.5,156.0,4.0,B#3,60,2,0,0.7953256368637085,True,0.5422560572624207,True,0.4761565625667572,False
33,p0n55,6,0.0,1.0,160.0,8.0,C#4,61,2,0,0.7242088913917542,True,0.9668295979499817,True,0.5570712089538574,True
34,p0n57,6,0.5,0.25,164.0,2.0,E4,64,1,0,0.9491087794303894,True,0.570838451385498,True,0.5501822829246521,True
35,p0n58,6,0.75,0.25,166.0,2.0,D#4,63,1,0,0.6542640924453735,True,0.4647013247013092,False,0.24047914147377014,False
36,p0n59,6,1.0,0.5,168.0,4.0,E4,64,1,0,0.9864077568054199,True,0.8123088479042053,True,0.5798789858818054,True
37,p0n61,6,1.5,0.5,172.0,4.0,C#4,61,1,0,0.3674768805503845,False,0.20242451131343842,False,0.2860637307167053,False
38,p0n62,6,1.5,1.0,172.0,8.0,C#4,61,2,0,0.3759694993495941,False,0.22999544441699982,False,0.29292628169059753,False
39,p0n63,6,2.0,2.0,176.0,16.0,D#4,63,1,0,0.9279815554618835,True,0.8546667695045471,True,0.644936203956604,True
40,p0n65,6,2.5,0.25,180.0,2.0,B#3,60,2,0,0.4969082772731781,False,0.3598673939704895,False,0.33117881417274475,False
41,p0n66,6,2.75,0.25,182.0,2.0,A#3,58,2,0,0.8734075427055359,True,0.1784636676311493,False,0.2599853277206421,False
42,p0n67,6,3.0,0.5,184.0,4.0,B#3,60,2,0,0.8285987973213196,True,0.9398561716079712,True,0.7770357131958008,True
43,p0n68,6,3.5,0.5,188.0,4.0,G#3,56,2,0,0.9060658812522888,True,0.9949959516525269,True,0.911735475063324,True
44,p0n70,7,0.0,1.5,192.0,12.0,E4,64,1,0,0.9649332761764526,True,0.5818486213684082,True,0.6650458574295044,True
45,p0n69,7,0.0,0.5,192.0,4.0,C#4,61,1,0,0.6636263728141785,True,0.9572866559028625,True,0.740676999092102,True
46,p0n72,7,0.5,0.5,196.0,4.0,C#5,73,1,0,0.7242046594619751,True,0.8541390299797058,True,0.609783411026001,True
47,p0n73,7,1.0,1.5,200.0,12.0,F#4,66,1,0,0.5670239925384521,True,0.8242911100387573,True,0.49597489833831787,False
48,p0n74,7,1.5,0.5,204.0,4.0,A3,57,2,0,0.9847663640975952,True,0.7960106134414673,True,0.6280374526977539,True
49,p0n76,7,2.0,1.5,208.0,12.0,D4,62,1,0,0.710769772529602,True,0.9237659573554993,True,0.8022830486297607,True
50,p0n77,7,2.5,0.5,212.0,4.0,B4,71,1,0,0.7756533622741699,True,0.9268631935119629,True,0.6879825592041016,True
51,p0n78,7,3.0,1.5,216.0,12.0,E4,64,1,0,0.5137017965316772,True,0.4604257345199585,False,0.39358046650886536,False
52,p0n79,7,3.5,0.5,220.0,4.0,G#3,56,2,0,0.8750548362731934,True,0.9655935168266296,True,0.9078806042671204,True
53,p0n81,8,0.0,1.0,224.0,8.0,C#4,61,2,0,0.8270968198776245,True,0.9165481328964233,True,0.8160533905029297,True
54,p0n83,8,0.5,1.0,228.0,8.0,A4,69,1,0,0.8484209179878235,True,0.9373865723609924,True,0.7276228666305542,True
55,p0n84,8,1.0,1.0,232.0,8.0,B3,59,2,0,0.37525835633277893,False,0.43866515159606934,False,0.36759528517723083,False
56,p0n85,8,1.5,1.0,236.0,8.0,G#4,68,1,0,0.20283828675746918,False,0.16363587975502014,False,0.2876463532447815,False
57,p0n86,8,2.0,1.0,240.0,8.0,A3,57,2,0,0.9896149635314941,True,0.9892492294311523,True,0.9321338534355164,True
58,p0n88,8,2.5,1.0,244.0,8.0,F#4,66,1,0,0.6058979034423828,True,0.7062200307846069,True,0.47692906856536865,False
59,p0n89,8,3.0,1.0,248.0,8.0,G#3,56,2,0,0.9010525941848755,True,0.9859248995780945,True,0.9704912304878235,True
60,p0n91,8,3.5,0.5,252.0,4.0,E#4,65,1,0,0.10218793153762817,False,0.1268862932920456,False,0.2706480026245117,False
61,p0n92,8,3.5,0.5,252.0,4.0,C#3,49,2,0,0.5551166534423828,True,0.18987615406513214,False,0.29390910267829895,False
62,p0n93,9,0.0,1.0,256.0,8.0,F#4,66,1,0,0.7654311656951904,True,0.8854562640190125,True,0.7561447024345398,True
63,p0n94,9,0.0,1.0,256.0,8.0,F#3,54,2,0,0.9675925970077515,True,0.6305054426193237,True,0.600421130657196,True
64,p0n95,9,0.0,0.5,256.0,4.0,A2,45,2,0,0.9945532083511353,True,0.9452120065689087,True,0.8210128545761108,True
65,p0n96,9,0.5,0.5,260.0,4.0,F#2,42,2,0,0.8723734617233276,True,0.788722038269043,True,0.6245355010032654,True
66,p0n99,9,1.0,1.5,264.0,12.0,D3,50,2,0,0.32421889901161194,False,0.21769407391548157,False,0.2906637489795685,False
67,p0n100,9,1.5,0.5,268.0,4.0,B4,71,1,0,0.7892419695854187,True,0.9151826500892639,True,0.8013758063316345,True
68,p0n101,9,2.0,0.5,272.0,4.0,G#4,68,1,0,0.46813321113586426,False,0.3705621361732483,False,0.3475499153137207,False
69,p0n104,9,2.5,0.5,276.0,4.0,E4,64,1,0,0.6660781502723694,True,0.43567994236946106,False,0.33838874101638794,False
70,p0n105,9,2.5,0.25,276.0,2.0,C#3,49,2,0,0.8853407502174377,True,0.5775761604309082,True,0.754160463809967,True
71,p0n106,9,2.75,0.25,278.0,2.0,B2,47,2,0,0.7757899761199951,True,0.9144037961959839,True,0.861419141292572,True
72,p0n108,9,3.0,1.0,280.0,8.0,E3,52,2,0,0.8584873676300049,True,0.5921026468276978,True,0.5775794386863708,True
73,p0n109,9,3.0,1.5,280.0,12.0,C#3,49,2,0,0.8633732795715332,True,0.91990727186203,True,0.7740280628204346,True
74,p0n110,9,3.5,0.5,284.0,4.0,A4,69,1,0,0.8483006954193115,True,0.8808997869491577,True,0.8275941014289856,True
75,p0n111,10,0.0,0.5,288.0,4.0,F#4,66,1,0,0.43891239166259766,False,0.30667147040367126,False,0.33247873187065125,False
76,p0n112,10,0.0,1.0,288.0,8.0,A3,57,2,0,0.9842168092727661,True,0.7925549149513245,True,0.56493079662323,True
77,p0n114,10,0.5,0.5,292.0,4.0,D#4,63,1,0,0.6851574778556824,True,0.30471906065940857,False,0.285640150308609,False
78,p0n115,10,0.5,0.5,292.0,4.0,F#3,54,2,0,0.5984553098678589,True,0.06579454988241196,False,0.2614583373069763,False
79,p0n118,10,1.0,0.5,296.0,4.0,D4,62,1,0,0.49956586956977844,False,0.2700393795967102,False,0.30363571643829346,False
80,p0n119,10,1.0,1.5,296.0,12.0,B2,47,2,0,0.9381260871887207,True,0.8616265058517456,True,0.9251223802566528,True
81,p0n120,10,1.5,0.5,300.0,4.0,G#4,68,1,0,0.4214302599430084,False,0.21647126972675323,False,0.3001970052719116,False
82,p0n121,10,1.5,0.5,300.0,4.0,B3,59,2,0,0.6148940324783325,True,0.728606104850769,True,0.6761683225631714,True
83,p0n122,10,2.0,0.5,304.0,4.0,E#4,65,1,0,0.7281113266944885,True,0.4512001574039459,False,0.3032374680042267,False
84,p0n123,10,2.0,1.0,304.0,8.0,G#3,56,2,0,0.72437983751297,True,0.9099277257919312,True,0.8656836748123169,True
85,p0n125,10,2.5,0.5,308.0,4.0,C#4,61,1,0,0.7753520011901855,True,0.8082944750785828,True,0.5786569714546204,True
86,p0n126,10,2.5,0.25,308.0,2.0,A2,45,2,0,0.8429555296897888,True,0.4255675971508026,False,0.3548103868961334,False
87,p0n127,10,2.75,0.25,310.0,2.0,G#2,44,2,0,0.89801424741745,True,0.9312137365341187,True,0.9444687366485596,True
88,p0n128,10,3.0,2.0,312.0,16.0,F#4,66,1,0,0.018564943224191666,False,0.11595365405082703,False,0.26309436559677124,False
89,p0n129,10,3.0,0.5,312.0,4.0,A2,45,2,0,0.667463481426239,True,0.654647946357727,True,0.4862159490585327,False
90,p0n131,10,3.5,0.5,316.0,4.0,A3,57,2,0,0.3818700909614563,False,0.229025736451149,False,0.2939893305301666,False
91,p0n132,10,3.5,0.5,316.0,4.0,F#2,42,2,0,0.2221931666135788,False,0.16455376148223877,False,0.28313130140304565,False
92,p0n134,11,0.0,0.5,320.0,4.0,B3,59,2,0,0.39537331461906433,False,0.4434891939163208,False,0.3900114595890045,False
93,p0n135,11,0.0,2.0,320.0,16.0,G#2,44,2,0,0.9799725413322449,True,0.989318311214447,True,0.9691237211227417,True
94,p0n136,11,0.5,0.5,324.0,4.0,D4,62,2,0,0.9384811520576477,True,0.6029728651046753,True,0.4511399567127228,False
95,p0n137,11,1.0,1.0,328.0,8.0,E#4,65,1,0,0.6564162373542786,True,0.1448461264371872,False,0.25664573907852173,False
96,p0n139,11,1.5,0.5,332.0,4.0,G#3,56,2,0,0.2669757306575775,False,0.22965557873249054,False,0.3026285171508789,False
97,p0n140,11,2.0,0.5,336.0,4.0,F#4,66,1,0,0.12261843681335449,False,0.1783577799797058,False,0.2791549861431122,False
98,p0n141,11,2.0,0.5,336.0,4.0,A3,57,2,0,0.22196613252162933,False,0.2726437747478485,False,0.2936408817768097,False
99,p0n142,11,2.0,1.0,336.0,8.0,F#2,42,2,0,0.5190113186836243,True,0.6053262948989868,True,0.8011173009872437,True
100,p0n143,11,2.5,0.5,340.0,4.0,A4,69,1,0,0.5372732877731323,True,0.7588550448417664,True,0.7327204942703247,True
101,p0n144,11,2.5,0.5,340.0,4.0,C#4,61,2,0,0.9857659339904785,True,0.9745228886604309,True,0.7926032543182373,True
102,p0n145,11,3.0,0.5,344.0,4.0,B4,71,1,0,0.5599597692489624,True,0.8137348890304565,True,0.5815050005912781,True
103,p0n146,11,3.0,2.0,344.0,16.0,D3,50,2,0,0.8053278923034668,True,0.8266763091087341,True,0.7708231210708618,True
104,p0n148,11,3.5,0.5,348.0,4.0,D5,74,1,0,0.428898423910141,False,0.3080788552761078,False,0.331515371799469,False
105,p0n149,11,3.5,0.5,348.0,4.0,F#3,54,2,0,0.7670207023620605,True,0.8036808967590332,True,0.7043229341506958,True
106,p0n151,12,0.0,0.5,352.0,4.0,G#3,56,2,0,0.26246267557144165,False,0.3263985514640808,False,0.3342750370502472,False
107,p0n153,12,0.5,0.5,356.0,4.0,G#4,68,1,0,0.26998618245124817,False,0.21272867918014526,False,0.2969084680080414,False
108,p0n154,12,0.5,0.5,356.0,4.0,B3,59,2,0,0.8435853123664856,True,0.9138200879096985,True,0.8632410764694214,True
109,p0n155,12,1.0,0.5,360.0,4.0,A4,69,1,0,0.7903186678886414,True,0.8911335468292236,True,0.6013370752334595,True
110,p0n156,12,1.0,1.0,360.0,8.0,C#3,49,2,0,0.6651553511619568,True,0.8659698963165283,True,0.7628465890884399,True
111,p0n158,12,1.5,0.5,364.0,4.0,C#5,73,1,0,0.5097622871398926,True,0.9201761484146118,True,0.7140928506851196,True
112,p0n159,12,1.5,0.5,364.0,4.0,A3,57,2,0,0.5699841380119324,True,0.8033151626586914,True,0.47033071517944336,False
113,p0n161,12,2.0,1.0,368.0,8.0,D4,62,1,0,0.6944098472595215,True,0.6929227113723755,True,0.548345685005188,True
114,p0n162,12,2.0,1.0,368.0,8.0,B2,47,2,0,0.5235035419464111,True,0.8317196369171143,True,0.7753993272781372,True
115,p0n163,12,2.5,0.25,372.0,2.0,F#4,66,1,0,0.5157045125961304,True,0.14486172795295715,False,0.27831488847732544,False
116,p0n164,12,2.75,0.25,374.0,2.0,G#4,68,1,0,0.2126535177230835,False,0.17640410363674164,False,0.277308851480484,False
117,p0n165,12,3.0,0.75,376.0,6.0,G#4,68,1,0,0.37217584252357483,False,0.37857216596603394,False,0.339722603559494,False
118,p0n166,12,3.0,1.0,376.0,8.0,B3,59,1,0,0.6824365854263306,True,0.7205646634101868,True,0.7494173645973206,True
119,p0n168,12,3.5,0.5,380.0,4.0,E3,52,2,0,0.8818148970603943,True,0.6358704566955566,True,0.6865490674972534,True
120,p0n169,12,3.75,0.125,382.0,1.0,F#4,66,1,0,0.2826444208621979,False,0.11581780761480331,False,0.26418304443359375,False
121,p0n170,12,3.875,0.125,383.0,1.0,G#4,68,1,0,0.38817933201789856,False,0.22150123119354248,False,0.2923518121242523,False
122,p0n171,13,0.0,1.0,384.0,8.0,A4,69,1,0,0.9584034085273743,True,0.9539321064949036,True,0.662553071975708,True
123,p0n172,13,0.0,0.5,384.0,4.0,E4,64,1,0,0.7946822047233582,True,0.5234196186065674,True,0.6453026533126831,True
124,p0n173,13,0.0,0.5,384.0,4.0,C#3,49,2,0,0.75371915102005,True,0.9418157935142517,True,0.8193017840385437,True
125,p0n174,13,0.5,0.5,388.0,4.0,C#4,61,1,0,0.9184169173240662,True,0.9471514821052551,True,0.7499069571495056,True
126,p0n175,13,0.5,0.5,388.0,4.0,A2,45,2,0,0.9196673631668091,True,0.8076165318489075,True,0.7136420011520386,True
127,p0n177,13,1.0,0.5,392.0,4.0,D#4,63,1,0,0.9562456011772156,True,0.5777586102485657,True,0.19773945212364197,False
128,p0n178,13,1.0,2.0,392.0,16.0,F#3,54,2,0,0.4688875377178192,False,0.28529566526412964,False,0.3087623417377472,False
129,p0n179,13,1.5,0.5,396.0,4.0,D#5,75,1,0,0.830565869808197,True,0.6490591764450073,True,0.6455551981925964,True
130,p0n180,13,1.5,0.5,396.0,4.0,F#4,66,1,0,0.1370888650417328,False,0.12809036672115326,False,0.2753311097621918,False
131,p0n181,13,2.0,0.5,400.0,4.0,B#4,72,1,0,0.6452963352203369,True,0.9657906889915466,True,0.7953052520751953,True
132,p0n183,13,2.5,0.5,404.0,4.0,G#4,68,1,0,0.8120357394218445,True,0.9675905108451843,True,0.8567814826965332,True
133,p0n184,13,2.5,0.5,404.0,4.0,B#3,60,1,0,0.8354836702346802,True,0.9146364331245422,True,0.8952329754829407,True
134,p0n186,13,3.0,0.5,408.0,4.0,C#4,61,1,0,0.9169144034385681,True,0.923179566860199,True,0.8603593707084656,True
135,p0n187,13,3.0,1.0,408.0,8.0,E3,52,2,0,0.34466731548309326,False,0.27059221267700195,False,0.2981780171394348,False
136,p0n188,13,3.5,0.5,412.0,4.0,C#5,73,1,0,0.6231003999710083,True,0.9009605050086975,True,0.5718106627464294,True
137,p0n189,13,3.5,0.5,412.0,4.0,E4,64,1,0,0.7568067312240601,True,0.16143684089183807,False,0.2555781602859497,False
138,p0n190,14,0.0,1.0,416.0,8.0,F#5,78,1,0,0.7034697532653809,True,0.7138990759849548,True,0.7293881177902222,True
139,p0n191,14,0.0,1.0,416.0,8.0,D#3,51,2,0,0.5844640731811523,True,0.9252285957336426,True,0.6943777203559875,True
140,p0n193,14,0.5,0.25,420.0,2.0,A#3,58,2,0,0.5205461382865906,True,0.2195390909910202,False,0.26803308725357056,False
141,p0n194,14,0.75,0.25,422.0,2.0,B#3,60,2,0,0.7696385979652405,True,0.48103171586990356,False,0.341453492641449,False
142,p0n195,14,1.0,1.0,424.0,8.0,D#5,75,1,0,0.4565298557281494,False,0.34461846947669983,False,0.3311161398887634,False
143,p0n196,14,1.0,0.75,424.0,6.0,B#3,60,2,0,0.6863729953765869,True,0.5884827971458435,True,0.5874385237693787,True
144,p0n198,14,1.5,0.5,428.0,4.0,G#3,56,2,0,0.21204157173633575,False,0.17736703157424927,False,0.28762781620025635,False
145,p0n199,14,1.75,0.125,430.0,1.0,A#3,58,2,0,0.7163985967636108,True,0.17970246076583862,False,0.2611270546913147,False
146,p0n200,14,1.875,0.125,431.0,1.0,B#3,60,2,0,0.7729569673538208,True,0.6480615735054016,True,0.7766098380088806,True
147,p0n201,14,2.0,0.5,432.0,4.0,G#5,80,1,0,0.8743199110031128,True,0.9964562058448792,True,0.9192352294921875,True
148,p0n202,14,2.0,1.0,432.0,8.0,C#4,61,2,0,0.8891047239303589,True,0.9784409999847412,True,0.860566258430481,True
149,p0n203,14,2.0,0.5,432.0,4.0,E3,52,2,0,0.7279611825942993,True,0.620059609413147,True,0.32570600509643555,False
150,p0n204,14,2.5,0.5,436.0,4.0,E5,76,1,0,0.7484192252159119,True,0.3320516347885132,False,0.3372271955013275,False
151,p0n205,14,2.5,0.5,436.0,4.0,C#3,49,2,0,0.8226879239082336,True,0.3502088189125061,False,0.3315223157405853,False
152,p0n206,14,3.0,0.5,440.0,4.0,F#5,78,1,0,0.28836819529533386,False,0.1689632087945938,False,0.2727101445198059,False
153,p0n207,14,3.0,2.0,440.0,16.0,A3,57,2,0,0.9319272637367249,True,0.9211872816085815,True,0.36432209610939026,False
154,p0n209,14,3.5,0.5,444.0,4.0,A5,81,1,0,0.9113954901695251,True,0.9700199961662292,True,0.7369716763496399,True
155,p0n210,14,3.5,0.5,444.0,4.0,F#4,66,1,0,0.4283430576324463,False,0.2203070968389511,False,0.29645323753356934,False
156,p0n212,15,0.0,0.5,448.0,4.0,D4,62,1,0,0.6081296801567078,True,0.6791579723358154,True,0.3730699121952057,False
157,p0n214,15,0.5,0.5,452.0,4.0,D5,74,1,0,0.39609771966934204,False,0.2596685290336609,False,0.31796300411224365,False
158,p0n215,15,0.5,0.5,452.0,4.0,B3,59,2,0,0.24736113846302032,False,0.22766412794589996,False,0.30444520711898804,False
159,p0n216,15,1.0,0.5,456.0,4.0,E5,76,1,0,0.7689235210418701,True,0.22927416861057281,False,0.28959178924560547,False
160,p0n217,15,1.0,1.5,456.0,12.0,G#3,56,2,0,0.4169965088367462,False,0.3948201835155487,False,0.34573668241500854,False
161,p0n219,15,1.5,0.5,460.0,4.0,G#5,80,1,0,0.7609021067619324,True,0.9421893954277039,True,0.722844123840332,True
162,p0n220,15,1.5,0.5,460.0,4.0,E4,64,1,0,0.8722714781761169,True,0.17273706197738647,False,0.28006353974342346,False
163,p0n222,15,2.0,0.5,464.0,4.0,C#4,61,2,0,0.9280850291252136,True,0.9924541115760803,True,0.7827830910682678,True
164,p0n224,15,2.5,0.5,468.0,4.0,C#5,73,1,0,0.6758407354354858,True,0.8696662783622742,True,0.5521761178970337,True
165,p0n225,15,2.5,0.5,468.0,4.0,A3,57,2,0,0.933340847492218,True,0.7843176126480103,True,0.5680729150772095,True
166,p0n226,15,2.5,0.5,468.0,4.0,C#3,49,2,0,0.7360244393348694,True,0.4512398838996887,False,0.33398985862731934,False
167,p0n227,15,3.0,0.5,472.0,4.0,B4,71,1,0,0.29673346877098083,False,0.2777377665042877,False,0.306901216506958,False
168,p0n228,15,3.0,2.0,472.0,16.0,F#3,54,2,0,0.7182847261428833,True,0.7203059196472168,True,0.7048740386962891,True
169,p0n230,15,3.5,0.5,476.0,4.0,A4,69,1,0,0.7069312334060669,True,0.18326540291309357,False,0.29572761058807373,False
170,p0n231,15,3.5,0.25,476.0,2.0,D4,62,2,0,0.6914467811584473,True,0.4167628288269043,False,0.2626696228981018,False
171,p0n232,15,3.75,0.25,478.0,2.0,C#4,61,2,0,0.5445754528045654,True,0.7792932391166687,True,0.4529515206813812,False
172,p0n233,16,0.0,1.0,480.0,8.0,G#4,68,1,0,0.698584794998169,True,0.726620614528656,True,0.6173051595687866,True
173,p0n234,16,0.0,0.5,480.0,4.0,B3,59,2,0,0.45771166682243347,False,0.6313984990119934,True,0.506964921951294,True
174,p0n236,16,0.5,0.5,484.0,4.0,A3,57,2,0,0.6867786049842834,True,0.17253510653972626,False,0.26262566447257996,False
175,p0n238,16,1.0,1.0,488.0,8.0,G#3,56,2,0,0.7106715440750122,True,0.5671505331993103,True,0.444391131401062,False
176,p0n239,16,1.0,1.0,488.0,8.0,E#3,53,2,0,0.6204469799995422,True,0.3036523759365082,False,0.29165729880332947,False
177,p0n240,16,1.5,0.5,492.0,4.0,C#5,73,1,0,0.7769108414649963,True,0.43834713101387024,False,0.36151260137557983,False
178,p0n241,16,2.0,0.5,496.0,4.0,A4,69,1,0,0.37362509965896606,False,0.4879676103591919,False,0.38462308049201965,False
179,p0n242,16,2.0,1.0,496.0,8.0,F#3,54,2,0,0.8941466212272644,True,0.9148091673851013,True,0.7368276119232178,True
180,p0n243,16,2.0,0.5,496.0,4.0,F#3,54,2,0,0.8742082715034485,True,0.8249647617340088,True,0.6271343231201172,True
181,p0n244,16,2.5,0.5,500.0,4.0,F#4,66,1,0,0.7116346955299377,True,0.7369785308837891,True,0.5498226284980774,True
182,p0n245,16,2.5,0.5,500.0,4.0,A3,57,2,0,0.24555832147598267,False,0.19373828172683716,False,0.28309547901153564,False
183,p0n246,16,3.0,1.5,504.0,12.0,D5,74,1,0,0.4284002482891083,False,0.39276495575904846,False,0.34851276874542236,False
184,p0n247,16,3.0,0.5,504.0,4.0,B3,59,2,0,0.2898613512516022,False,0.24620504677295685,False,0.29628244042396545,False
185,p0n250,16,3.5,0.5,508.0,4.0,B4,71,1,0,0.5845023393630981,True,0.700951099395752,True,0.3885974586009979,False
186,p0n251,16,3.5,0.5,508.0,4.0,D4,62,2,0,0.8751867413520813,True,0.6150110960006714,True,0.3614655137062073,False
187,p0n253,17,0.0,1.5,512.0,12.0,E4,64,1,0,0.6370887160301208,True,0.42759379744529724,False,0.3226763606071472,False
188,p0n254,17,0.0,0.5,512.0,4.0,G#3,56,2,0,0.06475277990102768,False,0.17967411875724792,False,0.28935936093330383,False
189,p0n255,17,0.5,0.25,516.0,2.0,C#5,73,1,0,0.6674761772155762,True,0.574644148349762,True,0.5099164843559265,True
190,p0n256,17,0.5,0.5,516.0,4.0,E3,52,2,0,0.825548529624939,True,0.5075084567070007,True,0.6473612785339355,True
191,p0n257,17,0.75,0.25,518.0,2.0,B4,71,1,0,0.38331863284111023,False,0.28394243121147156,False,0.30903205275535583,False
192,p0n258,17,1.0,1.5,520.0,12.0,C#5,73,1,0,0.8164088129997253,True,0.8006002902984619,True,0.5926415920257568,True
193,p0n259,17,1.0,0.5,520.0,4.0,A3,57,2,0,0.43630874156951904,False,0.31453755497932434,False,0.30269497632980347,False
194,p0n260,17,1.5,0.5,524.0,4.0,E4,64,1,0,0.23172970116138458,False,0.10302097350358963,False,0.2711693048477173,False
195,p0n261,17,1.5,0.5,524.0,4.0,C#4,61,2,0,0.9437100291252136,True,0.5332463979721069,True,0.5236120223999023,True
196,p0n263,17,2.0,1.5,528.0,12.0,A4,69,1,0,0.6034809350967407,True,0.5844899415969849,True,0.42472559213638306,False
197,p0n264,17,2.0,0.5,528.0,4.0,F#3,54,2,0,0.649085283279419,True,0.6633927822113037,True,0.460774302482605,False
198,p0n265,17,2.5,0.5,532.0,4.0,F#5,78,1,0,0.4986450672149658,False,0.186871737241745,False,0.2909161448478699,False
199,p0n266,17,2.5,0.5,532.0,4.0,D#3,51,2,0,0.956929624080658,True,0.6790704727172852,True,0.5957531929016113,True
200,p0n267,17,3.0,1.5,536.0,12.0,B4,71,1,0,0.27229246497154236,False,0.26690638065338135,False,0.30528318881988525,False
201,p0n269,17,3.0,0.5,536.0,4.0,G#3,56,2,0,0.01801491528749466,False,0.1146216094493866,False,0.2644704580307007,False
202,p0n270,17,3.5,0.25,540.0,2.0,G#4,68,1,0,0.13417674601078033,False,0.13661633431911469,False,0.2798041105270386,False
203,p0n271,17,3.5,0.5,540.0,4.0,B3,59,2,0,0.6945065855979919,True,0.7467372417449951,True,0.6398342251777649,True
204,p0n272,17,3.75,0.25,542.0,2.0,F#4,66,1,0,0.44994261860847473,False,0.20231936872005463,False,0.2806607782840729,False
205,p0n274,18,0.0,0.5,544.0,4.0,G#4,68,1,0,0.17576271295547485,False,0.24159963428974152,False,0.30777791142463684,False
206,p0n275,18,0.0,0.5,544.0,4.0,E#3,53,2,0,0.39045199751853943,False,0.23646803200244904,False,0.2962281405925751,False
207,p0n276,18,0.5,0.25,548.0,2.0,A4,69,1,0,0.4193874001502991,False,0.2915504574775696,False,0.31397008895874023,False
208,p0n277,18,0.5,0.5,548.0,4.0,E#4,65,1,0,0.18459075689315796,False,0.12675227224826813,False,0.26977989077568054,False
209,p0n278,18,0.5,0.5,548.0,4.0,C#3,49,2,0,0.9088138341903687,True,0.7981025576591492,True,0.4952888488769531,False
210,p0n279,18,0.75,0.25,550.0,2.0,G#4,68,1,0,0.27683281898498535,False,0.16066719591617584,False,0.27552610635757446,False
211,p0n280,18,1.0,0.5,552.0,4.0,A4,69,1,0,0.20804129540920258,False,0.19674304127693176,False,0.2725321352481842,False
212,p0n281,18,1.0,1.5,552.0,12.0,F#4,66,1,0,0.8730146288871765,True,0.5456250905990601,True,0.49586233496665955,False
213,p0n282,18,1.0,0.5,552.0,4.0,F#3,54,2,0,0.583344578742981,True,0.3400488793849945,False,0.27944454550743103,False
214,p0n283,18,1.5,0.5,556.0,4.0,F#4,66,1,0,0.7295417189598083,True,0.40466463565826416,False,0.3798823356628418,False
215,p0n284,18,1.5,0.5,556.0,4.0,A3,57,2,0,0.26879534125328064,False,0.180754616856575,False,0.2819720506668091,False
216,p0n285,18,2.0,2.0,560.0,16.0,G#4,68,1,0,0.06275628507137299,False,0.17669233679771423,False,0.28064945340156555,False
217,p0n287,18,2.0,0.5,560.0,4.0,B3,59,2,0,0.9701918959617615,True,0.7428156137466431,True,0.678455114364624,True
218,p0n288,18,2.5,0.25,564.0,2.0,E4,64,1,0,0.6982206702232361,True,0.24843651056289673,False,0.2917048931121826,False
219,p0n289,18,2.5,0.5,564.0,4.0,G#3,56,2,0,0.034963447600603104,False,0.11482983827590942,False,0.27467042207717896,False
220,p0n290,18,2.75,0.25,566.0,2.0,D#4,63,1,0,0.20401357114315033,False,0.14302398264408112,False,0.2713865041732788,False
221,p0n291,18,3.0,1.5,568.0,12.0,E4,64,1,0,0.9796509146690369,True,0.6591411828994751,True,0.4854016900062561,False
222,p0n292,18,3.0,0.5,568.0,4.0,C#4,61,2,0,0.8608878254890442,True,0.9335492253303528,True,0.6966685056686401,True
223,p0n293,18,3.5,0.5,572.0,4.0,B3,59,2,0,0.5485982894897461,True,0.24655628204345703,False,0.30645936727523804,False
224,p0n294,19,0.0,1.5,576.0,12.0,F#4,66,1,0,0.057906366884708405,False,0.16929538547992706,False,0.28567755222320557,False
225,p0n296,19,0.0,0.5,576.0,4.0,A#3,58,2,0,0.9703398942947388,True,0.9875812530517578,True,0.760068953037262,True
226,p0n297,19,0.5,0.25,580.0,2.0,D4,62,1,0,0.6831580400466919,True,0.5413088202476501,True,0.3520202040672302,False
227,p0n298,19,0.5,0.5,580.0,4.0,F#3,54,2,0,0.35086968541145325,False,0.17792508006095886,False,0.28626230359077454,False
228,p0n299,19,0.75,0.25,582.0,2.0,C#4,61,1,0,0.7767069935798645,True,0.5637299418449402,True,0.4867277145385742,False
229,p0n300,19,1.0,2.0,584.0,16.0,D4,62,1,0,0.9663198590278625,True,0.6484574675559998,True,0.5280129909515381,True
230,p0n301,19,1.0,0.5,584.0,4.0,B3,59,2,0,0.459147185087204,False,0.4191179871559143,False,0.3634292185306549,False
231,p0n302,19,1.5,0.5,588.0,4.0,B4,71,1,0,0.7080404758453369,True,0.8802658915519714,True,0.6359372138977051,True
232,p0n303,19,1.5,0.5,588.0,4.0,A3,57,2,0,0.6964809894561768,True,0.5030576586723328,True,0.2825411856174469,False
233,p0n304,19,2.0,0.5,592.0,4.0,E4,64,1,0,0.12070595473051071,False,0.15691864490509033,False,0.2731882631778717,False
234,p0n305,19,2.0,0.5,592.0,4.0,G#3,56,2,0,0.25224706530570984,False,0.31924134492874146,False,0.3205777108669281,False
235,p0n306,19,2.5,0.5,596.0,4.0,G#4,68,1,0,0.320300817489624,False,0.21463774144649506,False,0.29762181639671326,False
236,p0n307,19,2.5,0.5,596.0,4.0,E3,52,2,0,0.3363930881023407,False,0.17253081500530243,False,0.28324297070503235,False
237,p0n308,19,3.0,0.5,600.0,4.0,A4,69,1,0,0.5307857990264893,True,0.6550882458686829,True,0.6526902914047241,True
238,p0n309,19,3.0,1.5,600.0,12.0,C#4,61,1,0,0.9187261462211609,True,0.8107784390449524,True,0.5827884674072266,True
239,p0n310,19,3.0,0.5,600.0,4.0,F#3,54,2,0,0.5928956866264343,True,0.23188021779060364,False,0.2711387872695923,False
240,p0n311,19,3.5,0.5,604.0,4.0,C#5,73,1,0,0.9246760010719299,True,0.7572538256645203,True,0.654757022857666,True
241,p0n312,19,3.5,0.5,604.0,4.0,A3,57,2,0,0.852512001991272,True,0.43284496665000916,False,0.30337095260620117,False
242,p0n313,20,0.0,1.0,608.0,8.0,F#4,66,1,0,0.3949896991252899,False,0.22631365060806274,False,0.30065393447875977,False
243,p0n315,20,0.0,0.5,608.0,4.0,D3,50,2,0,0.5762452483177185,True,0.572639524936676,True,0.5672816634178162,True
244,p0n316,20,0.5,0.5,612.0,4.0,D4,62,1,0,0.9210651516914368,True,0.3722977042198181,False,0.326712042093277,False
245,p0n317,20,0.5,0.5,612.0,4.0,B2,47,2,0,0.7723999619483948,True,0.9201721549034119,True,0.6977447271347046,True
246,p0n318,20,1.0,1.0,616.0,8.0,G#4,68,1,0,0.09065398573875427,False,0.14509449899196625,False,0.26990166306495667,False
247,p0n319,20,1.0,0.5,616.0,4.0,B3,59,1,0,0.6109492778778076,True,0.46578723192214966,False,0.3494769334793091,False
248,p0n320,20,1.0,0.5,616.0,4.0,E3,52,2,0,0.18060611188411713,False,0.13117435574531555,False,0.26380786299705505,False
249,p0n321,20,1.5,0.5,620.0,4.0,E4,64,1,0,0.09799406677484512,False,0.11472731828689575,False,0.2723652720451355,False
250,p0n322,20,1.5,0.5,620.0,4.0,E2,40,2,0,0.6399778127670288,True,0.5752177238464355,True,0.5009533762931824,True
251,p0n323,20,2.0,1.0,624.0,8.0,A4,69,1,0,0.7042421102523804,True,0.7793641686439514,True,0.600894570350647,True
252,p0n324,20,2.0,1.0,624.0,8.0,C#4,61,1,0,0.8929517865180969,True,0.7930529713630676,True,0.5135073661804199,True
253,p0n325,20,2.0,0.5,624.0,4.0,A2,45,2,0,0.9534080028533936,True,0.9667553901672363,True,0.915274977684021,True
254,p0n326,20,2.5,0.5,628.0,4.0,A3,57,2,0,0.540212869644165,True,0.352620929479599,False,0.3301374912261963,False
255,p0n329,20,3.0,0.75,632.0,6.0,G#3,56,2,0,0.6611430644989014,True,0.3268911838531494,False,0.3150455057621002,False
256,p0n330,20,3.75,0.25,638.0,2.0,F#3,54,2,0,0.7688122987747192,True,0.30176404118537903,False,0.296976774930954,False
257,p0n333,21,0.0,0.5,640.0,4.0,E#3,53,2,0,0.8871628046035767,True,0.7794095873832703,True,0.49606311321258545,False
258,p0n334,21,0.5,0.5,644.0,4.0,C#4,61,2,0,0.8591569066047668,True,0.3956444263458252,False,0.292460560798645,False
259,p0n335,21,0.5,0.5,644.0,4.0,C#3,49,2,0,0.9272368550300598,True,0.48471692204475403,False,0.39304637908935547,False
260,p0n336,21,1.0,0.75,648.0,6.0,B3,59,2,0,0.4327000677585602,False,0.3911340534687042,False,0.3446461856365204,False
261,p0n337,21,1.0,2.0,648.0,16.0,F#3,54,2,0,0.30065467953681946,False,0.18199697136878967,False,0.2752342224121094,False
262,p0n338,21,1.75,0.25,654.0,2.0,A3,57,2,0,0.09714818000793457,False,0.11814192682504654,False,0.25732290744781494,False
263,p0n340,21,2.0,1.5,656.0,12.0,G#3,56,2,0,0.17813363671302795,False,0.2197202444076538,False,0.28964880108833313,False
264,p0n341,21,2.5,0.5,660.0,4.0,D5,74,1,0,0.5903609991073608,True,0.380385160446167,False,0.31595852971076965,False
265,p0n342,21,3.0,0.75,664.0,6.0,C#5,73,1,0,0.9249616861343384,True,0.6020070910453796,True,0.7606858611106873,True
266,p0n343,21,3.0,0.5,664.0,4.0,E#3,53,2,0,0.3894607424736023,False,0.1487233191728592,False,0.2617415487766266,False
267,p0n344,21,3.5,0.5,668.0,4.0,C#4,61,2,0,0.9166951775550842,True,0.41298454999923706,False,0.32591524720191956,False
268,p0n345,21,3.5,1.0,668.0,8.0,E3,52,2,0,0.7198611497879028,True,0.8038033246994019,True,0.7605143785476685,True
269,p0n346,21,3.75,0.25,670.0,2.0,B4,71,1,0,0.6420061588287354,True,0.9613505005836487,True,0.6173321604728699,True
270,p0n347,22,0.0,0.5,672.0,4.0,A#4,70,1,0,0.8637071251869202,True,0.6354719996452332,True,0.5366966128349304,True
271,p0n348,22,0.0,0.5,672.0,4.0,F#3,54,2,0,0.3238872289657593,False,0.250221312046051,False,0.3069348931312561,False
272,p0n350,22,0.5,0.5,676.0,4.0,F#4,66,1,0,0.42823734879493713,False,0.177161306142807,False,0.2836175858974457,False
273,p0n351,22,0.5,0.5,676.0,4.0,F#4,66,1,0,0.36917316913604736,False,0.14380434155464172,False,0.278139591217041,False
274,p0n352,22,0.5,0.5,676.0,4.0,D3,50,2,0,0.45580393075942993,False,0.22938737273216248,False,0.30233827233314514,False
275,p0n353,22,1.0,2.0,680.0,16.0,B4,71,1,0,0.5459142327308655,True,0.9392385482788086,True,0.7042798399925232,True
276,p0n354,22,1.0,0.75,680.0,6.0,E4,64,1,0,0.8475723266601562,True,0.9348663091659546,True,0.6986372470855713,True
277,p0n355,22,1.0,0.5,680.0,4.0,C#3,49,2,0,0.9866732358932495,True,0.7888309955596924,True,0.8223169445991516,True
278,p0n356,22,1.5,0.5,684.0,4.0,B2,47,2,0,0.7050576210021973,True,0.7965764403343201,True,0.44778111577033997,False
279,p0n357,22,1.75,0.25,686.0,2.0,D4,62,1,0,0.2461443692445755,False,0.12152133136987686,False,0.2700249254703522,False
280,p0n358,22,2.0,0.5,688.0,4.0,C#4,61,1,0,0.5932347178459167,True,0.9163804650306702,True,0.6344786286354065,True
281,p0n359,22,2.0,0.5,688.0,4.0,E3,52,2,0,0.9742184281349182,True,0.9787518382072449,True,0.9487676620483398,True
282,p0n360,22,2.5,0.5,692.0,4.0,G4,67,1,0,0.6357179284095764,True,0.5726059079170227,True,0.48081785440444946,False
283,p0n361,22,2.5,0.5,692.0,4.0,C#3,49,2,0,0.9567462801933289,True,0.6558501124382019,True,0.5508821606636047,True
284,p0n362,22,3.0,0.5,696.0,4.0,A#4,70,1,0,0.1476450264453888,False,0.15570154786109924,False,0.27045533061027527,False
285,p0n363,22,3.0,0.75,696.0,6.0,F#4,66,1,0,0.6366651058197021,True,0.8900834321975708,True,0.64548659324646,True
286,p0n364,22,3.0,0.5,696.0,4.0,F#3,54,2,0,0.06126181781291962,False,0.11539612710475922,False,0.2618488073348999,False
287,p0n365,22,3.5,1.0,700.0,8.0,A4,69,1,0,0.10985635966062546,False,0.14776180684566498,False,0.27307090163230896,False
288,p0n366,22,3.5,0.5,700.0,4.0,F#2,42,2,0,0.9798516631126404,True,0.9037872552871704,True,0.8998274207115173,True
289,p0n367,22,3.75,0.25,702.0,2.0,E4,64,1,0,0.9679983854293823,True,0.8039343357086182,True,0.7360681891441345,True
290,p0n369,23,0.0,0.5,704.0,4.0,D#4,63,1,0,0.6610365509986877,True,0.8651533126831055,True,0.7568114399909973,True
291,p0n370,23,0.0,1.0,704.0,8.0,B2,47,2,0,0.7446223497390747,True,0.7226927280426025,True,0.6143966317176819,True
292,p0n371,23,0.5,0.5,708.0,4.0,B4,71,1,0,0.7526259422302246,True,0.9151417016983032,True,0.4537515938282013,False
293,p0n372,23,0.5,0.5,708.0,4.0,B3,59,1,0,0.8224354386329651,True,0.8441330790519714,True,0.807715117931366,True
294,p0n373,23,1.0,0.75,712.0,6.0,A4,69,1,0,0.31304118037223816,False,0.270735502243042,False,0.29238131642341614,False
295,p0n374,23,1.0,2.0,712.0,16.0,E4,64,1,0,0.9489541053771973,True,0.8027200698852539,True,0.5710821747779846,True
296,p0n376,23,1.5,0.5,716.0,4.0,C#3,49,2,0,0.9303497076034546,True,0.6356698274612427,True,0.661253809928894,True
297,p0n377,23,1.75,0.25,718.0,2.0,G#4,68,1,0,0.18690809607505798,False,0.16510996222496033,False,0.2730517089366913,False
298,p0n378,23,2.0,2.0,720.0,16.0,F#4,66,1,0,0.5156635046005249,True,0.9245470762252808,True,0.8099305033683777,True
299,p0n379,23,2.0,0.5,720.0,4.0,A2,45,2,0,0.9757009148597717,True,0.9856960773468018,True,0.7607450485229492,True
300,p0n380,23,2.5,0.5,724.0,4.0,C#4,61,2,0,0.6627116203308105,True,0.8523638844490051,True,0.7220511436462402,True
301,p0n381,23,3.0,0.5,728.0,4.0,D#4,63,1,0,0.810348391532898,True,0.777072012424469,True,0.3391006588935852,False
302,p0n382,23,3.0,0.75,728.0,6.0,B3,59,2,0,0.759427011013031,True,0.8003363013267517,True,0.6637814044952393,True
303,p0n383,23,3.5,1.0,732.0,8.0,D4,62,1,0,0.7465884685516357,True,0.31778809428215027,False,0.301787406206131,False
304,p0n384,23,3.75,0.25,734.0,2.0,A3,57,2,0,0.7723004817962646,True,0.9677941203117371,True,0.8261386156082153,True
305,p0n385,24,0.0,1.5,736.0,12.0,E4,64,1,0,0.8072757124900818,True,0.233573317527771,False,0.29626408219337463,False
306,p0n387,24,0.0,0.5,736.0,4.0,G#3,56,2,0,0.9449312090873718,True,0.926207423210144,True,0.8896169066429138,True
307,p0n388,24,0.5,0.25,740.0,2.0,C#4,61,1,0,0.7508823275566101,True,0.7146739363670349,True,0.5131251215934753,True
308,p0n389,24,0.5,0.5,740.0,4.0,E3,52,2,0,0.8345577120780945,True,0.2485257238149643,False,0.25464513897895813,False
309,p0n390,24,0.75,0.25,742.0,2.0,B3,59,1,0,0.8116793036460876,True,0.6108921766281128,True,0.5823469161987305,True
310,p0n391,24,1.0,0.5,744.0,4.0,C#4,61,1,0,0.7561048269271851,True,0.7768003344535828,True,0.5441528558731079,True
311,p0n392,24,1.0,2.0,744.0,16.0,A3,57,2,0,0.7220540046691895,True,0.8764305114746094,True,0.722198486328125,True
312,p0n393,24,1.5,0.5,748.0,4.0,A4,69,1,0,0.37647491693496704,False,0.28889700770378113,False,0.3104850947856903,False
313,p0n394,24,1.5,0.5,748.0,4.0,F#4,66,1,0,0.19638191163539886,False,0.1428918093442917,False,0.277060866355896,False
314,p0n395,24,2.0,1.5,752.0,12.0,B4,71,1,0,0.9030176997184753,True,0.9649802446365356,True,0.787828803062439,True
315,p0n396,24,2.0,0.5,752.0,4.0,D4,62,1,0,0.7899134755134583,True,0.9566823840141296,True,0.7281236052513123,True
316,p0n397,24,2.5,0.5,756.0,4.0,B3,59,1,0,0.8520879149436951,True,0.45415085554122925,False,0.38558241724967957,False
317,p0n398,24,3.0,1.5,760.0,12.0,E4,64,1,0,0.6379379034042358,True,0.22805079817771912,False,0.27148640155792236,False
318,p0n399,24,3.0,0.5,760.0,4.0,G#3,56,2,0,0.44464534521102905,False,0.2721984386444092,False,0.3025783896446228,False
319,p0n400,24,3.5,0.5,764.0,4.0,G#4,68,1,0,0.07105918973684311,False,0.13612714409828186,False,0.2779259979724884,False
320,p0n401,24,3.5,0.5,764.0,4.0,E3,52,2,0,0.6248138546943665,True,0.42263829708099365,False,0.2784775197505951,False
321,p0n402,25,0.0,1.5,768.0,12.0,C#5,73,1,0,0.9658685326576233,True,0.9309476017951965,True,0.7609416246414185,True
322,p0n404,25,0.0,1.5,768.0,12.0,A3,57,2,0,0.9779371619224548,True,0.9132451415061951,True,0.8329161405563354,True
323,p0n405,25,0.5,0.5,772.0,4.0,C#4,61,1,0,0.7106141448020935,True,0.7123246788978577,True,0.5431390404701233,True
324,p0n406,25,1.0,1.5,776.0,12.0,F#4,66,1,0,0.17918121814727783,False,0.1552305668592453,False,0.2687445878982544,False
325,p0n407,25,1.5,0.5,780.0,4.0,A4,69,1,0,0.5727415680885315,True,0.7173143625259399,True,0.5204252600669861,True
326,p0n408,25,1.5,0.5,780.0,4.0,F#3,54,2,0,0.74491286277771,True,0.7072144746780396,True,0.6886448860168457,True
327,p0n409,25,2.0,2.5,784.0,20.0,D5,74,1,0,0.23490263521671295,False,0.3203039765357971,False,0.3254184424877167,False
328,p0n411,25,2.0,1.5,784.0,12.0,B3,59,2,0,0.3582932651042938,False,0.4075760245323181,False,0.36048993468284607,False
329,p0n412,25,2.5,0.5,788.0,4.0,A4,69,1,0,0.7795360684394836,True,0.5611434578895569,True,0.43863552808761597,False
330,p0n413,25,3.0,0.75,792.0,6.0,G#4,68,1,0,0.045454274863004684,False,0.12799853086471558,False,0.2660961151123047,False
331,p0n414,25,3.5,0.5,796.0,4.0,G#3,56,2,0,0.9196997284889221,True,0.5689916014671326,True,0.232960507273674,False
332,p0n415,25,3.75,0.25,798.0,2.0,F#4,66,1,0,0.18446728587150574,False,0.10878531634807587,False,0.26148906350135803,False
333,p0n417,26,0.0,0.5,800.0,4.0,E4,64,1,0,0.6917493343353271,True,0.9581894874572754,True,0.5225009322166443,True
334,p0n418,26,0.0,2.5,800.0,20.0,C#4,61,2,0,0.7421385645866394,True,0.9715874195098877,True,0.8099450469017029,True
335,p0n419,26,0.5,0.5,804.0,4.0,D5,74,1,0,0.2446434646844864,False,0.1597299873828888,False,0.2880385220050812,False
336,p0n420,26,0.5,0.5,804.0,4.0,B4,71,1,0,0.807819664478302,True,0.3821735978126526,False,0.35039740800857544,False
337,p0n421,26,1.0,0.75,808.0,6.0,C#5,73,1,0,0.5545434951782227,True,0.5405467748641968,True,0.4209434688091278,False
338,p0n422,26,1.0,0.5,808.0,4.0,A4,69,1,0,0.6174832582473755,True,0.5936469435691833,True,0.490518718957901,False
339,p0n423,26,1.5,0.5,812.0,4.0,G#4,68,1,0,0.7791931629180908,True,0.9703729152679443,True,0.668278694152832,True
340,p0n424,26,1.75,0.25,814.0,2.0,B4,71,1,0,0.2889600098133087,False,0.2654169201850891,False,0.300179123878479,False
341,p0n425,26,2.0,1.0,816.0,8.0,A4,69,1,0,0.6277497410774231,True,0.6488763689994812,True,0.459492027759552,False
342,p0n426,26,2.0,0.5,816.0,4.0,F#4,66,1,0,0.6465389728546143,True,0.8285055756568909,True,0.4374438524246216,False
343,p0n428,26,2.5,0.5,820.0,4.0,E4,64,1,0,0.9524256587028503,True,0.8458651304244995,True,0.370773047208786,False
344,p0n429,26,2.5,0.5,820.0,4.0,C#4,61,2,0,0.6522215604782104,True,0.6552592515945435,True,0.4526374340057373,False
345,p0n430,26,3.0,1.5,824.0,12.0,F#5,78,1,0,0.1860201209783554,False,0.1555953472852707,False,0.26843687891960144,False
346,p0n431,26,3.0,0.5,824.0,4.0,D4,62,1,0,0.3280528485774994,False,0.16636450588703156,False,0.2772125005722046,False
347,p0n432,26,3.0,0.75,824.0,6.0,B3,59,2,0,0.18323491513729095,False,0.21179474890232086,False,0.2866850197315216,False
348,p0n433,26,3.5,0.5,828.0,4.0,C#4,61,1,0,0.8468576669692993,True,0.8745734095573425,True,0.6838517189025879,True
349,p0n434,26,3.75,0.25,830.0,2.0,A3,57,2,0,0.37762001156806946,False,0.22584448754787445,False,0.2782438397407532,False
350,p0n436,27,0.0,1.0,832.0,8.0,B3,59,1,0,0.650130569934845,True,0.9641389846801758,True,0.7570584416389465,True
351,p0n437,27,0.0,1.0,832.0,8.0,G#3,56,2,0,0.7956451177597046,True,0.5539112687110901,True,0.29073068499565125,False
352,p0n438,27,0.5,0.5,836.0,4.0,E5,76,1,0,0.7579243183135986,True,0.3606901466846466,False,0.33734920620918274,False
353,p0n439,27,1.0,0.75,840.0,6.0,D5,74,1,0,0.45781978964805603,False,0.33624598383903503,False,0.32892897725105286,False
354,p0n440,27,1.0,1.5,840.0,12.0,F#4,66,1,0,0.5891645550727844,True,0.840960681438446,True,0.4496118426322937,False
355,p0n441,27,1.0,1.0,840.0,8.0,A#3,58,2,0,0.40810534358024597,False,0.31333503127098083,False,0.31544989347457886,False
356,p0n442,27,1.75,0.25,846.0,2.0,C#5,73,1,0,0.7313871383666992,True,0.616948664188385,True,0.5764259696006775,True
357,p0n443,27,2.0,0.5,848.0,4.0,D5,74,1,0,0.7664250731468201,True,0.7261261343955994,True,0.5754393935203552,True
358,p0n445,27,2.0,1.0,848.0,8.0,B3,59,2,0,0.9437848329544067,True,0.9896050691604614,True,0.8377429842948914,True
359,p0n446,27,2.5,0.5,852.0,4.0,B4,71,1,0,0.2162393182516098,False,0.24674634635448456,False,0.30828824639320374,False
360,p0n447,27,2.5,0.5,852.0,4.0,D4,62,1,0,0.19327227771282196,False,0.12142025679349899,False,0.28048720955848694,False
361,p0n448,27,3.0,1.5,856.0,12.0,E5,76,1,0,0.4544949531555176,False,0.27663999795913696,False,0.2994415760040283,False
362,p0n449,27,3.0,0.75,856.0,6.0,C#4,61,2,0,0.7697510719299316,True,0.89542555809021,True,0.5877087712287903,True
363,p0n450,27,3.0,1.0,856.0,8.0,G3,55,2,0,0.6279810070991516,True,0.4916013181209564,False,0.332409530878067,False
364,p0n451,27,3.75,0.25,862.0,2.0,B3,59,2,0,0.8154874444007874,True,0.8576899170875549,True,0.7135083675384521,True
365,p0n453,28,0.0,0.5,864.0,4.0,A#3,58,2,0,0.9205732941627502,True,0.8410422205924988,True,0.5468891859054565,True
366,p0n454,28,0.0,1.0,864.0,8.0,F#3,54,2,0,0.5870091319084167,True,0.5212287306785583,True,0.26246875524520874,False
367,p0n455,28,0.5,0.5,868.0,4.0,F#5,78,1,0,0.5136929154396057,True,0.5069369077682495,True,0.4927421510219574,False
368,p0n456,28,0.5,0.5,868.0,4.0,F#3,54,2,0,0.4061226546764374,False,0.1402285099029541,False,0.27805188298225403,False
369,p0n457,28,1.0,0.5,872.0,4.0,D5,74,1,0,0.7426865696907043,True,0.5011987090110779,True,0.3967713415622711,False
370,p0n458,28,1.0,2.0,872.0,16.0,B3,59,2,0,0.7093291282653809,True,0.9655137062072754,True,0.6896559596061707,True
371,p0n460,28,1.5,0.5,876.0,4.0,B4,71,1,0,0.43303820490837097,False,0.4234504699707031,False,0.387937992811203,False
372,p0n461,28,1.5,0.5,876.0,4.0,G3,55,2,0,0.5993969440460205,True,0.3696417808532715,False,0.3116300106048584,False
373,p0n462,28,2.0,1.0,880.0,8.0,C#5,73,1,0,0.8386837244033813,True,0.8847284913063049,True,0.5814185738563538,True
374,p0n463,28,2.0,0.5,880.0,4.0,E3,52,2,0,0.9470204710960388,True,0.9872903227806091,True,0.8950762152671814,True
375,p0n464,28,2.5,0.5,884.0,4.0,C#3,49,2,0,0.668992817401886,True,0.3829317092895508,False,0.3505685031414032,False
376,p0n466,28,3.0,0.5,888.0,4.0,A#3,58,2,0,0.6066758036613464,True,0.4599853754043579,False,0.2836568057537079,False
377,p0n467,28,3.0,2.0,888.0,16.0,F#3,54,2,0,0.3765983283519745,False,0.1876305192708969,False,0.2773061990737915,False
378,p0n468,28,3.5,0.5,892.0,4.0,A#4,70,1,0,0.438934326171875,False,0.25675734877586365,False,0.30729207396507263,False
379,p0n469,28,3.5,0.5,892.0,4.0,F#4,66,1,0,0.7511424422264099,True,0.9296506643295288,True,0.7149439454078674,True
380,p0n470,29,0.0,0.5,896.0,4.0,B4,71,1,0,0.5541021823883057,True,0.9301528930664062,True,0.7748796343803406,True
381,p0n471,29,0.0,0.5,896.0,4.0,D4,62,1,0,0.08638124167919159,False,0.1663406789302826,False,0.2914904057979584,False
382,p0n473,29,0.5,0.5,900.0,4.0,D5,74,1,0,0.9347284436225891,True,0.4125080108642578,False,0.3232005834579468,False
383,p0n474,29,0.5,0.5,900.0,4.0,B3,59,1,0,0.8976215124130249,True,0.9138145446777344,True,0.8025175929069519,True
384,p0n475,29,1.0,0.75,904.0,6.0,C#5,73,1,0,0.8526294231414795,True,0.8496549129486084,True,0.47448650002479553,False
385,p0n476,29,1.0,1.5,904.0,12.0,G4,67,1,0,0.44933950901031494,False,0.36297324299812317,False,0.34464403986930847,False
386,p0n477,29,1.0,0.5,904.0,4.0,E3,52,2,0,0.9152814149856567,True,0.748761773109436,True,0.6144899725914001,True
387,p0n478,29,1.5,0.5,908.0,4.0,D3,50,2,0,0.720592737197876,True,0.6936315298080444,True,0.37821874022483826,False
388,p0n479,29,1.75,0.25,910.0,2.0,B4,71,1,0,0.7748919129371643,True,0.35135623812675476,False,0.31821683049201965,False
389,p0n480,29,2.0,1.5,912.0,12.0,A4,69,1,0,0.7608360648155212,True,0.4809010922908783,False,0.3592092990875244,False
390,p0n482,29,2.0,0.5,912.0,4.0,C#3,49,2,0,0.7223570346832275,True,0.5586870312690735,True,0.2909993827342987,False
391,p0n483,29,2.5,0.25,916.0,2.0,F#4,66,1,0,0.8060882091522217,True,0.9398882389068604,True,0.7987577319145203,True
392,p0n484,29,2.5,0.5,916.0,4.0,A2,45,2,0,0.8760275840759277,True,0.5353804230690002,True,0.4440585970878601,False
393,p0n485,29,2.75,0.25,918.0,2.0,E4,64,1,0,0.7521944642066956,True,0.3779757022857666,False,0.2782556116580963,False
394,p0n486,29,3.0,1.5,920.0,12.0,F#4,66,1,0,0.717181384563446,True,0.7753061652183533,True,0.6155431866645813,True
395,p0n487,29,3.0,0.5,920.0,4.0,D3,50,2,0,0.32518383860588074,False,0.2787392735481262,False,0.30477431416511536,False
396,p0n488,29,3.5,0.5,924.0,4.0,D5,74,1,0,0.6202836632728577,True,0.5521872639656067,True,0.46294093132019043,False
397,p0n489,29,3.5,0.5,924.0,4.0,C#3,49,2,0,0.44219568371772766,False,0.24136489629745483,False,0.2967998683452606,False
398,p0n490,30,0.0,1.5,928.0,12.0,G4,67,1,0,0.7521333694458008,True,0.9875407814979553,True,0.7945172190666199,True
399,p0n492,30,0.0,0.5,928.0,4.0,B2,47,2,0,0.8997153639793396,True,0.8027336001396179,True,0.7397951483726501,True
400,p0n493,30,0.5,0.5,932.0,4.0,B4,71,1,0,0.40994492173194885,False,0.32136738300323486,False,0.3371438980102539,False
401,p0n494,30,0.5,0.5,932.0,4.0,D3,50,2,0,0.5563570857048035,True,0.3922649621963501,False,0.3610128164291382,False
402,p0n495,30,1.0,1.5,936.0,12.0,E4,64,1,0,0.7908703684806824,True,0.47415655851364136,False,0.32862260937690735,False
403,p0n496,30,1.0,0.75,936.0,6.0,C#3,49,2,0,0.2661294937133789,False,0.21321603655815125,False,0.27284541726112366,False
404,p0n497,30,1.5,0.5,940.0,4.0,C#5,73,1,0,0.8104404211044312,True,0.6570584177970886,True,0.46509355306625366,False
405,p0n498,30,1.75,0.25,942.0,2.0,B2,47,2,0,0.21934135258197784,False,0.18320037424564362,False,0.27981024980545044,False
406,p0n499,30,2.0,1.0,944.0,8.0,F#4,66,1,0,0.8934451341629028,True,0.8564985990524292,True,0.697023332118988,True
407,p0n501,30,2.0,0.5,944.0,4.0,A#2,46,2,0,0.9539616107940674,True,0.8761165142059326,True,0.39195534586906433,False
408,p0n502,30,2.5,0.25,948.0,2.0,D4,62,1,0,0.7772255539894104,True,0.21380707621574402,False,0.2585467994213104,False
409,p0n503,30,2.5,0.5,948.0,4.0,F#2,42,2,0,0.9449256062507629,True,0.7122620344161987,True,0.6837282180786133,True
410,p0n504,30,2.75,0.25,950.0,2.0,C#4,61,1,0,0.8433434367179871,True,0.8998512029647827,True,0.6339206695556641,True
411,p0n506,30,3.0,0.5,952.0,4.0,D4,62,1,0,0.9078314900398254,True,0.4772665202617645,False,0.3064534068107605,False
412,p0n507,30,3.0,1.5,952.0,12.0,B2,47,2,0,0.45193910598754883,False,0.2883315086364746,False,0.3093074560165405,False
413,p0n508,30,3.5,0.5,956.0,4.0,B3,59,1,0,0.948409378528595,True,0.940464437007904,True,0.9685054421424866,True
414,p0n510,31,0.0,2.0,960.0,16.0,C#4,61,1,0,0.9380213618278503,True,0.9450252056121826,True,0.8402694463729858,True
415,p0n512,31,0.5,0.5,964.0,4.0,E#4,65,1,0,0.459602952003479,False,0.19913692772388458,False,0.2819594740867615,False
416,p0n513,31,0.5,0.25,964.0,2.0,A2,45,2,0,0.8571863174438477,True,0.3953985571861267,False,0.31107550859451294,False
417,p0n514,31,0.75,0.25,966.0,2.0,G#2,44,2,0,0.9265283346176147,True,0.9527684450149536,True,0.8185467720031738,True
418,p0n515,31,1.0,0.5,968.0,4.0,F#4,66,1,0,0.7881190180778503,True,0.8736376166343689,True,0.6120039224624634,True
419,p0n516,31,1.0,1.5,968.0,12.0,A2,45,2,0,0.8418325781822205,True,0.5285210013389587,True,0.3714754581451416,False
420,p0n517,31,1.5,0.5,972.0,4.0,A4,69,1,0,0.4141681492328644,False,0.19443431496620178,False,0.2836514413356781,False
421,p0n518,31,2.0,0.5,976.0,4.0,D#4,63,1,0,0.563501238822937,True,0.8072224259376526,True,0.33887162804603577,False
422,p0n519,31,2.0,1.5,976.0,12.0,B3,59,1,0,0.7196454405784607,True,0.9881911277770996,True,0.9411720633506775,True
423,p0n521,31,2.5,0.5,980.0,4.0,F#4,66,1,0,0.8790307641029358,True,0.7219626307487488,True,0.5772657990455627,True
424,p0n522,31,2.5,0.25,980.0,2.0,G#2,44,2,0,0.6022951006889343,True,0.38409385085105896,False,0.38797327876091003,False
425,p0n523,31,2.75,0.25,982.0,2.0,F#2,42,2,0,0.8086434006690979,True,0.4665583372116089,False,0.27980247139930725,False
426,p0n524,31,3.0,1.5,984.0,12.0,B4,71,1,0,0.2562292218208313,False,0.2715447247028351,False,0.30294883251190186,False
427,p0n525,31,3.0,0.5,984.0,4.0,G#2,44,2,0,0.9637051224708557,True,0.7849446535110474,True,0.7658116817474365,True
428,p0n526,31,3.5,0.5,988.0,4.0,G#4,68,1,0,0.6757371425628662,True,0.8736359477043152,True,0.5591174364089966,True
429,p0n527,31,3.5,0.5,988.0,4.0,E2,40,2,0,0.9405631422996521,True,0.7059134244918823,True,0.4083949029445648,False
430,p0n529,32,0.0,2.0,992.0,16.0,E4,64,1,0,0.9643107652664185,True,0.38211140036582947,False,0.32839328050613403,False
431,p0n530,32,0.0,0.5,992.0,4.0,C#3,49,2,0,0.8854566216468811,True,0.8522499799728394,True,0.5875192284584045,True
432,p0n531,32,0.5,0.25,996.0,2.0,A4,69,1,0,0.33236172795295715,False,0.2769409418106079,False,0.3074922263622284,False
433,p0n532,32,0.5,0.5,996.0,4.0,C#2,37,2,0,0.9320149421691895,True,0.9550187587738037,True,0.7263047099113464,True
434,p0n533,32,0.75,0.25,998.0,2.0,G#4,68,1,0,0.580450177192688,True,0.4009915292263031,False,0.32035374641418457,False
435,p0n534,32,1.0,0.5,1000.0,4.0,A4,69,1,0,0.2621936500072479,False,0.2250320017337799,False,0.27747008204460144,False
436,p0n535,32,1.0,1.5,1000.0,12.0,C#3,49,2,0,0.9137350916862488,True,0.4347362518310547,False,0.3108357787132263,False
437,p0n536,32,1.5,0.5,1004.0,4.0,C#5,73,1,0,0.5865132212638855,True,0.7683103084564209,True,0.42273491621017456,False
438,p0n537,32,2.0,0.5,1008.0,4.0,F#4,66,1,0,0.5738596320152283,True,0.7335470914840698,True,0.4677491784095764,False
439,p0n538,32,2.0,1.5,1008.0,12.0,D4,62,1,0,0.8031403422355652,True,0.4458380937576294,False,0.2967529296875,False
440,p0n540,32,2.5,0.5,1012.0,4.0,A4,69,1,0,0.21655172109603882,False,0.15955816209316254,False,0.2751791477203369,False
441,p0n541,32,2.5,0.25,1012.0,2.0,B2,47,2,0,0.13272753357887268,False,0.15865662693977356,False,0.2845776379108429,False
442,p0n542,32,2.75,0.25,1014.0,2.0,A2,45,2,0,0.5829159617424011,True,0.2681889235973358,False,0.26137638092041016,False
443,p0n543,32,3.0,1.5,1016.0,12.0,D5,74,1,0,0.41786640882492065,False,0.3498241901397705,False,0.3283696472644806,False
444,p0n544,32,3.0,0.5,1016.0,4.0,B2,47,2,0,0.29230156540870667,False,0.22828860580921173,False,0.2891669273376465,False
445,p0n545,32,3.5,0.5,1020.0,4.0,B4,71,1,0,0.3106536865234375,False,0.2731339633464813,False,0.3197902739048004,False
446,p0n546,32,3.5,0.5,1020.0,4.0,G#2,44,2,0,0.9129462242126465,True,0.5202113389968872,True,0.7185731530189514,True
447,p0n548,33,0.0,0.5,1024.0,4.0,G#4,68,1,0,0.10410316288471222,False,0.21263344585895538,False,0.2969094216823578,False
448,p0n549,33,0.0,0.5,1024.0,4.0,E#2,41,2,0,0.20018725097179413,False,0.20207151770591736,False,0.2856118679046631,False
449,p0n550,33,0.5,0.5,1028.0,4.0,D5,74,1,0,0.6269986033439636,True,0.5346239805221558,True,0.31251174211502075,False
450,p0n551,33,0.5,0.5,1028.0,4.0,E#4,65,1,0,0.3263808488845825,False,0.15802039206027985,False,0.2749021053314209,False
451,p0n552,33,0.5,0.5,1028.0,4.0,G#3,56,2,0,0.2635843753814697,False,0.18278595805168152,False,0.2858465909957886,False
452,p0n553,33,1.0,0.75,1032.0,6.0,C#5,73,1,0,0.79433274269104,True,0.7461807727813721,True,0.5138747096061707,True
453,p0n554,33,1.0,0.5,1032.0,4.0,E#3,53,2,0,0.6699428558349609,True,0.4242068827152252,False,0.31429174542427063,False
454,p0n556,33,1.5,1.0,1036.0,8.0,G#4,68,1,0,0.21404659748077393,False,0.15923510491847992,False,0.2824646830558777,False
455,p0n557,33,1.5,0.5,1036.0,4.0,C#3,49,2,0,0.9331150054931641,True,0.6868497133255005,True,0.570472240447998,True
456,p0n558,33,1.75,0.25,1038.0,2.0,B4,71,1,0,0.3716639578342438,False,0.2567655146121979,False,0.2994571030139923,False
457,p0n559,33,2.0,2.5,1040.0,20.0,A4,69,1,0,0.5073171854019165,True,0.882951021194458,True,0.45156610012054443,False
458,p0n561,33,2.0,0.5,1040.0,4.0,F#3,54,2,0,0.34767451882362366,False,0.21869273483753204,False,0.2832895815372467,False
459,p0n562,33,2.5,0.25,1044.0,2.0,F#4,66,1,0,0.7195040583610535,True,0.4413295388221741,False,0.27241382002830505,False
460,p0n563,33,2.5,0.5,1044.0,4.0,G#3,56,2,0,0.06517260521650314,False,0.12480171024799347,False,0.2748776376247406,False
461,p0n564,33,2.75,0.25,1046.0,2.0,E#4,65,1,0,0.6892114281654358,True,0.09627912938594818,False,0.2488124966621399,False
462,p0n565,33,3.0,0.5,1048.0,4.0,F#4,66,1,0,0.7204980850219727,True,0.6637107133865356,True,0.28863558173179626,False
463,p0n566,33,3.0,0.5,1048.0,4.0,A3,57,2,0,0.9154854416847229,True,0.567205011844635,True,0.5290634036064148,True
464,p0n567,33,3.5,0.5,1052.0,4.0,D#4,63,1,0,0.658464252948761,True,0.23458978533744812,False,0.29441186785697937,False
465,p0n568,33,3.5,0.5,1052.0,4.0,F#3,54,2,0,0.3128419518470764,False,0.09801667928695679,False,0.2697893977165222,False
466,p0n570,34,0.0,2.0,1056.0,16.0,B#3,60,2,0,0.9502176642417908,True,0.9573291540145874,True,0.8910901546478271,True
467,p0n571,34,0.0,0.5,1056.0,4.0,G#3,56,2,0,0.2647635340690613,False,0.3078018128871918,False,0.3254804313182831,False
468,p0n572,34,0.5,0.25,1060.0,2.0,G#4,68,1,0,0.0886506587266922,False,0.13307920098304749,False,0.2769167423248291,False
469,p0n573,34,0.5,0.5,1060.0,4.0,G#2,44,2,0,0.8790728449821472,True,0.6276809573173523,True,0.812390923500061,True
470,p0n574,34,0.75,0.25,1062.0,2.0,F#4,66,1,0,0.8219631314277649,True,0.36605554819107056,False,0.22633454203605652,False
471,p0n575,34,1.0,0.5,1064.0,4.0,G#4,68,1,0,0.20710620284080505,False,0.1897735893726349,False,0.2773677408695221,False
472,p0n577,34,1.5,0.5,1068.0,4.0,D#4,63,1,0,0.889662504196167,True,0.37631216645240784,False,0.2789381444454193,False
473,p0n578,34,1.5,0.5,1068.0,4.0,G#3,56,2,0,0.7923151254653931,True,0.6731900572776794,True,0.6331373453140259,True
474,p0n579,34,2.0,0.5,1072.0,4.0,E4,64,1,0,0.9323727488517761,True,0.9021552205085754,True,0.622626543045044,True
475,p0n580,34,2.0,0.5,1072.0,4.0,C#4,61,2,0,0.683108925819397,True,0.9532663822174072,True,0.27570822834968567,False
476,p0n581,34,2.0,0.5,1072.0,4.0,E3,52,2,0,0.7595579624176025,True,0.40754827857017517,False,0.3082295060157776,False
477,p0n582,34,2.5,0.5,1076.0,4.0,E5,76,1,0,0.2592664361000061,False,0.11630000919103622,False,0.27263811230659485,False
478,p0n583,34,2.5,0.5,1076.0,4.0,C#3,49,2,0,0.5997445583343506,True,0.7905583381652832,True,0.7279084920883179,True
479,p0n585,34,3.0,0.75,1080.0,6.0,D#5,75,1,0,0.5043891668319702,True,0.40195491909980774,False,0.3276434540748596,False
480,p0n586,34,3.0,1.5,1080.0,12.0,A3,57,2,0,0.9439600110054016,True,0.7266238331794739,True,0.5661397576332092,True
481,p0n588,34,3.75,0.25,1086.0,2.0,C#5,73,1,0,0.20027415454387665,False,0.1624782234430313,False,0.26356181502342224,False
482,p0n589,35,0.0,0.5,1088.0,4.0,B#4,72,1,0,0.6334413290023804,True,0.889660120010376,True,0.5303415656089783,True
483,p0n592,35,0.5,0.5,1092.0,4.0,F#5,78,1,0,0.7498179078102112,True,0.574381947517395,True,0.4546905755996704,False
484,p0n593,35,0.5,0.5,1092.0,4.0,D#5,75,1,0,0.9450884461402893,True,0.4661747217178345,False,0.38658949732780457,False
485,p0n594,35,0.5,0.25,1092.0,2.0,G#3,56,2,0,0.7287729978561401,True,0.6595091223716736,True,0.5649532079696655,True
486,p0n595,35,0.75,0.25,1094.0,2.0,F#3,54,2,0,0.47783514857292175,False,0.1470763236284256,False,0.26443570852279663,False
487,p0n596,35,1.0,0.5,1096.0,4.0,E5,76,1,0,0.6875876784324646,True,0.26639723777770996,False,0.30545416474342346,False
488,p0n597,35,1.0,0.75,1096.0,6.0,C#5,73,1,0,0.4538990259170532,False,0.34960952401161194,False,0.31582900881767273,False
489,p0n598,35,1.0,1.5,1096.0,12.0,G#3,56,2,0,0.25289347767829895,False,0.18114972114562988,False,0.27566051483154297,False
490,p0n599,35,1.5,0.5,1100.0,4.0,D#5,75,1,0,0.8553003668785095,True,0.4087323248386383,False,0.33279651403427124,False
491,p0n600,35,1.75,0.25,1102.0,2.0,B#4,72,1,0,0.7625716328620911,True,0.7251890301704407,True,0.39997613430023193,False
492,p0n601,35,2.0,1.5,1104.0,12.0,E5,76,1,0,0.715823769569397,True,0.3800693452358246,False,0.3128340542316437,False
493,p0n602,35,2.0,0.5,1104.0,4.0,C#5,73,1,0,0.765846848487854,True,0.8549980521202087,True,0.4576703608036041,False
494,p0n604,35,2.5,0.5,1108.0,4.0,B4,71,1,0,0.6703896522521973,True,0.7374469637870789,True,0.5586332082748413,True
495,p0n605,35,2.5,0.5,1108.0,4.0,C#4,61,2,0,0.7724124193191528,True,0.5071234703063965,True,0.2259824126958847,False
496,p0n606,35,3.0,0.5,1112.0,4.0,A4,69,1,0,0.6365610361099243,True,0.259278804063797,False,0.29718032479286194,False
497,p0n607,35,3.0,1.5,1112.0,12.0,F#3,54,2,0,0.2690633237361908,False,0.1340532898902893,False,0.26330631971359253,False
498,p0n608,35,3.5,0.25,1116.0,2.0,D#5,75,1,0,0.2915396988391876,False,0.16037416458129883,False,0.28600889444351196,False
499,p0n609,35,3.5,0.5,1116.0,4.0,G#4,68,1,0,0.3758561909198761,False,0.20254941284656525,False,0.29241853952407837,False
500,p0n610,35,3.75,0.25,1118.0,2.0,C#5,73,1,0,0.4387038052082062,False,0.30390554666519165,False,0.2983907461166382,False
501,p0n611,36,0.0,0.5,1120.0,4.0,G#5,80,1,0,0.8917104005813599,True,0.9594965577125549,True,0.8199165463447571,True
502,p0n612,36,0.0,0.5,1120.0,4.0,B#3,60,2,0,0.9506441950798035,True,0.9311002492904663,True,0.8458157181739807,True
503,p0n614,36,0.5,0.5,1124.0,4.0,B#4,72,1,0,0.4994892477989197,False,0.27927467226982117,False,0.30799004435539246,False
504,p0n615,36,0.5,0.5,1124.0,4.0,D#4,63,1,0,0.9106772541999817,True,0.8382791876792908,True,0.4270850419998169,False
505,p0n616,36,0.5,0.25,1124.0,2.0,E3,52,2,0,0.7169261574745178,True,0.050084177404642105,False,0.2638905644416809,False
506,p0n617,36,0.75,0.25,1126.0,2.0,D#3,51,2,0,0.7656088471412659,True,0.8988427519798279,True,0.5708586573600769,True
507,p0n618,36,1.0,2.0,1128.0,16.0,C#5,73,1,0,0.5288030505180359,True,0.8302246928215027,True,0.35523441433906555,False
508,p0n619,36,1.0,0.5,1128.0,4.0,G#3,56,2,0,0.8701653480529785,True,0.97239750623703,True,0.6036173701286316,True
509,p0n620,36,1.0,0.5,1128.0,4.0,E3,52,2,0,0.8540643453598022,True,0.3254859149456024,False,0.2608136832714081,False
510,p0n621,36,1.5,0.5,1132.0,4.0,G#4,68,1,0,0.6163473129272461,True,0.5997942686080933,True,0.41632169485092163,False
511,p0n622,36,1.5,0.5,1132.0,4.0,C#3,49,2,0,0.8177900314331055,True,0.47663193941116333,False,0.40971532464027405,False
512,p0n623,36,2.0,0.25,1136.0,2.0,F#4,66,1,0,0.8456900715827942,True,0.9595414400100708,True,0.6456576585769653,True
513,p0n624,36,2.0,1.0,1136.0,8.0,D#3,51,2,0,0.7219249606132507,True,0.8801146149635315,True,0.6315941214561462,True
514,p0n625,36,2.25,0.25,1138.0,2.0,G#4,68,1,0,0.46539685130119324,False,0.21503281593322754,False,0.28684720396995544,False
515,p0n626,36,2.5,0.25,1140.0,2.0,F#4,66,1,0,0.8751516938209534,True,0.7035436034202576,True,0.4385767877101898,False
516,p0n627,36,2.75,0.25,1142.0,2.0,E4,64,1,0,0.9481157660484314,True,0.14320404827594757,False,0.2439589947462082,False
517,p0n628,36,3.0,1.0,1144.0,8.0,B#4,72,1,0,0.22175081074237823,False,0.2062382698059082,False,0.2724347412586212,False
518,p0n629,36,3.0,0.25,1144.0,2.0,F#4,66,1,0,0.8011475801467896,True,0.8706859350204468,True,0.595999538898468,True
519,p0n630,36,3.0,1.0,1144.0,8.0,G#3,56,2,0,0.9344460368156433,True,0.8998459577560425,True,0.3681241273880005,False
520,p0n631,36,3.25,0.25,1146.0,2.0,E4,64,1,0,0.8459450602531433,True,0.32803964614868164,False,0.25687098503112793,False
521,p0n632,36,3.5,0.25,1148.0,2.0,D#4,63,1,0,0.7349077463150024,True,0.6886670589447021,True,0.4601132869720459,False
522,p0n633,36,3.75,0.25,1150.0,2.0,F#4,66,1,0,0.7247925400733948,True,0.49974286556243896,False,0.3072448670864105,False
523,p0n634,37,0.0,1.0,1152.0,8.0,C#5,73,1,0,0.9239134788513184,True,0.8202584981918335,True,0.4828682839870453,False
524,p0n635,37,0.0,0.25,1152.0,2.0,E4,64,1,0,0.9347888231277466,True,0.6199052929878235,True,0.3139107823371887,False
525,p0n636,37,0.0,1.0,1152.0,8.0,C#3,49,2,0,0.9781302213668823,True,0.7918976545333862,True,0.7749963998794556,True
526,p0n637,37,0.25,0.25,1154.0,2.0,F#4,66,1,0,0.5151916742324829,True,0.6065588593482971,True,0.32719361782073975,False
527,p0n638,37,0.5,0.25,1156.0,2.0,E4,64,1,0,0.9410389065742493,True,0.20685768127441406,False,0.25997498631477356,False
528,p0n639,37,0.75,0.25,1158.0,2.0,D#4,63,1,0,0.39925888180732727,False,0.13791139423847198,False,0.26881131529808044,False
529,p0n642,37,1.0,0.25,1160.0,2.0,E4,64,1,0,0.8197404146194458,True,0.3286413848400116,False,0.26791661977767944,False
530,p0n643,37,1.25,0.25,1162.0,2.0,D#4,63,1,0,0.4040357172489166,False,0.14647744596004486,False,0.27045154571533203,False
531,p0n644,37,1.5,0.5,1164.0,4.0,C#5,73,1,0,0.5937047600746155,True,0.22002223134040833,False,0.26580309867858887,False
532,p0n645,37,1.5,0.25,1164.0,2.0,C#4,61,1,0,0.6166163682937622,True,0.811574399471283,True,0.5210466384887695,True
533,p0n646,37,1.75,0.25,1166.0,2.0,E4,64,1,0,0.949148416519165,True,0.2613205313682556,False,0.25500646233558655,False
534,p0n647,37,2.0,0.25,1168.0,2.0,B4,71,1,0,0.595357358455658,True,0.695429265499115,True,0.42800024151802063,False
535,p0n648,37,2.0,0.5,1168.0,4.0,D#4,63,1,0,0.8090010285377502,True,0.6569637656211853,True,0.45867571234703064,False
536,p0n650,37,2.25,0.25,1170.0,2.0,C#5,73,1,0,0.38054507970809937,False,0.1977464258670807,False,0.26829734444618225,False
537,p0n651,37,2.5,0.25,1172.0,2.0,B4,71,1,0,0.1252327710390091,False,0.16432397067546844,False,0.2862958014011383,False
538,p0n652,37,2.5,0.5,1172.0,4.0,G#4,68,1,0,0.8412035703659058,True,0.6719121336936951,True,0.4387645721435547,False
539,p0n653,37,2.75,0.25,1174.0,2.0,A4,69,1,0,0.567740261554718,True,0.3292998671531677,False,0.3077607750892639,False
540,p0n654,37,3.0,0.25,1176.0,2.0,B4,71,1,0,0.1878984570503235,False,0.21415375173091888,False,0.28717872500419617,False
541,p0n655,37,3.0,0.5,1176.0,4.0,C#4,61,1,0,0.8461086750030518,True,0.7058276534080505,True,0.40650972723960876,False
542,p0n656,37,3.25,0.25,1178.0,2.0,A4,69,1,0,0.43434715270996094,False,0.21308349072933197,False,0.27752384543418884,False
543,p0n657,37,3.5,0.25,1180.0,2.0,G#4,68,1,0,0.3993806838989258,False,0.24213320016860962,False,0.3082760274410248,False
544,p0n658,37,3.5,0.5,1180.0,4.0,E#4,65,1,0,0.37084686756134033,False,0.12436779588460922,False,0.26846542954444885,False
545,p0n659,37,3.75,0.25,1182.0,2.0,B4,71,1,0,0.15125933289527893,False,0.16140338778495789,False,0.2750101089477539,False
546,p0n660,38,0.0,0.25,1184.0,2.0,A4,69,1,0,0.9122507572174072,True,0.8127003908157349,True,0.6291757822036743,True
547,p0n661,38,0.0,0.25,1184.0,2.0,F#4,66,1,0,0.9596806764602661,True,0.766482412815094,True,0.5835288763046265,True
548,p0n663,38,0.25,0.25,1186.0,2.0,B4,71,1,0,0.023918623104691505,False,0.131269633769989,False,0.26871761679649353,False
549,p0n664,38,0.25,0.25,1186.0,2.0,D4,62,1,0,0.48384028673171997,False,0.10670590400695801,False,0.2681558132171631,False
550,p0n665,38,0.5,0.25,1188.0,2.0,A4,69,1,0,0.2539829611778259,False,0.17105965316295624,False,0.27691420912742615,False
551,p0n666,38,0.5,0.25,1188.0,2.0,C#4,61,2,0,0.937624454498291,True,0.49401313066482544,False,0.32511016726493835,False
552,p0n667,38,0.75,0.25,1190.0,2.0,G#4,68,1,0,0.17962929606437683,False,0.14126333594322205,False,0.2683754861354828,False
553,p0n668,38,0.75,0.25,1190.0,2.0,B3,59,2,0,0.7865993976593018,True,0.8497753739356995,True,0.5060500502586365,True
554,p0n669,38,1.0,0.25,1192.0,2.0,A4,69,1,0,0.326900839805603,False,0.23369570076465607,False,0.28113803267478943,False
555,p0n670,38,1.0,0.25,1192.0,2.0,C#4,61,2,0,0.8795274496078491,True,0.8417560458183289,True,0.4749920070171356,False
556,p0n672,38,1.25,0.25,1194.0,2.0,G#4,68,1,0,0.2556270956993103,False,0.17470864951610565,False,0.2757449150085449,False
557,p0n673,38,1.25,0.25,1194.0,2.0,A3,57,2,0,0.395835816860199,False,0.17467869818210602,False,0.2683069407939911,False
558,p0n674,38,1.5,0.25,1196.0,2.0,F#4,66,1,0,0.4612765908241272,False,0.12181723862886429,False,0.2737656533718109,False
559,p0n675,38,1.5,1.0,1196.0,8.0,D4,62,2,0,0.7027429342269897,True,0.2192549854516983,False,0.26863983273506165,False
560,p0n676,38,1.5,0.5,1196.0,4.0,F#3,54,2,0,0.9300947189331055,True,0.38098910450935364,False,0.30668380856513977,False
561,p0n677,38,1.75,0.25,1198.0,2.0,A4,69,1,0,0.18841396272182465,False,0.15243291854858398,False,0.261769562959671,False
562,p0n678,38,2.0,0.5,1200.0,4.0,G#4,68,1,0,0.21689221262931824,False,0.2667848467826843,False,0.3021405041217804,False
563,p0n680,38,2.0,0.25,1200.0,2.0,E3,52,2,0,0.9432757496833801,True,0.6992015838623047,True,0.620877742767334,True
564,p0n681,38,2.25,0.25,1202.0,2.0,F#3,54,2,0,0.6700527667999268,True,0.6967536211013794,True,0.569390594959259,True
565,p0n682,38,2.5,0.5,1204.0,4.0,C#5,73,1,0,0.8420800566673279,True,0.4950963854789734,False,0.35540276765823364,False
566,p0n683,38,2.5,0.5,1204.0,4.0,G#3,56,2,0,0.8885554671287537,True,0.8084790706634521,True,0.639585018157959,True
567,p0n684,38,2.5,0.25,1204.0,2.0,E3,52,2,0,0.9180473685264587,True,0.07441630214452744,False,0.26560989022254944,False
568,p0n685,38,2.75,0.25,1206.0,2.0,D3,50,2,0,0.3935672342777252,False,0.1809706836938858,False,0.2791935205459595,False
569,p0n686,38,3.0,0.5,1208.0,4.0,F#4,66,1,0,0.1777542233467102,False,0.12875919044017792,False,0.2626815438270569,False
570,p0n687,38,3.0,0.5,1208.0,4.0,A#3,58,2,0,0.932834267616272,True,0.7361445426940918,True,0.5899699330329895,True
571,p0n688,38,3.0,0.25,1208.0,2.0,E3,52,2,0,0.910690188407898,True,0.42127254605293274,False,0.3200710117816925,False
572,p0n689,38,3.25,0.25,1210.0,2.0,D3,50,2,0,0.288565456867218,False,0.15851393342018127,False,0.27499106526374817,False
573,p0n690,38,3.5,0.5,1212.0,4.0,A#4,70,1,0,0.9664996266365051,True,0.8083035349845886,True,0.6552146673202515,True
574,p0n691,38,3.5,0.5,1212.0,4.0,C#4,61,2,0,0.9772591590881348,True,0.5422552824020386,True,0.6428226232528687,True
575,p0n692,38,3.5,0.25,1212.0,2.0,C#3,49,2,0,0.7477407455444336,True,0.47901836037635803,False,0.39267465472221375,False
576,p0n693,38,3.75,0.25,1214.0,2.0,E3,52,2,0,0.6748798489570618,True,0.1447928547859192,False,0.25566381216049194,False
577,p0n694,39,0.0,0.5,1216.0,4.0,B4,71,1,0,0.5521329641342163,True,0.6626400351524353,True,0.49645134806632996,False
578,p0n696,39,0.0,0.5,1216.0,4.0,F#3,54,2,0,0.8851150274276733,True,0.7402146458625793,True,0.7012428045272827,True
579,p0n695,39,0.0,0.25,1216.0,2.0,D3,50,2,0,0.3525191843509674,False,0.23133252561092377,False,0.3081805408000946,False
580,p0n697,39,0.25,0.25,1218.0,2.0,E3,52,2,0,0.5241308808326721,True,0.2780136168003082,False,0.26480910181999207,False
581,p0n698,39,0.5,0.5,1220.0,4.0,F#4,66,1,0,0.42339104413986206,False,0.12869219481945038,False,0.27416276931762695,False
582,p0n699,39,0.5,0.25,1220.0,2.0,D3,50,2,0,0.5735993385314941,True,0.5697743892669678,True,0.3300398290157318,False
583,p0n701,39,0.75,0.25,1222.0,2.0,C#3,49,2,0,0.20210017263889313,False,0.16022828221321106,False,0.2609170973300934,False
584,p0n702,39,1.0,2.0,1224.0,16.0,B4,71,1,0,0.3520429730415344,False,0.30522364377975464,False,0.3147108852863312,False
585,p0n703,39,1.0,0.25,1224.0,2.0,D3,50,2,0,0.6293455362319946,True,0.5461044907569885,True,0.3149585425853729,False
586,p0n705,39,1.25,0.25,1226.0,2.0,C#3,49,2,0,0.2932989001274109,False,0.19384929537773132,False,0.2677255868911743,False
587,p0n706,39,1.5,0.5,1228.0,4.0,F#4,66,1,0,0.6853821873664856,True,0.2586499750614166,False,0.2797194719314575,False
588,p0n707,39,1.5,0.25,1228.0,2.0,B2,47,2,0,0.3397310972213745,False,0.24518616497516632,False,0.3060428500175476,False
589,p0n708,39,1.75,0.25,1230.0,2.0,D3,50,2,0,0.64418625831604,True,0.2647149860858917,False,0.2774607241153717,False
590,p0n709,39,2.0,0.25,1232.0,2.0,E4,64,1,0,0.49031081795692444,False,0.28440752625465393,False,0.3020239472389221,False
591,p0n710,39,2.0,0.5,1232.0,4.0,C#3,49,2,0,0.8256984353065491,True,0.9028909206390381,True,0.8583822846412659,True
592,p0n711,39,2.25,0.25,1234.0,2.0,F#4,66,1,0,0.5715181231498718,True,0.19525471329689026,False,0.25982823967933655,False
593,p0n712,39,2.5,0.25,1236.0,2.0,E4,64,1,0,0.5793008208274841,True,0.46760138869285583,False,0.32494786381721497,False
594,p0n713,39,2.5,0.5,1236.0,4.0,F#2,42,2,0,0.9266243577003479,True,0.6885360479354858,True,0.8919227123260498,True
595,p0n714,39,2.75,0.25,1238.0,2.0,D#4,63,1,0,0.17587710916996002,False,0.11915866285562515,False,0.2670501470565796,False
596,p0n715,39,3.0,2.0,1240.0,16.0,A4,69,1,0,0.7506857514381409,True,0.7866044640541077,True,0.48242226243019104,False
597,p0n716,39,3.0,0.25,1240.0,2.0,E4,64,1,0,0.7275168299674988,True,0.8124512434005737,True,0.5471691489219666,True
598,p0n717,39,3.0,0.5,1240.0,4.0,F#3,54,2,0,0.9260557889938354,True,0.3680867850780487,False,0.2901948392391205,False
599,p0n718,39,3.25,0.25,1242.0,2.0,D#4,63,1,0,0.10203681141138077,False,0.11307074129581451,False,0.26593953371047974,False
600,p0n719,39,3.5,0.25,1244.0,2.0,C#4,61,1,0,0.8829348087310791,True,0.900780439376831,True,0.6644862294197083,True
601,p0n720,39,3.5,0.5,1244.0,4.0,A3,57,2,0,0.9252498745918274,True,0.789524495601654,True,0.5791207551956177,True
602,p0n721,39,3.75,0.25,1246.0,2.0,E4,64,1,0,0.8855580687522888,True,0.5415709018707275,True,0.5402597188949585,True
603,p0n723,40,0.0,0.25,1248.0,2.0,D#4,63,1,0,0.3180532455444336,False,0.2425546497106552,False,0.30770590901374817,False
604,p0n724,40,0.0,0.5,1248.0,4.0,B2,47,2,0,0.5247206687927246,True,0.7235099077224731,True,0.5377973318099976,True
605,p0n725,40,0.25,0.25,1250.0,2.0,E4,64,1,0,0.6565134525299072,True,0.44707953929901123,False,0.3017309606075287,False
606,p0n726,40,0.5,0.25,1252.0,2.0,D#4,63,1,0,0.6487610936164856,True,0.23412281274795532,False,0.26886874437332153,False
607,p0n727,40,0.5,0.5,1252.0,4.0,B3,59,2,0,0.6844267845153809,True,0.5788050293922424,True,0.35786983370780945,False
608,p0n728,40,0.75,0.25,1254.0,2.0,C#4,61,1,0,0.9637764692306519,True,0.9023273587226868,True,0.6861639618873596,True
609,p0n729,40,1.0,2.0,1256.0,16.0,G#4,68,1,0,0.652675449848175,True,0.741873562335968,True,0.4844810962677002,False
610,p0n730,40,1.0,0.25,1256.0,2.0,D#4,63,1,0,0.675237238407135,True,0.39581018686294556,False,0.28105565905570984,False
611,p0n731,40,1.0,0.5,1256.0,4.0,E3,52,2,0,0.9422566890716553,True,0.46479231119155884,False,0.3463621139526367,False
612,p0n732,40,1.25,0.25,1258.0,2.0,C#4,61,1,0,0.9834669232368469,True,0.6570417881011963,True,0.615176260471344,True
613,p0n733,40,1.5,0.25,1260.0,2.0,B#3,60,1,0,0.7921554446220398,True,0.7318843007087708,True,0.47592729330062866,False
614,p0n734,40,1.5,0.5,1260.0,4.0,G#3,56,2,0,0.6363921761512756,True,0.9227978587150574,True,0.5663062334060669,True
615,p0n735,40,1.75,0.25,1262.0,2.0,D#4,63,1,0,0.6152574419975281,True,0.1712387651205063,False,0.2536953091621399,False
616,p0n736,40,2.0,0.25,1264.0,2.0,C#4,61,1,0,0.9980297684669495,True,0.9532884955406189,True,0.7492826581001282,True
617,p0n737,40,2.0,0.5,1264.0,4.0,A2,45,2,0,0.9143073558807373,True,0.9880160689353943,True,0.8174599409103394,True
618,p0n738,40,2.25,0.25,1266.0,2.0,D#4,63,1,0,0.3624199330806732,False,0.1149158924818039,False,0.265169233083725,False
619,p0n739,40,2.5,0.25,1268.0,2.0,C#4,61,1,0,0.9956455230712891,True,0.7017673850059509,True,0.6397892236709595,True
620,p0n740,40,2.5,0.5,1268.0,4.0,G#2,44,2,0,0.9830842614173889,True,0.9196172952651978,True,0.8162146210670471,True
621,p0n741,40,2.75,0.25,1270.0,2.0,B#3,60,1,0,0.6377688646316528,True,0.7763871550559998,True,0.5649266242980957,True
622,p0n742,40,3.0,1.0,1272.0,8.0,F#4,66,1,0,0.2630837559700012,False,0.1623637080192566,False,0.27124619483947754,False
623,p0n743,40,3.0,0.25,1272.0,2.0,C#4,61,1,0,0.9965378046035767,True,0.9528736472129822,True,0.7068901062011719,True
624,p0n744,40,3.0,0.5,1272.0,4.0,A2,45,2,0,0.7943589091300964,True,0.8469749689102173,True,0.32191354036331177,False
625,p0n745,40,3.25,0.25,1274.0,2.0,E4,64,1,0,0.8526642322540283,True,0.39372551441192627,False,0.32931363582611084,False
626,p0n746,40,3.5,0.25,1276.0,2.0,D#4,63,1,0,0.7423995137214661,True,0.2592542767524719,False,0.26919203996658325,False
627,p0n747,40,3.5,0.5,1276.0,4.0,A3,57,2,0,0.6801106929779053,True,0.879851222038269,True,0.651179850101471,True
628,p0n748,40,3.75,0.25,1278.0,2.0,C#4,61,1,0,0.9965884685516357,True,0.9505748152732849,True,0.7413944602012634,True
629,p0n749,41,0.0,0.5,1280.0,4.0,G#4,68,1,0,0.5361340045928955,True,0.8101130723953247,True,0.6038504242897034,True
630,p0n750,41,0.0,0.5,1280.0,4.0,B#3,60,1,0,0.9738247394561768,True,0.8632075786590576,True,0.6523556113243103,True
631,p0n751,41,0.0,0.25,1280.0,2.0,G#3,56,2,0,0.8855888247489929,True,0.8896659016609192,True,0.6298717260360718,True
632,p0n752,41,0.25,0.25,1282.0,2.0,A3,57,2,0,0.7731378078460693,True,0.8781448006629944,True,0.49427831172943115,False
633,p0n753,41,0.5,0.5,1284.0,4.0,B#4,72,1,0,0.6222135424613953,True,0.6086748242378235,True,0.28521111607551575,False
634,p0n754,41,0.5,0.5,1284.0,4.0,D#4,63,1,0,0.3134770095348358,False,0.1526903659105301,False,0.28379806876182556,False
635,p0n755,41,0.5,0.25,1284.0,2.0,G#3,56,2,0,0.3462541401386261,False,0.15402880311012268,False,0.28235527873039246,False
636,p0n756,41,0.75,0.25,1286.0,2.0,F#3,54,2,0,0.4865280091762543,False,0.07754480093717575,False,0.2578009068965912,False
637,p0n757,41,1.0,0.5,1288.0,4.0,C#5,73,1,0,0.46038010716438293,False,0.2720327377319336,False,0.290072500705719,False
638,p0n758,41,1.0,0.5,1288.0,4.0,E4,64,1,0,0.6994215250015259,True,0.2732318043708801,False,0.28396522998809814,False
639,p0n759,41,1.0,0.25,1288.0,2.0,G#3,56,2,0,0.4223293960094452,False,0.2389593869447708,False,0.29205337166786194,False
640,p0n760,41,1.25,0.25,1290.0,2.0,F#3,54,2,0,0.19192884862422943,False,0.08673799782991409,False,0.25817549228668213,False
641,p0n761,41,1.5,0.5,1292.0,4.0,E5,76,1,0,0.9554225206375122,True,0.19553425908088684,False,0.2934047281742096,False
642,p0n762,41,1.5,0.5,1292.0,4.0,G#4,68,1,0,0.6575705409049988,True,0.47442102432250977,False,0.32380592823028564,False
643,p0n763,41,1.5,0.25,1292.0,2.0,E3,52,2,0,0.9528731107711792,True,0.12734028697013855,False,0.272953599691391,False
644,p0n764,41,1.75,0.25,1294.0,2.0,G#3,56,2,0,0.15659786760807037,False,0.11926434934139252,False,0.26389503479003906,False
645,p0n767,41,2.0,0.25,1296.0,2.0,F#3,54,2,0,0.4552999436855316,False,0.15419840812683105,False,0.2724131643772125,False
646,p0n768,41,2.25,0.25,1298.0,2.0,G#3,56,2,0,0.1201603040099144,False,0.1164274662733078,False,0.263121634721756,False
647,p0n769,41,2.5,0.5,1300.0,4.0,E5,76,1,0,0.9302923679351807,True,0.19322243332862854,False,0.2860298752784729,False
648,p0n770,41,2.5,0.5,1300.0,4.0,G#4,68,1,0,0.5404725670814514,True,0.7180323004722595,True,0.35444971919059753,False
649,p0n771,41,2.5,0.25,1300.0,2.0,F#3,54,2,0,0.49690181016921997,False,0.06607265025377274,False,0.26691943407058716,False
650,p0n772,41,2.75,0.25,1302.0,2.0,E3,52,2,0,0.7629058957099915,True,0.18003764748573303,False,0.26490190625190735,False
651,p0n773,41,3.0,0.5,1304.0,4.0,D#5,75,1,0,0.8225043416023254,True,0.5988025665283203,True,0.3909221291542053,False
652,p0n774,41,3.0,0.5,1304.0,4.0,F#4,66,1,0,0.4498262405395508,False,0.1441417932510376,False,0.26892799139022827,False
653,p0n775,41,3.0,0.25,1304.0,2.0,F#3,54,2,0,0.7126763463020325,True,0.16583096981048584,False,0.2563213109970093,False
654,p0n776,41,3.25,0.25,1306.0,2.0,E3,52,2,0,0.7057863473892212,True,0.2323455959558487,False,0.27453359961509705,False
655,p0n777,41,3.5,1.0,1308.0,8.0,F#5,78,1,0,0.2171114981174469,False,0.14050965011119843,False,0.27412962913513184,False
656,p0n778,41,3.5,1.0,1308.0,8.0,A4,69,1,0,0.5526670217514038,True,0.2662075459957123,False,0.27645689249038696,False
657,p0n779,41,3.5,0.25,1308.0,2.0,D#3,51,2,0,0.8010109663009644,True,0.6980953812599182,True,0.4843003451824188,False
658,p0n780,41,3.75,0.25,1310.0,2.0,F#3,54,2,0,0.8139785528182983,True,0.04075324907898903,False,0.2538736164569855,False
659,p0n783,42,0.0,0.25,1312.0,2.0,E3,52,2,0,0.9354328513145447,True,0.5055636167526245,True,0.5015278458595276,True
660,p0n784,42,0.25,0.25,1314.0,2.0,F#3,54,2,0,0.47838547825813293,False,0.0748230367898941,False,0.25781258940696716,False
661,p0n785,42,0.5,0.5,1316.0,4.0,B#4,72,1,0,0.8218010067939758,True,0.6501198410987854,True,0.4333685338497162,False
662,p0n786,42,0.5,0.25,1316.0,2.0,G#4,68,1,0,0.6433203816413879,True,0.8022398352622986,True,0.3724561631679535,False
663,p0n787,42,0.5,0.25,1316.0,2.0,E3,52,2,0,0.899231493473053,True,0.08026815205812454,False,0.2667042016983032,False
664,p0n788,42,0.75,0.25,1318.0,2.0,F#4,66,1,0,0.8918917179107666,True,0.3709912598133087,False,0.29926788806915283,False
665,p0n789,42,0.75,0.25,1318.0,2.0,D#3,51,2,0,0.7640805244445801,True,0.8087114691734314,True,0.4669743776321411,False
666,p0n790,42,1.0,1.5,1320.0,12.0,C#5,73,1,0,0.5995282530784607,True,0.7250750660896301,True,0.5439424514770508,True
667,p0n791,42,1.0,0.5,1320.0,4.0,G#4,68,1,0,0.5849323272705078,True,0.9041287899017334,True,0.47313469648361206,False
668,p0n792,42,1.0,0.25,1320.0,2.0,E3,52,2,0,0.8839907646179199,True,0.32019296288490295,False,0.2977445423603058,False
669,p0n793,42,1.25,0.25,1322.0,2.0,D#3,51,2,0,0.4825890064239502,False,0.12810365855693817,False,0.2671232521533966,False
670,p0n794,42,1.5,0.5,1324.0,4.0,A#4,70,1,0,0.9015398025512695,True,0.7422154545783997,True,0.6898717284202576,True
671,p0n795,42,1.5,0.25,1324.0,2.0,C#3,49,2,0,0.7021945714950562,True,0.7445756196975708,True,0.46742379665374756,False
672,p0n796,42,1.75,0.25,1326.0,2.0,E3,52,2,0,0.9380857944488525,True,0.12843939661979675,False,0.25868985056877136,False
673,p0n798,42,2.0,0.25,1328.0,2.0,D#4,63,1,0,0.29745030403137207,False,0.2405632734298706,False,0.29365718364715576,False
674,p0n799,42,2.0,0.5,1328.0,4.0,F##2,43,2,0,0.9347971677780151,True,0.869072437286377,True,0.9341648817062378,True
675,p0n800,42,2.25,0.25,1330.0,2.0,E4,64,1,0,0.754384458065033,True,0.2289363294839859,False,0.28321778774261475,False
676,p0n801,42,2.5,0.5,1332.0,4.0,F##4,67,1,0,0.7130973935127258,True,0.9283758997917175,True,0.6969330906867981,True
677,p0n802,42,2.5,0.25,1332.0,2.0,D#4,63,1,0,0.4384428560733795,False,0.11870555579662323,False,0.2773866653442383,False
678,p0n803,42,2.5,0.5,1332.0,4.0,A#2,46,2,0,0.9393950700759888,True,0.655545711517334,True,0.24974758923053741,False
679,p0n804,42,2.75,0.25,1334.0,2.0,C#4,61,1,0,0.9494506120681763,True,0.5812765955924988,True,0.35186854004859924,False
680,p0n805,42,3.0,1.5,1336.0,12.0,G#4,68,1,0,0.7433352470397949,True,0.529628574848175,True,0.39835137128829956,False
681,p0n806,42,3.0,0.25,1336.0,2.0,D#4,63,1,0,0.3733503520488739,False,0.18588979542255402,False,0.27837100625038147,False
682,p0n807,42,3.0,0.5,1336.0,4.0,B2,47,2,0,0.2138824462890625,False,0.21348991990089417,False,0.2842737138271332,False
683,p0n808,42,3.25,0.25,1338.0,2.0,C#4,61,1,0,0.960393488407135,True,0.512677013874054,True,0.33429595828056335,False
684,p0n809,42,3.5,0.25,1340.0,2.0,B3,59,1,0,0.8215247392654419,True,0.38523614406585693,False,0.3583294451236725,False
685,p0n810,42,3.5,0.5,1340.0,4.0,E3,52,2,0,0.914991557598114,True,0.11883775889873505,False,0.2649306058883667,False
686,p0n811,42,3.75,0.25,1342.0,2.0,D#4,63,1,0,0.43707188963890076,False,0.14462335407733917,False,0.2697981595993042,False
687,p0n813,43,0.0,0.25,1344.0,2.0,C#4,61,1,0,0.994874894618988,True,0.9497469663619995,True,0.6366280913352966,True
688,p0n814,43,0.0,0.5,1344.0,4.0,A#2,46,2,0,0.9543112516403198,True,0.8851704597473145,True,0.5259182453155518,True
689,p0n815,43,0.25,0.25,1346.0,2.0,D#4,63,1,0,0.08059925585985184,False,0.11094370484352112,False,0.26522064208984375,False
690,p0n816,43,0.5,0.5,1348.0,4.0,A#4,70,1,0,0.9414262771606445,True,0.27305158972740173,False,0.29246461391448975,False
691,p0n817,43,0.5,0.25,1348.0,2.0,C#4,61,1,0,0.9464958310127258,True,0.3080122768878937,False,0.2915939390659332,False
692,p0n818,43,0.5,0.5,1348.0,4.0,C#3,49,2,0,0.9536780118942261,True,0.5749331712722778,True,0.4359308183193207,False
693,p0n819,43,0.75,0.25,1350.0,2.0,B3,59,1,0,0.7537881135940552,True,0.18391983211040497,False,0.2778899073600769,False
694,p0n820,43,1.0,0.5,1352.0,4.0,D#4,63,1,0,0.2405577301979065,False,0.14806346595287323,False,0.2706768810749054,False
695,p0n821,43,1.0,0.25,1352.0,2.0,C#4,61,1,0,0.9494139552116394,True,0.6775017380714417,True,0.42444127798080444,False
696,p0n822,43,1.0,0.5,1352.0,4.0,D#3,51,2,0,0.944520115852356,True,0.82853102684021,True,0.48087674379348755,False
697,p0n823,43,1.25,0.25,1354.0,2.0,B3,59,1,0,0.49819716811180115,False,0.24199962615966797,False,0.300340473651886,False
698,p0n824,43,1.5,0.5,1356.0,4.0,F##4,67,1,0,0.8742404580116272,True,0.9458954930305481,True,0.8884280920028687,True
699,p0n825,43,1.5,0.25,1356.0,2.0,A#3,58,1,0,0.9446417093276978,True,0.25051531195640564,False,0.32648545503616333,False
700,p0n826,43,1.5,0.5,1356.0,4.0,D#2,39,2,0,0.7042612433433533,True,0.5256850123405457,True,0.83088219165802,True
701,p0n827,43,1.75,0.25,1358.0,2.0,C#4,61,1,0,0.749761164188385,True,0.2027345448732376,False,0.2519804835319519,False
702,p0n828,43,2.0,1.0,1360.0,8.0,G#4,68,1,0,0.8098567724227905,True,0.8572075963020325,True,0.46636027097702026,False
703,p0n829,43,2.0,0.25,1360.0,2.0,B3,59,1,0,0.8075924515724182,True,0.6694533824920654,True,0.4085247814655304,False
704,p0n830,43,2.0,0.5,1360.0,4.0,G#2,44,2,0,0.9680343270301819,True,0.9659237265586853,True,0.9165325164794922,True
705,p0n831,43,2.25,0.25,1362.0,2.0,C#4,61,1,0,0.8184069991111755,True,0.5550698041915894,True,0.35476258397102356,False
706,p0n832,43,2.5,0.25,1364.0,2.0,D#4,63,1,0,0.6308625340461731,True,0.38577497005462646,False,0.288301020860672,False
707,p0n833,43,2.5,0.25,1364.0,2.0,G#3,56,2,0,0.7169328331947327,True,0.7651851773262024,True,0.49142885208129883,False
708,p0n834,43,2.75,0.25,1366.0,2.0,B3,59,1,0,0.8043903708457947,True,0.3736610412597656,False,0.2940404713153839,False
709,p0n835,43,2.75,0.25,1366.0,2.0,F#3,54,2,0,0.7044762969017029,True,0.5148247480392456,True,0.39269450306892395,False
710,p0n837,43,3.0,2.0,1368.0,16.0,E4,64,1,0,0.9288696646690369,True,0.6120412349700928,True,0.43520456552505493,False
711,p0n838,43,3.0,0.5,1368.0,4.0,G#3,56,2,0,0.8740571737289429,True,0.7147900462150574,True,0.4477284848690033,False
712,p0n839,43,3.25,0.25,1370.0,2.0,A4,69,1,0,0.10725941509008408,False,0.12480492144823074,False,0.25686168670654297,False
713,p0n840,43,3.5,0.25,1372.0,2.0,B4,71,1,0,0.5361416935920715,True,0.48993945121765137,False,0.4032115340232849,False
714,p0n841,43,3.5,0.5,1372.0,4.0,C#3,49,2,0,0.7969872355461121,True,0.43354058265686035,False,0.32439368963241577,False
715,p0n842,43,3.75,0.25,1374.0,2.0,G#4,68,1,0,0.39623332023620605,False,0.2269582599401474,False,0.28784462809562683,False
716,p0n843,44,0.0,0.25,1376.0,2.0,A4,69,1,0,0.24674738943576813,False,0.2829464077949524,False,0.3065045475959778,False
717,p0n845,44,0.0,0.5,1376.0,4.0,F#2,42,2,0,0.9745029211044312,True,0.8645967245101929,True,0.7671446204185486,True
718,p0n846,44,0.25,0.25,1378.0,2.0,B4,71,1,0,0.33257177472114563,False,0.21495728194713593,False,0.28549817204475403,False
719,p0n847,44,0.5,0.25,1380.0,2.0,A4,69,1,0,0.047114696353673935,False,0.11571954935789108,False,0.26516658067703247,False
720,p0n848,44,0.5,0.25,1380.0,2.0,F#3,54,2,0,0.490674763917923,False,0.13637866079807281,False,0.27718326449394226,False
721,p0n849,44,0.75,0.25,1382.0,2.0,G#4,68,1,0,0.11680899560451508,False,0.1319044977426529,False,0.26554352045059204,False
722,p0n850,44,0.75,0.25,1382.0,2.0,E3,52,2,0,0.9541819095611572,True,0.5284505486488342,True,0.47951728105545044,False
723,p0n851,44,1.0,0.25,1384.0,2.0,A4,69,1,0,0.15163378417491913,False,0.14457574486732483,False,0.26003092527389526,False
724,p0n852,44,1.0,1.0,1384.0,8.0,D#4,63,1,0,0.7977790236473083,True,0.09663009643554688,False,0.2693835496902466,False
725,p0n853,44,1.0,0.5,1384.0,4.0,F#3,54,2,0,0.4783670902252197,False,0.16682009398937225,False,0.2720910310745239,False
726,p0n854,44,1.25,0.25,1386.0,2.0,G#4,68,1,0,0.3052859306335449,False,0.21319925785064697,False,0.2845030725002289,False
727,p0n855,44,1.5,0.25,1388.0,2.0,F#4,66,1,0,0.1820669025182724,False,0.14060036838054657,False,0.2754637897014618,False
728,p0n856,44,1.5,0.5,1388.0,4.0,B2,47,2,0,0.5938084721565247,True,0.5346673130989075,True,0.40228328108787537,False
729,p0n857,44,1.75,0.25,1390.0,2.0,A4,69,1,0,0.3507765531539917,False,0.18516014516353607,False,0.2691296339035034,False
730,p0n858,44,2.0,0.25,1392.0,2.0,G#4,68,1,0,0.8806056380271912,True,0.5814322829246521,True,0.4414754807949066,False
731,p0n859,44,2.0,1.0,1392.0,8.0,E4,64,1,0,0.46730858087539673,False,0.1701488494873047,False,0.27386385202407837,False
732,p0n860,44,2.0,0.25,1392.0,2.0,E3,52,2,0,0.906777024269104,True,0.5907899141311646,True,0.46500489115715027,False
733,p0n861,44,2.25,0.25,1394.0,2.0,A4,69,1,0,0.08553493767976761,False,0.1178031638264656,False,0.2558295428752899,False
734,p0n862,44,2.25,0.25,1394.0,2.0,F#3,54,2,0,0.7233007550239563,True,0.43169209361076355,False,0.2932658791542053,False
735,p0n863,44,2.5,0.25,1396.0,2.0,B4,71,1,0,0.7773287296295166,True,0.4161264896392822,False,0.35627537965774536,False
736,p0n864,44,2.5,0.25,1396.0,2.0,G#3,56,2,0,0.9655773639678955,True,0.21300934255123138,False,0.28471866250038147,False
737,p0n865,44,2.75,0.25,1398.0,2.0,G#4,68,1,0,0.6896196603775024,True,0.42451807856559753,False,0.2851146161556244,False
738,p0n866,44,2.75,0.25,1398.0,2.0,E3,52,2,0,0.9665798544883728,True,0.3035493791103363,False,0.28439825773239136,False
739,p0n867,44,3.0,1.5,1400.0,12.0,C#5,73,1,0,0.8484342098236084,True,0.6732413172721863,True,0.37830227613449097,False
740,p0n868,44,3.0,0.25,1400.0,2.0,A3,57,2,0,0.6976581811904907,True,0.6964114308357239,True,0.3341916799545288,False
741,p0n870,44,3.25,0.25,1402.0,2.0,B4,71,1,0,0.5685346126556396,True,0.42123663425445557,False,0.3238453269004822,False
742,p0n871,44,3.25,0.25,1402.0,2.0,B3,59,2,0,0.800057053565979,True,0.7090657353401184,True,0.4089513123035431,False
743,p0n872,44,3.5,0.25,1404.0,2.0,A4,69,1,0,0.29687681794166565,False,0.17313562333583832,False,0.27575767040252686,False
744,p0n873,44,3.5,0.25,1404.0,2.0,C#4,61,2,0,0.54715496301651,True,0.7232527136802673,True,0.33184972405433655,False
745,p0n874,44,3.75,0.25,1406.0,2.0,G#4,68,1,0,0.7643914818763733,True,0.580253541469574,True,0.30359184741973877,False
746,p0n875,44,3.75,0.25,1406.0,2.0,A3,57,2,0,0.6670534610748291,True,0.6434369683265686,True,0.2726289927959442,False
747,p0n877,45,0.0,1.5,1408.0,12.0,F#4,66,1,0,0.6260640025138855,True,0.8231542110443115,True,0.5729606747627258,True
748,p0n878,45,0.0,0.25,1408.0,2.0,D4,62,2,0,0.1918184906244278,False,0.19435368478298187,False,0.2969553470611572,False
749,p0n879,45,0.25,0.25,1410.0,2.0,E4,64,2,0,0.48665520548820496,False,0.09371177107095718,False,0.25849464535713196,False
750,p0n880,45,0.5,0.5,1412.0,4.0,C#5,73,1,0,0.9799461960792542,True,0.46206992864608765,False,0.33970877528190613,False
751,p0n881,45,0.5,0.25,1412.0,2.0,D4,62,2,0,0.17634357511997223,False,0.11485384404659271,False,0.2785101532936096,False
752,p0n882,45,0.75,0.25,1414.0,2.0,C#4,61,2,0,0.8897995948791504,True,0.5714095234870911,True,0.3599604368209839,False
753,p0n883,45,1.0,1.25,1416.0,10.0,B4,71,1,0,0.1445232629776001,False,0.1929621696472168,False,0.2808821499347687,False
754,p0n884,45,1.0,0.25,1416.0,2.0,D4,62,2,0,0.06801797449588776,False,0.11912530660629272,False,0.2687292993068695,False
755,p0n885,45,1.25,0.25,1418.0,2.0,C#4,61,2,0,0.9321193695068359,True,0.30808159708976746,False,0.2927810549736023,False
756,p0n886,45,1.5,0.5,1420.0,4.0,F#4,66,1,0,0.9511258006095886,True,0.24993054568767548,False,0.29951316118240356,False
757,p0n887,45,1.5,0.25,1420.0,2.0,B3,59,2,0,0.6654860973358154,True,0.4179164469242096,False,0.3663359582424164,False
758,p0n888,45,1.75,0.25,1422.0,2.0,D4,62,2,0,0.06675189733505249,False,0.10057409852743149,False,0.2664816677570343,False
759,p0n890,45,2.0,1.0,1424.0,8.0,E4,64,1,0,0.8702993988990784,True,0.4872058928012848,False,0.2583392560482025,False
760,p0n891,45,2.0,0.25,1424.0,2.0,C#4,61,2,0,0.9203790426254272,True,0.8256284594535828,True,0.4586276113986969,False
761,p0n892,45,2.25,0.25,1426.0,2.0,B4,71,1,0,0.23972171545028687,False,0.1720140278339386,False,0.2762511968612671,False
762,p0n893,45,2.25,0.25,1426.0,2.0,D4,62,2,0,0.07352805882692337,False,0.10065329074859619,False,0.2662354111671448,False
763,p0n894,45,2.5,0.25,1428.0,2.0,A4,69,1,0,0.4479335844516754,False,0.29125866293907166,False,0.30768853425979614,False
764,p0n895,45,2.5,0.25,1428.0,2.0,C#4,61,2,0,0.6605457067489624,True,0.25867095589637756,False,0.27415958046913147,False
765,p0n896,45,2.75,0.25,1430.0,2.0,G#4,68,1,0,0.3208845555782318,False,0.17881238460540771,False,0.2757453918457031,False
766,p0n897,45,2.75,0.25,1430.0,2.0,B3,59,2,0,0.5047822594642639,True,0.32663780450820923,False,0.2928600311279297,False
767,p0n898,45,3.0,0.25,1432.0,2.0,A4,69,1,0,0.6361737251281738,True,0.6793860793113708,True,0.42318442463874817,False
768,p0n899,45,3.0,0.25,1432.0,2.0,C#4,61,2,0,0.6488259434700012,True,0.7016537189483643,True,0.4095497727394104,False
769,p0n901,45,3.25,0.25,1434.0,2.0,B4,71,1,0,0.7405604124069214,True,0.30034008622169495,False,0.28494691848754883,False
770,p0n902,45,3.25,0.25,1434.0,2.0,B3,59,2,0,0.4437931478023529,False,0.30111101269721985,False,0.3134823739528656,False
771,p0n903,45,3.5,0.25,1436.0,2.0,C#5,73,1,0,0.9603191018104553,True,0.6044686436653137,True,0.3472665846347809,False
772,p0n904,45,3.5,0.25,1436.0,2.0,A3,57,2,0,0.9471202492713928,True,0.6520275473594666,True,0.4191332459449768,False
773,p0n905,45,3.75,0.25,1438.0,2.0,A4,69,1,0,0.6895437240600586,True,0.3720897138118744,False,0.2966940402984619,False
774,p0n906,45,3.75,0.25,1438.0,2.0,C#4,61,2,0,0.5698791742324829,True,0.3785518705844879,False,0.29137924313545227,False
775,p0n907,46,0.0,0.25,1440.0,2.0,D5,74,1,0,0.6186869740486145,True,0.7023166418075562,True,0.4788416624069214,False
776,p0n908,46,0.0,1.5,1440.0,12.0,B3,59,2,0,0.540642261505127,True,0.7177051305770874,True,0.5115658640861511,True
777,p0n910,46,0.25,0.25,1442.0,2.0,E5,76,1,0,0.4132956862449646,False,0.1385670304298401,False,0.2636377811431885,False
778,p0n911,46,0.5,0.25,1444.0,2.0,D5,74,1,0,0.6713458895683289,True,0.41233810782432556,False,0.3363019526004791,False
779,p0n912,46,0.5,0.5,1444.0,4.0,A4,69,1,0,0.9282373189926147,True,0.5488496422767639,True,0.41087761521339417,False
780,p0n913,46,0.75,0.25,1446.0,2.0,C#5,73,1,0,0.8519812226295471,True,0.32615911960601807,False,0.29823943972587585,False
781,p0n914,46,1.0,0.25,1448.0,2.0,D5,74,1,0,0.4796627461910248,False,0.3219892382621765,False,0.3206688165664673,False
782,p0n915,46,1.0,1.5,1448.0,12.0,G#4,68,1,0,0.608927309513092,True,0.6185063123703003,True,0.33208024501800537,False
783,p0n916,46,1.25,0.25,1450.0,2.0,C#5,73,1,0,0.6776958107948303,True,0.19852222502231598,False,0.2783772051334381,False
784,p0n917,46,1.5,0.25,1452.0,2.0,B4,71,1,0,0.6037954688072205,True,0.34963032603263855,False,0.3382301926612854,False
785,p0n918,46,1.5,0.5,1452.0,4.0,E4,64,2,0,0.5426968932151794,True,0.2471330761909485,False,0.2691265940666199,False
786,p0n919,46,1.75,0.25,1454.0,2.0,D5,74,1,0,0.4136989712715149,False,0.19413717091083527,False,0.2829119563102722,False
787,p0n920,46,2.0,0.25,1456.0,2.0,C#5,73,1,0,0.8774195909500122,True,0.7505481243133545,True,0.4936375021934509,False
788,p0n922,46,2.0,1.5,1456.0,12.0,A3,57,2,0,0.8978189826011658,True,0.8297833204269409,True,0.4231266677379608,False
789,p0n923,46,2.25,0.25,1458.0,2.0,D5,74,1,0,0.2817938029766083,False,0.17321978509426117,False,0.2764340937137604,False
790,p0n924,46,2.5,0.25,1460.0,2.0,C#5,73,1,0,0.7081092596054077,True,0.3775871694087982,False,0.3121832013130188,False
791,p0n925,46,2.5,0.5,1460.0,4.0,C#4,61,1,0,0.5840284824371338,True,0.44956791400909424,False,0.3050561845302582,False
792,p0n926,46,2.75,0.25,1462.0,2.0,B4,71,1,0,0.12679767608642578,False,0.1680699735879898,False,0.27477604150772095,False
793,p0n927,46,3.0,0.25,1464.0,2.0,C#5,73,1,0,0.9168261289596558,True,0.832974910736084,True,0.5920258164405823,True
794,p0n928,46,3.0,1.25,1464.0,10.0,F#4,66,1,0,0.8089726567268372,True,0.5298611521720886,True,0.39564210176467896,False
795,p0n929,46,3.25,0.25,1466.0,2.0,B4,71,1,0,0.25920385122299194,False,0.19979695975780487,False,0.2829679548740387,False
796,p0n930,46,3.5,0.25,1468.0,2.0,A4,69,1,0,0.38346633315086365,False,0.2311093956232071,False,0.2876754403114319,False
797,p0n931,46,3.5,0.5,1468.0,4.0,D4,62,2,0,0.23034757375717163,False,0.14109653234481812,False,0.28257328271865845,False
798,p0n932,46,3.75,0.25,1470.0,2.0,C#5,73,1,0,0.937326192855835,True,0.5056108832359314,True,0.3326466679573059,False
799,p0n933,47,0.0,2.25,1472.0,18.0,B4,71,1,0,0.7110573649406433,True,0.810208797454834,True,0.6527041792869568,True
800,p0n935,47,0.0,0.5,1472.0,4.0,G#3,56,2,0,0.7057694792747498,True,0.7212504148483276,True,0.5614921450614929,True
801,p0n936,47,0.25,0.25,1474.0,2.0,A4,69,1,0,0.48188722133636475,False,0.2550819516181946,False,0.28678762912750244,False
802,p0n937,47,0.5,0.25,1476.0,2.0,G#4,68,1,0,0.2079995572566986,False,0.15016716718673706,False,0.28048548102378845,False
803,p0n938,47,0.5,0.5,1476.0,4.0,B3,59,2,0,0.3870731592178345,False,0.2421266883611679,False,0.3052005171775818,False
804,p0n939,47,0.75,0.25,1478.0,2.0,F#4,66,1,0,0.17243452370166779,False,0.08733843266963959,False,0.2569620907306671,False
805,p0n940,47,1.0,0.25,1480.0,2.0,G#4,68,1,0,0.4508429765701294,False,0.2597920298576355,False,0.30007797479629517,False
806,p0n941,47,1.0,0.5,1480.0,4.0,E#3,53,2,0,0.9632686972618103,True,0.29784631729125977,False,0.273431658744812,False
807,p0n942,47,1.25,0.25,1482.0,2.0,F#4,66,1,0,0.15102940797805786,False,0.09386078268289566,False,0.25779059529304504,False
808,p0n943,47,1.5,0.25,1484.0,2.0,E#4,65,1,0,0.6571152210235596,True,0.34289783239364624,False,0.3108578622341156,False
809,p0n944,47,1.5,0.5,1484.0,4.0,C#3,49,2,0,0.9189474582672119,True,0.7965741753578186,True,0.5628372430801392,True
810,p0n945,47,1.75,0.25,1486.0,2.0,G#4,68,1,0,0.3281378149986267,False,0.17333148419857025,False,0.2725452184677124,False
811,p0n947,47,2.0,0.5,1488.0,4.0,F#4,66,1,0,0.6428402066230774,True,0.5384729504585266,True,0.46460604667663574,False
812,p0n948,47,2.0,1.5,1488.0,12.0,F#3,54,2,0,0.6143394708633423,True,0.8063485026359558,True,0.6501885652542114,True
813,p0n949,47,2.25,0.25,1490.0,2.0,G#4,68,1,0,0.034522317349910736,False,0.10663631558418274,False,0.2612731158733368,False
814,p0n950,47,2.5,0.25,1492.0,2.0,A#4,70,1,0,0.5565441846847534,True,0.1461806297302246,False,0.2838912606239319,False
815,p0n951,47,2.5,0.5,1492.0,4.0,C#4,61,1,0,0.8938199281692505,True,0.6103559136390686,True,0.4843176305294037,False
816,p0n952,47,2.75,0.25,1494.0,2.0,B4,71,1,0,0.23501935601234436,False,0.2049507349729538,False,0.28299468755722046,False
817,p0n953,47,3.0,0.25,1496.0,2.0,A#4,70,1,0,0.6472648978233337,True,0.15651583671569824,False,0.2740785777568817,False
818,p0n954,47,3.0,1.5,1496.0,12.0,D4,62,1,0,0.6076110601425171,True,0.5045478343963623,True,0.32991427183151245,False
819,p0n955,47,3.25,0.25,1498.0,2.0,B4,71,1,0,0.13906700909137726,False,0.17402023077011108,False,0.2757572829723358,False
820,p0n956,47,3.5,0.25,1500.0,2.0,C#5,73,1,0,0.8591281771659851,True,0.6155228614807129,True,0.42021048069000244,False
821,p0n957,47,3.5,0.5,1500.0,4.0,F#3,54,2,0,0.5467149019241333,True,0.4344579875469208,False,0.3064865469932556,False
822,p0n958,47,3.75,0.25,1502.0,2.0,A#4,70,1,0,0.3250274062156677,False,0.1369633823633194,False,0.26602256298065186,False
823,p0n959,48,0.0,0.25,1504.0,2.0,B4,71,1,0,0.697564959526062,True,0.7536095380783081,True,0.4885786473751068,False
824,p0n961,48,0.0,1.5,1504.0,12.0,G3,55,2,0,0.8839903473854065,True,0.911655068397522,True,0.6220210194587708,True
825,p0n962,48,0.25,0.25,1506.0,2.0,A#4,70,1,0,0.44257867336273193,False,0.19486145675182343,False,0.27552539110183716,False
826,p0n963,48,0.5,0.25,1508.0,2.0,B4,71,1,0,0.6768253445625305,True,0.34209683537483215,False,0.3276604413986206,False
827,p0n964,48,0.5,0.5,1508.0,4.0,D#4,63,1,0,0.3840237855911255,False,0.16690227389335632,False,0.28391069173812866,False
828,p0n965,48,0.75,0.25,1510.0,2.0,C#5,73,1,0,0.8296862840652466,True,0.42104533314704895,False,0.2816978394985199,False
829,p0n966,48,1.0,0.25,1512.0,2.0,B4,71,1,0,0.7271122336387634,True,0.5554208159446716,True,0.4075429439544678,False
830,p0n967,48,1.0,1.5,1512.0,12.0,E4,64,1,0,0.9080144762992859,True,0.8630424737930298,True,0.300398051738739,False
831,p0n968,48,1.25,0.25,1514.0,2.0,C#5,73,1,0,0.7100036144256592,True,0.3757009506225586,False,0.30554693937301636,False
832,p0n969,48,1.5,0.25,1516.0,2.0,D5,74,1,0,0.6747286319732666,True,0.5259383916854858,True,0.4169168472290039,False
833,p0n970,48,1.5,0.5,1516.0,4.0,G#3,56,2,0,0.7749689221382141,True,0.2216227650642395,False,0.30610570311546326,False
834,p0n971,48,1.75,0.25,1518.0,2.0,B4,71,1,0,0.3953689634799957,False,0.22240406274795532,False,0.2889634966850281,False
835,p0n972,48,2.0,0.25,1520.0,2.0,C#5,73,1,0,0.9336374998092651,True,0.7066463828086853,True,0.4758145213127136,False
836,p0n974,48,2.0,1.5,1520.0,12.0,A3,57,2,0,0.8309522271156311,True,0.9157159328460693,True,0.6003695726394653,True
837,p0n975,48,2.25,0.25,1522.0,2.0,B4,71,1,0,0.32951343059539795,False,0.23239339888095856,False,0.2883647084236145,False
838,p0n976,48,2.5,0.25,1524.0,2.0,C#5,73,1,0,0.9241331815719604,True,0.1224152222275734,False,0.26760104298591614,False
839,p0n977,48,2.5,0.5,1524.0,4.0,E#4,65,1,0,0.27474960684776306,False,0.105380117893219,False,0.26432883739471436,False
840,p0n978,48,2.75,0.25,1526.0,2.0,D5,74,1,0,0.6123096942901611,True,0.26878106594085693,False,0.30108124017715454,False
841,p0n979,48,3.0,0.25,1528.0,2.0,C#5,73,1,0,0.9704470038414001,True,0.559624195098877,True,0.39921313524246216,False
842,p0n980,48,3.0,3.25,1528.0,26.0,F#4,66,1,0,0.24937975406646729,False,0.11301999539136887,False,0.26140791177749634,False
843,p0n981,48,3.25,0.25,1530.0,2.0,D5,74,1,0,0.48726704716682434,False,0.26079997420310974,False,0.3034375309944153,False
844,p0n982,48,3.5,0.25,1532.0,2.0,E5,76,1,0,0.2805727422237396,False,0.11718545109033585,False,0.27129295468330383,False
845,p0n983,48,3.5,0.5,1532.0,4.0,A#3,58,2,0,0.9704141020774841,True,0.14955583214759827,False,0.27219077944755554,False
846,p0n984,48,3.75,0.25,1534.0,2.0,C#5,73,1,0,0.9358755350112915,True,0.4004501700401306,False,0.2897550165653229,False
847,p0n985,49,0.0,0.25,1536.0,2.0,D5,74,1,0,0.616027295589447,True,0.5455430746078491,True,0.41263270378112793,False
848,p0n987,49,0.0,0.5,1536.0,4.0,B3,59,2,0,0.26043471693992615,False,0.38292747735977173,False,0.35991671681404114,False
849,p0n988,49,0.25,0.25,1538.0,2.0,E5,76,1,0,0.22166301310062408,False,0.10700158774852753,False,0.25883716344833374,False
850,p0n989,49,0.5,0.25,1540.0,2.0,D5,74,1,0,0.6539167761802673,True,0.42653438448905945,False,0.3369819223880768,False
851,p0n990,49,0.5,0.5,1540.0,4.0,F#3,54,2,0,0.9014781713485718,True,0.6486095190048218,True,0.4992123246192932,False
852,p0n991,49,0.75,0.25,1542.0,2.0,C#5,73,1,0,0.7746393084526062,True,0.5786238312721252,True,0.39613744616508484,False
853,p0n992,49,1.0,0.25,1544.0,2.0,D5,74,1,0,0.5508109927177429,True,0.518673837184906,True,0.3470318019390106,False
854,p0n993,49,1.0,0.5,1544.0,4.0,B2,47,2,0,0.4085199236869812,False,0.32673707604408264,False,0.3196655511856079,False
855,p0n994,49,1.25,0.25,1546.0,2.0,C#5,73,1,0,0.842183530330658,True,0.4560926854610443,False,0.28304141759872437,False
856,p0n995,49,1.5,0.25,1548.0,2.0,B4,71,1,0,0.6389906406402588,True,0.8703230619430542,True,0.608791172504425,True
857,p0n996,49,1.5,0.5,1548.0,4.0,D3,50,2,0,0.8400242328643799,True,0.6359013915061951,True,0.4262562692165375,False
858,p0n997,49,1.75,0.25,1550.0,2.0,D5,74,1,0,0.518338143825531,True,0.46083003282546997,False,0.28354978561401367,False
859,p0n998,49,2.0,2.25,1552.0,18.0,G4,67,1,0,0.08245045691728592,False,0.21706125140190125,False,0.2842808961868286,False
860,p0n1000,49,2.0,0.5,1552.0,4.0,E3,52,2,0,0.6645392179489136,True,0.5270525813102722,True,0.2996255159378052,False
861,p0n1001,49,2.25,0.25,1554.0,2.0,F#4,66,1,0,0.211203932762146,False,0.09539617598056793,False,0.25825366377830505,False
862,p0n1002,49,2.5,0.25,1556.0,2.0,E4,64,1,0,0.6401678919792175,True,0.28768956661224365,False,0.31534862518310547,False
863,p0n1003,49,2.5,0.5,1556.0,4.0,F#3,54,2,0,0.5872909426689148,True,0.30333951115608215,False,0.2947418689727783,False
864,p0n1004,49,2.75,0.25,1558.0,2.0,D4,62,1,0,0.7990080118179321,True,0.10948826372623444,False,0.2651538550853729,False
865,p0n1005,49,3.0,0.25,1560.0,2.0,E4,64,1,0,0.807386040687561,True,0.5406500697135925,True,0.3775964081287384,False
866,p0n1006,49,3.0,0.5,1560.0,4.0,G3,55,2,0,0.6920187473297119,True,0.7169615030288696,True,0.3427806794643402,False
867,p0n1007,49,3.25,0.25,1562.0,2.0,D4,62,1,0,0.8467119932174683,True,0.19501985609531403,False,0.25497549772262573,False
868,p0n1008,49,3.5,0.25,1564.0,2.0,C#4,61,1,0,0.9084316492080688,True,0.7157211303710938,True,0.4558090567588806,False
869,p0n1009,49,3.5,0.5,1564.0,4.0,E3,52,2,0,0.597822368144989,True,0.10104431211948395,False,0.25661882758140564,False
870,p0n1010,49,3.75,0.25,1566.0,2.0,E4,64,1,0,0.7835827469825745,True,0.3570139408111572,False,0.30395999550819397,False
871,p0n1012,50,0.0,2.25,1568.0,18.0,A3,57,2,0,0.7686044573783875,True,0.4707454741001129,False,0.36901214718818665,False
872,p0n1013,50,0.0,0.5,1568.0,4.0,C#3,49,2,0,0.9908605813980103,True,0.5676477551460266,True,0.47070547938346863,False
873,p0n1014,50,0.25,0.25,1570.0,2.0,G4,67,1,0,0.1779644787311554,False,0.16328838467597961,False,0.2680467367172241,False
874,p0n1015,50,0.5,0.25,1572.0,2.0,F#4,66,1,0,0.054132819175720215,False,0.10770975798368454,False,0.26869532465934753,False
875,p0n1016,50,0.5,0.5,1572.0,4.0,A2,45,2,0,0.9306641221046448,True,0.8502330183982849,True,0.6977789402008057,True
876,p0n1017,50,0.75,0.25,1574.0,2.0,E4,64,1,0,0.9165616631507874,True,0.31388214230537415,False,0.316845178604126,False
877,p0n1018,50,1.0,0.25,1576.0,2.0,F#4,66,1,0,0.08049982041120529,False,0.11080142110586166,False,0.2594403624534607,False
878,p0n1019,50,1.0,0.5,1576.0,4.0,D3,50,2,0,0.2598281502723694,False,0.15191374719142914,False,0.27361661195755005,False
879,p0n1020,50,1.25,0.25,1578.0,2.0,E4,64,1,0,0.9645819067955017,True,0.27069514989852905,False,0.29976627230644226,False
880,p0n1021,50,1.5,0.25,1580.0,2.0,D4,62,1,0,0.8877823948860168,True,0.34223148226737976,False,0.29706570506095886,False
881,p0n1022,50,1.5,0.5,1580.0,4.0,F#2,42,2,0,0.47059330344200134,False,0.17109723389148712,False,0.2772982716560364,False
882,p0n1023,50,1.75,0.25,1582.0,2.0,F#4,66,1,0,0.019901109859347343,False,0.0997433140873909,False,0.25788021087646484,False
883,p0n1024,50,2.0,1.0,1584.0,8.0,B3,59,1,0,0.5307255387306213,True,0.9226306676864624,True,0.5902277231216431,True
884,p0n1026,50,2.0,0.5,1584.0,4.0,G2,43,2,0,0.9715706706047058,True,0.8645989894866943,True,0.5421361923217773,True
885,p0n1027,50,2.25,0.25,1586.0,2.0,A3,57,2,0,0.3663739562034607,False,0.1484733670949936,False,0.2602649927139282,False
886,p0n1028,50,2.5,0.25,1588.0,2.0,G3,55,2,0,0.7132822871208191,True,0.551767110824585,True,0.3911336064338684,False
887,p0n1029,50,2.5,0.5,1588.0,4.0,B2,47,2,0,0.8770806193351746,True,0.5468345284461975,True,0.20165400207042694,False
888,p0n1030,50,2.75,0.25,1590.0,2.0,F#3,54,2,0,0.2616331875324249,False,0.1063673347234726,False,0.25948306918144226,False
889,p0n1031,50,3.0,1.0,1592.0,8.0,C#4,61,1,0,0.9915347695350647,True,0.7608753442764282,True,0.48326295614242554,False
890,p0n1032,50,3.0,0.25,1592.0,2.0,G3,55,2,0,0.720907986164093,True,0.5592008829116821,True,0.3777806758880615,False
891,p0n1033,50,3.0,0.5,1592.0,4.0,E2,40,2,0,0.8083010315895081,True,0.6861756443977356,True,0.5712435245513916,True
892,p0n1034,50,3.25,0.25,1594.0,2.0,F#3,54,2,0,0.07735352963209152,False,0.09833946079015732,False,0.2577803134918213,False
893,p0n1035,50,3.5,0.25,1596.0,2.0,E3,52,2,0,0.6148912310600281,True,0.6763094663619995,True,0.2955113649368286,False
894,p0n1036,50,3.5,0.5,1596.0,4.0,A2,45,2,0,0.9855235815048218,True,0.5680474638938904,True,0.38851726055145264,False
895,p0n1037,50,3.75,0.25,1598.0,2.0,G3,55,2,0,0.8921047449111938,True,0.40340837836265564,False,0.27991876006126404,False
896,p0n1038,51,0.0,0.5,1600.0,4.0,D4,62,1,0,0.518156886100769,True,0.3036992847919464,False,0.29524558782577515,False
897,p0n1039,51,0.0,0.5,1600.0,4.0,F#3,54,2,0,0.6373014450073242,True,0.2008376568555832,False,0.2882251739501953,False
898,p0n1040,51,0.0,0.25,1600.0,2.0,D3,50,2,0,0.454489141702652,False,0.16300533711910248,False,0.2885189652442932,False
899,p0n1041,51,0.25,0.25,1602.0,2.0,C#3,49,2,0,0.3095245659351349,False,0.15013723075389862,False,0.2578129172325134,False
900,p0n1042,51,0.5,0.5,1604.0,4.0,F#4,66,1,0,0.09047078341245651,False,0.11062264442443848,False,0.2689403295516968,False
901,p0n1043,51,0.5,0.25,1604.0,2.0,D3,50,2,0,0.5332076549530029,True,0.22904907166957855,False,0.2834744155406952,False
902,p0n1045,51,0.75,0.25,1606.0,2.0,E3,52,2,0,0.7123968005180359,True,0.6901942491531372,True,0.32943713665008545,False
903,p0n1046,51,1.0,1.5,1608.0,12.0,B4,71,1,0,0.5731422305107117,True,0.7916834950447083,True,0.6346214413642883,True
904,p0n1047,51,1.0,0.25,1608.0,2.0,D3,50,2,0,0.2446182668209076,False,0.14967887103557587,False,0.2727260887622833,False
905,p0n1049,51,1.25,0.25,1610.0,2.0,G3,55,2,0,0.6788840293884277,True,0.5443986058235168,True,0.30351224541664124,False
906,p0n1050,51,1.5,0.5,1612.0,4.0,B3,59,2,0,0.9897270798683167,True,0.7617253661155701,True,0.6770991086959839,True
907,p0n1051,51,1.5,0.25,1612.0,2.0,F#3,54,2,0,0.8112571835517883,True,0.14778248965740204,False,0.2544182240962982,False
908,p0n1052,51,1.75,0.25,1614.0,2.0,G3,55,2,0,0.877905547618866,True,0.44484496116638184,False,0.3153119385242462,False
909,p0n1054,51,2.0,1.0,1616.0,8.0,E4,64,1,0,0.29087361693382263,False,0.2214927226305008,False,0.280638188123703,False
910,p0n1055,51,2.0,0.25,1616.0,2.0,C#3,49,2,0,0.5802567601203918,True,0.47160929441452026,False,0.30671191215515137,False
911,p0n1056,51,2.25,0.25,1618.0,2.0,B2,47,2,0,0.35119953751564026,False,0.21434570848941803,False,0.28849267959594727,False
912,p0n1057,51,2.5,0.25,1620.0,2.0,A#4,70,1,0,0.8744127750396729,True,0.6905139684677124,True,0.6095802783966064,True
913,p0n1058,51,2.5,0.25,1620.0,2.0,C#3,49,2,0,0.889655590057373,True,0.12158691138029099,False,0.2631567716598511,False
914,p0n1059,51,2.75,0.25,1622.0,2.0,G#4,68,1,0,0.8642247319221497,True,0.6693704128265381,True,0.573702871799469,True
915,p0n1060,51,2.75,0.25,1622.0,2.0,D3,50,2,0,0.37789589166641235,False,0.14318153262138367,False,0.2700980305671692,False
916,p0n1061,51,3.0,1.0,1624.0,8.0,A#4,70,1,0,0.5918801426887512,True,0.5007873773574829,True,0.5351114869117737,True
917,p0n1062,51,3.0,0.25,1624.0,2.0,C#3,49,2,0,0.7044714689254761,True,0.2809184789657593,False,0.27904099225997925,False
918,p0n1064,51,3.25,0.25,1626.0,2.0,F#3,54,2,0,0.18894165754318237,False,0.09112104773521423,False,0.2579588294029236,False
919,p0n1065,51,3.5,0.5,1628.0,4.0,F#4,66,1,0,0.949654221534729,True,0.7227901220321655,True,0.5716108679771423,True
920,p0n1066,51,3.5,0.25,1628.0,2.0,E3,52,2,0,0.9030870199203491,True,0.3870569169521332,False,0.3302358388900757,False
921,p0n1067,51,3.75,0.25,1630.0,2.0,F#3,54,2,0,0.07873592525720596,False,0.09649336338043213,False,0.25742387771606445,False
922,p0n1068,52,0.0,1.0,1632.0,8.0,B4,71,1,0,0.8723028898239136,True,0.9099637269973755,True,0.6119850873947144,True
923,p0n1069,52,0.0,0.5,1632.0,4.0,D4,62,1,0,0.2154567539691925,False,0.1501263529062271,False,0.2870422303676605,False
924,p0n1070,52,0.0,0.25,1632.0,2.0,B2,47,2,0,0.9141138792037964,True,0.7646978497505188,True,0.610506534576416,True
925,p0n1071,52,0.25,0.25,1634.0,2.0,C#3,49,2,0,0.6329458951950073,True,0.22939670085906982,False,0.25258296728134155,False
926,p0n1072,52,0.5,0.5,1636.0,4.0,B3,59,1,0,0.9720386266708374,True,0.6078107953071594,True,0.4104270935058594,False
927,p0n1073,52,0.5,0.25,1636.0,2.0,D3,50,2,0,0.3472200334072113,False,0.1548801064491272,False,0.2859366238117218,False
928,p0n1074,52,0.75,0.25,1638.0,2.0,B2,47,2,0,0.8413932919502258,True,0.4982253313064575,False,0.35643234848976135,False
929,p0n1076,52,1.0,1.5,1640.0,12.0,G4,67,1,0,0.6592716574668884,True,0.8324390053749084,True,0.6290059685707092,True
930,p0n1077,52,1.0,0.25,1640.0,2.0,E3,52,2,0,0.7598223090171814,True,0.19779469072818756,False,0.25604408979415894,False
931,p0n1078,52,1.25,0.25,1642.0,2.0,D3,50,2,0,0.41574156284332275,False,0.13575106859207153,False,0.2690450847148895,False
932,p0n1079,52,1.5,0.5,1644.0,4.0,E5,76,1,0,0.8818755149841309,True,0.1929561346769333,False,0.27932703495025635,False
933,p0n1080,52,1.5,0.25,1644.0,2.0,C#3,49,2,0,0.5253233909606934,True,0.19897465407848358,False,0.28239840269088745,False
934,p0n1081,52,1.75,0.25,1646.0,2.0,B2,47,2,0,0.45212140679359436,False,0.22915516793727875,False,0.2933679521083832,False
935,p0n1082,52,2.0,1.5,1648.0,12.0,A4,69,1,0,0.44371604919433594,False,0.45714545249938965,False,0.3606660068035126,False
936,p0n1084,52,2.0,0.25,1648.0,2.0,C#3,49,2,0,0.808358371257782,True,0.38733047246932983,False,0.331936240196228,False
937,p0n1085,52,2.25,0.25,1650.0,2.0,E3,52,2,0,0.7234024405479431,True,0.15233594179153442,False,0.2542668581008911,False
938,p0n1086,52,2.5,0.25,1652.0,2.0,F#4,66,1,0,0.8151752352714539,True,0.36667153239250183,False,0.362982839345932,False
939,p0n1087,52,2.5,0.25,1652.0,2.0,D3,50,2,0,0.6255087852478027,True,0.16679899394512177,False,0.27285271883010864,False
940,p0n1088,52,2.75,0.25,1654.0,2.0,E4,64,1,0,0.9549815058708191,True,0.7638959884643555,True,0.3113553524017334,False
941,p0n1089,52,2.75,0.25,1654.0,2.0,C#3,49,2,0,0.7861188054084778,True,0.06408858299255371,False,0.24918243288993835,False
942,p0n1090,52,3.0,1.5,1656.0,12.0,F#4,66,1,0,0.3577905297279358,False,0.1339014321565628,False,0.262462854385376,False
943,p0n1091,52,3.0,0.25,1656.0,2.0,D3,50,2,0,0.6479030251502991,True,0.21625185012817383,False,0.27247482538223267,False
944,p0n1092,52,3.25,0.25,1658.0,2.0,E3,52,2,0,0.2282058596611023,False,0.10332692414522171,False,0.25781700015068054,False
945,p0n1093,52,3.5,0.5,1660.0,4.0,D5,74,1,0,0.9250932931900024,True,0.7065486311912537,True,0.5986251831054688,True
946,p0n1094,52,3.5,0.25,1660.0,2.0,F#3,54,2,0,0.38498014211654663,False,0.14901165664196014,False,0.27659836411476135,False
947,p0n1095,52,3.75,0.25,1662.0,2.0,D3,50,2,0,0.5110180974006653,True,0.13343100249767303,False,0.25825539231300354,False
948,p0n1096,53,0.0,1.5,1664.0,12.0,G4,67,1,0,0.7228845953941345,True,0.9220703840255737,True,0.7280876040458679,True
949,p0n1098,53,0.0,0.25,1664.0,2.0,E3,52,2,0,0.7022202610969543,True,0.3948473334312439,False,0.2989111840724945,False
950,p0n1099,53,0.25,0.25,1666.0,2.0,D3,50,2,0,0.36369821429252625,False,0.13683821260929108,False,0.271264910697937,False
951,p0n1100,53,0.5,0.5,1668.0,4.0,B4,71,1,0,0.6207627654075623,True,0.2842501401901245,False,0.31061506271362305,False
952,p0n1101,53,0.5,0.25,1668.0,2.0,E3,52,2,0,0.7749377489089966,True,0.19543083012104034,False,0.25129345059394836,False
953,p0n1102,53,0.75,0.25,1670.0,2.0,F#3,54,2,0,0.41298919916152954,False,0.09897754341363907,False,0.2575710415840149,False
954,p0n1103,53,1.0,1.5,1672.0,12.0,E4,64,1,0,0.8922180533409119,True,0.2550525367259979,False,0.25921642780303955,False
955,p0n1104,53,1.0,0.25,1672.0,2.0,G3,55,2,0,0.8310920000076294,True,0.47562146186828613,False,0.35187166929244995,False
956,p0n1105,53,1.25,0.25,1674.0,2.0,F#3,54,2,0,0.38171443343162537,False,0.09746568650007248,False,0.2580353617668152,False
957,p0n1106,53,1.5,0.5,1676.0,4.0,C5,72,1,0,0.5280389189720154,True,0.7299996018409729,True,0.365597665309906,False
958,p0n1107,53,1.5,0.25,1676.0,2.0,E3,52,2,0,0.8097055554389954,True,0.5467097759246826,True,0.2121194750070572,False
959,p0n1108,53,1.75,0.25,1678.0,2.0,G3,55,2,0,0.6038953065872192,True,0.26904812455177307,False,0.2457195222377777,False
960,p0n1109,53,2.0,0.5,1680.0,4.0,A#4,70,1,0,0.7557910680770874,True,0.4389243423938751,False,0.3300749361515045,False
961,p0n1111,53,2.0,0.25,1680.0,2.0,F#3,54,2,0,0.6028241515159607,True,0.22977010905742645,False,0.27506589889526367,False
962,p0n1112,53,2.25,0.25,1682.0,2.0,G#3,56,2,0,0.2074330598115921,False,0.13924449682235718,False,0.2655719816684723,False
963,p0n1113,53,2.5,0.75,1684.0,6.0,F#4,66,1,0,0.4991649091243744,False,0.10808449238538742,False,0.269235223531723,False
964,p0n1114,53,2.5,0.25,1684.0,2.0,D4,62,1,0,0.24949753284454346,False,0.12917560338974,False,0.27939945459365845,False
965,p0n1115,53,2.5,0.25,1684.0,2.0,A#3,58,2,0,0.9931892156600952,True,0.3816971182823181,False,0.2719775140285492,False
966,p0n1116,53,2.75,0.25,1686.0,2.0,C#4,61,1,0,0.5698887705802917,True,0.21123865246772766,False,0.2755681276321411,False
967,p0n1117,53,2.75,0.25,1686.0,2.0,F#3,54,2,0,0.8312251567840576,True,0.26067978143692017,False,0.2506310045719147,False
968,p0n1119,53,3.0,0.5,1688.0,4.0,D4,62,1,0,0.30911785364151,False,0.20425525307655334,False,0.2850692570209503,False
969,p0n1120,53,3.0,0.25,1688.0,2.0,B3,59,2,0,0.45146650075912476,False,0.31371432542800903,False,0.3185555636882782,False
970,p0n1121,53,3.25,0.25,1690.0,2.0,B4,71,1,0,0.2527225911617279,False,0.1858510673046112,False,0.2765158712863922,False
971,p0n1122,53,3.25,0.25,1690.0,2.0,B2,47,2,0,0.6905921101570129,True,0.679044783115387,True,0.31168246269226074,False
972,p0n1123,53,3.5,0.25,1692.0,2.0,C#5,73,1,0,0.7716560363769531,True,0.42940011620521545,False,0.35026970505714417,False
973,p0n1124,53,3.5,0.5,1692.0,4.0,B3,59,1,0,0.47093433141708374,False,0.22558479011058807,False,0.30482202768325806,False
974,p0n1125,53,3.5,0.75,1692.0,6.0,B3,59,2,0,0.38787463307380676,False,0.21257811784744263,False,0.3001177906990051,False
975,p0n1126,53,3.75,0.25,1694.0,2.0,D5,74,1,0,0.7460983395576477,True,0.7001009583473206,True,0.38165023922920227,False
976,p0n1127,54,0.0,0.5,1696.0,4.0,E#4,65,1,0,0.6740413904190063,True,0.4943661093711853,False,0.3499596416950226,False
977,p0n1128,54,0.0,2.0,1696.0,16.0,C#4,61,1,0,0.5843576788902283,True,0.6128252744674683,True,0.4049226641654968,False
978,p0n1130,54,0.25,0.25,1698.0,2.0,A3,57,2,0,0.8055893778800964,True,0.7883733510971069,True,0.5020188689231873,True
979,p0n1131,54,0.5,0.5,1700.0,4.0,C#5,73,1,0,0.935204029083252,True,0.3408643305301666,False,0.31113365292549133,False
980,p0n1132,54,0.5,0.25,1700.0,2.0,G#3,56,2,0,0.3227387070655823,False,0.1592469960451126,False,0.28201034665107727,False
981,p0n1133,54,0.75,0.25,1702.0,2.0,B3,59,2,0,0.4019331634044647,False,0.2467573881149292,False,0.297167032957077,False
982,p0n1134,54,1.0,1.5,1704.0,12.0,F#4,66,1,0,0.7851044535636902,True,0.18430031836032867,False,0.2747868001461029,False
983,p0n1135,54,1.0,0.25,1704.0,2.0,A3,57,2,0,0.833438515663147,True,0.7463988661766052,True,0.4983624517917633,False
984,p0n1136,54,1.25,0.25,1706.0,2.0,G#3,56,2,0,0.16947932541370392,False,0.1444975584745407,False,0.26682206988334656,False
985,p0n1137,54,1.5,0.25,1708.0,2.0,F#3,54,2,0,0.8500138521194458,True,0.306245356798172,False,0.3200058341026306,False
986,p0n1138,54,1.75,0.25,1710.0,2.0,A3,57,2,0,0.7830151915550232,True,0.5242975354194641,True,0.3639325797557831,False
987,p0n1140,54,2.0,1.0,1712.0,8.0,B3,59,1,0,0.6743636131286621,True,0.41946694254875183,False,0.3423375189304352,False
988,p0n1141,54,2.0,0.25,1712.0,2.0,G#3,56,2,0,0.28741079568862915,False,0.2537767291069031,False,0.29640913009643555,False
989,p0n1142,54,2.25,0.25,1714.0,2.0,A3,57,2,0,0.8250200748443604,True,0.6402269601821899,True,0.384602814912796,False
990,p0n1143,54,2.5,0.25,1716.0,2.0,E#4,65,1,0,0.5787478089332581,True,0.15345703065395355,False,0.2618100643157959,False
991,p0n1144,54,2.5,0.25,1716.0,2.0,G#3,56,2,0,0.35783955454826355,False,0.15397723019123077,False,0.2806173264980316,False
992,p0n1145,54,2.75,0.25,1718.0,2.0,F#4,66,1,0,0.9084813594818115,True,0.03836328908801079,False,0.25438883900642395,False
993,p0n1146,54,2.75,0.25,1718.0,2.0,F#3,54,2,0,0.6557863354682922,True,0.14060193300247192,False,0.2666414678096771,False
994,p0n1147,54,3.0,0.25,1720.0,2.0,G#4,68,1,0,0.23779194056987762,False,0.19974201917648315,False,0.2796631455421448,False
995,p0n1148,54,3.0,0.25,1720.0,2.0,E#3,53,2,0,0.8398292064666748,True,0.17507170140743256,False,0.2484418749809265,False
996,p0n1150,54,3.25,0.25,1722.0,2.0,A4,69,1,0,0.8000479936599731,True,0.6645111441612244,True,0.3270161747932434,False
997,p0n1151,54,3.25,0.25,1722.0,2.0,F#3,54,2,0,0.4652785658836365,False,0.1071685403585434,False,0.2593589425086975,False
998,p0n1152,54,3.5,0.25,1724.0,2.0,B4,71,1,0,0.343539834022522,False,0.2058458924293518,False,0.2979692816734314,False
999,p0n1153,54,3.5,0.25,1724.0,2.0,G#3,56,2,0,0.3007987439632416,False,0.15102723240852356,False,0.2787379026412964,False
1000,p0n1154,54,3.75,0.25,1726.0,2.0,G#4,68,1,0,0.26371684670448303,False,0.15623781085014343,False,0.2687009274959564,False
1001,p0n1155,54,3.75,0.25,1726.0,2.0,E#3,53,2,0,0.31066420674324036,False,0.09653423726558685,False,0.25305917859077454,False
1002,p0n1156,55,0.0,0.25,1728.0,2.0,B4,71,1,0,0.765587329864502,True,0.5401614904403687,True,0.4357439875602722,False
1003,p0n1157,55,0.0,0.5,1728.0,4.0,F#3,54,2,0,0.9568774700164795,True,0.4706231951713562,False,0.39696264266967773,False
1004,p0n1159,55,0.25,0.25,1730.0,2.0,A4,69,1,0,0.6725901961326599,True,0.5080855488777161,True,0.344725102186203,False
1005,p0n1160,55,0.5,0.25,1732.0,2.0,G#4,68,1,0,0.48288485407829285,False,0.247592031955719,False,0.3066383898258209,False
1006,p0n1161,55,0.5,0.25,1732.0,2.0,G#3,56,2,0,0.2634331285953522,False,0.1499909907579422,False,0.27890193462371826,False
1007,p0n1162,55,0.75,0.25,1734.0,2.0,F#4,66,1,0,0.7293378710746765,True,0.09649178385734558,False,0.2623450756072998,False
1008,p0n1163,55,0.75,0.25,1734.0,2.0,A3,57,2,0,0.8551057577133179,True,0.5315671563148499,True,0.4174444079399109,False
1009,p0n1164,55,1.0,1.5,1736.0,12.0,D5,74,1,0,0.6922157406806946,True,0.5913047790527344,True,0.39167365431785583,False
1010,p0n1165,55,1.0,0.25,1736.0,2.0,B3,59,2,0,0.3002825379371643,False,0.19389581680297852,False,0.2817721962928772,False
1011,p0n1167,55,1.25,0.25,1738.0,2.0,C#5,73,1,0,0.3897204101085663,False,0.20052754878997803,False,0.26801756024360657,False
1012,p0n1168,55,1.25,0.25,1738.0,2.0,A3,57,2,0,0.5052198171615601,True,0.388153612613678,False,0.3030696511268616,False
1013,p0n1169,55,1.5,0.25,1740.0,2.0,B4,71,1,0,0.3103828728199005,False,0.25637882947921753,False,0.3070673942565918,False
1014,p0n1170,55,1.5,0.25,1740.0,2.0,G#3,56,2,0,0.6233238577842712,True,0.07043454051017761,False,0.2651757597923279,False
1015,p0n1171,55,1.75,0.25,1742.0,2.0,A4,69,1,0,0.6210320591926575,True,0.1993941366672516,False,0.26235201954841614,False
1016,p0n1172,55,1.75,0.25,1742.0,2.0,F#3,54,2,0,0.9214438199996948,True,0.08221659064292908,False,0.2517894506454468,False
1017,p0n1174,55,2.0,1.25,1744.0,10.0,G#4,68,1,0,0.8526159524917603,True,0.6920769214630127,True,0.5171278119087219,True
1018,p0n1175,55,2.0,0.25,1744.0,2.0,E3,52,2,0,0.8986924886703491,True,0.8220511078834534,True,0.4218955338001251,False
1019,p0n1176,55,2.25,0.25,1746.0,2.0,F#3,54,2,0,0.6029448509216309,True,0.22580064833164215,False,0.26711487770080566,False
1020,p0n1177,55,2.5,0.25,1748.0,2.0,C#5,73,1,0,0.5872216820716858,True,0.3472805619239807,False,0.29222485423088074,False
1021,p0n1178,55,2.5,0.25,1748.0,2.0,E3,52,2,0,0.5918017625808716,True,0.13624310493469238,False,0.2697070837020874,False
1022,p0n1179,55,2.75,0.25,1750.0,2.0,B4,71,1,0,0.46152177453041077,False,0.2684941589832306,False,0.29649561643600464,False
1023,p0n1180,55,2.75,0.25,1750.0,2.0,D3,50,2,0,0.5177512168884277,True,0.35468626022338867,False,0.3366313874721527,False
1024,p0n1181,55,3.0,1.5,1752.0,12.0,C#5,73,1,0,0.45694488286972046,False,0.3268994390964508,False,0.3033716082572937,False
1025,p0n1183,55,3.0,0.25,1752.0,2.0,E3,52,2,0,0.5491514205932617,True,0.357923686504364,False,0.30049023032188416,False
1026,p0n1184,55,3.25,0.25,1754.0,2.0,B4,71,1,0,0.33706143498420715,False,0.24902978539466858,False,0.292673796415329,False
1027,p0n1185,55,3.25,0.25,1754.0,2.0,D3,50,2,0,0.48054808378219604,False,0.21698860824108124,False,0.28891006112098694,False
1028,p0n1186,55,3.5,0.25,1756.0,2.0,A4,69,1,0,0.5905773043632507,True,0.6403924226760864,True,0.4987948536872864,False
1029,p0n1187,55,3.5,0.25,1756.0,2.0,C#3,49,2,0,0.6607077121734619,True,0.18364059925079346,False,0.27071675658226013,False
1030,p0n1188,55,3.75,0.25,1758.0,2.0,G#4,68,1,0,0.5345630049705505,True,0.13812868297100067,False,0.26662373542785645,False
1031,p0n1189,55,3.75,0.25,1758.0,2.0,E3,52,2,0,0.4197215139865875,False,0.10200955718755722,False,0.25799596309661865,False
1032,p0n1191,56,0.0,0.5,1760.0,4.0,F#4,66,1,0,0.9762508273124695,True,0.6815484166145325,True,0.6064102053642273,True
1033,p0n1192,56,0.0,0.25,1760.0,2.0,D3,50,2,0,0.7307982444763184,True,0.8422231078147888,True,0.6684289574623108,True
1034,p0n1193,56,0.25,0.25,1762.0,2.0,E3,52,2,0,0.268688827753067,False,0.11394691467285156,False,0.2583948075771332,False
1035,p0n1194,56,0.5,0.5,1764.0,4.0,F#5,78,1,0,0.7071856260299683,True,0.43298330903053284,False,0.37553495168685913,False
1036,p0n1195,56,0.5,0.5,1764.0,4.0,A4,69,1,0,0.9000645875930786,True,0.8163614869117737,True,0.6098149418830872,True
1037,p0n1196,56,0.5,0.25,1764.0,2.0,D3,50,2,0,0.8101617097854614,True,0.6755879521369934,True,0.5654012560844421,True
1038,p0n1197,56,0.75,0.25,1766.0,2.0,C#3,49,2,0,0.2947649657726288,False,0.1516363024711609,False,0.2573729157447815,False
1039,p0n1198,56,1.0,1.5,1768.0,12.0,B4,71,1,0,0.5714151263237,True,0.3063565194606781,False,0.26865556836128235,False
1040,p0n1199,56,1.0,0.75,1768.0,6.0,G#4,68,1,0,0.33071523904800415,False,0.26141175627708435,False,0.29722297191619873,False
1041,p0n1200,56,1.0,0.25,1768.0,2.0,D3,50,2,0,0.7684093713760376,True,0.8494176268577576,True,0.5901637077331543,True
1042,p0n1201,56,1.25,0.25,1770.0,2.0,C#3,49,2,0,0.18827387690544128,False,0.1333719938993454,False,0.255851686000824,False
1043,p0n1202,56,1.5,0.25,1772.0,2.0,B2,47,2,0,0.32245221734046936,False,0.2203604131937027,False,0.2998761832714081,False
1044,p0n1203,56,1.75,0.25,1774.0,2.0,F#4,66,1,0,0.9572058916091919,True,0.21922805905342102,False,0.25197386741638184,False
1045,p0n1204,56,1.75,0.25,1774.0,2.0,D3,50,2,0,0.8785685896873474,True,0.7927341461181641,True,0.5346217155456543,True
1046,p0n1206,56,2.0,0.5,1776.0,4.0,E#4,65,1,0,0.8428828120231628,True,0.5550969243049622,True,0.44157874584198,False
1047,p0n1207,56,2.0,0.25,1776.0,2.0,C#3,49,2,0,0.4846183657646179,False,0.3688981831073761,False,0.30983999371528625,False
1048,p0n1208,56,2.25,0.25,1778.0,2.0,D3,50,2,0,0.5752087235450745,True,0.7659168243408203,True,0.5001801252365112,True
1049,p0n1209,56,2.5,0.25,1780.0,2.0,A4,69,1,0,0.8585405945777893,True,0.8446090221405029,True,0.629936158657074,True
1050,p0n1210,56,2.5,0.5,1780.0,4.0,C#4,61,1,0,0.8358165621757507,True,0.5554714202880859,True,0.5125579833984375,True
1051,p0n1211,56,2.5,0.25,1780.0,2.0,C#3,49,2,0,0.5655491352081299,True,0.21339631080627441,False,0.25946393609046936,False
1052,p0n1212,56,2.75,0.25,1782.0,2.0,G#4,68,1,0,0.5292093753814697,True,0.4163706600666046,False,0.32022613286972046,False
1053,p0n1213,56,2.75,0.25,1782.0,2.0,B2,47,2,0,0.16355448961257935,False,0.15722593665122986,False,0.2713320255279541,False
1054,p0n1214,56,3.0,0.5,1784.0,4.0,A4,69,1,0,0.9343523383140564,True,0.8876668810844421,True,0.6523800492286682,True
1055,p0n1215,56,3.0,2.0,1784.0,16.0,F#4,66,1,0,0.9053840637207031,True,0.4673309922218323,False,0.31278014183044434,False
1056,p0n1216,56,3.0,0.25,1784.0,2.0,C#3,49,2,0,0.7582163214683533,True,0.5303571820259094,True,0.35797423124313354,False
1057,p0n1217,56,3.25,0.25,1786.0,2.0,B2,47,2,0,0.04264312982559204,False,0.13588254153728485,False,0.26722753047943115,False
1058,p0n1218,56,3.5,0.5,1788.0,4.0,F#4,66,1,0,0.9206676483154297,True,0.1847945749759674,False,0.28348198533058167,False
1059,p0n1219,56,3.5,0.25,1788.0,2.0,A2,45,2,0,0.9202534556388855,True,0.8605477809906006,True,0.5587453246116638,True
1060,p0n1220,56,3.75,0.25,1790.0,2.0,C#3,49,2,0,0.7652364373207092,True,0.26619580388069153,False,0.2601901888847351,False
1061,p0n1221,57,0.0,2.0,1792.0,16.0,G#4,68,1,0,0.6936807036399841,True,0.7124031186103821,True,0.58221435546875,True
1062,p0n1223,57,0.0,0.25,1792.0,2.0,B2,47,2,0,0.3396509885787964,False,0.3290572464466095,False,0.3318760097026825,False
1063,p0n1224,57,0.25,0.25,1794.0,2.0,C#3,49,2,0,0.5812066793441772,True,0.30884477496147156,False,0.2624353766441345,False
1064,p0n1225,57,0.5,0.25,1796.0,2.0,B2,47,2,0,0.13099640607833862,False,0.15585070848464966,False,0.28170663118362427,False
1065,p0n1226,57,0.75,0.25,1798.0,2.0,A2,45,2,0,0.8423187732696533,True,0.5478264093399048,True,0.3628464639186859,False
1066,p0n1227,57,1.0,1.0,1800.0,8.0,E#4,65,1,0,0.553278923034668,True,0.17268948256969452,False,0.24643175303936005,False
1067,p0n1228,57,1.0,0.25,1800.0,2.0,B2,47,2,0,0.20476987957954407,False,0.19237129390239716,False,0.27931830286979675,False
1068,p0n1229,57,1.25,0.25,1802.0,2.0,A2,45,2,0,0.8069499731063843,True,0.3999468684196472,False,0.33618098497390747,False
1069,p0n1230,57,1.5,0.25,1804.0,2.0,G#2,44,2,0,0.9825770258903503,True,0.7676969170570374,True,0.5955234169960022,True
1070,p0n1231,57,1.75,0.25,1806.0,2.0,B2,47,2,0,0.13055133819580078,False,0.14359138906002045,False,0.26858437061309814,False
1071,p0n1232,57,2.0,0.5,1808.0,4.0,F#4,66,1,0,0.988090991973877,True,0.8034160733222961,True,0.46021905541419983,False
1072,p0n1233,57,2.0,1.0,1808.0,8.0,F#4,66,1,0,0.9829031825065613,True,0.6523483395576477,True,0.37407299876213074,False
1073,p0n1234,57,2.0,0.25,1808.0,2.0,A2,45,2,0,0.970942497253418,True,0.8994829058647156,True,0.7150662541389465,True
1074,p0n1235,57,2.25,0.25,1810.0,2.0,G#2,44,2,0,0.9742832779884338,True,0.7044695615768433,True,0.5468916893005371,True
1075,p0n1236,57,2.5,0.5,1812.0,4.0,C#5,73,1,0,0.24804939329624176,False,0.18045851588249207,False,0.2765692174434662,False
1076,p0n1237,57,2.5,0.25,1812.0,2.0,F#2,42,2,0,0.9648244976997375,True,0.7579178810119629,True,0.5356504917144775,True
1077,p0n1238,57,2.75,0.25,1814.0,2.0,G#2,44,2,0,0.9099647402763367,True,0.7955501675605774,True,0.47934481501579285,False
1078,p0n1239,57,3.0,0.5,1816.0,4.0,F#5,78,1,0,0.21562443673610687,False,0.16197285056114197,False,0.2667531669139862,False
1079,p0n1240,57,3.0,0.25,1816.0,2.0,A2,45,2,0,0.9269358515739441,True,0.5382946729660034,True,0.3891782760620117,False
1080,p0n1242,57,3.25,0.25,1818.0,2.0,B2,47,2,0,0.03746096417307854,False,0.1319669783115387,False,0.26623567938804626,False
1081,p0n1243,57,3.5,0.5,1820.0,4.0,A5,81,1,0,0.9915191531181335,True,0.9164024591445923,True,0.7243803143501282,True
1082,p0n1244,57,3.5,0.25,1820.0,2.0,C#3,49,2,0,0.8693276047706604,True,0.36406785249710083,False,0.2820945680141449,False
1083,p0n1245,57,3.75,0.25,1822.0,2.0,D#3,51,2,0,0.7970229983329773,True,0.1409580111503601,False,0.26370248198509216,False
1084,p0n1246,58,0.0,2.5,1824.0,20.0,G#5,80,1,0,0.7877632975578308,True,0.8511763215065002,True,0.8019662499427795,True
1085,p0n1247,58,0.0,0.25,1824.0,2.0,E3,52,2,0,0.6126942038536072,True,0.5413469076156616,True,0.30195626616477966,False
1086,p0n1249,58,0.25,0.25,1826.0,2.0,D#3,51,2,0,0.8156344890594482,True,0.05874161422252655,False,0.26323238015174866,False
1087,p0n1250,58,0.5,0.5,1828.0,4.0,G#4,68,1,0,0.16972847282886505,False,0.14139273762702942,False,0.27603137493133545,False
1088,p0n1251,58,0.5,0.25,1828.0,2.0,C#3,49,2,0,0.8448274731636047,True,0.34534385800361633,False,0.2527259588241577,False
1089,p0n1252,58,0.75,0.25,1830.0,2.0,D#3,51,2,0,0.7735611796379089,True,0.06528150290250778,False,0.25993284583091736,False
1090,p0n1253,58,1.0,0.5,1832.0,4.0,C#5,73,1,0,0.5836621522903442,True,0.21385078132152557,False,0.2813800275325775,False
1091,p0n1254,58,1.0,0.25,1832.0,2.0,E3,52,2,0,0.806748628616333,True,0.18644793331623077,False,0.2798628807067871,False
1092,p0n1255,58,1.25,0.25,1834.0,2.0,F#3,54,2,0,0.46540340781211853,False,0.0771377682685852,False,0.256335586309433,False
1093,p0n1256,58,1.5,0.5,1836.0,4.0,E5,76,1,0,0.4171523451805115,False,0.21720494329929352,False,0.294060081243515,False
1094,p0n1257,58,1.5,0.25,1836.0,2.0,G#3,56,2,0,0.4615062475204468,False,0.1704118549823761,False,0.28168460726737976,False
1095,p0n1258,58,1.75,0.25,1838.0,2.0,A#3,58,2,0,0.8325589895248413,True,0.35336336493492126,False,0.29117754101753235,False
1096,p0n1260,58,2.0,2.5,1840.0,20.0,D#5,75,1,0,0.8948728442192078,True,0.6897508502006531,True,0.5547599792480469,True
1097,p0n1261,58,2.0,0.25,1840.0,2.0,B#3,60,2,0,0.9070513844490051,True,0.8443445563316345,True,0.5236495137214661,True
1098,p0n1262,58,2.25,0.25,1842.0,2.0,A#3,58,2,0,0.7477534413337708,True,0.6365482211112976,True,0.4696040749549866,False
1099,p0n1263,58,2.5,0.5,1844.0,4.0,A5,81,1,0,0.9669849276542664,True,0.9128987193107605,True,0.6568304896354675,True
1100,p0n1264,58,2.5,0.25,1844.0,2.0,B#3,60,2,0,0.8142004013061523,True,0.40603312849998474,False,0.2872825860977173,False
1101,p0n1265,58,2.75,0.25,1846.0,2.0,C#4,61,2,0,0.6939929723739624,True,0.2351003736257553,False,0.2608092725276947,False
1102,p0n1266,58,3.0,0.5,1848.0,4.0,G#5,80,1,0,0.24670760333538055,False,0.21607761085033417,False,0.28243288397789,False
1103,p0n1267,58,3.0,0.25,1848.0,2.0,B#3,60,2,0,0.8469724059104919,True,0.6105323433876038,True,0.41019269824028015,False
1104,p0n1268,58,3.25,0.25,1850.0,2.0,C#4,61,2,0,0.39112773537635803,False,0.1881003975868225,False,0.26520591974258423,False
1105,p0n1269,58,3.5,0.5,1852.0,4.0,F#5,78,1,0,0.8096243143081665,True,0.4738015830516815,False,0.3720272481441498,False
1106,p0n1270,58,3.5,0.25,1852.0,2.0,D#4,63,2,0,0.9272331595420837,True,0.6999694108963013,True,0.4965057671070099,False
1107,p0n1271,58,3.75,0.25,1854.0,2.0,B#3,60,2,0,0.5917735695838928,True,0.3880518078804016,False,0.2757880985736847,False
1108,p0n1272,59,0.0,2.5,1856.0,20.0,E5,76,1,0,0.27212488651275635,False,0.2307700663805008,False,0.30140095949172974,False
1109,p0n1274,59,0.0,0.25,1856.0,2.0,C#4,61,2,0,0.8872892260551453,True,0.8014852404594421,True,0.5593606233596802,True
1110,p0n1275,59,0.25,0.25,1858.0,2.0,D#4,63,2,0,0.4947522282600403,False,0.14838941395282745,False,0.26846909523010254,False
1111,p0n1276,59,0.5,0.5,1860.0,4.0,G#4,68,1,0,0.2574065923690796,False,0.16359254717826843,False,0.28136396408081055,False
1112,p0n1277,59,0.5,0.25,1860.0,2.0,E4,64,2,0,0.44669026136398315,False,0.13374453783035278,False,0.2719276249408722,False
1113,p0n1278,59,0.75,0.25,1862.0,2.0,D#4,63,2,0,0.28985172510147095,False,0.15076996386051178,False,0.2675221562385559,False
1114,p0n1279,59,1.0,0.5,1864.0,4.0,C#5,73,1,0,0.7029021978378296,True,0.7430402040481567,True,0.41054609417915344,False
1115,p0n1280,59,1.0,0.25,1864.0,2.0,C#4,61,2,0,0.6284467577934265,True,0.496859073638916,False,0.27929815649986267,False
1116,p0n1281,59,1.25,0.25,1866.0,2.0,B3,59,2,0,0.548658013343811,True,0.7452662587165833,True,0.5005784034729004,True
1117,p0n1282,59,1.5,0.5,1868.0,4.0,B4,71,1,0,0.5520918369293213,True,0.7392366528511047,True,0.38171637058258057,False
1118,p0n1283,59,1.5,0.25,1868.0,2.0,A3,57,2,0,0.8301454186439514,True,0.528697669506073,True,0.4885525107383728,False
1119,p0n1284,59,1.75,0.25,1870.0,2.0,G#3,56,2,0,0.4634600281715393,False,0.19919449090957642,False,0.27896395325660706,False
1120,p0n1286,59,2.0,2.5,1872.0,20.0,A4,69,1,0,0.8235465288162231,True,0.8940749168395996,True,0.5948452353477478,True
1121,p0n1287,59,2.0,0.25,1872.0,2.0,F#3,54,2,0,0.6910871267318726,True,0.4258646070957184,False,0.32267069816589355,False
1122,p0n1288,59,2.25,0.25,1874.0,2.0,E3,52,2,0,0.6015694737434387,True,0.08752457052469254,False,0.25055134296417236,False
1123,p0n1289,59,2.5,0.5,1876.0,4.0,E5,76,1,0,0.6666741967201233,True,0.3416196405887604,False,0.3313916325569153,False
1124,p0n1290,59,2.5,0.25,1876.0,2.0,F#3,54,2,0,0.5584977865219116,True,0.10354933887720108,False,0.2676684856414795,False
1125,p0n1291,59,2.75,0.25,1878.0,2.0,G#3,56,2,0,0.17048729956150055,False,0.12886375188827515,False,0.2638426125049591,False
1126,p0n1292,59,3.0,0.5,1880.0,4.0,D#5,75,1,0,0.5751142501831055,True,0.2538595199584961,False,0.28546464443206787,False
1127,p0n1293,59,3.0,0.25,1880.0,2.0,F#3,54,2,0,0.5513811111450195,True,0.2072289139032364,False,0.2678101360797882,False
1128,p0n1294,59,3.25,0.25,1882.0,2.0,G#3,56,2,0,0.11805993318557739,False,0.1173887699842453,False,0.26182201504707336,False
1129,p0n1295,59,3.5,0.5,1884.0,4.0,F#5,78,1,0,0.4905097782611847,False,0.20984022319316864,False,0.2903631925582886,False
1130,p0n1296,59,3.5,0.25,1884.0,2.0,A3,57,2,0,0.7860612869262695,True,0.6321448683738708,True,0.5527563691139221,True
1131,p0n1297,59,3.75,0.25,1886.0,2.0,F#3,54,2,0,0.19157829880714417,False,0.09325873851776123,False,0.2570829689502716,False
1132,p0n1298,60,0.0,1.5,1888.0,12.0,B#4,72,1,0,0.43705350160598755,False,0.5061883330345154,True,0.40600669384002686,False
1133,p0n1300,60,0.0,0.25,1888.0,2.0,G#3,56,2,0,0.4685128331184387,False,0.31463927030563354,False,0.3276132345199585,False
1134,p0n1301,60,0.25,0.25,1890.0,2.0,F#3,54,2,0,0.1967872977256775,False,0.10711975395679474,False,0.25851142406463623,False
1135,p0n1302,60,0.5,0.5,1892.0,4.0,D#4,63,1,0,0.6910730004310608,True,0.39513224363327026,False,0.29576238989830017,False
1136,p0n1303,60,0.5,0.25,1892.0,2.0,G#3,56,2,0,0.2673112154006958,False,0.12938007712364197,False,0.2745210528373718,False
1137,p0n1304,60,0.75,0.25,1894.0,2.0,A3,57,2,0,0.5344368815422058,True,0.4913724362850189,False,0.32272693514823914,False
1138,p0n1305,60,1.0,0.5,1896.0,4.0,G#4,68,1,0,0.6840669512748718,True,0.7537441849708557,True,0.46566057205200195,False
1139,p0n1306,60,1.0,0.25,1896.0,2.0,G#3,56,2,0,0.2870174050331116,False,0.17542821168899536,False,0.27174654603004456,False
1140,p0n1307,60,1.25,0.25,1898.0,2.0,F#3,54,2,0,0.12013029307126999,False,0.10194001346826553,False,0.25757479667663574,False
1141,p0n1308,60,1.5,0.5,1900.0,4.0,D#5,75,1,0,0.4553269147872925,False,0.25864920020103455,False,0.3107200860977173,False
1142,p0n1309,60,1.5,0.75,1900.0,6.0,F#4,66,1,0,0.675510823726654,True,0.12811002135276794,False,0.28012415766716003,False
1143,p0n1310,60,1.5,0.25,1900.0,2.0,E3,52,2,0,0.24771426618099213,False,0.1166958436369896,False,0.26940974593162537,False
1144,p0n1311,60,1.75,0.25,1902.0,2.0,D#3,51,2,0,0.8541796803474426,True,0.1036577895283699,False,0.2708260715007782,False
1145,p0n1312,60,2.0,1.0,1904.0,8.0,G#4,68,1,0,0.8335853815078735,True,0.6580029129981995,True,0.36354660987854004,False
1146,p0n1314,60,2.0,0.5,1904.0,4.0,E3,52,2,0,0.4119919538497925,False,0.2606358826160431,False,0.2862299978733063,False
1147,p0n1315,60,2.25,0.25,1906.0,2.0,F#4,66,1,0,0.8299559354782104,True,0.09763973206281662,False,0.25568997859954834,False
1148,p0n1316,60,2.5,0.25,1908.0,2.0,E4,64,1,0,0.9085056781768799,True,0.5003500580787659,True,0.33670544624328613,False
1149,p0n1317,60,2.5,0.5,1908.0,4.0,C#3,49,2,0,0.8945087194442749,True,0.4329562187194824,False,0.26518216729164124,False
1150,p0n1318,60,2.75,0.25,1910.0,2.0,D#4,63,1,0,0.5101370215415955,True,0.30531153082847595,False,0.2706639766693115,False
1151,p0n1320,60,3.0,0.25,1912.0,2.0,C#4,61,1,0,0.9837812185287476,True,0.26971763372421265,False,0.29248058795928955,False
1152,p0n1321,60,3.0,1.5,1912.0,12.0,A3,57,2,0,0.8189096450805664,True,0.7393707036972046,True,0.6539387702941895,True
1153,p0n1322,60,3.25,0.25,1914.0,2.0,D#4,63,1,0,0.40396416187286377,False,0.15446145832538605,False,0.269033282995224,False
1154,p0n1323,60,3.5,0.5,1916.0,4.0,C#5,73,1,0,0.7380654215812683,True,0.35338738560676575,False,0.3405797779560089,False
1155,p0n1324,60,3.5,0.25,1916.0,2.0,E4,64,1,0,0.901208758354187,True,0.2668672204017639,False,0.2787286043167114,False
1156,p0n1325,60,3.75,0.25,1918.0,2.0,C#4,61,1,0,0.9596392512321472,True,0.10261459648609161,False,0.2611779272556305,False
1157,p0n1326,61,0.0,0.25,1920.0,2.0,B4,71,1,0,0.2268507033586502,False,0.3218443691730499,False,0.33384519815444946,False
1158,p0n1327,61,0.0,1.0,1920.0,8.0,D#4,63,1,0,0.7455146312713623,True,0.5763952732086182,True,0.3856896460056305,False
1159,p0n1329,61,0.25,0.25,1922.0,2.0,C#5,73,1,0,0.7970132231712341,True,0.4566982686519623,False,0.3146483600139618,False
1160,p0n1330,61,0.5,0.25,1924.0,2.0,B4,71,1,0,0.2722293436527252,False,0.19433212280273438,False,0.29305195808410645,False
1161,p0n1331,61,0.5,0.25,1924.0,2.0,G#3,56,2,0,0.4324222803115845,False,0.181420236825943,False,0.28630951046943665,False
1162,p0n1332,61,0.75,0.25,1926.0,2.0,A4,69,1,0,0.28847959637641907,False,0.16725356876850128,False,0.2635505795478821,False
1163,p0n1333,61,0.75,0.25,1926.0,2.0,F#3,54,2,0,0.6272368431091309,True,0.11345697939395905,False,0.25030210614204407,False
1164,p0n1334,61,1.0,0.25,1928.0,2.0,B4,71,1,0,0.370901495218277,False,0.2829523980617523,False,0.3096219003200531,False
1165,p0n1335,61,1.0,1.5,1928.0,12.0,G#3,56,2,0,0.24477893114089966,False,0.1762884110212326,False,0.271692156791687,False
1166,p0n1337,61,1.25,0.25,1930.0,2.0,A4,69,1,0,0.4186587333679199,False,0.21531161665916443,False,0.276394248008728,False
1167,p0n1338,61,1.5,0.25,1932.0,2.0,G#4,68,1,0,0.099822036921978,False,0.12904611229896545,False,0.27383601665496826,False
1168,p0n1339,61,1.5,0.5,1932.0,4.0,E4,64,1,0,0.6676775217056274,True,0.2028297781944275,False,0.2755855917930603,False
1169,p0n1340,61,1.75,0.25,1934.0,2.0,B4,71,1,0,0.6054452061653137,True,0.45345592498779297,False,0.2856243848800659,False
1170,p0n1341,61,2.0,0.25,1936.0,2.0,A4,69,1,0,0.9074313044548035,True,0.9864094257354736,True,0.7088981866836548,True
1171,p0n1342,61,2.0,0.5,1936.0,4.0,C#4,61,1,0,0.9607663750648499,True,0.8840455412864685,True,0.5819242000579834,True
1172,p0n1344,61,2.25,0.25,1938.0,2.0,B4,71,1,0,0.1757391095161438,False,0.16475306451320648,False,0.2738904654979706,False
1173,p0n1345,61,2.5,0.25,1940.0,2.0,A4,69,1,0,0.6602110266685486,True,0.6237019896507263,True,0.39126354455947876,False
1174,p0n1346,61,2.5,0.5,1940.0,4.0,E4,64,1,0,0.8691892623901367,True,0.2563612163066864,False,0.2863185703754425,False
1175,p0n1347,61,2.5,0.5,1940.0,4.0,C#4,61,2,0,0.9353753328323364,True,0.1993051916360855,False,0.2709962725639343,False
1176,p0n1348,61,2.75,0.25,1942.0,2.0,G#4,68,1,0,0.2586921453475952,False,0.1713290959596634,False,0.2720209062099457,False
1177,p0n1349,61,3.0,0.25,1944.0,2.0,A4,69,1,0,0.5077288746833801,True,0.5702869296073914,True,0.3489029109477997,False
1178,p0n1350,61,3.0,0.75,1944.0,6.0,D#4,63,1,0,0.69350266456604,True,0.3206382095813751,False,0.2502872943878174,False
1179,p0n1351,61,3.0,1.5,1944.0,12.0,F#3,54,2,0,0.39428532123565674,False,0.1082102581858635,False,0.25848865509033203,False
1180,p0n1352,61,3.25,0.25,1946.0,2.0,G#4,68,1,0,0.1886807084083557,False,0.14183712005615234,False,0.26647934317588806,False
1181,p0n1353,61,3.5,0.25,1948.0,2.0,F#4,66,1,0,0.6467581391334534,True,0.34466493129730225,False,0.2822631597518921,False
1182,p0n1354,61,3.75,0.25,1950.0,2.0,A4,69,1,0,0.4140680134296417,False,0.1941910684108734,False,0.2703503668308258,False
1183,p0n1355,61,3.75,0.25,1950.0,2.0,C#4,61,1,0,0.9498406648635864,True,0.26824456453323364,False,0.3056630492210388,False
1184,p0n1356,62,0.0,0.25,1952.0,2.0,G#4,68,1,0,0.24916212260723114,False,0.2678363025188446,False,0.31062692403793335,False
1185,p0n1357,62,0.0,0.5,1952.0,4.0,B#3,60,2,0,0.8094217777252197,True,0.8802274465560913,True,0.6989920139312744,True
1186,p0n1359,62,0.25,0.25,1954.0,2.0,A4,69,1,0,0.17457710206508636,False,0.14728803932666779,False,0.2593372166156769,False
1187,p0n1360,62,0.5,0.25,1956.0,2.0,G#4,68,1,0,0.15156324207782745,False,0.1305602490901947,False,0.27397266030311584,False
1188,p0n1361,62,0.5,0.5,1956.0,4.0,G#3,56,2,0,0.4063960611820221,False,0.1560731828212738,False,0.2777591049671173,False
1189,p0n1362,62,0.5,0.25,1956.0,2.0,E3,52,2,0,0.4588184952735901,False,0.11258162558078766,False,0.26857683062553406,False
1190,p0n1363,62,0.75,0.25,1958.0,2.0,F#4,66,1,0,0.3933945596218109,False,0.14356501400470734,False,0.26401713490486145,False
1191,p0n1364,62,0.75,0.25,1958.0,2.0,D#3,51,2,0,0.8992081880569458,True,0.04481426626443863,False,0.2597176134586334,False
1192,p0n1365,62,1.0,0.25,1960.0,2.0,G#4,68,1,0,0.22338354587554932,False,0.17840608954429626,False,0.2732628285884857,False
1193,p0n1366,62,1.0,2.0,1960.0,16.0,C#4,61,2,0,0.9437214732170105,True,0.4210311472415924,False,0.3738365173339844,False
1194,p0n1367,62,1.0,0.5,1960.0,4.0,E3,52,2,0,0.4735493063926697,False,0.21163716912269592,False,0.27346131205558777,False
1195,p0n1368,62,1.25,0.25,1962.0,2.0,F#4,66,1,0,0.4224321246147156,False,0.17911893129348755,False,0.272240549325943,False
1196,p0n1369,62,1.5,0.25,1964.0,2.0,E4,64,1,0,0.9131568670272827,True,0.14348159730434418,False,0.27515512704849243,False
1197,p0n1370,62,1.5,0.5,1964.0,4.0,C#3,49,2,0,0.848022997379303,True,0.488895058631897,False,0.39007246494293213,False
1198,p0n1371,62,1.75,0.25,1966.0,2.0,G#4,68,1,0,0.08428142219781876,False,0.11300910264253616,False,0.2609507441520691,False
1199,p0n1372,62,2.0,0.25,1968.0,2.0,F#4,66,1,0,0.81327223777771,True,0.7159624099731445,True,0.41667690873146057,False
1200,p0n1373,62,2.0,2.0,1968.0,16.0,D#3,51,2,0,0.9458600878715515,True,0.2984996736049652,False,0.29796209931373596,False
1201,p0n1374,62,2.25,0.25,1970.0,2.0,G#4,68,1,0,0.020884953439235687,False,0.10501450300216675,False,0.2597372829914093,False
1202,p0n1375,62,2.5,0.25,1972.0,2.0,F#4,66,1,0,0.35479798913002014,False,0.13588562607765198,False,0.2736254632472992,False
1203,p0n1376,62,2.75,0.25,1974.0,2.0,E4,64,1,0,0.7680107355117798,True,0.12177912890911102,False,0.26115259528160095,False
1204,p0n1377,62,3.0,0.25,1976.0,2.0,F#4,66,1,0,0.18743225932121277,False,0.13884295523166656,False,0.2627171277999878,False
1205,p0n1378,62,3.0,1.0,1976.0,8.0,B#3,60,2,0,0.8475375771522522,True,0.6592000126838684,True,0.6440770030021667,True
1206,p0n1379,62,3.25,0.25,1978.0,2.0,E4,64,1,0,0.6592920422554016,True,0.09071861207485199,False,0.2646556794643402,False
1207,p0n1380,62,3.5,0.25,1980.0,2.0,D#4,63,1,0,0.64718097448349,True,0.20748424530029297,False,0.27060288190841675,False
1208,p0n1381,62,3.75,0.25,1982.0,2.0,F#4,66,1,0,0.18626812100410461,False,0.1339317262172699,False,0.26118987798690796,False
1209,p0n1382,63,0.0,1.0,1984.0,8.0,E4,64,1,0,0.926497220993042,True,0.4939180910587311,False,0.38127458095550537,False
1210,p0n1383,63,0.0,0.5,1984.0,4.0,C#4,61,1,0,0.9758430123329163,True,0.6430394649505615,True,0.6068286895751953,True
1211,p0n1384,63,0.0,0.25,1984.0,2.0,C#3,49,2,0,0.9763186573982239,True,0.8469988703727722,True,0.6569985151290894,True
1212,p0n1385,63,0.25,0.25,1986.0,2.0,B#2,48,2,0,0.6365015506744385,True,0.8013566136360168,True,0.5359451174736023,True
1213,p0n1386,63,0.5,0.5,1988.0,4.0,G#3,56,1,0,0.7965449690818787,True,0.8028699159622192,True,0.6638286113739014,True
1214,p0n1387,63,0.5,0.25,1988.0,2.0,C#3,49,2,0,0.9356151223182678,True,0.11488476395606995,False,0.26905179023742676,False
1215,p0n1388,63,0.75,0.25,1990.0,2.0,D#3,51,2,0,0.568748950958252,True,0.1388425976037979,False,0.271684855222702,False
1216,p0n1390,63,1.0,0.5,1992.0,4.0,C#4,61,1,0,0.9755082130432129,True,0.46744391322135925,False,0.2928531765937805,False
1217,p0n1391,63,1.0,0.25,1992.0,2.0,E3,52,2,0,0.6504942774772644,True,0.06957016885280609,False,0.25428131222724915,False
1218,p0n1392,63,1.25,0.25,1994.0,2.0,F#3,54,2,0,0.18024122714996338,False,0.09969934821128845,False,0.2565586566925049,False
1219,p0n1393,63,1.5,0.5,1996.0,4.0,E4,64,1,0,0.834109902381897,True,0.17290019989013672,False,0.26870858669281006,False
1220,p0n1394,63,1.5,0.25,1996.0,2.0,G3,55,2,0,0.9053184986114502,True,0.5229408144950867,True,0.621480405330658,True
1221,p0n1395,63,1.75,0.25,1998.0,2.0,E3,52,2,0,0.4621063768863678,False,0.13193193078041077,False,0.26044273376464844,False
1222,p0n1397,63,2.0,1.0,2000.0,8.0,A#3,58,1,0,0.9819015860557556,True,0.9385051727294922,True,0.736827552318573,True
1223,p0n1398,63,2.0,0.25,2000.0,2.0,F#3,54,2,0,0.5335520505905151,True,0.23416326940059662,False,0.2719450891017914,False
1224,p0n1399,63,2.25,0.25,2002.0,2.0,G3,55,2,0,0.8966957926750183,True,0.8243293762207031,True,0.8448846340179443,True
1225,p0n1400,63,2.5,0.5,2004.0,4.0,G4,67,1,0,0.1665196418762207,False,0.2077661007642746,False,0.2866531014442444,False
1226,p0n1401,63,2.5,0.25,2004.0,2.0,F#3,54,2,0,0.3881739377975464,False,0.10912258177995682,False,0.26845765113830566,False
1227,p0n1402,63,2.75,0.25,2006.0,2.0,E3,52,2,0,0.6031400561332703,True,0.2499169409275055,False,0.24950094521045685,False
1228,p0n1403,63,3.0,0.5,2008.0,4.0,F#4,66,1,0,0.01067343633621931,False,0.1142435148358345,False,0.2582184374332428,False
1229,p0n1404,63,3.0,0.5,2008.0,4.0,B3,59,1,0,0.7078738808631897,True,0.8193685412406921,True,0.5349557399749756,True
1230,p0n1405,63,3.0,0.25,2008.0,2.0,D3,50,2,0,0.6087677478790283,True,0.5811749696731567,True,0.47858569025993347,False
1231,p0n1406,63,3.25,0.25,2010.0,2.0,C#3,49,2,0,0.8931972980499268,True,0.5999496579170227,True,0.3475389778614044,False
1232,p0n1407,63,3.5,0.5,2012.0,4.0,E4,64,1,0,0.07441186904907227,False,0.11236459016799927,False,0.26747119426727295,False
1233,p0n1408,63,3.5,1.0,2012.0,8.0,C#4,61,1,0,0.863778293132782,True,0.33625033497810364,False,0.2838672697544098,False
1234,p0n1409,63,3.5,0.25,2012.0,2.0,B2,47,2,0,0.5254878997802734,True,0.40234681963920593,False,0.3475545346736908,False
1235,p0n1410,63,3.75,0.25,2014.0,2.0,A#2,46,2,0,0.5449728965759277,True,0.4427974820137024,False,0.30813106894493103,False
1236,p0n1411,64,0.0,1.0,2016.0,8.0,D4,62,1,0,0.5646988749504089,True,0.6707063913345337,True,0.4367310106754303,False
1237,p0n1413,64,0.0,0.25,2016.0,2.0,B2,47,2,0,0.7838149666786194,True,0.39359188079833984,False,0.36741212010383606,False
1238,p0n1414,64,0.25,0.25,2018.0,2.0,F#2,42,2,0,0.9200701713562012,True,0.2960323095321655,False,0.2876364290714264,False
1239,p0n1415,64,0.5,0.5,2020.0,4.0,F#3,54,2,0,0.934333086013794,True,0.517680823802948,True,0.5035593509674072,True
1240,p0n1416,64,0.5,0.25,2020.0,2.0,B2,47,2,0,0.8795780539512634,True,0.16759032011032104,False,0.2863266170024872,False
1241,p0n1417,64,0.75,0.25,2022.0,2.0,C#3,49,2,0,0.5552141070365906,True,0.42112573981285095,False,0.34638285636901855,False
1242,p0n1419,64,1.0,0.5,2024.0,4.0,B3,59,2,0,0.7225771546363831,True,0.4598475992679596,False,0.3663664758205414,False
1243,p0n1420,64,1.0,0.25,2024.0,2.0,D3,50,2,0,0.6612656116485596,True,0.5653306841850281,True,0.4092082977294922,False
1244,p0n1421,64,1.25,0.25,2026.0,2.0,E3,52,2,0,0.5342461466789246,True,0.25628089904785156,False,0.2580307126045227,False
1245,p0n1422,64,1.5,0.5,2028.0,4.0,D4,62,2,0,0.5499974489212036,True,0.34468501806259155,False,0.3067688047885895,False
1246,p0n1423,64,1.5,0.25,2028.0,2.0,F#3,54,2,0,0.8474929332733154,True,0.2585065960884094,False,0.29809242486953735,False
1247,p0n1424,64,1.75,0.25,2030.0,2.0,D3,50,2,0,0.671856164932251,True,0.29849329590797424,False,0.3296154737472534,False
1248,p0n1426,64,2.0,1.0,2032.0,8.0,G#3,56,2,0,0.9898148775100708,True,0.9720444083213806,True,0.825790286064148,True
1249,p0n1427,64,2.0,0.25,2032.0,2.0,E3,52,2,0,0.45512399077415466,False,0.23121893405914307,False,0.27911698818206787,False
1250,p0n1428,64,2.25,0.25,2034.0,2.0,F#3,54,2,0,0.9758564233779907,True,0.112676240503788,False,0.23896461725234985,False
1251,p0n1429,64,2.5,0.5,2036.0,4.0,F#4,66,1,0,0.2912907004356384,False,0.16660837829113007,False,0.2778475880622864,False
1252,p0n1430,64,2.5,0.25,2036.0,2.0,E3,52,2,0,0.9327750205993652,True,0.4972911775112152,False,0.2706127166748047,False
1253,p0n1431,64,2.75,0.25,2038.0,2.0,D3,50,2,0,0.728448212146759,True,0.3454953730106354,False,0.31627923250198364,False
1254,p0n1432,64,3.0,0.5,2040.0,4.0,E4,64,1,0,0.6621378064155579,True,0.5297572016716003,True,0.1952538639307022,False
1255,p0n1433,64,3.0,0.5,2040.0,4.0,A3,57,2,0,0.7682570815086365,True,0.6681081056594849,True,0.42386186122894287,False
1256,p0n1434,64,3.0,0.25,2040.0,2.0,C#3,49,2,0,0.588310956954956,True,0.3146568238735199,False,0.27060753107070923,False
1257,p0n1435,64,3.25,0.25,2042.0,2.0,B2,47,2,0,0.21479488909244537,False,0.14337848126888275,False,0.2688959538936615,False
1258,p0n1436,64,3.5,0.5,2044.0,4.0,D4,62,1,0,0.7977445721626282,True,0.4757499694824219,False,0.34481197595596313,False
1259,p0n1437,64,3.5,1.0,2044.0,8.0,B3,59,2,0,0.38375186920166016,False,0.16346120834350586,False,0.28304988145828247,False
1260,p0n1438,64,3.5,0.25,2044.0,2.0,A2,45,2,0,0.6100193858146667,True,0.2769324779510498,False,0.2880421578884125,False
1261,p0n1439,64,3.75,0.25,2046.0,2.0,G#2,44,2,0,0.813474714756012,True,0.5114468336105347,True,0.362561970949173,False
1262,p0n1440,65,0.0,1.5,2048.0,12.0,C#4,61,1,0,0.6414874196052551,True,0.8716179728507996,True,0.49152734875679016,False
1263,p0n1442,65,0.0,0.25,2048.0,2.0,A2,45,2,0,0.7184671759605408,True,0.6808440685272217,True,0.41634270548820496,False
1264,p0n1443,65,0.25,0.25,2050.0,2.0,E2,40,2,0,0.9117428660392761,True,0.42013049125671387,False,0.327569842338562,False
1265,p0n1444,65,0.5,0.25,2052.0,2.0,A3,57,2,0,0.683821439743042,True,0.44078436493873596,False,0.3678708076477051,False
1266,p0n1445,65,0.5,0.25,2052.0,2.0,A2,45,2,0,0.7105001211166382,True,0.3608364760875702,False,0.2757335901260376,False
1267,p0n1446,65,0.75,0.25,2054.0,2.0,G#3,56,2,0,0.46146467328071594,False,0.17905011773109436,False,0.269970178604126,False
1268,p0n1447,65,0.75,0.25,2054.0,2.0,B2,47,2,0,0.175717294216156,False,0.1400732547044754,False,0.26796403527259827,False
1269,p0n1448,65,1.0,1.5,2056.0,12.0,A3,57,2,0,0.878159761428833,True,0.7084523439407349,True,0.5903448462486267,True
1270,p0n1449,65,1.0,0.25,2056.0,2.0,C#3,49,2,0,0.8669843077659607,True,0.47238144278526306,False,0.29996854066848755,False
1271,p0n1450,65,1.25,0.25,2058.0,2.0,D3,50,2,0,0.4900509715080261,False,0.16752736270427704,False,0.2729644179344177,False
1272,p0n1451,65,1.5,0.5,2060.0,4.0,C#4,61,1,0,0.5529046058654785,True,0.2621883153915405,False,0.27064579725265503,False
1273,p0n1452,65,1.5,0.25,2060.0,2.0,E3,52,2,0,0.707594633102417,True,0.2918016016483307,False,0.28374820947647095,False
1274,p0n1453,65,1.75,0.25,2062.0,2.0,C#3,49,2,0,0.6271781921386719,True,0.3418108820915222,False,0.25518468022346497,False
1275,p0n1454,65,2.0,1.5,2064.0,12.0,F#4,66,1,0,0.1154283955693245,False,0.2070610672235489,False,0.28051048517227173,False
1276,p0n1456,65,2.0,0.25,2064.0,2.0,D3,50,2,0,0.8197217583656311,True,0.8687662482261658,True,0.5205679535865784,True
1277,p0n1457,65,2.25,0.25,2066.0,2.0,E3,52,2,0,0.7728645205497742,True,0.17978711426258087,False,0.25365352630615234,False
1278,p0n1458,65,2.5,0.25,2068.0,2.0,B3,59,1,0,0.2553766667842865,False,0.16316774487495422,False,0.2847127616405487,False
1279,p0n1459,65,2.5,0.25,2068.0,2.0,D3,50,2,0,0.7062679529190063,True,0.563157320022583,True,0.4329015910625458,False
1280,p0n1460,65,2.75,0.25,2070.0,2.0,C#4,61,1,0,0.8501632213592529,True,0.4622722566127777,False,0.27777260541915894,False
1281,p0n1461,65,2.75,0.25,2070.0,2.0,C#3,49,2,0,0.9235801696777344,True,0.6467063426971436,True,0.3245965540409088,False
1282,p0n1463,65,3.0,1.25,2072.0,10.0,D4,62,1,0,0.5799196362495422,True,0.6279599666595459,True,0.3155623972415924,False
1283,p0n1464,65,3.0,0.25,2072.0,2.0,B2,47,2,0,0.12263840436935425,False,0.18029090762138367,False,0.2766024172306061,False
1284,p0n1465,65,3.25,0.25,2074.0,2.0,A2,45,2,0,0.6755023002624512,True,0.5312227606773376,True,0.45713427662849426,False
1285,p0n1466,65,3.5,0.25,2076.0,2.0,E#4,65,1,0,0.7495532035827637,True,0.12896181643009186,False,0.2684226632118225,False
1286,p0n1467,65,3.5,0.25,2076.0,2.0,G#2,44,2,0,0.8212761282920837,True,0.5140998959541321,True,0.5415751934051514,True
1287,p0n1468,65,3.75,0.25,2078.0,2.0,F#4,66,1,0,0.08434651046991348,False,0.11168639361858368,False,0.25827834010124207,False
1288,p0n1469,65,3.75,0.25,2078.0,2.0,F#2,42,2,0,0.7934343218803406,True,0.5209671854972839,True,0.5399062633514404,True
1289,p0n1470,66,0.0,0.5,2080.0,4.0,G#4,68,1,0,0.49758750200271606,False,0.5562108755111694,True,0.44600555300712585,False
1290,p0n1472,66,0.0,0.5,2080.0,4.0,E#2,41,2,0,0.9049434065818787,True,0.8580104112625122,True,0.7207192182540894,True
1291,p0n1473,66,0.25,0.25,2082.0,2.0,C#4,61,1,0,0.8774160146713257,True,0.25371623039245605,False,0.27105802297592163,False
1292,p0n1474,66,0.5,0.25,2084.0,2.0,F#4,66,1,0,0.2196759730577469,False,0.12933464348316193,False,0.27172592282295227,False
1293,p0n1475,66,0.5,0.25,2084.0,2.0,D#4,63,1,0,0.5304824709892273,True,0.19703413546085358,False,0.2843431234359741,False
1294,p0n1476,66,0.5,0.5,2084.0,4.0,C#2,37,2,0,0.849292516708374,True,0.8871340155601501,True,0.6447449922561646,True
1295,p0n1477,66,0.75,0.25,2086.0,2.0,G#4,68,1,0,0.20908783376216888,False,0.14799782633781433,False,0.26540493965148926,False
1296,p0n1478,66,0.75,0.25,2086.0,2.0,E#4,65,1,0,0.8725993037223816,True,0.17688822746276855,False,0.2324775904417038,False
1297,p0n1479,66,1.0,0.5,2088.0,4.0,A4,69,1,0,0.8140028715133667,True,0.9123204946517944,True,0.6252752542495728,True
1298,p0n1480,66,1.0,0.25,2088.0,2.0,F#4,66,1,0,0.33153194189071655,False,0.18000449240207672,False,0.2712402939796448,False
1299,p0n1481,66,1.0,2.0,2088.0,16.0,F#2,42,2,0,0.8116016983985901,True,0.6445430517196655,True,0.5099133253097534,True
1300,p0n1482,66,1.25,0.25,2090.0,2.0,G#4,68,1,0,0.3337229788303375,False,0.18608231842517853,False,0.27261611819267273,False
1301,p0n1484,66,1.5,0.25,2092.0,2.0,A4,69,1,0,0.8066704273223877,True,0.8127381205558777,True,0.5578223466873169,True
1302,p0n1485,66,1.75,0.25,2094.0,2.0,F#4,66,1,0,0.27245765924453735,False,0.13617847859859467,False,0.2625846564769745,False
1303,p0n1487,66,2.0,0.25,2096.0,2.0,B4,71,1,0,0.6488671898841858,True,0.7410350441932678,True,0.5891996622085571,True
1304,p0n1488,66,2.25,0.25,2098.0,2.0,C#5,73,1,0,0.5738285779953003,True,0.26859089732170105,False,0.2861146628856659,False
1305,p0n1489,66,2.5,0.25,2100.0,2.0,B4,71,1,0,0.23479443788528442,False,0.2022067755460739,False,0.29410094022750854,False
1306,p0n1490,66,2.75,0.25,2102.0,2.0,A4,69,1,0,0.7917508482933044,True,0.8322125673294067,True,0.528248131275177,True
1307,p0n1492,66,3.0,0.25,2104.0,2.0,B4,71,1,0,0.2367118000984192,False,0.2304699420928955,False,0.2903255224227905,False
1308,p0n1493,66,3.0,1.0,2104.0,8.0,E#2,41,2,0,0.8142586946487427,True,0.5249409675598145,True,0.45350542664527893,False
1309,p0n1494,66,3.25,0.25,2106.0,2.0,A4,69,1,0,0.6262406706809998,True,0.7996644377708435,True,0.5627801418304443,True
1310,p0n1495,66,3.5,0.5,2108.0,4.0,C#5,73,1,0,0.9623891115188599,True,0.19360803067684174,False,0.27609026432037354,False
1311,p0n1496,66,3.5,0.25,2108.0,2.0,G#4,68,1,0,0.7064104080200195,True,0.6639069318771362,True,0.6134381890296936,True
1312,p0n1497,66,3.75,0.25,2110.0,2.0,A4,69,1,0,0.7899309992790222,True,0.6267833709716797,True,0.5914024710655212,True
1313,p0n1498,67,0.0,0.5,2112.0,4.0,A4,69,1,0,0.986500084400177,True,0.9716511964797974,True,0.6915621161460876,True
1314,p0n1499,67,0.0,0.5,2112.0,4.0,F#4,66,1,0,0.2610398232936859,False,0.24376492202281952,False,0.2994009852409363,False
1315,p0n1500,67,0.0,0.25,2112.0,2.0,F#2,42,2,0,0.8612887859344482,True,0.6793160438537598,True,0.5449795722961426,True
1316,p0n1501,67,0.25,0.25,2114.0,2.0,F#3,54,2,0,0.7480525970458984,True,0.9126763343811035,True,0.4817216992378235,False
1317,p0n1502,67,0.5,0.5,2116.0,4.0,F#4,66,1,0,0.26245835423469543,False,0.13448138535022736,False,0.2717563211917877,False
1318,p0n1503,67,0.5,0.25,2116.0,2.0,G#3,56,2,0,0.29916390776634216,False,0.19111701846122742,False,0.28587180376052856,False
1319,p0n1505,67,0.75,0.25,2118.0,2.0,A3,57,2,0,0.8972358703613281,True,0.4196704626083374,False,0.34441840648651123,False
1320,p0n1506,67,1.0,1.5,2120.0,12.0,D5,74,1,0,0.8972280025482178,True,0.704708993434906,True,0.5182314515113831,True
1321,p0n1507,67,1.0,0.25,2120.0,2.0,B3,59,2,0,0.3565577268600464,False,0.23872053623199463,False,0.2895831763744354,False
1322,p0n1509,67,1.25,0.25,2122.0,2.0,C#4,61,2,0,0.8632261157035828,True,0.48967668414115906,False,0.27262556552886963,False
1323,p0n1510,67,1.5,0.5,2124.0,4.0,F#4,66,1,0,0.24062858521938324,False,0.14284156262874603,False,0.274330198764801,False
1324,p0n1511,67,1.5,0.25,2124.0,2.0,B3,59,2,0,0.19618050754070282,False,0.1594482660293579,False,0.28245624899864197,False
1325,p0n1512,67,1.75,0.25,2126.0,2.0,A3,57,2,0,0.7603983283042908,True,0.16464011371135712,False,0.2839142680168152,False
1326,p0n1514,67,2.0,0.25,2128.0,2.0,E4,64,1,0,0.8394756317138672,True,0.9215322732925415,True,0.7155532240867615,True
1327,p0n1515,67,2.0,1.0,2128.0,8.0,G#3,56,2,0,0.854081392288208,True,0.7402510643005371,True,0.3959406018257141,False
1328,p0n1516,67,2.25,0.25,2130.0,2.0,F#4,66,1,0,0.15543115139007568,False,0.10831097513437271,False,0.25752878189086914,False
1329,p0n1517,67,2.5,0.25,2132.0,2.0,C#5,73,1,0,0.6743626594543457,True,0.19811095297336578,False,0.26891136169433594,False
1330,p0n1518,67,2.5,0.25,2132.0,2.0,E4,64,1,0,0.3152119219303131,False,0.11381717771291733,False,0.2680641710758209,False
1331,p0n1519,67,2.75,0.25,2134.0,2.0,B4,71,1,0,0.9336987137794495,True,0.6036846041679382,True,0.44613194465637207,False
1332,p0n1520,67,2.75,0.25,2134.0,2.0,D4,62,1,0,0.8791241645812988,True,0.2996750771999359,False,0.27730658650398254,False
1333,p0n1521,67,3.0,1.5,2136.0,12.0,C#5,73,1,0,0.7745736837387085,True,0.5233073234558105,True,0.46937426924705505,False
1334,p0n1522,67,3.0,0.25,2136.0,2.0,E4,64,1,0,0.3921199440956116,False,0.1771542727947235,False,0.26813381910324097,False
1335,p0n1524,67,3.25,0.25,2138.0,2.0,D4,62,1,0,0.7222413420677185,True,0.17794226109981537,False,0.2691887319087982,False
1336,p0n1525,67,3.5,0.25,2140.0,2.0,C#4,61,1,0,0.923058807849884,True,0.5496869087219238,True,0.34266966581344604,False
1337,p0n1526,67,3.5,0.5,2140.0,4.0,A#3,58,2,0,0.850231945514679,True,0.23017656803131104,False,0.30661436915397644,False
1338,p0n1527,67,3.75,0.25,2142.0,2.0,E4,64,1,0,0.32067471742630005,False,0.12233492732048035,False,0.2592369616031647,False
1339,p0n1529,68,0.0,0.25,2144.0,2.0,D4,62,1,0,0.9149869084358215,True,0.46596306562423706,False,0.3579925298690796,False
1340,p0n1530,68,0.0,0.5,2144.0,4.0,B3,59,2,0,0.7797620296478271,True,0.7730516791343689,True,0.6494444608688354,True
1341,p0n1531,68,0.25,0.25,2146.0,2.0,E4,64,1,0,0.23119249939918518,False,0.11476526409387589,False,0.2579295337200165,False
1342,p0n1532,68,0.5,0.5,2148.0,4.0,F#5,78,1,0,0.8897467255592346,True,0.8170796036720276,True,0.6296328902244568,True
1343,p0n1533,68,0.5,0.25,2148.0,2.0,D4,62,1,0,0.8856037855148315,True,0.24332015216350555,False,0.2967250943183899,False
1344,p0n1534,68,0.5,0.5,2148.0,4.0,A3,57,2,0,0.9023542404174805,True,0.4662371575832367,False,0.34285861253738403,False
1345,p0n1535,68,0.75,0.25,2150.0,2.0,C#4,61,1,0,0.778413712978363,True,0.6794847846031189,True,0.3889177739620209,False
1346,p0n1536,68,1.0,1.5,2152.0,12.0,B4,71,1,0,0.9122710824012756,True,0.7223812341690063,True,0.6090030074119568,True
1347,p0n1537,68,1.0,0.25,2152.0,2.0,D4,62,1,0,0.9141900539398193,True,0.6568314433097839,True,0.3669659495353699,False
1348,p0n1538,68,1.0,0.75,2152.0,6.0,G#3,56,2,0,0.6698009371757507,True,0.33783233165740967,False,0.27894127368927,False
1349,p0n1539,68,1.25,0.25,2154.0,2.0,C#4,61,1,0,0.6217268705368042,True,0.4324266314506531,False,0.30609753727912903,False
1350,p0n1540,68,1.5,0.25,2156.0,2.0,B3,59,1,0,0.5268194079399109,True,0.36323225498199463,False,0.3398827314376831,False
1351,p0n1541,68,1.75,0.25,2158.0,2.0,D4,62,1,0,0.8888838291168213,True,0.2783467769622803,False,0.27208349108695984,False
1352,p0n1542,68,1.75,0.25,2158.0,2.0,F#3,54,2,0,0.9203412532806396,True,0.7234741449356079,True,0.5878321528434753,True
1353,p0n1544,68,2.0,0.25,2160.0,2.0,C#4,61,2,0,0.8938139081001282,True,0.8592129945755005,True,0.532901406288147,True
1354,p0n1545,68,2.0,0.5,2160.0,4.0,E#3,53,2,0,0.699584424495697,True,0.757036030292511,True,0.5503182411193848,True
1355,p0n1546,68,2.25,0.25,2162.0,2.0,D4,62,2,0,0.5192252397537231,True,0.3210000693798065,False,0.27733269333839417,False
1356,p0n1547,68,2.5,0.25,2164.0,2.0,A4,69,1,0,0.9766414761543274,True,0.5976812839508057,True,0.518191933631897,True
1357,p0n1548,68,2.5,0.25,2164.0,2.0,C#4,61,2,0,0.846237301826477,True,0.4690239727497101,False,0.28455650806427,False
1358,p0n1549,68,2.5,0.5,2164.0,4.0,C#3,49,2,0,0.8647890090942383,True,0.3016957640647888,False,0.29208144545555115,False
1359,p0n1550,68,2.75,0.25,2166.0,2.0,G#4,68,1,0,0.9808292388916016,True,0.8066626191139221,True,0.5690944194793701,True
1360,p0n1551,68,2.75,0.25,2166.0,2.0,B3,59,2,0,0.44051095843315125,False,0.2682441473007202,False,0.30014127492904663,False
1361,p0n1552,68,3.0,0.5,2168.0,4.0,A4,69,1,0,0.9594931602478027,True,0.6807795166969299,True,0.57984459400177,True
1362,p0n1553,68,3.0,0.25,2168.0,2.0,C#4,61,2,0,0.8476616740226746,True,0.9177910089492798,True,0.46263933181762695,False
1363,p0n1554,68,3.0,2.0,2168.0,16.0,F#3,54,2,0,0.8251903653144836,True,0.7926034331321716,True,0.5463749766349792,True
1364,p0n1555,68,3.25,0.25,2170.0,2.0,B3,59,2,0,0.2525373697280884,False,0.22322328388690948,False,0.2869223356246948,False
1365,p0n1556,68,3.5,0.5,2172.0,4.0,F#4,66,1,0,0.9483153820037842,True,0.9119518399238586,True,0.6164286136627197,True
1366,p0n1557,68,3.5,0.25,2172.0,2.0,A3,57,2,0,0.46859824657440186,False,0.2732105553150177,False,0.29914817214012146,False
1367,p0n1558,68,3.75,0.25,2174.0,2.0,C#4,61,2,0,0.8620702028274536,True,0.7986675500869751,True,0.45391157269477844,False
1368,p0n1559,69,0.0,2.25,2176.0,18.0,G#4,68,1,0,0.955447256565094,True,0.6505377888679504,True,0.5603654980659485,True
1369,p0n1560,69,0.0,0.25,2176.0,2.0,B3,59,2,0,0.7444195747375488,True,0.7896122336387634,True,0.6128528118133545,True
1370,p0n1562,69,0.25,0.25,2178.0,2.0,C#4,61,2,0,0.699455738067627,True,0.8574467897415161,True,0.366291344165802,False
1371,p0n1563,69,0.5,0.25,2180.0,2.0,B3,59,2,0,0.49771079421043396,False,0.31617408990859985,False,0.33191215991973877,False
1372,p0n1564,69,0.75,0.25,2182.0,2.0,A3,57,2,0,0.2546382546424866,False,0.15926529467105865,False,0.25966542959213257,False
1373,p0n1565,69,1.0,0.25,2184.0,2.0,B3,59,2,0,0.5627017617225647,True,0.7689089775085449,True,0.5089492797851562,True
1374,p0n1566,69,1.0,1.0,2184.0,8.0,E#3,53,2,0,0.6867656707763672,True,0.18658854067325592,False,0.2711108326911926,False
1375,p0n1567,69,1.25,0.25,2186.0,2.0,A3,57,2,0,0.362135648727417,False,0.18868382275104523,False,0.2674354016780853,False
1376,p0n1568,69,1.5,0.25,2188.0,2.0,G#3,56,2,0,0.16146565973758698,False,0.1543707698583603,False,0.27714601159095764,False
1377,p0n1569,69,1.75,0.25,2190.0,2.0,B3,59,2,0,0.7617623805999756,True,0.5487765073776245,True,0.558906614780426,True
1378,p0n1571,69,2.0,0.5,2192.0,4.0,A3,57,2,0,0.8233117461204529,True,0.8345305323600769,True,0.6482523083686829,True
1379,p0n1572,69,2.0,0.5,2192.0,4.0,F#3,54,2,0,0.901111364364624,True,0.8229674100875854,True,0.6764650344848633,True
1380,p0n1573,69,2.25,0.5,2194.0,4.0,F#4,66,1,0,0.5634086728096008,True,0.44431477785110474,False,0.2980979084968567,False
1381,p0n1574,69,2.5,0.5,2196.0,4.0,B3,59,2,0,0.7337962985038757,True,0.5694745182991028,True,0.5040432214736938,True
1382,p0n1575,69,2.5,0.5,2196.0,4.0,D3,50,2,0,0.8144263029098511,True,0.43770158290863037,False,0.36276865005493164,False
1383,p0n1576,69,2.75,0.5,2198.0,4.0,E#4,65,1,0,0.7833948731422424,True,0.1258717179298401,False,0.25069013237953186,False
1384,p0n1578,69,3.0,0.5,2200.0,4.0,C#4,61,2,0,0.9727035164833069,True,0.9242833256721497,True,0.7145886421203613,True
1385,p0n1579,69,3.0,0.5,2200.0,4.0,A2,45,2,0,0.6099659204483032,True,0.6193356513977051,True,0.48803073167800903,False
1386,p0n1580,69,3.25,0.5,2202.0,4.0,F#4,66,1,0,0.7220926284790039,True,0.5882372856140137,True,0.35611411929130554,False
1387,p0n1581,69,3.5,0.5,2204.0,4.0,D4,62,2,0,0.7982824444770813,True,0.4555296301841736,False,0.36922672390937805,False
1388,p0n1582,69,3.5,0.5,2204.0,4.0,B2,47,2,0,0.8390812873840332,True,0.640005886554718,True,0.5644053816795349,True
1389,p0n1583,69,3.75,0.25,2206.0,2.0,G#4,68,1,0,0.6765369772911072,True,0.4447771906852722,False,0.31098249554634094,False
1390,p0n1584,70,0.0,0.5,2208.0,4.0,C#4,61,1,0,0.9609349966049194,True,0.8732983469963074,True,0.7754915356636047,True
1391,p0n1585,70,0.0,1.0,2208.0,8.0,A3,57,2,0,0.9635581374168396,True,0.9159463047981262,True,0.7791813015937805,True
1392,p0n1586,70,0.0,1.0,2208.0,8.0,C#3,49,2,0,0.9617005586624146,True,0.9284431338310242,True,0.7600628733634949,True
1393,p0n1587,70,0.5,1.0,2212.0,8.0,F#4,66,1,0,0.7082846164703369,True,0.2617115080356598,False,0.3082728683948517,False
1394,p0n1588,70,1.0,1.0,2216.0,8.0,G#3,56,2,0,0.7227131128311157,True,0.9282352924346924,True,0.7414519786834717,True
1395,p0n1589,70,1.0,1.0,2216.0,8.0,C#2,37,2,0,0.7575536966323853,True,0.5987666249275208,True,0.4226599931716919,False
1396,p0n1590,70,1.5,0.5,2220.0,4.0,E#4,65,1,0,0.8484451770782471,True,0.49621158838272095,False,0.3761202394962311,False
1397,p0n1591,70,2.0,2.0,2224.0,16.0,F#4,66,1,0,0.8884317278862,True,0.8689777255058289,True,0.7087289690971375,True
1398,p0n1592,70,2.0,2.0,2224.0,16.0,F#3,54,2,0,0.9281550645828247,True,0.8000087738037109,True,0.6498878598213196,True
1399,p0n1593,70,2.0,2.0,2224.0,16.0,F#2,42,2,0,0.9492850303649902,True,0.8339949250221252,True,0.5472537279129028,True
