note_index,note_id,measure,measure_offset,quarter_length,time_position,duration_seconds,pitch_name,pitch_midi,staff,voice,layer_1_score,layer_1_mask,layer_2_score,layer_2_mask,layer_3_score,layer_3_mask
0,p0n3,1,1.0,0.5,4.0,2.0,A-3,56,2,0,0.9249078631401062,True,0.833143413066864,True,0.6698951125144958,True
1,p0n4,1,1.5,0.5,6.0,2.0,E-4,63,2,0,0.8429301977157593,True,0.8839826583862305,True,0.44371816515922546,False
2,p0n5,1,2.0,0.5,8.0,2.0,C4,60,2,0,0.09480106830596924,False,0.1774146556854248,False,0.2767660319805145,False
3,p0n6,1,2.5,0.5,10.0,2.0,A-3,56,2,0,0.8360605239868164,True,0.9292508959770203,True,0.826572060585022,True
4,p0n7,1,3.0,0.5,12.0,2.0,F4,65,1,0,0.13557422161102295,False,0.13316355645656586,False,0.2679891884326935,False
5,p0n8,1,3.5,0.5,14.0,2.0,D-4,61,1,0,0.9050863981246948,True,0.8280755281448364,True,0.734449565410614,True
6,p0n11,2,0.0,1.25,16.0,5.0,E-4,63,1,0,0.7970983982086182,True,0.8144271969795227,True,0.4724067449569702,False
7,p0n13,2,1.0,0.5,20.0,2.0,E-3,51,2,0,0.9043288826942444,True,0.6979354619979858,True,0.8195990920066833,True
8,p0n14,2,1.25,0.25,21.0,1.0,D-4,61,1,0,0.6861295104026794,True,0.7843025922775269,True,0.7273658514022827,True
9,p0n15,2,1.5,0.25,22.0,1.0,C4,60,1,0,0.4373113512992859,False,0.21498282253742218,False,0.2935367226600647,False
10,p0n16,2,1.5,0.5,22.0,2.0,A-3,56,2,0,0.8536348938941956,True,0.6853604912757874,True,0.5575928688049316,True
11,p0n17,2,1.75,0.25,23.0,1.0,D-4,61,1,0,0.4027949571609497,False,0.30252572894096375,False,0.30640485882759094,False
12,p0n18,2,2.0,0.25,24.0,1.0,E-4,63,1,0,0.863949179649353,True,0.6633200645446777,True,0.32150790095329285,False
13,p0n19,2,2.0,0.5,24.0,2.0,G3,55,2,0,0.6518306136131287,True,0.902802050113678,True,0.8358546495437622,True
14,p0n20,2,2.25,0.25,25.0,1.0,F4,65,1,0,0.21713466942310333,False,0.12381229549646378,False,0.2657147943973541,False
15,p0n21,2,2.5,0.25,26.0,1.0,G4,67,1,0,0.35102561116218567,False,0.14367884397506714,False,0.2716691195964813,False
16,p0n22,2,2.5,0.5,26.0,2.0,E-3,51,2,0,0.4729720652103424,False,0.2973863184452057,False,0.3297910690307617,False
17,p0n23,2,2.75,0.25,27.0,1.0,E-4,63,1,0,0.19415149092674255,False,0.14323346316814423,False,0.27036240696907043,False
18,p0n24,2,3.0,0.25,28.0,1.0,A-4,68,1,0,0.8572188019752502,True,0.9339944124221802,True,0.7971810102462769,True
19,p0n25,2,3.0,0.5,28.0,2.0,C4,60,2,0,0.03598663955926895,False,0.11068185418844223,False,0.2604142725467682,False
20,p0n26,2,3.25,0.25,29.0,1.0,B-4,70,1,0,0.8969971537590027,True,0.8099748492240906,True,0.6017237901687622,True
21,p0n27,2,3.5,0.25,30.0,1.0,C5,72,1,0,0.5860609412193298,True,0.47301480174064636,False,0.3521941304206848,False
22,p0n28,2,3.5,0.5,30.0,2.0,A-3,56,2,0,0.8676067590713501,True,0.5628685355186462,True,0.5256924033164978,True
23,p0n29,2,3.75,0.25,31.0,1.0,B-4,70,1,0,0.9289689064025879,True,0.5250696539878845,True,0.46746063232421875,False
24,p0n31,3,0.0,0.25,32.0,1.0,A-4,68,1,0,0.9642977118492126,True,0.8812467455863953,True,0.6923520565032959,True
25,p0n32,3,0.0,0.5,32.0,2.0,B-3,58,2,0,0.7742837071418762,True,0.8973214626312256,True,0.5523124933242798,True
26,p0n33,3,0.25,0.25,33.0,1.0,G4,67,1,0,0.19714438915252686,False,0.13738247752189636,False,0.25861772894859314,False
27,p0n34,3,0.5,0.25,34.0,1.0,F4,65,1,0,0.8498148322105408,True,0.596767783164978,True,0.30290186405181885,False
28,p0n35,3,0.5,0.5,34.0,2.0,E-3,51,2,0,0.6033578515052795,True,0.5350944399833679,True,0.4997437000274658,False
29,p0n36,3,0.75,0.25,35.0,1.0,A-4,68,1,0,0.9346862435340881,True,0.5541219711303711,True,0.3737712502479553,False
30,p0n37,3,1.0,2.0,36.0,8.0,G4,67,1,0,0.4510328769683838,False,0.26249077916145325,False,0.2919614613056183,False
31,p0n38,3,1.0,0.5,36.0,2.0,B-3,58,2,0,0.7377524375915527,True,0.4590420424938202,False,0.3232092261314392,False
32,p0n39,3,1.5,0.5,38.0,2.0,G3,55,2,0,0.7732006311416626,True,0.616398274898529,True,0.515150249004364,True
33,p0n40,3,2.0,0.5,40.0,2.0,A-3,56,2,0,0.626599907875061,True,0.4990522861480713,False,0.3850364089012146,False
34,p0n41,3,2.5,0.5,42.0,2.0,E-3,51,2,0,0.7348498702049255,True,0.5162439942359924,True,0.5125406980514526,True
35,p0n42,3,3.0,1.25,44.0,5.0,F4,65,1,0,0.8651344180107117,True,0.43170613050460815,False,0.3518235683441162,False
36,p0n43,3,3.0,0.5,44.0,2.0,A-3,56,2,0,0.6357765197753906,True,0.2154616266489029,False,0.26826703548431396,False
37,p0n44,3,3.5,0.5,46.0,2.0,F3,53,2,0,0.48221299052238464,False,0.20114262402057648,False,0.2936288118362427,False
38,p0n47,4,0.0,1.25,48.0,5.0,G3,55,2,0,0.7949115633964539,True,0.6287943124771118,True,0.5791312456130981,True
39,p0n48,4,0.25,0.25,49.0,1.0,E-4,63,1,0,0.42153212428092957,False,0.18790052831172943,False,0.2831101417541504,False
40,p0n49,4,0.5,0.25,50.0,1.0,D4,62,1,0,0.864908754825592,True,0.807517409324646,True,0.5871201157569885,True
41,p0n50,4,0.75,0.25,51.0,1.0,F4,65,1,0,0.8087859153747559,True,0.06742960959672928,False,0.2537038028240204,False
42,p0n51,4,1.0,1.5,52.0,6.0,E-4,63,1,0,0.8019726276397705,True,0.8702050447463989,True,0.6341143250465393,True
43,p0n53,4,1.25,0.25,53.0,1.0,C3,48,2,0,0.4504254460334778,False,0.17835956811904907,False,0.27344679832458496,False
44,p0n54,4,1.5,0.25,54.0,1.0,D-3,49,2,0,0.8055937886238098,True,0.5654217004776001,True,0.3847236931324005,False
45,p0n55,4,1.75,0.25,55.0,1.0,E-3,51,2,0,0.6321869492530823,True,0.4170902669429779,False,0.3100211024284363,False
46,p0n57,4,2.0,0.25,56.0,1.0,F3,53,2,0,0.6240735650062561,True,0.47618740797042847,False,0.30044806003570557,False
47,p0n58,4,2.25,0.25,57.0,1.0,G3,55,2,0,0.524395227432251,True,0.11358446627855301,False,0.2488195300102234,False
48,p0n59,4,2.5,0.25,58.0,1.0,D-4,61,1,0,0.659381628036499,True,0.42322415113449097,False,0.3373319208621979,False
49,p0n60,4,2.5,0.25,58.0,1.0,A-3,56,2,0,0.7209054231643677,True,0.5338685512542725,True,0.5116487145423889,True
50,p0n61,4,2.75,0.25,59.0,1.0,C4,60,1,0,0.1684153527021408,False,0.11361466348171234,False,0.26090461015701294,False
51,p0n62,4,2.75,0.25,59.0,1.0,F3,53,2,0,0.3115386366844177,False,0.12593036890029907,False,0.26371413469314575,False
52,p0n63,4,3.0,0.25,60.0,1.0,D-4,61,1,0,0.8008264899253845,True,0.6084177494049072,True,0.47283056378364563,False
53,p0n64,4,3.0,0.25,60.0,1.0,B-3,58,2,0,0.9231873154640198,True,0.5227809548377991,True,0.20127713680267334,False
54,p0n65,4,3.25,0.25,61.0,1.0,F4,65,1,0,0.4275573790073395,False,0.13780604302883148,False,0.27099543809890747,False
55,p0n66,4,3.25,0.25,61.0,1.0,C4,60,2,0,0.044780466705560684,False,0.10115285962820053,False,0.25907930731773376,False
56,p0n67,4,3.5,0.25,62.0,1.0,B-4,70,1,0,0.9326207041740417,True,0.7102029323577881,True,0.617877185344696,True
57,p0n68,4,3.5,0.25,62.0,1.0,D-4,61,2,0,0.8815561532974243,True,0.5788117051124573,True,0.48613113164901733,False
58,p0n69,4,3.75,0.25,63.0,1.0,A-4,68,1,0,0.3183746337890625,False,0.24275042116641998,False,0.28744110465049744,False
59,p0n70,4,3.75,0.25,63.0,1.0,C4,60,2,0,0.08092562854290009,False,0.10496357828378677,False,0.259660005569458,False
60,p0n72,5,0.0,0.25,64.0,1.0,G4,67,1,0,0.12095577269792557,False,0.18850062787532806,False,0.28063759207725525,False
61,p0n73,5,0.0,0.25,64.0,1.0,B-3,58,2,0,0.8717882633209229,True,0.5713241100311279,True,0.15802742540836334,False
62,p0n74,5,0.25,0.25,65.0,1.0,F4,65,1,0,0.1456022709608078,False,0.12214730679988861,False,0.26534801721572876,False
63,p0n75,5,0.25,0.25,65.0,1.0,A-3,56,2,0,0.8390465378761292,True,0.7889092564582825,True,0.6032450199127197,True
64,p0n76,5,0.5,0.25,66.0,1.0,E-4,63,1,0,0.7774696350097656,True,0.7765047550201416,True,0.4709458351135254,False
65,p0n77,5,0.5,0.25,66.0,1.0,G3,55,2,0,0.8892470598220825,True,0.6193142533302307,True,0.4436538517475128,False
66,p0n78,5,0.75,0.25,67.0,1.0,D-4,61,1,0,0.6585922241210938,True,0.5564582347869873,True,0.7366998195648193,True
67,p0n79,5,0.75,0.25,67.0,1.0,B-3,58,2,0,0.8994190692901611,True,0.31240013241767883,False,0.2637937068939209,False
68,p0n80,5,1.0,0.5,68.0,2.0,A-4,68,1,0,0.8318846225738525,True,0.9820865392684937,True,0.6972002983093262,True
69,p0n81,5,1.0,0.25,68.0,1.0,C4,60,2,0,0.05607360228896141,False,0.1219453364610672,False,0.26143473386764526,False
70,p0n82,5,1.0,1.25,68.0,5.0,A-3,56,2,0,0.9597597122192383,True,0.8038684129714966,True,0.6304354667663574,True
71,p0n83,5,1.25,0.25,69.0,1.0,B-3,58,2,0,0.7346245646476746,True,0.4027959704399109,False,0.2761351764202118,False
72,p0n84,5,1.5,0.5,70.0,2.0,E-5,75,1,0,0.5987359881401062,True,0.8785416483879089,True,0.7106320858001709,True
73,p0n85,5,1.5,0.25,70.0,1.0,C4,60,2,0,0.06554611027240753,False,0.11276635527610779,False,0.26981231570243835,False
74,p0n86,5,1.75,0.25,71.0,1.0,D-4,61,2,0,0.8719999194145203,True,0.7897887229919434,True,0.7925056219100952,True
75,p0n87,5,2.0,0.5,72.0,2.0,C5,72,1,0,0.4405965805053711,False,0.4980408251285553,False,0.3982914686203003,False
76,p0n88,5,2.0,1.0,72.0,4.0,E-4,63,2,0,0.900116503238678,True,0.7964491844177246,True,0.6028553247451782,True
77,p0n90,5,2.25,0.25,73.0,1.0,A-2,44,2,0,0.2546752691268921,False,0.14720354974269867,False,0.2627775967121124,False
78,p0n91,5,2.5,0.5,74.0,2.0,A-4,68,1,0,0.8854773044586182,True,0.6726434230804443,True,0.5229861736297607,True
79,p0n92,5,2.5,0.25,74.0,1.0,B-2,46,2,0,0.736468493938446,True,0.43636375665664673,False,0.30800795555114746,False
80,p0n93,5,2.75,0.25,75.0,1.0,C3,48,2,0,0.8175584077835083,True,0.37861168384552,False,0.3624070882797241,False
81,p0n94,5,3.0,0.5,76.0,2.0,F5,77,1,0,0.5391364097595215,True,0.7762527465820312,True,0.5649887919425964,True
82,p0n95,5,3.0,1.0,76.0,4.0,A-3,56,2,0,0.7962706685066223,True,0.46880707144737244,False,0.4235413670539856,False
83,p0n96,5,3.0,0.25,76.0,1.0,D-3,49,2,0,0.57701575756073,True,0.5915783643722534,True,0.32883310317993164,False
84,p0n97,5,3.25,0.25,77.0,1.0,E-3,51,2,0,0.5728382468223572,True,0.8072640895843506,True,0.552864134311676,True
85,p0n98,5,3.5,0.5,78.0,2.0,D-5,73,1,0,0.6127740144729614,True,0.6060126423835754,True,0.5134083032608032,True
86,p0n99,5,3.5,0.25,78.0,1.0,F3,53,2,0,0.7644450068473816,True,0.4569840729236603,False,0.4047723114490509,False
87,p0n100,5,3.75,0.25,79.0,1.0,E-3,51,2,0,0.7005806565284729,True,0.4043639898300171,False,0.305330365896225,False
88,p0n101,6,0.0,3.0,80.0,12.0,E-5,75,1,0,0.7935748100280762,True,0.9890363812446594,True,0.9361533522605896,True
89,p0n102,6,0.0,1.0,80.0,4.0,G3,55,2,0,0.9931007623672485,True,0.9166146516799927,True,0.7899789810180664,True
90,p0n103,6,0.0,0.25,80.0,1.0,D-3,49,2,0,0.9012715220451355,True,0.6801504492759705,True,0.42981916666030884,False
91,p0n105,6,0.25,0.25,81.0,1.0,C3,48,2,0,0.3341924846172333,False,0.1887667328119278,False,0.2749462425708771,False
92,p0n106,6,0.5,0.25,82.0,1.0,B-2,46,2,0,0.5706746578216553,True,0.30721569061279297,False,0.2959912121295929,False
93,p0n107,6,0.75,0.25,83.0,1.0,D-3,49,2,0,0.7495818734169006,True,0.1413557529449463,False,0.24946752190589905,False
94,p0n108,6,1.0,0.5,84.0,2.0,E-4,63,1,0,0.8850041031837463,True,0.533218502998352,True,0.3752118945121765,False
95,p0n109,6,1.0,0.25,84.0,1.0,A-3,56,2,0,0.5699433088302612,True,0.586143434047699,True,0.36487653851509094,False
96,p0n110,6,1.0,0.75,84.0,3.0,C3,48,2,0,0.6869463324546814,True,0.48668456077575684,False,0.35271647572517395,False
97,p0n111,6,1.25,0.25,85.0,1.0,B-3,58,2,0,0.6809773445129395,True,0.6580071449279785,True,0.2175593078136444,False
98,p0n112,6,1.5,0.5,86.0,2.0,A-4,68,1,0,0.7800577282905579,True,0.20798902213573456,False,0.2784467041492462,False
99,p0n113,6,1.5,0.5,86.0,2.0,C4,60,2,0,0.3188706040382385,False,0.17227880656719208,False,0.2818351089954376,False
100,p0n114,6,1.75,0.25,87.0,1.0,D3,50,2,0,0.5508785843849182,True,0.21641036868095398,False,0.25213709473609924,False
101,p0n115,6,2.0,0.5,88.0,2.0,G4,67,1,0,0.9854736328125,True,0.6378991603851318,True,0.8137195706367493,True
102,p0n116,6,2.0,0.75,88.0,3.0,B-3,58,2,0,0.9708857536315918,True,0.619594931602478,True,0.25961270928382874,False
103,p0n117,6,2.0,0.25,88.0,1.0,E-3,51,2,0,0.9845705628395081,True,0.9493604898452759,True,0.7891274094581604,True
104,p0n118,6,2.25,0.25,89.0,1.0,F3,53,2,0,0.4201153516769409,False,0.19233925640583038,False,0.27727454900741577,False
105,p0n119,6,2.5,0.5,90.0,2.0,E-4,63,1,0,0.5546783208847046,True,0.23316456377506256,False,0.3479607105255127,False
106,p0n120,6,2.5,0.75,90.0,3.0,G3,55,2,0,0.917482852935791,True,0.13179463148117065,False,0.2699485719203949,False
107,p0n121,6,2.75,0.25,91.0,1.0,B-3,58,2,0,0.926633358001709,True,0.3309634029865265,False,0.28755417466163635,False
108,p0n122,6,3.0,1.0,92.0,4.0,A-5,80,1,0,0.13825196027755737,False,0.1999882161617279,False,0.27427712082862854,False
109,p0n123,6,3.0,0.5,92.0,2.0,C5,72,1,0,0.18156713247299194,False,0.13385486602783203,False,0.26413068175315857,False
110,p0n124,6,3.0,0.5,92.0,2.0,A-3,56,2,0,0.15965960919857025,False,0.1551876813173294,False,0.26460593938827515,False
111,p0n126,6,3.25,0.25,93.0,1.0,G3,55,2,0,0.7326106429100037,True,0.3424057364463806,False,0.28690117597579956,False
112,p0n127,6,3.5,0.5,94.0,2.0,A-4,68,1,0,0.07681682705879211,False,0.14172324538230896,False,0.27205193042755127,False
113,p0n128,6,3.5,0.5,94.0,2.0,C4,60,2,0,0.24842621386051178,False,0.14768780767917633,False,0.27734121680259705,False
114,p0n129,6,3.5,0.25,94.0,1.0,F3,53,2,0,0.7114997506141663,True,0.31507065892219543,False,0.33909720182418823,False
115,p0n130,6,3.75,0.25,95.0,1.0,E-3,51,2,0,0.35471010208129883,False,0.19162435829639435,False,0.2838762402534485,False
116,p0n131,7,0.0,1.0,96.0,4.0,A-5,80,1,0,0.9703515768051147,True,0.9674203395843506,True,0.7891322374343872,True
117,p0n132,7,0.0,1.25,96.0,5.0,B-4,70,1,0,0.9872269034385681,True,0.9813894629478455,True,0.9572429656982422,True
118,p0n133,7,0.0,0.5,96.0,2.0,F3,53,2,0,0.9720062017440796,True,0.3075277805328369,False,0.32429641485214233,False
119,p0n134,7,0.0,0.25,96.0,1.0,D3,50,2,0,0.817283034324646,True,0.4792313873767853,False,0.35360100865364075,False
120,p0n135,7,0.25,0.25,97.0,1.0,B-2,46,2,0,0.5154938101768494,True,0.30861684679985046,False,0.2906655967235565,False
121,p0n137,7,0.5,0.25,98.0,1.0,C3,48,2,0,0.8138935565948486,True,0.5257869958877563,True,0.42936328053474426,False
122,p0n138,7,0.75,0.25,99.0,1.0,D3,50,2,0,0.2561708390712738,False,0.11034645140171051,False,0.2527446150779724,False
123,p0n139,7,1.0,1.0,100.0,4.0,G5,79,1,0,0.21101628243923187,False,0.1639259308576584,False,0.2631467282772064,False
124,p0n141,7,1.0,1.5,100.0,6.0,E-3,51,2,0,0.2918260991573334,False,0.22448395192623138,False,0.289863646030426,False
125,p0n143,7,1.25,0.25,101.0,1.0,E-4,63,1,0,0.2754921317100525,False,0.1397724598646164,False,0.2701698839664459,False
126,p0n144,7,1.5,0.25,102.0,1.0,F4,65,1,0,0.9571051001548767,True,0.789449155330658,True,0.5856181979179382,True
127,p0n145,7,1.75,0.25,103.0,1.0,G4,67,1,0,0.3412465751171112,False,0.1478736400604248,False,0.2607265114784241,False
128,p0n146,7,2.0,2.25,104.0,9.0,F5,77,1,0,0.7106432914733887,True,0.8229674696922302,True,0.5995550751686096,True
129,p0n147,7,2.0,0.25,104.0,1.0,A-4,68,1,0,0.8001698851585388,True,0.9094138741493225,True,0.6300479769706726,True
130,p0n150,7,2.25,0.25,105.0,1.0,B-4,70,1,0,0.7988433241844177,True,0.5026013851165771,True,0.558388352394104,True
131,p0n151,7,2.5,0.25,106.0,1.0,C5,72,1,0,0.16329194605350494,False,0.127471923828125,False,0.2723625600337982,False
132,p0n152,7,2.5,0.5,106.0,2.0,A-3,56,2,0,0.44187554717063904,False,0.23940414190292358,False,0.3019191026687622,False
133,p0n153,7,2.75,0.25,107.0,1.0,B-4,70,1,0,0.8234413862228394,True,0.7318663597106934,True,0.6305784583091736,True
134,p0n154,7,3.0,0.25,108.0,1.0,A-4,68,1,0,0.874504804611206,True,0.7730212807655334,True,0.32727760076522827,False
135,p0n155,7,3.0,0.5,108.0,2.0,D3,50,2,0,0.30355530977249146,False,0.18063294887542725,False,0.26476138830184937,False
136,p0n156,7,3.25,0.25,109.0,1.0,G4,67,1,0,0.39846670627593994,False,0.21716536581516266,False,0.2746320962905884,False
137,p0n157,7,3.5,0.25,110.0,1.0,F4,65,1,0,0.782282292842865,True,0.1886841058731079,False,0.2913084626197815,False
138,p0n158,7,3.5,0.5,110.0,2.0,B-3,58,2,0,0.896779477596283,True,0.44587042927742004,False,0.33778098225593567,False
139,p0n159,7,3.75,0.25,111.0,1.0,A-4,68,1,0,0.6518091559410095,True,0.5007246732711792,True,0.354070246219635,False
140,p0n161,8,0.0,2.0,112.0,8.0,G4,67,1,0,0.5189037919044495,True,0.40519917011260986,False,0.3341481685638428,False
141,p0n162,8,0.0,1.25,112.0,5.0,E-3,51,2,0,0.6596340537071228,True,0.4208278954029083,False,0.35828205943107605,False
142,p0n163,8,0.25,0.25,113.0,1.0,B-4,70,1,0,0.8698763251304626,True,0.59022057056427,True,0.6018839478492737,True
143,p0n164,8,0.5,0.25,114.0,1.0,C5,72,1,0,0.19404162466526031,False,0.14756864309310913,False,0.2754844129085541,False
144,p0n165,8,0.75,0.25,115.0,1.0,D5,74,1,0,0.8974533081054688,True,0.7631334066390991,True,0.6960418224334717,True
145,p0n166,8,1.0,1.5,116.0,6.0,E-5,75,1,0,0.23387818038463593,False,0.2222282439470291,False,0.2890087962150574,False
146,p0n168,8,1.25,0.25,117.0,1.0,E-3,51,2,0,0.24224886298179626,False,0.14505064487457275,False,0.26902785897254944,False
147,p0n169,8,1.5,0.25,118.0,1.0,F3,53,2,0,0.9809788465499878,True,0.21538503468036652,False,0.2834147810935974,False
148,p0n170,8,1.75,0.25,119.0,1.0,G3,55,2,0,0.41086170077323914,False,0.1740218698978424,False,0.2638004720211029,False
149,p0n172,8,2.0,2.0,120.0,8.0,F4,65,1,0,0.7675449252128601,True,0.6094582080841064,True,0.44848155975341797,False
150,p0n173,8,2.0,0.25,120.0,1.0,A-3,56,2,0,0.8233033418655396,True,0.8711219429969788,True,0.6192148923873901,True
151,p0n174,8,2.25,0.25,121.0,1.0,B-3,58,2,0,0.899674117565155,True,0.21123071014881134,False,0.26918214559555054,False
152,p0n175,8,2.5,0.5,122.0,2.0,A-5,80,1,0,0.6668909788131714,True,0.23561958968639374,False,0.2934624254703522,False
153,p0n176,8,2.5,0.25,122.0,1.0,C4,60,2,0,0.031203150749206543,False,0.10522651672363281,False,0.26826196908950806,False
154,p0n177,8,2.75,0.25,123.0,1.0,B-3,58,2,0,0.836569607257843,True,0.22697904706001282,False,0.2657954692840576,False
155,p0n178,8,3.0,0.5,124.0,2.0,D-5,73,1,0,0.5089865326881409,True,0.5369846820831299,True,0.5022969245910645,True
156,p0n179,8,3.0,0.25,124.0,1.0,A-3,56,2,0,0.8278012871742249,True,0.526065468788147,True,0.3524754047393799,False
157,p0n180,8,3.25,0.25,125.0,1.0,G3,55,2,0,0.5558702349662781,True,0.5291216373443604,True,0.3803181052207947,False
158,p0n181,8,3.5,0.5,126.0,2.0,B-5,82,1,0,0.9775246381759644,True,0.5672526955604553,True,0.5498431921005249,True
159,p0n182,8,3.5,0.25,126.0,1.0,F3,53,2,0,0.48128196597099304,False,0.18840864300727844,False,0.2861775755882263,False
160,p0n183,8,3.75,0.25,127.0,1.0,A-3,56,2,0,0.7805534601211548,True,0.23975594341754913,False,0.28656935691833496,False
161,p0n184,9,0.0,1.0,128.0,4.0,D-5,73,1,0,0.9153250455856323,True,0.6132040619850159,True,0.5864906311035156,True
162,p0n185,9,0.0,0.5,128.0,2.0,G3,55,2,0,0.9522432684898376,True,0.6763637065887451,True,0.5201737284660339,True
163,p0n187,9,0.25,0.25,129.0,1.0,E-4,63,1,0,0.6853334903717041,True,0.44017019867897034,False,0.35640761256217957,False
164,p0n188,9,0.5,0.25,130.0,1.0,F4,65,1,0,0.43106913566589355,False,0.14005349576473236,False,0.279612272977829,False
165,p0n189,9,0.5,0.5,130.0,2.0,E-3,51,2,0,0.35240086913108826,False,0.20448382198810577,False,0.2972392141819,False
166,p0n190,9,0.75,0.25,131.0,1.0,G4,67,1,0,0.1525009721517563,False,0.12843948602676392,False,0.254782110452652,False
167,p0n191,9,1.0,1.0,132.0,4.0,C5,72,1,0,0.8096718192100525,True,0.7934943437576294,True,0.6013463139533997,True
168,p0n192,9,1.0,2.0,132.0,8.0,A-4,68,1,0,0.827316403388977,True,0.7159645557403564,True,0.4649057686328888,False
169,p0n194,9,1.25,0.25,133.0,1.0,A-2,44,2,0,0.7551851272583008,True,0.2723589241504669,False,0.27944216132164,False
170,p0n195,9,1.5,0.25,134.0,1.0,B-2,46,2,0,0.7230648994445801,True,0.16953283548355103,False,0.28199702501296997,False
171,p0n196,9,1.75,0.25,135.0,1.0,C3,48,2,0,0.08279500901699066,False,0.10839385539293289,False,0.2589944899082184,False
172,p0n197,9,2.0,2.0,136.0,8.0,B-4,70,1,0,0.9372751712799072,True,0.5686987638473511,True,0.4789265990257263,False
173,p0n198,9,2.0,0.25,136.0,1.0,D-3,49,2,0,0.8778213858604431,True,0.8257368803024292,True,0.4967062771320343,False
174,p0n199,9,2.25,0.25,137.0,1.0,E-3,51,2,0,0.24585655331611633,False,0.15787909924983978,False,0.2733050584793091,False
175,p0n200,9,2.5,0.25,138.0,1.0,F3,53,2,0,0.9298203587532043,True,0.37998533248901367,False,0.36551594734191895,False
176,p0n201,9,2.75,0.25,139.0,1.0,E-3,51,2,0,0.30118173360824585,False,0.16317684948444366,False,0.27366903424263,False
177,p0n202,9,3.0,1.0,140.0,4.0,G4,67,1,0,0.11187653243541718,False,0.14049845933914185,False,0.2567532956600189,False
178,p0n203,9,3.0,0.25,140.0,1.0,D-3,49,2,0,0.750729501247406,True,0.1592782884836197,False,0.2618876099586487,False
179,p0n204,9,3.25,0.25,141.0,1.0,C3,48,2,0,0.1310259997844696,False,0.11408652365207672,False,0.2599865198135376,False
180,p0n205,9,3.5,0.25,142.0,1.0,B-2,46,2,0,0.48468780517578125,False,0.16101650893688202,False,0.288978636264801,False
181,p0n206,9,3.75,0.25,143.0,1.0,D-3,49,2,0,0.6903849244117737,True,0.26417842507362366,False,0.23351368308067322,False
182,p0n207,10,0.0,2.25,144.0,9.0,A-4,68,1,0,0.9953840374946594,True,0.8451507687568665,True,0.5676930546760559,True
183,p0n208,10,0.0,0.5,144.0,2.0,A-4,68,1,0,0.9842954874038696,True,0.8764821290969849,True,0.5841153860092163,True
184,p0n209,10,0.0,1.25,144.0,5.0,C3,48,2,0,0.3316763937473297,False,0.280489444732666,False,0.3170662224292755,False
185,p0n211,10,0.5,0.25,146.0,1.0,G4,67,1,0,0.5370455384254456,True,0.21644432842731476,False,0.28010424971580505,False
186,p0n212,10,0.75,0.25,147.0,1.0,F4,65,1,0,0.9242008328437805,True,0.23144540190696716,False,0.2875432074069977,False
187,p0n213,10,1.0,0.25,148.0,1.0,E-4,63,1,0,0.5045343041419983,True,0.47381284832954407,False,0.32300296425819397,False
188,p0n214,10,1.0,0.5,148.0,2.0,A-3,56,2,0,0.7845877408981323,True,0.8233678936958313,True,0.5814552903175354,True
189,p0n216,10,1.25,0.25,149.0,1.0,D-4,61,1,0,0.8118505477905273,True,0.6474355459213257,True,0.4726794362068176,False
190,p0n217,10,1.25,0.25,149.0,1.0,D-3,49,2,0,0.8290627002716064,True,0.7590492963790894,True,0.4280853569507599,False
191,p0n219,10,1.5,0.5,150.0,2.0,E-4,63,2,0,0.44345417618751526,False,0.2048250287771225,False,0.2989877760410309,False
192,p0n218,10,1.5,0.25,150.0,1.0,C4,60,1,0,0.17533175647258759,False,0.13791228830814362,False,0.2742935121059418,False
193,p0n220,10,1.5,0.25,150.0,1.0,E-3,51,2,0,0.49681535363197327,False,0.18992620706558228,False,0.29526203870773315,False
194,p0n221,10,1.75,0.25,151.0,1.0,D-4,61,1,0,0.659898042678833,True,0.4452507495880127,False,0.32599517703056335,False
195,p0n222,10,1.75,0.25,151.0,1.0,C3,48,2,0,0.3573664724826813,False,0.12410643696784973,False,0.2604473829269409,False
196,p0n224,10,2.0,0.5,152.0,2.0,E-4,63,1,0,0.5718564391136169,True,0.8865423202514648,True,0.5357111096382141,True
197,p0n225,10,2.0,0.5,152.0,2.0,C4,60,2,0,0.14793521165847778,False,0.19900549948215485,False,0.2810291349887848,False
198,p0n226,10,2.0,1.25,152.0,5.0,F3,53,2,0,0.8600067496299744,True,0.26250991225242615,False,0.31038698554039,False
199,p0n227,10,2.25,0.25,153.0,1.0,A-4,68,1,0,0.6015980839729309,True,0.3411542475223541,False,0.2721937298774719,False
200,p0n228,10,2.5,0.25,154.0,1.0,B-4,70,1,0,0.4066838026046753,False,0.13351474702358246,False,0.28186851739883423,False
201,p0n229,10,2.5,0.5,154.0,2.0,A-3,56,2,0,0.9383319616317749,True,0.8603926301002502,True,0.6629031896591187,True
202,p0n231,10,2.75,0.25,155.0,1.0,C5,72,1,0,0.4233737885951996,False,0.1758248656988144,False,0.27241331338882446,False
203,p0n232,10,3.0,1.25,156.0,5.0,D-5,73,1,0,0.7628170847892761,True,0.36012834310531616,False,0.29091861844062805,False
204,p0n233,10,3.0,0.5,156.0,2.0,F4,65,2,0,0.9381702542304993,True,0.14843334257602692,False,0.28999626636505127,False
205,p0n236,10,3.25,0.25,157.0,1.0,E-3,51,2,0,0.29726114869117737,False,0.17940574884414673,False,0.2766178846359253,False
206,p0n238,10,3.5,0.5,158.0,2.0,D-4,61,2,0,0.7734506726264954,True,0.7076861262321472,True,0.6537389159202576,True
207,p0n237,10,3.5,0.5,158.0,2.0,A-3,56,2,0,0.777344822883606,True,0.6342113018035889,True,0.6402012705802917,True
208,p0n239,10,3.5,0.25,158.0,1.0,F3,53,2,0,0.9828802943229675,True,0.1890438199043274,False,0.27025941014289856,False
209,p0n240,10,3.75,0.25,159.0,1.0,D-3,49,2,0,0.9323079586029053,True,0.4627138674259186,False,0.3445427715778351,False
210,p0n242,11,0.0,0.5,160.0,2.0,A-4,68,1,0,0.7796539664268494,True,0.8833247423171997,True,0.4626883268356323,False
211,p0n243,11,0.0,1.0,160.0,4.0,E-4,63,2,0,0.6933842897415161,True,0.7508174180984497,True,0.3688109219074249,False
212,p0n244,11,0.0,0.25,160.0,1.0,A-3,56,2,0,0.8590277433395386,True,0.893276035785675,True,0.635023832321167,True
213,p0n245,11,0.25,0.25,161.0,1.0,B-4,70,1,0,0.5022070407867432,True,0.4969148337841034,False,0.38284412026405334,False
214,p0n246,11,0.25,0.25,161.0,1.0,G3,55,2,0,0.6361979246139526,True,0.2596910893917084,False,0.26041263341903687,False
215,p0n247,11,0.5,0.25,162.0,1.0,C5,72,1,0,0.6626369953155518,True,0.6650396585464478,True,0.3618650436401367,False
216,p0n248,11,0.5,0.25,162.0,1.0,A-3,56,2,0,0.861241340637207,True,0.6880130171775818,True,0.5479142665863037,True
217,p0n250,11,0.75,0.25,163.0,1.0,E-5,75,1,0,0.4236030578613281,False,0.2218685895204544,False,0.29330146312713623,False
218,p0n251,11,0.75,0.25,163.0,1.0,B-3,58,2,0,0.3765426576137543,False,0.19291268289089203,False,0.28176090121269226,False
219,p0n252,11,1.0,0.25,164.0,1.0,A-5,80,1,0,0.9610648155212402,True,0.844765305519104,True,0.4514634907245636,False
220,p0n253,11,1.0,2.0,164.0,8.0,E-4,63,2,0,0.7854390740394592,True,0.8457306027412415,True,0.467399001121521,False
221,p0n254,11,1.0,0.5,164.0,2.0,C4,60,2,0,0.503261923789978,True,0.3297981917858124,False,0.3124106824398041,False
222,p0n256,11,1.25,0.25,165.0,1.0,G5,79,1,0,0.1085810512304306,False,0.11911340057849884,False,0.25395452976226807,False
223,p0n257,11,1.5,0.25,166.0,1.0,A-5,80,1,0,0.9243384599685669,True,0.5874962210655212,True,0.3601642847061157,False
224,p0n258,11,1.5,0.5,166.0,2.0,G3,55,2,0,0.4346751868724823,False,0.2723551392555237,False,0.30297839641571045,False
225,p0n259,11,1.75,0.25,167.0,1.0,B-5,82,1,0,0.6435754299163818,True,0.18146218359470367,False,0.2678646147251129,False
226,p0n260,11,2.0,0.25,168.0,1.0,C6,84,1,0,0.8337574601173401,True,0.8975712060928345,True,0.6925926804542542,True
227,p0n261,11,2.0,0.5,168.0,2.0,A-3,56,2,0,0.8957322835922241,True,0.9524285793304443,True,0.7188350558280945,True
228,p0n263,11,2.25,0.25,169.0,1.0,B-5,82,1,0,0.6720322966575623,True,0.3701249063014984,False,0.3105495870113373,False
229,p0n264,11,2.5,0.25,170.0,1.0,A-5,80,1,0,0.9397086501121521,True,0.7938041687011719,True,0.5135412812232971,True
230,p0n265,11,2.5,0.5,170.0,2.0,F3,53,2,0,0.8015729784965515,True,0.6229769587516785,True,0.6092530488967896,True
231,p0n266,11,2.75,0.25,171.0,1.0,G5,79,1,0,0.16986022889614105,False,0.13704486191272736,False,0.25693362951278687,False
232,p0n267,11,3.0,0.25,172.0,1.0,F5,77,1,0,0.8656394481658936,True,0.7641172409057617,True,0.689730167388916,True
233,p0n268,11,3.0,2.0,172.0,8.0,D-4,61,2,0,0.9246461391448975,True,0.9190405607223511,True,0.7670261859893799,True
234,p0n269,11,3.0,0.5,172.0,2.0,B-3,58,2,0,0.6518535017967224,True,0.5977704524993896,True,0.4575883150100708,False
235,p0n270,11,3.25,0.25,173.0,1.0,G5,79,1,0,0.17973628640174866,False,0.13247762620449066,False,0.25561827421188354,False
236,p0n271,11,3.5,0.25,174.0,1.0,A-5,80,1,0,0.9217647910118103,True,0.7741002440452576,True,0.5126350522041321,True
237,p0n272,11,3.5,0.5,174.0,2.0,F3,53,2,0,0.6661457419395447,True,0.3993057906627655,False,0.32985547184944153,False
238,p0n273,11,3.75,0.25,175.0,1.0,C6,84,1,0,0.6652156710624695,True,0.4714968502521515,False,0.345458984375,False
239,p0n275,12,0.0,0.25,176.0,1.0,B-5,82,1,0,0.8115314841270447,True,0.42130833864212036,False,0.3742409944534302,False
240,p0n277,12,0.0,0.5,176.0,2.0,G3,55,2,0,0.7950896620750427,True,0.6605282425880432,True,0.5650308132171631,True
241,p0n278,12,0.25,0.25,177.0,1.0,A-5,80,1,0,0.9296891093254089,True,0.852625846862793,True,0.6230527758598328,True
242,p0n279,12,0.5,0.25,178.0,1.0,G5,79,1,0,0.275276780128479,False,0.1737285852432251,False,0.27445781230926514,False
243,p0n280,12,0.5,0.5,178.0,2.0,E-3,51,2,0,0.5289584398269653,True,0.7543548345565796,True,0.4791548550128937,False
244,p0n281,12,0.75,0.25,179.0,1.0,F5,77,1,0,0.9072228670120239,True,0.4209739565849304,False,0.3536006510257721,False
245,p0n282,12,1.0,0.25,180.0,1.0,E-5,75,1,0,0.39798447489738464,False,0.3186502754688263,False,0.32819271087646484,False
246,p0n283,12,1.0,2.0,180.0,8.0,C4,60,2,0,0.19014601409435272,False,0.19309186935424805,False,0.27431005239486694,False
247,p0n284,12,1.0,0.5,180.0,2.0,A-3,56,2,0,0.7755195498466492,True,0.5721198916435242,True,0.3422246277332306,False
248,p0n285,12,1.25,0.25,181.0,1.0,F5,77,1,0,0.8123182058334351,True,0.30814602971076965,False,0.3020035922527313,False
249,p0n286,12,1.5,0.25,182.0,1.0,G5,79,1,0,0.11819663643836975,False,0.12602828443050385,False,0.2644977569580078,False
250,p0n287,12,1.5,0.5,182.0,2.0,E-3,51,2,0,0.14470650255680084,False,0.16897152364253998,False,0.2838088572025299,False
251,p0n288,12,1.75,0.25,183.0,1.0,B-5,82,1,0,0.77638840675354,True,0.334403395652771,False,0.3158975839614868,False
252,p0n289,12,2.0,0.25,184.0,1.0,A-5,80,1,0,0.9807878732681274,True,0.9291009306907654,True,0.6194562315940857,True
253,p0n290,12,2.0,0.5,184.0,2.0,F3,53,2,0,0.6729970574378967,True,0.951908528804779,True,0.7915695309638977,True
254,p0n291,12,2.25,0.25,185.0,1.0,G5,79,1,0,0.1992269605398178,False,0.1367618590593338,False,0.2566172480583191,False
255,p0n292,12,2.5,0.25,186.0,1.0,F5,77,1,0,0.8077362179756165,True,0.2964171767234802,False,0.3271683156490326,False
256,p0n293,12,2.5,0.5,186.0,2.0,D3,50,2,0,0.6552056074142456,True,0.4034986197948456,False,0.28717952966690063,False
257,p0n294,12,2.75,0.25,187.0,1.0,E-5,75,1,0,0.25562137365341187,False,0.17668232321739197,False,0.2776387631893158,False
258,p0n295,12,3.0,0.25,188.0,1.0,D5,74,1,0,0.8705204129219055,True,0.5936324596405029,True,0.42473524808883667,False
259,p0n296,12,3.0,2.0,188.0,8.0,B-3,58,2,0,0.5990510582923889,True,0.2969518303871155,False,0.2954748272895813,False
260,p0n297,12,3.0,0.5,188.0,2.0,G3,55,2,0,0.8298680782318115,True,0.4822906255722046,False,0.3124011158943176,False
261,p0n298,12,3.25,0.25,189.0,1.0,E-5,75,1,0,0.11994751542806625,False,0.14823028445243835,False,0.26952484250068665,False
262,p0n299,12,3.5,0.25,190.0,1.0,F5,77,1,0,0.5881933569908142,True,0.22534126043319702,False,0.3000603914260864,False
263,p0n300,12,3.5,0.5,190.0,2.0,D3,50,2,0,0.5949182510375977,True,0.2609075903892517,False,0.2700006067752838,False
264,p0n301,12,3.75,0.25,191.0,1.0,A-5,80,1,0,0.9466555118560791,True,0.5640482306480408,True,0.38286685943603516,False
265,p0n302,13,0.0,0.25,192.0,1.0,G5,79,1,0,0.60079026222229,True,0.7440915703773499,True,0.5717136263847351,True
266,p0n304,13,0.0,0.5,192.0,2.0,E3,52,2,0,0.43782779574394226,False,0.3344750702381134,False,0.32994523644447327,False
267,p0n306,13,0.25,0.25,193.0,1.0,F5,77,1,0,0.4918791353702545,False,0.2023322582244873,False,0.2832696735858917,False
268,p0n307,13,0.5,0.25,194.0,1.0,E5,76,1,0,0.193094402551651,False,0.12000583857297897,False,0.268810510635376,False
269,p0n308,13,0.5,0.5,194.0,2.0,C3,48,2,0,0.9000901579856873,True,0.8985843062400818,True,0.6744752526283264,True
270,p0n309,13,0.75,0.25,195.0,1.0,G5,79,1,0,0.6788491606712341,True,0.5551664233207703,True,0.4848564565181732,False
271,p0n310,13,1.0,0.25,196.0,1.0,F5,77,1,0,0.8189399242401123,True,0.6001300811767578,True,0.47624629735946655,False
272,p0n311,13,1.0,0.5,196.0,2.0,F4,65,1,0,0.8843669891357422,True,0.9332679510116577,True,0.5582955479621887,True
273,p0n312,13,1.0,0.5,196.0,2.0,A-3,56,2,0,0.8142838478088379,True,0.8621513843536377,True,0.47224363684654236,False
274,p0n313,13,1.0,0.5,196.0,2.0,D3,50,2,0,0.38275936245918274,False,0.19891846179962158,False,0.2650466561317444,False
275,p0n314,13,1.25,0.25,197.0,1.0,E5,76,1,0,0.13960197567939758,False,0.10648220032453537,False,0.256563663482666,False
276,p0n315,13,1.5,0.25,198.0,1.0,F5,77,1,0,0.8702641129493713,True,0.4203357994556427,False,0.32278087735176086,False
277,p0n316,13,1.5,0.5,198.0,2.0,C5,72,1,0,0.8081926107406616,True,0.6631379723548889,True,0.560812771320343,True
278,p0n317,13,1.5,0.75,198.0,3.0,G3,55,2,0,0.9095211625099182,True,0.31245484948158264,False,0.27727723121643066,False
279,p0n318,13,1.5,0.5,198.0,2.0,E3,52,2,0,0.3221408724784851,False,0.17505155503749847,False,0.27896302938461304,False
280,p0n319,13,1.75,0.25,199.0,1.0,G5,79,1,0,0.6755667328834534,True,0.5902349948883057,True,0.570766270160675,True
281,p0n320,13,2.0,0.5,200.0,2.0,C5,72,1,0,0.6380506753921509,True,0.8694978356361389,True,0.5431018471717834,True
282,p0n321,13,2.0,0.5,200.0,2.0,A-4,68,1,0,0.9804383516311646,True,0.9565134644508362,True,0.6246756315231323,True
283,p0n323,13,2.0,1.0,200.0,4.0,F3,53,2,0,0.8978275060653687,True,0.9085813164710999,True,0.6813271045684814,True
284,p0n324,13,2.25,0.25,201.0,1.0,B-3,58,2,0,0.8046008348464966,True,0.49540677666664124,False,0.31149905920028687,False
285,p0n325,13,2.5,1.0,202.0,4.0,F5,77,1,0,0.800812304019928,True,0.7098933458328247,True,0.46195170283317566,False
286,p0n326,13,2.5,0.5,202.0,2.0,F4,65,1,0,0.9734066128730774,True,0.41667893528938293,False,0.36118364334106445,False
287,p0n327,13,2.5,0.25,202.0,1.0,A-3,56,2,0,0.8698172569274902,True,0.5160024762153625,True,0.4847511947154999,False
288,p0n328,13,2.75,0.25,203.0,1.0,G3,55,2,0,0.9194579124450684,True,0.4721345007419586,False,0.28012406826019287,False
289,p0n330,13,3.0,0.5,204.0,2.0,D-5,73,1,0,0.7039993405342102,True,0.60047447681427,True,0.32508379220962524,False
290,p0n331,13,3.0,0.25,204.0,1.0,F3,53,2,0,0.7498024106025696,True,0.6694837212562561,True,0.3615492582321167,False
291,p0n332,13,3.0,1.0,204.0,4.0,B-2,46,2,0,0.47414910793304443,False,0.38691920042037964,False,0.35709795355796814,False
292,p0n333,13,3.25,0.25,205.0,1.0,E3,52,2,0,0.34193941950798035,False,0.18087205290794373,False,0.2685452699661255,False
293,p0n334,13,3.5,0.25,206.0,1.0,G5,79,1,0,0.5420427918434143,True,0.6551927924156189,True,0.36842674016952515,False
294,p0n335,13,3.5,0.5,206.0,2.0,B-4,70,1,0,0.25112155079841614,False,0.1526683121919632,False,0.28386619687080383,False
295,p0n336,13,3.5,0.25,206.0,1.0,F3,53,2,0,0.6964673399925232,True,0.8155905604362488,True,0.4855482876300812,False
296,p0n337,13,3.75,0.25,207.0,1.0,E5,76,1,0,0.25453895330429077,False,0.15163706243038177,False,0.2641051709651947,False
297,p0n338,13,3.75,0.25,207.0,1.0,G3,55,2,0,0.7799404859542847,True,0.22560976445674896,False,0.24957570433616638,False
298,p0n339,14,0.0,0.25,208.0,1.0,F5,77,1,0,0.8907722234725952,True,0.9163399934768677,True,0.8536699414253235,True
299,p0n340,14,0.0,0.5,208.0,2.0,C5,72,1,0,0.8632501363754272,True,0.9637569785118103,True,0.8818662166595459,True
300,p0n341,14,0.0,0.25,208.0,1.0,A-3,56,2,0,0.9479660987854004,True,0.8873287439346313,True,0.6404342651367188,True
301,p0n342,14,0.0,1.0,208.0,4.0,F3,53,2,0,0.8350483179092407,True,0.9897494912147522,True,0.8844093084335327,True
302,p0n343,14,0.25,0.25,209.0,1.0,E5,76,1,0,0.08000297844409943,False,0.10686109960079193,False,0.2563819885253906,False
303,p0n344,14,0.25,0.25,209.0,1.0,B-3,58,2,0,0.21504123508930206,False,0.11636291444301605,False,0.26539355516433716,False
304,p0n345,14,0.5,0.25,210.0,1.0,F5,77,1,0,0.8775479197502136,True,0.2969197630882263,False,0.3137573003768921,False
305,p0n346,14,0.5,0.25,210.0,1.0,D5,74,1,0,0.06498675048351288,False,0.10493218898773193,False,0.26081985235214233,False
306,p0n347,14,0.5,0.25,210.0,1.0,A-3,56,2,0,0.6301953196525574,True,0.6713204383850098,True,0.5150588154792786,True
307,p0n348,14,0.75,0.25,211.0,1.0,G5,79,1,0,0.561651349067688,True,0.7700784206390381,True,0.7347103357315063,True
308,p0n349,14,0.75,0.25,211.0,1.0,E5,76,1,0,0.4255830645561218,False,0.17536579072475433,False,0.26892122626304626,False
309,p0n350,14,0.75,0.25,211.0,1.0,G3,55,2,0,0.8068903684616089,True,0.3431820571422577,False,0.2498134821653366,False
310,p0n351,14,1.0,2.0,212.0,8.0,A-5,80,1,0,0.7054043412208557,True,0.7212169766426086,True,0.5599009990692139,True
311,p0n352,14,1.0,0.5,212.0,2.0,F5,77,1,0,0.820194661617279,True,0.8096776604652405,True,0.6524775624275208,True
312,p0n353,14,1.0,0.5,212.0,2.0,F3,53,2,0,0.8561968803405762,True,0.9201071858406067,True,0.6944806575775146,True
313,p0n355,14,1.25,0.25,213.0,1.0,F2,41,2,0,0.9132691025733948,True,0.35205307602882385,False,0.3237949311733246,False
314,p0n356,14,1.5,0.5,214.0,2.0,C5,72,1,0,0.10295185446739197,False,0.12114940583705902,False,0.2704821825027466,False
315,p0n357,14,1.5,0.25,214.0,1.0,G2,43,2,0,0.6682171821594238,True,0.7097208499908447,True,0.26444339752197266,False
316,p0n359,14,1.75,0.25,215.0,1.0,A-2,44,2,0,0.31645631790161133,False,0.1856154352426529,False,0.26790955662727356,False
317,p0n360,14,2.0,0.5,216.0,2.0,D-5,73,1,0,0.8300126791000366,True,0.7423645853996277,True,0.677300751209259,True
318,p0n361,14,2.0,0.25,216.0,1.0,B-2,46,2,0,0.780802309513092,True,0.7678672075271606,True,0.5982086658477783,True
319,p0n363,14,2.25,0.25,217.0,1.0,A-2,44,2,0,0.425216406583786,False,0.2226683795452118,False,0.2746206820011139,False
320,p0n364,14,2.5,0.5,218.0,2.0,B-4,70,1,0,0.1876477301120758,False,0.132429838180542,False,0.2790546417236328,False
321,p0n365,14,2.5,0.25,218.0,1.0,G2,43,2,0,0.3917272984981537,False,0.21872775256633759,False,0.2828018367290497,False
322,p0n366,14,2.75,0.25,219.0,1.0,F2,41,2,0,0.8151492476463318,True,0.12084557861089706,False,0.2662571966648102,False
323,p0n367,14,3.0,2.0,220.0,8.0,G5,79,1,0,0.5137243866920471,True,0.18762128055095673,False,0.26803404092788696,False
324,p0n368,14,3.0,0.5,220.0,2.0,E-5,75,1,0,0.43648090958595276,False,0.3067028522491455,False,0.3204887807369232,False
325,p0n369,14,3.0,0.25,220.0,1.0,E-2,39,2,0,0.9097058773040771,True,0.8863841891288757,True,0.5097902417182922,True
326,p0n370,14,3.25,0.25,221.0,1.0,F2,41,2,0,0.9196940660476685,True,0.1696067601442337,False,0.26951372623443604,False
327,p0n371,14,3.5,0.5,222.0,2.0,B-4,70,1,0,0.2628612518310547,False,0.1540563553571701,False,0.2841796576976776,False
328,p0n372,14,3.5,0.25,222.0,1.0,G2,43,2,0,0.16644084453582764,False,0.14117828011512756,False,0.2655004560947418,False
329,p0n373,14,3.75,0.25,223.0,1.0,B-2,46,2,0,0.7947741150856018,True,0.6840968728065491,True,0.39135804772377014,False
330,p0n375,15,0.0,0.5,224.0,2.0,C5,72,1,0,0.27579641342163086,False,0.2822708189487457,False,0.31458014249801636,False
331,p0n376,15,0.0,0.25,224.0,1.0,A-2,44,2,0,0.6526194214820862,True,0.8034812211990356,True,0.5710285902023315,True
332,p0n378,15,0.25,0.25,225.0,1.0,G2,43,2,0,0.23079083859920502,False,0.154881089925766,False,0.25841981172561646,False
333,p0n379,15,0.5,0.5,226.0,2.0,A-4,68,1,0,0.9227122664451599,True,0.8473949432373047,True,0.39480581879615784,False
334,p0n380,15,0.5,0.25,226.0,1.0,F2,41,2,0,0.8148365616798401,True,0.28357166051864624,False,0.3042040169239044,False
335,p0n381,15,0.75,0.25,227.0,1.0,E-2,39,2,0,0.8151311278343201,True,0.7203641533851624,True,0.5884413719177246,True
336,p0n382,15,1.0,2.0,228.0,8.0,F5,77,1,0,0.9128652215003967,True,0.8915913105010986,True,0.828371524810791,True
337,p0n383,15,1.0,0.5,228.0,2.0,D-5,73,1,0,0.7196627855300903,True,0.7328240275382996,True,0.36429905891418457,False
338,p0n384,15,1.0,0.25,228.0,1.0,D-2,37,2,0,0.7701769471168518,True,0.8069784045219421,True,0.4667104482650757,False
339,p0n385,15,1.25,0.25,229.0,1.0,E-2,39,2,0,0.9225224256515503,True,0.4627820551395416,False,0.4115302264690399,False
340,p0n386,15,1.5,0.5,230.0,2.0,A-4,68,1,0,0.7467311024665833,True,0.7536498308181763,True,0.30911871790885925,False
341,p0n387,15,1.5,0.25,230.0,1.0,F2,41,2,0,0.7381014227867126,True,0.23820537328720093,False,0.30883756279945374,False
342,p0n388,15,1.75,0.25,231.0,1.0,A-2,44,2,0,0.5009312629699707,True,0.5148290991783142,True,0.39831799268722534,False
343,p0n389,15,2.0,0.25,232.0,1.0,B-4,70,1,0,0.40676265954971313,False,0.25301048159599304,False,0.3017437756061554,False
344,p0n390,15,2.0,0.5,232.0,2.0,G2,43,2,0,0.17019186913967133,False,0.2094753533601761,False,0.2728661596775055,False
345,p0n391,15,2.25,0.25,233.0,1.0,C5,72,1,0,0.16342271864414215,False,0.12083464860916138,False,0.2607485353946686,False
346,p0n392,15,2.5,0.25,234.0,1.0,D-5,73,1,0,0.8253540992736816,True,0.6404462456703186,True,0.39312565326690674,False
347,p0n393,15,2.5,0.5,234.0,2.0,B-2,46,2,0,0.9511056542396545,True,0.7605246305465698,True,0.5986117124557495,True
348,p0n394,15,2.75,0.25,235.0,1.0,C5,72,1,0,0.1751800924539566,False,0.1300852745771408,False,0.2620652914047241,False
349,p0n395,15,3.0,1.0,236.0,4.0,E5,76,1,0,0.5848597288131714,True,0.44291427731513977,False,0.31344929337501526,False
350,p0n396,15,3.0,0.25,236.0,1.0,B-4,70,1,0,0.3435914218425751,False,0.11779830604791641,False,0.26715120673179626,False
351,p0n397,15,3.0,0.5,236.0,2.0,C3,48,2,0,0.9698589444160461,True,0.8628523349761963,True,0.5769244432449341,True
352,p0n398,15,3.25,0.25,237.0,1.0,A-4,68,1,0,0.8342962265014648,True,0.8060389161109924,True,0.4983634948730469,False
353,p0n399,15,3.5,0.25,238.0,1.0,G4,67,1,0,0.32130172848701477,False,0.1730886995792389,False,0.2739168405532837,False
354,p0n400,15,3.5,0.5,238.0,2.0,C2,36,2,0,0.5273668169975281,True,0.6012495756149292,True,0.5256182551383972,True
355,p0n401,15,3.75,0.25,239.0,1.0,B-4,70,1,0,0.4709523022174835,False,0.11607357859611511,False,0.26817435026168823,False
356,p0n402,16,0.0,1.25,240.0,5.0,F5,77,1,0,0.9405133724212646,True,0.9057183265686035,True,0.6743168830871582,True
357,p0n403,16,0.0,1.0,240.0,4.0,A-4,68,1,0,0.9367005825042725,True,0.9761462211608887,True,0.6172928810119629,True
358,p0n404,16,0.0,0.25,240.0,1.0,F2,41,2,0,0.6851916313171387,True,0.1680089384317398,False,0.2717190682888031,False
359,p0n405,16,0.25,0.25,241.0,1.0,C3,48,2,0,0.6654309034347534,True,0.3577151596546173,False,0.2660202085971832,False
360,p0n406,16,0.5,0.25,242.0,1.0,D3,50,2,0,0.857001543045044,True,0.08622685819864273,False,0.25572654604911804,False
361,p0n407,16,0.75,0.25,243.0,1.0,E3,52,2,0,0.7386417388916016,True,0.2775144577026367,False,0.2803279757499695,False
362,p0n409,16,1.0,1.5,244.0,6.0,F3,53,2,0,0.7822332382202148,True,0.5349987149238586,True,0.5807660222053528,True
363,p0n411,16,1.25,0.25,245.0,1.0,E-5,75,1,0,0.21997584402561188,False,0.17155171930789948,False,0.2748570740222931,False
364,p0n412,16,1.5,0.25,246.0,1.0,D-5,73,1,0,0.6833863854408264,True,0.3373822271823883,False,0.29765015840530396,False
365,p0n413,16,1.75,0.25,247.0,1.0,C5,72,1,0,0.2302895486354828,False,0.12963376939296722,False,0.261055588722229,False
366,p0n414,16,2.0,0.25,248.0,1.0,B-4,70,1,0,0.6995648741722107,True,0.2289249300956726,False,0.30938616394996643,False
367,p0n417,16,2.25,0.25,249.0,1.0,A-4,68,1,0,0.9524591565132141,True,0.7422356009483337,True,0.35087794065475464,False
368,p0n418,16,2.5,0.25,250.0,1.0,G4,67,1,0,0.5146903991699219,True,0.35314297676086426,False,0.3274979889392853,False
369,p0n419,16,2.5,0.5,250.0,2.0,B-3,58,2,0,0.6654307842254639,True,0.0635969415307045,False,0.27010396122932434,False
370,p0n420,16,2.75,0.25,251.0,1.0,A-4,68,1,0,0.9675583243370056,True,0.8120219111442566,True,0.4025194048881531,False
371,p0n421,16,3.0,0.25,252.0,1.0,B-4,70,1,0,0.1995241791009903,False,0.1159375011920929,False,0.26579684019088745,False
372,p0n422,16,3.0,0.5,252.0,2.0,E3,52,2,0,0.35882842540740967,False,0.1754143089056015,False,0.2643741965293884,False
373,p0n423,16,3.25,0.25,253.0,1.0,D-5,73,1,0,0.6954143643379211,True,0.3864573836326599,False,0.28448358178138733,False
374,p0n424,16,3.5,0.25,254.0,1.0,C5,72,1,0,0.12132637202739716,False,0.12071548402309418,False,0.2697629928588867,False
375,p0n425,16,3.5,0.5,254.0,2.0,C4,60,2,0,0.6022151112556458,True,0.13664303719997406,False,0.27720144391059875,False
376,p0n426,16,3.75,0.25,255.0,1.0,B-4,70,1,0,0.5838282108306885,True,0.07676919549703598,False,0.2622515857219696,False
377,p0n427,17,0.0,0.25,256.0,1.0,A4,69,1,0,0.952163815498352,True,0.5644711256027222,True,0.29005685448646545,False
378,p0n428,17,0.0,0.5,256.0,2.0,E-3,51,2,0,0.5840262174606323,True,0.547526478767395,True,0.22655056416988373,False
379,p0n430,17,0.25,0.25,257.0,1.0,C5,72,1,0,0.074935182929039,False,0.11032483726739883,False,0.25826510787010193,False
380,p0n431,17,0.5,0.25,258.0,1.0,D-5,73,1,0,0.465289831161499,False,0.19386497139930725,False,0.28686943650245667,False
381,p0n432,17,0.5,0.5,258.0,2.0,A3,57,2,0,0.8217820525169373,True,0.16370292007923126,False,0.26400837302207947,False
382,p0n433,17,0.75,0.25,259.0,1.0,E-5,75,1,0,0.12017083913087845,False,0.14831700921058655,False,0.2684342861175537,False
383,p0n434,17,1.0,0.25,260.0,1.0,F5,77,1,0,0.9196919798851013,True,0.5874878764152527,True,0.5376577973365784,True
384,p0n435,17,1.0,0.5,260.0,2.0,B-3,58,2,0,0.5670521855354309,True,0.3138868808746338,False,0.26652243733406067,False
385,p0n436,17,1.0,1.0,260.0,4.0,D-3,49,2,0,0.7860330939292908,True,0.6680456399917603,True,0.4890744984149933,False
386,p0n437,17,1.25,0.25,261.0,1.0,E-5,75,1,0,0.05411973223090172,False,0.12751109898090363,False,0.2640042304992676,False
387,p0n438,17,1.5,0.25,262.0,1.0,D-5,73,1,0,0.31711679697036743,False,0.15090617537498474,False,0.2766154706478119,False
388,p0n439,17,1.5,0.5,262.0,2.0,F4,65,2,0,0.8774426579475403,True,0.22827275097370148,False,0.29802414774894714,False
389,p0n440,17,1.75,0.25,263.0,1.0,C5,72,1,0,0.17724764347076416,False,0.13357917964458466,False,0.26153337955474854,False
390,p0n441,17,2.0,0.25,264.0,1.0,B-4,70,1,0,0.7104065418243408,True,0.5448593497276306,True,0.5647351145744324,True
391,p0n442,17,2.0,0.5,264.0,2.0,D-4,61,2,0,0.9847506284713745,True,0.9565294981002808,True,0.7173665761947632,True
392,p0n443,17,2.0,1.0,264.0,4.0,G-3,54,2,0,0.7621762752532959,True,0.9459134340286255,True,0.7987233400344849,True
393,p0n444,17,2.25,0.25,265.0,1.0,D-5,73,1,0,0.12144634127616882,False,0.11579872667789459,False,0.2592424750328064,False
394,p0n445,17,2.5,0.25,266.0,1.0,G-5,78,1,0,0.6900012493133545,True,0.680320143699646,True,0.5176377892494202,True
395,p0n446,17,2.5,0.5,266.0,2.0,B-3,58,2,0,0.8045647740364075,True,0.1478857398033142,False,0.28047049045562744,False
396,p0n447,17,2.75,0.25,267.0,1.0,F5,77,1,0,0.968711793422699,True,0.2555277645587921,False,0.30573269724845886,False
397,p0n448,17,3.0,0.25,268.0,1.0,E-5,75,1,0,0.372231125831604,False,0.2740015983581543,False,0.30650216341018677,False
398,p0n449,17,3.0,0.5,268.0,2.0,G-4,66,2,0,0.28450146317481995,False,0.24319049715995789,False,0.2982514500617981,False
399,p0n451,17,3.25,0.25,269.0,1.0,D-5,73,1,0,0.21848082542419434,False,0.128895103931427,False,0.26135361194610596,False
400,p0n452,17,3.5,0.25,270.0,1.0,C5,72,1,0,0.06900494545698166,False,0.11591729521751404,False,0.26865318417549133,False
401,p0n453,17,3.5,0.5,270.0,2.0,E-4,63,2,0,0.4011724889278412,False,0.2619650363922119,False,0.3096485137939453,False
402,p0n454,17,3.5,0.25,270.0,1.0,G-3,54,2,0,0.5900776982307434,True,0.5257130861282349,True,0.4424402117729187,False
403,p0n455,17,3.75,0.25,271.0,1.0,B-4,70,1,0,0.5360147356987,True,0.1120452806353569,False,0.25852105021476746,False
404,p0n456,17,3.75,0.25,271.0,1.0,F3,53,2,0,0.7098124623298645,True,0.0868861973285675,False,0.2514566481113434,False
405,p0n457,18,0.0,1.0,272.0,4.0,A4,69,1,0,0.9297063946723938,True,0.4737309515476227,False,0.2916499376296997,False
406,p0n458,18,0.0,1.0,272.0,4.0,F4,65,2,0,0.5214948654174805,True,0.3095400035381317,False,0.3192891478538513,False
407,p0n459,18,0.0,0.25,272.0,1.0,E-3,51,2,0,0.809405505657196,True,0.8035292029380798,True,0.3974362313747406,False
408,p0n461,18,0.25,0.25,273.0,1.0,G-3,54,2,0,0.48453348875045776,False,0.28939759731292725,False,0.3120860457420349,False
409,p0n462,18,0.5,0.25,274.0,1.0,F3,53,2,0,0.3956499695777893,False,0.14975646138191223,False,0.277716726064682,False
410,p0n463,18,0.75,0.25,275.0,1.0,E-3,51,2,0,0.24764400720596313,False,0.12464438378810883,False,0.2639796733856201,False
411,p0n464,18,1.0,0.25,276.0,1.0,B-4,70,1,0,0.3680852949619293,False,0.14908477663993835,False,0.27143386006355286,False
412,p0n465,18,1.0,0.5,276.0,2.0,F4,65,1,0,0.5380834937095642,True,0.29334962368011475,False,0.2583049535751343,False
413,p0n466,18,1.0,2.0,276.0,8.0,B-3,58,2,0,0.6701363921165466,True,0.17368273437023163,False,0.26734864711761475,False
414,p0n467,18,1.0,0.25,276.0,1.0,D-3,49,2,0,0.7448267340660095,True,0.5895671248435974,True,0.31108182668685913,False
415,p0n468,18,1.25,0.25,277.0,1.0,C5,72,1,0,0.20284873247146606,False,0.14666566252708435,False,0.26319873332977295,False
416,p0n469,18,1.25,0.25,277.0,1.0,C3,48,2,0,0.5871859788894653,True,0.30295684933662415,False,0.3166482150554657,False
417,p0n470,18,1.5,1.0,278.0,4.0,D-5,73,1,0,0.4687550663948059,False,0.20605593919754028,False,0.29132530093193054,False
418,p0n471,18,1.5,0.5,278.0,2.0,B-4,70,1,0,0.7178208827972412,True,0.3550477921962738,False,0.27938950061798096,False
419,p0n472,18,1.5,0.25,278.0,1.0,B-2,46,2,0,0.9012624025344849,True,0.43835583329200745,False,0.3608700633049011,False
420,p0n473,18,1.75,0.25,279.0,1.0,D-3,49,2,0,0.609133780002594,True,0.5765507221221924,True,0.37342143058776855,False
421,p0n475,18,2.0,0.5,280.0,2.0,G-4,66,1,0,0.5995579957962036,True,0.5126641988754272,True,0.4777437150478363,False
422,p0n476,18,2.0,0.25,280.0,1.0,E-3,51,2,0,0.6770133376121521,True,0.5642402768135071,True,0.275057315826416,False
423,p0n477,18,2.25,0.25,281.0,1.0,F3,53,2,0,0.61446613073349,True,0.5122045874595642,True,0.39096349477767944,False
424,p0n478,18,2.5,0.25,282.0,1.0,C5,72,1,0,0.22002054750919342,False,0.14494720101356506,False,0.27384066581726074,False
425,p0n479,18,2.5,0.5,282.0,2.0,E-4,63,1,0,0.5608662962913513,True,0.5477166175842285,True,0.25769585371017456,False
426,p0n480,18,2.5,0.25,282.0,1.0,G-3,54,2,0,0.573513925075531,True,0.596758246421814,True,0.5192188024520874,True
427,p0n481,18,2.75,0.25,283.0,1.0,D-5,73,1,0,0.31809794902801514,False,0.15549959242343903,False,0.2650063633918762,False
428,p0n482,18,2.75,0.25,283.0,1.0,E-3,51,2,0,0.501757800579071,True,0.26099032163619995,False,0.2629353702068329,False
429,p0n483,18,3.0,1.25,284.0,5.0,E-5,75,1,0,0.8816243410110474,True,0.5629161596298218,True,0.3846760392189026,False
430,p0n484,18,3.0,0.5,284.0,2.0,C5,72,1,0,0.37390103936195374,False,0.23968684673309326,False,0.2855764627456665,False
431,p0n485,18,3.0,0.25,284.0,1.0,A3,57,2,0,0.9242376089096069,True,0.23576442897319794,False,0.2690466046333313,False
432,p0n486,18,3.0,1.0,284.0,4.0,F3,53,2,0,0.8377763628959656,True,0.6076340675354004,True,0.5695411562919617,True
433,p0n487,18,3.25,0.25,285.0,1.0,B-3,58,2,0,0.35275065898895264,False,0.08497660607099533,False,0.26149073243141174,False
434,p0n488,18,3.5,0.5,286.0,2.0,A4,69,1,0,0.6247526407241821,True,0.14915990829467773,False,0.25234806537628174,False
435,p0n489,18,3.5,0.25,286.0,1.0,C4,60,2,0,0.41695818305015564,False,0.141966313123703,False,0.2748413681983948,False
436,p0n490,18,3.75,0.25,287.0,1.0,A3,57,2,0,0.8977388143539429,True,0.1329788714647293,False,0.254928320646286,False
437,p0n492,19,0.0,1.0,288.0,4.0,B-4,70,1,0,0.8477914333343506,True,0.6880718469619751,True,0.6013959050178528,True
438,p0n493,19,0.0,0.5,288.0,2.0,F3,53,2,0,0.868764340877533,True,0.5400116443634033,True,0.5225632786750793,True
439,p0n494,19,0.0,1.0,288.0,4.0,B-2,46,2,0,0.7685418128967285,True,0.6046684980392456,True,0.5541080832481384,True
440,p0n495,19,0.25,0.25,289.0,1.0,C5,72,1,0,0.2983669340610504,False,0.15446530282497406,False,0.26466602087020874,False
441,p0n496,19,0.5,0.25,290.0,1.0,D-5,73,1,0,0.7426296472549438,True,0.6214622259140015,True,0.35308942198753357,False
442,p0n497,19,0.5,0.25,290.0,1.0,B-3,58,2,0,0.2619344890117645,False,0.1083657443523407,False,0.27497926354408264,False
443,p0n498,19,0.75,0.25,291.0,1.0,F5,77,1,0,0.45843926072120667,False,0.22810792922973633,False,0.2860253155231476,False
444,p0n499,19,0.75,0.25,291.0,1.0,C4,60,2,0,0.4007464051246643,False,0.15825295448303223,False,0.2647113800048828,False
445,p0n500,19,1.0,0.5,292.0,2.0,B-5,82,1,0,0.8040117025375366,True,0.7865972518920898,True,0.4989061951637268,False
446,p0n501,19,1.0,2.0,292.0,8.0,D-4,61,2,0,0.8359724879264832,True,0.760061502456665,True,0.5520414113998413,True
447,p0n504,19,1.25,0.25,293.0,1.0,F4,65,1,0,0.5697815418243408,True,0.6458146572113037,True,0.4418686628341675,False
448,p0n505,19,1.5,0.5,294.0,2.0,F5,77,1,0,0.595317542552948,True,0.6383821368217468,True,0.5468885898590088,True
449,p0n506,19,1.5,0.25,294.0,1.0,G-4,66,1,0,0.6279765963554382,True,0.503180205821991,True,0.504603922367096,True
450,p0n507,19,1.75,0.25,295.0,1.0,A-4,68,1,0,0.8787399530410767,True,0.9018967747688293,True,0.5289176106452942,True
451,p0n508,19,2.0,0.5,296.0,2.0,G-5,78,1,0,0.5737007260322571,True,0.6788803935050964,True,0.5226531028747559,True
452,p0n509,19,2.0,0.25,296.0,1.0,B-4,70,1,0,0.9540833234786987,True,0.6384708881378174,True,0.42463168501853943,False
453,p0n511,19,2.25,0.25,297.0,1.0,A-4,68,1,0,0.9679878354072571,True,0.8163501024246216,True,0.3279474675655365,False
454,p0n512,19,2.5,0.5,298.0,2.0,E-5,75,1,0,0.179978609085083,False,0.16056044399738312,False,0.2808552384376526,False
455,p0n513,19,2.5,0.25,298.0,1.0,G-4,66,1,0,0.7675407528877258,True,0.7107571363449097,True,0.6461493372917175,True
456,p0n514,19,2.75,0.25,299.0,1.0,F4,65,1,0,0.8407993316650391,True,0.18352995812892914,False,0.2693755328655243,False
457,p0n515,19,3.0,0.5,300.0,2.0,A-5,80,1,0,0.8953482508659363,True,0.6394176483154297,True,0.4336029589176178,False
458,p0n516,19,3.0,0.25,300.0,1.0,E-4,63,1,0,0.3762570917606354,False,0.2846169173717499,False,0.3044242262840271,False
459,p0n517,19,3.0,2.0,300.0,8.0,C4,60,2,0,0.6682339310646057,True,0.6954889297485352,True,0.5156501531600952,True
460,p0n518,19,3.25,0.25,301.0,1.0,F4,65,1,0,0.9154125452041626,True,0.11460591107606888,False,0.2543518841266632,False
461,p0n519,19,3.5,0.5,302.0,2.0,E-5,75,1,0,0.08338940888643265,False,0.14959610998630524,False,0.27816396951675415,False
462,p0n520,19,3.5,0.25,302.0,1.0,G-4,66,1,0,0.46648991107940674,False,0.2916090786457062,False,0.3286106586456299,False
463,p0n521,19,3.75,0.25,303.0,1.0,B-4,70,1,0,0.7553600072860718,True,0.44866931438446045,False,0.24877938628196716,False
464,p0n522,20,0.0,0.5,304.0,2.0,F5,77,1,0,0.8135727047920227,True,0.7968827486038208,True,0.7263789772987366,True
465,p0n523,20,0.0,0.25,304.0,1.0,A-4,68,1,0,0.9601876139640808,True,0.8640047907829285,True,0.5294666886329651,True
466,p0n525,20,0.25,0.25,305.0,1.0,G-4,66,1,0,0.8045511245727539,True,0.563825786113739,True,0.49479955434799194,False
467,p0n526,20,0.5,0.25,306.0,1.0,D-5,73,1,0,0.5440835952758789,True,0.5148098468780518,True,0.3855019807815552,False
468,p0n527,20,0.5,0.25,306.0,1.0,F4,65,1,0,0.9423447847366333,True,0.240796759724617,False,0.2769028842449188,False
469,p0n528,20,0.75,0.25,307.0,1.0,F5,77,1,0,0.5038854479789734,True,0.3131057024002075,False,0.2780718505382538,False
470,p0n529,20,0.75,0.25,307.0,1.0,E-4,63,1,0,0.5014026165008545,True,0.7699522972106934,True,0.5545499920845032,True
471,p0n530,20,1.0,0.5,308.0,2.0,G-5,78,1,0,0.7370185256004333,True,0.8405615091323853,True,0.6870177984237671,True
472,p0n531,20,1.0,0.25,308.0,1.0,D-4,61,1,0,0.7766422033309937,True,0.7770546078681946,True,0.41205665469169617,False
473,p0n532,20,1.0,2.0,308.0,8.0,B-3,58,2,0,0.8563957810401917,True,0.882266104221344,True,0.709373950958252,True
474,p0n533,20,1.25,0.25,309.0,1.0,E-4,63,1,0,0.5132256150245667,True,0.8802531361579895,True,0.5972011089324951,True
475,p0n534,20,1.5,0.5,310.0,2.0,D-5,73,1,0,0.5270332098007202,True,0.2038576751947403,False,0.27920234203338623,False
476,p0n535,20,1.5,0.25,310.0,1.0,F4,65,1,0,0.8075206875801086,True,0.13110804557800293,False,0.2673473060131073,False
477,p0n536,20,1.75,0.25,311.0,1.0,A-4,68,1,0,0.6009042263031006,True,0.35270893573760986,False,0.2626318335533142,False
478,p0n537,20,2.0,0.5,312.0,2.0,E-5,75,1,0,0.33390605449676514,False,0.41046756505966187,False,0.36317819356918335,False
479,p0n538,20,2.0,0.25,312.0,1.0,G-4,66,1,0,0.8409363031387329,True,0.6005986928939819,True,0.5449209809303284,True
480,p0n539,20,2.25,0.25,313.0,1.0,F4,65,1,0,0.8966196179389954,True,0.5188509225845337,True,0.3959559202194214,False
481,p0n540,20,2.5,0.5,314.0,2.0,C5,72,1,0,0.22132548689842224,False,0.15138627588748932,False,0.27461156249046326,False
482,p0n541,20,2.5,0.25,314.0,1.0,E-4,63,1,0,0.6926590204238892,True,0.8267824053764343,True,0.7713892459869385,True
483,p0n542,20,2.75,0.25,315.0,1.0,D-4,61,1,0,0.5000513792037964,True,0.7627288699150085,True,0.5571231245994568,True
484,p0n543,20,3.0,0.5,316.0,2.0,F5,77,1,0,0.796967089176178,True,0.9018783569335938,True,0.5030519366264343,True
485,p0n544,20,3.0,0.25,316.0,1.0,C4,60,1,0,0.6628218293190002,True,0.41581225395202637,False,0.3134874403476715,False
486,p0n545,20,3.0,1.0,316.0,4.0,A3,57,2,0,0.816179096698761,True,0.33131521940231323,False,0.2808780074119568,False
487,p0n546,20,3.25,0.25,317.0,1.0,D-4,61,1,0,0.5196763873100281,True,0.8782070875167847,True,0.555277407169342,True
488,p0n547,20,3.5,0.5,318.0,2.0,C5,72,1,0,0.3209889233112335,False,0.17508850991725922,False,0.28218257427215576,False
489,p0n548,20,3.5,0.25,318.0,1.0,E-4,63,1,0,0.5504819750785828,True,0.8200187087059021,True,0.6982930302619934,True
490,p0n549,20,3.75,0.25,319.0,1.0,G-4,66,1,0,0.5902234315872192,True,0.17414848506450653,False,0.27527308464050293,False
491,p0n550,21,0.0,3.0,320.0,12.0,D-5,73,1,0,0.2559610605239868,False,0.32621073722839355,False,0.33039456605911255,False
492,p0n551,21,0.0,1.0,320.0,4.0,F4,65,1,0,0.7958533763885498,True,0.5526122450828552,True,0.42296043038368225,False
493,p0n552,21,0.0,0.25,320.0,1.0,B-3,58,2,0,0.8490882515907288,True,0.47342023253440857,False,0.3757174611091614,False
494,p0n553,21,0.25,0.25,321.0,1.0,E-4,63,2,0,0.5882814526557922,True,0.8882978558540344,True,0.7202443480491638,True
495,p0n554,21,0.5,0.25,322.0,1.0,D-4,61,2,0,0.6536365151405334,True,0.6882598400115967,True,0.5911492109298706,True
496,p0n555,21,0.75,0.25,323.0,1.0,C4,60,2,0,0.4200878441333771,False,0.13664506375789642,False,0.2602064609527588,False
497,p0n556,21,1.0,0.5,324.0,2.0,F4,65,1,0,0.8237825036048889,True,0.358745813369751,False,0.2874685525894165,False
498,p0n557,21,1.0,0.25,324.0,1.0,B-3,58,2,0,0.890982449054718,True,0.22272060811519623,False,0.28246256709098816,False
499,p0n558,21,1.25,0.25,325.0,1.0,A-3,56,2,0,0.6830360293388367,True,0.9402409791946411,True,0.6672308444976807,True
500,p0n559,21,1.5,0.5,326.0,2.0,B-4,70,1,0,0.9354879260063171,True,0.9024752974510193,True,0.6678430438041687,True
501,p0n560,21,1.5,0.25,326.0,1.0,G3,55,2,0,0.8875868320465088,True,0.5855259299278259,True,0.4673703610897064,False
502,p0n561,21,1.75,0.25,327.0,1.0,F3,53,2,0,0.9770981073379517,True,0.3641577363014221,False,0.2706772983074188,False
503,p0n562,21,2.0,0.5,328.0,2.0,G4,67,1,0,0.6925975680351257,True,0.6969135999679565,True,0.7640036344528198,True
504,p0n563,21,2.0,0.25,328.0,1.0,E-3,51,2,0,0.49812012910842896,False,0.4478478729724884,False,0.3750273883342743,False
505,p0n564,21,2.25,0.25,329.0,1.0,D-4,61,2,0,0.9250459671020508,True,0.9018076062202454,True,0.7813942432403564,True
506,p0n565,21,2.5,1.0,330.0,4.0,E-4,63,1,0,0.5460386276245117,True,0.7551926970481873,True,0.7477527856826782,True
507,p0n566,21,2.5,0.25,330.0,1.0,C4,60,2,0,0.46151798963546753,False,0.18822647631168365,False,0.2844986617565155,False
508,p0n567,21,2.75,0.25,331.0,1.0,B-3,58,2,0,0.6479406952857971,True,0.49419742822647095,False,0.25747501850128174,False
509,p0n568,21,3.0,0.5,332.0,2.0,C5,72,1,0,0.14989584684371948,False,0.1409483700990677,False,0.2625850737094879,False
510,p0n570,21,3.0,0.25,332.0,1.0,A-3,56,2,0,0.6910243034362793,True,0.5517293810844421,True,0.4954783022403717,False
511,p0n571,21,3.25,0.25,333.0,1.0,G3,55,2,0,0.1990601122379303,False,0.1407541185617447,False,0.25500261783599854,False
512,p0n572,21,3.5,0.5,334.0,2.0,F5,77,1,0,0.9632797241210938,True,0.6793309450149536,True,0.5941270589828491,True
513,p0n573,21,3.5,0.5,334.0,2.0,A-4,68,1,0,0.34990158677101135,False,0.2830829620361328,False,0.3086754381656647,False
514,p0n574,21,3.5,0.25,334.0,1.0,F3,53,2,0,0.983758270740509,True,0.08551646023988724,False,0.26036858558654785,False
515,p0n575,21,3.75,0.25,335.0,1.0,G3,55,2,0,0.06045444309711456,False,0.10807150602340698,False,0.24952787160873413,False
516,p0n576,22,0.0,0.5,336.0,2.0,D5,74,1,0,0.8379749059677124,True,0.8451868295669556,True,0.6839843988418579,True
517,p0n577,22,0.0,0.5,336.0,2.0,F4,65,1,0,0.8878130316734314,True,0.7215698957443237,True,0.43476489186286926,False
518,p0n578,22,0.0,0.25,336.0,1.0,A-3,56,2,0,0.9094140529632568,True,0.8204057216644287,True,0.5588456392288208,True
519,p0n579,22,0.25,0.25,337.0,1.0,C4,60,2,0,0.7943456172943115,True,0.6774916648864746,True,0.40500614047050476,False
520,p0n580,22,0.5,0.5,338.0,2.0,B-4,70,1,0,0.8217507004737854,True,0.9160463213920593,True,0.6839978098869324,True
521,p0n581,22,0.5,0.5,338.0,2.0,D4,62,1,0,0.7202204465866089,True,0.28448885679244995,False,0.3184325695037842,False
522,p0n582,22,0.5,0.25,338.0,1.0,B-3,58,2,0,0.5035903453826904,True,0.6344102025032043,True,0.32121628522872925,False
523,p0n583,22,0.75,0.25,339.0,1.0,A-3,56,2,0,0.9510429501533508,True,0.45900970697402954,False,0.360245019197464,False
524,p0n584,22,1.0,2.0,340.0,8.0,E-5,75,1,0,0.2431361973285675,False,0.222811758518219,False,0.28760069608688354,False
525,p0n585,22,1.0,0.25,340.0,1.0,G3,55,2,0,0.127507284283638,False,0.13384811580181122,False,0.2533685266971588,False
526,p0n587,22,1.25,0.25,341.0,1.0,F3,53,2,0,0.4142843782901764,False,0.15932290256023407,False,0.2682034969329834,False
527,p0n588,22,1.5,0.5,342.0,2.0,G4,67,1,0,0.13145814836025238,False,0.12226355075836182,False,0.26151424646377563,False
528,p0n589,22,1.5,0.25,342.0,1.0,E-3,51,2,0,0.6309070587158203,True,0.23504886031150818,False,0.29791757464408875,False
529,p0n590,22,1.75,0.25,343.0,1.0,D-3,49,2,0,0.952508807182312,True,0.9416625499725342,True,0.7944949865341187,True
530,p0n591,22,2.0,0.25,344.0,1.0,A-4,68,1,0,0.8640264272689819,True,0.9785726070404053,True,0.883415699005127,True
531,p0n592,22,2.0,0.5,344.0,2.0,C3,48,2,0,0.7764661312103271,True,0.6648971438407898,True,0.5667163729667664,True
532,p0n593,22,2.25,0.25,345.0,1.0,B-4,70,1,0,0.5458746552467346,True,0.32479727268218994,False,0.2542424201965332,False
533,p0n594,22,2.5,0.25,346.0,1.0,C5,72,1,0,0.3225083649158478,False,0.19019895792007446,False,0.283742219209671,False
534,p0n595,22,2.5,0.5,346.0,2.0,A-3,56,2,0,0.9467654824256897,True,0.6958045363426208,True,0.4781467616558075,False
535,p0n596,22,2.75,0.25,347.0,1.0,B-4,70,1,0,0.7022846937179565,True,0.48593881726264954,False,0.2638227343559265,False
536,p0n597,22,3.0,1.0,348.0,4.0,D5,74,1,0,0.8364817500114441,True,0.7652390003204346,True,0.7662106156349182,True
537,p0n598,22,3.0,0.25,348.0,1.0,A-4,68,1,0,0.7731421589851379,True,0.8554575443267822,True,0.6217178106307983,True
538,p0n599,22,3.0,0.5,348.0,2.0,B-3,58,2,0,0.9329420328140259,True,0.8243892788887024,True,0.5389280915260315,True
539,p0n600,22,3.25,0.25,349.0,1.0,G4,67,1,0,0.09579087048768997,False,0.12297859787940979,False,0.2515079379081726,False
540,p0n601,22,3.5,0.25,350.0,1.0,F4,65,1,0,0.6635479927062988,True,0.27492713928222656,False,0.30578604340553284,False
541,p0n602,22,3.5,0.5,350.0,2.0,B-2,46,2,0,0.9817682504653931,True,0.6331923604011536,True,0.6340048909187317,True
542,p0n603,22,3.75,0.25,351.0,1.0,A-4,68,1,0,0.7751265168190002,True,0.6905915141105652,True,0.629460334777832,True
543,p0n604,23,0.0,1.0,352.0,4.0,E-5,75,1,0,0.6126078367233276,True,0.6838180422782898,True,0.6943117380142212,True
544,p0n605,23,0.0,0.25,352.0,1.0,G4,67,1,0,0.435833603143692,False,0.3373590409755707,False,0.32029980421066284,False
545,p0n606,23,0.0,1.25,352.0,5.0,E-3,51,2,0,0.515691876411438,True,0.35671213269233704,False,0.32644930481910706,False
546,p0n607,23,0.25,0.25,353.0,1.0,A-4,68,1,0,0.30124661326408386,False,0.1923172026872635,False,0.26890280842781067,False
547,p0n608,23,0.5,0.25,354.0,1.0,B-4,70,1,0,0.9420620799064636,True,0.40143299102783203,False,0.2718903124332428,False
548,p0n609,23,0.75,0.25,355.0,1.0,G4,67,1,0,0.23792164027690887,False,0.13107599318027496,False,0.253204345703125,False
549,p0n611,23,1.0,0.5,356.0,2.0,E-4,63,1,0,0.5090574026107788,True,0.9749787449836731,True,0.7888438701629639,True
550,p0n613,23,1.25,0.25,357.0,1.0,F3,53,2,0,0.14399373531341553,False,0.10378208756446838,False,0.25858965516090393,False
551,p0n614,23,1.5,0.5,358.0,2.0,B-4,70,1,0,0.9571909308433533,True,0.3917308747768402,False,0.33306026458740234,False
552,p0n615,23,1.5,0.25,358.0,1.0,G3,55,2,0,0.9547668099403381,True,0.33730611205101013,False,0.2720404863357544,False
553,p0n616,23,1.75,0.25,359.0,1.0,A-3,56,2,0,0.8874874711036682,True,0.7455966472625732,True,0.49736300110816956,False
554,p0n618,23,2.0,0.5,360.0,2.0,G4,67,1,0,0.5020831227302551,True,0.44895049929618835,False,0.31747281551361084,False
555,p0n619,23,2.0,0.25,360.0,1.0,B-3,58,2,0,0.5451346635818481,True,0.5677187442779541,True,0.4144458472728729,False
556,p0n620,23,2.25,0.25,361.0,1.0,C4,60,2,0,0.06952717155218124,False,0.10640368610620499,False,0.256427526473999,False
557,p0n621,23,2.5,0.5,362.0,2.0,E-4,63,1,0,0.9169220328330994,True,0.6839283108711243,True,0.5756739377975464,True
558,p0n622,23,2.5,0.25,362.0,1.0,D-4,61,2,0,0.9322842359542847,True,0.8295859694480896,True,0.5956076383590698,True
559,p0n623,23,2.75,0.25,363.0,1.0,C4,60,2,0,0.27263206243515015,False,0.14748592674732208,False,0.2618372142314911,False
560,p0n624,23,3.0,0.5,364.0,2.0,D-5,73,1,0,0.31013786792755127,False,0.21900741755962372,False,0.2760424315929413,False
561,p0n625,23,3.0,0.25,364.0,1.0,B-3,58,2,0,0.3849119544029236,False,0.16231688857078552,False,0.27254536747932434,False
562,p0n626,23,3.25,0.25,365.0,1.0,A-3,56,2,0,0.7501453161239624,True,0.37024226784706116,False,0.3070055842399597,False
563,p0n627,23,3.5,0.5,366.0,2.0,B-4,70,1,0,0.8078815937042236,True,0.2701290249824524,False,0.30861786007881165,False
564,p0n628,23,3.5,0.25,366.0,1.0,G3,55,2,0,0.6378399133682251,True,0.43923455476760864,False,0.3500341773033142,False
565,p0n629,23,3.75,0.25,367.0,1.0,B-3,58,2,0,0.42267367243766785,False,0.10823528468608856,False,0.26390036940574646,False
566,p0n631,24,0.0,1.0,368.0,4.0,C5,72,1,0,0.7133036851882935,True,0.8323807716369629,True,0.6450223326683044,True
567,p0n632,24,0.0,0.25,368.0,1.0,A-3,56,2,0,0.9641100764274597,True,0.7945378422737122,True,0.4600352346897125,False
568,p0n633,24,0.25,0.25,369.0,1.0,E-3,51,2,0,0.23819854855537415,False,0.11701684445142746,False,0.26243293285369873,False
569,p0n634,24,0.5,0.25,370.0,1.0,F3,53,2,0,0.8491716384887695,True,0.25174447894096375,False,0.2926148772239685,False
570,p0n635,24,0.75,0.25,371.0,1.0,G3,55,2,0,0.8348092436790466,True,0.3276829123497009,False,0.2837420105934143,False
571,p0n636,24,1.0,0.5,372.0,2.0,A-4,68,1,0,0.8700510263442993,True,0.9314236044883728,True,0.6101688146591187,True
572,p0n637,24,1.0,0.25,372.0,1.0,A-3,56,2,0,0.7254779934883118,True,0.5647569298744202,True,0.3791736960411072,False
573,p0n639,24,1.25,0.25,373.0,1.0,B-3,58,2,0,0.3714652359485626,False,0.12012729048728943,False,0.26515820622444153,False
574,p0n640,24,1.5,0.5,374.0,2.0,E-5,75,1,0,0.43020161986351013,False,0.2508504390716553,False,0.3070814609527588,False
575,p0n641,24,1.5,0.25,374.0,1.0,C4,60,2,0,0.3443858027458191,False,0.14349998533725739,False,0.27165862917900085,False
576,p0n642,24,1.75,0.25,375.0,1.0,D-4,61,2,0,0.7951338291168213,True,0.8203527927398682,True,0.6272582411766052,True
577,p0n643,24,2.0,0.5,376.0,2.0,C5,72,1,0,0.3126744031906128,False,0.2937797009944916,False,0.30439630150794983,False
578,p0n644,24,2.0,0.25,376.0,1.0,E-4,63,2,0,0.7657328248023987,True,0.6071397066116333,True,0.4852727949619293,False
579,p0n646,24,2.25,0.25,377.0,1.0,F4,65,2,0,0.8047698736190796,True,0.6903392672538757,True,0.4500994086265564,False
580,p0n647,24,2.5,0.5,378.0,2.0,A-4,68,1,0,0.7963356971740723,True,0.5533879399299622,True,0.41420361399650574,False
581,p0n648,24,2.5,0.25,378.0,1.0,G-4,66,2,0,0.43868955969810486,False,0.3144876956939697,False,0.3398022949695587,False
582,p0n649,24,2.75,0.25,379.0,1.0,F4,65,2,0,0.8020194172859192,True,0.24006910622119904,False,0.2729393541812897,False
583,p0n650,24,3.0,0.5,380.0,2.0,G-5,78,1,0,0.3653405010700226,False,0.2935613989830017,False,0.31902608275413513,False
584,p0n651,24,3.0,0.5,380.0,2.0,C5,72,1,0,0.19232177734375,False,0.1427675187587738,False,0.261848121881485,False
585,p0n652,24,3.0,0.25,380.0,1.0,E-4,63,2,0,0.3819290101528168,False,0.22372035682201385,False,0.287965327501297,False
586,p0n653,24,3.25,0.25,381.0,1.0,D-4,61,2,0,0.6799723505973816,True,0.5847274661064148,True,0.47932201623916626,False
587,p0n654,24,3.5,0.5,382.0,2.0,E-5,75,1,0,0.13203097879886627,False,0.16824550926685333,False,0.2817341089248657,False
588,p0n655,24,3.5,1.0,382.0,4.0,E-5,75,1,0,0.16220040619373322,False,0.16785076260566711,False,0.28228700160980225,False
589,p0n656,24,3.5,0.25,382.0,1.0,C4,60,2,0,0.15752367675304413,False,0.11876171082258224,False,0.2678182125091553,False
590,p0n657,24,3.75,0.25,383.0,1.0,E-4,63,2,0,0.3942771852016449,False,0.1781587302684784,False,0.2757217586040497,False
591,p0n658,25,0.0,1.0,384.0,4.0,F5,77,1,0,0.828652560710907,True,0.8701042532920837,True,0.742384135723114,True
592,p0n660,25,0.0,0.25,384.0,1.0,D-4,61,2,0,0.8846039175987244,True,0.9022425413131714,True,0.6922164559364319,True
593,p0n661,25,0.25,0.25,385.0,1.0,E-4,63,2,0,0.18619023263454437,False,0.15301981568336487,False,0.2682163715362549,False
594,p0n662,25,0.5,0.5,386.0,2.0,A-4,68,1,0,0.6547888517379761,True,0.3337664306163788,False,0.32502374053001404,False
595,p0n663,25,0.5,0.25,386.0,1.0,F4,65,2,0,0.977840006351471,True,0.26792266964912415,False,0.29486536979675293,False
596,p0n664,25,0.75,0.25,387.0,1.0,E-4,63,2,0,0.39741480350494385,False,0.18610574305057526,False,0.2756378948688507,False
597,p0n665,25,1.0,0.5,388.0,2.0,F5,77,1,0,0.6530113816261292,True,0.4375492334365845,False,0.27458903193473816,False
598,p0n666,25,1.0,0.5,388.0,2.0,B-4,70,1,0,0.47875919938087463,False,0.2744095027446747,False,0.3061622381210327,False
599,p0n667,25,1.0,0.25,388.0,1.0,D-4,61,2,0,0.8024455308914185,True,0.718411386013031,True,0.5304855704307556,True
600,p0n668,25,1.25,0.25,389.0,1.0,C4,60,2,0,0.029428306967020035,False,0.09932862222194672,False,0.25512179732322693,False
601,p0n669,25,1.5,0.5,390.0,2.0,G5,79,1,0,0.6536553502082825,True,0.5287347435951233,True,0.29460686445236206,False
602,p0n670,25,1.5,1.0,390.0,4.0,D-5,73,1,0,0.30747145414352417,False,0.20601363480091095,False,0.285285085439682,False
603,p0n671,25,1.5,0.25,390.0,1.0,B-3,58,2,0,0.838932454586029,True,0.3871258795261383,False,0.3320164084434509,False
604,p0n672,25,1.75,0.25,391.0,1.0,D-4,61,2,0,0.8797335624694824,True,0.6308376789093018,True,0.42193928360939026,False
605,p0n673,25,2.0,1.0,392.0,4.0,E-5,75,1,0,0.2595192492008209,False,0.3248266577720642,False,0.32129576802253723,False
606,p0n675,25,2.0,0.25,392.0,1.0,C4,60,2,0,0.07180292904376984,False,0.15616825222969055,False,0.26821279525756836,False
607,p0n676,25,2.25,0.25,393.0,1.0,D-4,61,2,0,0.7986748218536377,True,0.7363178730010986,True,0.49020010232925415,False
608,p0n677,25,2.5,0.5,394.0,2.0,G4,67,1,0,0.3430901765823364,False,0.1415545642375946,False,0.2635311484336853,False
609,p0n678,25,2.5,0.25,394.0,1.0,E-4,63,2,0,0.6181219220161438,True,0.34550827741622925,False,0.37446534633636475,False
610,p0n679,25,2.75,0.25,395.0,1.0,D-4,61,2,0,0.79997718334198,True,0.47856414318084717,False,0.2952266037464142,False
611,p0n680,25,3.0,0.5,396.0,2.0,E-5,75,1,0,0.12977705895900726,False,0.15146200358867645,False,0.267282634973526,False
612,p0n681,25,3.0,0.5,396.0,2.0,A4,69,1,0,0.20194686949253082,False,0.1387196183204651,False,0.25765714049339294,False
613,p0n682,25,3.0,0.25,396.0,1.0,C4,60,2,0,0.05261356756091118,False,0.11147398501634598,False,0.2564783990383148,False
614,p0n683,25,3.25,0.25,397.0,1.0,B-3,58,2,0,0.7254603505134583,True,0.24227432906627655,False,0.2818167805671692,False
615,p0n684,25,3.5,0.5,398.0,2.0,F5,77,1,0,0.8755764961242676,True,0.34711697697639465,False,0.2872517704963684,False
616,p0n685,25,3.5,1.0,398.0,4.0,C5,72,1,0,0.11602462083101273,False,0.12344236671924591,False,0.2681039571762085,False
617,p0n686,25,3.5,0.25,398.0,1.0,A3,57,2,0,0.3696769177913666,False,0.13686999678611755,False,0.26633569598197937,False
618,p0n687,25,3.75,0.25,399.0,1.0,C4,60,2,0,0.08999836444854736,False,0.1042201966047287,False,0.2558388411998749,False
619,p0n688,26,0.0,1.0,400.0,4.0,D-5,73,1,0,0.7247689962387085,True,0.8708491921424866,True,0.6711657643318176,True
620,p0n690,26,0.0,0.25,400.0,1.0,B-3,58,2,0,0.9536349773406982,True,0.3889167308807373,False,0.3496912121772766,False
621,p0n691,26,0.25,0.25,401.0,1.0,C4,60,2,0,0.08606036752462387,False,0.10579781234264374,False,0.25598886609077454,False
622,p0n692,26,0.5,0.5,402.0,2.0,G4,67,1,0,0.2949161231517792,False,0.16517236828804016,False,0.2676854431629181,False
623,p0n693,26,0.5,0.25,402.0,1.0,D-4,61,2,0,0.9226675033569336,True,0.833421528339386,True,0.6517707705497742,True
624,p0n694,26,0.75,0.25,403.0,1.0,C4,60,2,0,0.04008756950497627,False,0.09783237427473068,False,0.2547839283943176,False
625,p0n695,26,1.0,0.5,404.0,2.0,D-5,73,1,0,0.8695610165596008,True,0.8536669015884399,True,0.4662002623081207,False
626,p0n696,26,1.0,2.0,404.0,8.0,B-4,70,1,0,0.9192591309547424,True,0.3784984052181244,False,0.34708884358406067,False
627,p0n697,26,1.0,0.25,404.0,1.0,B-3,58,2,0,0.9739285111427307,True,0.23979152739048004,False,0.28079771995544434,False
628,p0n698,26,1.25,0.25,405.0,1.0,A-3,56,2,0,0.6151293516159058,True,0.671852707862854,True,0.4331447184085846,False
629,p0n699,26,1.5,0.5,406.0,2.0,B-5,82,1,0,0.8244726657867432,True,0.18439796566963196,False,0.30272653698921204,False
630,p0n700,26,1.5,0.25,406.0,1.0,G3,55,2,0,0.5690556168556213,True,0.19221755862236023,False,0.28348487615585327,False
631,p0n701,26,1.75,0.25,407.0,1.0,B-3,58,2,0,0.9761645793914795,True,0.11860674619674683,False,0.25156712532043457,False
632,p0n702,26,2.0,0.5,408.0,2.0,C5,72,1,0,0.04355885088443756,False,0.1519196331501007,False,0.26741522550582886,False
633,p0n703,26,2.0,0.25,408.0,1.0,A-3,56,2,0,0.8734009861946106,True,0.7903140187263489,True,0.6029385924339294,True
634,p0n704,26,2.25,0.25,409.0,1.0,B-3,58,2,0,0.8431995511054993,True,0.2526766061782837,False,0.26301342248916626,False
635,p0n705,26,2.5,0.25,410.0,1.0,D-5,73,1,0,0.8557915091514587,True,0.512174129486084,True,0.3612183928489685,False
636,p0n706,26,2.5,0.25,410.0,1.0,A-3,56,2,0,0.7310826778411865,True,0.4251244366168976,False,0.35298120975494385,False
637,p0n707,26,2.75,0.25,411.0,1.0,B-4,70,1,0,0.8688680529594421,True,0.1121721938252449,False,0.2606620192527771,False
638,p0n708,26,2.75,0.25,411.0,1.0,G3,55,2,0,0.7244942784309387,True,0.4003283381462097,False,0.3115592300891876,False
639,p0n709,26,3.0,0.5,412.0,2.0,C5,72,1,0,0.24622748792171478,False,0.15751920640468597,False,0.26490992307662964,False
640,p0n710,26,3.0,1.0,412.0,4.0,A-4,68,1,0,0.13049188256263733,False,0.17444750666618347,False,0.26488110423088074,False
641,p0n711,26,3.0,0.25,412.0,1.0,F3,53,2,0,0.9509168267250061,True,0.45778390765190125,False,0.3259698152542114,False
642,p0n712,26,3.25,0.25,413.0,1.0,E-3,51,2,0,0.2690463364124298,False,0.13990232348442078,False,0.2669774889945984,False
643,p0n713,26,3.5,0.5,414.0,2.0,A-5,80,1,0,0.8533191680908203,True,0.5233726501464844,True,0.3961866796016693,False
644,p0n714,26,3.5,0.25,414.0,1.0,F3,53,2,0,0.927222490310669,True,0.11713952571153641,False,0.2648296058177948,False
645,p0n715,26,3.75,0.25,415.0,1.0,D-3,49,2,0,0.8522587418556213,True,0.8614476919174194,True,0.48236382007598877,False
646,p0n716,27,0.0,1.0,416.0,4.0,B-4,70,1,0,0.8184032440185547,True,0.22887995839118958,False,0.31494948267936707,False
647,p0n717,27,0.0,0.25,416.0,1.0,A-4,68,1,0,0.36639463901519775,False,0.2922319173812866,False,0.30997976660728455,False
648,p0n718,27,0.0,0.25,416.0,1.0,E-3,51,2,0,0.5604289770126343,True,0.5968740582466125,True,0.2920896112918854,False
649,p0n720,27,0.25,0.25,417.0,1.0,G4,67,1,0,0.18096940219402313,False,0.1247081309556961,False,0.2509006857872009,False
650,p0n721,27,0.25,0.25,417.0,1.0,D-3,49,2,0,0.835375964641571,True,0.6283421516418457,True,0.4404560923576355,False
651,p0n722,27,0.5,0.25,418.0,1.0,A-4,68,1,0,0.2014373391866684,False,0.14347586035728455,False,0.26875853538513184,False
652,p0n723,27,0.5,0.25,418.0,1.0,C3,48,2,0,0.40179312229156494,False,0.18053275346755981,False,0.2816244661808014,False
653,p0n724,27,0.75,0.25,419.0,1.0,B-4,70,1,0,0.8771141767501831,True,0.07666896283626556,False,0.2527662515640259,False
654,p0n725,27,0.75,0.25,419.0,1.0,B-2,46,2,0,0.9855651259422302,True,0.2401372194290161,False,0.2940673828125,False
655,p0n727,27,1.0,1.0,420.0,4.0,C5,72,1,0,0.5870946645736694,True,0.28410691022872925,False,0.26560550928115845,False
656,p0n728,27,1.0,0.5,420.0,2.0,A-2,44,2,0,0.6020922064781189,True,0.819318950176239,True,0.7171735167503357,True
657,p0n729,27,1.0,0.5,420.0,2.0,A-2,44,2,0,0.4550149440765381,False,0.3619738519191742,False,0.31880423426628113,False
658,p0n730,27,1.25,0.25,421.0,1.0,E-5,75,1,0,0.08975325524806976,False,0.13123559951782227,False,0.26308727264404297,False
659,p0n731,27,1.5,0.25,422.0,1.0,F5,77,1,0,0.8427934646606445,True,0.6167032122612,True,0.394537091255188,False
660,p0n732,27,1.5,0.5,422.0,2.0,E-3,51,2,0,0.40331265330314636,False,0.2419527918100357,False,0.3059975206851959,False
661,p0n734,27,1.75,0.25,423.0,1.0,G5,79,1,0,0.18649882078170776,False,0.14293916523456573,False,0.25489798188209534,False
662,p0n735,27,2.0,1.25,424.0,5.0,A-5,80,1,0,0.9182863235473633,True,0.9163430333137512,True,0.7234794497489929,True
663,p0n736,27,2.0,0.25,424.0,1.0,C5,72,1,0,0.35861706733703613,False,0.2556720972061157,False,0.2937782406806946,False
664,p0n737,27,2.0,0.5,424.0,2.0,C3,48,2,0,0.7372061610221863,True,0.6687276363372803,True,0.6267799735069275,True
665,p0n739,27,2.25,0.25,425.0,1.0,D-5,73,1,0,0.25222092866897583,False,0.19707584381103516,False,0.27313104271888733,False
666,p0n740,27,2.5,0.25,426.0,1.0,E-5,75,1,0,0.3755531311035156,False,0.18004447221755981,False,0.2878790497779846,False
667,p0n741,27,2.5,0.5,426.0,2.0,A-2,44,2,0,0.9229180812835693,True,0.5778408646583557,True,0.6637020707130432,True
668,p0n742,27,2.75,0.25,427.0,1.0,C5,72,1,0,0.13280773162841797,False,0.10668037086725235,False,0.25629550218582153,False
669,p0n744,27,3.0,1.0,428.0,4.0,D-5,73,1,0,0.5315924882888794,True,0.5944252610206604,True,0.320452481508255,False
670,p0n745,27,3.0,0.5,428.0,2.0,F3,53,2,0,0.5585732460021973,True,0.5070410370826721,True,0.4337986707687378,False
671,p0n746,27,3.25,0.25,429.0,1.0,G5,79,1,0,0.2734811007976532,False,0.154074028134346,False,0.2566288411617279,False
672,p0n747,27,3.5,0.25,430.0,1.0,F5,77,1,0,0.6771320700645447,True,0.6469314098358154,True,0.4701545238494873,False
673,p0n748,27,3.5,0.5,430.0,2.0,D-3,49,2,0,0.6392161250114441,True,0.6163095235824585,True,0.6574013233184814,True
674,p0n749,27,3.75,0.25,431.0,1.0,A-5,80,1,0,0.8313283920288086,True,0.26071104407310486,False,0.27633410692214966,False
675,p0n750,28,0.0,3.25,432.0,13.0,G5,79,1,0,0.8536882400512695,True,0.8606030941009521,True,0.6702083349227905,True
676,p0n751,28,0.0,0.25,432.0,1.0,D-5,73,1,0,0.6150882244110107,True,0.6964064836502075,True,0.4456369876861572,False
677,p0n752,28,0.0,1.0,432.0,4.0,E-3,51,2,0,0.8697218298912048,True,0.8737258911132812,True,0.46492478251457214,False
678,p0n754,28,0.25,0.25,433.0,1.0,C5,72,1,0,0.0630057156085968,False,0.10413765162229538,False,0.25567105412483215,False
679,p0n755,28,0.5,0.25,434.0,1.0,B-4,70,1,0,0.8894510865211487,True,0.30980995297431946,False,0.3064318299293518,False
680,p0n756,28,0.75,0.25,435.0,1.0,D-5,73,1,0,0.6529632210731506,True,0.3709990382194519,False,0.27970391511917114,False
681,p0n757,28,1.0,1.25,436.0,5.0,C5,72,1,0,0.08295643329620361,False,0.12336539477109909,False,0.25812941789627075,False
682,p0n758,28,1.0,0.5,436.0,2.0,G3,55,2,0,0.4756011366844177,False,0.2041826993227005,False,0.26472339034080505,False
683,p0n759,28,1.0,0.25,436.0,1.0,E3,52,2,0,0.07849094271659851,False,0.12309686094522476,False,0.25529050827026367,False
684,p0n760,28,1.25,0.25,437.0,1.0,B-3,58,2,0,0.9416770339012146,True,0.22235095500946045,False,0.26926296949386597,False
685,p0n761,28,1.5,0.5,438.0,2.0,C4,60,2,0,0.18019501864910126,False,0.13779059052467346,False,0.27106329798698425,False
686,p0n762,28,1.5,0.25,438.0,1.0,A-3,56,2,0,0.3755621612071991,False,0.2495029866695404,False,0.299494206905365,False
687,p0n763,28,1.75,0.25,439.0,1.0,G3,55,2,0,0.3384145498275757,False,0.1546493023633957,False,0.2554111182689667,False
688,p0n765,28,2.0,0.5,440.0,2.0,A-3,56,2,0,0.6644268035888672,True,0.9510863423347473,True,0.621391236782074,True
689,p0n766,28,2.0,2.0,440.0,8.0,F3,53,2,0,0.9183596968650818,True,0.2883586883544922,False,0.2833546996116638,False
690,p0n767,28,2.25,0.25,441.0,1.0,B-4,70,1,0,0.8064106106758118,True,0.15756088495254517,False,0.268344908952713,False
691,p0n768,28,2.5,0.25,442.0,1.0,A-4,68,1,0,0.6791144609451294,True,0.2480800598859787,False,0.29921725392341614,False
692,p0n769,28,2.5,0.5,442.0,2.0,F3,53,2,0,0.9082249402999878,True,0.09828510880470276,False,0.25877144932746887,False
693,p0n770,28,2.75,0.25,443.0,1.0,G4,67,1,0,0.17476916313171387,False,0.1238480657339096,False,0.25047019124031067,False
694,p0n772,28,3.0,0.75,444.0,3.0,A-4,68,1,0,0.5759591460227966,True,0.23321136832237244,False,0.2850545048713684,False
695,p0n773,28,3.0,0.5,444.0,2.0,D4,62,2,0,0.7007148861885071,True,0.6841421723365784,True,0.6391388177871704,True
696,p0n774,28,3.25,0.25,445.0,1.0,C5,72,1,0,0.029817892238497734,False,0.09778819978237152,False,0.2544897794723511,False
697,p0n775,28,3.5,0.75,446.0,3.0,F5,77,1,0,0.9668937921524048,True,0.7493418455123901,True,0.4039026200771332,False
698,p0n776,28,3.5,0.5,446.0,2.0,B3,59,2,0,0.9492743015289307,True,0.4691977798938751,False,0.3823595643043518,False
699,p0n777,28,3.75,0.25,447.0,1.0,A-4,68,1,0,0.4140723943710327,False,0.17244088649749756,False,0.26448723673820496,False
700,p0n779,29,0.0,0.5,448.0,2.0,G4,67,1,0,0.3277117609977722,False,0.27963465452194214,False,0.2945331335067749,False
701,p0n780,29,0.0,0.25,448.0,1.0,C4,60,2,0,0.19150283932685852,False,0.2070472091436386,False,0.2857202887535095,False
702,p0n781,29,0.0,2.0,448.0,8.0,C3,48,2,0,0.3056420683860779,False,0.3142031133174896,False,0.3216162919998169,False
703,p0n782,29,0.25,0.25,449.0,1.0,E-5,75,1,0,0.2571672797203064,False,0.1874859482049942,False,0.27527663111686707,False
704,p0n783,29,0.25,0.25,449.0,1.0,E-3,51,2,0,0.6680962443351746,True,0.5857943296432495,True,0.13214759528636932,False
705,p0n784,29,0.5,0.25,450.0,1.0,D-5,73,1,0,0.3821403980255127,False,0.23642849922180176,False,0.2953060269355774,False
706,p0n785,29,0.5,0.25,450.0,1.0,F3,53,2,0,0.5881284475326538,True,0.1605982929468155,False,0.25034844875335693,False
707,p0n787,29,0.75,0.25,451.0,1.0,F5,77,1,0,0.8847735524177551,True,0.5987022519111633,True,0.37156280875205994,False
708,p0n788,29,0.75,0.25,451.0,1.0,G3,55,2,0,0.2747504413127899,False,0.15088021755218506,False,0.2543027400970459,False
709,p0n789,29,1.0,2.0,452.0,8.0,E-5,75,1,0,0.2982196509838104,False,0.21519716084003448,False,0.28344741463661194,False
710,p0n790,29,1.0,0.5,452.0,2.0,E-4,63,1,0,0.5524667501449585,True,0.7329094409942627,True,0.6893957853317261,True
711,p0n791,29,1.0,0.25,452.0,1.0,A-3,56,2,0,0.5664416551589966,True,0.6291607618331909,True,0.3970906436443329,False
712,p0n792,29,1.25,0.25,453.0,1.0,B-3,58,2,0,0.9456230401992798,True,0.25965285301208496,False,0.2729990482330322,False
713,p0n793,29,1.5,0.5,454.0,2.0,A-4,68,1,0,0.6447315216064453,True,0.9561750888824463,True,0.9131168127059937,True
714,p0n794,29,1.5,0.25,454.0,1.0,C4,60,2,0,0.48436495661735535,False,0.19840924441814423,False,0.2836848497390747,False
715,p0n795,29,1.75,0.25,455.0,1.0,B-3,58,2,0,0.9063600897789001,True,0.16519321501255035,False,0.2620066702365875,False
716,p0n796,29,2.0,0.5,456.0,2.0,F4,65,1,0,0.5639763474464417,True,0.7916114330291748,True,0.6638549566268921,True
717,p0n797,29,2.0,0.25,456.0,1.0,A-3,56,2,0,0.9877057671546936,True,0.9202419519424438,True,0.7662800550460815,True
718,p0n798,29,2.0,2.0,456.0,8.0,D-3,49,2,0,0.9794812202453613,True,0.9857777953147888,True,0.9448629021644592,True
719,p0n799,29,2.25,0.25,457.0,1.0,G3,55,2,0,0.09534194320440292,False,0.1125185638666153,False,0.24863898754119873,False
720,p0n800,29,2.5,0.5,458.0,2.0,D-4,61,1,0,0.7293984889984131,True,0.7598759531974792,True,0.7313369512557983,True
721,p0n801,29,2.5,0.25,458.0,1.0,F3,53,2,0,0.8640552759170532,True,0.15080341696739197,False,0.27913445234298706,False
722,p0n802,29,2.75,0.25,459.0,1.0,G3,55,2,0,0.09758162498474121,False,0.11056145280599594,False,0.24827352166175842,False
723,p0n803,29,3.0,1.25,460.0,5.0,D-5,73,1,0,0.16492491960525513,False,0.17423054575920105,False,0.2671995759010315,False
724,p0n804,29,3.0,0.5,460.0,2.0,B-4,70,1,0,0.9174478054046631,True,0.22479349374771118,False,0.285240113735199,False
725,p0n805,29,3.0,0.25,460.0,1.0,A-3,56,2,0,0.9669140577316284,True,0.7554785013198853,True,0.4208599627017975,False
726,p0n806,29,3.25,0.25,461.0,1.0,G3,55,2,0,0.10278131812810898,False,0.11445079743862152,False,0.24868668615818024,False
727,p0n807,29,3.5,0.5,462.0,2.0,G4,67,1,0,0.4427858591079712,False,0.22142475843429565,False,0.28431564569473267,False
728,p0n808,29,3.5,0.25,462.0,1.0,F3,53,2,0,0.7820261716842651,True,0.12842833995819092,False,0.2749428153038025,False
729,p0n809,29,3.75,0.25,463.0,1.0,E-3,51,2,0,0.5898317098617554,True,0.5465867519378662,True,0.3035714626312256,False
730,p0n811,30,0.0,1.0,464.0,4.0,A-4,68,1,0,0.9886844754219055,True,0.997379720211029,True,0.9296281337738037,True
731,p0n812,30,0.0,0.25,464.0,1.0,F3,53,2,0,0.868719220161438,True,0.3888055086135864,False,0.35907360911369324,False
732,p0n813,30,0.0,1.25,464.0,5.0,A-2,44,2,0,0.9747582674026489,True,0.937877893447876,True,0.7066858410835266,True
733,p0n814,30,0.25,0.25,465.0,1.0,C5,72,1,0,0.20640422403812408,False,0.13589639961719513,False,0.2603861093521118,False
734,p0n815,30,0.25,0.25,465.0,1.0,E-3,51,2,0,0.5361989736557007,True,0.5970012545585632,True,0.13486620783805847,False
735,p0n816,30,0.5,0.25,466.0,1.0,B-4,70,1,0,0.8580165505409241,True,0.049044158309698105,False,0.26679080724716187,False
736,p0n817,30,0.5,0.25,466.0,1.0,D-3,49,2,0,0.9133355617523193,True,0.7356875538825989,True,0.5635790228843689,True
737,p0n818,30,0.75,0.25,467.0,1.0,D-5,73,1,0,0.23209233582019806,False,0.16346266865730286,False,0.2641294300556183,False
738,p0n819,30,0.75,0.25,467.0,1.0,F3,53,2,0,0.8073069453239441,True,0.056463707238435745,False,0.2550128102302551,False
739,p0n820,30,1.0,0.5,468.0,2.0,C5,72,1,0,0.15503229200839996,False,0.14249344170093536,False,0.26056089997291565,False
740,p0n821,30,1.0,0.5,468.0,2.0,E-3,51,2,0,0.732519805431366,True,0.7998684048652649,True,0.24643337726593018,False
741,p0n824,30,1.25,0.25,469.0,1.0,F2,41,2,0,0.29735326766967773,False,0.13425461947917938,False,0.26194560527801514,False
742,p0n825,30,1.5,0.5,470.0,2.0,F5,77,1,0,0.9774464964866638,True,0.43785059452056885,False,0.3904239237308502,False
743,p0n826,30,1.5,0.25,470.0,1.0,G2,43,2,0,0.873881995677948,True,0.6310585141181946,True,0.6526880860328674,True
744,p0n828,30,1.75,0.25,471.0,1.0,A-2,44,2,0,0.917565643787384,True,0.8292983174324036,True,0.5612441897392273,True
745,p0n829,30,2.0,0.5,472.0,2.0,D-5,73,1,0,0.5520378947257996,True,0.9454308152198792,True,0.7502923607826233,True
746,p0n830,30,2.0,0.25,472.0,1.0,B-2,46,2,0,0.9004360437393188,True,0.8298540711402893,True,0.47900518774986267,False
747,p0n833,30,2.25,0.25,473.0,1.0,C3,48,2,0,0.5550561547279358,True,0.22909949719905853,False,0.2677810788154602,False
748,p0n834,30,2.5,0.5,474.0,2.0,B-4,70,1,0,0.7158727645874023,True,0.2032487392425537,False,0.30502715706825256,False
749,p0n835,30,2.5,0.25,474.0,1.0,D-3,49,2,0,0.8448549509048462,True,0.894536554813385,True,0.7479863166809082,True
750,p0n836,30,2.75,0.25,475.0,1.0,E-3,51,2,0,0.6366627812385559,True,0.385508269071579,False,0.2697301506996155,False
751,p0n837,30,3.0,0.5,476.0,2.0,G-5,78,1,0,0.7196388840675354,True,0.4432356059551239,False,0.398795485496521,False
752,p0n838,30,3.0,0.25,476.0,1.0,D-3,49,2,0,0.8914533257484436,True,0.6933226585388184,True,0.6229773163795471,True
753,p0n841,30,3.25,0.25,477.0,1.0,C3,48,2,0,0.14105933904647827,False,0.1162840947508812,False,0.25613319873809814,False
754,p0n842,30,3.5,0.5,478.0,2.0,E-5,75,1,0,0.6066024899482727,True,0.8724201917648315,True,0.9065651893615723,True
755,p0n844,30,3.5,0.5,478.0,2.0,E-5,75,1,0,0.48240500688552856,False,0.34944117069244385,False,0.349335253238678,False
756,p0n843,30,3.5,0.5,478.0,2.0,C5,72,1,0,0.5922960638999939,True,0.49856865406036377,False,0.23484107851982117,False
757,p0n845,30,3.5,0.25,478.0,1.0,B-2,46,2,0,0.9801878333091736,True,0.244119331240654,False,0.2776931822299957,False
758,p0n846,30,3.75,0.25,479.0,1.0,A-2,44,2,0,0.8838915228843689,True,0.9143499135971069,True,0.8152809143066406,True
759,p0n847,31,0.0,1.0,480.0,4.0,F5,77,1,0,0.9833732843399048,True,0.8869276642799377,True,0.8348440527915955,True
760,p0n848,31,0.0,0.5,480.0,2.0,E-5,75,1,0,0.913185715675354,True,0.9966253042221069,True,0.9401841759681702,True
761,p0n849,31,0.0,1.0,480.0,4.0,A-4,68,1,0,0.9857662916183472,True,0.9941748976707458,True,0.9401451945304871,True
762,p0n850,31,0.0,0.25,480.0,1.0,D-3,49,2,0,0.9548029899597168,True,0.9346135258674622,True,0.6636953949928284,True
763,p0n851,31,0.25,0.25,481.0,1.0,C3,48,2,0,0.1063404306769371,False,0.10934698581695557,False,0.2547411322593689,False
764,p0n852,31,0.5,0.5,482.0,2.0,D-5,73,1,0,0.7837570309638977,True,0.6750930547714233,True,0.4587911069393158,False
765,p0n853,31,0.5,0.25,482.0,1.0,D-3,49,2,0,0.963184654712677,True,0.7456309795379639,True,0.4946627616882324,False
766,p0n854,31,0.75,0.25,483.0,1.0,F3,53,2,0,0.6000741124153137,True,0.20140983164310455,False,0.2755945324897766,False
767,p0n855,31,1.0,0.5,484.0,2.0,A-5,80,1,0,0.6016637086868286,True,0.5775277614593506,True,0.32367533445358276,False
768,p0n856,31,1.0,0.25,484.0,1.0,E-3,51,2,0,0.6026115417480469,True,0.3643699884414673,False,0.2853594720363617,False
769,p0n859,31,1.25,0.25,485.0,1.0,D3,50,2,0,0.5234124660491943,True,0.23592102527618408,False,0.25657951831817627,False
770,p0n860,31,1.5,0.5,486.0,2.0,F5,77,1,0,0.7971533536911011,True,0.05800106003880501,False,0.2669002413749695,False
771,p0n862,31,1.5,0.5,486.0,2.0,F5,77,1,0,0.7367997169494629,True,0.11137096583843231,False,0.27502793073654175,False
772,p0n861,31,1.5,0.5,486.0,2.0,D5,74,1,0,0.3875729739665985,False,0.2173921912908554,False,0.28115081787109375,False
773,p0n863,31,1.5,0.25,486.0,1.0,C3,48,2,0,0.8167636394500732,True,0.21173015236854553,False,0.28127777576446533,False
774,p0n864,31,1.75,0.25,487.0,1.0,B-2,46,2,0,0.8959236741065979,True,0.44913992285728455,False,0.3027970492839813,False
775,p0n865,31,2.0,1.0,488.0,4.0,G5,79,1,0,0.946966290473938,True,0.7165299654006958,True,0.4974786341190338,False
776,p0n866,31,2.0,0.5,488.0,2.0,F5,77,1,0,0.7807402610778809,True,0.7130210399627686,True,0.48756906390190125,False
777,p0n867,31,2.0,1.0,488.0,4.0,B-4,70,1,0,0.5642113089561462,True,0.4037335216999054,False,0.28825679421424866,False
778,p0n868,31,2.0,0.25,488.0,1.0,E-3,51,2,0,0.9529685974121094,True,0.6601372361183167,True,0.11598315834999084,False
779,p0n869,31,2.25,0.25,489.0,1.0,D3,50,2,0,0.43963760137557983,False,0.09994605928659439,False,0.24692310392856598,False
780,p0n870,31,2.5,0.5,490.0,2.0,E-5,75,1,0,0.8968883156776428,True,0.8153319358825684,True,0.4849788248538971,False
781,p0n871,31,2.5,0.25,490.0,1.0,E-3,51,2,0,0.971874475479126,True,0.48650792241096497,False,0.30729132890701294,False
782,p0n872,31,2.75,0.25,491.0,1.0,G3,55,2,0,0.1517208069562912,False,0.11336874961853027,False,0.24840158224105835,False
783,p0n873,31,3.0,0.5,492.0,2.0,B-5,82,1,0,0.8377395868301392,True,0.9590739011764526,True,0.6352317333221436,True
784,p0n874,31,3.0,0.25,492.0,1.0,F3,53,2,0,0.637500524520874,True,0.22563882172107697,False,0.28869396448135376,False
785,p0n877,31,3.25,0.25,493.0,1.0,E3,52,2,0,0.7201489806175232,True,0.4259292781352997,False,0.3209143877029419,False
786,p0n878,31,3.5,0.5,494.0,2.0,G5,79,1,0,0.8794981837272644,True,0.3055382966995239,False,0.2929134666919708,False
787,p0n880,31,3.5,0.5,494.0,2.0,G5,79,1,0,0.8583537340164185,True,0.4359627962112427,False,0.3325505256652832,False
788,p0n879,31,3.5,0.5,494.0,2.0,E5,76,1,0,0.819053053855896,True,0.3413955569267273,False,0.3456546664237976,False
789,p0n881,31,3.5,0.25,494.0,1.0,D3,50,2,0,0.8377569913864136,True,0.1467026323080063,False,0.25928154587745667,False
790,p0n882,31,3.75,0.25,495.0,1.0,C3,48,2,0,0.9200165867805481,True,0.4476311504840851,False,0.2710309624671936,False
791,p0n883,32,0.0,0.5,496.0,2.0,A-5,80,1,0,0.9166889786720276,True,0.9440746903419495,True,0.6409876346588135,True
792,p0n885,32,0.0,0.5,496.0,2.0,F5,77,1,0,0.853238046169281,True,0.8509143590927124,True,0.5319065451622009,True
793,p0n884,32,0.0,0.5,496.0,2.0,C5,72,1,0,0.6505833268165588,True,0.9381390810012817,True,0.650225043296814,True
794,p0n886,32,0.0,0.25,496.0,1.0,F3,53,2,0,0.9374180436134338,True,0.2081703096628189,False,0.29098477959632874,False
795,p0n887,32,0.25,0.25,497.0,1.0,G3,55,2,0,0.05367525666952133,False,0.10705287009477615,False,0.24753758311271667,False
796,p0n888,32,0.5,0.5,498.0,2.0,F5,77,1,0,0.8820248246192932,True,0.3852485418319702,False,0.2661726474761963,False
797,p0n889,32,0.5,0.25,498.0,1.0,A-3,56,2,0,0.9519172310829163,True,0.6332676410675049,True,0.7096932530403137,True
798,p0n892,32,0.75,0.25,499.0,1.0,F3,53,2,0,0.8327080607414246,True,0.1262170970439911,False,0.26130354404449463,False
799,p0n893,32,1.0,1.5,500.0,6.0,D-5,73,1,0,0.7664341926574707,True,0.6658026576042175,True,0.4942176342010498,False
800,p0n894,32,1.0,0.25,500.0,1.0,B-3,58,2,0,0.7483221888542175,True,0.4867916703224182,False,0.3193327784538269,False
801,p0n897,32,1.25,0.25,501.0,1.0,A-3,56,2,0,0.8716261982917786,True,0.4952336251735687,False,0.4221714735031128,False
802,p0n898,32,1.5,0.5,502.0,2.0,B-4,70,1,0,0.6927725076675415,True,0.46057018637657166,False,0.37953153252601624,False
803,p0n899,32,1.5,0.25,502.0,1.0,G3,55,2,0,0.5809410810470581,True,0.46960750222206116,False,0.33212482929229736,False
804,p0n900,32,1.75,0.25,503.0,1.0,F3,53,2,0,0.9524317383766174,True,0.18202662467956543,False,0.26865607500076294,False
805,p0n902,32,2.0,0.5,504.0,2.0,G4,67,1,0,0.5703045725822449,True,0.7433881759643555,True,0.5831416249275208,True
806,p0n903,32,2.0,0.25,504.0,1.0,E-3,51,2,0,0.8500388264656067,True,0.928215742111206,True,0.6336413621902466,True
807,p0n905,32,2.25,0.25,505.0,1.0,D-3,49,2,0,0.8398886322975159,True,0.7219470143318176,True,0.3639144003391266,False
808,p0n906,32,2.5,0.5,506.0,2.0,E-5,75,1,0,0.7832419872283936,True,0.9113234281539917,True,0.5561996698379517,True
809,p0n907,32,2.5,0.5,506.0,2.0,B-4,70,1,0,0.6592349410057068,True,0.43965449929237366,False,0.3177897036075592,False
810,p0n908,32,2.5,0.5,506.0,2.0,G4,67,1,0,0.6331684589385986,True,0.2622286081314087,False,0.2638522684574127,False
811,p0n909,32,2.5,0.25,506.0,1.0,C3,48,2,0,0.711362898349762,True,0.48671844601631165,False,0.35409635305404663,False
812,p0n910,32,2.75,0.25,507.0,1.0,B-2,46,2,0,0.911540687084198,True,0.3761720359325409,False,0.3038240969181061,False
813,p0n911,32,3.0,0.5,508.0,2.0,C5,72,1,0,0.7882603406906128,True,0.9605306386947632,True,0.7722219228744507,True
814,p0n912,32,3.0,0.5,508.0,2.0,A-4,68,1,0,0.7206873297691345,True,0.8523821234703064,True,0.8057206273078918,True
815,p0n913,32,3.0,0.25,508.0,1.0,A-2,44,2,0,0.9693305492401123,True,0.8931118249893188,True,0.6537110209465027,True
816,p0n914,32,3.25,0.25,509.0,1.0,B-2,46,2,0,0.707857608795166,True,0.24300318956375122,False,0.2786250114440918,False
817,p0n915,32,3.5,0.5,510.0,2.0,F5,77,1,0,0.930533230304718,True,0.623721718788147,True,0.5818568468093872,True
818,p0n917,32,3.5,0.5,510.0,2.0,A-4,68,1,0,0.8457030653953552,True,0.7115617394447327,True,0.9280853271484375,True
819,p0n916,32,3.5,0.5,510.0,2.0,F4,65,1,0,0.9744065999984741,True,0.36332157254219055,False,0.2875097393989563,False
820,p0n918,32,3.5,0.25,510.0,1.0,C3,48,2,0,0.5966503024101257,True,0.3500404953956604,False,0.3080032467842102,False
821,p0n919,32,3.75,0.25,511.0,1.0,D-3,49,2,0,0.8407670855522156,True,0.7267529368400574,True,0.6874018311500549,True
822,p0n920,33,0.0,1.0,512.0,4.0,C5,72,1,0,0.7306018471717834,True,0.9921022057533264,True,0.9040107727050781,True
823,p0n921,33,0.0,1.5,512.0,6.0,A-4,68,1,0,0.8346438407897949,True,0.97379070520401,True,0.9353960156440735,True
824,p0n922,33,0.0,1.0,512.0,4.0,E-4,63,1,0,0.8173744678497314,True,0.9868962168693542,True,0.906799852848053,True
825,p0n923,33,0.0,0.25,512.0,1.0,E-3,51,2,0,0.8891451358795166,True,0.9082706570625305,True,0.7518927454948425,True
826,p0n924,33,0.25,0.25,513.0,1.0,D-3,49,2,0,0.8081678748130798,True,0.6693307757377625,True,0.40615707635879517,False
827,p0n925,33,0.5,0.25,514.0,1.0,C3,48,2,0,0.6535825133323669,True,0.7284731268882751,True,0.41305017471313477,False
828,p0n926,33,0.75,0.25,515.0,1.0,D-3,49,2,0,0.8687676787376404,True,0.5902120471000671,True,0.4455062747001648,False
829,p0n927,33,1.0,1.5,516.0,6.0,B-4,70,1,0,0.6671544313430786,True,0.9502849578857422,True,0.8314951658248901,True
830,p0n928,33,1.0,1.0,516.0,4.0,D-4,61,1,0,0.8595554828643799,True,0.7177820205688477,True,0.5899125933647156,True
831,p0n929,33,1.0,0.5,516.0,2.0,E-3,51,2,0,0.8362911939620972,True,0.6637247204780579,True,0.5417048335075378,True
832,p0n930,33,1.5,0.5,518.0,2.0,G4,67,1,0,0.5426409840583801,True,0.7320501208305359,True,0.6435691714286804,True
833,p0n931,33,1.5,0.5,518.0,2.0,E-2,39,2,0,0.5482147932052612,True,0.4575040638446808,False,0.31056341528892517,False
834,p0n934,33,2.0,1.0,520.0,4.0,F4,65,1,0,0.8926815390586853,True,0.9652760624885559,True,0.6102243661880493,True
835,p0n933,33,2.0,1.0,520.0,4.0,C4,60,1,0,0.8004196882247925,True,0.9755914211273193,True,0.8485922813415527,True
836,p0n935,33,2.0,1.0,520.0,4.0,F2,41,2,0,0.7833711504936218,True,0.47144216299057007,False,0.34730392694473267,False
837,p0n936,33,2.5,0.25,522.0,1.0,A-4,68,1,0,0.7592570781707764,True,0.4694795608520508,False,0.34137818217277527,False
838,p0n937,33,2.75,0.25,523.0,1.0,G4,67,1,0,0.729686439037323,True,0.8663994669914246,True,0.5246645212173462,True
839,p0n938,33,3.0,0.5,524.0,2.0,A-4,68,1,0,0.6468356251716614,True,0.7980415225028992,True,0.7374286651611328,True
840,p0n942,33,3.25,0.25,525.0,1.0,E-2,39,2,0,0.5168852210044861,True,0.7213721871376038,True,0.3621625602245331,False
841,p0n943,33,3.5,0.5,526.0,2.0,E-5,75,1,0,0.6583850979804993,True,0.7201477289199829,True,0.6418244242668152,True
842,p0n945,33,3.5,0.5,526.0,2.0,B-4,70,1,0,0.8673076033592224,True,0.6497847437858582,True,0.5830265879631042,True
843,p0n944,33,3.5,0.5,526.0,2.0,E-4,63,1,0,0.5886408686637878,True,0.5475402474403381,True,0.41359075903892517,False
844,p0n946,33,3.5,0.25,526.0,1.0,F2,41,2,0,0.8136838674545288,True,0.1863308995962143,False,0.2499181628227234,False
845,p0n947,33,3.75,0.25,527.0,1.0,G2,43,2,0,0.6470678448677063,True,0.5505449771881104,True,0.5186454057693481,True
846,p0n948,34,0.0,0.5,528.0,2.0,C5,72,1,0,0.885908305644989,True,0.9331604838371277,True,0.7501214146614075,True
847,p0n950,34,0.0,0.5,528.0,2.0,A-4,68,1,0,0.9683789610862732,True,0.9851543307304382,True,0.7928671836853027,True
848,p0n949,34,0.0,0.5,528.0,2.0,E-4,63,1,0,0.6097869873046875,True,0.8559224009513855,True,0.39523372054100037,False
849,p0n951,34,0.0,0.25,528.0,1.0,A-2,44,2,0,0.9703605771064758,True,0.8972423672676086,True,0.5804054737091064,True
850,p0n952,34,0.25,0.25,529.0,1.0,B-2,46,2,0,0.33079132437705994,False,0.16026638448238373,False,0.27041205763816833,False
851,p0n953,34,0.5,0.5,530.0,2.0,A-4,68,1,0,0.9688949584960938,True,0.886823296546936,True,0.735876739025116,True
852,p0n954,34,0.5,0.25,530.0,1.0,C3,48,2,0,0.9145748019218445,True,0.696552574634552,True,0.48888981342315674,False
853,p0n957,34,0.75,0.25,531.0,1.0,E-3,51,2,0,0.7993475198745728,True,0.398409366607666,False,0.32422930002212524,False
854,p0n958,34,1.0,0.5,532.0,2.0,F5,77,1,0,0.6851943135261536,True,0.40867623686790466,False,0.3074534833431244,False
855,p0n959,34,1.0,0.25,532.0,1.0,D-3,49,2,0,0.8408463597297668,True,0.4127826988697052,False,0.3294506371021271,False
856,p0n962,34,1.25,0.25,533.0,1.0,C3,48,2,0,0.8217403888702393,True,0.5771574974060059,True,0.4395432472229004,False
857,p0n963,34,1.5,0.5,534.0,2.0,D-5,73,1,0,0.9325739145278931,True,0.6663216948509216,True,0.5294753313064575,True
858,p0n965,34,1.5,0.5,534.0,2.0,B-4,70,1,0,0.9129090309143066,True,0.2699611783027649,False,0.3060746192932129,False
859,p0n964,34,1.5,0.5,534.0,2.0,F4,65,1,0,0.9511949419975281,True,0.5853573679924011,True,0.45167240500450134,False
860,p0n966,34,1.5,0.25,534.0,1.0,B-2,46,2,0,0.8788931369781494,True,0.427385151386261,False,0.3880629241466522,False
861,p0n967,34,1.75,0.25,535.0,1.0,A-2,44,2,0,0.9193663001060486,True,0.44243767857551575,False,0.31323474645614624,False
862,p0n968,34,2.0,0.5,536.0,2.0,E-5,75,1,0,0.77407306432724,True,0.9528325200080872,True,0.7523611783981323,True
863,p0n970,34,2.0,0.5,536.0,2.0,B-4,70,1,0,0.798811137676239,True,0.7902940511703491,True,0.6955748796463013,True
864,p0n969,34,2.0,0.5,536.0,2.0,E-4,63,1,0,0.694399893283844,True,0.7344254851341248,True,0.6553701758384705,True
865,p0n971,34,2.0,0.25,536.0,1.0,G2,43,2,0,0.827201247215271,True,0.7529025077819824,True,0.6345662474632263,True
866,p0n972,34,2.25,0.25,537.0,1.0,F2,41,2,0,0.7977345585823059,True,0.7592276334762573,True,0.6216250061988831,True
867,p0n973,34,2.5,0.5,538.0,2.0,G4,67,1,0,0.8586961030960083,True,0.4456981420516968,False,0.3647395968437195,False
868,p0n974,34,2.5,0.25,538.0,1.0,E-2,39,2,0,0.7823441028594971,True,0.834358274936676,True,0.6229516267776489,True
869,p0n977,34,2.75,0.25,539.0,1.0,D-2,37,2,0,0.7346156239509583,True,0.5557650923728943,True,0.39837846159935,False
870,p0n978,34,3.0,2.0,540.0,8.0,A-4,68,1,0,0.8488977551460266,True,0.7017244100570679,True,0.5199503302574158,True
871,p0n979,34,3.0,0.25,540.0,1.0,C2,36,2,0,0.7581027150154114,True,0.7829621434211731,True,0.5633683800697327,True
872,p0n982,34,3.25,0.25,541.0,1.0,E-2,39,2,0,0.6559820771217346,True,0.4737517237663269,False,0.35448014736175537,False
873,p0n983,34,3.5,0.5,542.0,2.0,F4,65,1,0,0.8447531461715698,True,0.28990456461906433,False,0.29576316475868225,False
874,p0n985,34,3.5,0.5,542.0,2.0,B-3,58,2,0,0.7622032761573792,True,0.7494249939918518,True,0.406233012676239,False
875,p0n984,34,3.5,0.25,542.0,1.0,D-2,37,2,0,0.6742748022079468,True,0.3025169372558594,False,0.31081297993659973,False
876,p0n986,34,3.75,0.25,543.0,1.0,F2,41,2,0,0.7999505400657654,True,0.3443984389305115,False,0.3072591722011566,False
877,p0n988,35,0.0,0.25,544.0,1.0,B-3,58,1,0,0.4910065233707428,False,0.24534176290035248,False,0.2981552183628082,False
878,p0n990,35,0.0,1.0,544.0,4.0,B-3,58,2,0,0.5293582081794739,True,0.3521423935890198,False,0.2714388966560364,False
879,p0n989,35,0.0,2.0,544.0,8.0,E-2,39,2,0,0.8883177042007446,True,0.8013343214988708,True,0.6468746066093445,True
880,p0n991,35,0.25,0.25,545.0,1.0,C4,60,1,0,0.6263711452484131,True,0.7506564855575562,True,0.4978141784667969,False
881,p0n992,35,0.5,0.25,546.0,1.0,D-4,61,1,0,0.8266571164131165,True,0.6628854274749756,True,0.3903765082359314,False
882,p0n993,35,0.75,0.25,547.0,1.0,F4,65,1,0,0.7184014320373535,True,0.23450888693332672,False,0.2803998589515686,False
883,p0n994,35,1.0,1.0,548.0,4.0,G4,67,1,0,0.839643657207489,True,0.818634569644928,True,0.66387540102005,True
884,p0n995,35,1.0,0.25,548.0,1.0,E-4,63,1,0,0.8097187876701355,True,0.8162019848823547,True,0.5887563824653625,True
885,p0n996,35,1.0,1.0,548.0,4.0,E-3,51,2,0,0.8144727349281311,True,0.6197156310081482,True,0.4441376030445099,False
886,p0n997,35,1.25,0.25,549.0,1.0,D-4,61,1,0,0.6612846851348877,True,0.34381869435310364,False,0.3044159412384033,False
887,p0n998,35,1.5,0.25,550.0,1.0,C4,60,1,0,0.852363109588623,True,0.706735372543335,True,0.5426986217498779,True
888,p0n999,35,1.75,0.25,551.0,1.0,D-4,61,1,0,0.7121737599372864,True,0.3228187561035156,False,0.3033005893230438,False
889,p0n1000,35,2.0,2.0,552.0,8.0,A-4,68,1,0,0.9031286239624023,True,0.9376461505889893,True,0.7629284858703613,True
890,p0n1001,35,2.0,2.0,552.0,8.0,C4,60,1,0,0.8730071783065796,True,0.8960261940956116,True,0.7607051730155945,True
891,p0n1003,35,2.0,2.0,552.0,8.0,E-3,51,2,0,0.8933296799659729,True,0.7869001030921936,True,0.544634222984314,True
892,p0n1002,35,2.0,2.0,552.0,8.0,A-2,44,2,0,0.907558262348175,True,0.8122349381446838,True,0.5677523016929626,True
