note_index,note_id,measure,measure_offset,quarter_length,time_position,duration_seconds,pitch_name,pitch_midi,staff,voice,layer_1_score,layer_1_mask,layer_2_score,layer_2_mask,layer_3_score,layer_3_mask
0,p0n0,1,0.0,1.5,0.0,72.0,C5,72,1,0,0.9442093372344971,True,0.8134467601776123,True,0.6314969062805176,True
1,p0n1,1,0.0,1.5,0.0,72.0,A-4,68,1,0,0.7045231461524963,True,0.9089628458023071,True,0.5321156978607178,True
2,p0n3,1,0.0,1.5,0.0,72.0,E-3,51,2,0,0.96180659532547,True,0.9948082566261292,True,0.9401875138282776,True
3,p0n2,1,0.0,1.5,0.0,72.0,A-2,44,2,0,0.6277134418487549,True,0.2307443916797638,False,0.3521474301815033,False
4,p0n4,1,1.5,0.5,72.0,24.0,A-4,68,1,0,0.7524202466011047,True,0.6969627737998962,True,0.5772942304611206,True
5,p0n5,1,1.5,0.5,72.0,24.0,E-4,63,1,0,0.7521665096282959,True,0.9558553099632263,True,0.8994371891021729,True
6,p0n7,1,1.5,0.5,72.0,24.0,E-3,51,2,0,0.9424821138381958,True,0.97516930103302,True,0.8827705383300781,True
7,p0n6,1,1.5,0.5,72.0,24.0,C3,48,2,0,0.8654003739356995,True,0.9856643676757812,True,0.8091498613357544,True
8,p0n8,1,2.0,0.75,96.0,36.0,A-4,68,1,0,0.6993000507354736,True,0.5388421416282654,True,0.479593425989151,False
9,p0n9,1,2.0,0.75,96.0,36.0,E-4,63,1,0,0.7188531756401062,True,0.9099383354187012,True,0.8656430244445801,True
10,p0n11,1,2.0,0.75,96.0,36.0,E-3,51,2,0,0.9271908402442932,True,0.9481320977210999,True,0.8207982182502747,True
11,p0n10,1,2.0,0.75,96.0,36.0,C3,48,2,0,0.74600750207901,True,0.983989953994751,True,0.7378297448158264,True
12,p0n12,1,2.75,0.25,132.0,12.0,A-4,68,1,0,0.43227341771125793,False,0.258827269077301,False,0.30987221002578735,False
13,p0n13,1,2.75,0.25,132.0,12.0,E-4,63,1,0,0.7301627993583679,True,0.8698222041130066,True,0.8809746503829956,True
14,p0n15,1,2.75,0.25,132.0,12.0,E-3,51,2,0,0.7327899932861328,True,0.8995150923728943,True,0.8744533061981201,True
15,p0n14,1,2.75,0.25,132.0,12.0,C3,48,2,0,0.8099125027656555,True,0.8967920541763306,True,0.7715787887573242,True
16,p0n17,2,0.0,1.0,144.0,48.0,D-5,73,1,0,0.765358030796051,True,0.9609353542327881,True,0.9233627915382385,True
17,p0n16,2,0.0,1.0,144.0,48.0,G4,67,1,0,0.9904730916023254,True,0.9908722043037415,True,0.9059203863143921,True
18,p0n19,2,0.0,1.0,144.0,48.0,E-3,51,2,0,0.7671145796775818,True,0.9826269745826721,True,0.9274153113365173,True
19,p0n18,2,0.0,1.0,144.0,48.0,B-2,46,2,0,0.5130024552345276,True,0.7741928100585938,True,0.7538722157478333,True
20,p0n21,2,1.0,2.0,192.0,96.0,B-4,70,1,0,0.5771914720535278,True,0.8401822447776794,True,0.782602846622467,True
21,p0n20,2,1.0,2.0,192.0,96.0,G4,67,1,0,0.9593811631202698,True,0.9845898151397705,True,0.7834855914115906,True
22,p0n23,2,1.0,2.0,192.0,96.0,E-3,51,2,0,0.702340841293335,True,0.9205471277236938,True,0.8048937916755676,True
23,p0n22,2,1.0,2.0,192.0,96.0,D-3,49,2,0,0.09967324882745743,False,0.22478346526622772,False,0.29211297631263733,False
24,p0n25,3,0.0,1.5,288.0,72.0,E-5,75,1,0,0.5103724002838135,True,0.6424922943115234,True,0.6842613220214844,True
25,p0n24,3,0.0,1.5,288.0,72.0,A-4,68,1,0,0.7233901023864746,True,0.6336364150047302,True,0.6009775996208191,True
26,p0n26,3,0.0,0.5,288.0,24.0,E-3,51,2,0,0.701620876789093,True,0.7665503025054932,True,0.6472614407539368,True
27,p0n27,3,0.0,1.5,288.0,72.0,C3,48,2,0,0.7825658917427063,True,0.9817075133323669,True,0.6561161875724792,True
28,p0n28,3,0.5,0.5,312.0,24.0,A-3,56,2,0,0.17233727872371674,False,0.14541633427143097,False,0.29481494426727295,False
29,p0n29,3,1.0,0.5,336.0,24.0,C4,60,2,0,0.9585816264152527,True,0.9705307483673096,True,0.8554579019546509,True
30,p0n31,3,1.5,0.5,360.0,24.0,D-5,73,1,0,0.19886937737464905,False,0.16550832986831665,False,0.28711700439453125,False
31,p0n30,3,1.5,0.5,360.0,24.0,A-4,68,1,0,0.46742311120033264,False,0.1912757158279419,False,0.30541741847991943,False
32,p0n32,3,1.5,0.5,360.0,24.0,B-3,58,2,0,0.8378053903579712,True,0.954727053642273,True,0.9105975031852722,True
33,p0n33,3,1.5,0.5,360.0,24.0,F3,53,2,0,0.8947752118110657,True,0.9706984162330627,True,0.45717424154281616,False
34,p0n35,3,2.0,0.5,384.0,24.0,E-5,75,1,0,0.42107680439949036,False,0.25537264347076416,False,0.2970125377178192,False
35,p0n34,3,2.0,0.5,384.0,24.0,A-4,68,1,0,0.7717911005020142,True,0.7364233732223511,True,0.3202522099018097,False
36,p0n36,3,2.0,0.5,384.0,24.0,C4,60,2,0,0.9728896617889404,True,0.9688133597373962,True,0.7992609143257141,True
37,p0n37,3,2.0,0.5,384.0,24.0,E-3,51,2,0,0.46487995982170105,False,0.3456369638442993,False,0.31757035851478577,False
38,p0n39,3,2.5,0.5,408.0,24.0,F5,77,1,0,0.2984623610973358,False,0.16881808638572693,False,0.29126596450805664,False
39,p0n38,3,2.5,0.5,408.0,24.0,A-4,68,1,0,0.6431121230125427,True,0.5032019019126892,True,0.29003316164016724,False
40,p0n40,3,2.5,0.5,408.0,24.0,D-4,61,2,0,0.2015141397714615,False,0.16523562371730804,False,0.28674641251564026,False
41,p0n41,3,2.5,0.5,408.0,24.0,D-3,49,2,0,0.04134448617696762,False,0.11521106213331223,False,0.2779146730899811,False
42,p0n42,4,0.0,0.75,432.0,36.0,E-5,75,1,0,0.8638317584991455,True,0.6476683616638184,True,0.6685349345207214,True
43,p0n43,4,0.0,1.0,432.0,48.0,G4,67,1,0,0.9866039752960205,True,0.9554157853126526,True,0.7466311454772949,True
44,p0n45,4,0.0,1.0,432.0,48.0,B-3,58,2,0,0.9654343724250793,True,0.9393240213394165,True,0.7563372850418091,True
45,p0n44,4,0.0,1.0,432.0,48.0,E-3,51,2,0,0.3916015625,False,0.4106295704841614,False,0.3615144193172455,False
46,p0n46,4,0.75,0.25,468.0,12.0,D5,74,1,0,0.1416560560464859,False,0.18125754594802856,False,0.29517242312431335,False
47,p0n48,4,1.0,0.5,480.0,24.0,D-5,73,1,0,0.656508207321167,True,0.8571120500564575,True,0.6217334270477295,True
48,p0n47,4,1.0,0.5,480.0,24.0,G4,67,1,0,0.9852664470672607,True,0.9706812500953674,True,0.5750871300697327,True
49,p0n50,4,1.0,0.5,480.0,24.0,B-3,58,2,0,0.8978069424629211,True,0.7268802523612976,True,0.5499014854431152,True
50,p0n49,4,1.0,0.5,480.0,24.0,E-3,51,2,0,0.3662107586860657,False,0.42364588379859924,False,0.34740909934043884,False
51,p0n51,4,1.0625,0.0625,483.0,3.0,E-5,75,1,0,0.7388275265693665,True,0.12578235566616058,False,0.277960866689682,False
52,p0n52,4,1.125,0.0625,486.0,3.0,D-5,73,1,0,0.4948474168777466,False,0.09842545539140701,False,0.27452677488327026,False
53,p0n53,4,1.1875,0.0625,489.0,3.0,E-5,75,1,0,0.6880446076393127,True,0.10701293498277664,False,0.27348312735557556,False
54,p0n54,4,1.25,0.0625,492.0,3.0,D-5,73,1,0,0.1882723569869995,False,0.1481374055147171,False,0.27513980865478516,False
55,p0n55,4,1.3125,0.0625,495.0,3.0,E-5,75,1,0,0.8255798816680908,True,0.1789117455482483,False,0.2777581810951233,False
56,p0n56,4,1.375,0.0625,498.0,3.0,D-5,73,1,0,0.28025326132774353,False,0.11562851071357727,False,0.274899423122406,False
57,p0n57,4,1.4375,0.0625,501.0,3.0,E-5,75,1,0,0.7896559834480286,True,0.1413254290819168,False,0.27757731080055237,False
58,p0n58,4,1.5,0.125,504.0,6.0,D-5,73,1,0,0.36628636717796326,False,0.23076528310775757,False,0.3012351989746094,False
59,p0n61,4,1.5416666666666667,0.041666666666666664,506.0,2.0,E-5,75,1,0,0.7206369042396545,True,0.10314369946718216,False,0.2786294221878052,False
60,p0n62,4,1.5833333333333333,0.041666666666666664,508.0,2.0,D-5,73,1,0,0.41212475299835205,False,0.14838644862174988,False,0.28146645426750183,False
61,p0n63,4,1.625,0.125,510.0,6.0,C5,72,1,0,0.8305427432060242,True,0.11867841333150864,False,0.2938178777694702,False
62,p0n64,4,1.75,0.125,516.0,6.0,D-5,73,1,0,0.22238045930862427,False,0.13239531219005585,False,0.27391910552978516,False
63,p0n65,4,1.875,0.125,522.0,6.0,E-5,75,1,0,0.931342363357544,True,0.11389696598052979,False,0.2759421467781067,False
64,p0n66,4,2.0,0.5,528.0,24.0,F5,77,1,0,0.3484448492527008,False,0.19947127997875214,False,0.28718316555023193,False
65,p0n68,4,2.5,0.25,552.0,12.0,E-5,75,1,0,0.9035521745681763,True,0.1960429698228836,False,0.2898629903793335,False
66,p0n69,4,2.75,0.25,564.0,12.0,D-5,73,1,0,0.2888491451740265,False,0.18172402679920197,False,0.281747043132782,False
67,p0n70,5,0.0,1.5,576.0,72.0,C5,72,1,0,0.4310281574726105,False,0.23953509330749512,False,0.31652888655662537,False
68,p0n71,5,0.0,0.25,576.0,12.0,A-3,56,2,0,0.22670264542102814,False,0.24278435111045837,False,0.3169752359390259,False
69,p0n73,5,0.25,0.25,588.0,12.0,E-4,63,2,0,0.6664366722106934,True,0.5343009829521179,True,0.5056368708610535,True
70,p0n72,5,0.25,0.25,588.0,12.0,C4,60,2,0,0.9677020907402039,True,0.5245823264122009,True,0.6024174094200134,True
71,p0n75,5,0.5,0.25,600.0,12.0,E-4,63,2,0,0.8405411839485168,True,0.2521393895149231,False,0.29567551612854004,False
72,p0n74,5,0.5,0.25,600.0,12.0,C4,60,2,0,0.9897390007972717,True,0.6094428896903992,True,0.5286539196968079,True
73,p0n77,5,0.75,0.25,612.0,12.0,E-4,63,2,0,0.7107246518135071,True,0.3157702386379242,False,0.29316937923431396,False
74,p0n76,5,0.75,0.25,612.0,12.0,C4,60,2,0,0.9781724214553833,True,0.7344956994056702,True,0.6464275121688843,True
75,p0n78,5,1.0,0.25,624.0,12.0,A-3,56,2,0,0.4606526494026184,False,0.3662988245487213,False,0.34177035093307495,False
76,p0n80,5,1.25,0.25,636.0,12.0,E-4,63,2,0,0.6454365849494934,True,0.2929558753967285,False,0.2847677171230316,False
77,p0n79,5,1.25,0.25,636.0,12.0,C4,60,2,0,0.8591469526290894,True,0.4908265769481659,False,0.4059563875198364,False
78,p0n81,5,1.5,1.0,648.0,48.0,E-5,75,1,0,0.9861473441123962,True,0.43005746603012085,False,0.27742472290992737,False
79,p0n83,5,1.5,0.25,648.0,12.0,E-4,63,2,0,0.8290641903877258,True,0.33640381693840027,False,0.3018198013305664,False
80,p0n82,5,1.5,0.25,648.0,12.0,C4,60,2,0,0.9761735796928406,True,0.5812621712684631,True,0.5778516530990601,True
81,p0n85,5,1.75,0.25,660.0,12.0,E-4,63,2,0,0.7516517043113708,True,0.33528414368629456,False,0.2875135838985443,False
82,p0n84,5,1.75,0.25,660.0,12.0,C4,60,2,0,0.9434154033660889,True,0.7833778858184814,True,0.6568847894668579,True
83,p0n86,5,2.0,0.25,672.0,12.0,A-3,56,2,0,0.1682240515947342,False,0.1346425563097,False,0.2838795781135559,False
84,p0n88,5,2.25,0.25,684.0,12.0,E-4,63,2,0,0.7129735946655273,True,0.29815858602523804,False,0.2909975051879883,False
85,p0n87,5,2.25,0.25,684.0,12.0,C4,60,2,0,0.9647612571716309,True,0.6363430619239807,True,0.6904571652412415,True
86,p0n89,5,2.5,0.5,696.0,24.0,A-5,80,1,0,0.6255883574485779,True,0.6412525177001953,True,0.5155948400497437,True
87,p0n91,5,2.5,0.25,696.0,12.0,E-4,63,2,0,0.8198398351669312,True,0.30436113476753235,False,0.26937437057495117,False
88,p0n90,5,2.5,0.25,696.0,12.0,C4,60,2,0,0.9829404950141907,True,0.6570765972137451,True,0.7219896912574768,True
89,p0n93,5,2.75,0.25,708.0,12.0,E-4,63,2,0,0.9320775270462036,True,0.4524633586406708,False,0.32197433710098267,False
90,p0n92,5,2.75,0.25,708.0,12.0,C4,60,2,0,0.9509961605072021,True,0.8326011300086975,True,0.8076024055480957,True
91,p0n94,6,0.0,1.0,720.0,48.0,A-5,80,1,0,0.39879700541496277,False,0.29544734954833984,False,0.33382582664489746,False
92,p0n95,6,0.0,0.25,720.0,12.0,B-3,58,2,0,0.9120725989341736,True,0.5078730583190918,True,0.355396032333374,False
93,p0n97,6,0.25,0.25,732.0,12.0,E-4,63,2,0,0.8959566354751587,True,0.15613508224487305,False,0.2816842496395111,False
94,p0n96,6,0.25,0.25,732.0,12.0,D-4,61,2,0,0.6848926544189453,True,0.5631998181343079,True,0.28838813304901123,False
95,p0n99,6,0.5,0.25,744.0,12.0,E-4,63,2,0,0.9578545093536377,True,0.262688547372818,False,0.27681368589401245,False
96,p0n98,6,0.5,0.25,744.0,12.0,D-4,61,2,0,0.9289528727531433,True,0.38186365365982056,False,0.2988949716091156,False
97,p0n101,6,0.75,0.25,756.0,12.0,E-4,63,2,0,0.8991572260856628,True,0.5250441431999207,True,0.4727419912815094,False
98,p0n100,6,0.75,0.25,756.0,12.0,D-4,61,2,0,0.8046955466270447,True,0.7233707904815674,True,0.42896589636802673,False
99,p0n102,6,1.0,2.0,768.0,96.0,G5,79,1,0,0.9708067178726196,True,0.9588481783866882,True,0.7855756282806396,True
100,p0n103,6,1.0,0.25,768.0,12.0,B-3,58,2,0,0.9556348919868469,True,0.5477791428565979,True,0.4905422031879425,False
101,p0n105,6,1.25,0.25,780.0,12.0,E-4,63,2,0,0.9299243688583374,True,0.1457822322845459,False,0.28476324677467346,False
102,p0n104,6,1.25,0.25,780.0,12.0,D-4,61,2,0,0.4042322635650635,False,0.29239141941070557,False,0.30329352617263794,False
103,p0n107,6,1.5,0.25,792.0,12.0,E-4,63,2,0,0.9770695567131042,True,0.18288332223892212,False,0.2735121250152588,False
104,p0n106,6,1.5,0.25,792.0,12.0,D-4,61,2,0,0.8409509062767029,True,0.24864338338375092,False,0.27317848801612854,False
105,p0n109,6,1.75,0.25,804.0,12.0,E-4,63,2,0,0.9396442174911499,True,0.6056455969810486,True,0.3870309889316559,False
106,p0n108,6,1.75,0.25,804.0,12.0,D-4,61,2,0,0.7647693157196045,True,0.6774521470069885,True,0.3135538101196289,False
107,p0n110,6,2.0,0.25,816.0,12.0,B-3,58,2,0,0.9584669470787048,True,0.1180591881275177,False,0.29374128580093384,False
108,p0n112,6,2.25,0.25,828.0,12.0,E-4,63,2,0,0.9658461809158325,True,0.42624419927597046,False,0.33235153555870056,False
109,p0n111,6,2.25,0.25,828.0,12.0,D-4,61,2,0,0.16009624302387238,False,0.14942941069602966,False,0.2747720181941986,False
110,p0n114,6,2.5,0.25,840.0,12.0,E-4,63,2,0,0.987628698348999,True,0.3823375403881073,False,0.305269718170166,False
111,p0n113,6,2.5,0.25,840.0,12.0,D-4,61,2,0,0.41141191124916077,False,0.22257719933986664,False,0.29991984367370605,False
112,p0n116,6,2.75,0.25,852.0,12.0,E-4,63,2,0,0.9840611815452576,True,0.7649819850921631,True,0.5811532139778137,True
113,p0n115,6,2.75,0.25,852.0,12.0,D-4,61,2,0,0.3192405700683594,False,0.2378007471561432,False,0.2908698320388794,False
114,p0n117,7,0.0,1.5,864.0,72.0,B-5,82,1,0,0.8979607820510864,True,0.8545529842376709,True,0.6377499103546143,True
115,p0n118,7,0.0,0.25,864.0,12.0,D-4,61,2,0,0.3190723657608032,False,0.40417876839637756,False,0.35364559292793274,False
116,p0n121,7,0.25,0.25,876.0,12.0,B-4,70,2,0,0.0337582528591156,False,0.1306135356426239,False,0.281325101852417,False
117,p0n120,7,0.25,0.25,876.0,12.0,G4,67,2,0,0.9565094709396362,True,0.9111136794090271,True,0.5150561928749084,True
118,p0n119,7,0.25,0.25,876.0,12.0,E-4,63,2,0,0.9739696979522705,True,0.6707763671875,True,0.5155351758003235,True
119,p0n124,7,0.5,0.25,888.0,12.0,B-4,70,2,0,0.07774166762828827,False,0.13776499032974243,False,0.2906498312950134,False
120,p0n123,7,0.5,0.25,888.0,12.0,G4,67,2,0,0.9466214179992676,True,0.7772257924079895,True,0.4021066427230835,False
121,p0n122,7,0.5,0.25,888.0,12.0,E-4,63,2,0,0.9888518452644348,True,0.42750275135040283,False,0.32926416397094727,False
122,p0n127,7,0.75,0.25,900.0,12.0,B-4,70,2,0,0.03718068078160286,False,0.1287788599729538,False,0.2810492217540741,False
123,p0n126,7,0.75,0.25,900.0,12.0,G4,67,2,0,0.9459541440010071,True,0.9188931584358215,True,0.4999840259552002,False
124,p0n125,7,0.75,0.25,900.0,12.0,E-4,63,2,0,0.9788584113121033,True,0.6390840411186218,True,0.46374765038490295,False
125,p0n128,7,1.0,0.25,912.0,12.0,D-4,61,2,0,0.42126986384391785,False,0.46606165170669556,False,0.3651117980480194,False
126,p0n131,7,1.25,0.25,924.0,12.0,B-4,70,2,0,0.021384527906775475,False,0.1275426149368286,False,0.2808283567428589,False
127,p0n130,7,1.25,0.25,924.0,12.0,G4,67,2,0,0.8854572772979736,True,0.9338885545730591,True,0.5546340346336365,True
128,p0n129,7,1.25,0.25,924.0,12.0,E-4,63,2,0,0.9653667211532593,True,0.7488627433776855,True,0.5789347887039185,True
129,p0n132,7,1.5,1.0,936.0,48.0,G5,79,1,0,0.9543274641036987,True,0.8352641463279724,True,0.5534159541130066,True
130,p0n135,7,1.5,0.25,936.0,12.0,B-4,70,2,0,0.05633814260363579,False,0.13765649497509003,False,0.2905438244342804,False
131,p0n134,7,1.5,0.25,936.0,12.0,G4,67,2,0,0.9073194861412048,True,0.8148379325866699,True,0.3886200487613678,False
132,p0n133,7,1.5,0.25,936.0,12.0,E-4,63,2,0,0.9886903166770935,True,0.45437079668045044,False,0.34417861700057983,False
133,p0n138,7,1.75,0.25,948.0,12.0,B-4,70,2,0,0.03269517421722412,False,0.12791182100772858,False,0.28089988231658936,False
134,p0n137,7,1.75,0.25,948.0,12.0,G4,67,2,0,0.8789349794387817,True,0.9172796607017517,True,0.4372321367263794,False
135,p0n136,7,1.75,0.25,948.0,12.0,E-4,63,2,0,0.9759626984596252,True,0.6117123961448669,True,0.4608091115951538,False
136,p0n139,7,2.0,0.25,960.0,12.0,D-4,61,2,0,0.4961128830909729,False,0.33833226561546326,False,0.31889674067497253,False
137,p0n142,7,2.25,0.25,972.0,12.0,B-4,70,2,0,0.01669594831764698,False,0.12639786303043365,False,0.28063178062438965,False
138,p0n141,7,2.25,0.25,972.0,12.0,G4,67,2,0,0.7639620900154114,True,0.9127942323684692,True,0.4462364614009857,False
139,p0n140,7,2.25,0.25,972.0,12.0,E-4,63,2,0,0.942931056022644,True,0.6084355711936951,True,0.49970805644989014,False
140,p0n143,7,2.5,0.5,984.0,24.0,E-5,75,1,0,0.9888111352920532,True,0.7840176820755005,True,0.5911676287651062,True
141,p0n146,7,2.5,0.25,984.0,12.0,B-4,70,2,0,0.0371718630194664,False,0.13730798661708832,False,0.2903813421726227,False
142,p0n145,7,2.5,0.25,984.0,12.0,G4,67,2,0,0.8961387872695923,True,0.8096206188201904,True,0.41793185472488403,False
143,p0n144,7,2.5,0.25,984.0,12.0,E-4,63,2,0,0.9775359034538269,True,0.44189298152923584,False,0.32249441742897034,False
144,p0n149,7,2.75,0.25,996.0,12.0,B-4,70,2,0,0.0603012777864933,False,0.1448758989572525,False,0.2833062410354614,False
145,p0n148,7,2.75,0.25,996.0,12.0,G4,67,2,0,0.8160334229469299,True,0.9185035228729248,True,0.4564235210418701,False
146,p0n147,7,2.75,0.25,996.0,12.0,E-4,63,2,0,0.9252302050590515,True,0.7214576005935669,True,0.4903152883052826,False
147,p0n150,8,0.0,1.0,1008.0,48.0,E-5,75,1,0,0.9949865341186523,True,0.8823168277740479,True,0.6726504564285278,True
148,p0n151,8,0.0,0.25,1008.0,12.0,C4,60,2,0,0.8334016799926758,True,0.9872265458106995,True,0.9147305488586426,True
149,p0n153,8,0.25,0.25,1020.0,12.0,A-4,68,2,0,0.564329981803894,True,0.32970505952835083,False,0.32370442152023315,False
150,p0n152,8,0.25,0.25,1020.0,12.0,E-4,63,2,0,0.8855227828025818,True,0.498476505279541,False,0.3583236634731293,False
151,p0n155,8,0.5,0.25,1032.0,12.0,A-4,68,2,0,0.7020314931869507,True,0.0884438082575798,False,0.29221028089523315,False
152,p0n154,8,0.5,0.25,1032.0,12.0,E-4,63,2,0,0.9614960551261902,True,0.5139952301979065,True,0.4486106336116791,False
153,p0n157,8,0.75,0.25,1044.0,12.0,A-4,68,2,0,0.5818026661872864,True,0.3040301501750946,False,0.31417542695999146,False
154,p0n156,8,0.75,0.25,1044.0,12.0,E-4,63,2,0,0.9489952325820923,True,0.7667100429534912,True,0.5194298624992371,True
155,p0n158,8,1.0,2.0,1056.0,96.0,A-5,80,1,0,0.4618285298347473,False,0.3959069550037384,False,0.3545511066913605,False
156,p0n159,8,1.0,0.25,1056.0,12.0,C4,60,2,0,0.9597966074943542,True,0.9355053305625916,True,0.8089216947555542,True
157,p0n161,8,1.25,0.25,1068.0,12.0,A-4,68,2,0,0.3411954343318939,False,0.13384081423282623,False,0.2853410243988037,False
158,p0n160,8,1.25,0.25,1068.0,12.0,E-4,63,2,0,0.8319407105445862,True,0.4175325334072113,False,0.32965150475502014,False
159,p0n163,8,1.5,0.25,1080.0,12.0,A-4,68,2,0,0.6312201023101807,True,0.08863584697246552,False,0.29314738512039185,False
160,p0n162,8,1.5,0.25,1080.0,12.0,E-4,63,2,0,0.9378244280815125,True,0.4176665246486664,False,0.3026634156703949,False
161,p0n165,8,1.75,0.25,1092.0,12.0,A-4,68,2,0,0.47420206665992737,False,0.16805128753185272,False,0.2913517653942108,False
162,p0n164,8,1.75,0.25,1092.0,12.0,E-4,63,2,0,0.8915890455245972,True,0.6577532887458801,True,0.46421611309051514,False
163,p0n166,8,2.0,0.25,1104.0,12.0,C4,60,2,0,0.9517396688461304,True,0.7605262398719788,True,0.6642550826072693,True
164,p0n168,8,2.25,0.25,1116.0,12.0,A-4,68,2,0,0.33833596110343933,False,0.12951858341693878,False,0.2847155034542084,False
165,p0n167,8,2.25,0.25,1116.0,12.0,E-4,63,2,0,0.763766884803772,True,0.37569549679756165,False,0.3121914863586426,False
166,p0n170,8,2.5,0.25,1128.0,12.0,A-4,68,2,0,0.658355176448822,True,0.1174301952123642,False,0.2983876168727875,False
167,p0n169,8,2.5,0.25,1128.0,12.0,E-4,63,2,0,0.8818063735961914,True,0.4178526997566223,False,0.31336164474487305,False
168,p0n172,8,2.75,0.25,1140.0,12.0,A-4,68,2,0,0.43819668889045715,False,0.16189482808113098,False,0.29032135009765625,False
169,p0n171,8,2.75,0.25,1140.0,12.0,E-4,63,2,0,0.7974432706832886,True,0.5277998447418213,True,0.6184777617454529,True
170,p0n173,9,0.0,1.5,1152.0,72.0,A-5,80,1,0,0.17513568699359894,False,0.19015558063983917,False,0.30572742223739624,False
171,p0n174,9,0.0,0.25,1152.0,12.0,G-4,66,2,0,0.9692228436470032,True,0.9336879253387451,True,0.6146742105484009,True
172,p0n177,9,0.25,0.25,1164.0,12.0,E-5,75,2,0,0.9928021430969238,True,0.4872221052646637,False,0.3508317470550537,False
173,p0n176,9,0.25,0.25,1164.0,12.0,C5,72,2,0,0.3001672625541687,False,0.15766701102256775,False,0.28215694427490234,False
174,p0n175,9,0.25,0.25,1164.0,12.0,A-4,68,2,0,0.8673056364059448,True,0.7865817546844482,True,0.42544910311698914,False
175,p0n180,9,0.5,0.25,1176.0,12.0,E-5,75,2,0,0.995840847492218,True,0.4179702699184418,False,0.3119600713253021,False
176,p0n179,9,0.5,0.25,1176.0,12.0,C5,72,2,0,0.3964962959289551,False,0.14502371847629547,False,0.2892797589302063,False
177,p0n178,9,0.5,0.25,1176.0,12.0,A-4,68,2,0,0.9241883158683777,True,0.3881610035896301,False,0.31673747301101685,False
178,p0n183,9,0.75,0.25,1188.0,12.0,E-5,75,2,0,0.9939613342285156,True,0.6412240862846375,True,0.5357677340507507,True
179,p0n182,9,0.75,0.25,1188.0,12.0,C5,72,2,0,0.40183761715888977,False,0.1730656623840332,False,0.2855026423931122,False
180,p0n181,9,0.75,0.25,1188.0,12.0,A-4,68,2,0,0.9000146389007568,True,0.5684272050857544,True,0.36358729004859924,False
181,p0n184,9,1.0,0.25,1200.0,12.0,G-4,66,2,0,0.9658317565917969,True,0.9447153806686401,True,0.5935712456703186,True
182,p0n187,9,1.25,0.25,1212.0,12.0,E-5,75,2,0,0.9926800727844238,True,0.6443914771080017,True,0.5285431742668152,True
183,p0n186,9,1.25,0.25,1212.0,12.0,C5,72,2,0,0.25351980328559875,False,0.1520295888185501,False,0.2808704674243927,False
184,p0n185,9,1.25,0.25,1212.0,12.0,A-4,68,2,0,0.837450385093689,True,0.759630560874939,True,0.42739084362983704,False
185,p0n188,9,1.5,1.0,1224.0,48.0,C6,84,1,0,0.9317121505737305,True,0.5192319750785828,True,0.4566029906272888,False
186,p0n191,9,1.5,0.25,1224.0,12.0,E-5,75,2,0,0.9970806241035461,True,0.49425259232521057,False,0.33655717968940735,False
187,p0n190,9,1.5,0.25,1224.0,12.0,C5,72,2,0,0.3878902196884155,False,0.13675044476985931,False,0.2874738276004791,False
188,p0n189,9,1.5,0.25,1224.0,12.0,A-4,68,2,0,0.9240974187850952,True,0.33400672674179077,False,0.31631171703338623,False
189,p0n194,9,1.75,0.25,1236.0,12.0,E-5,75,2,0,0.9950762391090393,True,0.6913906931877136,True,0.535352349281311,True
190,p0n193,9,1.75,0.25,1236.0,12.0,C5,72,2,0,0.31839892268180847,False,0.14855636656284332,False,0.28049105405807495,False
191,p0n192,9,1.75,0.25,1236.0,12.0,A-4,68,2,0,0.7966510653495789,True,0.6412516832351685,True,0.4508875012397766,False
192,p0n195,9,2.0,0.25,1248.0,12.0,G-4,66,2,0,0.9458786249160767,True,0.8124099373817444,True,0.44451481103897095,False
193,p0n198,9,2.25,0.25,1260.0,12.0,E-5,75,2,0,0.9949026107788086,True,0.7128125429153442,True,0.6215604543685913,True
194,p0n197,9,2.25,0.25,1260.0,12.0,C5,72,2,0,0.24880503118038177,False,0.14531882107257843,False,0.27951914072036743,False
195,p0n196,9,2.25,0.25,1260.0,12.0,A-4,68,2,0,0.9285783767700195,True,0.9027506113052368,True,0.6144316792488098,True
196,p0n199,9,2.5,0.5,1272.0,24.0,E-6,87,1,0,0.7420492768287659,True,0.6860302686691284,True,0.6108397841453552,True
197,p0n202,9,2.5,0.25,1272.0,12.0,E-5,75,2,0,0.9963032007217407,True,0.5962755680084229,True,0.5764889717102051,True
198,p0n201,9,2.5,0.25,1272.0,12.0,C5,72,2,0,0.5115953683853149,True,0.31320151686668396,False,0.3512113094329834,False
199,p0n200,9,2.5,0.25,1272.0,12.0,A-4,68,2,0,0.9192596077919006,True,0.7151131629943848,True,0.5750879049301147,True
200,p0n205,9,2.75,0.25,1284.0,12.0,E-5,75,2,0,0.9951555728912354,True,0.6154001355171204,True,0.6274838447570801,True
201,p0n204,9,2.75,0.25,1284.0,12.0,C5,72,2,0,0.34844186902046204,False,0.17397886514663696,False,0.28412890434265137,False
202,p0n203,9,2.75,0.25,1284.0,12.0,A-4,68,2,0,0.9221123456954956,True,0.9266804456710815,True,0.7280846834182739,True
203,p0n206,10,0.0,1.5,1296.0,72.0,E-6,87,1,0,0.6307597756385803,True,0.46153414249420166,False,0.410614013671875,False
204,p0n207,10,0.0,0.25,1296.0,12.0,F4,65,2,0,0.5969515442848206,True,0.9700849652290344,True,0.7346624135971069,True
205,p0n209,10,0.25,0.25,1308.0,12.0,D-5,73,2,0,0.49944737553596497,False,0.2738274931907654,False,0.3007315397262573,False
206,p0n208,10,0.25,0.25,1308.0,12.0,A-4,68,2,0,0.8618862628936768,True,0.9000903367996216,True,0.7262856364250183,True
207,p0n211,10,0.5,0.25,1320.0,12.0,D-5,73,2,0,0.5404359698295593,True,0.11547674983739853,False,0.27328377962112427,False
208,p0n210,10,0.5,0.25,1320.0,12.0,A-4,68,2,0,0.8877083659172058,True,0.8437997102737427,True,0.6401654481887817,True
209,p0n213,10,0.75,0.25,1332.0,12.0,D-5,73,2,0,0.48185402154922485,False,0.2245684266090393,False,0.29033929109573364,False
210,p0n212,10,0.75,0.25,1332.0,12.0,A-4,68,2,0,0.8682006597518921,True,0.8597623705863953,True,0.6123949289321899,True
211,p0n214,10,1.0,0.25,1344.0,12.0,F4,65,2,0,0.6861973404884338,True,0.9041534066200256,True,0.5480101108551025,True
212,p0n216,10,1.25,0.25,1356.0,12.0,D-5,73,2,0,0.40188905596733093,False,0.1999821811914444,False,0.28376859426498413,False
213,p0n215,10,1.25,0.25,1356.0,12.0,A-4,68,2,0,0.6714154481887817,True,0.8667016625404358,True,0.5868592858314514,True
214,p0n217,10,1.5,0.5,1368.0,24.0,D-6,85,1,0,0.646676778793335,True,0.5862147808074951,True,0.43769681453704834,False
215,p0n219,10,1.5,0.25,1368.0,12.0,D-5,73,2,0,0.6386246085166931,True,0.15220977365970612,False,0.28045278787612915,False
216,p0n218,10,1.5,0.25,1368.0,12.0,A-4,68,2,0,0.8359481692314148,True,0.7882171869277954,True,0.6119488477706909,True
217,p0n221,10,1.75,0.25,1380.0,12.0,D-5,73,2,0,0.43452683091163635,False,0.22022457420825958,False,0.28781938552856445,False
218,p0n220,10,1.75,0.25,1380.0,12.0,A-4,68,2,0,0.6627508401870728,True,0.8772948384284973,True,0.6324809193611145,True
219,p0n222,10,2.0,0.5,1392.0,24.0,E-6,87,1,0,0.754344642162323,True,0.3694630265235901,False,0.33105820417404175,False
220,p0n223,10,2.0,0.25,1392.0,12.0,E-4,63,2,0,0.9458025097846985,True,0.763796329498291,True,0.6276180744171143,True
221,p0n225,10,2.25,0.25,1404.0,12.0,C5,72,2,0,0.6346089839935303,True,0.30430546402931213,False,0.34820470213890076,False
222,p0n224,10,2.25,0.25,1404.0,12.0,A-4,68,2,0,0.6161723732948303,True,0.868996798992157,True,0.5505051016807556,True
223,p0n226,10,2.5,0.5,1416.0,24.0,F6,89,1,0,0.24994827806949615,False,0.1342511624097824,False,0.28588005900382996,False
224,p0n227,10,2.5,0.25,1416.0,12.0,D-4,61,2,0,0.031435348093509674,False,0.10958933085203171,False,0.2773282527923584,False
225,p0n229,10,2.75,0.25,1428.0,12.0,B-4,70,2,0,0.284309446811676,False,0.222323477268219,False,0.2990994453430176,False
226,p0n228,10,2.75,0.25,1428.0,12.0,A-4,68,2,0,0.815761387348175,True,0.8739607930183411,True,0.6687700152397156,True
227,p0n230,11,0.0,0.5,1440.0,24.0,F6,89,1,0,0.514360249042511,True,0.4382903277873993,False,0.31018468737602234,False
228,p0n231,11,0.0,0.25,1440.0,12.0,E-4,63,2,0,0.9619947671890259,True,0.7709447145462036,True,0.6628631949424744,True
229,p0n233,11,0.25,0.25,1452.0,12.0,C5,72,2,0,0.4487251937389374,False,0.27749377489089966,False,0.3073177635669708,False
230,p0n232,11,0.25,0.25,1452.0,12.0,A-4,68,2,0,0.5037247538566589,True,0.8918190002441406,True,0.6657723784446716,True
231,p0n234,11,0.5,1.0,1464.0,48.0,E-6,87,1,0,0.9417333006858826,True,0.2721969783306122,False,0.32782694697380066,False
232,p0n236,11,0.5,0.25,1464.0,12.0,C5,72,2,0,0.559573233127594,True,0.2611068785190582,False,0.33246049284935,False
233,p0n235,11,0.5,0.25,1464.0,12.0,A-4,68,2,0,0.8470421433448792,True,0.8615850806236267,True,0.6596798896789551,True
234,p0n238,11,0.75,0.25,1476.0,12.0,C5,72,2,0,0.4524441659450531,False,0.24944165349006653,False,0.3000310957431793,False
235,p0n237,11,0.75,0.25,1476.0,12.0,A-4,68,2,0,0.6711300015449524,True,0.8292449712753296,True,0.5876944065093994,True
236,p0n239,11,1.0,0.25,1488.0,12.0,E-4,63,2,0,0.970216691493988,True,0.6954076290130615,True,0.5699458122253418,True
237,p0n241,11,1.25,0.25,1500.0,12.0,C5,72,2,0,0.4629599153995514,False,0.2657807469367981,False,0.3051915168762207,False
238,p0n240,11,1.25,0.25,1500.0,12.0,A-4,68,2,0,0.6125473976135254,True,0.8694018721580505,True,0.6168602705001831,True
239,p0n242,11,1.5,0.25,1512.0,12.0,D-6,85,1,0,0.8631459474563599,True,0.5006912350654602,True,0.33277592062950134,False
240,p0n244,11,1.5,0.25,1512.0,12.0,C5,72,2,0,0.5541127920150757,True,0.21177810430526733,False,0.31801655888557434,False
241,p0n243,11,1.5,0.25,1512.0,12.0,A-4,68,2,0,0.8562511801719666,True,0.8504443764686584,True,0.5619047284126282,True
242,p0n245,11,1.75,0.25,1524.0,12.0,C6,84,1,0,0.9463834166526794,True,0.4849589169025421,False,0.34216755628585815,False
243,p0n247,11,1.75,0.25,1524.0,12.0,C5,72,2,0,0.429448664188385,False,0.32067248225212097,False,0.3141261637210846,False
244,p0n246,11,1.75,0.25,1524.0,12.0,A-4,68,2,0,0.7210464477539062,True,0.9112232327461243,True,0.4429839551448822,False
245,p0n248,11,2.0,0.25,1536.0,12.0,E-6,87,1,0,0.7866296768188477,True,0.3374185264110565,False,0.336100310087204,False
246,p0n249,11,2.0,0.25,1536.0,12.0,E-4,63,2,0,0.9578200578689575,True,0.3957911729812622,False,0.3559541404247284,False
247,p0n250,11,2.25,0.25,1548.0,12.0,D-6,85,1,0,0.7808287739753723,True,0.658466100692749,True,0.48057296872138977,False
248,p0n252,11,2.25,0.25,1548.0,12.0,D-5,73,2,0,0.1851693093776703,False,0.16491290926933289,False,0.27674242854118347,False
249,p0n251,11,2.25,0.25,1548.0,12.0,B-4,70,2,0,0.10905489325523376,False,0.1561073362827301,False,0.2851278483867645,False
250,p0n253,11,2.5,0.5,1560.0,24.0,G5,79,1,0,0.8899033665657043,True,0.8420082330703735,True,0.7568303942680359,True
251,p0n255,11,2.5,0.25,1560.0,12.0,D-5,73,2,0,0.4468453526496887,False,0.2526666820049286,False,0.3056930899620056,False
252,p0n254,11,2.5,0.25,1560.0,12.0,B-4,70,2,0,0.3690527081489563,False,0.25490325689315796,False,0.3195169270038605,False
253,p0n257,11,2.75,0.25,1572.0,12.0,D-5,73,2,0,0.24223209917545319,False,0.23194994032382965,False,0.2885826528072357,False
254,p0n256,11,2.75,0.25,1572.0,12.0,B-4,70,2,0,0.29318904876708984,False,0.2785198390483856,False,0.31188663840293884,False
255,p0n258,12,0.0,0.125,1584.0,6.0,A-5,80,1,0,0.6502415537834167,True,0.8695420026779175,True,0.661636233329773,True
256,p0n260,12,0.0,0.5,1584.0,24.0,C5,72,2,0,0.6432323455810547,True,0.6803069710731506,True,0.5236778259277344,True
257,p0n259,12,0.0,0.5,1584.0,24.0,A-4,68,2,0,0.8287834525108337,True,0.8945941925048828,True,0.7329843640327454,True
258,p0n261,12,0.125,0.125,1590.0,6.0,E-6,87,1,0,0.9045921564102173,True,0.18639686703681946,False,0.3014739155769348,False
259,p0n262,12,0.25,0.125,1596.0,6.0,C6,84,1,0,0.3281424939632416,False,0.19426555931568146,False,0.28676092624664307,False
260,p0n263,12,0.375,0.125,1602.0,6.0,E-6,87,1,0,0.9368144869804382,True,0.18149225413799286,False,0.3050874173641205,False
261,p0n264,12,0.5,0.125,1608.0,6.0,A-6,92,1,0,0.7746641039848328,True,0.6175858378410339,True,0.3640155494213104,False
262,p0n266,12,0.625,0.125,1614.0,6.0,E-6,87,1,0,0.8791379928588867,True,0.08591610938310623,False,0.28311029076576233,False
263,p0n267,12,0.75,0.125,1620.0,6.0,C6,84,1,0,0.3332880139350891,False,0.17967446148395538,False,0.2845558226108551,False
264,p0n268,12,0.875,0.125,1626.0,6.0,E-6,87,1,0,0.9546965956687927,True,0.14768867194652557,False,0.30011168122291565,False
265,p0n269,12,1.0,0.125,1632.0,6.0,A-5,80,1,0,0.27003976702690125,False,0.24076876044273376,False,0.3064343333244324,False
266,p0n271,12,1.125,0.125,1638.0,6.0,E-5,75,1,0,0.9895095825195312,True,0.37017133831977844,False,0.37747079133987427,False
267,p0n272,12,1.25,0.125,1644.0,6.0,C5,72,1,0,0.36609458923339844,False,0.2202218472957611,False,0.2918650507926941,False
268,p0n273,12,1.375,0.125,1650.0,6.0,E-5,75,1,0,0.9730666279792786,True,0.3547779321670532,False,0.36021170020103455,False
269,p0n274,12,1.5,0.125,1656.0,6.0,A-4,68,1,0,0.8673791885375977,True,0.43515992164611816,False,0.38187482953071594,False
270,p0n275,12,1.625,0.125,1662.0,6.0,E-4,63,1,0,0.9815360903739929,True,0.37405624985694885,False,0.331877738237381,False
271,p0n276,12,1.75,0.125,1668.0,6.0,C4,60,1,0,0.2860787510871887,False,0.15838755667209625,False,0.28115421533584595,False
272,p0n277,12,1.875,0.125,1674.0,6.0,E-4,63,1,0,0.9950551986694336,True,0.3661344051361084,False,0.34844306111335754,False
273,p0n278,12,2.0,0.125,1680.0,6.0,A-3,56,2,0,0.8663305044174194,True,0.45210930705070496,False,0.37942561507225037,False
274,p0n280,12,2.125,0.125,1686.0,6.0,E-3,51,2,0,0.7423322200775146,True,0.3272024095058441,False,0.3313998579978943,False
275,p0n281,12,2.25,0.125,1692.0,6.0,C3,48,2,0,0.3208182454109192,False,0.24468845129013062,False,0.2972695827484131,False
276,p0n282,12,2.375,0.125,1698.0,6.0,E-3,51,2,0,0.9201778173446655,True,0.35060828924179077,False,0.3496025502681732,False
277,p0n283,12,2.5,0.125,1704.0,6.0,A-2,44,2,0,0.4150119721889496,False,0.16375692188739777,False,0.2971133291721344,False
278,p0n284,12,2.625,0.125,1710.0,6.0,E-3,51,2,0,0.8532723188400269,True,0.34678924083709717,False,0.3197134733200073,False
279,p0n285,12,2.75,0.125,1716.0,6.0,C3,48,2,0,0.1285630762577057,False,0.1514653116464615,False,0.2787829637527466,False
280,p0n286,12,2.875,0.125,1722.0,6.0,E-3,51,2,0,0.9613000750541687,True,0.6812308430671692,True,0.7135086059570312,True
281,p0n290,13,0.0,0.5,1728.0,24.0,B-2,46,2,0,0.23753070831298828,False,0.3457376956939697,False,0.3461640477180481,False
282,p0n287,13,0.0,0.125,1728.0,6.0,G2,43,2,0,0.915412962436676,True,0.8941227793693542,True,0.5204151272773743,True
283,p0n289,13,0.0,0.5,1728.0,24.0,E-2,39,2,0,0.8738030195236206,True,0.9762671589851379,True,0.8575350046157837,True
284,p0n288,13,0.0,0.5,1728.0,24.0,B-1,34,2,0,0.34342384338378906,False,0.49666911363601685,False,0.4007892608642578,False
285,p0n291,13,0.125,0.125,1734.0,6.0,E-3,51,2,0,0.9119394421577454,True,0.34432485699653625,False,0.3336052894592285,False
286,p0n292,13,0.25,0.125,1740.0,6.0,D-3,49,2,0,0.03592333570122719,False,0.10959470272064209,False,0.26911282539367676,False
287,p0n293,13,0.375,0.125,1746.0,6.0,E-3,51,2,0,0.908379077911377,True,0.48508286476135254,False,0.3632850646972656,False
288,p0n294,13,0.5,0.125,1752.0,6.0,G3,55,2,0,0.9195935726165771,True,0.9566274881362915,True,0.7870063185691833,True
289,p0n296,13,0.625,0.125,1758.0,6.0,E-3,51,2,0,0.8983498811721802,True,0.45907294750213623,False,0.3595688045024872,False
290,p0n297,13,0.75,0.125,1764.0,6.0,D-3,49,2,0,0.008993576280772686,False,0.09963599592447281,False,0.26821574568748474,False
291,p0n298,13,0.875,0.125,1770.0,6.0,E-3,51,2,0,0.9573598504066467,True,0.49144405126571655,False,0.37244337797164917,False
292,p0n299,13,1.0,0.125,1776.0,6.0,G3,55,2,0,0.9375015497207642,True,0.9665272831916809,True,0.7998150587081909,True
293,p0n302,13,1.0,0.5,1776.0,24.0,B-2,46,2,0,0.3422014117240906,False,0.3849068284034729,False,0.348206490278244,False
294,p0n301,13,1.0,0.5,1776.0,24.0,E-2,39,2,0,0.9839956164360046,True,0.9828413724899292,True,0.9135286808013916,True
295,p0n300,13,1.0,0.5,1776.0,24.0,B-1,34,2,0,0.1608806997537613,False,0.34000301361083984,False,0.33021998405456543,False
296,p0n303,13,1.125,0.125,1782.0,6.0,E-4,63,1,0,0.9936229586601257,True,0.15326805412769318,False,0.29133811593055725,False
297,p0n304,13,1.25,0.125,1788.0,6.0,D-4,61,1,0,0.015958545729517937,False,0.10116547346115112,False,0.26858797669410706,False
298,p0n305,13,1.375,0.125,1794.0,6.0,E-4,63,1,0,0.9938911199569702,True,0.31648021936416626,False,0.32323041558265686,False
299,p0n306,13,1.5,0.125,1800.0,6.0,G4,67,1,0,0.9100667834281921,True,0.9009009599685669,True,0.5103159546852112,True
300,p0n308,13,1.625,0.125,1806.0,6.0,E-4,63,1,0,0.9920486807823181,True,0.2838025987148285,False,0.31651461124420166,False
301,p0n309,13,1.75,0.125,1812.0,6.0,D-4,61,1,0,0.009685718454420567,False,0.09882088005542755,False,0.2683858275413513,False
302,p0n310,13,1.875,0.125,1818.0,6.0,E-4,63,1,0,0.995963454246521,True,0.36472567915916443,False,0.3231867253780365,False
303,p0n311,13,2.0,0.125,1824.0,6.0,G4,67,1,0,0.9257161021232605,True,0.9712245464324951,True,0.5359299182891846,True
304,p0n314,13,2.0,0.5,1824.0,24.0,B-2,46,2,0,0.046916600316762924,False,0.15004540979862213,False,0.28237074613571167,False
305,p0n313,13,2.0,0.5,1824.0,24.0,E-2,39,2,0,0.9390483498573303,True,0.8843724727630615,True,0.7922802567481995,True
306,p0n312,13,2.0,0.5,1824.0,24.0,B-1,34,2,0,0.06859511137008667,False,0.1687539517879486,False,0.2851196229457855,False
307,p0n315,13,2.125,0.125,1830.0,6.0,E-5,75,1,0,0.9544985890388489,True,0.1135864108800888,False,0.28744015097618103,False
308,p0n316,13,2.25,0.125,1836.0,6.0,D-5,73,1,0,0.016815776005387306,False,0.09938245266675949,False,0.26866602897644043,False
309,p0n317,13,2.375,0.125,1842.0,6.0,E-5,75,1,0,0.9317172169685364,True,0.21564248204231262,False,0.30877968668937683,False
310,p0n318,13,2.5,0.125,1848.0,6.0,G5,79,1,0,0.7326200008392334,True,0.800757884979248,True,0.509958028793335,True
311,p0n320,13,2.625,0.125,1854.0,6.0,E-5,75,1,0,0.9638320207595825,True,0.42104560136795044,False,0.3328801989555359,False
312,p0n321,13,2.75,0.125,1860.0,6.0,D-5,73,1,0,0.005695371888577938,False,0.09683660417795181,False,0.2684381306171417,False
313,p0n322,13,2.875,0.125,1866.0,6.0,E-5,75,1,0,0.9540831446647644,True,0.6132975816726685,True,0.743649423122406,True
314,p0n323,14,0.0,0.125,1872.0,6.0,A-5,80,1,0,0.38937950134277344,False,0.26700088381767273,False,0.32309481501579285,False
315,p0n326,14,0.0,0.5,1872.0,24.0,C3,48,2,0,0.17262135446071625,False,0.2546321153640747,False,0.31211715936660767,False
316,p0n325,14,0.0,0.5,1872.0,24.0,E-2,39,2,0,0.9617182016372681,True,0.9660332798957825,True,0.9196301698684692,True
317,p0n324,14,0.0,0.5,1872.0,24.0,C2,36,2,0,0.9327003359794617,True,0.9928147792816162,True,0.9652212858200073,True
318,p0n327,14,0.125,0.125,1878.0,6.0,E-6,87,1,0,0.8723878264427185,True,0.07164794951677322,False,0.28155311942100525,False
319,p0n328,14,0.25,0.125,1884.0,6.0,C6,84,1,0,0.2921053469181061,False,0.16768959164619446,False,0.2822677791118622,False
320,p0n329,14,0.375,0.125,1890.0,6.0,E-6,87,1,0,0.9416082501411438,True,0.19849400222301483,False,0.3080176115036011,False
321,p0n330,14,0.5,0.125,1896.0,6.0,A-6,92,1,0,0.8405539989471436,True,0.7291086316108704,True,0.4511181116104126,False
322,p0n332,14,0.625,0.125,1902.0,6.0,E-6,87,1,0,0.9117041230201721,True,0.07239936292171478,False,0.2834978997707367,False
323,p0n333,14,0.75,0.125,1908.0,6.0,C6,84,1,0,0.25953832268714905,False,0.13853207230567932,False,0.2775905132293701,False
324,p0n334,14,0.875,0.125,1914.0,6.0,E-6,87,1,0,0.9674418568611145,True,0.1672273427248001,False,0.29378819465637207,False
325,p0n335,14,1.0,0.125,1920.0,6.0,A-5,80,1,0,0.23799008131027222,False,0.24186250567436218,False,0.3051895797252655,False
326,p0n337,14,1.125,0.125,1926.0,6.0,E-5,75,1,0,0.9391218423843384,True,0.339616596698761,False,0.33138832449913025,False
327,p0n338,14,1.25,0.125,1932.0,6.0,C5,72,1,0,0.3590772747993469,False,0.20872114598751068,False,0.29011011123657227,False
328,p0n339,14,1.375,0.125,1938.0,6.0,E-5,75,1,0,0.9903665781021118,True,0.7497594356536865,True,0.5573312044143677,True
329,p0n340,14,1.5,0.125,1944.0,6.0,A-4,68,1,0,0.44277462363243103,False,0.25200286507606506,False,0.31443098187446594,False
330,p0n341,14,1.625,0.125,1950.0,6.0,E-4,63,1,0,0.9813257455825806,True,0.5394535064697266,True,0.5483865737915039,True
331,p0n342,14,1.75,0.125,1956.0,6.0,C4,60,1,0,0.658413290977478,True,0.8730872273445129,True,0.7228615880012512,True
332,p0n343,14,1.875,0.125,1962.0,6.0,E-4,63,1,0,0.9935528039932251,True,0.7425051331520081,True,0.551200270652771,True
333,p0n344,14,2.0,0.125,1968.0,6.0,A-3,56,2,0,0.828862726688385,True,0.4457353353500366,False,0.36602136492729187,False
334,p0n346,14,2.125,0.125,1974.0,6.0,E-3,51,2,0,0.7408295273780823,True,0.3156786561012268,False,0.3237927556037903,False
335,p0n347,14,2.25,0.125,1980.0,6.0,C3,48,2,0,0.08302445709705353,False,0.1160881444811821,False,0.27414852380752563,False
336,p0n348,14,2.375,0.125,1986.0,6.0,E-3,51,2,0,0.9680020213127136,True,0.5124086141586304,True,0.48569875955581665,False
337,p0n349,14,2.5,0.125,1992.0,6.0,A-2,44,2,0,0.6116756200790405,True,0.14230328798294067,False,0.2970482409000397,False
338,p0n350,14,2.625,0.125,1998.0,6.0,E-3,51,2,0,0.925257682800293,True,0.33408457040786743,False,0.32665106654167175,False
339,p0n351,14,2.75,0.125,2004.0,6.0,C3,48,2,0,0.11682313680648804,False,0.14746427536010742,False,0.27809977531433105,False
340,p0n352,14,2.875,0.125,2010.0,6.0,E-3,51,2,0,0.9591453075408936,True,0.6251087784767151,True,0.5285478830337524,True
341,p0n353,15,0.0,0.125,2016.0,6.0,B-2,46,2,0,0.049970611929893494,False,0.2312753051519394,False,0.3099425137042999,False
342,p0n356,15,0.0,0.5,2016.0,24.0,G2,43,2,0,0.8097370862960815,True,0.925661027431488,True,0.5098428130149841,True
343,p0n355,15,0.0,0.5,2016.0,24.0,E-2,39,2,0,0.8269199132919312,True,0.877680242061615,True,0.8637369275093079,True
344,p0n354,15,0.0,0.5,2016.0,24.0,G1,31,2,0,0.30599072575569153,False,0.28457263112068176,False,0.3242269456386566,False
345,p0n357,15,0.125,0.125,2022.0,6.0,E-3,51,2,0,0.8983553051948547,True,0.4751402735710144,False,0.3696881830692291,False
346,p0n358,15,0.25,0.125,2028.0,6.0,D-3,49,2,0,0.01175959687680006,False,0.10107659548521042,False,0.2682560086250305,False
347,p0n359,15,0.375,0.125,2034.0,6.0,E-3,51,2,0,0.837567925453186,True,0.5425005555152893,True,0.5337734818458557,True
348,p0n360,15,0.5,0.125,2040.0,6.0,B-3,58,2,0,0.2357262223958969,False,0.30132147669792175,False,0.32921653985977173,False
349,p0n362,15,0.625,0.125,2046.0,6.0,E-3,51,2,0,0.8908111453056335,True,0.5216518044471741,True,0.5364348292350769,True
350,p0n363,15,0.75,0.125,2052.0,6.0,D-3,49,2,0,0.02348240092396736,False,0.10591495782136917,False,0.2686925530433655,False
351,p0n364,15,0.875,0.125,2058.0,6.0,E-3,51,2,0,0.9730852842330933,True,0.7395726442337036,True,0.7481595873832703,True
352,p0n365,15,1.0,0.125,2064.0,6.0,G3,55,2,0,0.6969015598297119,True,0.9749014973640442,True,0.6246766448020935,True
353,p0n368,15,1.0,0.5,2064.0,24.0,G2,43,2,0,0.8589507937431335,True,0.9665766954421997,True,0.7809573411941528,True
354,p0n367,15,1.0,0.5,2064.0,24.0,E-2,39,2,0,0.803838312625885,True,0.776478111743927,True,0.6127882599830627,True
355,p0n366,15,1.0,0.5,2064.0,24.0,G1,31,2,0,0.34920480847358704,False,0.3938981890678406,False,0.34312140941619873,False
356,p0n369,15,1.125,0.125,2070.0,6.0,E-4,63,1,0,0.915310263633728,True,0.5290480852127075,True,0.4488378167152405,False
357,p0n370,15,1.25,0.125,2076.0,6.0,D-4,61,1,0,0.050053175538778305,False,0.10974213480949402,False,0.26953190565109253,False
358,p0n371,15,1.375,0.125,2082.0,6.0,E-4,63,1,0,0.9696623086929321,True,0.7351692914962769,True,0.5552204251289368,True
359,p0n372,15,1.5,0.125,2088.0,6.0,B-4,70,1,0,0.47346529364585876,False,0.3263932764530182,False,0.3454763889312744,False
360,p0n374,15,1.625,0.125,2094.0,6.0,E-4,63,1,0,0.9758054614067078,True,0.7559710144996643,True,0.5239728689193726,True
361,p0n375,15,1.75,0.125,2100.0,6.0,D-4,61,1,0,0.0975460633635521,False,0.13000181317329407,False,0.27210718393325806,False
362,p0n376,15,1.875,0.125,2106.0,6.0,E-4,63,1,0,0.9938918352127075,True,0.8367166519165039,True,0.6559270620346069,True
363,p0n377,15,2.0,0.125,2112.0,6.0,B-4,70,1,0,0.3793465793132782,False,0.3409970998764038,False,0.3344796895980835,False
364,p0n380,15,2.0,0.5,2112.0,24.0,G2,43,2,0,0.9076635837554932,True,0.9457854628562927,True,0.5708497762680054,True
365,p0n379,15,2.0,0.5,2112.0,24.0,E-2,39,2,0,0.8329374194145203,True,0.5949968695640564,True,0.5658733248710632,True
366,p0n378,15,2.0,0.5,2112.0,24.0,G1,31,2,0,0.21454986929893494,False,0.17708651721477509,False,0.28704389929771423,False
367,p0n381,15,2.125,0.125,2118.0,6.0,E-5,75,1,0,0.9452297687530518,True,0.8021891117095947,True,0.47658684849739075,False
368,p0n382,15,2.25,0.125,2124.0,6.0,D-5,73,1,0,0.24703142046928406,False,0.17997223138809204,False,0.2810247838497162,False
369,p0n383,15,2.375,0.125,2130.0,6.0,E-5,75,1,0,0.9145386815071106,True,0.9113351106643677,True,0.6059338450431824,True
370,p0n384,15,2.5,0.125,2136.0,6.0,B-5,82,1,0,0.5701898336410522,True,0.6962698101997375,True,0.43537473678588867,False
371,p0n386,15,2.625,0.125,2142.0,6.0,E-5,75,1,0,0.9109089374542236,True,0.8515088558197021,True,0.5101706981658936,True
372,p0n387,15,2.75,0.125,2148.0,6.0,D-5,73,1,0,0.22191517055034637,False,0.19581303000450134,False,0.2829447388648987,False
373,p0n388,15,2.875,0.125,2154.0,6.0,E-5,75,1,0,0.9882434606552124,True,0.8735055327415466,True,0.5329521894454956,True
374,p0n389,16,0.0,0.125,2160.0,6.0,C5,72,1,0,0.7908693552017212,True,0.8310995101928711,True,0.7211704254150391,True
375,p0n392,16,0.0,0.5,2160.0,24.0,A-2,44,2,0,0.18077094852924347,False,0.19009894132614136,False,0.30371159315109253,False
376,p0n391,16,0.0,0.5,2160.0,24.0,E-2,39,2,0,0.7477508783340454,True,0.40679726004600525,False,0.3931657373905182,False
377,p0n390,16,0.0,0.5,2160.0,24.0,A-1,32,2,0,0.2162928432226181,False,0.1858903020620346,False,0.3017083406448364,False
378,p0n393,16,0.125,0.125,2166.0,6.0,A-5,80,1,0,0.19893653690814972,False,0.10037634521722794,False,0.28274574875831604,False
379,p0n394,16,0.25,0.125,2172.0,6.0,E-5,75,1,0,0.9644445776939392,True,0.94266676902771,True,0.6244508624076843,True
380,p0n395,16,0.375,0.125,2178.0,6.0,A-5,80,1,0,0.23219232261180878,False,0.11039669811725616,False,0.2838223874568939,False
381,p0n396,16,0.5,0.125,2184.0,6.0,C6,84,1,0,0.8909674286842346,True,0.4434828758239746,False,0.31445300579071045,False
382,p0n398,16,0.625,0.125,2190.0,6.0,A-5,80,1,0,0.33757108449935913,False,0.11694955080747604,False,0.2847107946872711,False
383,p0n399,16,0.75,0.125,2196.0,6.0,E-5,75,1,0,0.8326071500778198,True,0.9081627130508423,True,0.5527383685112,True
384,p0n400,16,0.875,0.125,2202.0,6.0,A-5,80,1,0,0.3831841051578522,False,0.1280553936958313,False,0.2868770658969879,False
385,p0n401,16,1.0,0.125,2208.0,6.0,C5,72,1,0,0.8739128112792969,True,0.8150296807289124,True,0.7098197937011719,True
386,p0n403,16,1.125,0.125,2214.0,6.0,A-4,68,1,0,0.21622009575366974,False,0.12446863949298859,False,0.28519320487976074,False
387,p0n404,16,1.25,0.125,2220.0,6.0,E-4,63,1,0,0.9715672731399536,True,0.9430444836616516,True,0.7647356390953064,True
388,p0n405,16,1.375,0.125,2226.0,6.0,A-4,68,1,0,0.35500091314315796,False,0.16090670228004456,False,0.2910672128200531,False
389,p0n406,16,1.5,0.125,2232.0,6.0,C4,60,2,0,0.9320436120033264,True,0.7832532525062561,True,0.7475042939186096,True
390,p0n407,16,1.625,0.125,2238.0,6.0,A-3,56,2,0,0.47921139001846313,False,0.11374729126691818,False,0.2827626168727875,False
391,p0n408,16,1.75,0.125,2244.0,6.0,E-3,51,2,0,0.8805695176124573,True,0.8703738451004028,True,0.7705150246620178,True
392,p0n409,16,1.875,0.125,2250.0,6.0,A-3,56,2,0,0.711502194404602,True,0.12026850879192352,False,0.3001401722431183,False
393,p0n410,16,2.0,0.125,2256.0,6.0,C3,48,2,0,0.1845577359199524,False,0.1624821275472641,False,0.279416024684906,False
394,p0n412,16,2.125,0.125,2262.0,6.0,A-3,56,2,0,0.6259146928787231,True,0.09436976164579391,False,0.2887633144855499,False
395,p0n413,16,2.25,0.125,2268.0,6.0,E-3,51,2,0,0.8874905109405518,True,0.9107582569122314,True,0.8269822001457214,True
396,p0n414,16,2.375,0.125,2274.0,6.0,A-3,56,2,0,0.6419467329978943,True,0.10118808597326279,False,0.29383474588394165,False
397,p0n415,16,2.5,0.125,2280.0,6.0,C4,60,2,0,0.945844829082489,True,0.7447793483734131,True,0.8082529902458191,True
398,p0n416,16,2.625,0.125,2286.0,6.0,A-3,56,2,0,0.5920027494430542,True,0.033206839114427567,False,0.2814174294471741,False
399,p0n417,16,2.75,0.125,2292.0,6.0,E-3,51,2,0,0.8966057896614075,True,0.9104188084602356,True,0.8409684300422668,True
400,p0n418,16,2.875,0.125,2298.0,6.0,A-3,56,2,0,0.7913036346435547,True,0.06797578930854797,False,0.2826690077781677,False
401,p0n419,17,0.0,0.125,2304.0,6.0,D3,50,2,0,0.73365318775177,True,0.9866127967834473,True,0.747949481010437,True
402,p0n421,17,0.0,0.5,2304.0,24.0,F2,41,2,0,0.8391871452331543,True,0.9923582673072815,True,0.8436925411224365,True
403,p0n420,17,0.0,0.5,2304.0,24.0,F1,29,2,0,0.8184071779251099,True,0.9254300594329834,True,0.7521119713783264,True
404,p0n422,17,0.125,0.125,2310.0,6.0,B-3,58,2,0,0.30156806111335754,False,0.21500271558761597,False,0.30403968691825867,False
405,p0n423,17,0.25,0.125,2316.0,6.0,A-3,56,2,0,0.4942600429058075,False,0.21399091184139252,False,0.29212963581085205,False
406,p0n424,17,0.375,0.125,2322.0,6.0,B-3,58,2,0,0.532783031463623,True,0.5095311403274536,True,0.35239577293395996,False
407,p0n425,17,0.5,0.125,2328.0,6.0,D4,62,2,0,0.7114059329032898,True,0.8472130298614502,True,0.5675736665725708,True
408,p0n427,17,0.625,0.125,2334.0,6.0,B-3,58,2,0,0.6780102849006653,True,0.43907350301742554,False,0.3743041753768921,False
409,p0n428,17,0.75,0.125,2340.0,6.0,A-3,56,2,0,0.4046984910964966,False,0.18992334604263306,False,0.28976017236709595,False
410,p0n429,17,0.875,0.125,2346.0,6.0,B-3,58,2,0,0.611941397190094,True,0.39689087867736816,False,0.3352838158607483,False
411,p0n430,17,1.0,0.125,2352.0,6.0,D4,62,1,0,0.5200524926185608,True,0.969135046005249,True,0.7381088137626648,True
412,p0n433,17,1.0,0.5,2352.0,24.0,F3,53,2,0,0.7140373587608337,True,0.9491644501686096,True,0.78720623254776,True
413,p0n432,17,1.0,0.5,2352.0,24.0,B-2,46,2,0,0.05793661251664162,False,0.21743717789649963,False,0.29912039637565613,False
414,p0n431,17,1.0,0.5,2352.0,24.0,F2,41,2,0,0.7602723836898804,True,0.9685600996017456,True,0.7614738941192627,True
415,p0n434,17,1.125,0.125,2358.0,6.0,B-4,70,1,0,0.20929402112960815,False,0.1647769659757614,False,0.2908940315246582,False
416,p0n435,17,1.25,0.125,2364.0,6.0,A-4,68,1,0,0.04410571604967117,False,0.10091422498226166,False,0.28018918633461,False
417,p0n436,17,1.375,0.125,2370.0,6.0,B-4,70,1,0,0.5419421792030334,True,0.5571093559265137,True,0.402149498462677,False
418,p0n437,17,1.5,0.125,2376.0,6.0,D5,74,1,0,0.9345518946647644,True,0.6132932305335999,True,0.5109804272651672,True
419,p0n439,17,1.625,0.125,2382.0,6.0,B-4,70,1,0,0.6528663635253906,True,0.4830840826034546,False,0.3840305507183075,False
420,p0n440,17,1.75,0.125,2388.0,6.0,A-4,68,1,0,0.07705600559711456,False,0.11154413223266602,False,0.28124913573265076,False
421,p0n441,17,1.875,0.125,2394.0,6.0,B-4,70,1,0,0.6293633580207825,True,0.15450529754161835,False,0.2913639545440674,False
422,p0n442,17,2.0,0.125,2400.0,6.0,E-5,75,1,0,0.9172872304916382,True,0.809220016002655,True,0.4197239875793457,False
423,p0n445,17,2.0,0.5,2400.0,24.0,E-3,51,2,0,0.8117658495903015,True,0.9229181408882141,True,0.7102691531181335,True
424,p0n444,17,2.0,0.5,2400.0,24.0,B-2,46,2,0,0.0204753577709198,False,0.14068230986595154,False,0.28058919310569763,False
425,p0n443,17,2.0,0.5,2400.0,24.0,E-2,39,2,0,0.4931811988353729,False,0.514067530632019,True,0.37842631340026855,False
426,p0n446,17,2.125,0.125,2406.0,6.0,B-5,82,1,0,0.3362652063369751,False,0.16569867730140686,False,0.29205018281936646,False
427,p0n447,17,2.25,0.125,2412.0,6.0,G5,79,1,0,0.5405332446098328,True,0.8843143582344055,True,0.5330183506011963,True
428,p0n448,17,2.375,0.125,2418.0,6.0,B-5,82,1,0,0.6509802937507629,True,0.3048204779624939,False,0.30393508076667786,False
429,p0n449,17,2.5,0.125,2424.0,6.0,E-6,87,1,0,0.9206908941268921,True,0.4116680324077606,False,0.3632160425186157,False
430,p0n451,17,2.625,0.125,2430.0,6.0,B-5,82,1,0,0.5348371863365173,True,0.27979597449302673,False,0.3020944893360138,False
431,p0n452,17,2.75,0.125,2436.0,6.0,G5,79,1,0,0.5092641115188599,True,0.6868223547935486,True,0.45241624116897583,False
432,p0n453,17,2.875,0.125,2442.0,6.0,B-5,82,1,0,0.8093308806419373,True,0.418216347694397,False,0.34761202335357666,False
433,p0n454,18,0.0,0.125,2448.0,6.0,F5,77,1,0,0.13114690780639648,False,0.2017916887998581,False,0.2972695529460907,False
434,p0n457,18,0.0,0.5,2448.0,24.0,D3,50,2,0,0.7976465821266174,True,0.8433352112770081,True,0.5085524916648865,True
435,p0n456,18,0.0,0.5,2448.0,24.0,B-2,46,2,0,0.023753492161631584,False,0.21153686940670013,False,0.3050753176212311,False
436,p0n455,18,0.0,0.5,2448.0,24.0,D2,38,2,0,0.7882417440414429,True,0.901397705078125,True,0.6701505780220032,True
437,p0n458,18,0.125,0.125,2454.0,6.0,B-5,82,1,0,0.7056025266647339,True,0.31192728877067566,False,0.32865461707115173,False
438,p0n459,18,0.25,0.125,2460.0,6.0,A-5,80,1,0,0.08354511111974716,False,0.10618938505649567,False,0.28102150559425354,False
439,p0n460,18,0.375,0.125,2466.0,6.0,B-5,82,1,0,0.6571242809295654,True,0.24119307100772858,False,0.3057505786418915,False
440,p0n461,18,0.5,0.125,2472.0,6.0,F6,89,1,0,0.221670463681221,False,0.13025929033756256,False,0.28345948457717896,False
441,p0n463,18,0.625,0.125,2478.0,6.0,B-5,82,1,0,0.7099829316139221,True,0.3331056833267212,False,0.32866743206977844,False
442,p0n464,18,0.75,0.125,2484.0,6.0,A-5,80,1,0,0.03327324241399765,False,0.0950213372707367,False,0.28002381324768066,False
443,p0n465,18,0.875,0.125,2490.0,6.0,B-5,82,1,0,0.8103034496307373,True,0.42515063285827637,False,0.3520752787590027,False
444,p0n466,18,1.0,0.125,2496.0,6.0,F5,77,1,0,0.0951857641339302,False,0.15848682820796967,False,0.2821386456489563,False
445,p0n469,18,1.0,0.5,2496.0,24.0,D4,62,2,0,0.3200174570083618,False,0.3761245906352997,False,0.35305753350257874,False
446,p0n468,18,1.0,0.5,2496.0,24.0,B-3,58,2,0,0.22441983222961426,False,0.30437055230140686,False,0.3239360451698303,False
447,p0n467,18,1.0,0.5,2496.0,24.0,D3,50,2,0,0.5308466553688049,True,0.4432448744773865,False,0.35822317004203796,False
448,p0n470,18,1.125,0.125,2502.0,6.0,B-5,82,1,0,0.7271564602851868,True,0.2391485720872879,False,0.30989256501197815,False
449,p0n471,18,1.25,0.125,2508.0,6.0,A-5,80,1,0,0.06285310536623001,False,0.09653361141681671,False,0.2801927328109741,False
450,p0n472,18,1.375,0.125,2514.0,6.0,B-5,82,1,0,0.6703197360038757,True,0.27197447419166565,False,0.3009728193283081,False
451,p0n473,18,1.5,0.125,2520.0,6.0,F6,89,1,0,0.03281419351696968,False,0.09838824719190598,False,0.27878955006599426,False
452,p0n475,18,1.625,0.125,2526.0,6.0,B-5,82,1,0,0.6989039778709412,True,0.46273913979530334,False,0.354645699262619,False
453,p0n476,18,1.75,0.125,2532.0,6.0,A-5,80,1,0,0.049520064145326614,False,0.09558223187923431,False,0.28009331226348877,False
454,p0n477,18,1.875,0.125,2538.0,6.0,B-5,82,1,0,0.8313136100769043,True,0.17970886826515198,False,0.2885030210018158,False
455,p0n478,18,2.0,0.125,2544.0,6.0,G5,79,1,0,0.6563569903373718,True,0.8287703394889832,True,0.4843178391456604,False
456,p0n481,18,2.0,0.5,2544.0,24.0,D-4,61,2,0,0.15942533314228058,False,0.17815759778022766,False,0.2778981029987335,False
457,p0n480,18,2.0,0.5,2544.0,24.0,E-3,51,2,0,0.7513712048530579,True,0.7609142661094666,True,0.5744521617889404,True
458,p0n479,18,2.0,0.5,2544.0,24.0,D-3,49,2,0,0.1282961368560791,False,0.1532280594110489,False,0.27373114228248596,False
459,p0n482,18,2.125,0.125,2550.0,6.0,E-6,87,1,0,0.5669474005699158,True,0.09599903970956802,False,0.2743847072124481,False
460,p0n483,18,2.25,0.125,2556.0,6.0,B-5,82,1,0,0.5842899680137634,True,0.29852014780044556,False,0.30552682280540466,False
461,p0n484,18,2.375,0.125,2562.0,6.0,E-6,87,1,0,0.7312946319580078,True,0.20626910030841827,False,0.2916606366634369,False
462,p0n485,18,2.5,0.125,2568.0,6.0,G6,91,1,0,0.8458135724067688,True,0.7969303131103516,True,0.4519317150115967,False
463,p0n487,18,2.625,0.125,2574.0,6.0,E-6,87,1,0,0.6479485034942627,True,0.09419053792953491,False,0.2751929759979248,False
464,p0n488,18,2.75,0.125,2580.0,6.0,B-5,82,1,0,0.32670292258262634,False,0.19570447504520416,False,0.29516443610191345,False
465,p0n489,18,2.875,0.125,2586.0,6.0,E-6,87,1,0,0.827391505241394,True,0.17869602143764496,False,0.27684032917022705,False
466,p0n490,19,0.0,0.125,2592.0,6.0,A-5,80,1,0,0.5937432050704956,True,0.6794426441192627,True,0.5906820893287659,True
467,p0n493,19,0.0,0.5,2592.0,24.0,C4,60,2,0,0.9457407593727112,True,0.9937333464622498,True,0.9046065211296082,True
468,p0n492,19,0.0,0.5,2592.0,24.0,E-3,51,2,0,0.9726845026016235,True,0.7736402153968811,True,0.5550346970558167,True
469,p0n491,19,0.0,0.5,2592.0,24.0,C3,48,2,0,0.9136814475059509,True,0.300737202167511,False,0.30575138330459595,False
470,p0n494,19,0.125,0.125,2598.0,6.0,A-6,92,1,0,0.9802083373069763,True,0.4238022565841675,False,0.32372957468032837,False
471,p0n495,19,0.25,0.125,2604.0,6.0,E-6,87,1,0,0.5926849246025085,True,0.21690189838409424,False,0.2812601923942566,False
472,p0n496,19,0.375,0.125,2610.0,6.0,A-6,92,1,0,0.9588229656219482,True,0.33290162682533264,False,0.28934985399246216,False
473,p0n497,19,0.5,0.125,2616.0,6.0,A5,81,1,0,0.2121775895357132,False,0.11511333286762238,False,0.28469616174697876,False
474,p0n500,19,0.5,0.5,2616.0,24.0,C-4,59,2,0,0.7887953519821167,True,0.7593355774879456,True,0.8963726758956909,True
475,p0n499,19,0.5,0.5,2616.0,24.0,E-3,51,2,0,0.85912024974823,True,0.642977237701416,True,0.6571434140205383,True
476,p0n498,19,0.5,0.5,2616.0,24.0,C-3,47,2,0,0.7690816521644592,True,0.7308772206306458,True,0.5095686316490173,True
477,p0n501,19,0.625,0.125,2622.0,6.0,A6,93,1,0,0.8110839128494263,True,0.27204298973083496,False,0.2881906032562256,False
478,p0n502,19,0.75,0.125,2628.0,6.0,E-6,87,1,0,0.5755239129066467,True,0.13983936607837677,False,0.2770460546016693,False
479,p0n503,19,0.875,0.125,2634.0,6.0,A6,93,1,0,0.8709208965301514,True,0.3568315804004669,False,0.29453516006469727,False
480,p0n504,19,1.0,0.125,2640.0,6.0,A5,81,1,0,0.34958767890930176,False,0.21769706904888153,False,0.2957276403903961,False
481,p0n507,19,1.0,0.5,2640.0,24.0,C-5,71,2,0,0.7787027359008789,True,0.9967966675758362,True,0.8065498471260071,True
482,p0n506,19,1.0,0.5,2640.0,24.0,E-4,63,2,0,0.9163979887962341,True,0.9535150527954102,True,0.7257203459739685,True
483,p0n505,19,1.0,0.5,2640.0,24.0,C-4,59,2,0,0.7751998901367188,True,0.9824622869491577,True,0.8019214272499084,True
484,p0n508,19,1.125,0.125,2646.0,6.0,A6,93,1,0,0.7907112836837769,True,0.1588851660490036,False,0.2842314839363098,False
485,p0n509,19,1.25,0.125,2652.0,6.0,E-6,87,1,0,0.6570597290992737,True,0.18995918333530426,False,0.2819875478744507,False
486,p0n510,19,1.375,0.125,2658.0,6.0,A6,93,1,0,0.8572810292243958,True,0.1543729156255722,False,0.28050556778907776,False
487,p0n511,19,1.5,0.125,2664.0,6.0,B-5,82,1,0,0.11411513388156891,False,0.14410075545310974,False,0.2919175624847412,False
488,p0n514,19,1.5,0.5,2664.0,24.0,B-4,70,2,0,0.5695879459381104,True,0.2713511288166046,False,0.31394436955451965,False
489,p0n513,19,1.5,0.5,2664.0,24.0,E-4,63,2,0,0.8009145855903625,True,0.55633145570755,True,0.48297902941703796,False
490,p0n512,19,1.5,0.5,2664.0,24.0,B-3,58,2,0,0.20434510707855225,False,0.20800098776817322,False,0.30437925457954407,False
491,p0n515,19,1.625,0.125,2670.0,6.0,B-6,94,1,0,0.8373914957046509,True,0.6167857646942139,True,0.5565269589424133,True
492,p0n516,19,1.75,0.125,2676.0,6.0,E-6,87,1,0,0.4352285861968994,False,0.26499438285827637,False,0.30465245246887207,False
493,p0n517,19,1.875,0.125,2682.0,6.0,B-6,94,1,0,0.9295029640197754,True,0.6485016345977783,True,0.581689178943634,True
494,p0n518,19,2.0,0.125,2688.0,6.0,B-5,82,1,0,0.3327289819717407,False,0.19115126132965088,False,0.29313135147094727,False
495,p0n521,19,2.0,0.5,2688.0,24.0,A-4,68,2,0,0.42733651399612427,False,0.2413407266139984,False,0.30093473196029663,False
496,p0n520,19,2.0,0.5,2688.0,24.0,E-4,63,2,0,0.7492208480834961,True,0.8334841728210449,True,0.5284035801887512,True
497,p0n519,19,2.0,0.5,2688.0,24.0,A-3,56,2,0,0.08529746532440186,False,0.11700718104839325,False,0.2803850471973419,False
498,p0n522,19,2.125,0.125,2694.0,6.0,B-6,94,1,0,0.8047025203704834,True,0.24839681386947632,False,0.30700576305389404,False
499,p0n523,19,2.25,0.125,2700.0,6.0,E-6,87,1,0,0.583834171295166,True,0.1605636328458786,False,0.2787466049194336,False
500,p0n524,19,2.375,0.125,2706.0,6.0,B-6,94,1,0,0.7067958116531372,True,0.3226621150970459,False,0.30367782711982727,False
501,p0n525,19,2.5,0.125,2712.0,6.0,B5,83,1,0,0.8084433078765869,True,0.4804009199142456,False,0.29553255438804626,False
502,p0n528,19,2.5,0.5,2712.0,24.0,G4,67,2,0,0.875795304775238,True,0.8993415236473083,True,0.6499574184417725,True
503,p0n527,19,2.5,0.5,2712.0,24.0,E-4,63,2,0,0.7905733585357666,True,0.595436155796051,True,0.43148288130760193,False
504,p0n526,19,2.5,0.5,2712.0,24.0,G3,55,2,0,0.6274430751800537,True,0.7000846862792969,True,0.23883555829524994,False
505,p0n529,19,2.625,0.125,2718.0,6.0,B6,95,1,0,0.8974804282188416,True,0.2266990691423416,False,0.28928396105766296,False
506,p0n530,19,2.75,0.125,2724.0,6.0,E-6,87,1,0,0.31027090549468994,False,0.14277459681034088,False,0.2803404927253723,False
507,p0n531,19,2.875,0.125,2730.0,6.0,B6,95,1,0,0.9169739484786987,True,0.2044840157032013,False,0.2956249415874481,False
508,p0n532,20,0.0,0.75,2736.0,36.0,C7,96,1,0,0.8370094895362854,True,0.7747405767440796,True,0.45818036794662476,False
509,p0n534,20,0.25,0.25,2748.0,12.0,A-5,80,2,0,0.4118516445159912,False,0.09191765636205673,False,0.2801452875137329,False
510,p0n535,20,0.5,0.75,2760.0,36.0,A-4,68,2,0,0.42979446053504944,False,0.15053100883960724,False,0.2954603135585785,False
511,p0n536,20,0.75,0.25,2772.0,12.0,C6,84,1,0,0.37078768014907837,False,0.1847226619720459,False,0.2871096432209015,False
512,p0n537,20,1.0,0.75,2784.0,36.0,B-6,94,1,0,0.9100240468978882,True,0.8727514147758484,True,0.7351352572441101,True
513,p0n538,20,1.25,0.25,2796.0,12.0,G5,79,2,0,0.929936945438385,True,0.6627228260040283,True,0.4055560827255249,False
514,p0n539,20,1.5,0.75,2808.0,36.0,G4,67,2,0,0.817305326461792,True,0.7957494854927063,True,0.47077009081840515,False
515,p0n540,20,1.75,0.25,2820.0,12.0,B-5,82,1,0,0.33745765686035156,False,0.1556883454322815,False,0.28776097297668457,False
516,p0n541,20,2.0,0.75,2832.0,36.0,A-6,92,1,0,0.9876574277877808,True,0.8195297122001648,True,0.5248976349830627,True
517,p0n542,20,2.25,0.25,2844.0,12.0,F5,77,2,0,0.20039129257202148,False,0.12056422233581543,False,0.2736135423183441,False
518,p0n543,20,2.5,0.75,2856.0,36.0,F4,65,2,0,0.16154451668262482,False,0.09992054849863052,False,0.2786955237388611,False
519,p0n544,20,2.75,0.25,2868.0,12.0,A6,93,1,0,0.49073025584220886,False,0.26368382573127747,False,0.3014276325702667,False
520,p0n545,21,0.0,0.75,2880.0,36.0,B-6,94,1,0,0.9619804620742798,True,0.8255622982978821,True,0.6644732356071472,True
521,p0n547,21,0.25,0.25,2892.0,12.0,G5,79,2,0,0.9201438426971436,True,0.7520684003829956,True,0.44982489943504333,False
522,p0n548,21,0.5,0.75,2904.0,36.0,G4,67,2,0,0.9745172262191772,True,0.90854412317276,True,0.6145899295806885,True
523,p0n549,21,0.75,0.25,2916.0,12.0,B-5,82,1,0,0.277410089969635,False,0.16492867469787598,False,0.2889000177383423,False
524,p0n550,21,1.0,0.75,2928.0,36.0,A-6,92,1,0,0.9395371079444885,True,0.7767164707183838,True,0.5700063109397888,True
525,p0n551,21,1.25,0.25,2940.0,12.0,F5,77,2,0,0.11509300768375397,False,0.09710177034139633,False,0.27090415358543396,False
526,p0n552,21,1.5,0.5,2952.0,24.0,F4,65,2,0,0.5815181732177734,True,0.5049812197685242,True,0.35720503330230713,False
527,p0n553,21,1.75,0.25,2964.0,12.0,A-5,80,1,0,0.572281539440155,True,0.5148851871490479,True,0.3754919171333313,False
528,p0n554,21,2.0,0.25,2976.0,12.0,G6,91,1,0,0.932924211025238,True,0.8426038026809692,True,0.4904135465621948,False
529,p0n555,21,2.0,0.25,2976.0,12.0,E-5,75,2,0,0.6059656143188477,True,0.45822352170944214,False,0.28146517276763916,False
530,p0n556,21,2.25,0.25,2988.0,12.0,G5,79,1,0,0.7888200283050537,True,0.7709910273551941,True,0.40195122361183167,False
531,p0n557,21,2.25,0.25,2988.0,12.0,E-4,63,2,0,0.5641400218009949,True,0.6080178618431091,True,0.44125309586524963,False
532,p0n558,21,2.5,0.25,3000.0,12.0,A-5,80,1,0,0.789631187915802,True,0.24941441416740417,False,0.2983846664428711,False
533,p0n559,21,2.5,0.25,3000.0,12.0,F4,65,2,0,0.8106269240379333,True,0.41989126801490784,False,0.3166901469230652,False
534,p0n560,21,2.75,0.25,3012.0,12.0,B-5,82,1,0,0.48005062341690063,False,0.2879806458950043,False,0.3179679214954376,False
535,p0n561,21,2.75,0.25,3012.0,12.0,G4,67,2,0,0.9857171773910522,True,0.9730355143547058,True,0.7931811213493347,True
536,p0n562,22,0.0,0.25,3024.0,12.0,D6,86,1,0,0.8341089487075806,True,0.9120798110961914,True,0.6469094157218933,True
537,p0n564,22,0.25,0.5,3036.0,24.0,C6,84,1,0,0.516237735748291,True,0.5321534276008606,True,0.34223872423171997,False
538,p0n565,22,0.25,0.25,3036.0,12.0,B-4,70,2,0,0.2116638869047165,False,0.15866559743881226,False,0.28722643852233887,False
539,p0n566,22,0.5,0.25,3048.0,12.0,A-4,68,2,0,0.49308404326438904,False,0.17863929271697998,False,0.29933974146842957,False
540,p0n567,22,0.75,0.25,3060.0,12.0,C5,72,1,0,0.8694299459457397,True,0.276583731174469,False,0.303972452878952,False
541,p0n568,22,0.75,0.25,3060.0,12.0,A-3,56,2,0,0.17744207382202148,False,0.10013693571090698,False,0.2794950008392334,False
542,p0n569,22,1.0,0.25,3072.0,12.0,C6,84,1,0,0.8693826794624329,True,0.6775356531143188,True,0.4540283679962158,False
543,p0n571,22,1.25,0.5,3084.0,24.0,B-5,82,1,0,0.4356861412525177,False,0.23057912290096283,False,0.30291396379470825,False
544,p0n572,22,1.25,0.25,3084.0,12.0,A-4,68,2,0,0.13573502004146576,False,0.11128811538219452,False,0.28116917610168457,False
545,p0n573,22,1.5,0.25,3096.0,12.0,G4,67,2,0,0.9957242012023926,True,0.9573730826377869,True,0.7377172112464905,True
546,p0n574,22,1.75,0.25,3108.0,12.0,B-4,70,1,0,0.08363936841487885,False,0.12409265339374542,False,0.28033551573753357,False
547,p0n575,22,1.75,0.25,3108.0,12.0,G3,55,2,0,0.6489737033843994,True,0.7536207437515259,True,0.18335328996181488,False
548,p0n576,22,2.0,0.25,3120.0,12.0,B-5,82,1,0,0.43110498785972595,False,0.23710684478282928,False,0.30581966042518616,False
549,p0n578,22,2.25,0.5,3132.0,24.0,A-5,80,1,0,0.6256035566329956,True,0.13404159247875214,False,0.2747792899608612,False
550,p0n579,22,2.25,0.25,3132.0,12.0,G4,67,2,0,0.9876881241798401,True,0.9595219492912292,True,0.738304078578949,True
551,p0n580,22,2.5,0.25,3144.0,12.0,F4,65,2,0,0.9310855865478516,True,0.38176828622817993,False,0.30616435408592224,False
552,p0n581,22,2.75,0.25,3156.0,12.0,A5,81,1,0,0.5425595641136169,True,0.0933951586484909,False,0.26633304357528687,False
553,p0n582,22,2.75,0.25,3156.0,12.0,F#4,66,2,0,0.8033881783485413,True,0.9792739748954773,True,0.4712243676185608,False
554,p0n583,23,0.0,0.25,3168.0,12.0,C6,84,1,0,0.9797948002815247,True,0.6121171712875366,True,0.3972376585006714,False
555,p0n585,23,0.25,0.5,3180.0,24.0,B-5,82,1,0,0.594580352306366,True,0.27921485900878906,False,0.3115229904651642,False
556,p0n586,23,0.25,0.25,3180.0,12.0,A-4,68,2,0,0.14055217802524567,False,0.12218925356864929,False,0.28234371542930603,False
557,p0n587,23,0.5,0.25,3192.0,12.0,G4,67,2,0,0.9944550395011902,True,0.8854358792304993,True,0.5977062582969666,True
558,p0n588,23,0.75,0.25,3204.0,12.0,B-4,70,1,0,0.1958702653646469,False,0.1386694312095642,False,0.2831103503704071,False
559,p0n589,23,0.75,0.25,3204.0,12.0,G3,55,2,0,0.6909009218215942,True,0.6635688543319702,True,0.2410116195678711,False
560,p0n590,23,1.0,0.25,3216.0,12.0,B-5,82,1,0,0.8431307673454285,True,0.6673459410667419,True,0.5859354138374329,True
561,p0n592,23,1.25,0.5,3228.0,24.0,A-5,80,1,0,0.5179055333137512,True,0.2978792190551758,False,0.2793314456939697,False
562,p0n593,23,1.25,0.25,3228.0,12.0,G4,67,2,0,0.9860162138938904,True,0.9722170829772949,True,0.7109004855155945,True
563,p0n594,23,1.5,0.25,3240.0,12.0,F4,65,2,0,0.6517472267150879,True,0.7248963713645935,True,0.40531572699546814,False
564,p0n595,23,1.75,0.25,3252.0,12.0,A-4,68,1,0,0.07704073190689087,False,0.10320274531841278,False,0.28006336092948914,False
565,p0n596,23,1.75,0.25,3252.0,12.0,F3,53,2,0,0.8259631991386414,True,0.34374186396598816,False,0.30891743302345276,False
566,p0n597,23,2.0,0.25,3264.0,12.0,G5,79,1,0,0.9881272912025452,True,0.7652395963668823,True,0.4599463939666748,False
567,p0n598,23,2.0,0.5,3264.0,24.0,B-4,70,1,0,0.8915414214134216,True,0.6990012526512146,True,0.485445111989975,False
568,p0n599,23,2.0,0.25,3264.0,12.0,E-4,63,2,0,0.8387755751609802,True,0.7477417588233948,True,0.6085155606269836,True
569,p0n600,23,2.0,0.25,3264.0,12.0,G3,55,2,0,0.8972317576408386,True,0.8099796175956726,True,0.40133869647979736,False
570,p0n601,23,2.25,0.25,3276.0,12.0,F5,77,1,0,0.14698833227157593,False,0.0985230952501297,False,0.27102184295654297,False
571,p0n602,23,2.25,0.25,3276.0,12.0,D4,62,2,0,0.3509192168712616,False,0.2924346625804901,False,0.32102638483047485,False
572,p0n603,23,2.25,0.25,3276.0,12.0,A-3,56,2,0,0.22253815829753876,False,0.11798626184463501,False,0.2810225188732147,False
573,p0n604,23,2.5,0.25,3288.0,12.0,G5,79,1,0,0.9452212452888489,True,0.233730286359787,False,0.3027609884738922,False
574,p0n605,23,2.5,0.5,3288.0,24.0,B-4,70,1,0,0.8175696730613708,True,0.36075255274772644,False,0.290896475315094,False
575,p0n606,23,2.5,0.25,3288.0,12.0,E-4,63,2,0,0.8320686221122742,True,0.6262296438217163,True,0.5201742649078369,True
576,p0n607,23,2.5,0.25,3288.0,12.0,G3,55,2,0,0.8153606653213501,True,0.4259069859981537,False,0.3157573938369751,False
577,p0n608,23,2.75,0.25,3300.0,12.0,F5,77,1,0,0.026089372113347054,False,0.090633824467659,False,0.2699838876724243,False
578,p0n609,23,2.75,0.25,3300.0,12.0,D4,62,2,0,0.16656403243541718,False,0.19880938529968262,False,0.2971864342689514,False
579,p0n610,23,2.75,0.25,3300.0,12.0,A-3,56,2,0,0.3663393259048462,False,0.19497089087963104,False,0.290704607963562,False
580,p0n612,24,0.0,1.0,3312.0,48.0,G5,79,1,0,0.9904215335845947,True,0.4404360353946686,False,0.29956305027008057,False
581,p0n611,24,0.0,1.0,3312.0,48.0,B-4,70,1,0,0.9625059366226196,True,0.9340454339981079,True,0.7219772934913635,True
582,p0n613,24,0.0,1.0,3312.0,48.0,E-4,63,2,0,0.9709789156913757,True,0.8398684859275818,True,0.752813458442688,True
583,p0n614,24,0.0,1.0,3312.0,48.0,G3,55,2,0,0.9018694758415222,True,0.8046420216560364,True,0.40540066361427307,False
584,p0n616,24,1.0,1.0,3360.0,48.0,F5,77,1,0,0.1935374140739441,False,0.19200071692466736,False,0.2885279059410095,False
585,p0n615,24,1.0,1.0,3360.0,48.0,B-4,70,1,0,0.8706955313682556,True,0.7891018390655518,True,0.49231255054473877,False
586,p0n617,24,1.0,1.0,3360.0,48.0,D4,62,2,0,0.3564664423465729,False,0.5442686676979065,True,0.4245333671569824,False
587,p0n618,24,1.0,1.0,3360.0,48.0,A-3,56,2,0,0.4197588264942169,False,0.29852500557899475,False,0.31991440057754517,False
588,p0n619,24,2.0,0.25,3408.0,12.0,B-5,82,1,0,0.8387210965156555,True,0.5753312706947327,True,0.47803354263305664,False
589,p0n620,24,2.0,0.25,3408.0,12.0,B-4,70,1,0,0.8286283016204834,True,0.27822190523147583,False,0.2871212065219879,False
590,p0n622,24,2.0,0.25,3408.0,12.0,E-4,63,2,0,0.9563698768615723,True,0.4740782082080841,False,0.3149358630180359,False
591,p0n621,24,2.0,0.25,3408.0,12.0,G3,55,2,0,0.7691100835800171,True,0.7426283359527588,True,0.4796096086502075,False
592,p0n623,24,2.25,0.25,3420.0,12.0,A5,81,1,0,0.42302340269088745,False,0.1762138456106186,False,0.282795786857605,False
593,p0n624,24,2.25,0.25,3420.0,12.0,E-5,75,1,0,0.9093416929244995,True,0.37989532947540283,False,0.268570214509964,False
594,p0n626,24,2.25,0.25,3420.0,12.0,C4,60,2,0,0.6997002363204956,True,0.7943009734153748,True,0.7184752225875854,True
595,p0n625,24,2.25,0.25,3420.0,12.0,F3,53,2,0,0.8263334035873413,True,0.7552345395088196,True,0.45063507556915283,False
596,p0n627,24,2.5,0.25,3432.0,12.0,B-5,82,1,0,0.911135733127594,True,0.20410268008708954,False,0.30484992265701294,False
597,p0n628,24,2.5,0.25,3432.0,12.0,B-4,70,1,0,0.7774839401245117,True,0.18872234225273132,False,0.28400957584381104,False
598,p0n630,24,2.5,0.25,3432.0,12.0,E-4,63,2,0,0.9761859774589539,True,0.6411802768707275,True,0.4848778545856476,False
599,p0n629,24,2.5,0.25,3432.0,12.0,G3,55,2,0,0.6663404703140259,True,0.3798084557056427,False,0.31937626004219055,False
600,p0n631,24,2.75,0.25,3444.0,12.0,A5,81,1,0,0.5788612365722656,True,0.1248105987906456,False,0.2586303651332855,False
601,p0n632,24,2.75,0.25,3444.0,12.0,E-5,75,1,0,0.8325414061546326,True,0.7603943347930908,True,0.5541539788246155,True
602,p0n634,24,2.75,0.25,3444.0,12.0,C4,60,2,0,0.7008066773414612,True,0.5841653347015381,True,0.6263139843940735,True
603,p0n633,24,2.75,0.25,3444.0,12.0,F3,53,2,0,0.5514655113220215,True,0.6916310787200928,True,0.4594213664531708,False
604,p0n635,25,0.0,1.0,3456.0,48.0,B-5,82,1,0,0.7189634442329407,True,0.8747785687446594,True,0.6214041709899902,True
605,p0n637,25,0.0,1.0,3456.0,48.0,E-5,75,1,0,0.9607865214347839,True,0.8900991678237915,True,0.7055138945579529,True
606,p0n636,25,0.0,1.0,3456.0,48.0,B-4,70,1,0,0.9478020071983337,True,0.786178708076477,True,0.5149247050285339,True
607,p0n640,25,0.0,1.0,3456.0,48.0,E-4,63,2,0,0.9958428740501404,True,0.9135374426841736,True,0.6975873708724976,True
608,p0n639,25,0.0,1.0,3456.0,48.0,B-3,58,2,0,0.3330601453781128,False,0.44938141107559204,False,0.38652503490448,False
609,p0n638,25,0.0,1.0,3456.0,48.0,G3,55,2,0,0.8023840188980103,True,0.4993486702442169,False,0.3254750669002533,False
610,p0n641,25,1.0,1.5,3504.0,72.0,C6,84,1,0,0.8577783107757568,True,0.7363189458847046,True,0.49492448568344116,False
611,p0n642,25,1.0,1.0,3504.0,48.0,F3,53,2,0,0.5164121985435486,True,0.8180582523345947,True,0.5741060376167297,True
612,p0n643,25,1.0625,0.0625,3507.0,3.0,G3,55,2,0,0.7989954948425293,True,0.14383314549922943,False,0.26750805974006653,False
613,p0n644,25,1.125,0.0625,3510.0,3.0,F3,53,2,0,0.6055152416229248,True,0.2357766330242157,False,0.3002921938896179,False
614,p0n645,25,1.1875,0.0625,3513.0,3.0,G3,55,2,0,0.7169332504272461,True,0.12698127329349518,False,0.2671578824520111,False
615,p0n646,25,1.25,0.0625,3516.0,3.0,F3,53,2,0,0.2894555926322937,False,0.16005149483680725,False,0.27796095609664917,False
616,p0n647,25,1.3125,0.0625,3519.0,3.0,G3,55,2,0,0.8260869383811951,True,0.15214134752750397,False,0.26963281631469727,False
617,p0n648,25,1.375,0.0625,3522.0,3.0,F3,53,2,0,0.41935551166534424,False,0.09795141965150833,False,0.27388590574264526,False
618,p0n649,25,1.4375,0.0625,3525.0,3.0,G3,55,2,0,0.7180126905441284,True,0.13941524922847748,False,0.2697054445743561,False
619,p0n650,25,1.5,0.0625,3528.0,3.0,F3,53,2,0,0.3385545313358307,False,0.16512268781661987,False,0.28799933195114136,False
620,p0n651,25,1.5625,0.0625,3531.0,3.0,G3,55,2,0,0.8329528570175171,True,0.16021206974983215,False,0.269180566072464,False
621,p0n652,25,1.625,0.0625,3534.0,3.0,F3,53,2,0,0.34756311774253845,False,0.13624484837055206,False,0.2787195146083832,False
622,p0n653,25,1.6875,0.0625,3537.0,3.0,G3,55,2,0,0.9460306763648987,True,0.19063253700733185,False,0.2536872327327728,False
623,p0n654,25,1.75,0.125,3540.0,6.0,E-3,51,2,0,0.79142826795578,True,0.9365273118019104,True,0.44429171085357666,False
624,p0n655,25,1.875,0.125,3546.0,6.0,F3,53,2,0,0.92598956823349,True,0.5915345549583435,True,0.3780149221420288,False
625,p0n656,25,2.0,1.0,3552.0,48.0,E-3,51,2,0,0.8406497240066528,True,0.8887749314308167,True,0.6363749504089355,True
626,p0n657,25,2.0625,0.0625,3555.0,3.0,F3,53,2,0,0.9593956470489502,True,0.5155211091041565,True,0.36679261922836304,False
627,p0n658,25,2.125,0.0625,3558.0,3.0,E-3,51,2,0,0.9129585027694702,True,0.37598085403442383,False,0.2695350646972656,False
628,p0n659,25,2.1875,0.0625,3561.0,3.0,F3,53,2,0,0.9067163467407227,True,0.34458988904953003,False,0.31515806913375854,False
629,p0n660,25,2.25,0.0625,3564.0,3.0,E-3,51,2,0,0.8616974949836731,True,0.7298115491867065,True,0.3915630877017975,False
630,p0n661,25,2.3125,0.0625,3567.0,3.0,F3,53,2,0,0.9393190741539001,True,0.4938420355319977,False,0.3621821999549866,False
631,p0n662,25,2.375,0.0625,3570.0,3.0,E-3,51,2,0,0.9052742719650269,True,0.38097941875457764,False,0.28267043828964233,False
632,p0n663,25,2.4375,0.0625,3573.0,3.0,F3,53,2,0,0.9052583575248718,True,0.5830376148223877,True,0.3759891986846924,False
633,p0n664,25,2.5,0.5,3576.0,24.0,C6,84,1,0,0.8412386178970337,True,0.3129866123199463,False,0.301626056432724,False
634,p0n665,25,2.5,0.0625,3576.0,3.0,E-3,51,2,0,0.8542795181274414,True,0.6139615774154663,True,0.363190233707428,False
635,p0n666,25,2.5625,0.0625,3579.0,3.0,F3,53,2,0,0.9609627723693848,True,0.5551609992980957,True,0.3501063585281372,False
636,p0n667,25,2.625,0.0625,3582.0,3.0,E-3,51,2,0,0.9224023222923279,True,0.4998418688774109,False,0.3207620680332184,False
637,p0n668,25,2.6875,0.0625,3585.0,3.0,F3,53,2,0,0.9350399374961853,True,0.32771146297454834,False,0.3290737271308899,False
638,p0n669,25,2.75,0.125,3588.0,6.0,D3,50,2,0,0.20290391147136688,False,0.18243511021137238,False,0.2939561903476715,False
639,p0n670,25,2.875,0.125,3594.0,6.0,E-3,51,2,0,0.9437243342399597,True,0.6219605207443237,True,0.4735887944698334,False
640,p0n672,26,0.0,1.0,3600.0,48.0,D3,50,2,0,0.2914484441280365,False,0.4641145169734955,False,0.4011684060096741,False
641,p0n673,26,0.0625,0.0625,3603.0,3.0,E-3,51,2,0,0.9244692325592041,True,0.4648613929748535,False,0.3476574420928955,False
642,p0n674,26,0.125,0.0625,3606.0,3.0,D3,50,2,0,0.40516477823257446,False,0.17160136997699738,False,0.2981598675251007,False
643,p0n675,26,0.1875,0.0625,3609.0,3.0,E-3,51,2,0,0.8122546076774597,True,0.3946661651134491,False,0.31898021697998047,False
644,p0n676,26,0.25,0.0625,3612.0,3.0,D3,50,2,0,0.13652265071868896,False,0.16314074397087097,False,0.2898721694946289,False
645,p0n677,26,0.3125,0.0625,3615.0,3.0,E-3,51,2,0,0.9151571989059448,True,0.48455116152763367,False,0.3508780002593994,False
646,p0n678,26,0.375,0.0625,3618.0,3.0,D3,50,2,0,0.27136409282684326,False,0.1674259752035141,False,0.29590579867362976,False
647,p0n679,26,0.4375,0.0625,3621.0,3.0,E-3,51,2,0,0.7965788841247559,True,0.4105355739593506,False,0.3301263749599457,False
648,p0n680,26,0.5,0.5,3624.0,24.0,D6,86,1,0,0.307704359292984,False,0.24458394944667816,False,0.32231271266937256,False
649,p0n681,26,0.5,0.0625,3624.0,3.0,D3,50,2,0,0.1551477313041687,False,0.17730595171451569,False,0.3014625012874603,False
650,p0n682,26,0.5625,0.0625,3627.0,3.0,E-3,51,2,0,0.9201780557632446,True,0.5289182662963867,True,0.4217197597026825,False
651,p0n683,26,0.625,0.0625,3630.0,3.0,D3,50,2,0,0.20318633317947388,False,0.17718803882598877,False,0.29708150029182434,False
652,p0n684,26,0.6875,0.0625,3633.0,3.0,E-3,51,2,0,0.9539273381233215,True,0.5274373888969421,True,0.3728693127632141,False
653,p0n685,26,0.75,0.125,3636.0,6.0,C3,48,2,0,0.15485692024230957,False,0.1326531171798706,False,0.2758968472480774,False
654,p0n686,26,0.875,0.125,3642.0,6.0,D3,50,2,0,0.8530215620994568,True,0.4027250111103058,False,0.3617868423461914,False
655,p0n688,26,1.0,1.0,3648.0,48.0,C3,48,2,0,0.29470327496528625,False,0.392381489276886,False,0.34072285890579224,False
656,p0n689,26,1.0625,0.0625,3651.0,3.0,D3,50,2,0,0.8171676993370056,True,0.2847009003162384,False,0.3261677324771881,False
657,p0n690,26,1.125,0.0625,3654.0,3.0,C3,48,2,0,0.36258143186569214,False,0.11219384521245956,False,0.27732008695602417,False
658,p0n691,26,1.1875,0.0625,3657.0,3.0,D3,50,2,0,0.7310535311698914,True,0.2169930636882782,False,0.2999922037124634,False
659,p0n692,26,1.25,0.0625,3660.0,3.0,C3,48,2,0,0.17540386319160461,False,0.14685088396072388,False,0.27728500962257385,False
660,p0n693,26,1.3125,0.0625,3663.0,3.0,D3,50,2,0,0.8331591486930847,True,0.2922556698322296,False,0.319840669631958,False
661,p0n694,26,1.375,0.0625,3666.0,3.0,C3,48,2,0,0.2969736158847809,False,0.1270724982023239,False,0.278630793094635,False
662,p0n695,26,1.4375,0.0625,3669.0,3.0,D3,50,2,0,0.6937884092330933,True,0.28191155195236206,False,0.3092956244945526,False
663,p0n696,26,1.5,0.5,3672.0,24.0,E-6,87,1,0,0.5043172836303711,True,0.9594874978065491,True,0.5611400008201599,True
664,p0n697,26,1.5,0.0625,3672.0,3.0,C3,48,2,0,0.21235601603984833,False,0.160035640001297,False,0.2880190312862396,False
665,p0n698,26,1.5625,0.0625,3675.0,3.0,D3,50,2,0,0.819591224193573,True,0.32036325335502625,False,0.3240449130535126,False
666,p0n699,26,1.625,0.0625,3678.0,3.0,C3,48,2,0,0.20628654956817627,False,0.14272192120552063,False,0.28025734424591064,False
667,p0n700,26,1.6875,0.0625,3681.0,3.0,D3,50,2,0,0.9277705550193787,True,0.2021208554506302,False,0.2992648780345917,False
668,p0n701,26,1.75,0.125,3684.0,6.0,B-2,46,2,0,0.013971605338156223,False,0.12685659527778625,False,0.27939608693122864,False
669,p0n702,26,1.875,0.125,3690.0,6.0,C3,48,2,0,0.8787744641304016,True,0.3936334252357483,False,0.3216836154460907,False
670,p0n704,26,2.0,1.0,3696.0,48.0,B-2,46,2,0,0.029584884643554688,False,0.1494596302509308,False,0.2815806567668915,False
671,p0n705,26,2.0625,0.0625,3699.0,3.0,C3,48,2,0,0.810074508190155,True,0.30430203676223755,False,0.3067159354686737,False
672,p0n706,26,2.125,0.0625,3702.0,3.0,B-2,46,2,0,0.04081811383366585,False,0.13132235407829285,False,0.28299155831336975,False
673,p0n707,26,2.1875,0.0625,3705.0,3.0,C3,48,2,0,0.7837451100349426,True,0.233429953455925,False,0.2856066823005676,False
674,p0n708,26,2.25,0.0625,3708.0,3.0,B-2,46,2,0,0.022130953148007393,False,0.12928006052970886,False,0.27971968054771423,False
675,p0n709,26,2.3125,0.0625,3711.0,3.0,C3,48,2,0,0.8539925813674927,True,0.27907654643058777,False,0.2963481545448303,False
676,p0n710,26,2.375,0.0625,3714.0,3.0,B-2,46,2,0,0.03359819948673248,False,0.13327227532863617,False,0.28318601846694946,False
677,p0n711,26,2.4375,0.0625,3717.0,3.0,C3,48,2,0,0.7811620831489563,True,0.26640260219573975,False,0.29284459352493286,False
678,p0n712,26,2.5,1.0,3720.0,48.0,F6,89,1,0,0.1421777307987213,False,0.1422605812549591,False,0.2843030095100403,False
679,p0n713,26,2.5,0.0625,3720.0,3.0,B-2,46,2,0,0.025129053741693497,False,0.13854600489139557,False,0.28921592235565186,False
680,p0n714,26,2.5625,0.0625,3723.0,3.0,C3,48,2,0,0.8511213064193726,True,0.2856271266937256,False,0.2923319637775421,False
681,p0n715,26,2.625,0.0625,3726.0,3.0,B-2,46,2,0,0.020021818578243256,False,0.1357097327709198,False,0.28339776396751404,False
682,p0n716,26,2.6875,0.0625,3729.0,3.0,C3,48,2,0,0.9321891665458679,True,0.3902604877948761,False,0.29460272192955017,False
683,p0n717,26,2.75,0.125,3732.0,6.0,A-2,44,2,0,0.13577529788017273,False,0.1110050231218338,False,0.280443400144577,False
684,p0n718,26,2.875,0.125,3738.0,6.0,B-2,46,2,0,0.2422144114971161,False,0.13496944308280945,False,0.28509321808815,False
685,p0n720,27,0.0,2.0,3744.0,96.0,A-2,44,2,0,0.42945826053619385,False,0.3391561508178711,False,0.344663143157959,False
686,p0n721,27,0.0625,0.0625,3747.0,3.0,B-2,46,2,0,0.14987900853157043,False,0.13356773555278778,False,0.2839551568031311,False
687,p0n722,27,0.125,0.0625,3750.0,3.0,A-2,44,2,0,0.3681885600090027,False,0.07394208014011383,False,0.2796897888183594,False
688,p0n723,27,0.1875,0.0625,3753.0,3.0,B-2,46,2,0,0.14885060489177704,False,0.12559062242507935,False,0.2825905680656433,False
689,p0n724,27,0.25,0.0625,3756.0,3.0,A-2,44,2,0,0.21885819733142853,False,0.1290569007396698,False,0.2818489372730255,False
690,p0n725,27,0.3125,0.0625,3759.0,3.0,B-2,46,2,0,0.2608014941215515,False,0.12061326205730438,False,0.28271397948265076,False
691,p0n726,27,0.375,0.0625,3762.0,3.0,A-2,44,2,0,0.3955633044242859,False,0.08667361736297607,False,0.28065094351768494,False
692,p0n727,27,0.4375,0.0625,3765.0,3.0,B-2,46,2,0,0.12093787640333176,False,0.13085126876831055,False,0.28324559330940247,False
693,p0n728,27,0.5,0.5,3768.0,24.0,G6,91,1,0,0.9293555021286011,True,0.19744989275932312,False,0.29748162627220154,False
694,p0n729,27,0.5,0.0625,3768.0,3.0,A-2,44,2,0,0.25888293981552124,False,0.13144363462924957,False,0.2901614308357239,False
695,p0n730,27,0.5625,0.0625,3771.0,3.0,B-2,46,2,0,0.1595783829689026,False,0.13075056672096252,False,0.2835136353969574,False
696,p0n731,27,0.625,0.0625,3774.0,3.0,A-2,44,2,0,0.30188602209091187,False,0.08901777118444443,False,0.2808893918991089,False
697,p0n732,27,0.6875,0.0625,3777.0,3.0,B-2,46,2,0,0.1234319657087326,False,0.12721672654151917,False,0.2826724052429199,False
698,p0n733,27,0.75,0.0625,3780.0,3.0,A-2,44,2,0,0.12410760670900345,False,0.10902588069438934,False,0.2798120975494385,False
699,p0n734,27,0.8125,0.0625,3783.0,3.0,B-2,46,2,0,0.2998274862766266,False,0.12112049758434296,False,0.2830452620983124,False
700,p0n735,27,0.875,0.0625,3786.0,3.0,A-2,44,2,0,0.22610774636268616,False,0.09710157662630081,False,0.2817550301551819,False
701,p0n736,27,0.9375,0.0625,3789.0,3.0,B-2,46,2,0,0.2088528424501419,False,0.13933148980140686,False,0.28498172760009766,False
702,p0n737,27,1.0,0.5,3792.0,24.0,A-6,92,1,0,0.8018201589584351,True,0.45287591218948364,False,0.3503628969192505,False
703,p0n738,27,1.0,0.0625,3792.0,3.0,A-2,44,2,0,0.30378568172454834,False,0.25469404458999634,False,0.3061089813709259,False
704,p0n739,27,1.0625,0.0625,3795.0,3.0,B-2,46,2,0,0.153750941157341,False,0.13203775882720947,False,0.2837788462638855,False
705,p0n740,27,1.125,0.0625,3798.0,3.0,A-2,44,2,0,0.33633559942245483,False,0.0746343806385994,False,0.2796783745288849,False
706,p0n741,27,1.1875,0.0625,3801.0,3.0,B-2,46,2,0,0.149469792842865,False,0.12536615133285522,False,0.2825407087802887,False
707,p0n742,27,1.25,0.0625,3804.0,3.0,A-2,44,2,0,0.20826585590839386,False,0.12735046446323395,False,0.28166645765304565,False
708,p0n743,27,1.3125,0.0625,3807.0,3.0,B-2,46,2,0,0.24588151276111603,False,0.12274638563394547,False,0.2829129695892334,False
709,p0n744,27,1.375,0.0625,3810.0,3.0,A-2,44,2,0,0.33479711413383484,False,0.08842498809099197,False,0.28073906898498535,False
710,p0n745,27,1.4375,0.0625,3813.0,3.0,B-2,46,2,0,0.14192081987857819,False,0.1326136738061905,False,0.283602237701416,False
711,p0n746,27,1.5,0.5,3816.0,24.0,A6,93,1,0,0.5884900689125061,True,0.7146425843238831,True,0.451766699552536,False
712,p0n747,27,1.5,0.0625,3816.0,3.0,A-2,44,2,0,0.2500736713409424,False,0.1320861130952835,False,0.2904984951019287,False
713,p0n748,27,1.5625,0.0625,3819.0,3.0,B-2,46,2,0,0.16793690621852875,False,0.1307823210954666,False,0.283552885055542,False
714,p0n749,27,1.625,0.0625,3822.0,3.0,A-2,44,2,0,0.28773918747901917,False,0.08943112194538116,False,0.2808859050273895,False
715,p0n750,27,1.6875,0.0625,3825.0,3.0,B-2,46,2,0,0.1346617490053177,False,0.12648096680641174,False,0.2826142907142639,False
716,p0n751,27,1.75,0.0625,3828.0,3.0,A-2,44,2,0,0.1316516101360321,False,0.11173080652952194,False,0.28006482124328613,False
717,p0n752,27,1.8125,0.0625,3831.0,3.0,B-2,46,2,0,0.2638152837753296,False,0.13555878400802612,False,0.28519493341445923,False
718,p0n753,27,1.875,0.0625,3834.0,3.0,A-2,44,2,0,0.16714581847190857,False,0.09666670858860016,False,0.2814914882183075,False
719,p0n754,27,1.9375,0.0625,3837.0,3.0,B-2,46,2,0,0.3590180575847626,False,0.10356627404689789,False,0.28054243326187134,False
720,p0n755,27,2.0,1.5,3840.0,72.0,B-6,94,1,0,0.9466054439544678,True,0.7080753445625305,True,0.45131397247314453,False
721,p0n756,27,2.0,0.25,3840.0,12.0,A-2,44,2,0,0.4841509163379669,False,0.18648697435855865,False,0.29003867506980896,False
722,p0n757,27,2.0,0.25,3840.0,12.0,A-2,44,2,0,0.5301743149757385,True,0.2025868147611618,False,0.2757422924041748,False
723,p0n758,27,2.25,0.125,3852.0,6.0,G2,43,2,0,0.7847007513046265,True,0.5343742966651917,True,0.26322880387306213,False
724,p0n759,27,2.375,0.125,3858.0,6.0,A-2,44,2,0,0.4709031879901886,False,0.0958113744854927,False,0.2805382013320923,False
725,p0n760,27,2.5,0.125,3864.0,6.0,B-2,46,2,0,0.20392045378684998,False,0.1354786455631256,False,0.2904398739337921,False
726,p0n761,27,2.625,0.125,3870.0,6.0,A-2,44,2,0,0.7634176015853882,True,0.03271716088056564,False,0.27547216415405273,False
727,p0n762,27,2.75,0.125,3876.0,6.0,G2,43,2,0,0.7737305760383606,True,0.5830568671226501,True,0.23300878703594208,False
728,p0n763,27,2.875,0.125,3882.0,6.0,F2,41,2,0,0.9143288731575012,True,0.32028284668922424,False,0.33029863238334656,False
729,p0n765,28,0.0,0.25,3888.0,12.0,E-2,39,2,0,0.5363695025444031,True,0.3494452238082886,False,0.3329020142555237,False
730,p0n767,28,0.25,0.25,3900.0,12.0,G3,55,2,0,0.8206394910812378,True,0.43921956419944763,False,0.2771725654602051,False
731,p0n766,28,0.25,0.25,3900.0,12.0,E-3,51,2,0,0.6613550186157227,True,0.563480019569397,True,0.42790335416793823,False
732,p0n768,28,0.5,0.5,3912.0,24.0,G4,67,1,0,0.8649256825447083,True,0.34264546632766724,False,0.358940988779068,False
733,p0n770,28,0.5,0.25,3912.0,12.0,G3,55,2,0,0.8082712888717651,True,0.13203328847885132,False,0.2693823277950287,False
734,p0n769,28,0.5,0.25,3912.0,12.0,E-3,51,2,0,0.6685407757759094,True,0.2318434715270996,False,0.2949806749820709,False
735,p0n773,28,0.75,0.25,3924.0,12.0,G3,55,2,0,0.7472265362739563,True,0.5079829096794128,True,0.545016348361969,True
736,p0n772,28,0.75,0.25,3924.0,12.0,E-3,51,2,0,0.8263531923294067,True,0.5114635825157166,True,0.41056033968925476,False
737,p0n771,28,0.75,0.25,3924.0,12.0,D3,50,2,0,0.3241862952709198,False,0.24628710746765137,False,0.31312915682792664,False
738,p0n777,28,1.0,0.25,3936.0,12.0,G3,55,2,0,0.8769928216934204,True,0.6245723962783813,True,0.5595372319221497,True
739,p0n776,28,1.0,0.25,3936.0,12.0,E-3,51,2,0,0.8451747894287109,True,0.7789989113807678,True,0.557784914970398,True
740,p0n775,28,1.0,0.25,3936.0,12.0,D3,50,2,0,0.6555864810943604,True,0.6759719252586365,True,0.4372459053993225,False
741,p0n780,28,1.25,0.25,3948.0,12.0,G3,55,2,0,0.7243650555610657,True,0.22158464789390564,False,0.2642800211906433,False
742,p0n779,28,1.25,0.25,3948.0,12.0,E-3,51,2,0,0.7417770624160767,True,0.4772518575191498,False,0.32941505312919617,False
743,p0n778,28,1.25,0.25,3948.0,12.0,C3,48,2,0,0.5029231309890747,True,0.786967396736145,True,0.4856201410293579,False
744,p0n783,28,1.5,0.25,3960.0,12.0,G3,55,2,0,0.8609102368354797,True,0.3318720757961273,False,0.2622680962085724,False
745,p0n782,28,1.5,0.25,3960.0,12.0,E-3,51,2,0,0.9075317978858948,True,0.6169651746749878,True,0.49431705474853516,False
746,p0n781,28,1.5,0.25,3960.0,12.0,C3,48,2,0,0.5588600039482117,True,0.6123300194740295,True,0.433485746383667,False
747,p0n784,28,1.75,0.25,3972.0,12.0,G4,67,1,0,0.9013660550117493,True,0.3804989159107208,False,0.3624266982078552,False
748,p0n787,28,1.75,0.25,3972.0,12.0,G3,55,2,0,0.7750605344772339,True,0.28257501125335693,False,0.27905577421188354,False
749,p0n786,28,1.75,0.25,3972.0,12.0,E-3,51,2,0,0.8644850254058838,True,0.5450174808502197,True,0.4035044312477112,False
750,p0n785,28,1.75,0.25,3972.0,12.0,B-2,46,2,0,0.04554969444870949,False,0.13203294575214386,False,0.280154287815094,False
751,p0n788,28,2.0,0.25,3984.0,12.0,A-4,68,1,0,0.7477967143058777,True,0.4318345785140991,False,0.3300432562828064,False
752,p0n791,28,2.0,0.25,3984.0,12.0,G3,55,2,0,0.8690981268882751,True,0.29904165863990784,False,0.28566041588783264,False
753,p0n790,28,2.0,0.25,3984.0,12.0,E-3,51,2,0,0.9011355638504028,True,0.5924932360649109,True,0.466293603181839,False
754,p0n789,28,2.0,0.25,3984.0,12.0,B-2,46,2,0,0.09465701878070831,False,0.14244146645069122,False,0.281226247549057,False
755,p0n792,28,2.25,0.25,3996.0,12.0,B-4,70,1,0,0.5291070342063904,True,0.0650145560503006,False,0.2712450921535492,False
756,p0n795,28,2.25,0.25,3996.0,12.0,G3,55,2,0,0.7321142554283142,True,0.1995547115802765,False,0.269580602645874,False
757,p0n794,28,2.25,0.25,3996.0,12.0,E-3,51,2,0,0.8140462040901184,True,0.2686821520328522,False,0.2989579737186432,False
758,p0n793,28,2.25,0.25,3996.0,12.0,A-2,44,2,0,0.5365777015686035,True,0.32293379306793213,False,0.28542962670326233,False
759,p0n796,28,2.5,0.25,4008.0,12.0,C5,72,1,0,0.9694669246673584,True,0.739640474319458,True,0.6257812976837158,True
760,p0n799,28,2.5,0.25,4008.0,12.0,G3,55,2,0,0.8446803092956543,True,0.14460539817810059,False,0.2693416178226471,False
761,p0n798,28,2.5,0.25,4008.0,12.0,E-3,51,2,0,0.914609968662262,True,0.36597761511802673,False,0.3069968819618225,False
762,p0n797,28,2.5,0.25,4008.0,12.0,G2,43,2,0,0.9866939783096313,True,0.8151927590370178,True,0.28451067209243774,False
763,p0n800,28,2.75,0.25,4020.0,12.0,D5,74,1,0,0.6366793513298035,True,0.9135629534721375,True,0.4111613631248474,False
764,p0n803,28,2.75,0.25,4020.0,12.0,G3,55,2,0,0.8121737241744995,True,0.29178866744041443,False,0.26073989272117615,False
765,p0n802,28,2.75,0.25,4020.0,12.0,E-3,51,2,0,0.9135338068008423,True,0.6727033257484436,True,0.4387502372264862,False
766,p0n801,28,2.75,0.25,4020.0,12.0,G2,43,2,0,0.9418371319770813,True,0.8653068542480469,True,0.3312164545059204,False
767,p0n804,29,0.0,0.5,4032.0,24.0,E-5,75,1,0,0.8544193506240845,True,0.6549162864685059,True,0.5460031628608704,True
768,p0n805,29,0.0,0.25,4032.0,12.0,G2,43,2,0,0.9628362655639648,True,0.7930469512939453,True,0.28277498483657837,False
769,p0n807,29,0.25,0.25,4044.0,12.0,G3,55,2,0,0.7245342135429382,True,0.21965613961219788,False,0.27805402874946594,False
770,p0n806,29,0.25,0.25,4044.0,12.0,E-3,51,2,0,0.8780857920646667,True,0.4192323684692383,False,0.34811466932296753,False
771,p0n808,29,0.5,0.5,4056.0,24.0,B-4,70,1,0,0.5498833060264587,True,0.024823641404509544,False,0.2816234529018402,False
772,p0n810,29,0.5,0.25,4056.0,12.0,G3,55,2,0,0.774174153804779,True,0.11470082402229309,False,0.2718741297721863,False
773,p0n809,29,0.5,0.25,4056.0,12.0,E-3,51,2,0,0.8291507959365845,True,0.169728621840477,False,0.2912856936454773,False
774,p0n813,29,0.75,0.25,4068.0,12.0,G3,55,2,0,0.7207165956497192,True,0.5393147468566895,True,0.6230509281158447,True
775,p0n812,29,0.75,0.25,4068.0,12.0,E-3,51,2,0,0.9046173691749573,True,0.5114880800247192,True,0.45663490891456604,False
776,p0n811,29,0.75,0.25,4068.0,12.0,D3,50,2,0,0.6484977006912231,True,0.4309236407279968,False,0.3305134177207947,False
777,p0n817,29,1.0,0.25,4080.0,12.0,G3,55,2,0,0.9104156494140625,True,0.7288851737976074,True,0.6746594309806824,True
778,p0n816,29,1.0,0.25,4080.0,12.0,E-3,51,2,0,0.8859353065490723,True,0.8343604803085327,True,0.633344292640686,True
779,p0n815,29,1.0,0.25,4080.0,12.0,D3,50,2,0,0.8902164101600647,True,0.7840213179588318,True,0.5278021693229675,True
780,p0n820,29,1.25,0.25,4092.0,12.0,G3,55,2,0,0.740872859954834,True,0.2122623324394226,False,0.27092987298965454,False
781,p0n819,29,1.25,0.25,4092.0,12.0,E-3,51,2,0,0.6657268404960632,True,0.4708605110645294,False,0.3183014392852783,False
782,p0n818,29,1.25,0.25,4092.0,12.0,C3,48,2,0,0.6141363382339478,True,0.8937957882881165,True,0.5843896269798279,True
783,p0n823,29,1.5,0.25,4104.0,12.0,G3,55,2,0,0.9008854031562805,True,0.33848774433135986,False,0.26710161566734314,False
784,p0n822,29,1.5,0.25,4104.0,12.0,E-3,51,2,0,0.8293129205703735,True,0.563023030757904,True,0.4432060420513153,False
785,p0n821,29,1.5,0.25,4104.0,12.0,C3,48,2,0,0.5316257476806641,True,0.6838992238044739,True,0.501305878162384,True
786,p0n824,29,1.75,0.25,4116.0,12.0,D5,74,1,0,0.48758968710899353,False,0.3718539774417877,False,0.35364317893981934,False
787,p0n827,29,1.75,0.25,4116.0,12.0,G3,55,2,0,0.8376508355140686,True,0.3415122330188751,False,0.28325748443603516,False
788,p0n826,29,1.75,0.25,4116.0,12.0,E-3,51,2,0,0.7739909291267395,True,0.4501744210720062,False,0.3234793543815613,False
789,p0n825,29,1.75,0.25,4116.0,12.0,B-2,46,2,0,0.05368465557694435,False,0.13140708208084106,False,0.28008124232292175,False
790,p0n828,29,2.0,0.25,4128.0,12.0,E-5,75,1,0,0.9395691752433777,True,0.4760281443595886,False,0.4150351285934448,False
791,p0n831,29,2.0,0.25,4128.0,12.0,G3,55,2,0,0.926706075668335,True,0.3444395065307617,False,0.29574358463287354,False
792,p0n830,29,2.0,0.25,4128.0,12.0,E-3,51,2,0,0.909652829170227,True,0.5711793899536133,True,0.4516954720020294,False
793,p0n829,29,2.0,0.25,4128.0,12.0,B-2,46,2,0,0.16171325743198395,False,0.1511230617761612,False,0.2831442952156067,False
794,p0n832,29,2.25,0.25,4140.0,12.0,F5,77,1,0,0.08127745240926743,False,0.11035387217998505,False,0.27127572894096375,False
795,p0n835,29,2.25,0.25,4140.0,12.0,G3,55,2,0,0.7753829956054688,True,0.18615970015525818,False,0.2718215882778168,False
796,p0n834,29,2.25,0.25,4140.0,12.0,E-3,51,2,0,0.6890708208084106,True,0.28522244095802307,False,0.2858388125896454,False
797,p0n833,29,2.25,0.25,4140.0,12.0,A-2,44,2,0,0.362688809633255,False,0.13950392603874207,False,0.28315073251724243,False
798,p0n836,29,2.5,0.25,4152.0,12.0,G5,79,1,0,0.9586296081542969,True,0.6846570372581482,True,0.4606172740459442,False
799,p0n839,29,2.5,0.25,4152.0,12.0,G3,55,2,0,0.8944821953773499,True,0.17346647381782532,False,0.26997002959251404,False
800,p0n838,29,2.5,0.25,4152.0,12.0,E-3,51,2,0,0.9173758625984192,True,0.37767449021339417,False,0.3053867220878601,False
801,p0n837,29,2.5,0.25,4152.0,12.0,G2,43,2,0,0.9776968955993652,True,0.7693009376525879,True,0.15919433534145355,False
802,p0n840,29,2.75,0.25,4164.0,12.0,A-5,80,1,0,0.5728729963302612,True,0.3669755160808563,False,0.2609710395336151,False
803,p0n843,29,2.75,0.25,4164.0,12.0,G3,55,2,0,0.839870810508728,True,0.25650274753570557,False,0.26197293400764465,False
804,p0n842,29,2.75,0.25,4164.0,12.0,E-3,51,2,0,0.8646564483642578,True,0.5946481227874756,True,0.3823090195655823,False
805,p0n841,29,2.75,0.25,4164.0,12.0,G2,43,2,0,0.8884966373443604,True,0.8152087330818176,True,0.2332332283258438,False
806,p0n844,30,0.0,0.5,4176.0,24.0,B-5,82,1,0,0.7369984984397888,True,0.797728955745697,True,0.7372187376022339,True
807,p0n845,30,0.0,0.25,4176.0,12.0,G2,43,2,0,0.9507110118865967,True,0.7605286240577698,True,0.2521806061267853,False
808,p0n847,30,0.25,0.25,4188.0,12.0,G3,55,2,0,0.7935137748718262,True,0.2791350781917572,False,0.28688862919807434,False
809,p0n846,30,0.25,0.25,4188.0,12.0,E-3,51,2,0,0.8100711703300476,True,0.38844528794288635,False,0.3266488015651703,False
810,p0n848,30,0.5,0.5,4200.0,24.0,E-5,75,1,0,0.4125077724456787,False,0.2902739644050598,False,0.3131753206253052,False
811,p0n850,30,0.5,0.25,4200.0,12.0,G3,55,2,0,0.8716961741447449,True,0.1290207952260971,False,0.27313104271888733,False
812,p0n849,30,0.5,0.25,4200.0,12.0,E-3,51,2,0,0.7704925537109375,True,0.1905663162469864,False,0.28527963161468506,False
813,p0n853,30,0.75,0.25,4212.0,12.0,G3,55,2,0,0.8044244647026062,True,0.6203601360321045,True,0.6227530241012573,True
814,p0n852,30,0.75,0.25,4212.0,12.0,E-3,51,2,0,0.8955361247062683,True,0.30570146441459656,False,0.30232691764831543,False
815,p0n851,30,0.75,0.25,4212.0,12.0,D3,50,2,0,0.5311511754989624,True,0.24515379965305328,False,0.2950466275215149,False
816,p0n857,30,1.0,0.25,4224.0,12.0,G3,55,2,0,0.9517200589179993,True,0.7418242692947388,True,0.67914217710495,True
817,p0n856,30,1.0,0.25,4224.0,12.0,E-3,51,2,0,0.750237226486206,True,0.3804394602775574,False,0.3415622413158417,False
818,p0n855,30,1.0,0.25,4224.0,12.0,D3,50,2,0,0.8808704018592834,True,0.9260337352752686,True,0.7444765567779541,True
819,p0n860,30,1.25,0.25,4236.0,12.0,G3,55,2,0,0.8619610071182251,True,0.20708444714546204,False,0.2760179340839386,False
820,p0n859,30,1.25,0.25,4236.0,12.0,E-3,51,2,0,0.42689162492752075,False,0.20277811586856842,False,0.2871893346309662,False
821,p0n858,30,1.25,0.25,4236.0,12.0,C3,48,2,0,0.904772162437439,True,0.9819186925888062,True,0.8789255023002625,True
822,p0n863,30,1.5,0.25,4248.0,12.0,G3,55,2,0,0.9365926384925842,True,0.31535086035728455,False,0.2566714882850647,False
823,p0n862,30,1.5,0.25,4248.0,12.0,E-3,51,2,0,0.7793158292770386,True,0.5231426358222961,True,0.4982225000858307,False
824,p0n861,30,1.5,0.25,4248.0,12.0,C3,48,2,0,0.6169714331626892,True,0.7443280220031738,True,0.7137463688850403,True
825,p0n864,30,1.75,0.25,4260.0,12.0,E-6,87,1,0,0.8435385823249817,True,0.9723606705665588,True,0.713062584400177,True
826,p0n867,30,1.75,0.25,4260.0,12.0,G3,55,2,0,0.904740571975708,True,0.3359539210796356,False,0.2839268445968628,False
827,p0n866,30,1.75,0.25,4260.0,12.0,E-3,51,2,0,0.753343939781189,True,0.3772192895412445,False,0.310048907995224,False
828,p0n865,30,1.75,0.25,4260.0,12.0,B-2,46,2,0,0.09112527966499329,False,0.14012466371059418,False,0.2812046408653259,False
829,p0n868,30,2.0,0.25,4272.0,12.0,F6,89,1,0,0.7383877635002136,True,0.6902978420257568,True,0.5346274375915527,True
830,p0n871,30,2.0,0.25,4272.0,12.0,G3,55,2,0,0.9416658282279968,True,0.33188799023628235,False,0.28874048590660095,False
831,p0n870,30,2.0,0.25,4272.0,12.0,E-3,51,2,0,0.9092486500740051,True,0.5742380023002625,True,0.44956427812576294,False
832,p0n869,30,2.0,0.25,4272.0,12.0,B-2,46,2,0,0.22905489802360535,False,0.1842406690120697,False,0.2887483537197113,False
833,p0n872,30,2.25,0.25,4284.0,12.0,G6,91,1,0,0.5444905757904053,True,0.4979779124259949,False,0.29253777861595154,False
834,p0n875,30,2.25,0.25,4284.0,12.0,G3,55,2,0,0.8176416158676147,True,0.18979448080062866,False,0.27235645055770874,False
835,p0n874,30,2.25,0.25,4284.0,12.0,E-3,51,2,0,0.7703617811203003,True,0.1763649731874466,False,0.2782612442970276,False
836,p0n873,30,2.25,0.25,4284.0,12.0,A-2,44,2,0,0.5175111293792725,True,0.48245787620544434,False,0.30541151762008667,False
837,p0n876,30,2.5,0.25,4296.0,12.0,A-6,92,1,0,0.8070035576820374,True,0.3062369227409363,False,0.29454949498176575,False
838,p0n879,30,2.5,0.25,4296.0,12.0,G3,55,2,0,0.7830387353897095,True,0.15654493868350983,False,0.26069381833076477,False
839,p0n878,30,2.5,0.25,4296.0,12.0,E-3,51,2,0,0.8638051748275757,True,0.12914970517158508,False,0.28660544753074646,False
840,p0n877,30,2.5,0.25,4296.0,12.0,G2,43,2,0,0.9365924596786499,True,0.7845038771629333,True,0.2807263135910034,False
841,p0n880,30,2.75,0.25,4308.0,12.0,B-6,94,1,0,0.8285470604896545,True,0.6904845237731934,True,0.4715432822704315,False
842,p0n883,30,2.75,0.25,4308.0,12.0,G3,55,2,0,0.7557708024978638,True,0.5472362041473389,True,0.47118645906448364,False
843,p0n882,30,2.75,0.25,4308.0,12.0,E-3,51,2,0,0.5816622972488403,True,0.24019762873649597,False,0.2765607237815857,False
844,p0n881,30,2.75,0.25,4308.0,12.0,G2,43,2,0,0.9276678562164307,True,0.9059289693832397,True,0.3296399712562561,False
845,p0n884,31,0.0,1.0,4320.0,48.0,C7,96,1,0,0.9608082175254822,True,0.9681039452552795,True,0.7409781217575073,True
846,p0n887,31,0.0,1.0,4320.0,48.0,F3,53,2,0,0.5007216930389404,True,0.9258900284767151,True,0.602942168712616,True
847,p0n886,31,0.0,1.0,4320.0,48.0,E-3,51,2,0,0.9735915660858154,True,0.6980187296867371,True,0.4790782332420349,False
848,p0n885,31,0.0,1.0,4320.0,48.0,A-2,44,2,0,0.8776066303253174,True,0.4333106279373169,False,0.3696134686470032,False
849,p0n890,31,1.75,0.25,4404.0,12.0,F4,65,1,0,0.9118059873580933,True,0.9267289638519287,True,0.7788578271865845,True
850,p0n893,31,1.75,0.25,4404.0,12.0,F3,53,2,0,0.28767281770706177,False,0.23518526554107666,False,0.2918687164783478,False
851,p0n892,31,1.75,0.25,4404.0,12.0,E-3,51,2,0,0.5395930409431458,True,0.2814261019229889,False,0.2817811965942383,False
852,p0n891,31,1.75,0.25,4404.0,12.0,A2,45,2,0,0.5884416103363037,True,0.34776782989501953,False,0.2990768849849701,False
853,p0n895,31,2.0,0.5,4416.0,24.0,B-4,70,1,0,0.4865933656692505,False,0.49125468730926514,False,0.40068885684013367,False
854,p0n894,31,2.0,0.5,4416.0,24.0,F4,65,1,0,0.8517975807189941,True,0.8112747073173523,True,0.7601321339607239,True
855,p0n898,31,2.0,0.5,4416.0,24.0,F3,53,2,0,0.5053904056549072,True,0.9044178128242493,True,0.749527096748352,True
856,p0n897,31,2.0,0.5,4416.0,24.0,D3,50,2,0,0.9041814208030701,True,0.8457463383674622,True,0.7207765579223633,True
857,p0n896,31,2.0,0.5,4416.0,24.0,B-2,46,2,0,0.03600382059812546,False,0.14608830213546753,False,0.2810596227645874,False
858,p0n902,31,2.75,0.25,4452.0,12.0,B-4,70,1,0,0.2763659358024597,False,0.2587200701236725,False,0.3066472113132477,False
859,p0n901,31,2.75,0.25,4452.0,12.0,F4,65,1,0,0.5452885627746582,True,0.4823039174079895,False,0.3541466295719147,False
860,p0n904,31,2.75,0.25,4452.0,12.0,D3,50,2,0,0.5042612552642822,True,0.6229172348976135,True,0.6887855529785156,True
861,p0n903,31,2.75,0.25,4452.0,12.0,B-2,46,2,0,0.05200167000293732,False,0.137892946600914,False,0.280767560005188,False
862,p0n906,32,0.0,1.0,4464.0,48.0,A4,69,1,0,0.9349613785743713,True,0.9592947959899902,True,0.8852818012237549,True
863,p0n905,32,0.0,1.0,4464.0,48.0,F4,65,1,0,0.9350420236587524,True,0.9967997074127197,True,0.9571124315261841,True
864,p0n908,32,0.0,1.0,4464.0,48.0,E-3,51,2,0,0.9785868525505066,True,0.9838632345199585,True,0.8754170536994934,True
865,p0n907,32,0.0,1.0,4464.0,48.0,C3,48,2,0,0.8291453123092651,True,0.9905518293380737,True,0.8612903356552124,True
866,p0n910,32,1.0,1.0,4512.0,48.0,A-4,68,1,0,0.9385261535644531,True,0.927356481552124,True,0.6301814317703247,True
867,p0n909,32,1.0,1.0,4512.0,48.0,F4,65,1,0,0.9306206703186035,True,0.9325539469718933,True,0.798623263835907,True
868,p0n912,32,1.0,1.0,4512.0,48.0,C-4,59,2,0,0.8769562244415283,True,0.9950245022773743,True,0.8540542721748352,True
869,p0n911,32,1.0,1.0,4512.0,48.0,D3,50,2,0,0.48730897903442383,False,0.6080933809280396,True,0.4724503755569458,False
870,p0n913,32,2.0,0.25,4560.0,12.0,G4,67,1,0,0.9848485589027405,True,0.8899574279785156,True,0.34826239943504333,False
871,p0n915,32,2.0,0.25,4560.0,12.0,B-3,58,2,0,0.18658560514450073,False,0.1616121083498001,False,0.2848958373069763,False
872,p0n914,32,2.0,0.25,4560.0,12.0,E-3,51,2,0,0.9839786887168884,True,0.6558005213737488,True,0.6093785762786865,True
873,p0n916,32,2.25,0.25,4572.0,12.0,E-6,87,1,0,0.8870401978492737,True,0.9465640783309937,True,0.6315417885780334,True
874,p0n918,32,2.25,0.25,4572.0,12.0,G4,67,2,0,0.9646422266960144,True,0.8772009015083313,True,0.25765690207481384,False
875,p0n917,32,2.25,0.25,4572.0,12.0,E-4,63,2,0,0.9879254102706909,True,0.6849233508110046,True,0.20671696960926056,False
876,p0n919,32,2.5,0.25,4584.0,12.0,D6,86,1,0,0.1435524821281433,False,0.14776772260665894,False,0.2964477837085724,False
877,p0n921,32,2.5,0.25,4584.0,12.0,A-4,68,2,0,0.8528841137886047,True,0.5396219491958618,True,0.32297608256340027,False
878,p0n920,32,2.5,0.25,4584.0,12.0,F4,65,2,0,0.7944333553314209,True,0.41528189182281494,False,0.3492945730686188,False
879,p0n922,32,2.75,0.25,4596.0,12.0,D-6,85,1,0,0.16544821858406067,False,0.1633184850215912,False,0.27568283677101135,False
880,p0n924,32,2.75,0.25,4596.0,12.0,B-4,70,2,0,0.16645480692386627,False,0.17672450840473175,False,0.28759849071502686,False
881,p0n923,32,2.75,0.25,4596.0,12.0,G4,67,2,0,0.7413789629936218,True,0.7640201449394226,True,0.43775391578674316,False
882,p0n925,33,0.0,0.125,4608.0,6.0,C6,84,1,0,0.6192333698272705,True,0.9900597333908081,True,0.828758955001831,True
883,p0n927,33,0.0,0.5,4608.0,24.0,C5,72,2,0,0.996411144733429,True,0.9870425462722778,True,0.791212260723114,True
884,p0n926,33,0.0,0.5,4608.0,24.0,A-4,68,2,0,0.9547291994094849,True,0.9884140491485596,True,0.8666463494300842,True
885,p0n928,33,0.125,0.125,4614.0,6.0,B-5,82,1,0,0.38626357913017273,False,0.20381344854831696,False,0.3031995892524719,False
886,p0n929,33,0.25,0.125,4620.0,6.0,A-5,80,1,0,0.8406426310539246,True,0.45116060972213745,False,0.37152960896492004,False
887,p0n930,33,0.375,0.125,4626.0,6.0,G5,79,1,0,0.8155487179756165,True,0.867976188659668,True,0.8048162460327148,True
888,p0n931,33,0.5,0.125,4632.0,6.0,G-5,78,1,0,0.9512701034545898,True,0.9074941277503967,True,0.605181872844696,True
889,p0n933,33,0.625,0.125,4638.0,6.0,F5,77,1,0,0.7197619080543518,True,0.5056758522987366,True,0.259505033493042,False
890,p0n934,33,0.75,0.125,4644.0,6.0,E5,76,1,0,0.03127436339855194,False,0.10724301636219025,False,0.26891884207725525,False
891,p0n935,33,0.875,0.125,4650.0,6.0,E-5,75,1,0,0.5770235657691956,True,0.46618202328681946,False,0.3311059772968292,False
892,p0n936,33,1.0,0.125,4656.0,6.0,D5,74,1,0,0.946641206741333,True,0.7759747505187988,True,0.3609754145145416,False
893,p0n938,33,1.125,0.125,4662.0,6.0,D-5,73,1,0,0.23341432213783264,False,0.13591235876083374,False,0.2760319709777832,False
894,p0n939,33,1.25,0.125,4668.0,6.0,C5,72,1,0,0.9946235418319702,True,0.9332731366157532,True,0.47675055265426636,False
895,p0n940,33,1.375,0.125,4674.0,6.0,C-5,71,1,0,0.5794841051101685,True,0.7762628197669983,True,0.6468735933303833,True
896,p0n941,33,1.5,0.125,4680.0,6.0,B-4,70,1,0,0.10306459665298462,False,0.15534403920173645,False,0.29253917932510376,False
897,p0n942,33,1.625,0.125,4686.0,6.0,A-4,68,1,0,0.8705240488052368,True,0.39559221267700195,False,0.2947700023651123,False
898,p0n943,33,1.75,0.125,4692.0,6.0,G4,67,1,0,0.6104313731193542,True,0.6822230815887451,True,0.3347345292568207,False
899,p0n946,33,1.75,0.25,4692.0,12.0,F3,53,2,0,0.6838465929031372,True,0.8418219089508057,True,0.3965689241886139,False
900,p0n945,33,1.75,0.25,4692.0,12.0,E-3,51,2,0,0.8956031799316406,True,0.6158386468887329,True,0.6204679012298584,True
901,p0n944,33,1.75,0.25,4692.0,12.0,A2,45,2,0,0.6620712280273438,True,0.2567698657512665,False,0.2893315851688385,False
902,p0n947,33,1.875,0.125,4698.0,6.0,F4,65,1,0,0.9683930277824402,True,0.6736465096473694,True,0.5398382544517517,True
903,p0n949,33,2.0,0.5,4704.0,24.0,B-4,70,1,0,0.3604843020439148,False,0.19027495384216309,False,0.29141804575920105,False
904,p0n948,33,2.0,0.5,4704.0,24.0,D4,62,1,0,0.6990771293640137,True,0.911432147026062,True,0.6727181673049927,True
905,p0n951,33,2.0,0.5,4704.0,24.0,F3,53,2,0,0.9006709456443787,True,0.8158690929412842,True,0.6081828474998474,True
906,p0n950,33,2.0,0.5,4704.0,24.0,B-2,46,2,0,0.16090472042560577,False,0.18209867179393768,False,0.28887954354286194,False
907,p0n955,33,2.75,0.25,4740.0,12.0,B-4,70,1,0,0.11849448084831238,False,0.14264361560344696,False,0.28180766105651855,False
908,p0n954,33,2.75,0.25,4740.0,12.0,D4,62,1,0,0.48348021507263184,False,0.2945895791053772,False,0.3259987235069275,False
909,p0n957,33,2.75,0.25,4740.0,12.0,A-3,56,2,0,0.853351891040802,True,0.6307803392410278,True,0.6539663672447205,True
910,p0n956,33,2.75,0.25,4740.0,12.0,B-2,46,2,0,0.0318417102098465,False,0.13203953206539154,False,0.279872864484787,False
911,p0n958,34,0.0,0.5,4752.0,24.0,B-4,70,1,0,0.3758997321128845,False,0.3809604346752167,False,0.3559481203556061,False
912,p0n959,34,0.0,2.25,4752.0,108.0,E-4,63,1,0,0.8177590370178223,True,0.9785342216491699,True,0.32158270478248596,False
913,p0n960,34,0.0,0.5,4752.0,24.0,G3,55,2,0,0.6452890634536743,True,0.8784157037734985,True,0.31659460067749023,False
914,p0n961,34,0.0,1.25,4752.0,60.0,E-3,51,2,0,0.9568313956260681,True,0.9648630619049072,True,0.9073641896247864,True
915,p0n962,34,0.5,0.25,4776.0,12.0,C5,72,1,0,0.9750103950500488,True,0.6626777648925781,True,0.5555938482284546,True
916,p0n963,34,0.5,0.25,4776.0,12.0,A-3,56,2,0,0.6900942921638489,True,0.1818443089723587,False,0.31481465697288513,False
917,p0n964,34,0.75,0.25,4788.0,12.0,B-4,70,1,0,0.24170474708080292,False,0.1475125253200531,False,0.28293129801750183,False
918,p0n965,34,0.75,0.25,4788.0,12.0,G3,55,2,0,0.511461079120636,True,0.4385104179382324,False,0.23165640234947205,False
919,p0n966,34,1.0,0.25,4800.0,12.0,A-4,68,1,0,0.9813950657844543,True,0.76358562707901,True,0.5999231338500977,True
920,p0n967,34,1.0,0.25,4800.0,12.0,F3,53,2,0,0.919148325920105,True,0.7725334167480469,True,0.5477831959724426,True
921,p0n969,34,1.25,0.25,4812.0,12.0,G4,67,1,0,0.5496985912322998,True,0.5594590902328491,True,0.21959169209003448,False
922,p0n970,34,1.25,0.25,4812.0,12.0,E-3,51,2,0,0.9426986575126648,True,0.8701671361923218,True,0.7749947309494019,True
923,p0n972,34,1.5,0.25,4824.0,12.0,F4,65,1,0,0.9402638077735901,True,0.2242908775806427,False,0.30416902899742126,False
924,p0n973,34,1.5,0.25,4824.0,12.0,D3,50,2,0,0.8580290675163269,True,0.6505635380744934,True,0.4825769364833832,False
925,p0n975,34,1.75,0.25,4836.0,12.0,G4,67,1,0,0.7224276065826416,True,0.4786604046821594,False,0.3088468015193939,False
926,p0n976,34,1.75,0.25,4836.0,12.0,E-3,51,2,0,0.7813917994499207,True,0.5721556544303894,True,0.6031214594841003,True
927,p0n977,34,2.0,1.0,4848.0,48.0,A-4,68,1,0,0.9927029609680176,True,0.3846829831600189,False,0.3730873167514801,False
928,p0n979,34,2.0,1.0,4848.0,48.0,F3,53,2,0,0.9273053407669067,True,0.6521497368812561,True,0.4849398732185364,False
929,p0n980,34,2.0,1.0,4848.0,48.0,B-2,46,2,0,0.20081111788749695,False,0.2589572072029114,False,0.3053589165210724,False
930,p0n981,34,2.25,0.25,4860.0,12.0,C4,60,1,0,0.8557754755020142,True,0.7329789996147156,True,0.18270419538021088,False
931,p0n982,34,2.5,0.25,4872.0,12.0,E-4,63,1,0,0.2315007597208023,False,0.14252083003520966,False,0.28746891021728516,False
932,p0n983,34,2.75,0.25,4884.0,12.0,D4,62,1,0,0.14130666851997375,False,0.18674033880233765,False,0.29441723227500916,False
933,p0n985,35,0.0,0.25,4896.0,12.0,G4,67,1,0,0.9703881740570068,True,0.8627052903175354,True,0.5270459055900574,True
934,p0n984,35,0.0,0.25,4896.0,12.0,E-4,63,1,0,0.6137757301330566,True,0.9201619029045105,True,0.5865321755409241,True
935,p0n986,35,0.0,0.25,4896.0,12.0,E-3,51,2,0,0.9671995639801025,True,0.8744091987609863,True,0.7559633851051331,True
936,p0n987,35,0.0,1.25,4896.0,60.0,E-2,39,2,0,0.9448748230934143,True,0.6064608693122864,True,0.34566426277160645,False
937,p0n988,35,0.25,0.25,4908.0,12.0,B-3,58,1,0,0.5022678375244141,True,0.6316977143287659,True,0.3869699239730835,False
938,p0n989,35,0.25,0.25,4908.0,12.0,G2,43,2,0,0.860673189163208,True,0.9477452635765076,True,0.39388832449913025,False
939,p0n990,35,0.5,0.25,4920.0,12.0,C4,60,1,0,0.9035158753395081,True,0.7219151854515076,True,0.23126982152462006,False
940,p0n991,35,0.5,0.25,4920.0,12.0,A-2,44,2,0,0.7471367120742798,True,0.1986222267150879,False,0.26419517397880554,False
941,p0n992,35,0.75,0.25,4932.0,12.0,B-3,58,1,0,0.6281936764717102,True,0.2996770143508911,False,0.3167528808116913,False
942,p0n993,35,0.75,0.25,4932.0,12.0,G2,43,2,0,0.82686847448349,True,0.8454475402832031,True,0.3388853967189789,False
943,p0n994,35,1.0,0.25,4944.0,12.0,A-3,56,1,0,0.21016275882720947,False,0.25027528405189514,False,0.3069469928741455,False
944,p0n995,35,1.0,0.25,4944.0,12.0,F2,41,2,0,0.11333359032869339,False,0.21639612317085266,False,0.29018887877464294,False
945,p0n997,35,1.25,0.25,4956.0,12.0,G3,55,1,0,0.5474718809127808,True,0.8608180284500122,True,0.2906164526939392,False
946,p0n998,35,1.25,0.25,4956.0,12.0,E-2,39,2,0,0.8604733347892761,True,0.6554868221282959,True,0.5451660752296448,True
947,p0n1000,35,1.5,0.25,4968.0,12.0,F3,53,1,0,0.8732728958129883,True,0.7835003733634949,True,0.5162134766578674,True
948,p0n1001,35,1.5,0.25,4968.0,12.0,D2,38,2,0,0.9023165702819824,True,0.49038442969322205,False,0.4168544411659241,False
949,p0n1003,35,1.75,0.25,4980.0,12.0,G3,55,1,0,0.6491654515266418,True,0.7909582257270813,True,0.3729523718357086,False
950,p0n1004,35,1.75,0.25,4980.0,12.0,E-2,39,2,0,0.9602946639060974,True,0.8479033708572388,True,0.6939123868942261,True
951,p0n1005,35,2.0,0.25,4992.0,12.0,E-4,63,1,0,0.5672484040260315,True,0.9173856377601624,True,0.4666312634944916,False
952,p0n1006,35,2.0,1.0,4992.0,48.0,A-3,56,1,0,0.5484495759010315,True,0.5224713683128357,True,0.46137502789497375,False
953,p0n1008,35,2.0,1.0,4992.0,48.0,F2,41,2,0,0.727978527545929,True,0.9235225915908813,True,0.8039550185203552,True
954,p0n1007,35,2.0,1.0,4992.0,48.0,B-1,34,2,0,0.557464063167572,True,0.42490169405937195,False,0.3674975633621216,False
955,p0n1009,35,2.25,0.25,5004.0,12.0,C4,60,1,0,0.7673395276069641,True,0.9667960405349731,True,0.581130862236023,True
956,p0n1010,35,2.5,0.25,5016.0,12.0,E-4,63,1,0,0.7378467917442322,True,0.8556527495384216,True,0.46437451243400574,False
957,p0n1011,35,2.75,0.25,5028.0,12.0,D4,62,1,0,0.6688492894172668,True,0.4937416911125183,False,0.36482518911361694,False
958,p0n1012,36,0.0,0.25,5040.0,12.0,F4,65,1,0,0.9608476161956787,True,0.938152015209198,True,0.4593140780925751,False
959,p0n1013,36,0.0,1.0,5040.0,48.0,G3,55,1,0,0.8706412315368652,True,0.9500302076339722,True,0.743056058883667,True
960,p0n1015,36,0.0,1.0,5040.0,48.0,G2,43,2,0,0.8668006658554077,True,0.9500448107719421,True,0.4852285087108612,False
961,p0n1014,36,0.0,1.0,5040.0,48.0,E-2,39,2,0,0.9850181937217712,True,0.9422029256820679,True,0.6970521211624146,True
962,p0n1016,36,0.25,0.25,5052.0,12.0,D4,62,1,0,0.4462418258190155,False,0.4080277383327484,False,0.36251136660575867,False
963,p0n1017,36,0.5,0.25,5064.0,12.0,F4,65,1,0,0.9751590490341187,True,0.25592201948165894,False,0.2949337661266327,False
964,p0n1018,36,0.75,0.25,5076.0,12.0,E-4,63,1,0,0.9812865853309631,True,0.980708658695221,True,0.7760888934135437,True
965,p0n1019,36,1.0,0.25,5088.0,12.0,A-4,68,1,0,0.947664737701416,True,0.47924530506134033,False,0.3320132791996002,False
966,p0n1023,36,1.0,3.0,5088.0,144.0,E-3,51,2,0,0.9138588309288025,True,0.9682923555374146,True,0.8118013739585876,True
967,p0n1022,36,1.0,3.0,5088.0,144.0,B-2,46,2,0,0.37052157521247864,False,0.3936895728111267,False,0.36198192834854126,False
968,p0n1021,36,1.0,3.0,5088.0,144.0,G2,43,2,0,0.8383226990699768,True,0.9535202980041504,True,0.5128295421600342,True
969,p0n1020,36,1.0,3.0,5088.0,144.0,E-2,39,2,0,0.9473585486412048,True,0.9753233790397644,True,0.8332893252372742,True
970,p0n1024,36,1.25,0.25,5100.0,12.0,F4,65,1,0,0.9357595443725586,True,0.9337577819824219,True,0.5494272112846375,True
971,p0n1025,36,1.5,0.25,5112.0,12.0,A-4,68,1,0,0.8391901254653931,True,0.3686780333518982,False,0.3073122501373291,False
972,p0n1026,36,1.75,0.25,5124.0,12.0,G4,67,1,0,0.9620598554611206,True,0.9746743440628052,True,0.43285897374153137,False
973,p0n1027,36,2.0,0.25,5136.0,12.0,C5,72,1,0,0.9558749794960022,True,0.7503648400306702,True,0.5521445870399475,True
974,p0n1028,36,2.25,0.25,5148.0,12.0,A4,69,1,0,0.340676486492157,False,0.22805367410182953,False,0.29283350706100464,False
975,p0n1029,36,2.5,0.25,5160.0,12.0,C5,72,1,0,0.9983774423599243,True,0.7272577881813049,True,0.5695489048957825,True
976,p0n1030,36,2.75,0.25,5172.0,12.0,B-4,70,1,0,0.8493722677230835,True,0.7400296926498413,True,0.5687270164489746,True
977,p0n1031,37,0.0,0.25,5184.0,12.0,F5,77,1,0,0.5993704795837402,True,0.6248218417167664,True,0.34800195693969727,False
978,p0n1036,37,0.25,0.25,5196.0,12.0,D5,74,1,0,0.38663479685783386,False,0.25832608342170715,False,0.31358495354652405,False
979,p0n1037,37,0.5,0.25,5208.0,12.0,F5,77,1,0,0.6612036824226379,True,0.3077298700809479,False,0.29796022176742554,False
980,p0n1038,37,0.75,0.25,5220.0,12.0,E-5,75,1,0,0.8744004368782043,True,0.8943675756454468,True,0.7685948014259338,True
981,p0n1039,37,1.0,0.25,5232.0,12.0,A-5,80,1,0,0.6777229309082031,True,0.6689947843551636,True,0.391368567943573,False
982,p0n1043,37,1.0,1.0,5232.0,48.0,E-4,63,2,0,0.9766407608985901,True,0.953673779964447,True,0.6001917719841003,True
983,p0n1042,37,1.0,1.0,5232.0,48.0,B-3,58,2,0,0.44544538855552673,False,0.3893977701663971,False,0.34707245230674744,False
984,p0n1041,37,1.0,1.0,5232.0,48.0,G3,55,2,0,0.6857309937477112,True,0.9270272254943848,True,0.6116379499435425,True
985,p0n1040,37,1.0,1.0,5232.0,48.0,E-3,51,2,0,0.7623856663703918,True,0.5966443419456482,True,0.5292176008224487,True
986,p0n1044,37,1.25,0.25,5244.0,12.0,F5,77,1,0,0.28151607513427734,False,0.15749186277389526,False,0.2781012952327728,False
987,p0n1045,37,1.5,0.25,5256.0,12.0,A-5,80,1,0,0.9514289498329163,True,0.28780055046081543,False,0.2773376703262329,False
988,p0n1046,37,1.75,0.25,5268.0,12.0,G5,79,1,0,0.9461035132408142,True,0.7405209541320801,True,0.605565071105957,True
989,p0n1047,37,2.0,0.25,5280.0,12.0,C6,84,1,0,0.7515718936920166,True,0.6741411089897156,True,0.3946954011917114,False
990,p0n1051,37,2.0,1.0,5280.0,48.0,E-4,63,2,0,0.9503197073936462,True,0.6986235976219177,True,0.3941056430339813,False
991,p0n1050,37,2.0,1.0,5280.0,48.0,B-3,58,2,0,0.21057666838169098,False,0.19772766530513763,False,0.2912124693393707,False
992,p0n1049,37,2.0,1.0,5280.0,48.0,G3,55,2,0,0.529346227645874,True,0.5705597400665283,True,0.5072451829910278,True
993,p0n1048,37,2.0,1.0,5280.0,48.0,E-3,51,2,0,0.8935205936431885,True,0.6304703950881958,True,0.5117790699005127,True
994,p0n1052,37,2.25,0.25,5292.0,12.0,A5,81,1,0,0.6880915760993958,True,0.38582268357276917,False,0.3108099102973938,False
995,p0n1053,37,2.5,0.25,5304.0,12.0,C6,84,1,0,0.920016348361969,True,0.8536173105239868,True,0.7021974325180054,True
996,p0n1054,37,2.75,0.25,5316.0,12.0,B-5,82,1,0,0.7076402306556702,True,0.7196771502494812,True,0.8189172744750977,True
997,p0n1055,38,0.0,3.0,5328.0,144.0,E-6,87,1,0,0.8300153017044067,True,0.8519658446311951,True,0.7620059251785278,True
998,p0n1056,38,0.0,2.0,5328.0,96.0,E-6,87,1,0,0.6836234331130981,True,0.6898565888404846,True,0.5019082427024841,True
999,p0n1060,38,0.0,1.0,5328.0,48.0,E-4,63,2,0,0.9800598621368408,True,0.698424220085144,True,0.5042096376419067,True
1000,p0n1059,38,0.0,1.0,5328.0,48.0,B-3,58,2,0,0.5926334261894226,True,0.26723337173461914,False,0.29048633575439453,False
1001,p0n1058,38,0.0,1.0,5328.0,48.0,G3,55,2,0,0.6529468297958374,True,0.8442115783691406,True,0.48915600776672363,False
1002,p0n1057,38,0.0,1.0,5328.0,48.0,E-3,51,2,0,0.8460766673088074,True,0.6829817891120911,True,0.3964007794857025,False
1003,p0n1061,38,1.0,1.0,5376.0,48.0,E-2,39,2,0,0.9609217047691345,True,0.911794900894165,True,0.6745666265487671,True
1004,p0n1062,38,1.0,2.0,5376.0,96.0,E-2,39,2,0,0.9751123785972595,True,0.9419413208961487,True,0.8285142183303833,True
1005,p0n1063,38,2.0,1.0,5424.0,48.0,E-5,75,1,0,0.49379679560661316,False,0.5485149025917053,True,0.4021410644054413,False
1006,p0n1064,38,2.0,1.0,5424.0,48.0,E-3,51,2,0,0.8296654224395752,True,0.46974024176597595,False,0.36672118306159973,False
1007,p0n1065,39,0.0,3.0,5472.0,144.0,D-6,85,1,0,0.7560105323791504,True,0.9598860144615173,True,0.93239825963974,True
1008,p0n1066,39,0.0,2.0,5472.0,96.0,D-6,85,1,0,0.7729994654655457,True,0.6596041321754456,True,0.5784791111946106,True
1009,p0n1067,39,0.0,1.0,5472.0,48.0,D-2,37,2,0,0.8934733867645264,True,0.8135377168655396,True,0.7011140584945679,True
1010,p0n1068,39,0.0,3.0,5472.0,144.0,D-2,37,2,0,0.8949508666992188,True,0.8758106231689453,True,0.8702535629272461,True
1011,p0n1069,39,1.0,2.0,5520.0,96.0,D-3,49,2,0,0.5809239745140076,True,0.8218430876731873,True,0.7766562104225159,True
1012,p0n1070,39,2.0,1.0,5568.0,48.0,D-5,73,1,0,0.17227424681186676,False,0.2197718471288681,False,0.28543126583099365,False
1013,p0n1072,40,0.0,1.5,5616.0,72.0,C6,84,1,0,0.9274759292602539,True,0.9947010278701782,True,0.9071551561355591,True
1014,p0n1071,40,0.0,1.5,5616.0,72.0,C5,72,1,0,0.9674025774002075,True,0.996965229511261,True,0.957521915435791,True
1015,p0n1074,40,0.0,0.25,5616.0,12.0,C3,48,2,0,0.8772203922271729,True,0.979671061038971,True,0.8409509658813477,True
1016,p0n1073,40,0.0,0.25,5616.0,12.0,C2,36,2,0,0.9324327707290649,True,0.9872783422470093,True,0.8918196558952332,True
1017,p0n1076,40,0.25,0.25,5628.0,12.0,A-3,56,2,0,0.89454585313797,True,0.5327433943748474,True,0.5672604441642761,True
1018,p0n1075,40,0.25,0.25,5628.0,12.0,F3,53,2,0,0.6877385973930359,True,0.9157175421714783,True,0.6859410405158997,True
1019,p0n1078,40,0.5,0.25,5640.0,12.0,A-3,56,2,0,0.9509516358375549,True,0.23331893980503082,False,0.2906624674797058,False
1020,p0n1077,40,0.5,0.25,5640.0,12.0,F3,53,2,0,0.8785080313682556,True,0.6404290795326233,True,0.6054815649986267,True
1021,p0n1080,40,0.75,0.25,5652.0,12.0,A-3,56,2,0,0.9201872944831848,True,0.2929345965385437,False,0.2867472469806671,False
1022,p0n1079,40,0.75,0.25,5652.0,12.0,F3,53,2,0,0.8380504846572876,True,0.8530518412590027,True,0.6994370222091675,True
1023,p0n1081,40,1.0,0.25,5664.0,12.0,C3,48,2,0,0.8523623943328857,True,0.965331494808197,True,0.7033267617225647,True
1024,p0n1083,40,1.25,0.25,5676.0,12.0,A-3,56,2,0,0.9111367464065552,True,0.4636779725551605,False,0.32713019847869873,False
1025,p0n1082,40,1.25,0.25,5676.0,12.0,F3,53,2,0,0.7895731329917908,True,0.7993137836456299,True,0.6196456551551819,True
1026,p0n1084,40,1.5,0.5,5688.0,24.0,A-5,80,1,0,0.8756993412971497,True,0.6273524761199951,True,0.46043306589126587,False
1027,p0n1086,40,1.5,0.25,5688.0,12.0,A-3,56,2,0,0.9501343369483948,True,0.2595696449279785,False,0.2943548560142517,False
1028,p0n1085,40,1.5,0.25,5688.0,12.0,F3,53,2,0,0.921366810798645,True,0.7419486045837402,True,0.5863463878631592,True
1029,p0n1088,40,1.75,0.25,5700.0,12.0,A-3,56,2,0,0.9360225796699524,True,0.4025089144706726,False,0.30218496918678284,False
1030,p0n1087,40,1.75,0.25,5700.0,12.0,F3,53,2,0,0.8850958943367004,True,0.8577932119369507,True,0.6574342846870422,True
1031,p0n1089,40,2.0,0.75,5712.0,36.0,A-5,80,1,0,0.783637285232544,True,0.5564538240432739,True,0.37756896018981934,False
1032,p0n1090,40,2.0,0.25,5712.0,12.0,C3,48,2,0,0.6994665265083313,True,0.8766372203826904,True,0.6389958262443542,True
1033,p0n1092,40,2.25,0.25,5724.0,12.0,A-3,56,2,0,0.9326221346855164,True,0.3650287389755249,False,0.3101070821285248,False
1034,p0n1091,40,2.25,0.25,5724.0,12.0,F3,53,2,0,0.7856258749961853,True,0.7963882088661194,True,0.6279363036155701,True
1035,p0n1094,40,2.5,0.25,5736.0,12.0,A-3,56,2,0,0.9522701501846313,True,0.3079034686088562,False,0.2962326407432556,False
1036,p0n1093,40,2.5,0.25,5736.0,12.0,F3,53,2,0,0.8694153428077698,True,0.8094886541366577,True,0.58917236328125,True
1037,p0n1095,40,2.75,0.25,5748.0,12.0,A-5,80,1,0,0.7491108179092407,True,0.6493211984634399,True,0.5418402552604675,True
1038,p0n1097,40,2.75,0.25,5748.0,12.0,A-3,56,2,0,0.977113664150238,True,0.4270264208316803,False,0.29625242948532104,False
1039,p0n1096,40,2.75,0.25,5748.0,12.0,F3,53,2,0,0.8937287926673889,True,0.872682511806488,True,0.7452150583267212,True
1040,p0n1101,41,0.0,1.0,5760.0,48.0,D-6,85,1,0,0.9924980998039246,True,0.9602015614509583,True,0.8872692584991455,True
1041,p0n1100,41,0.0,1.0,5760.0,48.0,B-5,82,1,0,0.5971715450286865,True,0.9550279974937439,True,0.9608402252197266,True
1042,p0n1099,41,0.0,1.0,5760.0,48.0,G5,79,1,0,0.9871833324432373,True,0.627107560634613,True,0.9475165009498596,True
1043,p0n1098,41,0.0,1.0,5760.0,48.0,E5,76,1,0,0.7514660954475403,True,0.8935027122497559,True,0.9544005393981934,True
1044,p0n1102,41,0.0,0.25,5760.0,12.0,C3,48,2,0,0.8698434233665466,True,0.9642554521560669,True,0.6286149024963379,True
1045,p0n1104,41,0.25,0.25,5772.0,12.0,B-3,58,2,0,0.2791222631931305,False,0.16636960208415985,False,0.2858346402645111,False
1046,p0n1103,41,0.25,0.25,5772.0,12.0,G3,55,2,0,0.6874778866767883,True,0.6859903931617737,True,0.4069671034812927,False
1047,p0n1106,41,0.5,0.25,5784.0,12.0,B-3,58,2,0,0.41305530071258545,False,0.16197147965431213,False,0.2953203320503235,False
1048,p0n1105,41,0.5,0.25,5784.0,12.0,G3,55,2,0,0.867885410785675,True,0.38199755549430847,False,0.31472447514533997,False
1049,p0n1108,41,0.75,0.25,5796.0,12.0,B-3,58,2,0,0.29077717661857605,False,0.17030201852321625,False,0.2865614593029022,False
1050,p0n1107,41,0.75,0.25,5796.0,12.0,G3,55,2,0,0.7210237383842468,True,0.582245945930481,True,0.5812550783157349,True
1051,p0n1111,41,1.0,2.0,5808.0,96.0,B-5,82,1,0,0.6908991932868958,True,0.9700775742530823,True,0.975884199142456,True
1052,p0n1110,41,1.0,2.0,5808.0,96.0,G5,79,1,0,0.9863446950912476,True,0.9285696148872375,True,0.9858361482620239,True
1053,p0n1109,41,1.0,2.0,5808.0,96.0,E5,76,1,0,0.827844500541687,True,0.9647408723831177,True,0.974475085735321,True
1054,p0n1112,41,1.0,0.25,5808.0,12.0,C3,48,2,0,0.8611599206924438,True,0.9698100686073303,True,0.5754380226135254,True
1055,p0n1114,41,1.25,0.25,5820.0,12.0,B-3,58,2,0,0.2422615885734558,False,0.16218455135822296,False,0.28526511788368225,False
1056,p0n1113,41,1.25,0.25,5820.0,12.0,G3,55,2,0,0.6482352614402771,True,0.5230401754379272,True,0.3596036732196808,False
1057,p0n1116,41,1.5,0.25,5832.0,12.0,B-3,58,2,0,0.5136454701423645,True,0.1746717095375061,False,0.27447599172592163,False
1058,p0n1115,41,1.5,0.25,5832.0,12.0,G3,55,2,0,0.8489026427268982,True,0.4329472780227661,False,0.30705973505973816,False
1059,p0n1118,41,1.75,0.25,5844.0,12.0,B-3,58,2,0,0.3104824423789978,False,0.17094609141349792,False,0.2867599129676819,False
1060,p0n1117,41,1.75,0.25,5844.0,12.0,G3,55,2,0,0.8152152299880981,True,0.6217473745346069,True,0.4848901927471161,False
1061,p0n1119,41,2.0,0.25,5856.0,12.0,C3,48,2,0,0.7625012993812561,True,0.8872228860855103,True,0.5440175533294678,True
1062,p0n1121,41,2.25,0.25,5868.0,12.0,B-3,58,2,0,0.2441994845867157,False,0.15671829879283905,False,0.2844311594963074,False
1063,p0n1120,41,2.25,0.25,5868.0,12.0,G3,55,2,0,0.6715717315673828,True,0.5786681771278381,True,0.3585974872112274,False
1064,p0n1123,41,2.5,0.25,5880.0,12.0,B-3,58,2,0,0.42432069778442383,False,0.1607336699962616,False,0.2949865758419037,False
1065,p0n1122,41,2.5,0.25,5880.0,12.0,G3,55,2,0,0.8256457448005676,True,0.4674716293811798,False,0.32030215859413147,False
1066,p0n1125,41,2.75,0.25,5892.0,12.0,B-3,58,2,0,0.35174787044525146,False,0.18521182239055634,False,0.28914061188697815,False
1067,p0n1124,41,2.75,0.25,5892.0,12.0,G3,55,2,0,0.790387749671936,True,0.6084874272346497,True,0.6537756323814392,True
1068,p0n1128,42,0.0,1.5,5904.0,72.0,B-5,82,1,0,0.5841848254203796,True,0.95257568359375,True,0.9144832491874695,True
1069,p0n1127,42,0.0,1.5,5904.0,72.0,G5,79,1,0,0.9950533509254456,True,0.6859006285667419,True,0.8371899127960205,True
1070,p0n1126,42,0.0,1.5,5904.0,72.0,E5,76,1,0,0.6052448749542236,True,0.8177819848060608,True,0.8280460238456726,True
1071,p0n1129,42,0.0,0.25,5904.0,12.0,C3,48,2,0,0.8155144453048706,True,0.955265998840332,True,0.691642701625824,True
1072,p0n1131,42,0.25,0.25,5916.0,12.0,G3,55,2,0,0.6595999598503113,True,0.5890613198280334,True,0.4519980847835541,False
1073,p0n1130,42,0.25,0.25,5916.0,12.0,E3,52,2,0,0.8397016525268555,True,0.8505374193191528,True,0.81791090965271,True
1074,p0n1133,42,0.5,0.25,5928.0,12.0,G3,55,2,0,0.746491551399231,True,0.3231362998485565,False,0.29142454266548157,False
1075,p0n1132,42,0.5,0.25,5928.0,12.0,E3,52,2,0,0.9138548374176025,True,0.6854815483093262,True,0.7476588487625122,True
1076,p0n1135,42,0.75,0.25,5940.0,12.0,G3,55,2,0,0.5863732099533081,True,0.4270346164703369,False,0.2867595851421356,False
1077,p0n1134,42,0.75,0.25,5940.0,12.0,E3,52,2,0,0.8728736042976379,True,0.7380843758583069,True,0.7838242650032043,True
1078,p0n1136,42,1.0,0.25,5952.0,12.0,C3,48,2,0,0.9272803068161011,True,0.9778242707252502,True,0.7442710995674133,True
1079,p0n1138,42,1.25,0.25,5964.0,12.0,G3,55,2,0,0.5690303444862366,True,0.5805833339691162,True,0.4111497700214386,False
1080,p0n1137,42,1.25,0.25,5964.0,12.0,E3,52,2,0,0.6507346034049988,True,0.6904739737510681,True,0.6980891823768616,True
1081,p0n1139,42,1.5,0.5,5976.0,24.0,G5,79,1,0,0.9955706000328064,True,0.17172719538211823,False,0.3043734133243561,False
1082,p0n1141,42,1.5,0.25,5976.0,12.0,G3,55,2,0,0.7473070025444031,True,0.47354525327682495,False,0.3278914988040924,False
1083,p0n1140,42,1.5,0.25,5976.0,12.0,E3,52,2,0,0.8754144310951233,True,0.6799105405807495,True,0.7219125032424927,True
1084,p0n1143,42,1.75,0.25,5988.0,12.0,G3,55,2,0,0.6724216341972351,True,0.5539034605026245,True,0.43744340538978577,False
1085,p0n1142,42,1.75,0.25,5988.0,12.0,E3,52,2,0,0.8055943250656128,True,0.8068886399269104,True,0.7835279703140259,True
1086,p0n1144,42,2.0,0.75,6000.0,36.0,G5,79,1,0,0.9941235184669495,True,0.6305235028266907,True,0.6373717784881592,True
1087,p0n1145,42,2.0,0.25,6000.0,12.0,C3,48,2,0,0.8696984648704529,True,0.9100818037986755,True,0.7340446710586548,True
1088,p0n1147,42,2.25,0.25,6012.0,12.0,G3,55,2,0,0.6631982922554016,True,0.5812643766403198,True,0.42538225650787354,False
1089,p0n1146,42,2.25,0.25,6012.0,12.0,E3,52,2,0,0.7556421756744385,True,0.7070155143737793,True,0.7412961721420288,True
1090,p0n1149,42,2.5,0.25,6024.0,12.0,G3,55,2,0,0.8116068243980408,True,0.56853187084198,True,0.48115602135658264,False
1091,p0n1148,42,2.5,0.25,6024.0,12.0,E3,52,2,0,0.8774268627166748,True,0.7179993987083435,True,0.7394110560417175,True
1092,p0n1150,42,2.75,0.25,6036.0,12.0,G5,79,1,0,0.9729390144348145,True,0.4213363230228424,False,0.35161614418029785,False
1093,p0n1152,42,2.75,0.25,6036.0,12.0,G3,55,2,0,0.8063169717788696,True,0.6185982823371887,True,0.6092185974121094,True
1094,p0n1151,42,2.75,0.25,6036.0,12.0,E3,52,2,0,0.7813308835029602,True,0.8859929442405701,True,0.8878046870231628,True
1095,p0n1156,43,0.0,1.0,6048.0,48.0,C6,84,1,0,0.9430589079856873,True,0.9789546132087708,True,0.948009729385376,True
1096,p0n1155,43,0.0,1.0,6048.0,48.0,A-5,80,1,0,0.969560444355011,True,0.9937773942947388,True,0.9231681227684021,True
1097,p0n1154,43,0.0,1.0,6048.0,48.0,F5,77,1,0,0.8753140568733215,True,0.9983553290367126,True,0.9694643020629883,True
1098,p0n1153,43,0.0,1.0,6048.0,48.0,C5,72,1,0,0.9168696999549866,True,0.9916200637817383,True,0.9580598473548889,True
1099,p0n1157,43,0.0,0.25,6048.0,12.0,C3,48,2,0,0.8841906189918518,True,0.9473488330841064,True,0.8657857179641724,True
1100,p0n1159,43,0.25,0.25,6060.0,12.0,A-3,56,2,0,0.8569123148918152,True,0.383707195520401,False,0.3079945147037506,False
1101,p0n1158,43,0.25,0.25,6060.0,12.0,F3,53,2,0,0.8402042984962463,True,0.867347002029419,True,0.730989396572113,True
1102,p0n1161,43,0.5,0.25,6072.0,12.0,A-3,56,2,0,0.9178783893585205,True,0.2277006059885025,False,0.28862854838371277,False
1103,p0n1160,43,0.5,0.25,6072.0,12.0,F3,53,2,0,0.9416195750236511,True,0.8291792273521423,True,0.6422422528266907,True
1104,p0n1163,43,0.75,0.25,6084.0,12.0,A-3,56,2,0,0.8562210202217102,True,0.4064810872077942,False,0.29476919770240784,False
1105,p0n1162,43,0.75,0.25,6084.0,12.0,F3,53,2,0,0.9069512486457825,True,0.923930287361145,True,0.7895596027374268,True
1106,p0n1166,43,1.0,2.0,6096.0,96.0,A-5,80,1,0,0.9433555603027344,True,0.9903209805488586,True,0.9250094294548035,True
1107,p0n1165,43,1.0,2.0,6096.0,96.0,F5,77,1,0,0.9434062242507935,True,0.9940091371536255,True,0.9690603613853455,True
1108,p0n1164,43,1.0,2.0,6096.0,96.0,C5,72,1,0,0.9210749268531799,True,0.9879239201545715,True,0.9561564326286316,True
1109,p0n1167,43,1.0,0.25,6096.0,12.0,C3,48,2,0,0.8922612071037292,True,0.9459743499755859,True,0.7621942162513733,True
1110,p0n1169,43,1.25,0.25,6108.0,12.0,A-3,56,2,0,0.863329291343689,True,0.40259841084480286,False,0.3166724741458893,False
1111,p0n1168,43,1.25,0.25,6108.0,12.0,F3,53,2,0,0.8823132514953613,True,0.7156999707221985,True,0.5887176394462585,True
1112,p0n1171,43,1.5,0.25,6120.0,12.0,A-3,56,2,0,0.9060867428779602,True,0.21293987333774567,False,0.28335583209991455,False
1113,p0n1170,43,1.5,0.25,6120.0,12.0,F3,53,2,0,0.9441137313842773,True,0.6940998435020447,True,0.5870890617370605,True
1114,p0n1173,43,1.75,0.25,6132.0,12.0,A-3,56,2,0,0.8495814204216003,True,0.3646918535232544,False,0.2880329489707947,False
1115,p0n1172,43,1.75,0.25,6132.0,12.0,F3,53,2,0,0.9231597781181335,True,0.8945701718330383,True,0.6524811387062073,True
1116,p0n1174,43,2.0,0.25,6144.0,12.0,C3,48,2,0,0.870341956615448,True,0.837345540523529,True,0.719759464263916,True
1117,p0n1176,43,2.25,0.25,6156.0,12.0,A-3,56,2,0,0.8481107950210571,True,0.3426658809185028,False,0.30835220217704773,False
1118,p0n1175,43,2.25,0.25,6156.0,12.0,F3,53,2,0,0.9291191697120667,True,0.816821813583374,True,0.616965115070343,True
1119,p0n1178,43,2.5,0.25,6168.0,12.0,A-3,56,2,0,0.8802412748336792,True,0.3019702136516571,False,0.2921672463417053,False
1120,p0n1177,43,2.5,0.25,6168.0,12.0,F3,53,2,0,0.9323422908782959,True,0.8274863958358765,True,0.6197330355644226,True
1121,p0n1180,43,2.75,0.25,6180.0,12.0,A-3,56,2,0,0.972555935382843,True,0.6568208336830139,True,0.6819690465927124,True
1122,p0n1179,43,2.75,0.25,6180.0,12.0,F3,53,2,0,0.919655978679657,True,0.8993576169013977,True,0.8462570309638977,True
1123,p0n1182,44,0.0,1.5,6192.0,72.0,A-5,80,1,0,0.8509987592697144,True,0.9484201073646545,True,0.7934461832046509,True
1124,p0n1181,44,0.0,1.5,6192.0,72.0,F5,77,1,0,0.946117103099823,True,0.9930686950683594,True,0.9487007260322571,True
1125,p0n1183,44,0.0,3.0,6192.0,144.0,C5,72,1,0,0.9094023108482361,True,0.9650062322616577,True,0.8974732756614685,True
1126,p0n1184,44,0.0,0.25,6192.0,12.0,F2,41,2,0,0.8953024744987488,True,0.7845380306243896,True,0.659353494644165,True
1127,p0n1185,44,0.25,0.25,6204.0,12.0,C3,48,2,0,0.6105652451515198,True,0.9264237880706787,True,0.7998728156089783,True
1128,p0n1186,44,0.5,0.25,6216.0,12.0,D3,50,2,0,0.836929976940155,True,0.763183057308197,True,0.6538230776786804,True
1129,p0n1187,44,0.75,0.25,6228.0,12.0,E3,52,2,0,0.7481370568275452,True,0.8532010912895203,True,0.8919090628623962,True
1130,p0n1188,44,1.0,0.25,6240.0,12.0,F3,53,2,0,0.9308249950408936,True,0.9901267290115356,True,0.7823521494865417,True
1131,p0n1189,44,1.25,0.25,6252.0,12.0,G3,55,2,0,0.5607421398162842,True,0.6842718124389648,True,0.46626389026641846,False
1132,p0n1190,44,1.5,0.5,6264.0,24.0,F5,77,1,0,0.9065195322036743,True,0.9405011534690857,True,0.8175761103630066,True
1133,p0n1191,44,1.5,0.25,6264.0,12.0,A-3,56,2,0,0.978715181350708,True,0.33038780093193054,False,0.3221418261528015,False
1134,p0n1192,44,1.75,0.25,6276.0,12.0,B-3,58,2,0,0.24571581184864044,False,0.19902251660823822,False,0.29226335883140564,False
1135,p0n1193,44,2.0,0.75,6288.0,36.0,F5,77,1,0,0.9048434495925903,True,0.9510446190834045,True,0.8266729712486267,True
1136,p0n1194,44,2.0,0.25,6288.0,12.0,C4,60,2,0,0.9635722041130066,True,0.9839978218078613,True,0.9258368611335754,True
1137,p0n1195,44,2.25,0.25,6300.0,12.0,A-3,56,2,0,0.9689123034477234,True,0.4904422163963318,False,0.3569231331348419,False
1138,p0n1196,44,2.5,0.25,6312.0,12.0,G3,55,2,0,0.8629416227340698,True,0.6649070382118225,True,0.5292755365371704,True
1139,p0n1197,44,2.75,0.25,6324.0,12.0,F5,77,1,0,0.7560267448425293,True,0.7969980239868164,True,0.7632312774658203,True
1140,p0n1198,44,2.75,0.25,6324.0,12.0,F3,53,2,0,0.944174587726593,True,0.8552817106246948,True,0.6952489018440247,True
1141,p0n1202,45,0.0,1.0,6336.0,48.0,D-6,85,1,0,0.9308747053146362,True,0.9529739022254944,True,0.9029288291931152,True
1142,p0n1201,45,0.0,1.0,6336.0,48.0,B-5,82,1,0,0.7576788067817688,True,0.966647207736969,True,0.8494450449943542,True
1143,p0n1200,45,0.0,1.0,6336.0,48.0,G5,79,1,0,0.9846247434616089,True,0.9319025874137878,True,0.9125537872314453,True
1144,p0n1199,45,0.0,1.0,6336.0,48.0,E5,76,1,0,0.902140736579895,True,0.9695621132850647,True,0.9345571398735046,True
1145,p0n1203,45,0.0,0.25,6336.0,12.0,C3,48,2,0,0.9323652982711792,True,0.9552876353263855,True,0.7740569710731506,True
1146,p0n1204,45,0.25,0.25,6348.0,12.0,B1,35,2,0,0.5422899723052979,True,0.2936173379421234,False,0.2980988323688507,False
1147,p0n1205,45,0.5,0.25,6360.0,12.0,C2,36,2,0,0.8463214039802551,True,0.6794071793556213,True,0.6083694696426392,True
1148,p0n1206,45,0.75,0.25,6372.0,12.0,B1,35,2,0,0.3418412506580353,False,0.15843869745731354,False,0.27671289443969727,False
1149,p0n1209,45,1.0,2.0,6384.0,96.0,B-5,82,1,0,0.7100867033004761,True,0.9817256331443787,True,0.9326300621032715,True
1150,p0n1208,45,1.0,2.0,6384.0,96.0,G5,79,1,0,0.9845919013023376,True,0.9749482870101929,True,0.9735349416732788,True
1151,p0n1207,45,1.0,2.0,6384.0,96.0,E5,76,1,0,0.9114391803741455,True,0.9309924840927124,True,0.8575839996337891,True
1152,p0n1210,45,1.0,0.25,6384.0,12.0,C2,36,2,0,0.629622220993042,True,0.8474799990653992,True,0.557303249835968,True
1153,p0n1211,45,1.25,0.25,6396.0,12.0,E2,40,2,0,0.24276714026927948,False,0.20711347460746765,False,0.282596617937088,False
1154,p0n1212,45,1.5,0.25,6408.0,12.0,G2,43,2,0,0.5972587466239929,True,0.42589515447616577,False,0.3076809048652649,False
1155,p0n1213,45,1.75,0.25,6420.0,12.0,B2,47,2,0,0.8132160902023315,True,0.5499734282493591,True,0.4201638698577881,False
1156,p0n1214,45,2.0,0.25,6432.0,12.0,C3,48,2,0,0.9372772574424744,True,0.872236967086792,True,0.685349702835083,True
1157,p0n1215,45,2.25,0.25,6444.0,12.0,B-2,46,2,0,0.15552222728729248,False,0.16057108342647552,False,0.2845461666584015,False
1158,p0n1216,45,2.5,0.25,6456.0,12.0,A-2,44,2,0,0.976443350315094,True,0.5319359302520752,True,0.5596309900283813,True
1159,p0n1217,45,2.75,0.25,6468.0,12.0,G2,43,2,0,0.23029384016990662,False,0.15955646336078644,False,0.28500649333000183,False
1160,p0n1219,46,0.0,1.5,6480.0,72.0,A-5,80,1,0,0.8572195172309875,True,0.9552617073059082,True,0.7576327919960022,True
1161,p0n1218,46,0.0,1.5,6480.0,72.0,F5,77,1,0,0.8323926329612732,True,0.9856686592102051,True,0.8840336799621582,True
1162,p0n1220,46,0.0,3.0,6480.0,144.0,C5,72,1,0,0.9647145867347717,True,0.9870456457138062,True,0.9833747148513794,True
1163,p0n1221,46,0.0,0.25,6480.0,12.0,F2,41,2,0,0.8005136251449585,True,0.6174275875091553,True,0.38975533843040466,False
1164,p0n1222,46,0.25,0.25,6492.0,12.0,C3,48,2,0,0.9031516313552856,True,0.8962621092796326,True,0.7839899063110352,True
1165,p0n1223,46,0.5,0.25,6504.0,12.0,D3,50,2,0,0.6612681150436401,True,0.7629262208938599,True,0.5451037287712097,True
1166,p0n1224,46,0.75,0.25,6516.0,12.0,E3,52,2,0,0.6878789663314819,True,0.9222511053085327,True,0.8206977844238281,True
1167,p0n1225,46,1.0,0.25,6528.0,12.0,F3,53,2,0,0.8618761897087097,True,0.9538147449493408,True,0.7825989723205566,True
1168,p0n1226,46,1.25,0.25,6540.0,12.0,G3,55,2,0,0.6241610050201416,True,0.882676899433136,True,0.622745156288147,True
1169,p0n1227,46,1.5,0.5,6552.0,24.0,F5,77,1,0,0.7874724268913269,True,0.8386998772621155,True,0.6568610072135925,True
1170,p0n1228,46,1.5,0.25,6552.0,12.0,A-3,56,2,0,0.9693482518196106,True,0.21143792569637299,False,0.2931443154811859,False
1171,p0n1229,46,1.75,0.25,6564.0,12.0,B-3,58,2,0,0.05099998414516449,False,0.1372353732585907,False,0.28013876080513,False
1172,p0n1230,46,2.0,0.75,6576.0,36.0,F5,77,1,0,0.7862247228622437,True,0.8822904229164124,True,0.5840018391609192,True
1173,p0n1231,46,2.0,0.25,6576.0,12.0,C4,60,2,0,0.9233179092407227,True,0.950074315071106,True,0.8126271367073059,True
1174,p0n1232,46,2.25,0.25,6588.0,12.0,A-3,56,2,0,0.8877995014190674,True,0.7341530919075012,True,0.42082086205482483,False
1175,p0n1233,46,2.5,0.25,6600.0,12.0,G3,55,2,0,0.8752672076225281,True,0.9050222635269165,True,0.6161893010139465,True
1176,p0n1234,46,2.75,0.25,6612.0,12.0,F5,77,1,0,0.5608648657798767,True,0.6354997754096985,True,0.564683198928833,True
1177,p0n1235,46,2.75,0.25,6612.0,12.0,F3,53,2,0,0.6128914952278137,True,0.5509316921234131,True,0.6266095042228699,True
1178,p0n1236,47,0.0,1.0,6624.0,48.0,G-5,78,1,0,0.9735341668128967,True,0.9921962022781372,True,0.9740714430809021,True
1179,p0n1238,47,0.0,1.0,6624.0,48.0,D-5,73,1,0,0.7532814145088196,True,0.995169460773468,True,0.9786370992660522,True
1180,p0n1237,47,0.0,1.0,6624.0,48.0,G-4,66,1,0,0.7729769349098206,True,0.9810416102409363,True,0.9336156845092773,True
1181,p0n1239,47,0.0,0.25,6624.0,12.0,E-3,51,2,0,0.9142956733703613,True,0.7327239513397217,True,0.36346834897994995,False
1182,p0n1240,47,0.25,0.25,6636.0,12.0,E-2,39,2,0,0.9264358282089233,True,0.7405804395675659,True,0.5546401143074036,True
1183,p0n1241,47,0.5,0.25,6648.0,12.0,F2,41,2,0,0.7568289041519165,True,0.3417889177799225,False,0.3247373700141907,False
1184,p0n1242,47,0.75,0.25,6660.0,12.0,G-2,42,2,0,0.4418814182281494,False,0.3253561556339264,False,0.31872794032096863,False
1185,p0n1244,47,1.0,2.0,6672.0,96.0,E-5,75,1,0,0.8753973245620728,True,0.9998922348022461,True,0.9839926362037659,True
1186,p0n1243,47,1.0,2.0,6672.0,96.0,C5,72,1,0,0.9239993691444397,True,0.9822172522544861,True,0.8275651931762695,True
1187,p0n1245,47,1.0,1.0,6672.0,48.0,G-4,66,1,0,0.8537180423736572,True,0.9907047152519226,True,0.8670153617858887,True
1188,p0n1246,47,1.0,0.25,6672.0,12.0,A-2,44,2,0,0.6755617260932922,True,0.6074675917625427,True,0.4419812560081482,False
1189,p0n1247,47,1.25,0.25,6684.0,12.0,A2,45,2,0,0.35032206773757935,False,0.2239309400320053,False,0.2915504574775696,False
1190,p0n1248,47,1.5,0.25,6696.0,12.0,B-2,46,2,0,0.6143606305122375,True,0.28508827090263367,False,0.303538054227829,False
1191,p0n1249,47,1.75,0.25,6708.0,12.0,A-2,44,2,0,0.4109067916870117,False,0.11746236681938171,False,0.2811035215854645,False
1192,p0n1250,47,2.0,0.5,6720.0,24.0,A-4,68,1,0,0.7107016444206238,True,0.9122670888900757,True,0.8255555033683777,True
1193,p0n1251,47,2.0,0.25,6720.0,12.0,G-2,42,2,0,0.2125968635082245,False,0.15346845984458923,False,0.2813257575035095,False
1194,p0n1252,47,2.25,0.25,6732.0,12.0,F2,41,2,0,0.14878906309604645,False,0.14334450662136078,False,0.2741343379020691,False
1195,p0n1253,47,2.5,0.5,6744.0,24.0,G-4,66,1,0,0.9050338864326477,True,0.9036341309547424,True,0.7026522755622864,True
1196,p0n1254,47,2.5,0.25,6744.0,12.0,E-2,39,2,0,0.9905072450637817,True,0.4391172528266907,False,0.3885846436023712,False
1197,p0n1255,47,2.75,0.25,6756.0,12.0,A-2,44,2,0,0.631471574306488,True,0.34175625443458557,False,0.26434528827667236,False
1198,p0n1257,48,0.0,1.5,6768.0,72.0,A-5,80,1,0,0.8902162313461304,True,0.6719515919685364,True,0.3627214729785919,False
1199,p0n1256,48,0.0,1.5,6768.0,72.0,F5,77,1,0,0.5293985605239868,True,0.9205541610717773,True,0.3628133237361908,False
1200,p0n1258,48,0.0,2.0,6768.0,96.0,F4,65,1,0,0.39498433470726013,False,0.5295490622520447,True,0.40887296199798584,False
1201,p0n1259,48,0.0,0.25,6768.0,12.0,D-2,37,2,0,0.8943911194801331,True,0.9766372442245483,True,0.6021909713745117,True
1202,p0n1260,48,0.25,0.25,6780.0,12.0,D-3,49,2,0,0.24416635930538177,False,0.17006918787956238,False,0.2760436534881592,False
1203,p0n1261,48,0.5,0.25,6792.0,12.0,E-3,51,2,0,0.9447786211967468,True,0.1336091011762619,False,0.28641167283058167,False
1204,p0n1262,48,0.75,0.25,6804.0,12.0,F3,53,2,0,0.20278921723365784,False,0.1475614607334137,False,0.27593523263931274,False
1205,p0n1263,48,1.0,0.25,6816.0,12.0,G-3,54,2,0,0.9940899014472961,True,0.9871726036071777,True,0.7913098335266113,True
1206,p0n1264,48,1.25,0.25,6828.0,12.0,A-3,56,2,0,0.8109672665596008,True,0.4809047281742096,False,0.3324105143547058,False
1207,p0n1265,48,1.5,0.5,6840.0,24.0,F5,77,1,0,0.5669980049133301,True,0.32657578587532043,False,0.32082197070121765,False
1208,p0n1266,48,1.5,0.25,6840.0,12.0,B-3,58,2,0,0.2111765444278717,False,0.2090417444705963,False,0.3024177551269531,False
1209,p0n1267,48,1.75,0.25,6852.0,12.0,A-3,56,2,0,0.7508270740509033,True,0.3615174889564514,False,0.31890907883644104,False
1210,p0n1268,48,2.0,0.75,6864.0,36.0,F5,77,1,0,0.5211829543113708,True,0.7693188190460205,True,0.30694133043289185,False
1211,p0n1270,48,2.0,1.0,6864.0,48.0,A-4,68,1,0,0.5369396209716797,True,0.20988620817661285,False,0.3014667332172394,False
1212,p0n1269,48,2.0,1.0,6864.0,48.0,F4,65,1,0,0.29744964838027954,False,0.24293018877506256,False,0.292941153049469,False
1213,p0n1271,48,2.0,0.25,6864.0,12.0,G-3,54,2,0,0.9806172847747803,True,0.731503427028656,True,0.49517494440078735,False
1214,p0n1272,48,2.25,0.25,6876.0,12.0,F3,53,2,0,0.340652734041214,False,0.2674770951271057,False,0.29934176802635193,False
1215,p0n1273,48,2.5,0.25,6888.0,12.0,E-3,51,2,0,0.8104618191719055,True,0.47333085536956787,False,0.3520180284976959,False
1216,p0n1274,48,2.75,0.25,6900.0,12.0,F5,77,1,0,0.26829394698143005,False,0.18057698011398315,False,0.28153225779533386,False
1217,p0n1275,48,2.75,0.25,6900.0,12.0,D-3,49,2,0,0.26654985547065735,False,0.20717133581638336,False,0.2810054421424866,False
1218,p0n1276,49,0.0,1.0,6912.0,48.0,G-5,78,1,0,0.9921512603759766,True,0.9754539132118225,True,0.9463865756988525,True
1219,p0n1279,49,0.0,1.0,6912.0,48.0,E-5,75,1,0,0.9261054992675781,True,0.9993129968643188,True,0.9587453007698059,True
1220,p0n1278,49,0.0,1.0,6912.0,48.0,C5,72,1,0,0.9149605631828308,True,0.9920335412025452,True,0.8775047659873962,True
1221,p0n1277,49,0.0,1.0,6912.0,48.0,G-4,66,1,0,0.7229784727096558,True,0.910010814666748,True,0.8224456906318665,True
1222,p0n1280,49,0.0,0.25,6912.0,12.0,A-2,44,2,0,0.8274520635604858,True,0.13895267248153687,False,0.2876356542110443,False
1223,p0n1281,49,0.25,0.25,6924.0,12.0,G1,31,2,0,0.8384717702865601,True,0.868167519569397,True,0.4722011387348175,False
1224,p0n1282,49,0.5,0.25,6936.0,12.0,A-1,32,2,0,0.7751704454421997,True,0.6925046443939209,True,0.6029751300811768,True
1225,p0n1283,49,0.75,0.25,6948.0,12.0,G1,31,2,0,0.8010170459747314,True,0.4898817241191864,False,0.3787805140018463,False
1226,p0n1284,49,1.0,2.0,6960.0,96.0,E-5,75,1,0,0.925614058971405,True,0.9992678761482239,True,0.9841394424438477,True
1227,p0n1286,49,1.0,2.0,6960.0,96.0,C5,72,1,0,0.8843945860862732,True,0.9905211925506592,True,0.9513151049613953,True
1228,p0n1285,49,1.0,2.0,6960.0,96.0,G-4,66,1,0,0.871090829372406,True,0.9252609014511108,True,0.895622968673706,True
1229,p0n1287,49,1.0,0.25,6960.0,12.0,A-1,32,2,0,0.5808818340301514,True,0.8790441751480103,True,0.6878103613853455,True
1230,p0n1288,49,1.25,0.25,6972.0,12.0,B-1,34,2,0,0.38040730357170105,False,0.3230315148830414,False,0.3229427635669708,False
1231,p0n1289,49,1.5,0.25,6984.0,12.0,C2,36,2,0,0.9801771640777588,True,0.7641569972038269,True,0.5458275675773621,True
1232,p0n1290,49,1.75,0.25,6996.0,12.0,D-2,37,2,0,0.8150724768638611,True,0.32387423515319824,False,0.2964726686477661,False
1233,p0n1291,49,2.0,0.25,7008.0,12.0,E-2,39,2,0,0.9757272005081177,True,0.6025438904762268,True,0.41111066937446594,False
1234,p0n1292,49,2.25,0.25,7020.0,12.0,F2,41,2,0,0.46612897515296936,False,0.26017266511917114,False,0.2990543842315674,False
1235,p0n1293,49,2.5,0.25,7032.0,12.0,G-2,42,2,0,0.857457160949707,True,0.5310257077217102,True,0.41645509004592896,False
1236,p0n1294,49,2.75,0.25,7044.0,12.0,A-2,44,2,0,0.4971689283847809,False,0.14581936597824097,False,0.2846910059452057,False
1237,p0n1295,50,0.0,1.5,7056.0,72.0,F5,77,1,0,0.6601141691207886,True,0.9814471006393433,True,0.7473074197769165,True
1238,p0n1297,50,0.0,1.0,7056.0,48.0,C5,72,1,0,0.8452906012535095,True,0.9930645823478699,True,0.9356167912483215,True
1239,p0n1296,50,0.0,1.0,7056.0,48.0,F4,65,1,0,0.7575657367706299,True,0.9575821161270142,True,0.7371987104415894,True
1240,p0n1298,50,0.0,0.25,7056.0,12.0,D-2,37,2,0,0.9018781781196594,True,0.7352113127708435,True,0.5078091025352478,True
1241,p0n1299,50,0.25,0.25,7068.0,12.0,A2,45,2,0,0.3883771598339081,False,0.26482364535331726,False,0.2991427183151245,False
1242,p0n1300,50,0.5,0.25,7080.0,12.0,B-2,46,2,0,0.4126923680305481,False,0.3054613173007965,False,0.32927271723747253,False
1243,p0n1301,50,0.75,0.25,7092.0,12.0,A2,45,2,0,0.47404974699020386,False,0.26766112446784973,False,0.300447553396225,False
1244,p0n1303,50,1.0,2.0,7104.0,96.0,B-4,70,1,0,0.1638491302728653,False,0.3630944788455963,False,0.34156832098960876,False
1245,p0n1302,50,1.0,2.0,7104.0,96.0,F4,65,1,0,0.5775958299636841,True,0.8483371734619141,True,0.6892578601837158,True
1246,p0n1304,50,1.0,0.25,7104.0,12.0,B-2,46,2,0,0.48743918538093567,False,0.4764865040779114,False,0.38516876101493835,False
1247,p0n1305,50,1.25,0.25,7116.0,12.0,C3,48,2,0,0.8457673192024231,True,0.9796808958053589,True,0.8847631812095642,True
1248,p0n1306,50,1.5,0.5,7128.0,24.0,D-5,73,1,0,0.9444116353988647,True,0.9216213822364807,True,0.8597370386123657,True
1249,p0n1307,50,1.5,0.25,7128.0,12.0,D-3,49,2,0,0.293068528175354,False,0.2025890052318573,False,0.2916034460067749,False
1250,p0n1308,50,1.75,0.25,7140.0,12.0,E-3,51,2,0,0.8224336504936218,True,0.8757862448692322,True,0.7239160537719727,True
1251,p0n1309,50,2.0,0.75,7152.0,36.0,D-5,73,1,0,0.895983099937439,True,0.9620689153671265,True,0.8535574078559875,True
1252,p0n1310,50,2.0,0.25,7152.0,12.0,F3,53,2,0,0.890116274356842,True,0.9758942127227783,True,0.6536337733268738,True
1253,p0n1311,50,2.25,0.25,7164.0,12.0,D-3,49,2,0,0.4841969609260559,False,0.33735501766204834,False,0.3119916617870331,False
1254,p0n1312,50,2.5,0.25,7176.0,12.0,C3,48,2,0,0.880589485168457,True,0.9344426989555359,True,0.8469910621643066,True
1255,p0n1313,50,2.75,0.25,7188.0,12.0,D-5,73,1,0,0.8162233233451843,True,0.9251019358634949,True,0.8741759061813354,True
1256,p0n1314,50,2.75,0.25,7188.0,12.0,B-2,46,2,0,0.16458220779895782,False,0.16720665991306305,False,0.2854386866092682,False
1257,p0n1315,51,0.0,1.0,7200.0,48.0,E-5,75,1,0,0.9430259466171265,True,0.9922856092453003,True,0.9224575757980347,True
1258,p0n1317,51,0.0,2.0,7200.0,96.0,B-4,70,1,0,0.31861191987991333,False,0.3663644790649414,False,0.3540477156639099,False
1259,p0n1316,51,0.0,2.5,7200.0,120.0,F4,65,1,0,0.6714164614677429,True,0.7268996834754944,True,0.4709026515483856,False
1260,p0n1318,51,0.0,0.25,7200.0,12.0,C3,48,2,0,0.9801638722419739,True,0.9861717820167542,True,0.9132936596870422,True
1261,p0n1319,51,0.25,0.25,7212.0,12.0,C2,36,2,0,0.9168508648872375,True,0.85235595703125,True,0.5974534749984741,True
1262,p0n1320,51,0.5,0.25,7224.0,12.0,D-2,37,2,0,0.852965235710144,True,0.6051458120346069,True,0.486581027507782,False
1263,p0n1321,51,0.75,0.25,7236.0,12.0,E-2,39,2,0,0.4561649560928345,False,0.20979651808738708,False,0.2885388433933258,False
1264,p0n1322,51,1.0,2.0,7248.0,96.0,C5,72,1,0,0.8628982901573181,True,0.9521207809448242,True,0.7181838154792786,True
1265,p0n1323,51,1.0,0.25,7248.0,12.0,F2,41,2,0,0.888546347618103,True,0.9634935855865479,True,0.760133683681488,True
1266,p0n1324,51,1.25,0.25,7260.0,12.0,G-2,42,2,0,0.6191583275794983,True,0.7561946511268616,True,0.5534491539001465,True
1267,p0n1325,51,1.5,0.25,7272.0,12.0,F2,41,2,0,0.8405629396438599,True,0.4853144586086273,False,0.36005187034606934,False
1268,p0n1326,51,1.75,0.25,7284.0,12.0,E2,40,2,0,0.6197475790977478,True,0.7882739305496216,True,0.4942197799682617,False
1269,p0n1328,51,2.0,0.5,7296.0,24.0,A4,69,1,0,0.4117530286312103,False,0.2962057292461395,False,0.3079718351364136,False
1270,p0n1329,51,2.0,0.25,7296.0,12.0,F2,41,2,0,0.8075991272926331,True,0.500493586063385,True,0.4964189827442169,False
1271,p0n1330,51,2.25,0.25,7308.0,12.0,F1,29,2,0,0.5085481405258179,True,0.6407657861709595,True,0.313639760017395,False
1272,p0n1331,51,2.5,1.0,7320.0,48.0,F4,65,1,0,0.7197796106338501,True,0.4992918372154236,False,0.38474416732788086,False
1273,p0n1332,51,2.5,0.25,7320.0,12.0,G1,31,2,0,0.6104954481124878,True,0.20405840873718262,False,0.28245270252227783,False
1274,p0n1333,51,2.75,0.25,7332.0,12.0,A1,33,2,0,0.8346584439277649,True,0.793308675289154,True,0.8195204734802246,True
1275,p0n1334,52,0.0,1.5,7344.0,72.0,D-5,73,1,0,0.5441034436225891,True,0.8100641369819641,True,0.7028346657752991,True
1276,p0n1336,52,0.0,0.25,7344.0,12.0,B-1,34,2,0,0.8304259181022644,True,0.9472344517707825,True,0.8796359896659851,True
1277,p0n1337,52,0.25,0.25,7356.0,12.0,F2,41,2,0,0.5050836205482483,True,0.41185635328292847,False,0.32120445370674133,False
1278,p0n1338,52,0.5,2.5,7368.0,120.0,F4,65,1,0,0.810767412185669,True,0.6580994129180908,True,0.7525737285614014,True
1279,p0n1339,52,0.5,0.25,7368.0,12.0,G2,43,2,0,0.9381163120269775,True,0.7635459899902344,True,0.5898259878158569,True
1280,p0n1340,52,0.75,0.25,7380.0,12.0,A2,45,2,0,0.92339026927948,True,0.6595991849899292,True,0.5532383918762207,True
1281,p0n1342,52,1.0,0.25,7392.0,12.0,B-2,46,2,0,0.2162952423095703,False,0.32702040672302246,False,0.32725954055786133,False
1282,p0n1343,52,1.25,0.25,7404.0,12.0,C3,48,2,0,0.8942794799804688,True,0.9067419767379761,True,0.6961100697517395,True
1283,p0n1344,52,1.5,0.5,7416.0,24.0,B-4,70,1,0,0.18039609491825104,False,0.19206544756889343,False,0.2996060252189636,False
1284,p0n1345,52,1.5,0.25,7416.0,12.0,D-3,49,2,0,0.7337003946304321,True,0.40634480118751526,False,0.33275824785232544,False
1285,p0n1346,52,1.75,0.25,7428.0,12.0,E-3,51,2,0,0.8449978232383728,True,0.8777085542678833,True,0.5382892489433289,True
1286,p0n1347,52,2.0,0.75,7440.0,36.0,B-4,70,1,0,0.09897426515817642,False,0.17776717245578766,False,0.28636059165000916,False
1287,p0n1348,52,2.0,0.25,7440.0,12.0,F3,53,2,0,0.8541207909584045,True,0.9325112104415894,True,0.4085007607936859,False
1288,p0n1349,52,2.25,0.25,7452.0,12.0,D-3,49,2,0,0.5379405617713928,True,0.660592794418335,True,0.5560979247093201,True
1289,p0n1350,52,2.5,0.25,7464.0,12.0,C3,48,2,0,0.8781026005744934,True,0.8810061812400818,True,0.7316048741340637,True
1290,p0n1351,52,2.75,0.25,7476.0,12.0,B-4,70,1,0,0.04787701740860939,False,0.13938657939434052,False,0.28054240345954895,False
1291,p0n1352,52,2.75,0.25,7476.0,12.0,B-2,46,2,0,0.13624218106269836,False,0.1573493629693985,False,0.2829565107822418,False
1292,p0n1353,53,0.0,1.0,7488.0,48.0,E-5,75,1,0,0.9314639568328857,True,0.9984362721443176,True,0.9219337701797485,True
1293,p0n1355,53,0.0,2.0,7488.0,96.0,B-4,70,1,0,0.1598067581653595,False,0.3102472722530365,False,0.3323926627635956,False
1294,p0n1354,53,0.0,2.0,7488.0,96.0,F4,65,1,0,0.767309844493866,True,0.9434655904769897,True,0.7543669939041138,True
1295,p0n1356,53,0.0,0.25,7488.0,12.0,F2,41,2,0,0.9482654929161072,True,0.9325517416000366,True,0.774417519569397,True
1296,p0n1357,53,0.25,0.25,7500.0,12.0,F1,29,2,0,0.611962080001831,True,0.7851201295852661,True,0.5259950757026672,True
1297,p0n1358,53,0.5,0.25,7512.0,12.0,G1,31,2,0,0.8836004734039307,True,0.28678733110427856,False,0.3021785318851471,False
1298,p0n1359,53,0.75,0.25,7524.0,12.0,A1,33,2,0,0.773688554763794,True,0.6716073155403137,True,0.840977132320404,True
1299,p0n1360,53,1.0,2.0,7536.0,96.0,C5,72,1,0,0.7702963352203369,True,0.9743232131004333,True,0.7965479493141174,True
1300,p0n1361,53,1.0,0.25,7536.0,12.0,B-1,34,2,0,0.9219834208488464,True,0.9342789053916931,True,0.9377061724662781,True
1301,p0n1362,53,1.25,0.25,7548.0,12.0,C2,36,2,0,0.9289416670799255,True,0.9193880558013916,True,0.6392822265625,True
1302,p0n1363,53,1.5,0.25,7560.0,12.0,D-2,37,2,0,0.9282956719398499,True,0.867701530456543,True,0.6831893920898438,True
1303,p0n1364,53,1.75,0.25,7572.0,12.0,E-2,39,2,0,0.798147439956665,True,0.5839253664016724,True,0.5254219770431519,True
1304,p0n1366,53,2.0,1.0,7584.0,48.0,A4,69,1,0,0.4830014109611511,False,0.35012707114219666,False,0.32573097944259644,False
1305,p0n1365,53,2.0,1.0,7584.0,48.0,F4,65,1,0,0.7800616025924683,True,0.615556001663208,True,0.4917016327381134,False
1306,p0n1367,53,2.0,0.25,7584.0,12.0,F2,41,2,0,0.9188463687896729,True,0.6330884695053101,True,0.5893297791481018,True
1307,p0n1368,53,2.25,0.25,7596.0,12.0,E-2,39,2,0,0.9583326578140259,True,0.1876985877752304,False,0.2780221700668335,False
1308,p0n1369,53,2.5,0.25,7608.0,12.0,D-2,37,2,0,0.9726341962814331,True,0.7955814599990845,True,0.6741039156913757,True
1309,p0n1370,53,2.75,0.25,7620.0,12.0,C2,36,2,0,0.9848959445953369,True,0.801426351070404,True,0.5107824206352234,True
1310,p0n1372,54,0.0,1.5,7632.0,72.0,D-5,73,1,0,0.5005927681922913,True,0.8952519297599792,True,0.6719065308570862,True
1311,p0n1371,54,0.0,1.5,7632.0,72.0,B-4,70,1,0,0.08354483544826508,False,0.2567788064479828,False,0.31599265336990356,False
1312,p0n1373,54,0.0,3.0,7632.0,144.0,F4,65,1,0,0.8314882516860962,True,0.7906526327133179,True,0.6891849040985107,True
1313,p0n1374,54,0.0,0.25,7632.0,12.0,B-1,34,2,0,0.9396581053733826,True,0.9320326447486877,True,0.8602331280708313,True
1314,p0n1375,54,0.25,0.25,7644.0,12.0,A2,45,2,0,0.6065726280212402,True,0.4483463168144226,False,0.3278163969516754,False
1315,p0n1376,54,0.5,0.25,7656.0,12.0,B-2,46,2,0,0.3532705307006836,False,0.19036765396595,False,0.30196651816368103,False
1316,p0n1377,54,0.75,0.25,7668.0,12.0,C3,48,2,0,0.9356710314750671,True,0.9485571384429932,True,0.799113392829895,True
1317,p0n1378,54,1.0,0.25,7680.0,12.0,D-3,49,2,0,0.4739706814289093,False,0.5871063470840454,True,0.42279520630836487,False
1318,p0n1379,54,1.25,0.25,7692.0,12.0,E-3,51,2,0,0.7782019972801208,True,0.7991052865982056,True,0.40596482157707214,False
1319,p0n1380,54,1.5,0.5,7704.0,24.0,B-4,70,1,0,0.05886421352624893,False,0.15493755042552948,False,0.2913499176502228,False
1320,p0n1381,54,1.5,0.25,7704.0,12.0,F3,53,2,0,0.787169337272644,True,0.7942050099372864,True,0.5936060547828674,True
1321,p0n1382,54,1.75,0.25,7716.0,12.0,E-3,51,2,0,0.9193339347839355,True,0.7114759087562561,True,0.3059867322444916,False
1322,p0n1383,54,2.0,0.75,7728.0,36.0,B-4,70,1,0,0.038921184837818146,False,0.15675519406795502,False,0.2820636034011841,False
1323,p0n1384,54,2.0,0.25,7728.0,12.0,D-3,49,2,0,0.6353594064712524,True,0.6747416257858276,True,0.589634358882904,True
1324,p0n1385,54,2.25,0.25,7740.0,12.0,C3,48,2,0,0.986425518989563,True,0.9418443441390991,True,0.7427377700805664,True
1325,p0n1386,54,2.5,0.25,7752.0,12.0,B-2,46,2,0,0.757138729095459,True,0.6607077717781067,True,0.40815895795822144,False
1326,p0n1387,54,2.75,0.25,7764.0,12.0,B-4,70,1,0,0.03316844627261162,False,0.13639208674430847,False,0.2799322307109833,False
1327,p0n1388,54,2.75,0.25,7764.0,12.0,A-2,44,2,0,0.6970985531806946,True,0.37058621644973755,False,0.30549460649490356,False
1328,p0n1391,55,0.0,1.0,7776.0,48.0,D-5,73,1,0,0.6168066263198853,True,0.9311211109161377,True,0.7559837102890015,True
1329,p0n1390,55,0.0,1.0,7776.0,48.0,B-4,70,1,0,0.06587546318769455,False,0.2542742192745209,False,0.3150135576725006,False
1330,p0n1389,55,0.0,1.0,7776.0,48.0,E-4,63,1,0,0.9599959850311279,True,0.9771340489387512,True,0.871655285358429,True
1331,p0n1392,55,0.0,0.25,7776.0,12.0,G2,43,2,0,0.7835837006568909,True,0.9348485469818115,True,0.8520304560661316,True
1332,p0n1394,55,0.25,0.25,7788.0,12.0,D2,38,2,0,0.35183098912239075,False,0.34427186846733093,False,0.3386068344116211,False
1333,p0n1395,55,0.5,0.25,7800.0,12.0,E-2,39,2,0,0.9437742233276367,True,0.8957809805870056,True,0.8415656685829163,True
1334,p0n1396,55,0.75,0.25,7812.0,12.0,F2,41,2,0,0.5586560964584351,True,0.7087536454200745,True,0.4184560179710388,False
1335,p0n1397,55,1.0,1.5,7824.0,72.0,B-4,70,1,0,0.058141544461250305,False,0.2393341362476349,False,0.30303049087524414,False
1336,p0n1398,55,1.0,0.25,7824.0,12.0,G2,43,2,0,0.8456389904022217,True,0.9415043592453003,True,0.820790708065033,True
1337,p0n1400,55,1.0833333333333333,0.08333333333333333,7828.0,4.0,C5,72,1,0,0.44360992312431335,False,0.21229784190654755,False,0.29690155386924744,False
1338,p0n1401,55,1.1666666666666667,0.08333333333333333,7832.0,4.0,B-4,70,1,0,0.11681187152862549,False,0.1634892225265503,False,0.28785082697868347,False
1339,p0n1402,55,1.25,0.08333333333333333,7836.0,4.0,C5,72,1,0,0.23375576734542847,False,0.208907350897789,False,0.2867700159549713,False
1340,p0n1403,55,1.25,0.25,7836.0,12.0,A-2,44,2,0,0.4460417926311493,False,0.20633462071418762,False,0.2926603853702545,False
1341,p0n1404,55,1.3333333333333333,0.08333333333333333,7840.0,4.0,B-4,70,1,0,0.046561699360609055,False,0.1436922252178192,False,0.2841048240661621,False
1342,p0n1405,55,1.4166666666666667,0.08333333333333333,7844.0,4.0,C5,72,1,0,0.40937745571136475,False,0.26750874519348145,False,0.305630087852478,False
1343,p0n1406,55,1.5,0.08333333333333333,7848.0,4.0,B-4,70,1,0,0.02831082232296467,False,0.1467563509941101,False,0.28967922925949097,False
1344,p0n1407,55,1.5,0.25,7848.0,12.0,B-2,46,2,0,0.6684027910232544,True,0.6907327175140381,True,0.5589410662651062,True
1345,p0n1408,55,1.5833333333333333,0.08333333333333333,7852.0,4.0,C5,72,1,0,0.5218542218208313,True,0.38644009828567505,False,0.3065425753593445,False
1346,p0n1409,55,1.6666666666666667,0.08333333333333333,7856.0,4.0,B-4,70,1,0,0.05633344128727913,False,0.15055423974990845,False,0.2851253151893616,False
1347,p0n1410,55,1.75,0.08333333333333333,7860.0,4.0,C5,72,1,0,0.29608574509620667,False,0.26650193333625793,False,0.2989567816257477,False
1348,p0n1411,55,1.75,0.25,7860.0,12.0,A-2,44,2,0,0.5795544385910034,True,0.6911640167236328,True,0.49400627613067627,False
1349,p0n1412,55,1.8333333333333333,0.08333333333333333,7864.0,4.0,B-4,70,1,0,0.03194383531808853,False,0.14232777059078217,False,0.28377190232276917,False
1350,p0n1413,55,1.9166666666666667,0.08333333333333333,7868.0,4.0,C5,72,1,0,0.4505929946899414,False,0.30665260553359985,False,0.3165789842605591,False
1351,p0n1414,55,2.0,0.08333333333333333,7872.0,4.0,B-4,70,1,0,0.01843532919883728,False,0.1465136557817459,False,0.28021878004074097,False
1352,p0n1415,55,2.0,0.25,7872.0,12.0,G2,43,2,0,0.6476360559463501,True,0.5299280881881714,True,0.5260636210441589,True
1353,p0n1416,55,2.0833333333333335,0.08333333333333333,7876.0,4.0,C5,72,1,0,0.6176465153694153,True,0.7044402956962585,True,0.34950506687164307,False
1354,p0n1417,55,2.1666666666666665,0.08333333333333333,7880.0,4.0,B-4,70,1,0,0.10219405591487885,False,0.14775125682353973,False,0.28503191471099854,False
1355,p0n1418,55,2.25,0.25,7884.0,12.0,C5,72,1,0,0.6204310655593872,True,0.7777319550514221,True,0.3815999925136566,False
1356,p0n1419,55,2.25,0.25,7884.0,12.0,F2,41,2,0,0.628958523273468,True,0.6497347950935364,True,0.47922682762145996,False
1357,p0n1420,55,2.5,0.5,7896.0,24.0,B4,71,1,0,0.2366802990436554,False,0.18989823758602142,False,0.2920111417770386,False
1358,p0n1421,55,2.5,0.125,7896.0,6.0,E-2,39,2,0,0.8843348026275635,True,0.935819149017334,True,0.7555400729179382,True
1359,p0n1423,55,2.5833333333333335,0.08333333333333333,7900.0,4.0,C5,72,1,0,0.7204948663711548,True,0.5846764445304871,True,0.35087475180625916,False
1360,p0n1424,55,2.625,0.125,7902.0,6.0,D-2,37,2,0,0.40005236864089966,False,0.19818106293678284,False,0.2836741507053375,False
1361,p0n1425,55,2.6666666666666665,0.08333333333333333,7904.0,4.0,B4,71,1,0,0.2757546901702881,False,0.1504637748003006,False,0.28003260493278503,False
1362,p0n1426,55,2.75,0.08333333333333333,7908.0,4.0,A4,69,1,0,0.016990939155220985,False,0.11698062717914581,False,0.2741405665874481,False
1363,p0n1427,55,2.75,0.125,7908.0,6.0,C2,36,2,0,0.8320354223251343,True,0.9416084289550781,True,0.7969117164611816,True
1364,p0n1428,55,2.8333333333333335,0.16666666666666666,7912.0,8.0,B4,71,1,0,0.6796965599060059,True,0.32256171107292175,False,0.312682569026947,False
1365,p0n1429,55,2.875,0.125,7914.0,6.0,B-1,34,2,0,0.9370349645614624,True,0.6476255655288696,True,0.6356391906738281,True
1366,p0n1433,56,0.0,1.5,7924.0,72.0,C5,72,1,0,0.7450288534164429,True,0.8274198174476624,True,0.5823324918746948,True
1367,p0n1432,56,0.0,1.5,7924.0,72.0,E-4,63,1,0,0.9744340181350708,True,0.7484109997749329,True,0.5945558547973633,True
1368,p0n1431,56,0.0,1.5,7924.0,72.0,C4,60,1,0,0.5918148756027222,True,0.8706391453742981,True,0.7148373126983643,True
1369,p0n1434,56,0.0,0.125,7924.0,6.0,A-1,32,2,0,0.9343351721763611,True,0.8128867745399475,True,0.8071072697639465,True
1370,p0n1435,56,0.125,0.125,7930.0,6.0,E-2,39,2,0,0.7869849801063538,True,0.7626475691795349,True,0.6367013454437256,True
1371,p0n1436,56,0.25,0.125,7936.0,6.0,C2,36,2,0,0.8619170784950256,True,0.7578957676887512,True,0.5728622674942017,True
1372,p0n1437,56,0.375,0.125,7942.0,6.0,E-2,39,2,0,0.8957628011703491,True,0.6487897038459778,True,0.5171876549720764,True
1373,p0n1438,56,0.5,0.125,7948.0,6.0,A-2,44,2,0,0.7652031183242798,True,0.4876284599304199,False,0.34384527802467346,False
1374,p0n1439,56,0.625,0.125,7954.0,6.0,E-3,51,2,0,0.699675977230072,True,0.8194041848182678,True,0.4368097186088562,False
1375,p0n1440,56,0.75,0.125,7960.0,6.0,C3,48,2,0,0.9284226894378662,True,0.7412087917327881,True,0.5991870760917664,True
1376,p0n1441,56,0.875,0.125,7966.0,6.0,E-3,51,2,0,0.7857220768928528,True,0.8453930616378784,True,0.4389384984970093,False
1377,p0n1442,56,1.0,0.125,7972.0,6.0,A-2,44,2,0,0.7326859831809998,True,0.42437100410461426,False,0.3192748725414276,False
1378,p0n1443,56,1.125,0.125,7978.0,6.0,E-3,51,2,0,0.6995539665222168,True,0.7035699486732483,True,0.38784846663475037,False
1379,p0n1444,56,1.25,0.125,7984.0,6.0,C3,48,2,0,0.9347016215324402,True,0.6174042820930481,True,0.5352128148078918,True
1380,p0n1445,56,1.375,0.125,7990.0,6.0,E-3,51,2,0,0.8100681304931641,True,0.7873435020446777,True,0.4223316013813019,False
1381,p0n1446,56,1.5,0.5,7996.0,24.0,A-4,68,1,0,0.6924172639846802,True,0.7482548952102661,True,0.544405460357666,True
1382,p0n1448,56,1.5,0.5,7996.0,24.0,E-4,63,1,0,0.9676333665847778,True,0.7925595045089722,True,0.6058178544044495,True
1383,p0n1447,56,1.5,0.5,7996.0,24.0,C4,60,1,0,0.658900797367096,True,0.7698790431022644,True,0.6588773727416992,True
1384,p0n1449,56,1.5,0.125,7996.0,6.0,A-3,56,2,0,0.8394324779510498,True,0.6672890186309814,True,0.47168615460395813,False
1385,p0n1450,56,1.625,0.125,8002.0,6.0,E-3,51,2,0,0.6834923624992371,True,0.6771026849746704,True,0.3920883536338806,False
1386,p0n1451,56,1.75,0.125,8008.0,6.0,C3,48,2,0,0.9374569058418274,True,0.6724461317062378,True,0.5170580744743347,True
1387,p0n1452,56,1.875,0.125,8014.0,6.0,E-3,51,2,0,0.7281284928321838,True,0.6656602621078491,True,0.4027499556541443,False
1388,p0n1453,56,2.0,0.75,8020.0,36.0,A-4,68,1,0,0.5892902612686157,True,0.5010446310043335,True,0.3947887122631073,False
1389,p0n1455,56,2.0,0.5,8020.0,24.0,E-4,63,1,0,0.9647462964057922,True,0.8091220855712891,True,0.47943899035453796,False
1390,p0n1454,56,2.0,0.5,8020.0,24.0,C4,60,1,0,0.5915455222129822,True,0.6731038689613342,True,0.48594599962234497,False
1391,p0n1456,56,2.0,0.125,8020.0,6.0,C3,48,2,0,0.957310676574707,True,0.6195992231369019,True,0.48457467555999756,False
1392,p0n1457,56,2.125,0.125,8026.0,6.0,A-3,56,2,0,0.8247369527816772,True,0.5251002311706543,True,0.41996631026268005,False
1393,p0n1458,56,2.25,0.125,8032.0,6.0,E-3,51,2,0,0.7770206928253174,True,0.738200843334198,True,0.35312652587890625,False
1394,p0n1459,56,2.375,0.125,8038.0,6.0,A-3,56,2,0,0.6831498742103577,True,0.3922964930534363,False,0.31560367345809937,False
1395,p0n1460,56,2.5,0.125,8044.0,6.0,C4,60,2,0,0.6439206004142761,True,0.7174060940742493,True,0.547784149646759,True
1396,p0n1461,56,2.625,0.125,8050.0,6.0,A-3,56,2,0,0.7435867786407471,True,0.31303372979164124,False,0.30362021923065186,False
1397,p0n1462,56,2.75,0.25,8056.0,12.0,A-4,68,1,0,0.6169936060905457,True,0.29392561316490173,False,0.3192967176437378,False
1398,p0n1463,56,2.75,0.125,8056.0,6.0,E-3,51,2,0,0.7949345707893372,True,0.654426097869873,True,0.3434772193431854,False
1399,p0n1464,56,2.875,0.125,8062.0,6.0,A-3,56,2,0,0.7767987251281738,True,0.16650718450546265,False,0.28744059801101685,False
1400,p0n1467,57,0.0,1.0,8068.0,48.0,D-5,73,1,0,0.512542188167572,True,0.3848824203014374,False,0.2782350182533264,False
1401,p0n1466,57,0.0,1.0,8068.0,48.0,G4,67,1,0,0.6728281378746033,True,0.6646761894226074,True,0.6263107657432556,True
1402,p0n1465,57,0.0,1.0,8068.0,48.0,E-4,63,1,0,0.9694618582725525,True,0.6820885539054871,True,0.4998537003993988,False
1403,p0n1468,57,0.0,0.125,8068.0,6.0,B-2,46,2,0,0.553253710269928,True,0.32210102677345276,False,0.3110402226448059,False
1404,p0n1469,57,0.125,0.125,8074.0,6.0,G3,55,2,0,0.7335078120231628,True,0.7364591360092163,True,0.42856308817863464,False
1405,p0n1470,57,0.25,0.125,8080.0,6.0,E-3,51,2,0,0.6351449489593506,True,0.5605999231338501,True,0.3098622262477875,False
1406,p0n1471,57,0.375,0.125,8086.0,6.0,G3,55,2,0,0.6750028729438782,True,0.43327054381370544,False,0.31328120827674866,False
1407,p0n1472,57,0.5,0.125,8092.0,6.0,B-3,58,2,0,0.08029576390981674,False,0.15771783888339996,False,0.286112517118454,False
1408,p0n1473,57,0.625,0.125,8098.0,6.0,G3,55,2,0,0.7170735001564026,True,0.5309825539588928,True,0.34222176671028137,False
1409,p0n1474,57,0.75,0.125,8104.0,6.0,E-3,51,2,0,0.6899392008781433,True,0.64126056432724,True,0.34417274594306946,False
1410,p0n1475,57,0.875,0.125,8110.0,6.0,G3,55,2,0,0.5948846340179443,True,0.42357704043388367,False,0.3017665445804596,False
1411,p0n1478,57,1.0,2.0,8116.0,96.0,B-4,70,1,0,0.24223355948925018,False,0.18326017260551453,False,0.2929968535900116,False
1412,p0n1477,57,1.0,2.0,8116.0,96.0,G4,67,1,0,0.5222893357276917,True,0.29883521795272827,False,0.29789307713508606,False
1413,p0n1476,57,1.0,2.0,8116.0,96.0,E-4,63,1,0,0.9456446766853333,True,0.6820820569992065,True,0.5096196532249451,True
1414,p0n1479,57,1.0,0.125,8116.0,6.0,D-3,49,2,0,0.31720492243766785,False,0.16877032816410065,False,0.2791680097579956,False
1415,p0n1480,57,1.125,0.125,8122.0,6.0,G3,55,2,0,0.7749974727630615,True,0.5371207594871521,True,0.359808087348938,False
1416,p0n1481,57,1.25,0.125,8128.0,6.0,E-3,51,2,0,0.8153970837593079,True,0.5852474570274353,True,0.32836151123046875,False
1417,p0n1482,57,1.375,0.125,8134.0,6.0,G3,55,2,0,0.7225379943847656,True,0.43846967816352844,False,0.3200799822807312,False
1418,p0n1483,57,1.5,0.125,8140.0,6.0,B-3,58,2,0,0.09255765378475189,False,0.150636687874794,False,0.28504839539527893,False
1419,p0n1484,57,1.625,0.125,8146.0,6.0,G3,55,2,0,0.8154433965682983,True,0.5443608164787292,True,0.35780540108680725,False
1420,p0n1485,57,1.75,0.125,8152.0,6.0,E-3,51,2,0,0.8031302690505981,True,0.5613997578620911,True,0.32879313826560974,False
1421,p0n1486,57,1.875,0.125,8158.0,6.0,G3,55,2,0,0.7572534084320068,True,0.43695059418678284,False,0.31754958629608154,False
1422,p0n1487,57,2.0,0.125,8164.0,6.0,D-3,49,2,0,0.33594149351119995,False,0.189945787191391,False,0.28315669298171997,False
1423,p0n1488,57,2.125,0.125,8170.0,6.0,G3,55,2,0,0.7906734943389893,True,0.5346839427947998,True,0.3564701974391937,False
1424,p0n1489,57,2.25,0.125,8176.0,6.0,E-3,51,2,0,0.8496925234794617,True,0.6796150803565979,True,0.36893486976623535,False
1425,p0n1490,57,2.375,0.125,8182.0,6.0,G3,55,2,0,0.7471538186073303,True,0.400395929813385,False,0.3144223690032959,False
1426,p0n1491,57,2.5,0.125,8188.0,6.0,B-3,58,2,0,0.07304586470127106,False,0.1487303227186203,False,0.284629225730896,False
1427,p0n1492,57,2.625,0.125,8194.0,6.0,G3,55,2,0,0.6829371452331543,True,0.5462486147880554,True,0.38666799664497375,False
1428,p0n1493,57,2.75,0.125,8200.0,6.0,E-3,51,2,0,0.8254956007003784,True,0.7481831908226013,True,0.4060364067554474,False
1429,p0n1494,57,2.875,0.125,8206.0,6.0,G3,55,2,0,0.65562504529953,True,0.5076205730438232,True,0.3820236623287201,False
1430,p0n1497,58,0.0,1.5,8212.0,72.0,E-5,75,1,0,0.8494815230369568,True,0.5043576955795288,True,0.4405541718006134,False
1431,p0n1496,58,0.0,1.5,8212.0,72.0,A-4,68,1,0,0.4950724244117737,False,0.18382693827152252,False,0.29360735416412354,False
1432,p0n1495,58,0.0,1.5,8212.0,72.0,E-4,63,1,0,0.9777655005455017,True,0.7059046030044556,True,0.538092851638794,True
1433,p0n1498,58,0.0,0.125,8212.0,6.0,C3,48,2,0,0.9644807577133179,True,0.6407301425933838,True,0.42935818433761597,False
1434,p0n1499,58,0.125,0.125,8218.0,6.0,A-3,56,2,0,0.5588436126708984,True,0.15390102565288544,False,0.2856270968914032,False
1435,p0n1500,58,0.25,0.125,8224.0,6.0,E-3,51,2,0,0.8290354013442993,True,0.7328041195869446,True,0.4136641025543213,False
1436,p0n1501,58,0.375,0.125,8230.0,6.0,A-3,56,2,0,0.4508357644081116,False,0.18629196286201477,False,0.29372838139533997,False
1437,p0n1502,58,0.5,0.125,8236.0,6.0,C4,60,2,0,0.9577497243881226,True,0.8611856698989868,True,0.6666006445884705,True
1438,p0n1503,58,0.625,0.125,8242.0,6.0,A-3,56,2,0,0.5515680313110352,True,0.2816227674484253,False,0.2989359200000763,False
1439,p0n1504,58,0.75,0.125,8248.0,6.0,E-3,51,2,0,0.8207415342330933,True,0.6882649660110474,True,0.366353303194046,False
1440,p0n1505,58,0.875,0.125,8254.0,6.0,A-3,56,2,0,0.5548732876777649,True,0.20462438464164734,False,0.28998443484306335,False
1441,p0n1506,58,1.0,0.125,8260.0,6.0,C3,48,2,0,0.9526509642601013,True,0.7120718955993652,True,0.4441252648830414,False
1442,p0n1507,58,1.125,0.125,8266.0,6.0,C4,60,2,0,0.9398280382156372,True,0.773418128490448,True,0.60894775390625,True
1443,p0n1508,58,1.25,0.125,8272.0,6.0,A-3,56,2,0,0.5472051501274109,True,0.28088608384132385,False,0.2963566184043884,False
1444,p0n1509,58,1.375,0.125,8278.0,6.0,C4,60,2,0,0.9449037313461304,True,0.7751289010047913,True,0.6518596410751343,True
1445,p0n1512,58,1.5,0.5,8284.0,24.0,D5,74,1,0,0.2733094096183777,False,0.1952812522649765,False,0.3021484911441803,False
1446,p0n1511,58,1.5,0.5,8284.0,24.0,A-4,68,1,0,0.4573724567890167,False,0.15676024556159973,False,0.28854644298553467,False
1447,p0n1510,58,1.5,0.5,8284.0,24.0,D4,62,1,0,0.8505117297172546,True,0.8514844179153442,True,0.6723201274871826,True
1448,p0n1513,58,1.5,0.125,8284.0,6.0,B2,47,2,0,0.7138174772262573,True,0.4701912999153137,False,0.2963411509990692,False
1449,p0n1514,58,1.625,0.125,8290.0,6.0,B3,59,2,0,0.6821103692054749,True,0.37716397643089294,False,0.29183730483055115,False
1450,p0n1515,58,1.75,0.125,8296.0,6.0,A-3,56,2,0,0.6558656096458435,True,0.31203874945640564,False,0.3059571087360382,False
1451,p0n1516,58,1.875,0.125,8302.0,6.0,B3,59,2,0,0.6109254956245422,True,0.4700362980365753,False,0.3054977059364319,False
1452,p0n1519,58,2.0,0.5,8308.0,24.0,E-5,75,1,0,0.7728999853134155,True,0.6477891802787781,True,0.3806769549846649,False
1453,p0n1518,58,2.0,0.5,8308.0,24.0,A-4,68,1,0,0.5908029675483704,True,0.5821430683135986,True,0.40617889165878296,False
1454,p0n1517,58,2.0,0.5,8308.0,24.0,E-4,63,1,0,0.9153751730918884,True,0.8040786981582642,True,0.4314771592617035,False
1455,p0n1520,58,2.0,0.125,8308.0,6.0,C3,48,2,0,0.9511284828186035,True,0.6286661028862,True,0.37698081135749817,False
1456,p0n1521,58,2.125,0.125,8314.0,6.0,C4,60,2,0,0.875421941280365,True,0.8108683228492737,True,0.5619800090789795,True
1457,p0n1522,58,2.25,0.125,8320.0,6.0,A-3,56,2,0,0.6029921174049377,True,0.3281448483467102,False,0.3058859705924988,False
1458,p0n1523,58,2.375,0.125,8326.0,6.0,C4,60,2,0,0.941494345664978,True,0.8375625014305115,True,0.5385584235191345,True
1459,p0n1526,58,2.5,0.5,8332.0,24.0,F5,77,1,0,0.654395580291748,True,0.6572011113166809,True,0.2699054479598999,False
1460,p0n1525,58,2.5,0.5,8332.0,24.0,A-4,68,1,0,0.5612229704856873,True,0.5245162844657898,True,0.3840720057487488,False
1461,p0n1524,58,2.5,0.5,8332.0,24.0,F4,65,1,0,0.18135571479797363,False,0.12927867472171783,False,0.27460774779319763,False
1462,p0n1527,58,2.5,0.125,8332.0,6.0,D-3,49,2,0,0.24140214920043945,False,0.15108373761177063,False,0.27587419748306274,False
1463,p0n1528,58,2.625,0.125,8338.0,6.0,D-4,61,2,0,0.3921247124671936,False,0.24194486439228058,False,0.2945653796195984,False
1464,p0n1529,58,2.75,0.125,8344.0,6.0,A-3,56,2,0,0.7001751065254211,True,0.3409762680530548,False,0.317777156829834,False
1465,p0n1530,58,2.875,0.125,8350.0,6.0,D-4,61,2,0,0.3785876929759979,False,0.21258696913719177,False,0.2872675657272339,False
1466,p0n1531,59,0.0,0.5,8356.0,24.0,E-5,75,1,0,0.8808639049530029,True,0.7353586554527283,True,0.4409845769405365,False
1467,p0n1532,59,0.0,0.125,8356.0,6.0,E-3,51,2,0,0.8943822383880615,True,0.5305188298225403,True,0.3194223940372467,False
1468,p0n1533,59,0.125,0.125,8362.0,6.0,E-4,63,2,0,0.5183296799659729,True,0.5018264055252075,True,0.4075283706188202,False
1469,p0n1534,59,0.25,0.125,8368.0,6.0,G3,55,2,0,0.6313892006874084,True,0.3429329991340637,False,0.3078998029232025,False
1470,p0n1535,59,0.375,0.125,8374.0,6.0,E-4,63,2,0,0.6706250905990601,True,0.5581653714179993,True,0.40173447132110596,False
1471,p0n1536,59,0.5,0.5,8380.0,24.0,D5,74,1,0,0.5585352182388306,True,0.5844783186912537,True,0.40776410698890686,False
1472,p0n1537,59,0.5,0.125,8380.0,6.0,F3,53,2,0,0.6828094720840454,True,0.26914864778518677,False,0.3235047161579132,False
1473,p0n1538,59,0.625,0.125,8386.0,6.0,F4,65,2,0,0.28029999136924744,False,0.1650191694498062,False,0.28056758642196655,False
1474,p0n1539,59,0.75,0.125,8392.0,6.0,A-3,56,2,0,0.8286955952644348,True,0.375419020652771,False,0.32841184735298157,False
1475,p0n1540,59,0.875,0.125,8398.0,6.0,F4,65,2,0,0.22961758077144623,False,0.1321539431810379,False,0.2756481468677521,False
1476,p0n1541,59,1.0,1.5,8404.0,72.0,D-5,73,1,0,0.4693395495414734,False,0.25836947560310364,False,0.3026251196861267,False
1477,p0n1542,59,1.0,0.125,8404.0,6.0,G3,55,2,0,0.6982601284980774,True,0.2887541651725769,False,0.2957962453365326,False
1478,p0n1543,59,1.0625,0.0625,8407.0,3.0,E-5,75,1,0,0.8286864161491394,True,0.6508772969245911,True,0.4265025854110718,False
1479,p0n1544,59,1.125,0.0625,8410.0,3.0,D-5,73,1,0,0.5570972561836243,True,0.5598572492599487,True,0.3601488173007965,False
1480,p0n1545,59,1.125,0.125,8410.0,6.0,G4,67,2,0,0.4852662682533264,False,0.2215869426727295,False,0.30150243639945984,False
1481,p0n1546,59,1.1875,0.0625,8413.0,3.0,E-5,75,1,0,0.8229103088378906,True,0.6434457898139954,True,0.41674134135246277,False
1482,p0n1547,59,1.25,0.0625,8416.0,3.0,D-5,73,1,0,0.552306056022644,True,0.5305895209312439,True,0.3601657748222351,False
1483,p0n1548,59,1.25,0.125,8416.0,6.0,B-3,58,2,0,0.47422298789024353,False,0.24409617483615875,False,0.3081616163253784,False
1484,p0n1549,59,1.3125,0.0625,8419.0,3.0,E-5,75,1,0,0.8233935236930847,True,0.6956217288970947,True,0.4288405478000641,False
1485,p0n1550,59,1.375,0.0625,8422.0,3.0,D-5,73,1,0,0.5950242877006531,True,0.5315555930137634,True,0.36499544978141785,False
1486,p0n1551,59,1.375,0.125,8422.0,6.0,G4,67,2,0,0.6235617399215698,True,0.4723348915576935,False,0.37966910004615784,False
1487,p0n1552,59,1.4375,0.0625,8425.0,3.0,E-5,75,1,0,0.822455108165741,True,0.6916410326957703,True,0.4203484356403351,False
1488,p0n1553,59,1.5,0.0625,8428.0,3.0,D-5,73,1,0,0.5666257739067078,True,0.5101917386054993,True,0.3268399238586426,False
1489,p0n1554,59,1.5,0.125,8428.0,6.0,E-3,51,2,0,0.8133969902992249,True,0.32403311133384705,False,0.29038476943969727,False
1490,p0n1555,59,1.5625,0.0625,8431.0,3.0,E-5,75,1,0,0.8065145015716553,True,0.6431952714920044,True,0.41537266969680786,False
1491,p0n1556,59,1.625,0.0625,8434.0,3.0,D-5,73,1,0,0.5259397029876709,True,0.4995495080947876,False,0.3110838234424591,False
1492,p0n1557,59,1.625,0.125,8434.0,6.0,E-4,63,2,0,0.5893665552139282,True,0.38339781761169434,False,0.315307080745697,False
1493,p0n1558,59,1.6875,0.0625,8437.0,3.0,E-5,75,1,0,0.8576100468635559,True,0.6814987063407898,True,0.4334011375904083,False
1494,p0n1559,59,1.75,0.0625,8440.0,3.0,D-5,73,1,0,0.5548446178436279,True,0.5180293321609497,True,0.3543732464313507,False
1495,p0n1560,59,1.75,0.125,8440.0,6.0,G3,55,2,0,0.5295469760894775,True,0.230564147233963,False,0.282029926776886,False
1496,p0n1561,59,1.8125,0.0625,8443.0,3.0,E-5,75,1,0,0.8365844488143921,True,0.670560896396637,True,0.4194403886795044,False
1497,p0n1562,59,1.875,0.0625,8446.0,3.0,D-5,73,1,0,0.5401507616043091,True,0.5276970863342285,True,0.3462587296962738,False
1498,p0n1563,59,1.875,0.125,8446.0,6.0,E-4,63,2,0,0.6965360641479492,True,0.35172969102859497,False,0.31966447830200195,False
1499,p0n1564,59,1.9375,0.0625,8449.0,3.0,E-5,75,1,0,0.8306574821472168,True,0.6752694845199585,True,0.40906453132629395,False
1500,p0n1565,59,2.0,0.0625,8452.0,3.0,D-5,73,1,0,0.5046994090080261,True,0.5205578207969666,True,0.34496280550956726,False
1501,p0n1566,59,2.0,0.125,8452.0,6.0,F3,53,2,0,0.5391576886177063,True,0.17564991116523743,False,0.2914471924304962,False
1502,p0n1567,59,2.0625,0.0625,8455.0,3.0,E-5,75,1,0,0.8498971462249756,True,0.6691030263900757,True,0.3975941836833954,False
1503,p0n1568,59,2.125,0.0625,8458.0,3.0,D-5,73,1,0,0.5164729952812195,True,0.5049319267272949,True,0.3211073875427246,False
1504,p0n1569,59,2.125,0.125,8458.0,6.0,F4,65,2,0,0.2855392396450043,False,0.13939426839351654,False,0.27619266510009766,False
1505,p0n1570,59,2.1875,0.0625,8461.0,3.0,E-5,75,1,0,0.8409951329231262,True,0.6605727076530457,True,0.4126017689704895,False
1506,p0n1571,59,2.25,0.0625,8464.0,3.0,D-5,73,1,0,0.5688517093658447,True,0.396864116191864,False,0.30512291193008423,False
1507,p0n1572,59,2.25,0.125,8464.0,6.0,A-3,56,2,0,0.7348951101303101,True,0.3723657727241516,False,0.30683720111846924,False
1508,p0n1573,59,2.3125,0.0625,8467.0,3.0,E-5,75,1,0,0.8287628889083862,True,0.6159734129905701,True,0.4072638154029846,False
1509,p0n1574,59,2.375,0.0625,8470.0,3.0,D-5,73,1,0,0.5010435581207275,True,0.3348967134952545,False,0.29868778586387634,False
1510,p0n1575,59,2.375,0.125,8470.0,6.0,F4,65,2,0,0.2800862789154053,False,0.14257852733135223,False,0.2769366502761841,False
1511,p0n1576,59,2.4375,0.0625,8473.0,3.0,E-5,75,1,0,0.859368085861206,True,0.8131235837936401,True,0.4848630428314209,False
1512,p0n1577,59,2.5,0.25,8476.0,12.0,C5,72,1,0,0.415253609418869,False,0.2403545379638672,False,0.3003961741924286,False
1513,p0n1578,59,2.5,0.125,8476.0,6.0,G3,55,2,0,0.41737282276153564,False,0.19510245323181152,False,0.29411402344703674,False
1514,p0n1579,59,2.625,0.125,8482.0,6.0,G4,67,2,0,0.5770028233528137,True,0.6598193645477295,True,0.4516593813896179,False
1515,p0n1580,59,2.75,0.25,8488.0,12.0,B-4,70,1,0,0.38846355676651,False,0.22514083981513977,False,0.30464962124824524,False
1516,p0n1581,59,2.75,0.125,8488.0,6.0,B-3,58,2,0,0.24880987405776978,False,0.20573504269123077,False,0.29744505882263184,False
1517,p0n1582,59,2.875,0.125,8494.0,6.0,G4,67,2,0,0.7266589999198914,True,0.8106003403663635,True,0.5813800096511841,True
1518,p0n1583,60,0.0,0.125,8500.0,6.0,A-4,68,1,0,0.5976736545562744,True,0.554826021194458,True,0.5092146396636963,True
1519,p0n1585,60,0.0,1.5,8500.0,72.0,E-4,63,2,0,0.6213158369064331,True,0.44490179419517517,False,0.3447042405605316,False
1520,p0n1584,60,0.0,1.5,8500.0,72.0,C4,60,2,0,0.8781305551528931,True,0.9386540651321411,True,0.7855610251426697,True
1521,p0n1586,60,0.125,0.125,8506.0,6.0,E-5,75,1,0,0.7777506113052368,True,0.7718735337257385,True,0.5376813411712646,True
1522,p0n1587,60,0.25,0.125,8512.0,6.0,C5,72,1,0,0.908363401889801,True,0.8502683639526367,True,0.49867090582847595,False
1523,p0n1588,60,0.375,0.125,8518.0,6.0,E-5,75,1,0,0.7592214345932007,True,0.763515055179596,True,0.4910264313220978,False
1524,p0n1589,60,0.5,0.125,8524.0,6.0,A-5,80,1,0,0.5011230707168579,True,0.13427837193012238,False,0.2847817540168762,False
1525,p0n1590,60,0.625,0.125,8530.0,6.0,E-6,87,1,0,0.6329666972160339,True,0.3084433376789093,False,0.28556621074676514,False
1526,p0n1591,60,0.75,0.125,8536.0,6.0,C6,84,1,0,0.8178835511207581,True,0.40664052963256836,False,0.2974100112915039,False
1527,p0n1592,60,0.875,0.125,8542.0,6.0,E-6,87,1,0,0.4655999541282654,False,0.2370348870754242,False,0.3004904091358185,False
1528,p0n1593,60,1.0,0.125,8548.0,6.0,A-6,92,1,0,0.6844667196273804,True,0.37351030111312866,False,0.30888959765434265,False
1529,p0n1594,60,1.125,0.125,8554.0,6.0,A-5,80,1,0,0.397164523601532,False,0.16310273110866547,False,0.2908518314361572,False
1530,p0n1595,60,1.25,0.125,8560.0,6.0,A-6,92,1,0,0.6895415782928467,True,0.33868083357810974,False,0.3126455247402191,False
1531,p0n1596,60,1.375,0.125,8566.0,6.0,A-5,80,1,0,0.4350242018699646,False,0.1729508936405182,False,0.2920667231082916,False
1532,p0n1597,60,1.5,0.125,8572.0,6.0,A-6,92,1,0,0.6950487494468689,True,0.43794918060302734,False,0.3013753592967987,False
1533,p0n1599,60,1.5,0.5,8572.0,24.0,C4,60,2,0,0.9062331914901733,True,0.9025259017944336,True,0.7379826903343201,True
1534,p0n1598,60,1.5,0.5,8572.0,24.0,A-3,56,2,0,0.7126531004905701,True,0.5551824569702148,True,0.5274116396903992,True
1535,p0n1600,60,1.625,0.125,8578.0,6.0,A-5,80,1,0,0.42056500911712646,False,0.18018698692321777,False,0.29401353001594543,False
1536,p0n1601,60,1.75,0.125,8584.0,6.0,A-6,92,1,0,0.6875410079956055,True,0.3310473561286926,False,0.3111256957054138,False
1537,p0n1602,60,1.875,0.125,8590.0,6.0,A-5,80,1,0,0.44249868392944336,False,0.17404712736606598,False,0.29230618476867676,False
1538,p0n1603,60,2.0,0.125,8596.0,6.0,A-6,92,1,0,0.6768593788146973,True,0.4193054139614105,False,0.29938602447509766,False
1539,p0n1605,60,2.0,0.75,8596.0,36.0,C4,60,2,0,0.9002288579940796,True,0.9140536189079285,True,0.6236936450004578,True
1540,p0n1604,60,2.0,0.75,8596.0,36.0,A-3,56,2,0,0.7172157168388367,True,0.3495715856552124,False,0.3296436369419098,False
1541,p0n1606,60,2.125,0.125,8602.0,6.0,A-5,80,1,0,0.4491954445838928,False,0.18535394966602325,False,0.2950623035430908,False
1542,p0n1607,60,2.25,0.125,8608.0,6.0,A-6,92,1,0,0.6938397288322449,True,0.3109597861766815,False,0.3056619167327881,False
1543,p0n1608,60,2.375,0.125,8614.0,6.0,A-5,80,1,0,0.4128463566303253,False,0.17288774251937866,False,0.2924972176551819,False
1544,p0n1609,60,2.5,0.125,8620.0,6.0,A-6,92,1,0,0.6773743629455566,True,0.3499544858932495,False,0.31227436661720276,False
1545,p0n1610,60,2.625,0.125,8626.0,6.0,A-5,80,1,0,0.42371681332588196,False,0.17372708022594452,False,0.29217472672462463,False
1546,p0n1611,60,2.75,0.125,8632.0,6.0,A-6,92,1,0,0.698086142539978,True,0.42430609464645386,False,0.30381736159324646,False
1547,p0n1613,60,2.75,0.25,8632.0,12.0,C4,60,2,0,0.9113985300064087,True,0.8855676054954529,True,0.6001704931259155,True
1548,p0n1612,60,2.75,0.25,8632.0,12.0,A-3,56,2,0,0.7421940565109253,True,0.1662796288728714,False,0.29120123386383057,False
1549,p0n1614,60,2.875,0.125,8638.0,6.0,A-5,80,1,0,0.47086337208747864,False,0.16991807520389557,False,0.29161614179611206,False
1550,p0n1615,61,0.0,0.125,8644.0,6.0,A-6,92,1,0,0.6497018337249756,True,0.26777884364128113,False,0.2940561771392822,False
1551,p0n1617,61,0.0,1.0,8644.0,48.0,F4,65,2,0,0.2752363979816437,False,0.14692983031272888,False,0.27755704522132874,False
1552,p0n1616,61,0.0,1.0,8644.0,48.0,D-4,61,2,0,0.1721692979335785,False,0.15964598953723907,False,0.2773797810077667,False
1553,p0n1618,61,0.125,0.125,8650.0,6.0,A-5,80,1,0,0.45309823751449585,False,0.18640458583831787,False,0.2952759861946106,False
1554,p0n1619,61,0.25,0.125,8656.0,6.0,A-6,92,1,0,0.6866576671600342,True,0.30592450499534607,False,0.3048168122768402,False
1555,p0n1620,61,0.375,0.125,8662.0,6.0,A-5,80,1,0,0.45418766140937805,False,0.1804729700088501,False,0.29399436712265015,False
1556,p0n1621,61,0.5,0.125,8668.0,6.0,A-6,92,1,0,0.6706371307373047,True,0.3304707109928131,False,0.3060287833213806,False
1557,p0n1622,61,0.625,0.125,8674.0,6.0,A-5,80,1,0,0.3830808401107788,False,0.16625265777111053,False,0.2911754250526428,False
1558,p0n1623,61,0.75,0.125,8680.0,6.0,A-6,92,1,0,0.7085557579994202,True,0.3339357078075409,False,0.31325632333755493,False
1559,p0n1624,61,0.875,0.125,8686.0,6.0,A-5,80,1,0,0.47042790055274963,False,0.173738032579422,False,0.29216158390045166,False
1560,p0n1625,61,1.0,0.125,8692.0,6.0,A-6,92,1,0,0.6524551510810852,True,0.270656555891037,False,0.2948521673679352,False
1561,p0n1627,61,1.0,2.0,8692.0,96.0,D-4,61,2,0,0.31026774644851685,False,0.19837677478790283,False,0.28537872433662415,False
1562,p0n1626,61,1.0,2.0,8692.0,96.0,B-3,58,2,0,0.43483442068099976,False,0.29197725653648376,False,0.32212182879447937,False
1563,p0n1628,61,1.125,0.125,8698.0,6.0,A-5,80,1,0,0.4475131332874298,False,0.18619798123836517,False,0.2952074706554413,False
1564,p0n1629,61,1.25,0.125,8704.0,6.0,A-6,92,1,0,0.6934226155281067,True,0.3198930025100708,False,0.3066255450248718,False
1565,p0n1630,61,1.375,0.125,8710.0,6.0,A-5,80,1,0,0.43515756726264954,False,0.17621390521526337,False,0.2930997610092163,False
1566,p0n1631,61,1.5,0.125,8716.0,6.0,A-6,92,1,0,0.6872595548629761,True,0.3196949064731598,False,0.3064636290073395,False
1567,p0n1632,61,1.625,0.125,8722.0,6.0,A-5,80,1,0,0.43399888277053833,False,0.1761782169342041,False,0.29308778047561646,False
1568,p0n1633,61,1.75,0.125,8728.0,6.0,A-6,92,1,0,0.6880958676338196,True,0.3205620050430298,False,0.3066093921661377,False
1569,p0n1634,61,1.875,0.125,8734.0,6.0,A-5,80,1,0,0.4335758090019226,False,0.17607799172401428,False,0.29306283593177795,False
1570,p0n1635,61,2.0,0.125,8740.0,6.0,A-6,92,1,0,0.6875026226043701,True,0.31917035579681396,False,0.30646398663520813,False
1571,p0n1636,61,2.125,0.125,8746.0,6.0,A-5,80,1,0,0.43378978967666626,False,0.17611823976039886,False,0.29306653141975403,False
1572,p0n1637,61,2.25,0.125,8752.0,6.0,A-6,92,1,0,0.684876024723053,True,0.31856635212898254,False,0.3062911033630371,False
1573,p0n1638,61,2.375,0.125,8758.0,6.0,A-5,80,1,0,0.45288315415382385,False,0.1803595870733261,False,0.29393407702445984,False
1574,p0n1639,61,2.5,0.125,8764.0,6.0,A-6,92,1,0,0.6750780940055847,True,0.3324210047721863,False,0.30691495537757874,False
1575,p0n1640,61,2.625,0.125,8770.0,6.0,A-5,80,1,0,0.40461477637290955,False,0.16877102851867676,False,0.29167038202285767,False
1576,p0n1641,61,2.75,0.125,8776.0,6.0,A-6,92,1,0,0.6782861948013306,True,0.29226553440093994,False,0.3065005838871002,False
1577,p0n1642,61,2.875,0.125,8782.0,6.0,A-5,80,1,0,0.3963989019393921,False,0.15625080466270447,False,0.28863105177879333,False
1578,p0n1643,62,0.0,0.5,8788.0,24.0,A-6,92,1,0,0.6642924547195435,True,0.29512321949005127,False,0.29880425333976746,False
1579,p0n1645,62,0.0,1.0,8788.0,48.0,G-4,66,2,0,0.7077792286872864,True,0.259012371301651,False,0.2920670211315155,False
1580,p0n1644,62,0.0,1.0,8788.0,48.0,E-4,63,2,0,0.4772992730140686,False,0.3472574055194855,False,0.3284558653831482,False
1581,p0n1646,62,0.5,0.25,8812.0,12.0,G-6,90,1,0,0.37120041251182556,False,0.14554555714130402,False,0.2857602536678314,False
1582,p0n1647,62,0.75,0.5,8824.0,24.0,F6,89,1,0,0.23750731348991394,False,0.14056949317455292,False,0.2777356803417206,False
1583,p0n1649,62,1.0,2.0,8836.0,96.0,E-4,63,2,0,0.6680142879486084,True,0.4887540638446808,False,0.32633358240127563,False
1584,p0n1650,62,1.0,2.0,8836.0,96.0,C4,60,2,0,0.9422047138214111,True,0.9317288994789124,True,0.7035273909568787,True
1585,p0n1651,62,1.25,0.125,8848.0,6.0,E-6,87,1,0,0.47560280561447144,False,0.24065686762332916,False,0.30147016048431396,False
1586,p0n1652,62,1.375,0.125,8854.0,6.0,D6,86,1,0,0.7955969572067261,True,0.7247337698936462,True,0.5836658477783203,True
1587,p0n1653,62,1.5,0.125,8860.0,6.0,E-6,87,1,0,0.33960381150245667,False,0.19788497686386108,False,0.29075053334236145,False
1588,p0n1654,62,1.625,0.125,8866.0,6.0,F6,89,1,0,0.17785289883613586,False,0.13111864030361176,False,0.276050865650177,False
1589,p0n1655,62,1.75,0.125,8872.0,6.0,G-6,90,1,0,0.42504507303237915,False,0.15389086306095123,False,0.28707703948020935,False
1590,p0n1656,62,1.875,0.125,8878.0,6.0,F6,89,1,0,0.33280056715011597,False,0.14612920582294464,False,0.27893227338790894,False
1591,p0n1657,62,2.0,0.125,8884.0,6.0,E-6,87,1,0,0.3952791094779968,False,0.1912814825773239,False,0.2892153263092041,False
1592,p0n1659,62,2.0,1.0,8884.0,48.0,A-4,68,2,0,0.8400323987007141,True,0.36864596605300903,False,0.2974587380886078,False
1593,p0n1660,62,2.125,0.125,8890.0,6.0,F6,89,1,0,0.3363523781299591,False,0.14215564727783203,False,0.27885034680366516,False
1594,p0n1661,62,2.25,0.125,8896.0,6.0,E-6,87,1,0,0.5576727390289307,True,0.2203366607427597,False,0.28140372037887573,False
1595,p0n1662,62,2.375,0.125,8902.0,6.0,D-6,85,1,0,0.7743831872940063,True,0.43879127502441406,False,0.3500204384326935,False
1596,p0n1663,62,2.5,0.125,8908.0,6.0,C6,84,1,0,0.738339364528656,True,0.5677789449691772,True,0.3055309057235718,False
1597,p0n1664,62,2.625,0.125,8914.0,6.0,B-5,82,1,0,0.6985068321228027,True,0.5080108046531677,True,0.39281779527664185,False
1598,p0n1665,62,2.75,0.125,8920.0,6.0,A-5,80,1,0,0.7418180704116821,True,0.4773636758327484,False,0.3604046404361725,False
1599,p0n1666,62,2.875,0.125,8926.0,6.0,G-5,78,1,0,0.8635252118110657,True,0.35092610120773315,False,0.28587210178375244,False
1600,p0n1667,63,0.0,1.5,8932.0,72.0,F5,77,1,0,0.610100269317627,True,0.4773864448070526,False,0.32864993810653687,False
1601,p0n1668,63,0.0,0.25,8932.0,12.0,D-4,61,2,0,0.5004381537437439,True,0.7229635715484619,True,0.3996003568172455,False
1602,p0n1670,63,0.25,0.25,8944.0,12.0,A-4,68,2,0,0.9272037744522095,True,0.5086565613746643,True,0.42827147245407104,False
1603,p0n1669,63,0.25,0.25,8944.0,12.0,F4,65,2,0,0.22735917568206787,False,0.13839803636074066,False,0.2764180302619934,False
1604,p0n1672,63,0.5,0.25,8956.0,12.0,A-4,68,2,0,0.9180569052696228,True,0.39397674798965454,False,0.3117294907569885,False
1605,p0n1671,63,0.5,0.25,8956.0,12.0,F4,65,2,0,0.37679290771484375,False,0.1437612622976303,False,0.27723994851112366,False
1606,p0n1674,63,0.75,0.25,8968.0,12.0,A-4,68,2,0,0.893153727054596,True,0.4033892750740051,False,0.31507954001426697,False
1607,p0n1673,63,0.75,0.25,8968.0,12.0,F4,65,2,0,0.29580509662628174,False,0.14628596603870392,False,0.2778705954551697,False
1608,p0n1675,63,1.0,0.25,8980.0,12.0,D-4,61,2,0,0.5308717489242554,True,0.49321654438972473,False,0.35037580132484436,False
1609,p0n1677,63,1.25,0.25,8992.0,12.0,A-4,68,2,0,0.9249011874198914,True,0.5540171265602112,True,0.4305574297904968,False
1610,p0n1676,63,1.25,0.25,8992.0,12.0,F4,65,2,0,0.32609450817108154,False,0.15749643743038177,False,0.2795134484767914,False
1611,p0n1678,63,1.5,1.0,9004.0,48.0,A-5,80,1,0,0.6662344932556152,True,0.19629202783107758,False,0.28753235936164856,False
1612,p0n1680,63,1.5,0.25,9004.0,12.0,A-4,68,2,0,0.9036017060279846,True,0.41682174801826477,False,0.31488528847694397,False
1613,p0n1679,63,1.5,0.25,9004.0,12.0,F4,65,2,0,0.430049866437912,False,0.15309371054172516,False,0.27879369258880615,False
1614,p0n1682,63,1.75,0.25,9016.0,12.0,A-4,68,2,0,0.8835863471031189,True,0.4020434617996216,False,0.31923994421958923,False
1615,p0n1681,63,1.75,0.25,9016.0,12.0,F4,65,2,0,0.30010268092155457,False,0.15163125097751617,False,0.2788054049015045,False
1616,p0n1683,63,2.0,0.25,9028.0,12.0,D-4,61,2,0,0.5059975981712341,True,0.5363230109214783,True,0.3536379933357239,False
1617,p0n1685,63,2.25,0.25,9040.0,12.0,A-4,68,2,0,0.9170932769775391,True,0.4795818626880646,False,0.34363946318626404,False
1618,p0n1684,63,2.25,0.25,9040.0,12.0,F4,65,2,0,0.4798084795475006,False,0.15910246968269348,False,0.2797538936138153,False
1619,p0n1686,63,2.5,0.5,9052.0,24.0,D-6,85,1,0,0.48645663261413574,False,0.14841777086257935,False,0.27615126967430115,False
1620,p0n1688,63,2.5,0.25,9052.0,12.0,A-4,68,2,0,0.8831453919410706,True,0.41884681582450867,False,0.333120733499527,False
1621,p0n1687,63,2.5,0.25,9052.0,12.0,F4,65,2,0,0.48322799801826477,False,0.15213702619075775,False,0.27866896986961365,False
1622,p0n1690,63,2.75,0.25,9064.0,12.0,A-4,68,2,0,0.8886058330535889,True,0.385439932346344,False,0.32474276423454285,False
1623,p0n1689,63,2.75,0.25,9064.0,12.0,F4,65,2,0,0.47308868169784546,False,0.16444186866283417,False,0.28074026107788086,False
1624,p0n1691,64,0.0,1.0,9076.0,48.0,D-6,85,1,0,0.4035429060459137,False,0.18329276144504547,False,0.2833805978298187,False
1625,p0n1692,64,0.0,0.25,9076.0,12.0,E-4,63,2,0,0.8081898093223572,True,0.6099904179573059,True,0.35504499077796936,False
1626,p0n1694,64,0.25,0.25,9088.0,12.0,A-4,68,2,0,0.8689680099487305,True,0.43993502855300903,False,0.34247660636901855,False
1627,p0n1693,64,0.25,0.25,9088.0,12.0,G-4,66,2,0,0.4223191440105438,False,0.1784677505493164,False,0.29118677973747253,False
1628,p0n1696,64,0.5,0.25,9100.0,12.0,A-4,68,2,0,0.8466452956199646,True,0.40144652128219604,False,0.3289671838283539,False
1629,p0n1695,64,0.5,0.25,9100.0,12.0,G-4,66,2,0,0.3881660997867584,False,0.16517645120620728,False,0.2883267104625702,False
1630,p0n1698,64,0.75,0.25,9112.0,12.0,A-4,68,2,0,0.8558793663978577,True,0.39801934361457825,False,0.32418662309646606,False
1631,p0n1697,64,0.75,0.25,9112.0,12.0,G-4,66,2,0,0.3877629041671753,False,0.17578887939453125,False,0.29025521874427795,False
1632,p0n1699,64,1.0,2.0,9124.0,96.0,C6,84,1,0,0.739890992641449,True,0.49539297819137573,False,0.36058858036994934,False
1633,p0n1700,64,1.0,0.25,9124.0,12.0,E-4,63,2,0,0.8580402135848999,True,0.517838716506958,True,0.34062546491622925,False
1634,p0n1702,64,1.25,0.25,9136.0,12.0,A-4,68,2,0,0.8662812113761902,True,0.4493449926376343,False,0.3470197916030884,False
1635,p0n1701,64,1.25,0.25,9136.0,12.0,G-4,66,2,0,0.3801398277282715,False,0.17578203976154327,False,0.2903740704059601,False
1636,p0n1704,64,1.5,0.25,9148.0,12.0,A-4,68,2,0,0.8617936372756958,True,0.40229180455207825,False,0.32315924763679504,False
1637,p0n1703,64,1.5,0.25,9148.0,12.0,G-4,66,2,0,0.4119972288608551,False,0.15825094282627106,False,0.286837100982666,False
1638,p0n1706,64,1.75,0.25,9160.0,12.0,A-4,68,2,0,0.8455177545547485,True,0.39653441309928894,False,0.33041736483573914,False
1639,p0n1705,64,1.75,0.25,9160.0,12.0,G-4,66,2,0,0.4008425772190094,False,0.1736380010843277,False,0.2899640202522278,False
1640,p0n1707,64,2.0,0.25,9172.0,12.0,E-4,63,2,0,0.8583248853683472,True,0.41734060645103455,False,0.3137313425540924,False
1641,p0n1709,64,2.25,0.25,9184.0,12.0,A-4,68,2,0,0.8609827160835266,True,0.42219820618629456,False,0.335801899433136,False
1642,p0n1708,64,2.25,0.25,9184.0,12.0,G-4,66,2,0,0.38960152864456177,False,0.16687461733818054,False,0.28857117891311646,False
1643,p0n1711,64,2.5,0.25,9196.0,12.0,A-4,68,2,0,0.849766194820404,True,0.3596172034740448,False,0.3195950984954834,False
1644,p0n1710,64,2.5,0.25,9196.0,12.0,G-4,66,2,0,0.39245298504829407,False,0.1574023813009262,False,0.28667789697647095,False
1645,p0n1713,64,2.75,0.25,9208.0,12.0,A-4,68,2,0,0.8525214195251465,True,0.3372972905635834,False,0.3195783793926239,False
1646,p0n1712,64,2.75,0.25,9208.0,12.0,G-4,66,2,0,0.35588306188583374,False,0.15741978585720062,False,0.2867445647716522,False
1647,p0n1714,65,0.0,1.5,9220.0,72.0,E-6,87,1,0,0.5973823666572571,True,0.5799260139465332,True,0.4030761420726776,False
1648,p0n1715,65,0.0,0.25,9220.0,12.0,G-4,66,2,0,0.3910544812679291,False,0.16302356123924255,False,0.2878642976284027,False
1649,p0n1718,65,0.25,0.25,9232.0,12.0,E-5,75,2,0,0.8430132865905762,True,0.7853135466575623,True,0.5472673177719116,True
1650,p0n1717,65,0.25,0.25,9232.0,12.0,C5,72,2,0,0.8289170265197754,True,0.8823398351669312,True,0.6501505374908447,True
1651,p0n1716,65,0.25,0.25,9232.0,12.0,A-4,68,2,0,0.8145059943199158,True,0.4236128032207489,False,0.33491629362106323,False
1652,p0n1721,65,0.5,0.25,9244.0,12.0,E-5,75,2,0,0.8953351378440857,True,0.5898517966270447,True,0.41882479190826416,False
1653,p0n1720,65,0.5,0.25,9244.0,12.0,C5,72,2,0,0.8925381302833557,True,0.8226736783981323,True,0.5609222054481506,True
1654,p0n1719,65,0.5,0.25,9244.0,12.0,A-4,68,2,0,0.9125233292579651,True,0.3728944659233093,False,0.3182395398616791,False
1655,p0n1724,65,0.75,0.25,9256.0,12.0,E-5,75,2,0,0.8584461808204651,True,0.7107117772102356,True,0.453342467546463,False
1656,p0n1723,65,0.75,0.25,9256.0,12.0,C5,72,2,0,0.8675365447998047,True,0.8469477295875549,True,0.5859950184822083,True
1657,p0n1722,65,0.75,0.25,9256.0,12.0,A-4,68,2,0,0.8641539216041565,True,0.4439328610897064,False,0.3441827595233917,False
1658,p0n1725,65,1.0,0.25,9268.0,12.0,G-4,66,2,0,0.3578057587146759,False,0.15833540260791779,False,0.28682875633239746,False
1659,p0n1728,65,1.25,0.25,9280.0,12.0,E-5,75,2,0,0.8586441278457642,True,0.7281872630119324,True,0.4752575159072876,False
1660,p0n1727,65,1.25,0.25,9280.0,12.0,C5,72,2,0,0.868587851524353,True,0.8422371745109558,True,0.5949172377586365,True
1661,p0n1726,65,1.25,0.25,9280.0,12.0,A-4,68,2,0,0.8418536186218262,True,0.4409652054309845,False,0.3397386074066162,False
1662,p0n1729,65,1.5,1.0,9292.0,48.0,C6,84,1,0,0.8504207134246826,True,0.292714387178421,False,0.27845579385757446,False
1663,p0n1732,65,1.5,0.25,9292.0,12.0,E-5,75,2,0,0.8826241493225098,True,0.6066533923149109,True,0.42044880986213684,False
1664,p0n1731,65,1.5,0.25,9292.0,12.0,C5,72,2,0,0.834229052066803,True,0.7652318477630615,True,0.5430032014846802,True
1665,p0n1730,65,1.5,0.25,9292.0,12.0,A-4,68,2,0,0.8897410035133362,True,0.34144797921180725,False,0.3140583336353302,False
1666,p0n1735,65,1.75,0.25,9304.0,12.0,E-5,75,2,0,0.8313764929771423,True,0.7037250399589539,True,0.48195189237594604,False
1667,p0n1734,65,1.75,0.25,9304.0,12.0,C5,72,2,0,0.7838428616523743,True,0.848153829574585,True,0.6255947351455688,True
1668,p0n1733,65,1.75,0.25,9304.0,12.0,A-4,68,2,0,0.8320106863975525,True,0.4902351498603821,False,0.35262325406074524,False
1669,p0n1736,65,2.0,0.25,9316.0,12.0,G-4,66,2,0,0.3189634382724762,False,0.1534615308046341,False,0.2856387197971344,False
1670,p0n1739,65,2.25,0.25,9328.0,12.0,E-5,75,2,0,0.8850550055503845,True,0.7992966771125793,True,0.6366214752197266,True
1671,p0n1738,65,2.25,0.25,9328.0,12.0,C5,72,2,0,0.8316785097122192,True,0.9161346554756165,True,0.6671234369277954,True
1672,p0n1737,65,2.25,0.25,9328.0,12.0,A-4,68,2,0,0.8195242881774902,True,0.6065592765808105,True,0.5333389639854431,True
1673,p0n1740,65,2.5,0.5,9340.0,24.0,A-5,80,1,0,0.723128616809845,True,0.31280580163002014,False,0.2906520366668701,False
1674,p0n1743,65,2.5,0.25,9340.0,12.0,E-5,75,2,0,0.9032498598098755,True,0.8055636882781982,True,0.48537859320640564,False
1675,p0n1742,65,2.5,0.25,9340.0,12.0,C5,72,2,0,0.8502390384674072,True,0.8910943269729614,True,0.5486234426498413,True
1676,p0n1741,65,2.5,0.25,9340.0,12.0,A-4,68,2,0,0.830128014087677,True,0.634244441986084,True,0.4155014455318451,False
1677,p0n1746,65,2.75,0.25,9352.0,12.0,E-5,75,2,0,0.7622938752174377,True,0.5343459844589233,True,0.39802637696266174,False
1678,p0n1745,65,2.75,0.25,9352.0,12.0,C5,72,2,0,0.8809652924537659,True,0.7465391159057617,True,0.39579322934150696,False
1679,p0n1744,65,2.75,0.25,9352.0,12.0,A-4,68,2,0,0.8855260610580444,True,0.5560070872306824,True,0.4463903605937958,False
1680,p0n1747,66,0.0,1.0,9364.0,48.0,A-5,80,1,0,0.6610521674156189,True,0.26651909947395325,False,0.30440837144851685,False
1681,p0n1748,66,0.0,0.25,9364.0,12.0,F4,65,2,0,0.41309428215026855,False,0.15859641134738922,False,0.28014007210731506,False
1682,p0n1750,66,0.25,0.25,9376.0,12.0,D-5,73,2,0,0.31291279196739197,False,0.20117180049419403,False,0.28657981753349304,False
1683,p0n1749,66,0.25,0.25,9376.0,12.0,A-4,68,2,0,0.9225460886955261,True,0.6517019271850586,True,0.5316701531410217,True
1684,p0n1752,66,0.5,0.25,9388.0,12.0,D-5,73,2,0,0.35936591029167175,False,0.19800928235054016,False,0.2861771285533905,False
1685,p0n1751,66,0.5,0.25,9388.0,12.0,A-4,68,2,0,0.903671383857727,True,0.6108289361000061,True,0.46182170510292053,False
1686,p0n1754,66,0.75,0.25,9400.0,12.0,D-5,73,2,0,0.338665634393692,False,0.1934080272912979,False,0.2850504219532013,False
1687,p0n1753,66,0.75,0.25,9400.0,12.0,A-4,68,2,0,0.9027518033981323,True,0.5569396018981934,True,0.44241827726364136,False
1688,p0n1755,66,1.0,1.5,9412.0,72.0,D-6,85,1,0,0.18918675184249878,False,0.14032624661922455,False,0.2745298743247986,False
1689,p0n1756,66,1.0,0.25,9412.0,12.0,F4,65,2,0,0.5385041236877441,True,0.3867308497428894,False,0.3291703462600708,False
1690,p0n1758,66,1.25,0.25,9424.0,12.0,D-5,73,2,0,0.32748350501060486,False,0.19755782186985016,False,0.2856999337673187,False
1691,p0n1757,66,1.25,0.25,9424.0,12.0,A-4,68,2,0,0.8947398066520691,True,0.6646843552589417,True,0.5044793486595154,True
1692,p0n1760,66,1.5,0.25,9436.0,12.0,D-5,73,2,0,0.39262157678604126,False,0.19350017607212067,False,0.28519406914711,False
1693,p0n1759,66,1.5,0.25,9436.0,12.0,A-4,68,2,0,0.9192041158676147,True,0.5199277400970459,True,0.4102645218372345,False
1694,p0n1762,66,1.75,0.25,9448.0,12.0,D-5,73,2,0,0.33115482330322266,False,0.19608163833618164,False,0.28567105531692505,False
1695,p0n1761,66,1.75,0.25,9448.0,12.0,A-4,68,2,0,0.8888658881187439,True,0.5025331974029541,True,0.38399338722229004,False
1696,p0n1763,66,2.0,0.25,9460.0,12.0,F4,65,2,0,0.5167958736419678,True,0.3830530345439911,False,0.32682493329048157,False
1697,p0n1765,66,2.25,0.25,9472.0,12.0,D-5,73,2,0,0.35845792293548584,False,0.19708621501922607,False,0.28581178188323975,False
1698,p0n1764,66,2.25,0.25,9472.0,12.0,A-4,68,2,0,0.8648884892463684,True,0.6340088844299316,True,0.4252735674381256,False
1699,p0n1766,66,2.5,0.5,9484.0,24.0,D-6,85,1,0,0.20473812520503998,False,0.14485636353492737,False,0.27523019909858704,False
1700,p0n1768,66,2.5,0.25,9484.0,12.0,D-5,73,2,0,0.42007362842559814,False,0.21886776387691498,False,0.2916879951953888,False
1701,p0n1767,66,2.5,0.25,9484.0,12.0,A-4,68,2,0,0.8412942290306091,True,0.4066076874732971,False,0.3554513156414032,False
1702,p0n1770,66,2.75,0.25,9496.0,12.0,D-5,73,2,0,0.3790396451950073,False,0.26547732949256897,False,0.3021921217441559,False
1703,p0n1769,66,2.75,0.25,9496.0,12.0,A-4,68,2,0,0.8343251347541809,True,0.515298068523407,True,0.4482188820838928,False
1704,p0n1771,67,0.0,1.0,9508.0,48.0,C#6,85,1,0,0.22002199292182922,False,0.13760095834732056,False,0.2781817317008972,False
1705,p0n1772,67,0.0,0.25,9508.0,12.0,E4,64,2,0,0.1846102923154831,False,0.16952551901340485,False,0.27840372920036316,False
1706,p0n1774,67,0.25,0.25,9520.0,12.0,C#5,73,2,0,0.41182437539100647,False,0.22369621694087982,False,0.29584237933158875,False
1707,p0n1773,67,0.25,0.25,9520.0,12.0,G#4,68,2,0,0.8507288098335266,True,0.8094922304153442,True,0.6754421591758728,True
1708,p0n1776,67,0.5,0.25,9532.0,12.0,C#5,73,2,0,0.40438875555992126,False,0.20865049958229065,False,0.292978435754776,False
1709,p0n1775,67,0.5,0.25,9532.0,12.0,G#4,68,2,0,0.847733199596405,True,0.5634007453918457,True,0.5207319259643555,True
1710,p0n1778,67,0.75,0.25,9544.0,12.0,C#5,73,2,0,0.39049699902534485,False,0.21225766837596893,False,0.2931143045425415,False
1711,p0n1777,67,0.75,0.25,9544.0,12.0,G#4,68,2,0,0.8424366116523743,True,0.677661120891571,True,0.5578344464302063,True
1712,p0n1779,67,1.0,1.5,9556.0,72.0,C#6,85,1,0,0.20271912217140198,False,0.13425947725772858,False,0.2778027057647705,False
1713,p0n1780,67,1.0,0.25,9556.0,12.0,E4,64,2,0,0.24784976243972778,False,0.17895543575286865,False,0.2804826498031616,False
1714,p0n1782,67,1.25,0.25,9568.0,12.0,C#5,73,2,0,0.37245452404022217,False,0.21301695704460144,False,0.293300062417984,False
1715,p0n1781,67,1.25,0.25,9568.0,12.0,G#4,68,2,0,0.8069880604743958,True,0.7540443539619446,True,0.6345767974853516,True
1716,p0n1784,67,1.5,0.25,9580.0,12.0,C#5,73,2,0,0.43884360790252686,False,0.20886202156543732,False,0.2929779291152954,False
1717,p0n1783,67,1.5,0.25,9580.0,12.0,G#4,68,2,0,0.8354016542434692,True,0.538706362247467,True,0.4883858859539032,False
1718,p0n1786,67,1.75,0.25,9592.0,12.0,C#5,73,2,0,0.3850923776626587,False,0.20881561934947968,False,0.29222509264945984,False
1719,p0n1785,67,1.75,0.25,9592.0,12.0,G#4,68,2,0,0.8034189343452454,True,0.602306604385376,True,0.5169935822486877,True
1720,p0n1787,67,2.0,0.25,9604.0,12.0,E4,64,2,0,0.1852523386478424,False,0.16206170618534088,False,0.27736157178878784,False
1721,p0n1789,67,2.25,0.25,9616.0,12.0,C#5,73,2,0,0.43871086835861206,False,0.23092977702617645,False,0.29791802167892456,False
1722,p0n1788,67,2.25,0.25,9616.0,12.0,G#4,68,2,0,0.7971221804618835,True,0.7182448506355286,True,0.5071185231208801,True
1723,p0n1790,67,2.5,0.5,9628.0,24.0,C#6,85,1,0,0.18887940049171448,False,0.11801335215568542,False,0.2752860486507416,False
1724,p0n1792,67,2.5,0.25,9628.0,12.0,C#5,73,2,0,0.4072125554084778,False,0.20919735729694366,False,0.29305949807167053,False
1725,p0n1791,67,2.5,0.25,9628.0,12.0,G#4,68,2,0,0.7789451479911804,True,0.6924763321876526,True,0.4661613404750824,False
1726,p0n1794,67,2.75,0.25,9640.0,12.0,C#5,73,2,0,0.5087726712226868,True,0.3238414525985718,False,0.2999055087566376,False
1727,p0n1793,67,2.75,0.25,9640.0,12.0,G#4,68,2,0,0.7798188924789429,True,0.49898478388786316,False,0.4076150357723236,False
1728,p0n1795,68,0.0,1.0,9652.0,48.0,C#6,85,1,0,0.28425663709640503,False,0.1360321342945099,False,0.27826932072639465,False
1729,p0n1796,68,0.0,0.25,9652.0,12.0,D#4,63,2,0,0.9260725975036621,True,0.5740810036659241,True,0.3937692940235138,False
1730,p0n1798,68,0.25,0.25,9664.0,12.0,B4,71,2,0,0.245021790266037,False,0.13418300449848175,False,0.27668124437332153,False
1731,p0n1797,68,0.25,0.25,9664.0,12.0,F#4,66,2,0,0.3186524212360382,False,0.18404345214366913,False,0.2880007326602936,False
1732,p0n1800,68,0.5,0.25,9676.0,12.0,B4,71,2,0,0.22645370662212372,False,0.12466081976890564,False,0.2755415141582489,False
1733,p0n1799,68,0.5,0.25,9676.0,12.0,F#4,66,2,0,0.32740312814712524,False,0.17359629273414612,False,0.2864227592945099,False
1734,p0n1802,68,0.75,0.25,9688.0,12.0,B4,71,2,0,0.22732596099376678,False,0.12593597173690796,False,0.27577778697013855,False
1735,p0n1801,68,0.75,0.25,9688.0,12.0,F#4,66,2,0,0.3303926885128021,False,0.17770525813102722,False,0.28741249442100525,False
1736,p0n1803,68,1.0,1.5,9700.0,72.0,B5,83,1,0,0.5919374227523804,True,0.21443162858486176,False,0.27557605504989624,False
1737,p0n1804,68,1.0,0.25,9700.0,12.0,D#4,63,2,0,0.9362120628356934,True,0.3503836393356323,False,0.3123595714569092,False
1738,p0n1806,68,1.25,0.25,9712.0,12.0,B4,71,2,0,0.27010273933410645,False,0.14055070281028748,False,0.277505487203598,False
1739,p0n1805,68,1.25,0.25,9712.0,12.0,F#4,66,2,0,0.30731475353240967,False,0.18300561606884003,False,0.28804734349250793,False
1740,p0n1808,68,1.5,0.25,9724.0,12.0,B4,71,2,0,0.27515825629234314,False,0.1279163360595703,False,0.27573642134666443,False
1741,p0n1807,68,1.5,0.25,9724.0,12.0,F#4,66,2,0,0.31203198432922363,False,0.162811741232872,False,0.2840907871723175,False
1742,p0n1810,68,1.75,0.25,9736.0,12.0,B4,71,2,0,0.2743666470050812,False,0.142290398478508,False,0.2780490219593048,False
1743,p0n1809,68,1.75,0.25,9736.0,12.0,F#4,66,2,0,0.30733513832092285,False,0.18199871480464935,False,0.288200318813324,False
1744,p0n1811,68,2.0,0.25,9748.0,12.0,D#4,63,2,0,0.9327495098114014,True,0.40541449189186096,False,0.3252859115600586,False
1745,p0n1813,68,2.25,0.25,9760.0,12.0,B4,71,2,0,0.26932230591773987,False,0.13467225432395935,False,0.2767146825790405,False
1746,p0n1812,68,2.25,0.25,9760.0,12.0,F#4,66,2,0,0.3002581000328064,False,0.17245224118232727,False,0.28596749901771545,False
1747,p0n1814,68,2.5,0.5,9772.0,24.0,B5,83,1,0,0.5924379825592041,True,0.26191163063049316,False,0.28277429938316345,False
1748,p0n1816,68,2.5,0.25,9772.0,12.0,B4,71,2,0,0.2758954167366028,False,0.1333635449409485,False,0.2766317129135132,False
1749,p0n1815,68,2.5,0.25,9772.0,12.0,F#4,66,2,0,0.313114732503891,False,0.1666925996541977,False,0.2850840389728546,False
1750,p0n1818,68,2.75,0.25,9784.0,12.0,B4,71,2,0,0.2193118929862976,False,0.12897971272468567,False,0.2761372923851013,False
1751,p0n1817,68,2.75,0.25,9784.0,12.0,F#4,66,2,0,0.27987098693847656,False,0.17222779989242554,False,0.28606778383255005,False
1752,p0n1819,69,0.0,0.5,9796.0,24.0,B5,83,1,0,0.6493740081787109,True,0.30485692620277405,False,0.2867266535758972,False
1753,p0n1820,69,0.0,0.25,9796.0,12.0,D#4,63,2,0,0.9264152646064758,True,0.3873309791088104,False,0.3210325539112091,False
1754,p0n1822,69,0.25,0.25,9808.0,12.0,B4,71,2,0,0.29385289549827576,False,0.14091339707374573,False,0.27743932604789734,False
1755,p0n1821,69,0.25,0.25,9808.0,12.0,F#4,66,2,0,0.36090758442878723,False,0.18689671158790588,False,0.28872838616371155,False
1756,p0n1823,69,0.5,0.625,9820.0,30.0,A5,81,1,0,0.14544682204723358,False,0.12903843820095062,False,0.2782086133956909,False
1757,p0n1825,69,0.5,0.25,9820.0,12.0,B4,71,2,0,0.2453446388244629,False,0.122520811855793,False,0.27513253688812256,False
1758,p0n1824,69,0.5,0.25,9820.0,12.0,F#4,66,2,0,0.300276517868042,False,0.1561688482761383,False,0.2829221487045288,False
1759,p0n1827,69,0.75,0.25,9832.0,12.0,B4,71,2,0,0.23928335309028625,False,0.13748596608638763,False,0.2774765193462372,False
1760,p0n1826,69,0.75,0.25,9832.0,12.0,F#4,66,2,0,0.311863511800766,False,0.18861815333366394,False,0.28963443636894226,False
1761,p0n1829,69,1.0,0.25,9844.0,12.0,D#4,63,2,0,0.9339241981506348,True,0.3700977861881256,False,0.3136833906173706,False
1762,p0n1830,69,1.125,0.125,9850.0,6.0,B5,83,1,0,0.6410306096076965,True,0.31857067346572876,False,0.29472625255584717,False
1763,p0n1831,69,1.25,0.125,9856.0,6.0,A5,81,1,0,0.19989429414272308,False,0.12694716453552246,False,0.27798473834991455,False
1764,p0n1833,69,1.25,0.25,9856.0,12.0,B4,71,2,0,0.3413894772529602,False,0.15168000757694244,False,0.2790347635746002,False
1765,p0n1832,69,1.25,0.25,9856.0,12.0,F#4,66,2,0,0.3473920524120331,False,0.18027809262275696,False,0.2875897288322449,False
1766,p0n1834,69,1.375,0.125,9862.0,6.0,G#5,80,1,0,0.5388879776000977,True,0.12261711806058884,False,0.28566503524780273,False
1767,p0n1835,69,1.5,0.25,9868.0,12.0,A5,81,1,0,0.21267008781433105,False,0.11967406421899796,False,0.276894211769104,False
1768,p0n1837,69,1.5,0.25,9868.0,12.0,B4,71,2,0,0.24230043590068817,False,0.12678290903568268,False,0.2755982279777527,False
1769,p0n1836,69,1.5,0.25,9868.0,12.0,F#4,66,2,0,0.25520676374435425,False,0.15472562611103058,False,0.28251609206199646,False
1770,p0n1838,69,1.75,0.25,9880.0,12.0,B5,83,1,0,0.5717464089393616,True,0.3078141212463379,False,0.28336718678474426,False
1771,p0n1840,69,1.75,0.25,9880.0,12.0,B4,71,2,0,0.33278408646583557,False,0.14801034331321716,False,0.2787151336669922,False
1772,p0n1839,69,1.75,0.25,9880.0,12.0,F#4,66,2,0,0.385621041059494,False,0.1876438856124878,False,0.2894560396671295,False
1773,p0n1841,69,2.0,0.125,9892.0,6.0,A5,81,1,0,0.13399028778076172,False,0.13198129832744598,False,0.27862265706062317,False
1774,p0n1842,69,2.0,0.25,9892.0,12.0,D#4,63,2,0,0.9247708916664124,True,0.3640533685684204,False,0.31814396381378174,False
1775,p0n1843,69,2.125,0.125,9898.0,6.0,B5,83,1,0,0.703164279460907,True,0.40740957856178284,False,0.30825453996658325,False
1776,p0n1844,69,2.25,0.25,9904.0,12.0,C#6,85,1,0,0.17673969268798828,False,0.11646417528390884,False,0.2748900353908539,False
1777,p0n1846,69,2.25,0.25,9904.0,12.0,B4,71,2,0,0.35893478989601135,False,0.15798188745975494,False,0.2801116108894348,False
1778,p0n1845,69,2.25,0.25,9904.0,12.0,F#4,66,2,0,0.3251723349094391,False,0.17376963794231415,False,0.2864242196083069,False
1779,p0n1847,69,2.5,0.25,9916.0,12.0,B5,83,1,0,0.6533474922180176,True,0.36794665455818176,False,0.2918587327003479,False
1780,p0n1849,69,2.5,0.25,9916.0,12.0,B4,71,2,0,0.3211120069026947,False,0.15527962148189545,False,0.27976179122924805,False
1781,p0n1848,69,2.5,0.25,9916.0,12.0,F#4,66,2,0,0.32131507992744446,False,0.17799131572246552,False,0.28737887740135193,False
1782,p0n1850,69,2.75,0.25,9928.0,12.0,A5,81,1,0,0.11073803156614304,False,0.11940918862819672,False,0.2764541804790497,False
1783,p0n1852,69,2.75,0.25,9928.0,12.0,B4,71,2,0,0.5607581734657288,True,0.38555780053138733,False,0.29820165038108826,False
1784,p0n1851,69,2.75,0.25,9928.0,12.0,F#4,66,2,0,0.48409324884414673,False,0.17099696397781372,False,0.2853893041610718,False
1785,p0n1853,70,0.0,0.125,9940.0,6.0,G#5,80,1,0,0.6023200750350952,True,0.09329930692911148,False,0.28102490305900574,False
1786,p0n1856,70,0.0,0.5,9940.0,24.0,B4,71,2,0,0.5475380420684814,True,0.24555882811546326,False,0.2924831211566925,False
1787,p0n1855,70,0.0,0.5,9940.0,24.0,G#4,68,2,0,0.5480837225914001,True,0.3352750837802887,False,0.3427802622318268,False
1788,p0n1854,70,0.0,0.5,9940.0,24.0,E4,64,2,0,0.20289015769958496,False,0.16110463440418243,False,0.27725309133529663,False
1789,p0n1857,70,0.125,0.125,9946.0,6.0,E6,88,1,0,0.3613402247428894,False,0.21220074594020844,False,0.2882694602012634,False
1790,p0n1858,70,0.25,0.125,9952.0,6.0,B5,83,1,0,0.6453896164894104,True,0.3296658396720886,False,0.29402121901512146,False
1791,p0n1859,70,0.375,0.125,9958.0,6.0,E6,88,1,0,0.4186932444572449,False,0.22079342603683472,False,0.29092937707901,False
1792,p0n1860,70,0.5,0.125,9964.0,6.0,G#6,92,1,0,0.5480604767799377,True,0.18061907589435577,False,0.29587382078170776,False
1793,p0n1862,70,0.625,0.125,9970.0,6.0,E6,88,1,0,0.3653426468372345,False,0.21538123488426208,False,0.28904151916503906,False
1794,p0n1863,70,0.75,0.125,9976.0,6.0,B5,83,1,0,0.6357815265655518,True,0.3804529309272766,False,0.2960518002510071,False
1795,p0n1864,70,0.875,0.125,9982.0,6.0,E6,88,1,0,0.38226133584976196,False,0.21565338969230652,False,0.28919029235839844,False
1796,p0n1866,70,1.0,0.125,9988.0,6.0,G#5,80,1,0,0.7819186449050903,True,0.163545623421669,False,0.2857026159763336,False
1797,p0n1867,70,1.125,0.125,9994.0,6.0,E5,76,1,0,0.6895867586135864,True,0.31729596853256226,False,0.3011620044708252,False
1798,p0n1868,70,1.25,0.125,10000.0,6.0,B4,71,1,0,0.6729134917259216,True,0.36872729659080505,False,0.3081600069999695,False
1799,p0n1869,70,1.375,0.125,10006.0,6.0,E5,76,1,0,0.7700573801994324,True,0.599295973777771,True,0.39054664969444275,False
1800,p0n1870,70,1.5,0.125,10012.0,6.0,G#4,68,1,0,0.7142572402954102,True,0.32901036739349365,False,0.3447660207748413,False
1801,p0n1872,70,1.625,0.125,10018.0,6.0,E4,64,1,0,0.23739774525165558,False,0.17789378762245178,False,0.2796015441417694,False
1802,p0n1873,70,1.75,0.125,10024.0,6.0,B3,59,1,0,0.888099730014801,True,0.6553613543510437,True,0.36427512764930725,False
1803,p0n1874,70,1.875,0.125,10030.0,6.0,E4,64,1,0,0.23662102222442627,False,0.17804768681526184,False,0.2794778645038605,False
1804,p0n1876,70,2.0,0.125,10036.0,6.0,G#3,56,2,0,0.5283883810043335,True,0.4080282151699066,False,0.3624906539916992,False
1805,p0n1877,70,2.125,0.125,10042.0,6.0,E3,52,2,0,0.669560432434082,True,0.5134961009025574,True,0.31719842553138733,False
1806,p0n1878,70,2.25,0.125,10048.0,6.0,B2,47,2,0,0.8264099955558777,True,0.7403725981712341,True,0.38300621509552,False
1807,p0n1879,70,2.375,0.125,10054.0,6.0,E3,52,2,0,0.7652836441993713,True,0.7176039814949036,True,0.3745485842227936,False
1808,p0n1880,70,2.5,0.125,10060.0,6.0,G#2,44,2,0,0.869998574256897,True,0.4016987383365631,False,0.34973159432411194,False
1809,p0n1881,70,2.5,0.5,10060.0,24.0,E2,40,2,0,0.3463762104511261,False,0.2232166826725006,False,0.2884770631790161,False
1810,p0n1882,70,2.625,0.125,10066.0,6.0,E3,52,2,0,0.6212986707687378,True,0.49169883131980896,False,0.32509875297546387,False
1811,p0n1883,70,2.75,0.125,10072.0,6.0,B2,47,2,0,0.7596975564956665,True,0.6267725825309753,True,0.3674156665802002,False
1812,p0n1884,70,2.875,0.125,10078.0,6.0,E3,52,2,0,0.7007977962493896,True,0.3931156098842621,False,0.30251234769821167,False
1813,p0n1888,71,0.0,0.5,10084.0,24.0,F#2,42,2,0,0.8702905774116516,True,0.6177805662155151,True,0.47319117188453674,False
1814,p0n1885,71,0.0,0.125,10084.0,6.0,D#2,39,2,0,0.8015317320823669,True,0.43152719736099243,False,0.3037717342376709,False
1815,p0n1887,71,0.0,0.5,10084.0,24.0,B1,35,2,0,0.8743866682052612,True,0.7517492771148682,True,0.4583505094051361,False
1816,p0n1886,71,0.0,0.5,10084.0,24.0,F#1,30,2,0,0.7333099246025085,True,0.6375892758369446,True,0.32597559690475464,False
1817,p0n1889,71,0.125,0.125,10090.0,6.0,B2,47,2,0,0.6447674632072449,True,0.4462982714176178,False,0.3002082407474518,False
1818,p0n1890,71,0.25,0.125,10096.0,6.0,A2,45,2,0,0.3710148334503174,False,0.17238673567771912,False,0.2849751114845276,False
1819,p0n1891,71,0.375,0.125,10102.0,6.0,B2,47,2,0,0.6807563900947571,True,0.5433250069618225,True,0.3354872167110443,False
1820,p0n1892,71,0.5,0.125,10108.0,6.0,D#3,51,2,0,0.786607563495636,True,0.22000251710414886,False,0.29111212491989136,False
1821,p0n1894,71,0.625,0.125,10114.0,6.0,B2,47,2,0,0.5769074559211731,True,0.3447570502758026,False,0.29424288868904114,False
1822,p0n1895,71,0.75,0.125,10120.0,6.0,A2,45,2,0,0.3535420298576355,False,0.19611477851867676,False,0.29047420620918274,False
1823,p0n1896,71,0.875,0.125,10126.0,6.0,B2,47,2,0,0.7574313879013062,True,0.3766365647315979,False,0.29588940739631653,False
1824,p0n1897,71,1.0,0.125,10132.0,6.0,D#3,51,2,0,0.903753936290741,True,0.220235675573349,False,0.28009703755378723,False
1825,p0n1900,71,1.0,0.5,10132.0,24.0,F#2,42,2,0,0.7853511571884155,True,0.2633081078529358,False,0.2886717915534973,False
1826,p0n1899,71,1.0,0.5,10132.0,24.0,B1,35,2,0,0.8069934844970703,True,0.5975462198257446,True,0.3957320749759674,False
1827,p0n1898,71,1.0,0.5,10132.0,24.0,F#1,30,2,0,0.6877980828285217,True,0.3411952257156372,False,0.3085421919822693,False
1828,p0n1901,71,1.125,0.125,10138.0,6.0,B3,59,2,0,0.639813244342804,True,0.420021653175354,False,0.3057045638561249,False
1829,p0n1902,71,1.25,0.125,10144.0,6.0,A3,57,2,0,0.08870726823806763,False,0.13666954636573792,False,0.27832266688346863,False
1830,p0n1903,71,1.375,0.125,10150.0,6.0,B3,59,2,0,0.6217791438102722,True,0.46002745628356934,False,0.3145083785057068,False
1831,p0n1904,71,1.5,0.125,10156.0,6.0,D#4,63,2,0,0.7019769549369812,True,0.23697125911712646,False,0.3033772110939026,False
1832,p0n1906,71,1.625,0.125,10162.0,6.0,B3,59,2,0,0.5825397968292236,True,0.3693092167377472,False,0.303739458322525,False
1833,p0n1907,71,1.75,0.125,10168.0,6.0,A3,57,2,0,0.07271631062030792,False,0.12964874505996704,False,0.27749839425086975,False
1834,p0n1908,71,1.875,0.125,10174.0,6.0,B3,59,2,0,0.6749246120452881,True,0.3193112313747406,False,0.2871180772781372,False
1835,p0n1909,71,2.0,0.125,10180.0,6.0,D#4,63,1,0,0.7329434156417847,True,0.2607187032699585,False,0.28752583265304565,False
1836,p0n1912,71,2.0,0.5,10180.0,24.0,F#2,42,2,0,0.7772084474563599,True,0.15963229537010193,False,0.2792300581932068,False
1837,p0n1911,71,2.0,0.5,10180.0,24.0,B1,35,2,0,0.7705156207084656,True,0.16131407022476196,False,0.28038784861564636,False
1838,p0n1910,71,2.0,0.5,10180.0,24.0,F#1,30,2,0,0.6482596397399902,True,0.2433043122291565,False,0.2883758842945099,False
1839,p0n1913,71,2.125,0.125,10186.0,6.0,B4,71,1,0,0.4758913815021515,False,0.18542151153087616,False,0.28569555282592773,False
1840,p0n1914,71,2.25,0.125,10192.0,6.0,A4,69,1,0,0.02096346579492092,False,0.12494643777608871,False,0.2768518626689911,False
1841,p0n1915,71,2.375,0.125,10198.0,6.0,B4,71,1,0,0.43835335969924927,False,0.16773369908332825,False,0.2824679911136627,False
1842,p0n1916,71,2.5,0.125,10204.0,6.0,D#5,75,1,0,0.8260161876678467,True,0.21578805148601532,False,0.2758904993534088,False
1843,p0n1918,71,2.625,0.125,10210.0,6.0,B4,71,1,0,0.29390770196914673,False,0.14492696523666382,False,0.278531551361084,False
1844,p0n1919,71,2.75,0.125,10216.0,6.0,A4,69,1,0,0.011539929546415806,False,0.12374920397996902,False,0.27665838599205017,False
1845,p0n1920,71,2.875,0.125,10222.0,6.0,B4,71,1,0,0.5694106817245483,True,0.26205700635910034,False,0.2809690535068512,False
1846,p0n1921,72,0.0,0.125,10228.0,6.0,E5,76,1,0,0.7594256401062012,True,0.43509042263031006,False,0.3241512179374695,False
1847,p0n1924,72,0.0,0.5,10228.0,24.0,G#2,44,2,0,0.5406939387321472,True,0.16791757941246033,False,0.28661292791366577,False
1848,p0n1923,72,0.0,0.5,10228.0,24.0,B1,35,2,0,0.7643029093742371,True,0.23193678259849548,False,0.2896648049354553,False
1849,p0n1922,72,0.0,0.5,10228.0,24.0,G#1,32,2,0,0.8933511972427368,True,0.5558434128761292,True,0.5456668138504028,True
1850,p0n1925,72,0.125,0.125,10234.0,6.0,B5,83,1,0,0.6130054593086243,True,0.34543925523757935,False,0.29685869812965393,False
1851,p0n1926,72,0.25,0.125,10240.0,6.0,G#5,80,1,0,0.5286654233932495,True,0.12103711813688278,False,0.28316107392311096,False
1852,p0n1927,72,0.375,0.125,10246.0,6.0,B5,83,1,0,0.5857690572738647,True,0.33424142003059387,False,0.2893102467060089,False
1853,p0n1928,72,0.5,0.125,10252.0,6.0,E6,88,1,0,0.4263840913772583,False,0.21943911910057068,False,0.2901172935962677,False
1854,p0n1930,72,0.625,0.125,10258.0,6.0,B5,83,1,0,0.5802658796310425,True,0.33855143189430237,False,0.2968146800994873,False
1855,p0n1931,72,0.75,0.125,10264.0,6.0,G#5,80,1,0,0.5886127948760986,True,0.08773361891508102,False,0.2814929783344269,False
1856,p0n1932,72,0.875,0.125,10270.0,6.0,B5,83,1,0,0.5054186582565308,True,0.18559730052947998,False,0.2767968773841858,False
1857,p0n1933,72,1.0,0.125,10276.0,6.0,E5,76,1,0,0.8338884115219116,True,0.5663003325462341,True,0.42468738555908203,False
1858,p0n1935,72,1.125,0.125,10282.0,6.0,B4,71,1,0,0.5355979204177856,True,0.20264573395252228,False,0.2848435044288635,False
1859,p0n1936,72,1.25,0.125,10288.0,6.0,G#4,68,1,0,0.26193249225616455,False,0.20599812269210815,False,0.29762721061706543,False
1860,p0n1937,72,1.375,0.125,10294.0,6.0,B4,71,1,0,0.5395206809043884,True,0.19167359173297882,False,0.28054380416870117,False
1861,p0n1938,72,1.5,0.125,10300.0,6.0,E4,64,1,0,0.5829293727874756,True,0.7271761298179626,True,0.43366771936416626,False
1862,p0n1939,72,1.625,0.125,10306.0,6.0,B3,59,2,0,0.6741670966148376,True,0.43555182218551636,False,0.3071475625038147,False
1863,p0n1940,72,1.75,0.125,10312.0,6.0,G#3,56,2,0,0.31518006324768066,False,0.22050991654396057,False,0.3013025224208832,False
1864,p0n1941,72,1.875,0.125,10318.0,6.0,B3,59,2,0,0.7138126492500305,True,0.4414699971675873,False,0.2880502939224243,False
1865,p0n1942,72,2.0,0.125,10324.0,6.0,E3,52,2,0,0.695077657699585,True,0.45458126068115234,False,0.32025161385536194,False
1866,p0n1944,72,2.125,0.125,10330.0,6.0,B3,59,2,0,0.6974795460700989,True,0.5588863492012024,True,0.3922911584377289,False
1867,p0n1945,72,2.25,0.125,10336.0,6.0,G#3,56,2,0,0.5093578696250916,True,0.21458828449249268,False,0.3101406991481781,False
1868,p0n1946,72,2.375,0.125,10342.0,6.0,B3,59,2,0,0.7296074628829956,True,0.4608811140060425,False,0.29404696822166443,False
1869,p0n1947,72,2.5,0.125,10348.0,6.0,E4,64,1,0,0.7870834469795227,True,0.728313148021698,True,0.43004679679870605,False
1870,p0n1948,72,2.625,0.125,10354.0,6.0,B3,59,2,0,0.620674192905426,True,0.4020799994468689,False,0.2932800054550171,False
1871,p0n1949,72,2.75,0.125,10360.0,6.0,G#3,56,2,0,0.586296796798706,True,0.3158876597881317,False,0.34632399678230286,False
1872,p0n1950,72,2.875,0.125,10366.0,6.0,B3,59,2,0,0.5737032890319824,True,0.2392815798521042,False,0.2736353278160095,False
1873,p0n1951,73,0.0,0.125,10372.0,6.0,F#3,54,2,0,0.5060235857963562,True,0.662941575050354,True,0.3209625482559204,False
1874,p0n1954,73,0.0,0.5,10372.0,24.0,D#3,51,2,0,0.7646079659461975,True,0.27766481041908264,False,0.29307347536087036,False
1875,p0n1953,73,0.0,0.5,10372.0,24.0,B2,47,2,0,0.7407856583595276,True,0.2783552408218384,False,0.28865447640419006,False
1876,p0n1952,73,0.0,0.5,10372.0,24.0,D#2,39,2,0,0.7925741672515869,True,0.40694114565849304,False,0.3362591862678528,False
1877,p0n1955,73,0.125,0.125,10378.0,6.0,B3,59,2,0,0.5979297161102295,True,0.2513989508152008,False,0.28901731967926025,False
1878,p0n1956,73,0.25,0.125,10384.0,6.0,A3,57,2,0,0.10203644633293152,False,0.12877467274665833,False,0.2771798372268677,False
1879,p0n1957,73,0.375,0.125,10390.0,6.0,B3,59,2,0,0.5207458734512329,True,0.21332821249961853,False,0.2814837396144867,False
1880,p0n1958,73,0.5,0.125,10396.0,6.0,F#4,66,1,0,0.4497154951095581,False,0.2166009247303009,False,0.2958487272262573,False
1881,p0n1960,73,0.625,0.125,10402.0,6.0,B3,59,2,0,0.45186859369277954,False,0.19464769959449768,False,0.28536781668663025,False
1882,p0n1961,73,0.75,0.125,10408.0,6.0,A3,57,2,0,0.09774424135684967,False,0.1291225701570511,False,0.2772959768772125,False
1883,p0n1962,73,0.875,0.125,10414.0,6.0,B3,59,2,0,0.6604334712028503,True,0.30582597851753235,False,0.2901206910610199,False
1884,p0n1963,73,1.0,0.125,10420.0,6.0,F#4,66,1,0,0.36462530493736267,False,0.1641051322221756,False,0.2841852307319641,False
1885,p0n1966,73,1.0,0.5,10420.0,24.0,D#3,51,2,0,0.7465705871582031,True,0.22933398187160492,False,0.2930275797843933,False
1886,p0n1965,73,1.0,0.5,10420.0,24.0,B2,47,2,0,0.6059874296188354,True,0.21456463634967804,False,0.2800602614879608,False
1887,p0n1964,73,1.0,0.5,10420.0,24.0,D#2,39,2,0,0.7742959856987,True,0.3542995750904083,False,0.32881078124046326,False
1888,p0n1967,73,1.125,0.125,10426.0,6.0,B4,71,1,0,0.5793511867523193,True,0.1974465250968933,False,0.2815582752227783,False
1889,p0n1968,73,1.25,0.125,10432.0,6.0,A4,69,1,0,0.04692425578832626,False,0.1262928992509842,False,0.27704042196273804,False
1890,p0n1969,73,1.375,0.125,10438.0,6.0,B4,71,1,0,0.4712013900279999,False,0.19445081055164337,False,0.28553253412246704,False
1891,p0n1970,73,1.5,0.125,10444.0,6.0,F#5,78,1,0,0.5726149678230286,True,0.5604450702667236,True,0.43949243426322937,False
1892,p0n1972,73,1.625,0.125,10450.0,6.0,B4,71,1,0,0.4222429692745209,False,0.1693168431520462,False,0.2820064127445221,False
1893,p0n1973,73,1.75,0.125,10456.0,6.0,A4,69,1,0,0.05551018565893173,False,0.12725183367729187,False,0.2772449553012848,False
1894,p0n1974,73,1.875,0.125,10462.0,6.0,B4,71,1,0,0.5823264122009277,True,0.15324200689792633,False,0.27609893679618835,False
1895,p0n1975,73,2.0,0.125,10468.0,6.0,F#5,78,1,0,0.5327622294425964,True,0.17076395452022552,False,0.2882913053035736,False
1896,p0n1978,73,2.0,0.5,10468.0,24.0,D#3,51,2,0,0.7681546807289124,True,0.35019004344940186,False,0.2966357469558716,False
1897,p0n1977,73,2.0,0.5,10468.0,24.0,B2,47,2,0,0.501875102519989,True,0.2487669289112091,False,0.27995556592941284,False
1898,p0n1976,73,2.0,0.5,10468.0,24.0,D#2,39,2,0,0.839963436126709,True,0.6191623210906982,True,0.530993640422821,True
1899,p0n1979,73,2.125,0.125,10474.0,6.0,B5,83,1,0,0.5053954720497131,True,0.23930740356445312,False,0.28512927889823914,False
1900,p0n1980,73,2.25,0.125,10480.0,6.0,A5,81,1,0,0.18667356669902802,False,0.13300609588623047,False,0.2786434590816498,False
1901,p0n1981,73,2.375,0.125,10486.0,6.0,B5,83,1,0,0.4298076629638672,False,0.14484702050685883,False,0.27891358733177185,False
1902,p0n1982,73,2.5,0.125,10492.0,6.0,F#6,90,1,0,0.33597198128700256,False,0.14916370809078217,False,0.2838533818721771,False
1903,p0n1984,73,2.625,0.125,10498.0,6.0,B5,83,1,0,0.3533719480037689,False,0.12915775179862976,False,0.27661582827568054,False
1904,p0n1985,73,2.75,0.125,10504.0,6.0,A5,81,1,0,0.12447811663150787,False,0.12888875603675842,False,0.2779104709625244,False
1905,p0n1986,73,2.875,0.125,10510.0,6.0,B5,83,1,0,0.633296012878418,True,0.19715282320976257,False,0.2805790901184082,False
1906,p0n1987,74,0.0,0.125,10516.0,6.0,G#5,80,1,0,0.611886203289032,True,0.14284132421016693,False,0.28580719232559204,False
1907,p0n1990,74,0.0,0.5,10516.0,24.0,E3,52,2,0,0.790331244468689,True,0.6183233857154846,True,0.37973248958587646,False
1908,p0n1989,74,0.0,0.5,10516.0,24.0,B2,47,2,0,0.6751407384872437,True,0.23389054834842682,False,0.2818758487701416,False
1909,p0n1988,74,0.0,0.5,10516.0,24.0,E2,40,2,0,0.7647453546524048,True,0.6397497057914734,True,0.428550124168396,False
1910,p0n1991,74,0.125,0.125,10522.0,6.0,G#6,92,1,0,0.7728253602981567,True,0.20082396268844604,False,0.3006162643432617,False
1911,p0n1992,74,0.25,0.125,10528.0,6.0,B5,83,1,0,0.23363883793354034,False,0.12053953856229782,False,0.2756318151950836,False
1912,p0n1993,74,0.375,0.125,10534.0,6.0,G#6,92,1,0,0.8199664950370789,True,0.17540697753429413,False,0.291900634765625,False
1913,p0n1994,74,0.5,0.125,10540.0,6.0,G#5,80,1,0,0.48101508617401123,False,0.12416616082191467,False,0.2844173014163971,False
1914,p0n1996,74,0.5,0.5,10540.0,24.0,E4,64,2,0,0.6851822733879089,True,0.5707566738128662,True,0.40961477160453796,False
1915,p0n1995,74,0.5,0.5,10540.0,24.0,E3,52,2,0,0.7256177067756653,True,0.5878041386604309,True,0.3824273645877838,False
1916,p0n1997,74,0.625,0.125,10546.0,6.0,G#6,92,1,0,0.695168673992157,True,0.16678424179553986,False,0.2932591140270233,False
1917,p0n1998,74,0.75,0.125,10552.0,6.0,B5,83,1,0,0.23662169277668,False,0.11984646320343018,False,0.2754157483577728,False
1918,p0n1999,74,0.875,0.125,10558.0,6.0,G#6,92,1,0,0.7981985807418823,True,0.17995014786720276,False,0.2925432622432709,False
1919,p0n2000,74,1.0,0.125,10564.0,6.0,G#5,80,1,0,0.42077282071113586,False,0.12573236227035522,False,0.2841719090938568,False
1920,p0n2002,74,1.0,0.5,10564.0,24.0,E4,64,2,0,0.6612475514411926,True,0.5307161808013916,True,0.3995330035686493,False
1921,p0n2001,74,1.0,0.5,10564.0,24.0,E3,52,2,0,0.7295899391174316,True,0.5958269834518433,True,0.3963969349861145,False
1922,p0n2003,74,1.125,0.125,10570.0,6.0,G#6,92,1,0,0.7716904878616333,True,0.22399966418743134,False,0.3020835816860199,False
1923,p0n2004,74,1.25,0.125,10576.0,6.0,B5,83,1,0,0.3653992712497711,False,0.138552725315094,False,0.27771511673927307,False
1924,p0n2005,74,1.375,0.125,10582.0,6.0,G#6,92,1,0,0.8186683654785156,True,0.19737200438976288,False,0.2908281683921814,False
1925,p0n2006,74,1.5,0.125,10588.0,6.0,A5,81,1,0,0.347014456987381,False,0.12248974293470383,False,0.27702412009239197,False
1926,p0n2009,74,1.5,0.5,10588.0,24.0,C#4,61,2,0,0.2996571362018585,False,0.19514203071594238,False,0.284978985786438,False
1927,p0n2008,74,1.5,0.5,10588.0,24.0,E3,52,2,0,0.7414243221282959,True,0.6262362003326416,True,0.4274686872959137,False
1928,p0n2007,74,1.5,0.5,10588.0,24.0,C#3,49,2,0,0.5830339193344116,True,0.4174751937389374,False,0.32670968770980835,False
1929,p0n2010,74,1.625,0.125,10594.0,6.0,A6,93,1,0,0.6799142360687256,True,0.3716138005256653,False,0.33745577931404114,False
1930,p0n2011,74,1.75,0.125,10600.0,6.0,E6,88,1,0,0.2942824065685272,False,0.22105468809604645,False,0.289915531873703,False
1931,p0n2012,74,1.875,0.125,10606.0,6.0,A6,93,1,0,0.5985050797462463,True,0.1558312475681305,False,0.28231000900268555,False
1932,p0n2013,74,2.0,0.125,10612.0,6.0,A5,81,1,0,0.30811482667922974,False,0.1190171167254448,False,0.27693161368370056,False
1933,p0n2016,74,2.0,0.5,10612.0,24.0,C#4,61,2,0,0.39123672246932983,False,0.20986634492874146,False,0.28865906596183777,False
1934,p0n2015,74,2.0,0.5,10612.0,24.0,E3,52,2,0,0.8162707686424255,True,0.7738574743270874,True,0.5497252345085144,True
1935,p0n2014,74,2.0,0.5,10612.0,24.0,C#3,49,2,0,0.38997265696525574,False,0.21186083555221558,False,0.2879679799079895,False
1936,p0n2017,74,2.125,0.125,10618.0,6.0,A6,93,1,0,0.6295440196990967,True,0.22793614864349365,False,0.29491105675697327,False
1937,p0n2018,74,2.25,0.125,10624.0,6.0,E6,88,1,0,0.40976959466934204,False,0.2533465325832367,False,0.2981639802455902,False
1938,p0n2019,74,2.375,0.125,10630.0,6.0,A6,93,1,0,0.46130457520484924,False,0.18349865078926086,False,0.28854721784591675,False
1939,p0n2020,74,2.5,0.125,10636.0,6.0,A#5,82,1,0,0.24453888833522797,False,0.12170760333538055,False,0.2831883132457733,False
1940,p0n2023,74,2.5,0.5,10636.0,24.0,C4,60,2,0,0.8786154985427856,True,0.9064169526100159,True,0.6915407776832581,True
1941,p0n2022,74,2.5,0.5,10636.0,24.0,E3,52,2,0,0.8589062094688416,True,0.7641046047210693,True,0.5346380472183228,True
1942,p0n2021,74,2.5,0.5,10636.0,24.0,C3,48,2,0,0.7854242920875549,True,0.6173786520957947,True,0.35799428820610046,False
1943,p0n2024,74,2.625,0.125,10642.0,6.0,A#6,94,1,0,0.4337191879749298,False,0.13609202206134796,False,0.28713446855545044,False
1944,p0n2025,74,2.75,0.125,10648.0,6.0,E6,88,1,0,0.35412368178367615,False,0.22668226063251495,False,0.29162272810935974,False
1945,p0n2026,74,2.875,0.125,10654.0,6.0,A#6,94,1,0,0.47057947516441345,False,0.13157550990581512,False,0.28706204891204834,False
1946,p0n2027,75,0.0,0.125,10660.0,6.0,A#5,82,1,0,0.17374230921268463,False,0.1103869378566742,False,0.28177404403686523,False
1947,p0n2030,75,0.0,0.5,10660.0,24.0,C4,60,2,0,0.828937828540802,True,0.7439231276512146,True,0.4959861636161804,False
1948,p0n2029,75,0.0,0.5,10660.0,24.0,E3,52,2,0,0.7250558733940125,True,0.6551964282989502,True,0.4221857190132141,False
1949,p0n2028,75,0.0,0.5,10660.0,24.0,C3,48,2,0,0.8579605221748352,True,0.4917353689670563,False,0.328436940908432,False
1950,p0n2031,75,0.125,0.125,10666.0,6.0,A#6,94,1,0,0.4636593163013458,False,0.14434385299682617,False,0.28905314207077026,False
1951,p0n2032,75,0.25,0.125,10672.0,6.0,E6,88,1,0,0.4116211533546448,False,0.2501332461833954,False,0.2975204288959503,False
1952,p0n2033,75,0.375,0.125,10678.0,6.0,A#6,94,1,0,0.4180196523666382,False,0.10426110029220581,False,0.2826836407184601,False
1953,p0n2034,75,0.5,0.125,10684.0,6.0,B5,83,1,0,0.3878202438354492,False,0.1069316565990448,False,0.2737565040588379,False
1954,p0n2037,75,0.5,0.5,10684.0,24.0,B3,59,2,0,0.33012524247169495,False,0.14077550172805786,False,0.27661168575286865,False
1955,p0n2036,75,0.5,0.5,10684.0,24.0,E3,52,2,0,0.7309584021568298,True,0.6613917350769043,True,0.4023492634296417,False
1956,p0n2035,75,0.5,0.5,10684.0,24.0,B2,47,2,0,0.6273177862167358,True,0.2930968105792999,False,0.29186221957206726,False
1957,p0n2038,75,0.625,0.125,10690.0,6.0,B6,95,1,0,0.7936941385269165,True,0.20084123313426971,False,0.2829078733921051,False
1958,p0n2039,75,0.75,0.125,10696.0,6.0,E6,88,1,0,0.24802716076374054,False,0.17763492465019226,False,0.28087317943573,False
1959,p0n2040,75,0.875,0.125,10702.0,6.0,B6,95,1,0,0.8503087759017944,True,0.2470240294933319,False,0.2857852578163147,False
1960,p0n2041,75,1.0,0.125,10708.0,6.0,B5,83,1,0,0.3846190273761749,False,0.10547558963298798,False,0.27377456426620483,False
1961,p0n2044,75,1.0,0.5,10708.0,24.0,A3,57,2,0,0.27242133021354675,False,0.12810641527175903,False,0.2764376103878021,False
1962,p0n2043,75,1.0,0.5,10708.0,24.0,E3,52,2,0,0.6232820749282837,True,0.6028521060943604,True,0.3704259693622589,False
1963,p0n2042,75,1.0,0.5,10708.0,24.0,A2,45,2,0,0.42867526412010193,False,0.1954461932182312,False,0.2876366674900055,False
1964,p0n2045,75,1.125,0.125,10714.0,6.0,B6,95,1,0,0.6596298813819885,True,0.14426079392433167,False,0.2822825610637665,False
1965,p0n2046,75,1.25,0.125,10720.0,6.0,E6,88,1,0,0.415682852268219,False,0.23882164061069489,False,0.2942582964897156,False
1966,p0n2047,75,1.375,0.125,10726.0,6.0,B6,95,1,0,0.6533721089363098,True,0.1870814561843872,False,0.28718242049217224,False
1967,p0n2048,75,1.5,0.125,10732.0,6.0,B#5,84,1,0,0.3877268433570862,False,0.22167569398880005,False,0.3027975559234619,False
1968,p0n2051,75,1.5,0.5,10732.0,24.0,G#3,56,2,0,0.3350718915462494,False,0.26909464597702026,False,0.31330645084381104,False
1969,p0n2050,75,1.5,0.5,10732.0,24.0,E3,52,2,0,0.6064122319221497,True,0.6786113381385803,True,0.35216647386550903,False
1970,p0n2049,75,1.5,0.5,10732.0,24.0,G#2,44,2,0,0.4233420789241791,False,0.21784009039402008,False,0.29979193210601807,False
1971,p0n2052,75,1.625,0.125,10738.0,6.0,B#6,96,1,0,0.7935560345649719,True,0.41430264711380005,False,0.3565458357334137,False
1972,p0n2053,75,1.75,0.125,10744.0,6.0,E6,88,1,0,0.3030228912830353,False,0.19656147062778473,False,0.2840428948402405,False
1973,p0n2054,75,1.875,0.125,10750.0,6.0,B#6,96,1,0,0.8691508769989014,True,0.5802997946739197,True,0.45088207721710205,False
1974,p0n2055,75,2.0,0.125,10756.0,6.0,B#4,72,1,0,0.7451000213623047,True,0.6747422218322754,True,0.45308226346969604,False
1975,p0n2058,75,2.0,0.5,10756.0,24.0,G#4,68,2,0,0.3780069053173065,False,0.24092689156532288,False,0.3054778277873993,False
1976,p0n2057,75,2.0,0.5,10756.0,24.0,E4,64,2,0,0.8140721321105957,True,0.6371781229972839,True,0.4293625056743622,False
1977,p0n2056,75,2.0,0.5,10756.0,24.0,G#3,56,2,0,0.4763740599155426,False,0.27128952741622925,False,0.3151105046272278,False
1978,p0n2059,75,2.125,0.125,10762.0,6.0,B#5,84,1,0,0.5180322527885437,True,0.4129437208175659,False,0.3249482810497284,False
1979,p0n2060,75,2.25,0.125,10768.0,6.0,E5,76,1,0,0.5866941213607788,True,0.7318078875541687,True,0.4017552435398102,False
1980,p0n2061,75,2.375,0.125,10774.0,6.0,B#5,84,1,0,0.7042379379272461,True,0.45514804124832153,False,0.3546231687068939,False
1981,p0n2062,75,2.5,0.125,10780.0,6.0,C#5,73,1,0,0.37189820408821106,False,0.16192728281021118,False,0.2824934422969818,False
1982,p0n2065,75,2.5,0.5,10780.0,24.0,A4,69,2,0,0.0726710855960846,False,0.13090351223945618,False,0.2776202857494354,False
1983,p0n2064,75,2.5,0.5,10780.0,24.0,E4,64,2,0,0.8091541528701782,True,0.7534027695655823,True,0.46196284890174866,False
1984,p0n2063,75,2.5,0.5,10780.0,24.0,A3,57,2,0,0.37666410207748413,False,0.16364677250385284,False,0.282461941242218,False
1985,p0n2066,75,2.625,0.125,10786.0,6.0,C#6,85,1,0,0.17361268401145935,False,0.13083046674728394,False,0.2767535448074341,False
1986,p0n2067,75,2.75,0.125,10792.0,6.0,E5,76,1,0,0.671203076839447,True,0.5510087013244629,True,0.40399619936943054,False
1987,p0n2068,75,2.875,0.125,10798.0,6.0,C#6,85,1,0,0.18435296416282654,False,0.13879458606243134,False,0.27828964591026306,False
1988,p0n2069,76,0.0,0.75,10804.0,36.0,C#6,85,1,0,0.21458476781845093,False,0.1294388622045517,False,0.27678382396698,False
1989,p0n2071,76,0.25,0.25,10816.0,12.0,A4,69,2,0,0.08871854096651077,False,0.13659822940826416,False,0.27839434146881104,False
1990,p0n2072,76,0.5,0.75,10828.0,36.0,A3,57,2,0,0.4959964156150818,False,0.1690458059310913,False,0.283128023147583,False
1991,p0n2073,76,0.75,0.25,10840.0,12.0,C#5,73,1,0,0.4421274662017822,False,0.1384613960981369,False,0.27867403626441956,False
1992,p0n2074,76,1.0,0.75,10852.0,36.0,B5,83,1,0,0.26724424958229065,False,0.1112189069390297,False,0.27472206950187683,False
1993,p0n2075,76,1.25,0.25,10864.0,12.0,G#4,68,2,0,0.35072579979896545,False,0.31351640820503235,False,0.3279874622821808,False
1994,p0n2076,76,1.5,0.75,10876.0,36.0,G#3,56,2,0,0.6727551817893982,True,0.5471403002738953,True,0.4396139681339264,False
1995,p0n2077,76,1.75,0.25,10888.0,12.0,B4,71,1,0,0.307926744222641,False,0.1311028152704239,False,0.27681151032447815,False
1996,p0n2078,76,2.0,0.75,10900.0,36.0,A5,81,1,0,0.3993416428565979,False,0.1433998942375183,False,0.279628723859787,False
1997,p0n2079,76,2.25,0.25,10912.0,12.0,F#4,66,2,0,0.7946894764900208,True,0.31931984424591064,False,0.3171471953392029,False
1998,p0n2080,76,2.5,0.75,10924.0,36.0,F#3,54,2,0,0.8693305850028992,True,0.5108208656311035,True,0.4382880628108978,False
1999,p0n2081,76,2.75,0.25,10936.0,12.0,A#5,82,1,0,0.3967977464199066,False,0.12895971536636353,False,0.28549444675445557,False
2000,p0n2082,77,0.0,0.75,10948.0,36.0,B5,83,1,0,0.12681566178798676,False,0.1020350232720375,False,0.2729897201061249,False
2001,p0n2084,77,0.25,0.25,10960.0,12.0,G#4,68,2,0,0.2978951334953308,False,0.2720901668071747,False,0.31436440348625183,False
2002,p0n2085,77,0.5,0.75,10972.0,36.0,G#3,56,2,0,0.7083195447921753,True,0.4881158173084259,False,0.3819793164730072,False
2003,p0n2086,77,0.75,0.25,10984.0,12.0,B4,71,1,0,0.5001128315925598,True,0.33529403805732727,False,0.30511343479156494,False
2004,p0n2087,77,1.0,0.75,10996.0,36.0,A5,81,1,0,0.12300168722867966,False,0.13624683022499084,False,0.27841660380363464,False
2005,p0n2088,77,1.25,0.25,11008.0,12.0,F#4,66,2,0,0.767305850982666,True,0.2902836501598358,False,0.32508358359336853,False
2006,p0n2089,77,1.5,0.5,11020.0,24.0,F#3,54,2,0,0.930669367313385,True,0.43477770686149597,False,0.36887526512145996,False
2007,p0n2090,77,1.75,0.25,11032.0,12.0,A4,69,1,0,0.46078526973724365,False,0.1800813227891922,False,0.28590771555900574,False
2008,p0n2092,77,2.0,0.5,11044.0,24.0,G#5,80,1,0,0.38696083426475525,False,0.12589596211910248,False,0.28315287828445435,False
2009,p0n2091,77,2.0,0.5,11044.0,24.0,G#4,68,1,0,0.283827543258667,False,0.2225111424922943,False,0.2986833155155182,False
2010,p0n2094,77,2.0,0.5,11044.0,24.0,E#4,65,2,0,0.46122074127197266,False,0.23623235523700714,False,0.2931331694126129,False
2011,p0n2093,77,2.0,0.5,11044.0,24.0,E#3,53,2,0,0.4180343449115753,False,0.22696341574192047,False,0.28990939259529114,False
2012,p0n2096,77,2.5,0.5,11068.0,24.0,G5,79,1,0,0.6980190873146057,True,0.2585541009902954,False,0.27545666694641113,False
2013,p0n2095,77,2.5,0.5,11068.0,24.0,G4,67,1,0,0.5847167372703552,True,0.8257397413253784,True,0.49499091506004333,False
2014,p0n2098,77,2.5,0.5,11068.0,24.0,E4,64,2,0,0.7207211256027222,True,0.7107290625572205,True,0.3976273536682129,False
2015,p0n2097,77,2.5,0.5,11068.0,24.0,E3,52,2,0,0.580447793006897,True,0.8004351258277893,True,0.37651538848876953,False
2016,p0n2100,78,0.0,1.5,11092.0,72.0,G5,79,1,0,0.8541923761367798,True,0.4402191638946533,False,0.29384440183639526,False
2017,p0n2099,78,0.0,1.5,11092.0,72.0,G4,67,1,0,0.6658228635787964,True,0.6327608227729797,True,0.5066469311714172,True
2018,p0n2102,78,0.0,1.5,11092.0,72.0,E-4,63,2,0,0.870699942111969,True,0.8900139331817627,True,0.612034261226654,True
2019,p0n2101,78,0.0,1.5,11092.0,72.0,E-3,51,2,0,0.7663960456848145,True,0.7867239117622375,True,0.423399955034256,False
2020,p0n2104,78,1.5,0.5,11164.0,24.0,A-5,80,1,0,0.38121461868286133,False,0.1383289396762848,False,0.2845037579536438,False
2021,p0n2103,78,1.5,0.5,11164.0,24.0,A-4,68,1,0,0.3870634436607361,False,0.14123724400997162,False,0.2846340239048004,False
2022,p0n2106,78,1.5,0.5,11164.0,24.0,F4,65,2,0,0.16203543543815613,False,0.11857392638921738,False,0.27293968200683594,False
2023,p0n2105,78,1.5,0.5,11164.0,24.0,F3,53,2,0,0.7971139550209045,True,0.36092695593833923,False,0.2929801344871521,False
2024,p0n2108,78,2.0,0.25,11188.0,12.0,B-5,82,1,0,0.21586404740810394,False,0.16854970157146454,False,0.2893441617488861,False
2025,p0n2107,78,2.0,0.25,11188.0,12.0,B-4,70,1,0,0.14090092480182648,False,0.1643863022327423,False,0.2873397767543793,False
2026,p0n2110,78,2.0,0.25,11188.0,12.0,G4,67,2,0,0.7597931027412415,True,0.5080442428588867,True,0.5046775937080383,True
2027,p0n2109,78,2.0,0.25,11188.0,12.0,G3,55,2,0,0.8081696629524231,True,0.6161496043205261,True,0.25284460186958313,False
2028,p0n2112,78,2.25,0.25,11200.0,12.0,C6,84,1,0,0.7579988241195679,True,0.47685468196868896,False,0.30768895149230957,False
2029,p0n2111,78,2.25,0.25,11200.0,12.0,C5,72,1,0,0.6269784569740295,True,0.38742077350616455,False,0.31226426362991333,False
2030,p0n2114,78,2.25,0.25,11200.0,12.0,A-4,68,2,0,0.4273678660392761,False,0.18352976441383362,False,0.2914506494998932,False
2031,p0n2113,78,2.25,0.25,11200.0,12.0,A-3,56,2,0,0.5948811769485474,True,0.1075596734881401,False,0.27961260080337524,False
2032,p0n2116,78,2.5,0.25,11212.0,12.0,D-6,85,1,0,0.5271462798118591,True,0.4204559624195099,False,0.2896556258201599,False
2033,p0n2115,78,2.5,0.25,11212.0,12.0,D-5,73,1,0,0.37413859367370605,False,0.1722773313522339,False,0.27944880723953247,False
2034,p0n2118,78,2.5,0.25,11212.0,12.0,B-4,70,2,0,0.11148528754711151,False,0.15235936641693115,False,0.28494200110435486,False
2035,p0n2117,78,2.5,0.25,11212.0,12.0,B-3,58,2,0,0.21714197099208832,False,0.1832650601863861,False,0.29077693819999695,False
2036,p0n2120,78,2.75,0.25,11224.0,12.0,E-6,87,1,0,0.22122320532798767,False,0.15420252084732056,False,0.2817341387271881,False
2037,p0n2119,78,2.75,0.25,11224.0,12.0,E-5,75,1,0,0.9299144148826599,True,0.7567623853683472,True,0.4734228551387787,False
2038,p0n2122,78,2.75,0.25,11224.0,12.0,C5,72,2,0,0.6283478140830994,True,0.6674603223800659,True,0.42732661962509155,False
2039,p0n2121,78,2.75,0.25,11224.0,12.0,C4,60,2,0,0.9484080076217651,True,0.7979571223258972,True,0.4577476382255554,False
2040,p0n2123,79,0.0,0.75,11236.0,36.0,F6,89,1,0,0.25942090153694153,False,0.12884032726287842,False,0.2758239507675171,False
2041,p0n2125,79,0.25,0.25,11248.0,12.0,D-5,73,2,0,0.6422690749168396,True,0.6298911571502686,True,0.3702426850795746,False
2042,p0n2126,79,0.5,0.75,11260.0,36.0,D-4,61,2,0,0.38205987215042114,False,0.295812726020813,False,0.3122718036174774,False
2043,p0n2127,79,0.75,0.25,11272.0,12.0,F5,77,1,0,0.5572675466537476,True,0.29290226101875305,False,0.3068525791168213,False
2044,p0n2128,79,1.0,0.75,11284.0,36.0,E-6,87,1,0,0.4689940810203552,False,0.24598096311092377,False,0.3006977438926697,False
2045,p0n2129,79,1.25,0.25,11296.0,12.0,C5,72,2,0,0.6753501296043396,True,0.7635777592658997,True,0.5400490164756775,True
2046,p0n2130,79,1.5,0.75,11308.0,36.0,C4,60,2,0,0.8364166021347046,True,0.8174680471420288,True,0.48056554794311523,False
2047,p0n2131,79,1.75,0.25,11320.0,12.0,E-5,75,1,0,0.8862336277961731,True,0.7181957364082336,True,0.43434417247772217,False
2048,p0n2132,79,2.0,0.75,11332.0,36.0,D-6,85,1,0,0.8578502535820007,True,0.6842511892318726,True,0.42513829469680786,False
2049,p0n2133,79,2.25,0.25,11344.0,12.0,B-4,70,2,0,0.11742880195379257,False,0.15683305263519287,False,0.2859768867492676,False
2050,p0n2134,79,2.5,0.75,11356.0,36.0,B-3,58,2,0,0.33017584681510925,False,0.2170063555240631,False,0.29995909333229065,False
2051,p0n2135,79,2.75,0.25,11368.0,12.0,D6,86,1,0,0.32314038276672363,False,0.23199374973773956,False,0.3083977699279785,False
2052,p0n2136,80,0.0,0.75,11380.0,36.0,E-6,87,1,0,0.41557279229164124,False,0.24723486602306366,False,0.30088111758232117,False
2053,p0n2138,80,0.25,0.25,11392.0,12.0,C5,72,2,0,0.672931969165802,True,0.6574999690055847,True,0.496051162481308,False
2054,p0n2139,80,0.5,0.75,11404.0,36.0,C4,60,2,0,0.8685019016265869,True,0.7777661681175232,True,0.4875984787940979,False
2055,p0n2140,80,0.75,0.25,11416.0,12.0,E-5,75,1,0,0.8956573009490967,True,0.6053589582443237,True,0.39443695545196533,False
2056,p0n2141,80,1.0,0.75,11428.0,36.0,D-6,85,1,0,0.7845560312271118,True,0.39088496565818787,False,0.3273107409477234,False
2057,p0n2142,80,1.25,0.25,11440.0,12.0,B-4,70,2,0,0.0985620841383934,False,0.15080972015857697,False,0.2847519814968109,False
2058,p0n2143,80,1.5,0.5,11452.0,24.0,B-3,58,2,0,0.43045344948768616,False,0.2472921907901764,False,0.30899930000305176,False
2059,p0n2144,80,1.75,0.25,11464.0,12.0,D-5,73,1,0,0.8623061180114746,True,0.7728846073150635,True,0.4520888328552246,False
2060,p0n2145,80,2.0,0.25,11476.0,12.0,C6,84,1,0,0.5707805752754211,True,0.5770226120948792,True,0.3347497582435608,False
2061,p0n2146,80,2.0,0.25,11476.0,12.0,A-4,68,2,0,0.29906612634658813,False,0.18396660685539246,False,0.2916393578052521,False
2062,p0n2147,80,2.25,0.25,11488.0,12.0,C5,72,1,0,0.7683393359184265,True,0.7212700843811035,True,0.466426819562912,False
2063,p0n2148,80,2.25,0.25,11488.0,12.0,A-3,56,2,0,0.6016915440559387,True,0.20084954798221588,False,0.2932785749435425,False
2064,p0n2149,80,2.5,0.25,11500.0,12.0,D-5,73,1,0,0.6829458475112915,True,0.4497755765914917,False,0.32907044887542725,False
2065,p0n2150,80,2.5,0.25,11500.0,12.0,B-3,58,2,0,0.27549299597740173,False,0.19023878872394562,False,0.29332223534584045,False
2066,p0n2151,80,2.75,0.25,11512.0,12.0,E-5,75,1,0,0.7840315699577332,True,0.693670392036438,True,0.45730793476104736,False
2067,p0n2152,80,2.75,0.25,11512.0,12.0,C4,60,2,0,0.8699213266372681,True,0.8221625685691833,True,0.6048839092254639,True
2068,p0n2153,81,0.0,0.25,11524.0,12.0,G5,79,1,0,0.7121391892433167,True,0.33410945534706116,False,0.2911031246185303,False
2069,p0n2154,81,0.0,0.25,11524.0,12.0,E-4,63,2,0,0.8303161859512329,True,0.8211743235588074,True,0.6013131737709045,True
2070,p0n2155,81,0.25,0.25,11536.0,12.0,E5,76,1,0,0.5947094559669495,True,0.36425089836120605,False,0.31015869975090027,False
2071,p0n2156,81,0.25,0.25,11536.0,12.0,C4,60,2,0,0.9080464839935303,True,0.8247221112251282,True,0.5502536296844482,True
2072,p0n2157,81,0.5,0.25,11548.0,12.0,F5,77,1,0,0.4738427996635437,False,0.1692616492509842,False,0.28323039412498474,False
2073,p0n2158,81,0.5,0.25,11548.0,12.0,D-4,61,2,0,0.4698620140552521,False,0.28904008865356445,False,0.3074619174003601,False
2074,p0n2159,81,0.75,0.25,11560.0,12.0,F4,65,1,0,0.5749866366386414,True,0.5900775790214539,True,0.4078202545642853,False
2075,p0n2160,81,0.75,0.25,11560.0,12.0,D-3,49,2,0,0.39352837204933167,False,0.24122677743434906,False,0.2952822744846344,False
2076,p0n2161,81,1.0,0.25,11572.0,12.0,F5,77,1,0,0.5325108170509338,True,0.28198814392089844,False,0.305118590593338,False
2077,p0n2162,81,1.0,0.25,11572.0,12.0,D-4,61,2,0,0.4634580910205841,False,0.2692839503288269,False,0.30267518758773804,False
2078,p0n2163,81,1.25,0.25,11584.0,12.0,D5,74,1,0,0.5751950144767761,True,0.44524484872817993,False,0.3700505197048187,False
2079,p0n2164,81,1.25,0.25,11584.0,12.0,B3,59,2,0,0.37465113401412964,False,0.1446358561515808,False,0.2787688374519348,False
2080,p0n2165,81,1.5,0.25,11596.0,12.0,E-5,75,1,0,0.7904388904571533,True,0.7224240899085999,True,0.46889129281044006,False
2081,p0n2166,81,1.5,0.25,11596.0,12.0,C4,60,2,0,0.9038956165313721,True,0.8379414081573486,True,0.6030659675598145,True
2082,p0n2167,81,1.75,0.25,11608.0,12.0,E-4,63,1,0,0.8896264433860779,True,0.8304982781410217,True,0.6403985619544983,True
2083,p0n2168,81,1.75,0.25,11608.0,12.0,C3,48,2,0,0.8195545673370361,True,0.632932186126709,True,0.4568135440349579,False
2084,p0n2169,81,2.0,0.25,11620.0,12.0,E-5,75,1,0,0.8086858987808228,True,0.650945246219635,True,0.40469005703926086,False
2085,p0n2170,81,2.0,0.25,11620.0,12.0,C4,60,2,0,0.8979814648628235,True,0.8246298432350159,True,0.5354701280593872,True
2086,p0n2171,81,2.25,0.25,11632.0,12.0,C5,72,1,0,0.594801664352417,True,0.6130357384681702,True,0.43018993735313416,False
2087,p0n2172,81,2.25,0.25,11632.0,12.0,A3,57,2,0,0.8663026690483093,True,0.5198391079902649,True,0.35489410161972046,False
2088,p0n2173,81,2.5,0.25,11644.0,12.0,D-5,73,1,0,0.8048093914985657,True,0.49837613105773926,False,0.3488192558288574,False
2089,p0n2174,81,2.5,0.25,11644.0,12.0,B-3,58,2,0,0.4868180453777313,False,0.2506309747695923,False,0.3112885057926178,False
2090,p0n2175,81,2.75,0.25,11656.0,12.0,D-4,61,1,0,0.3863123953342438,False,0.2547796964645386,False,0.2978379726409912,False
2091,p0n2176,81,2.75,0.25,11656.0,12.0,B-2,46,2,0,0.4736316204071045,False,0.2184702605009079,False,0.3005828857421875,False
2092,p0n2177,82,0.0,0.25,11668.0,12.0,F5,77,1,0,0.45997321605682373,False,0.16112427413463593,False,0.28183966875076294,False
2093,p0n2178,82,0.0,0.25,11668.0,12.0,D-4,61,2,0,0.40811479091644287,False,0.25183871388435364,False,0.29752078652381897,False
2094,p0n2179,82,0.25,0.25,11680.0,12.0,D5,74,1,0,0.6563120484352112,True,0.6007192134857178,True,0.4911058247089386,False
2095,p0n2180,82,0.25,0.25,11680.0,12.0,B3,59,2,0,0.306761771440506,False,0.14774279296398163,False,0.27886858582496643,False
2096,p0n2181,82,0.5,0.25,11692.0,12.0,E-5,75,1,0,0.7671636939048767,True,0.7100598216056824,True,0.4359583258628845,False
2097,p0n2182,82,0.5,0.25,11692.0,12.0,C4,60,2,0,0.855228066444397,True,0.7767673134803772,True,0.5424466133117676,True
2098,p0n2183,82,0.75,0.25,11704.0,12.0,E-4,63,1,0,0.8967688679695129,True,0.6485555768013,True,0.5094805359840393,True
2099,p0n2184,82,0.75,0.25,11704.0,12.0,C3,48,2,0,0.7344281673431396,True,0.47366783022880554,False,0.3342740833759308,False
2100,p0n2185,82,1.0,0.25,11716.0,12.0,E-5,75,1,0,0.7729760408401489,True,0.5664355754852295,True,0.36761054396629333,False
2101,p0n2186,82,1.0,0.25,11716.0,12.0,C4,60,2,0,0.878955066204071,True,0.7321205735206604,True,0.48712441325187683,False
2102,p0n2187,82,1.25,0.25,11728.0,12.0,C5,72,1,0,0.677180290222168,True,0.5926759243011475,True,0.3836554288864136,False
2103,p0n2188,82,1.25,0.25,11728.0,12.0,A3,57,2,0,0.841237485408783,True,0.5118224024772644,True,0.3548436760902405,False
2104,p0n2189,82,1.5,0.25,11740.0,12.0,D-5,73,1,0,0.46527186036109924,False,0.2581317722797394,False,0.29990649223327637,False
2105,p0n2190,82,1.5,0.25,11740.0,12.0,B-3,58,2,0,0.18328271806240082,False,0.16758191585540771,False,0.28808915615081787,False
2106,p0n2191,82,1.75,0.25,11752.0,12.0,D-4,61,1,0,0.6455374360084534,True,0.46078988909721375,False,0.3644583523273468,False
2107,p0n2192,82,1.75,0.25,11752.0,12.0,B-2,46,2,0,0.41180023550987244,False,0.1939459890127182,False,0.2949926257133484,False
2108,p0n2193,82,2.0,0.25,11764.0,12.0,C5,72,1,0,0.8581556677818298,True,0.6155045628547668,True,0.3548785448074341,False
2109,p0n2194,82,2.0,0.5,11764.0,24.0,E-4,63,1,0,0.922466516494751,True,0.6536208391189575,True,0.45586445927619934,False
2110,p0n2195,82,2.0,0.25,11764.0,12.0,A-3,56,2,0,0.4876864552497864,False,0.19475208222866058,False,0.2952100932598114,False
2111,p0n2196,82,2.0,0.25,11764.0,12.0,C3,48,2,0,0.7488675713539124,True,0.3578740954399109,False,0.3113235533237457,False
2112,p0n2197,82,2.25,0.25,11776.0,12.0,B-4,70,1,0,0.18516384065151215,False,0.16284210979938507,False,0.2872051000595093,False
2113,p0n2198,82,2.25,0.25,11776.0,12.0,G3,55,2,0,0.8100603818893433,True,0.5968711972236633,True,0.309757262468338,False
2114,p0n2199,82,2.25,0.25,11776.0,12.0,D-3,49,2,0,0.1610611528158188,False,0.15353533625602722,False,0.2754366993904114,False
2115,p0n2200,82,2.5,0.25,11788.0,12.0,C5,72,1,0,0.8378791213035583,True,0.4356534481048584,False,0.3374301791191101,False
2116,p0n2201,82,2.5,0.5,11788.0,24.0,E-4,63,1,0,0.9280688166618347,True,0.5695654153823853,True,0.4467175602912903,False
2117,p0n2202,82,2.5,0.25,11788.0,12.0,A-3,56,2,0,0.5065107941627502,True,0.12952359020709991,False,0.2847287952899933,False
2118,p0n2203,82,2.5,0.25,11788.0,12.0,C3,48,2,0,0.7220871448516846,True,0.3508436381816864,False,0.3103978931903839,False
2119,p0n2204,82,2.75,0.25,11800.0,12.0,B-4,70,1,0,0.17075462639331818,False,0.16048868000507355,False,0.28663942217826843,False
2120,p0n2205,82,2.75,0.25,11800.0,12.0,G3,55,2,0,0.8174704313278198,True,0.5786885619163513,True,0.30804282426834106,False
2121,p0n2206,82,2.75,0.25,11800.0,12.0,D-3,49,2,0,0.16142211854457855,False,0.15563881397247314,False,0.27565494179725647,False
2122,p0n2208,83,0.0,1.0,11812.0,48.0,C5,72,1,0,0.835739254951477,True,0.5177879333496094,True,0.33692365884780884,False
2123,p0n2207,83,0.0,1.0,11812.0,48.0,E-4,63,1,0,0.9216296672821045,True,0.6657492518424988,True,0.45430997014045715,False
2124,p0n2210,83,0.0,1.0,11812.0,48.0,A-3,56,2,0,0.48671025037765503,False,0.1757589876651764,False,0.2917519807815552,False
2125,p0n2209,83,0.0,1.0,11812.0,48.0,C3,48,2,0,0.7009716033935547,True,0.3864913284778595,False,0.3118947744369507,False
2126,p0n2212,83,1.0,1.0,11860.0,48.0,B-4,70,1,0,0.19557413458824158,False,0.1676788032054901,False,0.2883315682411194,False
2127,p0n2211,83,1.0,1.0,11860.0,48.0,E-4,63,1,0,0.9046074151992798,True,0.6961248517036438,True,0.45871323347091675,False
2128,p0n2214,83,1.0,1.0,11860.0,48.0,G3,55,2,0,0.8290042877197266,True,0.6359434127807617,True,0.2875264883041382,False
2129,p0n2213,83,1.0,1.0,11860.0,48.0,D-3,49,2,0,0.17281976342201233,False,0.15960639715194702,False,0.27649006247520447,False
2130,p0n2215,83,2.0,0.25,11908.0,12.0,E-5,75,1,0,0.7229966521263123,True,0.5030202865600586,True,0.3201545178890228,False
2131,p0n2216,83,2.0,0.25,11908.0,12.0,E-4,63,1,0,0.9402734041213989,True,0.598639965057373,True,0.41328200697898865,False
2132,p0n2217,83,2.0,0.25,11908.0,12.0,A-3,56,2,0,0.44530409574508667,False,0.16729363799095154,False,0.28989943861961365,False
2133,p0n2218,83,2.0,0.25,11908.0,12.0,C3,48,2,0,0.702190101146698,True,0.5016911029815674,True,0.48665186762809753,False
2134,p0n2219,83,2.25,0.25,11920.0,12.0,D5,74,1,0,0.41077080368995667,False,0.23476016521453857,False,0.31178370118141174,False
2135,p0n2220,83,2.25,0.25,11920.0,12.0,A-4,68,1,0,0.16969241201877594,False,0.13752642273902893,False,0.28408899903297424,False
2136,p0n2221,83,2.25,0.25,11920.0,12.0,F3,53,2,0,0.7230219841003418,True,0.4403691589832306,False,0.3231857717037201,False
2137,p0n2222,83,2.25,0.25,11920.0,12.0,B-2,46,2,0,0.2593962252140045,False,0.17313703894615173,False,0.28908148407936096,False
2138,p0n2223,83,2.5,0.25,11932.0,12.0,E-5,75,1,0,0.8343591094017029,True,0.5003900527954102,True,0.34134894609451294,False
2139,p0n2224,83,2.5,0.25,11932.0,12.0,E-4,63,1,0,0.8938575983047485,True,0.5389852523803711,True,0.41758882999420166,False
2140,p0n2225,83,2.5,0.25,11932.0,12.0,A-3,56,2,0,0.6518919467926025,True,0.17570656538009644,False,0.29181987047195435,False
2141,p0n2226,83,2.5,0.25,11932.0,12.0,C3,48,2,0,0.7702568173408508,True,0.5495980381965637,True,0.5273165702819824,True
2142,p0n2227,83,2.75,0.25,11944.0,12.0,D5,74,1,0,0.5461528301239014,True,0.4067150354385376,False,0.3349960446357727,False
2143,p0n2228,83,2.75,0.25,11944.0,12.0,A-4,68,1,0,0.2706133723258972,False,0.13920889794826508,False,0.2837299704551697,False
2144,p0n2229,83,2.75,0.25,11944.0,12.0,F3,53,2,0,0.8726724982261658,True,0.45442360639572144,False,0.30249184370040894,False
2145,p0n2230,83,2.75,0.25,11944.0,12.0,B-2,46,2,0,0.33085471391677856,False,0.16910208761692047,False,0.28793594241142273,False
2146,p0n2233,84,0.0,1.0,11956.0,48.0,E-5,75,1,0,0.8519670963287354,True,0.4987800717353821,False,0.31017011404037476,False
2147,p0n2232,84,0.0,1.0,11956.0,48.0,A-4,68,1,0,0.29442399740219116,False,0.1283433735370636,False,0.28277674317359924,False
2148,p0n2231,84,0.0,1.0,11956.0,48.0,E-4,63,1,0,0.9312076568603516,True,0.7141427993774414,True,0.40843865275382996,False
2149,p0n2236,84,0.0,1.0,11956.0,48.0,A-3,56,2,0,0.7620555758476257,True,0.14518572390079498,False,0.2835904359817505,False
2150,p0n2235,84,0.0,1.0,11956.0,48.0,E-3,51,2,0,0.95354163646698,True,0.6503803133964539,True,0.5205630660057068,True
2151,p0n2234,84,0.0,1.0,11956.0,48.0,C3,48,2,0,0.788782000541687,True,0.42488396167755127,False,0.3098202645778656,False
2152,p0n2237,84,1.0,1.5,12004.0,72.0,F5,77,1,0,0.666675329208374,True,0.42724645137786865,False,0.3302394151687622,False
2153,p0n2238,84,1.0,1.0,12004.0,48.0,B-2,46,2,0,0.27909722924232483,False,0.19933947920799255,False,0.2948560416698456,False
2154,p0n2239,84,1.0625,0.0625,12007.0,3.0,C3,48,2,0,0.7584384083747864,True,0.48373717069625854,False,0.3383032977581024,False
2155,p0n2240,84,1.125,0.0625,12010.0,3.0,B-2,46,2,0,0.25680863857269287,False,0.1834772527217865,False,0.29116106033325195,False
2156,p0n2241,84,1.1875,0.0625,12013.0,3.0,C3,48,2,0,0.7686570286750793,True,0.4204789996147156,False,0.3195987343788147,False
2157,p0n2242,84,1.25,0.0625,12016.0,3.0,B-2,46,2,0,0.20402060449123383,False,0.1666339635848999,False,0.28743892908096313,False
2158,p0n2243,84,1.3125,0.0625,12019.0,3.0,C3,48,2,0,0.7655319571495056,True,0.4183942973613739,False,0.3185853958129883,False
2159,p0n2244,84,1.375,0.0625,12022.0,3.0,B-2,46,2,0,0.20091785490512848,False,0.1661893129348755,False,0.28734320402145386,False
2160,p0n2245,84,1.4375,0.0625,12025.0,3.0,C3,48,2,0,0.7628623247146606,True,0.3892451822757721,False,0.3149557411670685,False
2161,p0n2246,84,1.5,0.0625,12028.0,3.0,B-2,46,2,0,0.19676245748996735,False,0.16558201611042023,False,0.2871905565261841,False
2162,p0n2247,84,1.5625,0.0625,12031.0,3.0,C3,48,2,0,0.7453555464744568,True,0.41055458784103394,False,0.3126956820487976,False
2163,p0n2248,84,1.625,0.0625,12034.0,3.0,B-2,46,2,0,0.13598918914794922,False,0.15405109524726868,False,0.28465908765792847,False
2164,p0n2249,84,1.6875,0.0625,12037.0,3.0,C3,48,2,0,0.854178786277771,True,0.5507123470306396,True,0.5696654319763184,True
2165,p0n2250,84,1.75,0.125,12040.0,6.0,A-2,44,2,0,0.2940663695335388,False,0.15816637873649597,False,0.28741270303726196,False
2166,p0n2251,84,1.875,0.125,12046.0,6.0,B-2,46,2,0,0.3495303988456726,False,0.1886633336544037,False,0.2928536534309387,False
2167,p0n2252,84,2.0,1.0,12052.0,48.0,A-2,44,2,0,0.4180077612400055,False,0.18556977808475494,False,0.2927810847759247,False
2168,p0n2253,84,2.0625,0.0625,12055.0,3.0,B-2,46,2,0,0.4234096109867096,False,0.21796636283397675,False,0.30032387375831604,False
2169,p0n2254,84,2.125,0.0625,12058.0,3.0,A-2,44,2,0,0.5251686573028564,True,0.1618081033229828,False,0.2886706292629242,False
2170,p0n2255,84,2.1875,0.0625,12061.0,3.0,B-2,46,2,0,0.4262644350528717,False,0.20447292923927307,False,0.29699304699897766,False
2171,p0n2256,84,2.25,0.0625,12064.0,3.0,A-2,44,2,0,0.6758370995521545,True,0.17702403664588928,False,0.29075372219085693,False
2172,p0n2257,84,2.3125,0.0625,12067.0,3.0,B-2,46,2,0,0.30807995796203613,False,0.1826806515455246,False,0.2913651168346405,False
2173,p0n2258,84,2.375,0.0625,12070.0,3.0,A-2,44,2,0,0.5381327271461487,True,0.1543494313955307,False,0.2884654998779297,False
2174,p0n2259,84,2.4375,0.0625,12073.0,3.0,B-2,46,2,0,0.45719417929649353,False,0.18126307427883148,False,0.2916505038738251,False
2175,p0n2260,84,2.5,0.5,12076.0,24.0,F5,77,1,0,0.7841150760650635,True,0.3577190637588501,False,0.31928160786628723,False
2176,p0n2261,84,2.5,0.0625,12076.0,3.0,A-2,44,2,0,0.6022188663482666,True,0.11914317309856415,False,0.284084290266037,False
2177,p0n2262,84,2.5625,0.0625,12079.0,3.0,B-2,46,2,0,0.40628552436828613,False,0.19802729785442352,False,0.2954213321208954,False
2178,p0n2263,84,2.625,0.0625,12082.0,3.0,A-2,44,2,0,0.7065878510475159,True,0.14309491217136383,False,0.28725460171699524,False
2179,p0n2264,84,2.6875,0.0625,12085.0,3.0,B-2,46,2,0,0.289676308631897,False,0.15228880941867828,False,0.2854965031147003,False
2180,p0n2265,84,2.75,0.125,12088.0,6.0,G2,43,2,0,0.7992973923683167,True,0.41654351353645325,False,0.3577636778354645,False
2181,p0n2266,84,2.875,0.125,12094.0,6.0,A-2,44,2,0,0.48684850335121155,False,0.16009454429149628,False,0.28760480880737305,False
2182,p0n2268,85,0.0,1.0,12100.0,48.0,G2,43,2,0,0.6288856863975525,True,0.29546552896499634,False,0.3099249601364136,False
2183,p0n2269,85,0.0625,0.0625,12103.0,3.0,A-2,44,2,0,0.5879868865013123,True,0.12934145331382751,False,0.28418058156967163,False
2184,p0n2270,85,0.125,0.0625,12106.0,3.0,G2,43,2,0,0.7417873740196228,True,0.38137900829315186,False,0.3542669117450714,False
2185,p0n2271,85,0.1875,0.0625,12109.0,3.0,A-2,44,2,0,0.553655743598938,True,0.08175939321517944,False,0.2798514664173126,False
2186,p0n2272,85,0.25,0.0625,12112.0,3.0,G2,43,2,0,0.8078399896621704,True,0.35173720121383667,False,0.3388258218765259,False
2187,p0n2273,85,0.3125,0.0625,12115.0,3.0,A-2,44,2,0,0.45677635073661804,False,0.14143376052379608,False,0.284970760345459,False
2188,p0n2274,85,0.375,0.0625,12118.0,3.0,G2,43,2,0,0.7208518981933594,True,0.3333306610584259,False,0.3362472653388977,False
2189,p0n2275,85,0.4375,0.0625,12121.0,3.0,A-2,44,2,0,0.5652397274971008,True,0.10375266522169113,False,0.2804231643676758,False
2190,p0n2276,85,0.5,0.5,12124.0,24.0,G5,79,1,0,0.8414991497993469,True,0.29845869541168213,False,0.3061378598213196,False
2191,p0n2277,85,0.5,0.0625,12124.0,3.0,G2,43,2,0,0.7697609066963196,True,0.340364933013916,False,0.33558526635169983,False
2192,p0n2278,85,0.5625,0.0625,12127.0,3.0,A-2,44,2,0,0.39255404472351074,False,0.14155258238315582,False,0.2848091423511505,False
2193,p0n2279,85,0.625,0.0625,12130.0,3.0,G2,43,2,0,0.5390186309814453,True,0.2740752398967743,False,0.31453147530555725,False
2194,p0n2280,85,0.6875,0.0625,12133.0,3.0,A-2,44,2,0,0.6179100871086121,True,0.14123205840587616,False,0.28380757570266724,False
2195,p0n2281,85,0.75,0.125,12136.0,6.0,F2,41,2,0,0.5829645991325378,True,0.6367692947387695,True,0.428526908159256,False
2196,p0n2282,85,0.875,0.125,12142.0,6.0,G2,43,2,0,0.507540762424469,True,0.3909004032611847,False,0.32422059774398804,False
2197,p0n2284,85,1.0,1.0,12148.0,48.0,F2,41,2,0,0.5458422899246216,True,0.4510815143585205,False,0.33619293570518494,False
2198,p0n2285,85,1.0625,0.0625,12151.0,3.0,G2,43,2,0,0.6136360764503479,True,0.4073599874973297,False,0.33746594190597534,False
2199,p0n2286,85,1.125,0.0625,12154.0,3.0,F2,41,2,0,0.6503264904022217,True,0.589177668094635,True,0.44007664918899536,False
2200,p0n2287,85,1.1875,0.0625,12157.0,3.0,G2,43,2,0,0.6002054214477539,True,0.3812693655490875,False,0.32790806889533997,False
2201,p0n2288,85,1.25,0.0625,12160.0,3.0,F2,41,2,0,0.6976407170295715,True,0.5738344788551331,True,0.43049710988998413,False
2202,p0n2289,85,1.3125,0.0625,12163.0,3.0,G2,43,2,0,0.5453404784202576,True,0.3432997167110443,False,0.31843477487564087,False
2203,p0n2290,85,1.375,0.0625,12166.0,3.0,F2,41,2,0,0.6116594672203064,True,0.543345034122467,True,0.4315023124217987,False
2204,p0n2291,85,1.4375,0.0625,12169.0,3.0,G2,43,2,0,0.6334825754165649,True,0.3979291617870331,False,0.33483871817588806,False
2205,p0n2292,85,1.5,0.5,12172.0,24.0,A-5,80,1,0,0.5421696901321411,True,0.299146443605423,False,0.28843575716018677,False
2206,p0n2293,85,1.5,0.0625,12172.0,3.0,F2,41,2,0,0.6434623599052429,True,0.5583239793777466,True,0.42829060554504395,False
2207,p0n2294,85,1.5625,0.0625,12175.0,3.0,G2,43,2,0,0.600431501865387,True,0.3672132194042206,False,0.32481706142425537,False
2208,p0n2295,85,1.625,0.0625,12178.0,3.0,F2,41,2,0,0.6620803475379944,True,0.534180223941803,True,0.4271824061870575,False
2209,p0n2296,85,1.6875,0.0625,12181.0,3.0,G2,43,2,0,0.587973952293396,True,0.3691895306110382,False,0.3267485797405243,False
2210,p0n2297,85,1.75,0.125,12184.0,6.0,E-2,39,2,0,0.8743458390235901,True,0.8854266405105591,True,0.5959015488624573,True
2211,p0n2298,85,1.875,0.125,12190.0,6.0,F2,41,2,0,0.5358814001083374,True,0.5310674905776978,True,0.43807896971702576,False
2212,p0n2300,85,2.0,1.0,12196.0,48.0,E-2,39,2,0,0.8509326577186584,True,0.6290345788002014,True,0.49207794666290283,False
2213,p0n2301,85,2.0625,0.0625,12199.0,3.0,F2,41,2,0,0.6984614133834839,True,0.7442405819892883,True,0.592477560043335,True
2214,p0n2302,85,2.125,0.0625,12202.0,3.0,E-2,39,2,0,0.854756772518158,True,0.6314737200737,True,0.4982514977455139,False
2215,p0n2303,85,2.1875,0.0625,12205.0,3.0,F2,41,2,0,0.6448827981948853,True,0.678563117980957,True,0.5438051819801331,True
2216,p0n2304,85,2.25,0.0625,12208.0,3.0,E-2,39,2,0,0.882576584815979,True,0.6614803075790405,True,0.4772544503211975,False
2217,p0n2305,85,2.3125,0.0625,12211.0,3.0,F2,41,2,0,0.5801246166229248,True,0.6412299871444702,True,0.5247150659561157,True
2218,p0n2306,85,2.375,0.0625,12214.0,3.0,E-2,39,2,0,0.8532592058181763,True,0.6540634036064148,True,0.4813306927680969,False
2219,p0n2307,85,2.4375,0.0625,12217.0,3.0,F2,41,2,0,0.6397415399551392,True,0.6713107228279114,True,0.5268341898918152,True
2220,p0n2308,85,2.5,1.0,12220.0,48.0,B-5,82,1,0,0.44673678278923035,False,0.25295957922935486,False,0.31275567412376404,False
2221,p0n2309,85,2.5,0.0625,12220.0,3.0,E-2,39,2,0,0.8659955859184265,True,0.5772961974143982,True,0.4378620386123657,False
2222,p0n2310,85,2.5625,0.0625,12223.0,3.0,F2,41,2,0,0.5720102787017822,True,0.6131495237350464,True,0.5120667815208435,True
2223,p0n2311,85,2.625,0.0625,12226.0,3.0,E-2,39,2,0,0.8218265771865845,True,0.5893763899803162,True,0.4325200915336609,False
2224,p0n2312,85,2.6875,0.0625,12229.0,3.0,F2,41,2,0,0.6864142417907715,True,0.663918137550354,True,0.486900269985199,False
2225,p0n2313,85,2.75,0.125,12232.0,6.0,D-2,37,2,0,0.5525557994842529,True,0.6278629899024963,True,0.4349735677242279,False
2226,p0n2314,85,2.875,0.125,12238.0,6.0,E-2,39,2,0,0.8593051433563232,True,0.65192711353302,True,0.3888947367668152,False
2227,p0n2316,86,0.0,2.0,12244.0,96.0,D-2,37,2,0,0.4255455732345581,False,0.22229357063770294,False,0.2896209955215454,False
2228,p0n2317,86,0.0625,0.0625,12247.0,3.0,E-2,39,2,0,0.8952431082725525,True,0.58893221616745,True,0.384672611951828,False
2229,p0n2318,86,0.125,0.0625,12250.0,3.0,D-2,37,2,0,0.5039932727813721,True,0.3498998284339905,False,0.31696003675460815,False
2230,p0n2319,86,0.1875,0.0625,12253.0,3.0,E-2,39,2,0,0.8838064074516296,True,0.6405645608901978,True,0.39014679193496704,False
2231,p0n2320,86,0.25,0.0625,12256.0,3.0,D-2,37,2,0,0.43599769473075867,False,0.2256776988506317,False,0.2894380986690521,False
2232,p0n2321,86,0.3125,0.0625,12259.0,3.0,E-2,39,2,0,0.8760526776313782,True,0.6089545488357544,True,0.3823566436767578,False
2233,p0n2322,86,0.375,0.0625,12262.0,3.0,D-2,37,2,0,0.3856406807899475,False,0.21492265164852142,False,0.2874862849712372,False
2234,p0n2323,86,0.4375,0.0625,12265.0,3.0,E-2,39,2,0,0.8913574814796448,True,0.6318488121032715,True,0.390340656042099,False
2235,p0n2324,86,0.5,0.5,12268.0,24.0,C6,84,1,0,0.5082757472991943,True,0.34735894203186035,False,0.29627636075019836,False
2236,p0n2325,86,0.5,0.0625,12268.0,3.0,D-2,37,2,0,0.464808851480484,False,0.23240484297275543,False,0.2907620668411255,False
2237,p0n2326,86,0.5625,0.0625,12271.0,3.0,E-2,39,2,0,0.8751978874206543,True,0.6066641807556152,True,0.38392341136932373,False
2238,p0n2327,86,0.625,0.0625,12274.0,3.0,D-2,37,2,0,0.3975604474544525,False,0.21262255311012268,False,0.28645795583724976,False
2239,p0n2328,86,0.6875,0.0625,12277.0,3.0,E-2,39,2,0,0.8898507356643677,True,0.611799955368042,True,0.38062742352485657,False
2240,p0n2329,86,0.75,0.0625,12280.0,3.0,D-2,37,2,0,0.4315006732940674,False,0.22387677431106567,False,0.289046049118042,False
2241,p0n2330,86,0.8125,0.0625,12283.0,3.0,E-2,39,2,0,0.8673287034034729,True,0.5647742748260498,True,0.36546459794044495,False
2242,p0n2331,86,0.875,0.0625,12286.0,3.0,D-2,37,2,0,0.36804908514022827,False,0.21118436753749847,False,0.28650790452957153,False
2243,p0n2332,86,0.9375,0.0625,12289.0,3.0,E-2,39,2,0,0.8971065878868103,True,0.5805831551551819,True,0.3704751431941986,False
2244,p0n2333,86,1.0,0.5,12292.0,24.0,D-6,85,1,0,0.6426413059234619,True,0.43870681524276733,False,0.3381604552268982,False
2245,p0n2334,86,1.0,0.0625,12292.0,3.0,D-2,37,2,0,0.4199848175048828,False,0.21665580570697784,False,0.28752920031547546,False
2246,p0n2335,86,1.0625,0.0625,12295.0,3.0,E-2,39,2,0,0.8805623650550842,True,0.617793619632721,True,0.38757604360580444,False
2247,p0n2336,86,1.125,0.0625,12298.0,3.0,D-2,37,2,0,0.3995248079299927,False,0.21291886270046234,False,0.2865062355995178,False
2248,p0n2337,86,1.1875,0.0625,12301.0,3.0,E-2,39,2,0,0.886664867401123,True,0.6057837605476379,True,0.3816617727279663,False
2249,p0n2338,86,1.25,0.0625,12304.0,3.0,D-2,37,2,0,0.42161011695861816,False,0.22047093510627747,False,0.2882326543331146,False
2250,p0n2339,86,1.3125,0.0625,12307.0,3.0,E-2,39,2,0,0.8773729801177979,True,0.5922724604606628,True,0.37894684076309204,False
2251,p0n2340,86,1.375,0.0625,12310.0,3.0,D-2,37,2,0,0.39829665422439575,False,0.22048060595989227,False,0.2886858880519867,False
2252,p0n2341,86,1.4375,0.0625,12313.0,3.0,E-2,39,2,0,0.8867210149765015,True,0.6223264336585999,True,0.3933449387550354,False
2253,p0n2342,86,1.5,0.5,12316.0,24.0,D6,86,1,0,0.1899043768644333,False,0.17066410183906555,False,0.29299959540367126,False
2254,p0n2343,86,1.5,0.0625,12316.0,3.0,D-2,37,2,0,0.46452802419662476,False,0.23160415887832642,False,0.29083409905433655,False
2255,p0n2344,86,1.5625,0.0625,12319.0,3.0,E-2,39,2,0,0.8769108653068542,True,0.6142765879631042,True,0.388793408870697,False
2256,p0n2345,86,1.625,0.0625,12322.0,3.0,D-2,37,2,0,0.39188796281814575,False,0.21042698621749878,False,0.2859334349632263,False
2257,p0n2346,86,1.6875,0.0625,12325.0,3.0,E-2,39,2,0,0.8958803415298462,True,0.6238317489624023,True,0.38287219405174255,False
2258,p0n2347,86,1.75,0.0625,12328.0,3.0,D-2,37,2,0,0.45582661032676697,False,0.23204199969768524,False,0.2909981906414032,False
2259,p0n2348,86,1.8125,0.0625,12331.0,3.0,E-2,39,2,0,0.8588283658027649,True,0.5436013340950012,True,0.35698115825653076,False
2260,p0n2349,86,1.875,0.0625,12334.0,3.0,D-2,37,2,0,0.3829125165939331,False,0.22746887803077698,False,0.2904062569141388,False
2261,p0n2350,86,1.9375,0.0625,12337.0,3.0,E-2,39,2,0,0.8943740725517273,True,0.5668160915374756,True,0.3673505187034607,False
2262,p0n2351,86,2.0,1.5,12340.0,72.0,E-6,87,1,0,0.42434370517730713,False,0.2604183256626129,False,0.3057214617729187,False
2263,p0n2352,86,2.0,0.25,12340.0,12.0,D-2,37,2,0,0.4498698115348816,False,0.2399810552597046,False,0.294293075799942,False
2264,p0n2353,86,2.0,0.25,12340.0,12.0,D-2,37,2,0,0.4503527879714966,False,0.22429721057415009,False,0.29096153378486633,False
2265,p0n2354,86,2.25,0.125,12352.0,6.0,C2,36,2,0,0.7554460167884827,True,0.8677403926849365,True,0.6709004640579224,True
2266,p0n2355,86,2.375,0.125,12358.0,6.0,D-2,37,2,0,0.44149675965309143,False,0.24027325212955475,False,0.2932750880718231,False
2267,p0n2356,86,2.5,0.125,12364.0,6.0,E-2,39,2,0,0.8862472772598267,True,0.695248007774353,True,0.4610182046890259,False
2268,p0n2357,86,2.625,0.125,12370.0,6.0,D-2,37,2,0,0.4289699196815491,False,0.23461495339870453,False,0.29264459013938904,False
2269,p0n2358,86,2.75,0.125,12376.0,6.0,C2,36,2,0,0.7970952391624451,True,0.8135044574737549,True,0.710298478603363,True
2270,p0n2359,86,2.875,0.125,12382.0,6.0,B-1,34,2,0,0.4511473774909973,False,0.2644868493080139,False,0.3108108937740326,False
2271,p0n2361,87,0.0,0.25,12388.0,12.0,A-1,32,2,0,0.7106146812438965,True,0.6878451108932495,True,0.6640040278434753,True
2272,p0n2363,87,0.25,0.25,12400.0,12.0,C3,48,2,0,0.6319313049316406,True,0.5945276618003845,True,0.5754321813583374,True
2273,p0n2362,87,0.25,0.25,12400.0,12.0,A-2,44,2,0,0.47437798976898193,False,0.19790668785572052,False,0.2953861355781555,False
2274,p0n2364,87,0.5,0.5,12412.0,24.0,C4,60,1,0,0.8724146485328674,True,0.7251564264297485,True,0.4528159201145172,False
2275,p0n2366,87,0.5,0.25,12412.0,12.0,C3,48,2,0,0.7997124195098877,True,0.529747724533081,True,0.5414401292800903,True
2276,p0n2365,87,0.5,0.25,12412.0,12.0,A-2,44,2,0,0.5884563326835632,True,0.38224178552627563,False,0.31117892265319824,False
2277,p0n2369,87,0.75,0.25,12424.0,12.0,C3,48,2,0,0.8356360793113708,True,0.5977739691734314,True,0.5188724994659424,True
2278,p0n2368,87,0.75,0.25,12424.0,12.0,A-2,44,2,0,0.535146176815033,True,0.36768391728401184,False,0.3116786777973175,False
2279,p0n2367,87,0.75,0.25,12424.0,12.0,G2,43,2,0,0.6536058783531189,True,0.5288990139961243,True,0.39086049795150757,False
2280,p0n2373,87,1.0,0.25,12436.0,12.0,C3,48,2,0,0.8037160634994507,True,0.5626325607299805,True,0.5449033379554749,True
2281,p0n2372,87,1.0,0.25,12436.0,12.0,A-2,44,2,0,0.5152091383934021,True,0.37380456924438477,False,0.30459144711494446,False
2282,p0n2371,87,1.0,0.25,12436.0,12.0,G2,43,2,0,0.5892913937568665,True,0.35354089736938477,False,0.32080379128456116,False
2283,p0n2376,87,1.25,0.25,12448.0,12.0,C3,48,2,0,0.8462531566619873,True,0.6155648231506348,True,0.5515564680099487,True
2284,p0n2375,87,1.25,0.25,12448.0,12.0,A-2,44,2,0,0.6105514764785767,True,0.4314221143722534,False,0.31822291016578674,False
2285,p0n2374,87,1.25,0.25,12448.0,12.0,F2,41,2,0,0.755827009677887,True,0.7482882738113403,True,0.5881369113922119,True
2286,p0n2379,87,1.5,0.25,12460.0,12.0,C3,48,2,0,0.847125768661499,True,0.6419076323509216,True,0.5740880370140076,True
2287,p0n2378,87,1.5,0.25,12460.0,12.0,A-2,44,2,0,0.5667747259140015,True,0.4009479880332947,False,0.3215189576148987,False
2288,p0n2377,87,1.5,0.25,12460.0,12.0,F2,41,2,0,0.7498480081558228,True,0.5817012786865234,True,0.5090048909187317,True
2289,p0n2380,87,1.75,0.25,12472.0,12.0,C4,60,1,0,0.9151687622070312,True,0.5961345434188843,True,0.4138602018356323,False
2290,p0n2383,87,1.75,0.25,12472.0,12.0,C3,48,2,0,0.7894778251647949,True,0.58646559715271,True,0.5191889405250549,True
2291,p0n2382,87,1.75,0.25,12472.0,12.0,A-2,44,2,0,0.6438698172569275,True,0.33382558822631836,False,0.30889469385147095,False
2292,p0n2381,87,1.75,0.25,12472.0,12.0,E-2,39,2,0,0.8916913866996765,True,0.5562337636947632,True,0.3756970465183258,False
2293,p0n2384,87,2.0,0.25,12484.0,12.0,D-4,61,1,0,0.5680953860282898,True,0.4429904818534851,False,0.32511410117149353,False
2294,p0n2387,87,2.0,0.25,12484.0,12.0,C3,48,2,0,0.7757869362831116,True,0.6011091470718384,True,0.566072404384613,True
2295,p0n2386,87,2.0,0.25,12484.0,12.0,A-2,44,2,0,0.60579913854599,True,0.39027607440948486,False,0.3119722008705139,False
2296,p0n2385,87,2.0,0.25,12484.0,12.0,E-2,39,2,0,0.8777327537536621,True,0.5384694933891296,True,0.38911181688308716,False
2297,p0n2388,87,2.25,0.25,12496.0,12.0,E-4,63,1,0,0.8938744068145752,True,0.8572483658790588,True,0.5583286881446838,True
2298,p0n2391,87,2.25,0.25,12496.0,12.0,C3,48,2,0,0.7807357311248779,True,0.662104070186615,True,0.5700550079345703,True
2299,p0n2390,87,2.25,0.25,12496.0,12.0,A-2,44,2,0,0.637855052947998,True,0.45399242639541626,False,0.3232647776603699,False
2300,p0n2389,87,2.25,0.25,12496.0,12.0,D-2,37,2,0,0.8258730173110962,True,0.8777704238891602,True,0.7462140321731567,True
2301,p0n2392,87,2.5,0.25,12508.0,12.0,F4,65,1,0,0.599504292011261,True,0.5265758633613586,True,0.4093499779701233,False
2302,p0n2395,87,2.5,0.25,12508.0,12.0,C3,48,2,0,0.7976619601249695,True,0.6945387721061707,True,0.6010261178016663,True
2303,p0n2394,87,2.5,0.25,12508.0,12.0,A-2,44,2,0,0.6461006999015808,True,0.430416077375412,False,0.31752046942710876,False
2304,p0n2393,87,2.5,0.25,12508.0,12.0,C2,36,2,0,0.9324007630348206,True,0.8996462225914001,True,0.7941895723342896,True
2305,p0n2396,87,2.75,0.25,12520.0,12.0,G4,67,1,0,0.45937609672546387,False,0.1867775022983551,False,0.2935626804828644,False
2306,p0n2399,87,2.75,0.25,12520.0,12.0,C3,48,2,0,0.7715500593185425,True,0.6271927952766418,True,0.6286986470222473,True
2307,p0n2398,87,2.75,0.25,12520.0,12.0,A-2,44,2,0,0.6070879101753235,True,0.39113301038742065,False,0.31559276580810547,False
2308,p0n2397,87,2.75,0.25,12520.0,12.0,C2,36,2,0,0.9397827386856079,True,0.8078515529632568,True,0.7611079812049866,True
2309,p0n2400,88,0.0,0.5,12532.0,24.0,A-4,68,1,0,0.12750186026096344,False,0.12422941625118256,False,0.2821139395236969,False
2310,p0n2401,88,0.0,0.25,12532.0,12.0,C2,36,2,0,0.9222556948661804,True,0.8517019152641296,True,0.703367292881012,True
2311,p0n2403,88,0.25,0.25,12544.0,12.0,C3,48,2,0,0.750386118888855,True,0.6491043567657471,True,0.5817345976829529,True
2312,p0n2402,88,0.25,0.25,12544.0,12.0,A-2,44,2,0,0.5997828841209412,True,0.4061482548713684,False,0.32088252902030945,False
2313,p0n2404,88,0.5,0.5,12556.0,24.0,E-4,63,1,0,0.9240158796310425,True,0.8508256077766418,True,0.48036763072013855,False
2314,p0n2406,88,0.5,0.25,12556.0,12.0,C3,48,2,0,0.7544360160827637,True,0.6081544756889343,True,0.5341957807540894,True
2315,p0n2405,88,0.5,0.25,12556.0,12.0,A-2,44,2,0,0.6090183258056641,True,0.3605106472969055,False,0.3076416552066803,False
2316,p0n2409,88,0.75,0.25,12568.0,12.0,C3,48,2,0,0.7814034223556519,True,0.6308432817459106,True,0.5135966539382935,True
2317,p0n2408,88,0.75,0.25,12568.0,12.0,A-2,44,2,0,0.5886998176574707,True,0.40038803219795227,False,0.3152531087398529,False
2318,p0n2407,88,0.75,0.25,12568.0,12.0,G2,43,2,0,0.6502499580383301,True,0.40177518129348755,False,0.3447064459323883,False
2319,p0n2413,88,1.0,0.25,12580.0,12.0,C3,48,2,0,0.7690513134002686,True,0.6118079423904419,True,0.5148345232009888,True
2320,p0n2412,88,1.0,0.25,12580.0,12.0,A-2,44,2,0,0.5878986120223999,True,0.4369792342185974,False,0.3132205903530121,False
2321,p0n2411,88,1.0,0.25,12580.0,12.0,G2,43,2,0,0.6244998574256897,True,0.37527230381965637,False,0.3294549286365509,False
2322,p0n2416,88,1.25,0.25,12592.0,12.0,C3,48,2,0,0.7798349261283875,True,0.644433319568634,True,0.527366578578949,True
2323,p0n2415,88,1.25,0.25,12592.0,12.0,A-2,44,2,0,0.6448307037353516,True,0.4180639088153839,False,0.31770092248916626,False
2324,p0n2414,88,1.25,0.25,12592.0,12.0,F2,41,2,0,0.6953042149543762,True,0.5971109867095947,True,0.4935758113861084,False
2325,p0n2419,88,1.5,0.25,12604.0,12.0,C3,48,2,0,0.7883259654045105,True,0.6139318943023682,True,0.5500991940498352,True
2326,p0n2418,88,1.5,0.25,12604.0,12.0,A-2,44,2,0,0.5105885863304138,True,0.41742417216300964,False,0.31761568784713745,False
2327,p0n2417,88,1.5,0.25,12604.0,12.0,F2,41,2,0,0.7471949458122253,True,0.5892911553382874,True,0.51059889793396,True
2328,p0n2420,88,1.75,0.25,12616.0,12.0,G4,67,1,0,0.550085186958313,True,0.34452077746391296,False,0.2918134331703186,False
2329,p0n2423,88,1.75,0.25,12616.0,12.0,C3,48,2,0,0.7935767769813538,True,0.6287127137184143,True,0.547916829586029,True
2330,p0n2422,88,1.75,0.25,12616.0,12.0,A-2,44,2,0,0.6241974830627441,True,0.41257891058921814,False,0.3232021629810333,False
2331,p0n2421,88,1.75,0.25,12616.0,12.0,E-2,39,2,0,0.9275007247924805,True,0.7080010771751404,True,0.4071844816207886,False
2332,p0n2424,88,2.0,0.25,12628.0,12.0,A-4,68,1,0,0.17375437915325165,False,0.11851159483194351,False,0.2811874449253082,False
2333,p0n2427,88,2.0,0.25,12628.0,12.0,C3,48,2,0,0.795373260974884,True,0.5850597023963928,True,0.5666279196739197,True
2334,p0n2426,88,2.0,0.25,12628.0,12.0,A-2,44,2,0,0.6089059710502625,True,0.3770144581794739,False,0.30787622928619385,False
2335,p0n2425,88,2.0,0.25,12628.0,12.0,E-2,39,2,0,0.9157111048698425,True,0.5167524814605713,True,0.37756943702697754,False
2336,p0n2428,88,2.25,0.25,12640.0,12.0,B-4,70,1,0,0.15278682112693787,False,0.15715494751930237,False,0.285915732383728,False
2337,p0n2431,88,2.25,0.25,12640.0,12.0,C3,48,2,0,0.7760173678398132,True,0.6075889468193054,True,0.5798303484916687,True
2338,p0n2430,88,2.25,0.25,12640.0,12.0,A-2,44,2,0,0.5490178465843201,True,0.42725297808647156,False,0.3176576495170593,False
2339,p0n2429,88,2.25,0.25,12640.0,12.0,D-2,37,2,0,0.8887524008750916,True,0.8858598470687866,True,0.6736705899238586,True
2340,p0n2432,88,2.5,0.25,12652.0,12.0,C5,72,1,0,0.3774777054786682,False,0.19356153905391693,False,0.2870319187641144,False
2341,p0n2435,88,2.5,0.25,12652.0,12.0,C3,48,2,0,0.8313939571380615,True,0.6194869875907898,True,0.5775026082992554,True
2342,p0n2434,88,2.5,0.25,12652.0,12.0,A-2,44,2,0,0.68453049659729,True,0.406812459230423,False,0.32003360986709595,False
2343,p0n2433,88,2.5,0.25,12652.0,12.0,C2,36,2,0,0.9609581232070923,True,0.8498076796531677,True,0.7422760128974915,True
2344,p0n2436,88,2.75,0.25,12664.0,12.0,D-5,73,1,0,0.28384172916412354,False,0.15129204094409943,False,0.27521735429763794,False
2345,p0n2439,88,2.75,0.25,12664.0,12.0,C3,48,2,0,0.740799605846405,True,0.5472681522369385,True,0.6006553769111633,True
2346,p0n2438,88,2.75,0.25,12664.0,12.0,A-2,44,2,0,0.5175950527191162,True,0.37031063437461853,False,0.30514436960220337,False
2347,p0n2437,88,2.75,0.25,12664.0,12.0,C2,36,2,0,0.945259690284729,True,0.7744274735450745,True,0.7126315236091614,True
2348,p0n2440,89,0.0,0.5,12676.0,24.0,E-5,75,1,0,0.5716954469680786,True,0.4484002888202667,False,0.3339071273803711,False
2349,p0n2441,89,0.0,0.25,12676.0,12.0,C2,36,2,0,0.9634890556335449,True,0.8144716024398804,True,0.6619532704353333,True
2350,p0n2443,89,0.25,0.25,12688.0,12.0,C3,48,2,0,0.7545682191848755,True,0.6478874087333679,True,0.5630961656570435,True
2351,p0n2442,89,0.25,0.25,12688.0,12.0,A-2,44,2,0,0.583757758140564,True,0.4386325478553772,False,0.32917672395706177,False
2352,p0n2444,89,0.5,0.5,12700.0,24.0,A-4,68,1,0,0.20801787078380585,False,0.12362644076347351,False,0.2822761833667755,False
2353,p0n2446,89,0.5,0.25,12700.0,12.0,C3,48,2,0,0.7391453385353088,True,0.5680309534072876,True,0.534660816192627,True
2354,p0n2445,89,0.5,0.25,12700.0,12.0,A-2,44,2,0,0.5559215545654297,True,0.3704381287097931,False,0.30740177631378174,False
2355,p0n2449,89,0.75,0.25,12712.0,12.0,C3,48,2,0,0.7848575711250305,True,0.6222009658813477,True,0.5181012749671936,True
2356,p0n2448,89,0.75,0.25,12712.0,12.0,A-2,44,2,0,0.5815423727035522,True,0.4527014195919037,False,0.3230297863483429,False
2357,p0n2447,89,0.75,0.25,12712.0,12.0,G2,43,2,0,0.5634196996688843,True,0.3766843378543854,False,0.33706504106521606,False
2358,p0n2453,89,1.0,0.25,12724.0,12.0,C3,48,2,0,0.8041889071464539,True,0.6251383423805237,True,0.5264386534690857,True
2359,p0n2452,89,1.0,0.25,12724.0,12.0,A-2,44,2,0,0.6545500755310059,True,0.4977802634239197,False,0.32896366715431213,False
2360,p0n2451,89,1.0,0.25,12724.0,12.0,G2,43,2,0,0.549151599407196,True,0.3093734383583069,False,0.31584107875823975,False
2361,p0n2456,89,1.25,0.25,12736.0,12.0,C3,48,2,0,0.786487340927124,True,0.6589305996894836,True,0.5473032593727112,True
2362,p0n2455,89,1.25,0.25,12736.0,12.0,A-2,44,2,0,0.7685980200767517,True,0.5007832646369934,True,0.4239788353443146,False
2363,p0n2454,89,1.25,0.25,12736.0,12.0,F2,41,2,0,0.574756383895874,True,0.5355644226074219,True,0.4068954885005951,False
2364,p0n2459,89,1.5,0.25,12748.0,12.0,C3,48,2,0,0.7630148530006409,True,0.6859723925590515,True,0.6137213110923767,True
2365,p0n2458,89,1.5,0.25,12748.0,12.0,A-2,44,2,0,0.6941428184509277,True,0.5715329051017761,True,0.4404832422733307,False
2366,p0n2457,89,1.5,0.25,12748.0,12.0,F2,41,2,0,0.6903408169746399,True,0.5940210223197937,True,0.45843425393104553,False
2367,p0n2460,89,1.75,0.25,12760.0,12.0,A-5,80,1,0,0.6822183132171631,True,0.572202742099762,True,0.40847253799438477,False
2368,p0n2463,89,1.75,0.25,12760.0,12.0,C3,48,2,0,0.7393181324005127,True,0.6223098039627075,True,0.5844646096229553,True
2369,p0n2462,89,1.75,0.25,12760.0,12.0,A-2,44,2,0,0.7293300032615662,True,0.47134384512901306,False,0.33183687925338745,False
2370,p0n2461,89,1.75,0.25,12760.0,12.0,E-2,39,2,0,0.7286385297775269,True,0.6082879900932312,True,0.31269142031669617,False
2371,p0n2464,89,2.0,0.25,12772.0,12.0,B-5,82,1,0,0.6395537257194519,True,0.31419360637664795,False,0.30929815769195557,False
2372,p0n2467,89,2.0,0.25,12772.0,12.0,C3,48,2,0,0.7646315693855286,True,0.5970908403396606,True,0.5926686525344849,True
2373,p0n2466,89,2.0,0.25,12772.0,12.0,A-2,44,2,0,0.6840453147888184,True,0.4983430802822113,False,0.3322281539440155,False
2374,p0n2465,89,2.0,0.25,12772.0,12.0,E-2,39,2,0,0.6994163393974304,True,0.61188143491745,True,0.3576434254646301,False
2375,p0n2468,89,2.25,0.25,12784.0,12.0,C6,84,1,0,0.6712983250617981,True,0.6218234896659851,True,0.37790507078170776,False
2376,p0n2471,89,2.25,0.25,12784.0,12.0,C3,48,2,0,0.748044490814209,True,0.6678109169006348,True,0.58293217420578,True
2377,p0n2470,89,2.25,0.25,12784.0,12.0,A-2,44,2,0,0.6880881786346436,True,0.5133997201919556,True,0.4275197982788086,False
2378,p0n2469,89,2.25,0.25,12784.0,12.0,D-2,37,2,0,0.6500521898269653,True,0.7720133662223816,True,0.5883370041847229,True
2379,p0n2472,89,2.5,0.25,12796.0,12.0,D-6,85,1,0,0.3124130070209503,False,0.1559465527534485,False,0.2769052982330322,False
2380,p0n2475,89,2.5,0.25,12796.0,12.0,C3,48,2,0,0.8106994032859802,True,0.6001256704330444,True,0.534174382686615,True
2381,p0n2474,89,2.5,0.25,12796.0,12.0,A-2,44,2,0,0.6952225565910339,True,0.30860579013824463,False,0.3136989176273346,False
2382,p0n2473,89,2.5,0.25,12796.0,12.0,C2,36,2,0,0.9064977765083313,True,0.6834920644760132,True,0.4412178695201874,False
2383,p0n2476,89,2.75,0.25,12808.0,12.0,E-6,87,1,0,0.4245496094226837,False,0.23298652470111847,False,0.29791557788848877,False
2384,p0n2479,89,2.75,0.25,12808.0,12.0,C3,48,2,0,0.6303198933601379,True,0.40918874740600586,False,0.310349702835083,False
2385,p0n2478,89,2.75,0.25,12808.0,12.0,A-2,44,2,0,0.6621932983398438,True,0.30396589636802673,False,0.31225448846817017,False
2386,p0n2477,89,2.75,0.25,12808.0,12.0,C2,36,2,0,0.9105260372161865,True,0.6277715563774109,True,0.39910128712654114,False
2387,p0n2480,90,0.0,1.0,12820.0,48.0,F6,89,1,0,0.16694682836532593,False,0.1265120506286621,False,0.2744262218475342,False
2388,p0n2483,90,0.0,1.0,12820.0,48.0,B-2,46,2,0,0.26239314675331116,False,0.1752958744764328,False,0.2894246280193329,False
2389,p0n2482,90,0.0,1.0,12820.0,48.0,A-2,44,2,0,0.39308708906173706,False,0.17444884777069092,False,0.2924944758415222,False
2390,p0n2481,90,0.0,1.0,12820.0,48.0,D-2,37,2,0,0.5983689427375793,True,0.29902976751327515,False,0.32311680912971497,False
2391,p0n2487,90,1.75,0.25,12904.0,12.0,B-4,70,1,0,0.18671225011348724,False,0.18063637614250183,False,0.2905178666114807,False
2392,p0n2486,90,1.75,0.25,12904.0,12.0,F4,65,1,0,0.3678104877471924,False,0.16332551836967468,False,0.2809235155582428,False
2393,p0n2489,90,1.75,0.25,12904.0,12.0,A-3,56,2,0,0.41600632667541504,False,0.18832942843437195,False,0.2948881685733795,False
2394,p0n2488,90,1.75,0.25,12904.0,12.0,D3,50,2,0,0.578059196472168,True,0.8513109087944031,True,0.6777893900871277,True
2395,p0n2491,90,2.0,0.5,12916.0,24.0,E-5,75,1,0,0.32169151306152344,False,0.14817050099372864,False,0.2810191512107849,False
2396,p0n2490,90,2.0,0.5,12916.0,24.0,G4,67,1,0,0.4740053415298462,False,0.22779487073421478,False,0.30247369408607483,False
2397,p0n2493,90,2.0,0.5,12916.0,24.0,G3,55,2,0,0.8287867903709412,True,0.6266080141067505,True,0.44305744767189026,False
2398,p0n2492,90,2.0,0.5,12916.0,24.0,E-3,51,2,0,0.8460797071456909,True,0.7984270453453064,True,0.6951555609703064,True
2399,p0n2497,90,2.75,0.25,12952.0,12.0,E-5,75,1,0,0.5776394009590149,True,0.4321490526199341,False,0.29178208112716675,False
2400,p0n2496,90,2.75,0.25,12952.0,12.0,G4,67,1,0,0.660256564617157,True,0.4540357291698456,False,0.31420624256134033,False
2401,p0n2499,90,2.75,0.25,12952.0,12.0,B-3,58,2,0,0.25008973479270935,False,0.22487616539001465,False,0.30037546157836914,False
2402,p0n2498,90,2.75,0.25,12952.0,12.0,E-3,51,2,0,0.9042040109634399,True,0.7658329606056213,True,0.6292486190795898,True
2403,p0n2501,91,0.0,1.0,12964.0,48.0,D5,74,1,0,0.2601996958255768,False,0.17324967682361603,False,0.2955606281757355,False
2404,p0n2500,91,0.0,1.0,12964.0,48.0,C-5,71,1,0,0.47123390436172485,False,0.1451118141412735,False,0.27842509746551514,False
2405,p0n2503,91,0.0,1.0,12964.0,48.0,A-3,56,2,0,0.5006820559501648,True,0.33319470286369324,False,0.3014329969882965,False
2406,p0n2502,91,0.0,1.0,12964.0,48.0,F3,53,2,0,0.5342455506324768,True,0.7788544297218323,True,0.5093703866004944,True
2407,p0n2505,91,1.0,1.0,13012.0,48.0,D-5,73,1,0,0.459151953458786,False,0.2315281331539154,False,0.2922365069389343,False
2408,p0n2504,91,1.0,1.0,13012.0,48.0,F-4,64,1,0,0.7894421815872192,True,0.48705393075942993,False,0.32392436265945435,False
2409,p0n2507,91,1.0,1.0,13012.0,48.0,B-3,58,2,0,0.253476619720459,False,0.1925874948501587,False,0.29305505752563477,False
2410,p0n2506,91,1.0,1.0,13012.0,48.0,G3,55,2,0,0.8005483150482178,True,0.5190042853355408,True,0.4564308226108551,False
2411,p0n2509,91,2.0,0.25,13060.0,12.0,C5,72,1,0,0.8690609335899353,True,0.8189305663108826,True,0.43106403946876526,False
2412,p0n2508,91,2.0,0.25,13060.0,12.0,E-4,63,1,0,0.8954436182975769,True,0.8347630500793457,True,0.3922894299030304,False
2413,p0n2511,91,2.0,0.25,13060.0,12.0,C4,60,2,0,0.8708375096321106,True,0.8196555972099304,True,0.45794564485549927,False
2414,p0n2510,91,2.0,0.25,13060.0,12.0,A-3,56,2,0,0.7004015445709229,True,0.31230831146240234,False,0.31255435943603516,False
2415,p0n2512,91,2.25,0.25,13072.0,12.0,A-6,92,1,0,0.6430245041847229,True,0.42627882957458496,False,0.3026348948478699,False
2416,p0n2514,91,2.25,0.25,13072.0,12.0,C4,60,2,0,0.8477472066879272,True,0.5241934657096863,True,0.35872986912727356,False
2417,p0n2513,91,2.25,0.25,13072.0,12.0,A-3,56,2,0,0.7086635828018188,True,0.16071204841136932,False,0.28700339794158936,False
2418,p0n2515,91,2.5,0.25,13084.0,12.0,G6,91,1,0,0.6838874816894531,True,0.21645301580429077,False,0.2888564169406891,False
2419,p0n2517,91,2.5,0.25,13084.0,12.0,D-4,61,2,0,0.2896847426891327,False,0.23056288063526154,False,0.29113781452178955,False
2420,p0n2516,91,2.5,0.25,13084.0,12.0,B-3,58,2,0,0.16988448798656464,False,0.18238653242588043,False,0.2901309132575989,False
2421,p0n2518,91,2.75,0.25,13096.0,12.0,G-6,90,1,0,0.7604339718818665,True,0.15263117849826813,False,0.2786024510860443,False
2422,p0n2520,91,2.75,0.25,13096.0,12.0,E-4,63,2,0,0.9064685106277466,True,0.7440605163574219,True,0.383486807346344,False
2423,p0n2519,91,2.75,0.25,13096.0,12.0,C4,60,2,0,0.9132318496704102,True,0.5535666942596436,True,0.42937976121902466,False
2424,p0n2521,92,0.0,0.125,13108.0,6.0,F6,89,1,0,0.17557188868522644,False,0.11579360067844391,False,0.2726866900920868,False
2425,p0n2523,92,0.0,0.5,13108.0,24.0,F4,65,2,0,0.28761738538742065,False,0.16144149005413055,False,0.2794981300830841,False
2426,p0n2522,92,0.0,0.5,13108.0,24.0,D-4,61,2,0,0.2812133729457855,False,0.18673843145370483,False,0.28219544887542725,False
2427,p0n2524,92,0.125,0.125,13114.0,6.0,E-6,87,1,0,0.5677576065063477,True,0.29814112186431885,False,0.3096194863319397,False
2428,p0n2525,92,0.25,0.125,13120.0,6.0,D-6,85,1,0,0.3970680832862854,False,0.22296454012393951,False,0.29033562541007996,False
2429,p0n2526,92,0.375,0.125,13126.0,6.0,C6,84,1,0,0.5038444995880127,True,0.341831237077713,False,0.30210113525390625,False
2430,p0n2527,92,0.5,0.125,13132.0,6.0,C-6,83,1,0,0.44894829392433167,False,0.16341039538383484,False,0.2807917296886444,False
2431,p0n2529,92,0.625,0.125,13138.0,6.0,B-5,82,1,0,0.4906656742095947,False,0.23733410239219666,False,0.3112652897834778,False
2432,p0n2530,92,0.75,0.125,13144.0,6.0,A5,81,1,0,0.5231772065162659,True,0.3831677734851837,False,0.3168824017047882,False
2433,p0n2531,92,0.875,0.125,13150.0,6.0,A-5,80,1,0,0.6520987749099731,True,0.736337423324585,True,0.4162098467350006,False
2434,p0n2532,92,1.0,0.125,13156.0,6.0,G5,79,1,0,0.6216318011283875,True,0.25760364532470703,False,0.29402902722358704,False
2435,p0n2534,92,1.125,0.125,13162.0,6.0,G-5,78,1,0,0.7698878645896912,True,0.4417445957660675,False,0.33933234214782715,False
2436,p0n2535,92,1.25,0.125,13168.0,6.0,F5,77,1,0,0.3921484351158142,False,0.17710508406162262,False,0.28325027227401733,False
2437,p0n2536,92,1.375,0.125,13174.0,6.0,E5,76,1,0,0.5477228164672852,True,0.3909553289413452,False,0.3221006989479065,False
2438,p0n2537,92,1.5,0.125,13180.0,6.0,E-5,75,1,0,0.7229840755462646,True,0.6160282492637634,True,0.30101341009140015,False
2439,p0n2540,92,1.5,0.25,13180.0,12.0,A-3,56,2,0,0.6782416701316833,True,0.2985720634460449,False,0.29717573523521423,False
2440,p0n2539,92,1.5,0.25,13180.0,12.0,F3,53,2,0,0.7300994992256165,True,0.7119000554084778,True,0.48494982719421387,False
2441,p0n2538,92,1.5,0.25,13180.0,12.0,D-3,49,2,0,0.5155371427536011,True,0.6337228417396545,True,0.4865119159221649,False
2442,p0n2541,92,1.625,0.125,13186.0,6.0,D-5,73,1,0,0.3118429481983185,False,0.20377737283706665,False,0.2857710123062134,False
2443,p0n2542,92,1.75,0.125,13192.0,6.0,C5,72,1,0,0.6120972037315369,True,0.5119673609733582,True,0.3434252440929413,False
2444,p0n2545,92,1.75,0.25,13192.0,12.0,A-3,56,2,0,0.4633527100086212,False,0.1706930249929428,False,0.29116177558898926,False
2445,p0n2544,92,1.75,0.25,13192.0,12.0,F3,53,2,0,0.7016457319259644,True,0.6113265156745911,True,0.40952280163764954,False
2446,p0n2543,92,1.75,0.25,13192.0,12.0,D-3,49,2,0,0.41298171877861023,False,0.22614875435829163,False,0.2920805811882019,False
2447,p0n2546,92,1.875,0.125,13198.0,6.0,B-4,70,1,0,0.17428548634052277,False,0.19256894290447235,False,0.29323437809944153,False
2448,p0n2548,92,2.0,0.5,13204.0,24.0,E-5,75,1,0,0.6996360421180725,True,0.3926336169242859,False,0.30422109365463257,False
2449,p0n2547,92,2.0,0.5,13204.0,24.0,B-4,70,1,0,0.17384567856788635,False,0.16132934391498566,False,0.2868584096431732,False
2450,p0n2550,92,2.0,0.5,13204.0,24.0,G3,55,2,0,0.7847477793693542,True,0.5602028369903564,True,0.4252132177352905,False
2451,p0n2549,92,2.0,0.5,13204.0,24.0,E-3,51,2,0,0.8236002922058105,True,0.7735945582389832,True,0.49734601378440857,False
2452,p0n2554,92,2.75,0.25,13240.0,12.0,E-5,75,1,0,0.8223015666007996,True,0.43045005202293396,False,0.3040093779563904,False
2453,p0n2553,92,2.75,0.25,13240.0,12.0,G4,67,1,0,0.6966665387153625,True,0.3970189094543457,False,0.3117261230945587,False
2454,p0n2556,92,2.75,0.25,13240.0,12.0,B-3,58,2,0,0.26575541496276855,False,0.18425987660884857,False,0.2911778688430786,False
2455,p0n2555,92,2.75,0.25,13240.0,12.0,E-3,51,2,0,0.841346025466919,True,0.6950878500938416,True,0.42947855591773987,False
2456,p0n2557,93,0.0,0.5,13252.0,24.0,E-5,75,1,0,0.8362531065940857,True,0.5124114155769348,True,0.26288673281669617,False
2457,p0n2558,93,0.0,2.25,13252.0,108.0,A-4,68,1,0,0.5126516819000244,True,0.6963158845901489,True,0.4711743891239166,False
2458,p0n2559,93,0.0,0.5,13252.0,24.0,C4,60,2,0,0.8475594520568848,True,0.6877754330635071,True,0.4618991017341614,False
2459,p0n2560,93,0.0,1.25,13252.0,60.0,A-3,56,2,0,0.5582209229469299,True,0.39014703035354614,False,0.3385503888130188,False
2460,p0n2561,93,0.5,0.25,13276.0,12.0,F5,77,1,0,0.46502313017845154,False,0.15298493206501007,False,0.27913209795951843,False
2461,p0n2562,93,0.5,0.25,13276.0,12.0,D-4,61,2,0,0.2781701385974884,False,0.20722448825836182,False,0.2865537405014038,False
2462,p0n2563,93,0.75,0.25,13288.0,12.0,E-5,75,1,0,0.8040120005607605,True,0.5794388651847839,True,0.24107429385185242,False
2463,p0n2564,93,0.75,0.25,13288.0,12.0,C4,60,2,0,0.9171662330627441,True,0.5583629608154297,True,0.414684921503067,False
2464,p0n2565,93,1.0,0.25,13300.0,12.0,D-5,73,1,0,0.5367629528045654,True,0.8387980461120605,True,0.5713862180709839,True
2465,p0n2566,93,1.0,0.25,13300.0,12.0,B-3,58,2,0,0.24939581751823425,False,0.20001493394374847,False,0.294432669878006,False
2466,p0n2568,93,1.25,0.25,13312.0,12.0,C5,72,1,0,0.5645189881324768,True,0.4271624982357025,False,0.3129843473434448,False
2467,p0n2569,93,1.25,0.25,13312.0,12.0,A-3,56,2,0,0.6576918363571167,True,0.3047178089618683,False,0.30520933866500854,False
2468,p0n2571,93,1.5,0.25,13324.0,12.0,B-4,70,1,0,0.10162367671728134,False,0.15579847991466522,False,0.28498899936676025,False
2469,p0n2572,93,1.5,0.25,13324.0,12.0,G3,55,2,0,0.7852519154548645,True,0.5954895615577698,True,0.3487855792045593,False
2470,p0n2574,93,1.75,0.25,13336.0,12.0,C5,72,1,0,0.6784821152687073,True,0.5005935430526733,True,0.4086551368236542,False
2471,p0n2575,93,1.75,0.25,13336.0,12.0,A-3,56,2,0,0.6608496904373169,True,0.484496146440506,False,0.32535871863365173,False
2472,p0n2576,93,2.0,1.0,13348.0,48.0,D-5,73,1,0,0.5360661149024963,True,0.7437886595726013,True,0.5458709597587585,True
2473,p0n2578,93,2.0,1.0,13348.0,48.0,B-3,58,2,0,0.22303657233715057,False,0.19374819099903107,False,0.2927365303039551,False
2474,p0n2579,93,2.0,1.0,13348.0,48.0,E-3,51,2,0,0.8440766930580139,True,0.7900266647338867,True,0.4565023183822632,False
2475,p0n2580,93,2.25,0.25,13360.0,12.0,F4,65,1,0,0.3718658685684204,False,0.20631498098373413,False,0.28899163007736206,False
2476,p0n2581,93,2.5,0.25,13372.0,12.0,A-4,68,1,0,0.688444972038269,True,0.6479169726371765,True,0.4851003885269165,False
2477,p0n2582,93,2.75,0.25,13384.0,12.0,G4,67,1,0,0.7076148390769958,True,0.520629346370697,True,0.42539918422698975,False
2478,p0n2584,94,0.0,0.25,13396.0,12.0,C5,72,1,0,0.7384278774261475,True,0.4187927544116974,False,0.30765286087989807,False
2479,p0n2583,94,0.0,0.25,13396.0,12.0,A-4,68,1,0,0.728625476360321,True,0.6337506771087646,True,0.5060517191886902,True
2480,p0n2585,94,0.0,0.25,13396.0,12.0,A-3,56,2,0,0.6794022917747498,True,0.6005837321281433,True,0.4243372976779938,False
2481,p0n2586,94,0.0,1.25,13396.0,60.0,A-2,44,2,0,0.49448302388191223,False,0.156027689576149,False,0.2880566716194153,False
2482,p0n2587,94,0.25,0.25,13408.0,12.0,E-4,63,1,0,0.7870976328849792,True,0.8880471587181091,True,0.5734078884124756,True
2483,p0n2588,94,0.25,0.25,13408.0,12.0,C3,48,2,0,0.8595485687255859,True,0.7797855138778687,True,0.4994308352470398,False
2484,p0n2589,94,0.5,0.25,13420.0,12.0,F4,65,1,0,0.5109699368476868,True,0.5691248774528503,True,0.3834025263786316,False
2485,p0n2590,94,0.5,0.25,13420.0,12.0,D-3,49,2,0,0.3502948582172394,False,0.2218296229839325,False,0.2900637090206146,False
2486,p0n2591,94,0.75,0.25,13432.0,12.0,E-4,63,1,0,0.8682572841644287,True,0.8417543172836304,True,0.48321542143821716,False
2487,p0n2592,94,0.75,0.25,13432.0,12.0,C3,48,2,0,0.8206849098205566,True,0.518144965171814,True,0.3477640748023987,False
2488,p0n2593,94,1.0,0.25,13444.0,12.0,D-4,61,1,0,0.1476532369852066,False,0.16494199633598328,False,0.27690258622169495,False
2489,p0n2594,94,1.0,0.25,13444.0,12.0,B-2,46,2,0,0.3086419701576233,False,0.18605110049247742,False,0.2905852198600769,False
2490,p0n2596,94,1.25,0.25,13456.0,12.0,C4,60,1,0,0.8558955192565918,True,0.5488099455833435,True,0.3900396525859833,False
2491,p0n2597,94,1.25,0.25,13456.0,12.0,A-2,44,2,0,0.4636550843715668,False,0.14174579083919525,False,0.28538161516189575,False
2492,p0n2599,94,1.5,0.25,13468.0,12.0,B-3,58,1,0,0.1765701025724411,False,0.18500153720378876,False,0.29073935747146606,False
2493,p0n2600,94,1.5,0.25,13468.0,12.0,G2,43,2,0,0.6789820790290833,True,0.42774009704589844,False,0.29615864157676697,False
2494,p0n2602,94,1.75,0.25,13480.0,12.0,C4,60,1,0,0.9031930565834045,True,0.6382713317871094,True,0.45611703395843506,False
2495,p0n2603,94,1.75,0.25,13480.0,12.0,A-2,44,2,0,0.582141101360321,True,0.5873653292655945,True,0.42873308062553406,False
2496,p0n2604,94,2.0,0.25,13492.0,12.0,A-4,68,1,0,0.6756268739700317,True,0.5542546510696411,True,0.36841216683387756,False
2497,p0n2605,94,2.0,1.0,13492.0,48.0,D-4,61,1,0,0.08509861677885056,False,0.1331992894411087,False,0.2715359032154083,False
2498,p0n2607,94,2.0,1.0,13492.0,48.0,B-2,46,2,0,0.24041344225406647,False,0.1596536487340927,False,0.2849996089935303,False
2499,p0n2606,94,2.0,1.0,13492.0,48.0,E-2,39,2,0,0.8886366486549377,True,0.9356855154037476,True,0.6999276280403137,True
2500,p0n2608,94,2.25,0.25,13504.0,12.0,F4,65,1,0,0.6865124702453613,True,0.6020454168319702,True,0.39249852299690247,False
2501,p0n2609,94,2.5,0.25,13516.0,12.0,A-4,68,1,0,0.6538646817207336,True,0.3658527433872223,False,0.35209956765174866,False
2502,p0n2610,94,2.75,0.25,13528.0,12.0,G4,67,1,0,0.6982100009918213,True,0.5564667582511902,True,0.3719528615474701,False
2503,p0n2611,95,0.0,0.25,13540.0,12.0,B-4,70,1,0,0.40035057067871094,False,0.21153216063976288,False,0.2999195456504822,False
2504,p0n2613,95,0.0,1.0,13540.0,48.0,A-2,44,2,0,0.5282816886901855,True,0.5517703890800476,True,0.4727977216243744,False
2505,p0n2612,95,0.0,1.0,13540.0,48.0,A-1,32,2,0,0.602169930934906,True,0.6424506306648254,True,0.5761637687683105,True
2506,p0n2614,95,0.25,0.25,13552.0,12.0,G4,67,1,0,0.6818169951438904,True,0.39670708775520325,False,0.3136482834815979,False
2507,p0n2615,95,0.5,0.25,13564.0,12.0,B-4,70,1,0,0.3128468692302704,False,0.21184693276882172,False,0.2993035912513733,False
2508,p0n2616,95,0.75,0.25,13576.0,12.0,A-4,68,1,0,0.56137615442276,True,0.40867727994918823,False,0.3497005105018616,False
2509,p0n2617,95,1.0,0.25,13588.0,12.0,D-5,73,1,0,0.5092300176620483,True,0.5574732422828674,True,0.4901359975337982,False
2510,p0n2621,95,1.0,3.0,13588.0,144.0,A-2,44,2,0,0.6856728196144104,True,0.7212415337562561,True,0.5439131855964661,True
2511,p0n2620,95,1.0,3.0,13588.0,144.0,E-2,39,2,0,0.9610305428504944,True,0.927124559879303,True,0.7046850323677063,True
2512,p0n2619,95,1.0,3.0,13588.0,144.0,C2,36,2,0,0.9575923681259155,True,0.7793996930122375,True,0.4255208671092987,False
2513,p0n2618,95,1.0,3.0,13588.0,144.0,A-1,32,2,0,0.6761497259140015,True,0.7042844295501709,True,0.4740836024284363,False
2514,p0n2622,95,1.25,0.25,13600.0,12.0,B4,71,1,0,0.6506474018096924,True,0.2142850011587143,False,0.2911842167377472,False
2515,p0n2623,95,1.5,0.25,13612.0,12.0,D-5,73,1,0,0.6677637100219727,True,0.5871844291687012,True,0.4655810296535492,False
2516,p0n2624,95,1.75,0.25,13624.0,12.0,C5,72,1,0,0.7331089377403259,True,0.44446516036987305,False,0.30919837951660156,False
2517,p0n2625,95,2.0,0.25,13636.0,12.0,F5,77,1,0,0.5385667681694031,True,0.41869404911994934,False,0.31237244606018066,False
2518,p0n2626,95,2.25,0.25,13648.0,12.0,D5,74,1,0,0.1229645311832428,False,0.14691181480884552,False,0.2878129482269287,False
2519,p0n2627,95,2.5,0.25,13660.0,12.0,F5,77,1,0,0.6039559841156006,True,0.38276341557502747,False,0.3036907911300659,False
2520,p0n2628,95,2.75,0.25,13672.0,12.0,E-5,75,1,0,0.7268682718276978,True,0.6336296796798706,True,0.332626074552536,False
2521,p0n2629,96,0.0,0.25,13684.0,12.0,B-5,82,1,0,0.7030196189880371,True,0.35462847352027893,False,0.32134637236595154,False
2522,p0n2634,96,0.25,0.25,13696.0,12.0,G5,79,1,0,0.901016354560852,True,0.4072040319442749,False,0.3312109112739563,False
2523,p0n2635,96,0.5,0.25,13708.0,12.0,B-5,82,1,0,0.5626004338264465,True,0.2896833121776581,False,0.3020098805427551,False
2524,p0n2636,96,0.75,0.25,13720.0,12.0,A-5,80,1,0,0.7508756518363953,True,0.5969833135604858,True,0.42537879943847656,False
2525,p0n2637,96,1.0,0.25,13732.0,12.0,D-6,85,1,0,0.5388786792755127,True,0.5620862245559692,True,0.32708629965782166,False
2526,p0n2641,96,1.0,1.0,13732.0,48.0,A-3,56,2,0,0.5162492990493774,True,0.3987330198287964,False,0.31312379240989685,False
2527,p0n2640,96,1.0,1.0,13732.0,48.0,E-3,51,2,0,0.7911769151687622,True,0.6859154105186462,True,0.353895366191864,False
2528,p0n2639,96,1.0,1.0,13732.0,48.0,C3,48,2,0,0.7831137776374817,True,0.4855242967605591,False,0.32783931493759155,False
2529,p0n2638,96,1.0,1.0,13732.0,48.0,A-2,44,2,0,0.610438346862793,True,0.6249819993972778,True,0.43212196230888367,False
2530,p0n2642,96,1.25,0.25,13744.0,12.0,B5,83,1,0,0.5825756788253784,True,0.1642889827489853,False,0.27799534797668457,False
2531,p0n2643,96,1.5,0.25,13756.0,12.0,D-6,85,1,0,0.5271973013877869,True,0.45337602496147156,False,0.3218165338039398,False
2532,p0n2644,96,1.75,0.25,13768.0,12.0,C6,84,1,0,0.6669696569442749,True,0.33671480417251587,False,0.3030059337615967,False
2533,p0n2645,96,2.0,0.25,13780.0,12.0,F6,89,1,0,0.37166285514831543,False,0.14506256580352783,False,0.2784115970134735,False
2534,p0n2648,96,2.0,1.0,13780.0,48.0,E-4,63,2,0,0.8393049836158752,True,0.6177958250045776,True,0.3893510103225708,False
2535,p0n2647,96,2.0,1.0,13780.0,48.0,C4,60,2,0,0.44431060552597046,False,0.20569327473640442,False,0.2850113809108734,False
2536,p0n2646,96,2.0,1.0,13780.0,48.0,A-3,56,2,0,0.5932049751281738,True,0.4033091366291046,False,0.32380664348602295,False
2537,p0n2649,96,2.25,0.25,13792.0,12.0,D6,86,1,0,0.1377979815006256,False,0.16605426371097565,False,0.29194551706314087,False
2538,p0n2650,96,2.5,0.25,13804.0,12.0,F6,89,1,0,0.41362330317497253,False,0.18253180384635925,False,0.28652840852737427,False
2539,p0n2651,96,2.75,0.25,13816.0,12.0,E-6,87,1,0,0.5238636136054993,True,0.3961598873138428,False,0.3236272633075714,False
2540,p0n2652,97,0.0,0.25,13828.0,12.0,E-6,87,1,0,0.4530852138996124,False,0.17884434759616852,False,0.2858322560787201,False
2541,p0n2656,97,0.0,1.0,13828.0,48.0,D4,62,2,0,0.39885181188583374,False,0.27171310782432556,False,0.31849566102027893,False
2542,p0n2655,97,0.0,1.0,13828.0,48.0,B-3,58,2,0,0.15967337787151337,False,0.17277216911315918,False,0.2874341309070587,False
2543,p0n2654,97,0.0,1.0,13828.0,48.0,A-3,56,2,0,0.447565495967865,False,0.16836170852184296,False,0.2884902358055115,False
2544,p0n2653,97,0.0,1.0,13828.0,48.0,F3,53,2,0,0.5956524610519409,True,0.5007100701332092,True,0.33522966504096985,False
2545,p0n2657,97,0.25,0.25,13840.0,12.0,C6,84,1,0,0.5784339904785156,True,0.24347200989723206,False,0.2893678545951843,False
2546,p0n2658,97,0.5,0.25,13852.0,12.0,E-6,87,1,0,0.5299479365348816,True,0.27292805910110474,False,0.3074274957180023,False
2547,p0n2659,97,0.75,0.25,13864.0,12.0,D6,86,1,0,0.20465977489948273,False,0.19111619889736176,False,0.29746776819229126,False
2548,p0n2660,97,1.0,0.25,13876.0,12.0,C7,96,1,0,0.8040246367454529,True,0.19939841330051422,False,0.28269654512405396,False
2549,p0n2664,97,1.0,2.0,13876.0,96.0,D4,62,2,0,0.4409448504447937,False,0.2364998459815979,False,0.30899688601493835,False
2550,p0n2663,97,1.0,2.0,13876.0,96.0,B-3,58,2,0,0.2591782808303833,False,0.1952539086341858,False,0.2924334704875946,False
2551,p0n2662,97,1.0,2.0,13876.0,96.0,A-3,56,2,0,0.4829246997833252,False,0.1949874460697174,False,0.2944319248199463,False
2552,p0n2661,97,1.0,2.0,13876.0,96.0,F3,53,2,0,0.675089418888092,True,0.43113985657691956,False,0.3354587256908417,False
2553,p0n2665,97,1.25,0.25,13888.0,12.0,A6,93,1,0,0.7189797759056091,True,0.2992926239967346,False,0.31227540969848633,False
2554,p0n2666,97,1.5,0.25,13900.0,12.0,C7,96,1,0,0.5047019124031067,True,0.1908160150051117,False,0.2843436598777771,False
2555,p0n2667,97,1.75,0.25,13912.0,12.0,B-6,94,1,0,0.6750870943069458,True,0.6307563781738281,True,0.421446293592453,False
2556,p0n2668,97,2.0,0.25,13924.0,12.0,E-6,87,1,0,0.4624708890914917,False,0.24743281304836273,False,0.29945650696754456,False
2557,p0n2669,97,2.25,0.25,13936.0,12.0,C6,84,1,0,0.4792933762073517,False,0.18510468304157257,False,0.28375422954559326,False
2558,p0n2670,97,2.5,0.25,13948.0,12.0,E-6,87,1,0,0.5413521528244019,True,0.2722122073173523,False,0.3071998357772827,False
2559,p0n2671,97,2.75,0.25,13960.0,12.0,D6,86,1,0,0.2732195258140564,False,0.20237736403942108,False,0.3005460798740387,False
2560,p0n2672,98,0.0,0.25,13972.0,12.0,F6,89,1,0,0.39603278040885925,False,0.13541188836097717,False,0.2767413556575775,False
2561,p0n2676,98,0.0,1.0,13972.0,48.0,E-4,63,2,0,0.7919039726257324,True,0.5970938205718994,True,0.396882027387619,False
2562,p0n2675,98,0.0,1.0,13972.0,48.0,B-3,58,2,0,0.22497078776359558,False,0.1680118441581726,False,0.2870021462440491,False
2563,p0n2674,98,0.0,1.0,13972.0,48.0,G3,55,2,0,0.8083891868591309,True,0.5537041425704956,True,0.36700931191444397,False
2564,p0n2673,98,0.0,1.0,13972.0,48.0,E-3,51,2,0,0.7497300505638123,True,0.6100696921348572,True,0.35366058349609375,False
2565,p0n2677,98,0.25,0.25,13984.0,12.0,D6,86,1,0,0.2642846703529358,False,0.19867850840091705,False,0.3002016544342041,False
2566,p0n2678,98,0.5,0.25,13996.0,12.0,F6,89,1,0,0.432257741689682,False,0.17776457965373993,False,0.2856597602367401,False
2567,p0n2679,98,0.75,0.25,14008.0,12.0,E-6,87,1,0,0.4210483133792877,False,0.20141960680484772,False,0.289114385843277,False
2568,p0n2680,98,1.0,0.25,14020.0,12.0,C7,96,1,0,0.4886532723903656,False,0.14200912415981293,False,0.2774868607521057,False
2569,p0n2684,98,1.0,1.0,14020.0,48.0,E-4,63,2,0,0.7553948163986206,True,0.39678120613098145,False,0.3202816843986511,False
2570,p0n2683,98,1.0,1.0,14020.0,48.0,B-3,58,2,0,0.18462106585502625,False,0.1623886078596115,False,0.28565940260887146,False
2571,p0n2682,98,1.0,1.0,14020.0,48.0,G3,55,2,0,0.8043360710144043,True,0.4293423593044281,False,0.31426411867141724,False
2572,p0n2681,98,1.0,1.0,14020.0,48.0,E-3,51,2,0,0.7156718969345093,True,0.39835622906684875,False,0.2914486527442932,False
2573,p0n2685,98,1.25,0.25,14032.0,12.0,A6,93,1,0,0.48180243372917175,False,0.24193792045116425,False,0.30212709307670593,False
2574,p0n2686,98,1.5,0.25,14044.0,12.0,C7,96,1,0,0.7573490142822266,True,0.31156080961227417,False,0.30879971385002136,False
2575,p0n2687,98,1.75,0.25,14056.0,12.0,B-6,94,1,0,0.6793021559715271,True,0.25182634592056274,False,0.3179159164428711,False
2576,p0n2688,98,2.0,0.25,14068.0,12.0,F6,89,1,0,0.3368401527404785,False,0.12557995319366455,False,0.27476534247398376,False
2577,p0n2692,98,2.0,1.0,14068.0,48.0,E-4,63,2,0,0.8361799120903015,True,0.5142502188682556,True,0.35476815700531006,False
2578,p0n2691,98,2.0,1.0,14068.0,48.0,B-3,58,2,0,0.2802010774612427,False,0.17585527896881104,False,0.28880926966667175,False
2579,p0n2690,98,2.0,1.0,14068.0,48.0,G3,55,2,0,0.7562861442565918,True,0.4073129892349243,False,0.3091859519481659,False
2580,p0n2689,98,2.0,1.0,14068.0,48.0,E-3,51,2,0,0.6963046193122864,True,0.48322319984436035,False,0.30127957463264465,False
2581,p0n2693,98,2.25,0.25,14080.0,12.0,D6,86,1,0,0.16994497179985046,False,0.17307275533676147,False,0.29347294569015503,False
2582,p0n2694,98,2.5,0.25,14092.0,12.0,F6,89,1,0,0.38885748386383057,False,0.16399285197257996,False,0.2823771834373474,False
2583,p0n2695,98,2.75,0.25,14104.0,12.0,E-6,87,1,0,0.4014124274253845,False,0.19101177155971527,False,0.28735387325286865,False
2584,p0n2696,99,0.0,0.25,14116.0,12.0,E-6,87,1,0,0.23979201912879944,False,0.14178693294525146,False,0.27924931049346924,False
2585,p0n2700,99,0.0,1.0,14116.0,48.0,D4,62,2,0,0.3116024136543274,False,0.18307891488075256,False,0.29640763998031616,False
2586,p0n2699,99,0.0,1.0,14116.0,48.0,B-3,58,2,0,0.21073833107948303,False,0.1754371076822281,False,0.2883355915546417,False
2587,p0n2698,99,0.0,1.0,14116.0,48.0,A-3,56,2,0,0.40837979316711426,False,0.15729917585849762,False,0.28631913661956787,False
2588,p0n2697,99,0.0,1.0,14116.0,48.0,F3,53,2,0,0.4917973577976227,False,0.21003201603889465,False,0.2891053259372711,False
2589,p0n2701,99,0.25,0.25,14128.0,12.0,C6,84,1,0,0.4306509792804718,False,0.19986195862293243,False,0.2880111336708069,False
2590,p0n2702,99,0.5,0.25,14140.0,12.0,E-6,87,1,0,0.3031151294708252,False,0.18416321277618408,False,0.2872033715248108,False
2591,p0n2703,99,0.75,0.25,14152.0,12.0,D6,86,1,0,0.13535135984420776,False,0.1611502319574356,False,0.29055601358413696,False
2592,p0n2704,99,1.0,0.25,14164.0,12.0,C7,96,1,0,0.5377796292304993,True,0.11525280028581619,False,0.27300775051116943,False
2593,p0n2708,99,1.0,2.0,14164.0,96.0,D4,62,2,0,0.37399715185165405,False,0.1915464699268341,False,0.2988337576389313,False
2594,p0n2707,99,1.0,2.0,14164.0,96.0,B-3,58,2,0,0.3822863698005676,False,0.21809589862823486,False,0.29861000180244446,False
2595,p0n2706,99,1.0,2.0,14164.0,96.0,A-3,56,2,0,0.3902055025100708,False,0.14261674880981445,False,0.283920556306839,False
2596,p0n2705,99,1.0,2.0,14164.0,96.0,F3,53,2,0,0.4834364056587219,False,0.1849347949028015,False,0.28419992327690125,False
2597,p0n2709,99,1.25,0.25,14176.0,12.0,A6,93,1,0,0.7821530699729919,True,0.4740462601184845,False,0.3775573968887329,False
2598,p0n2710,99,1.5,0.25,14188.0,12.0,C7,96,1,0,0.6578004360198975,True,0.1203431636095047,False,0.2770240604877472,False
2599,p0n2711,99,1.75,0.25,14200.0,12.0,B-6,94,1,0,0.6380357146263123,True,0.29320448637008667,False,0.32895591855049133,False
2600,p0n2712,99,2.0,0.25,14212.0,12.0,E-6,87,1,0,0.3288378119468689,False,0.19590343534946442,False,0.2885760962963104,False
2601,p0n2713,99,2.25,0.25,14224.0,12.0,C6,84,1,0,0.41537410020828247,False,0.17138832807540894,False,0.2825021743774414,False
2602,p0n2714,99,2.5,0.25,14236.0,12.0,E-6,87,1,0,0.3901521861553192,False,0.21264605224132538,False,0.293687641620636,False
2603,p0n2715,99,2.75,0.25,14248.0,12.0,D6,86,1,0,0.15670472383499146,False,0.15041570365428925,False,0.2890475392341614,False
2604,p0n2716,100,0.0,0.25,14260.0,12.0,F6,89,1,0,0.42256587743759155,False,0.13845089077949524,False,0.276988685131073,False
2605,p0n2720,100,0.0,1.0,14260.0,48.0,E-4,63,2,0,0.7399278283119202,True,0.5065149068832397,True,0.3768700063228607,False
2606,p0n2719,100,0.0,1.0,14260.0,48.0,B-3,58,2,0,0.535567581653595,True,0.1476815789937973,False,0.2759564220905304,False
2607,p0n2718,100,0.0,1.0,14260.0,48.0,G3,55,2,0,0.6120991706848145,True,0.27175086736679077,False,0.27983835339546204,False
2608,p0n2717,100,0.0,1.0,14260.0,48.0,E-3,51,2,0,0.7671472430229187,True,0.5888585448265076,True,0.34397685527801514,False
2609,p0n2721,100,0.25,0.25,14272.0,12.0,D6,86,1,0,0.15942369401454926,False,0.15451346337795258,False,0.2900793254375458,False
2610,p0n2722,100,0.5,0.25,14284.0,12.0,F6,89,1,0,0.6727023124694824,True,0.20754839479923248,False,0.2926183044910431,False
2611,p0n2723,100,0.75,0.25,14296.0,12.0,E-6,87,1,0,0.5024805068969727,True,0.3253648281097412,False,0.3068894147872925,False
2612,p0n2725,100,1.0,2.5,14308.0,120.0,F6,89,1,0,0.43279868364334106,False,0.14371204376220703,False,0.27875828742980957,False
2613,p0n2724,100,1.0,2.5,14308.0,120.0,G5,79,1,0,0.7346969246864319,True,0.1451691836118698,False,0.28368863463401794,False
2614,p0n2727,100,1.0,2.5,14308.0,120.0,B-3,58,2,0,0.41501036286354065,False,0.26744094491004944,False,0.3129780888557434,False
2615,p0n2726,100,1.0,2.5,14308.0,120.0,D-3,49,2,0,0.21082159876823425,False,0.1713370978832245,False,0.27884408831596375,False
2616,p0n2733,101,0.5,0.5,14428.0,24.0,E-6,87,1,0,0.7062597870826721,True,0.46664363145828247,False,0.3357853591442108,False
2617,p0n2732,101,0.5,0.5,14428.0,24.0,A-5,80,1,0,0.6873273253440857,True,0.375063955783844,False,0.30017799139022827,False
2618,p0n2735,101,0.5,0.5,14428.0,24.0,C4,60,2,0,0.5989356637001038,True,0.6515718102455139,True,0.3712758421897888,False
2619,p0n2734,101,0.5,0.5,14428.0,24.0,C3,48,2,0,0.7749413847923279,True,0.5635038018226624,True,0.3760436177253723,False
2620,p0n2737,101,1.0,2.5,14452.0,120.0,E-5,75,1,0,0.6585224270820618,True,0.47697314620018005,False,0.32371070981025696,False
2621,p0n2736,101,1.0,2.5,14452.0,120.0,A-4,68,1,0,0.24920523166656494,False,0.1481981873512268,False,0.28551870584487915,False
2622,p0n2739,101,1.0,2.5,14452.0,120.0,C4,60,2,0,0.7692729830741882,True,0.5158702731132507,True,0.34328949451446533,False
2623,p0n2738,101,1.0,2.5,14452.0,120.0,C3,48,2,0,0.6489908695220947,True,0.38370567560195923,False,0.306248277425766,False
2624,p0n2745,102,0.5,0.5,14572.0,24.0,D-5,73,1,0,0.39894571900367737,False,0.19827954471111298,False,0.28582391142845154,False
2625,p0n2744,102,0.5,0.5,14572.0,24.0,B-4,70,1,0,0.3946504592895508,False,0.19306500256061554,False,0.2949323058128357,False
2626,p0n2747,102,0.5,0.5,14572.0,24.0,G3,55,2,0,0.6752479076385498,True,0.3492356538772583,False,0.28524184226989746,False
2627,p0n2746,102,0.5,0.5,14572.0,24.0,E3,52,2,0,0.6511340141296387,True,0.4411492347717285,False,0.3439698815345764,False
2628,p0n2749,102,1.0,2.5,14596.0,120.0,D-5,73,1,0,0.27191922068595886,False,0.1793481856584549,False,0.2812744081020355,False
2629,p0n2748,102,1.0,2.5,14596.0,120.0,B-4,70,1,0,0.5072765946388245,True,0.5128474831581116,True,0.3725021481513977,False
2630,p0n2751,102,1.0,2.5,14596.0,120.0,G3,55,2,0,0.8320640921592712,True,0.34160998463630676,False,0.32018110156059265,False
2631,p0n2750,102,1.0,2.5,14596.0,120.0,E3,52,2,0,0.6806849837303162,True,0.5524398684501648,True,0.4281601011753082,False
2632,p0n2757,103,0.5,0.5,14716.0,24.0,C5,72,1,0,0.8399326205253601,True,0.4758308231830597,False,0.29984864592552185,False
2633,p0n2756,103,0.5,0.5,14716.0,24.0,A-4,68,1,0,0.44205528497695923,False,0.18466722965240479,False,0.29203155636787415,False
2634,p0n2759,103,0.5,0.5,14716.0,24.0,A-3,56,2,0,0.722618579864502,True,0.6917300820350647,True,0.45498132705688477,False
2635,p0n2758,103,0.5,0.5,14716.0,24.0,F3,53,2,0,0.6901775002479553,True,0.7458360195159912,True,0.33671754598617554,False
2636,p0n2761,103,1.0,2.5,14740.0,120.0,C5,72,1,0,0.6750998497009277,True,0.208714097738266,False,0.280504047870636,False
2637,p0n2760,103,1.0,2.5,14740.0,120.0,A-4,68,1,0,0.48174697160720825,False,0.1581631302833557,False,0.2884403169155121,False
2638,p0n2763,103,1.0,2.5,14740.0,120.0,A-3,56,2,0,0.46509620547294617,False,0.1825258731842041,False,0.2926453948020935,False
2639,p0n2762,103,1.0,2.5,14740.0,120.0,F3,53,2,0,0.729398250579834,True,0.6215254068374634,True,0.3422425389289856,False
2640,p0n2769,104,0.5,0.5,14860.0,24.0,E-5,75,1,0,0.2882729768753052,False,0.16776302456855774,False,0.28197380900382996,False
2641,p0n2768,104,0.5,0.5,14860.0,24.0,G4,67,1,0,0.5881256461143494,True,0.19810554385185242,False,0.2870815098285675,False
2642,p0n2771,104,0.5,0.5,14860.0,24.0,B-3,58,2,0,0.26020899415016174,False,0.19059041142463684,False,0.2920955419540405,False
2643,p0n2770,104,0.5,0.5,14860.0,24.0,E-3,51,2,0,0.7763528823852539,True,0.7225351333618164,True,0.3717867434024811,False
2644,p0n2773,104,1.0,2.0,14884.0,96.0,E-5,75,1,0,0.4111029803752899,False,0.2233981043100357,False,0.2918875813484192,False
2645,p0n2772,104,1.0,2.0,14884.0,96.0,G4,67,1,0,0.7031179666519165,True,0.12243546545505524,False,0.2791573405265808,False
2646,p0n2775,104,1.0,2.0,14884.0,96.0,B-3,58,2,0,0.4227454364299774,False,0.27044957876205444,False,0.31210657954216003,False
2647,p0n2774,104,1.0,2.0,14884.0,96.0,E-3,51,2,0,0.8940333127975464,True,0.7195569276809692,True,0.40825945138931274,False
2648,p0n2776,105,0.0,0.125,14980.0,6.0,A-4,68,1,0,0.3651328980922699,False,0.12951123714447021,False,0.28252193331718445,False
2649,p0n2778,105,0.0,0.5,14980.0,24.0,C4,60,2,0,0.644734263420105,True,0.4763801097869873,False,0.33770447969436646,False
2650,p0n2777,105,0.0,0.5,14980.0,24.0,A-3,56,2,0,0.43047139048576355,False,0.18781733512878418,False,0.2924427390098572,False
2651,p0n2779,105,0.125,0.125,14986.0,6.0,E-5,75,1,0,0.38930559158325195,False,0.23615114390850067,False,0.2950192987918854,False
2652,p0n2780,105,0.25,0.125,14992.0,6.0,C5,72,1,0,0.6957932114601135,True,0.21016867458820343,False,0.2833509147167206,False
2653,p0n2781,105,0.375,0.125,14998.0,6.0,E-5,75,1,0,0.40227749943733215,False,0.262516587972641,False,0.3009563386440277,False
2654,p0n2782,105,0.5,0.125,15004.0,6.0,A-5,80,1,0,0.7399952411651611,True,0.3599773943424225,False,0.316394180059433,False
2655,p0n2784,105,0.625,0.125,15010.0,6.0,E-5,75,1,0,0.37686803936958313,False,0.23379023373126984,False,0.2944824695587158,False
2656,p0n2785,105,0.75,0.125,15016.0,6.0,C5,72,1,0,0.651196300983429,True,0.19129571318626404,False,0.28177374601364136,False
2657,p0n2786,105,0.875,0.125,15022.0,6.0,E-5,75,1,0,0.4701597988605499,False,0.28391921520233154,False,0.3056238889694214,False
2658,p0n2787,105,1.0,0.125,15028.0,6.0,A-4,68,1,0,0.33953019976615906,False,0.13487859070301056,False,0.2835578918457031,False
2659,p0n2789,105,1.125,0.125,15034.0,6.0,E-4,63,1,0,0.6760686635971069,True,0.6633806228637695,True,0.4489299952983856,False
2660,p0n2790,105,1.25,0.125,15040.0,6.0,C4,60,1,0,0.58609938621521,True,0.4834385812282562,False,0.3219304084777832,False
2661,p0n2791,105,1.375,0.125,15046.0,6.0,E-4,63,1,0,0.8339921832084656,True,0.6366741061210632,True,0.44613316655158997,False
2662,p0n2792,105,1.5,0.125,15052.0,6.0,A-3,56,2,0,0.4762195944786072,False,0.13804008066654205,False,0.2837907671928406,False
2663,p0n2793,105,1.625,0.125,15058.0,6.0,E-3,51,2,0,0.8883326649665833,True,0.7491391897201538,True,0.42061057686805725,False
2664,p0n2794,105,1.75,0.125,15064.0,6.0,C3,48,2,0,0.6761873364448547,True,0.5193679928779602,True,0.39382404088974,False
2665,p0n2795,105,1.875,0.125,15070.0,6.0,E-3,51,2,0,0.8541883826255798,True,0.7215710282325745,True,0.39879608154296875,False
2666,p0n2796,105,2.0,0.125,15076.0,6.0,A-2,44,2,0,0.5500108599662781,True,0.5345805287361145,True,0.5165534019470215,True
2667,p0n2798,105,2.125,0.125,15082.0,6.0,E-2,39,2,0,0.93482905626297,True,0.9144158959388733,True,0.724394679069519,True
2668,p0n2799,105,2.25,0.125,15088.0,6.0,C2,36,2,0,0.7884538173675537,True,0.5274426937103271,True,0.42913416028022766,False
2669,p0n2800,105,2.375,0.125,15094.0,6.0,E-2,39,2,0,0.856754720211029,True,0.9330772757530212,True,0.7004470825195312,True
2670,p0n2802,105,2.5,0.125,15100.0,6.0,A-1,32,2,0,0.7365343570709229,True,0.6354804039001465,True,0.5084658861160278,True
2671,p0n2803,105,2.625,0.125,15106.0,6.0,C2,36,2,0,0.6888459324836731,True,0.26850059628486633,False,0.2807981073856354,False
2672,p0n2804,105,2.75,0.125,15112.0,6.0,E-2,39,2,0,0.9336609244346619,True,0.9228947758674622,True,0.7158783674240112,True
2673,p0n2805,105,2.875,0.125,15118.0,6.0,A-2,44,2,0,0.7142589092254639,True,0.42681682109832764,False,0.30101311206817627,False
2674,p0n2809,106,0.0,0.5,15124.0,24.0,B-2,46,2,0,0.7907127737998962,True,0.6731603145599365,True,0.43504539132118225,False
2675,p0n2806,106,0.0,0.125,15124.0,6.0,G2,43,1,0,0.7120206356048584,True,0.35105690360069275,False,0.29309383034706116,False
2676,p0n2808,106,0.0,0.5,15124.0,24.0,E-2,39,2,0,0.8981544375419617,True,0.7559876441955566,True,0.5225563645362854,True
2677,p0n2807,106,0.0,0.5,15124.0,24.0,B-1,34,2,0,0.524371862411499,True,0.6849305033683777,True,0.4249943494796753,False
2678,p0n2810,106,0.125,0.125,15130.0,6.0,E-3,51,1,0,0.8662251234054565,True,0.5274979472160339,True,0.31650421023368835,False
2679,p0n2811,106,0.25,0.125,15136.0,6.0,D-3,49,1,0,0.1799759566783905,False,0.14526110887527466,False,0.2733709216117859,False
2680,p0n2812,106,0.375,0.125,15142.0,6.0,E-3,51,1,0,0.8020783066749573,True,0.5507956147193909,True,0.3315841853618622,False
2681,p0n2813,106,0.5,0.125,15148.0,6.0,G3,55,1,0,0.5049216747283936,True,0.18884770572185516,False,0.28055471181869507,False
2682,p0n2815,106,0.625,0.125,15154.0,6.0,E-3,51,1,0,0.7177809476852417,True,0.4038849472999573,False,0.2996765077114105,False
2683,p0n2816,106,0.75,0.125,15160.0,6.0,D-3,49,1,0,0.08334127068519592,False,0.12838397920131683,False,0.27027368545532227,False
2684,p0n2817,106,0.875,0.125,15166.0,6.0,E-3,51,1,0,0.8974035382270813,True,0.552562415599823,True,0.32269924879074097,False
2685,p0n2818,106,1.0,0.125,15172.0,6.0,G3,55,1,0,0.48484787344932556,False,0.12768743932247162,False,0.28071165084838867,False
2686,p0n2821,106,1.0,0.5,15172.0,24.0,B-2,46,2,0,0.6726034879684448,True,0.2614811062812805,False,0.2894982695579529,False
2687,p0n2820,106,1.0,0.5,15172.0,24.0,E-2,39,2,0,0.785510778427124,True,0.7257547378540039,True,0.50597083568573,True
2688,p0n2819,106,1.0,0.5,15172.0,24.0,B-1,34,2,0,0.4690777361392975,False,0.3123004734516144,False,0.31896886229515076,False
2689,p0n2822,106,1.125,0.125,15178.0,6.0,E-4,63,1,0,0.8347420692443848,True,0.5240362286567688,True,0.3618561327457428,False
2690,p0n2823,106,1.25,0.125,15184.0,6.0,D-4,61,1,0,0.14523479342460632,False,0.14635580778121948,False,0.27355891466140747,False
2691,p0n2824,106,1.375,0.125,15190.0,6.0,E-4,63,1,0,0.7706335186958313,True,0.548757016658783,True,0.3758040964603424,False
2692,p0n2825,106,1.5,0.125,15196.0,6.0,G4,67,1,0,0.4384896159172058,False,0.14968745410442352,False,0.2841883897781372,False
2693,p0n2827,106,1.625,0.125,15202.0,6.0,E-4,63,1,0,0.6768408417701721,True,0.4864400327205658,False,0.3445969223976135,False
2694,p0n2828,106,1.75,0.125,15208.0,6.0,D-4,61,1,0,0.0950184091925621,False,0.1366649866104126,False,0.271688312292099,False
2695,p0n2829,106,1.875,0.125,15214.0,6.0,E-4,63,1,0,0.8570160269737244,True,0.6284428238868713,True,0.37916311621665955,False
2696,p0n2830,106,2.0,0.125,15220.0,6.0,G4,67,1,0,0.3367469608783722,False,0.1343393474817276,False,0.2822405993938446,False
2697,p0n2833,106,2.0,0.5,15220.0,24.0,B-2,46,2,0,0.6886723041534424,True,0.3780072331428528,False,0.2963797450065613,False
2698,p0n2832,106,2.0,0.5,15220.0,24.0,E-2,39,2,0,0.8173125982284546,True,0.8109491467475891,True,0.5909199118614197,True
2699,p0n2831,106,2.0,0.5,15220.0,24.0,B-1,34,2,0,0.5108866095542908,True,0.31231266260147095,False,0.3118264377117157,False
2700,p0n2834,106,2.125,0.125,15226.0,6.0,E-5,75,1,0,0.43768155574798584,False,0.2226792275905609,False,0.2908976376056671,False
2701,p0n2835,106,2.25,0.125,15232.0,6.0,D-5,73,1,0,0.2033717930316925,False,0.1515415757894516,False,0.2751961350440979,False
2702,p0n2836,106,2.375,0.125,15238.0,6.0,E-5,75,1,0,0.30994364619255066,False,0.18869414925575256,False,0.2855631113052368,False
2703,p0n2837,106,2.5,0.125,15244.0,6.0,G5,79,1,0,0.8261101841926575,True,0.11131630837917328,False,0.27675917744636536,False
2704,p0n2839,106,2.625,0.125,15250.0,6.0,E-5,75,1,0,0.23020991683006287,False,0.16492243111133575,False,0.28124845027923584,False
2705,p0n2840,106,2.75,0.125,15256.0,6.0,D-5,73,1,0,0.08780688047409058,False,0.1283314824104309,False,0.2708017826080322,False
2706,p0n2841,106,2.875,0.125,15262.0,6.0,E-5,75,1,0,0.4376829266548157,False,0.22395794093608856,False,0.29041334986686707,False
2707,p0n2842,107,0.0,0.125,15268.0,6.0,A-5,80,1,0,0.8905861973762512,True,0.44471225142478943,False,0.31987178325653076,False
2708,p0n2845,107,0.0,0.5,15268.0,24.0,C3,48,2,0,0.7945376038551331,True,0.6100325584411621,True,0.4454401433467865,False
2709,p0n2844,107,0.0,0.5,15268.0,24.0,E-2,39,2,0,0.7751578688621521,True,0.8891960382461548,True,0.6157649755477905,True
2710,p0n2843,107,0.0,0.5,15268.0,24.0,C2,36,2,0,0.8343513011932373,True,0.5492685437202454,True,0.32296085357666016,False
2711,p0n2846,107,0.125,0.125,15274.0,6.0,E-6,87,1,0,0.6663665175437927,True,0.41204166412353516,False,0.3383680284023285,False
2712,p0n2847,107,0.25,0.125,15280.0,6.0,C6,84,1,0,0.3276239335536957,False,0.15472115576267242,False,0.27978119254112244,False
2713,p0n2848,107,0.375,0.125,15286.0,6.0,E-6,87,1,0,0.5889712572097778,True,0.4030033051967621,False,0.33515504002571106,False
2714,p0n2849,107,0.5,0.125,15292.0,6.0,A-6,92,1,0,0.5151006579399109,True,0.45524483919143677,False,0.3168600797653198,False
2715,p0n2851,107,0.625,0.125,15298.0,6.0,E-6,87,1,0,0.5429952144622803,True,0.38532015681266785,False,0.3226430416107178,False
2716,p0n2852,107,0.75,0.125,15304.0,6.0,C6,84,1,0,0.26294785737991333,False,0.13630354404449463,False,0.27659428119659424,False
2717,p0n2853,107,0.875,0.125,15310.0,6.0,E-6,87,1,0,0.7874538898468018,True,0.7030987739562988,True,0.49182844161987305,False
2718,p0n2854,107,1.0,0.125,15316.0,6.0,A-5,80,1,0,0.7413585782051086,True,0.3620394170284271,False,0.3275189697742462,False
2719,p0n2856,107,1.125,0.125,15322.0,6.0,E-5,75,1,0,0.39700284600257874,False,0.23164606094360352,False,0.2936899662017822,False
2720,p0n2857,107,1.25,0.125,15328.0,6.0,C5,72,1,0,0.7693954706192017,True,0.21469667553901672,False,0.2872757315635681,False
2721,p0n2858,107,1.375,0.125,15334.0,6.0,E-5,75,1,0,0.29824304580688477,False,0.2030121237039566,False,0.28779229521751404,False
2722,p0n2859,107,1.5,0.125,15340.0,6.0,A-4,68,1,0,0.6373882293701172,True,0.4905991554260254,False,0.3210715353488922,False
2723,p0n2860,107,1.625,0.125,15346.0,6.0,E-4,63,1,0,0.6982964873313904,True,0.6505383849143982,True,0.38527125120162964,False
2724,p0n2861,107,1.75,0.125,15352.0,6.0,C4,60,1,0,0.8056293725967407,True,0.54231858253479,True,0.3727510869503021,False
2725,p0n2862,107,1.875,0.125,15358.0,6.0,E-4,63,1,0,0.5773783922195435,True,0.5433801412582397,True,0.4020421504974365,False
2726,p0n2863,107,2.0,0.125,15364.0,6.0,A-3,56,2,0,0.6607767939567566,True,0.6105457544326782,True,0.44745948910713196,False
2727,p0n2865,107,2.125,0.125,15370.0,6.0,E-3,51,2,0,0.8143979907035828,True,0.7569549679756165,True,0.40309467911720276,False
2728,p0n2866,107,2.25,0.125,15376.0,6.0,C3,48,2,0,0.7229722738265991,True,0.580253005027771,True,0.3778272271156311,False
2729,p0n2867,107,2.375,0.125,15382.0,6.0,E-3,51,2,0,0.8418850302696228,True,0.757363498210907,True,0.3910974860191345,False
2730,p0n2868,107,2.5,0.125,15388.0,6.0,A-2,44,2,0,0.7997434139251709,True,0.5423188805580139,True,0.3094532787799835,False
2731,p0n2869,107,2.625,0.125,15394.0,6.0,E-3,51,2,0,0.7597746253013611,True,0.45285481214523315,False,0.3084985911846161,False
2732,p0n2870,107,2.75,0.125,15400.0,6.0,C3,48,2,0,0.7647957801818848,True,0.7573927044868469,True,0.40446335077285767,False
2733,p0n2871,107,2.875,0.125,15406.0,6.0,E-3,51,2,0,0.7678247690200806,True,0.47352132201194763,False,0.3063998520374298,False
2734,p0n2872,108,0.0,0.125,15412.0,6.0,B-2,46,2,0,0.6870241761207581,True,0.45954692363739014,False,0.3164993226528168,False
2735,p0n2875,108,0.0,0.5,15412.0,24.0,G2,43,2,0,0.5881298780441284,True,0.32911163568496704,False,0.2875331938266754,False
2736,p0n2874,108,0.0,0.5,15412.0,24.0,E-2,39,2,0,0.8541536331176758,True,0.676934540271759,True,0.4721539318561554,False
2737,p0n2873,108,0.0,0.5,15412.0,24.0,G1,31,2,0,0.924132764339447,True,0.5046916604042053,True,0.4212000370025635,False
2738,p0n2876,108,0.125,0.125,15418.0,6.0,E-3,51,2,0,0.872340738773346,True,0.6592469811439514,True,0.3967338502407074,False
2739,p0n2877,108,0.25,0.125,15424.0,6.0,D-3,49,2,0,0.170761838555336,False,0.14412352442741394,False,0.2729359269142151,False
2740,p0n2878,108,0.375,0.125,15430.0,6.0,E-3,51,2,0,0.8171887397766113,True,0.6365875601768494,True,0.4004504084587097,False
2741,p0n2879,108,0.5,0.125,15436.0,6.0,B-3,58,2,0,0.3379993438720703,False,0.18522775173187256,False,0.2914111912250519,False
2742,p0n2881,108,0.625,0.125,15442.0,6.0,E-3,51,2,0,0.7804070711135864,True,0.5971670150756836,True,0.4042772352695465,False
2743,p0n2882,108,0.75,0.125,15448.0,6.0,D-3,49,2,0,0.11834777891635895,False,0.13442257046699524,False,0.2712375819683075,False
2744,p0n2883,108,0.875,0.125,15454.0,6.0,E-3,51,2,0,0.9403087496757507,True,0.7216205596923828,True,0.3942594528198242,False
2745,p0n2884,108,1.0,0.125,15460.0,6.0,B-3,58,1,0,0.2546754479408264,False,0.1407015174627304,False,0.2824736535549164,False
2746,p0n2887,108,1.0,0.5,15460.0,24.0,G3,55,2,0,0.5552106499671936,True,0.18240725994110107,False,0.2827163338661194,False
2747,p0n2886,108,1.0,0.5,15460.0,24.0,E-3,51,2,0,0.8895759582519531,True,0.6683951020240784,True,0.41408100724220276,False
2748,p0n2885,108,1.0,0.5,15460.0,24.0,G2,43,2,0,0.4032031297683716,False,0.19496168196201324,False,0.28895363211631775,False
2749,p0n2888,108,1.125,0.125,15466.0,6.0,E-4,63,1,0,0.6732208132743835,True,0.3780311942100525,False,0.31827646493911743,False
2750,p0n2889,108,1.25,0.125,15472.0,6.0,D-4,61,1,0,0.17847225069999695,False,0.15525266528129578,False,0.2745162844657898,False
2751,p0n2890,108,1.375,0.125,15478.0,6.0,E-4,63,1,0,0.5865473747253418,True,0.3852115869522095,False,0.3190987706184387,False
2752,p0n2891,108,1.5,0.125,15484.0,6.0,B-4,70,1,0,0.8567479848861694,True,0.3082297444343567,False,0.3269493281841278,False
2753,p0n2893,108,1.625,0.125,15490.0,6.0,E-4,63,1,0,0.49373936653137207,False,0.25704890489578247,False,0.3007344603538513,False
2754,p0n2894,108,1.75,0.125,15496.0,6.0,D-4,61,1,0,0.13600380718708038,False,0.15092076361179352,False,0.27378877997398376,False
2755,p0n2895,108,1.875,0.125,15502.0,6.0,E-4,63,1,0,0.7406953573226929,True,0.4641455411911011,False,0.32079920172691345,False
2756,p0n2896,108,2.0,0.125,15508.0,6.0,B-4,70,1,0,0.7545598745346069,True,0.26815274357795715,False,0.29242995381355286,False
2757,p0n2899,108,2.0,0.5,15508.0,24.0,G3,55,2,0,0.313261479139328,False,0.12245117872953415,False,0.28096944093704224,False
2758,p0n2898,108,2.0,0.5,15508.0,24.0,E-3,51,2,0,0.7647672295570374,True,0.4414365887641907,False,0.33546584844589233,False
2759,p0n2897,108,2.0,0.5,15508.0,24.0,G2,43,2,0,0.5295962691307068,True,0.3598950505256653,False,0.2922285795211792,False
2760,p0n2900,108,2.125,0.125,15514.0,6.0,E-5,75,1,0,0.43885037302970886,False,0.24749010801315308,False,0.296622633934021,False
2761,p0n2901,108,2.25,0.125,15520.0,6.0,D-5,73,1,0,0.143463596701622,False,0.14232215285301208,False,0.27295881509780884,False
2762,p0n2902,108,2.375,0.125,15526.0,6.0,E-5,75,1,0,0.34151244163513184,False,0.22017036378383636,False,0.2920435965061188,False
2763,p0n2903,108,2.5,0.125,15532.0,6.0,B-5,82,1,0,0.2991707921028137,False,0.16123127937316895,False,0.28637054562568665,False
2764,p0n2905,108,2.625,0.125,15538.0,6.0,E-5,75,1,0,0.29098671674728394,False,0.17736360430717468,False,0.2832690477371216,False
2765,p0n2906,108,2.75,0.125,15544.0,6.0,D-5,73,1,0,0.12130407989025116,False,0.13888560235500336,False,0.27248263359069824,False
2766,p0n2907,108,2.875,0.125,15550.0,6.0,E-5,75,1,0,0.4955339729785919,False,0.24233050644397736,False,0.29458513855934143,False
2767,p0n2908,109,0.0,0.125,15556.0,6.0,C5,72,1,0,0.8230744004249573,True,0.29000937938690186,False,0.28134864568710327,False
2768,p0n2911,109,0.0,0.5,15556.0,24.0,A-3,56,2,0,0.7318149209022522,True,0.5990136861801147,True,0.45349493622779846,False
2769,p0n2910,109,0.0,0.5,15556.0,24.0,E-3,51,2,0,0.7036007046699524,True,0.4565276503562927,False,0.3363824486732483,False
2770,p0n2909,109,0.0,0.5,15556.0,24.0,A-2,44,2,0,0.791016697883606,True,0.3935661315917969,False,0.32192525267601013,False
2771,p0n2912,109,0.125,0.125,15562.0,6.0,E-5,75,1,0,0.370430052280426,False,0.22645923495292664,False,0.293817937374115,False
2772,p0n2913,109,0.25,0.125,15568.0,6.0,C5,72,1,0,0.9136123061180115,True,0.312479704618454,False,0.29142364859580994,False
2773,p0n2914,109,0.375,0.125,15574.0,6.0,E-5,75,1,0,0.3736753463745117,False,0.2232777625322342,False,0.29302021861076355,False
2774,p0n2915,109,0.5,0.125,15580.0,6.0,C6,84,1,0,0.7325992584228516,True,0.23883800208568573,False,0.2795896530151367,False
2775,p0n2917,109,0.625,0.125,15586.0,6.0,E-5,75,1,0,0.22553399205207825,False,0.1682155430316925,False,0.28232407569885254,False
2776,p0n2918,109,0.75,0.125,15592.0,6.0,C5,72,1,0,0.88898104429245,True,0.5134615302085876,True,0.3949892520904541,False
2777,p0n2919,109,0.875,0.125,15598.0,6.0,E-5,75,1,0,0.6011711955070496,True,0.3558395802974701,False,0.2937014102935791,False
2778,p0n2920,109,1.0,0.125,15604.0,6.0,D-5,73,1,0,0.32856452465057373,False,0.1910204440355301,False,0.2827192544937134,False
2779,p0n2923,109,1.0,0.5,15604.0,24.0,F4,65,2,0,0.1474190205335617,False,0.12094072252511978,False,0.27194592356681824,False
2780,p0n2922,109,1.0,0.5,15604.0,24.0,A-3,56,2,0,0.8647018074989319,True,0.7753686308860779,True,0.5394372344017029,True
2781,p0n2921,109,1.0,0.5,15604.0,24.0,F3,53,2,0,0.7544644474983215,True,0.44124120473861694,False,0.32064229249954224,False
2782,p0n2924,109,1.125,0.125,15610.0,6.0,A-5,80,1,0,0.6919031143188477,True,0.38281911611557007,False,0.3068443834781647,False
2783,p0n2925,109,1.25,0.125,15616.0,6.0,D-5,73,1,0,0.3938964605331421,False,0.22252652049064636,False,0.2906073033809662,False
2784,p0n2926,109,1.375,0.125,15622.0,6.0,A-5,80,1,0,0.6808252930641174,True,0.42830392718315125,False,0.3086765706539154,False
2785,p0n2927,109,1.5,0.125,15628.0,6.0,D-6,85,1,0,0.9264863133430481,True,0.7117567658424377,True,0.42335784435272217,False
2786,p0n2929,109,1.625,0.125,15634.0,6.0,A-5,80,1,0,0.5456815361976624,True,0.3983958065509796,False,0.3040316700935364,False
2787,p0n2930,109,1.75,0.125,15640.0,6.0,F5,77,1,0,0.2027696669101715,False,0.12741653621196747,False,0.2740786075592041,False
2788,p0n2931,109,1.875,0.125,15646.0,6.0,A-5,80,1,0,0.5596368908882141,True,0.43781375885009766,False,0.3053534924983978,False
2789,p0n2932,109,2.0,0.125,15652.0,6.0,E-5,75,1,0,0.6169597506523132,True,0.4177120625972748,False,0.2970351278781891,False
2790,p0n2935,109,2.0,0.5,15652.0,24.0,C4,60,2,0,0.7726336121559143,True,0.7445200085639954,True,0.4794798195362091,False
2791,p0n2934,109,2.0,0.5,15652.0,24.0,A-3,56,2,0,0.874238133430481,True,0.7668173313140869,True,0.5494377017021179,True
2792,p0n2933,109,2.0,0.5,15652.0,24.0,C3,48,2,0,0.6689450144767761,True,0.7056990265846252,True,0.436286598443985,False
2793,p0n2936,109,2.125,0.125,15658.0,6.0,E-6,87,1,0,0.814206600189209,True,0.6374253630638123,True,0.4064168632030487,False
2794,p0n2937,109,2.25,0.125,15664.0,6.0,A-5,80,1,0,0.5447252988815308,True,0.2605041265487671,False,0.2946831285953522,False
2795,p0n2938,109,2.375,0.125,15670.0,6.0,E-6,87,1,0,0.8639633655548096,True,0.5064228177070618,True,0.39984679222106934,False
2796,p0n2939,109,2.5,0.125,15676.0,6.0,E5,76,1,0,0.3900720179080963,False,0.16428092122077942,False,0.2754909098148346,False
2797,p0n2942,109,2.5,0.5,15676.0,24.0,C4,60,2,0,0.8741575479507446,True,0.5022699236869812,True,0.3144906759262085,False
2798,p0n2941,109,2.5,0.5,15676.0,24.0,A-3,56,2,0,0.9253572821617126,True,0.5827450752258301,True,0.45253807306289673,False
2799,p0n2940,109,2.5,0.5,15676.0,24.0,C3,48,2,0,0.7532885670661926,True,0.43303096294403076,False,0.30168914794921875,False
2800,p0n2943,109,2.625,0.125,15682.0,6.0,E6,88,1,0,0.7782898545265198,True,0.5833308696746826,True,0.4084184467792511,False
2801,p0n2944,109,2.75,0.125,15688.0,6.0,A-5,80,1,0,0.7794771790504456,True,0.3189946711063385,False,0.30927637219429016,False
2802,p0n2945,109,2.875,0.125,15694.0,6.0,E6,88,1,0,0.8304095268249512,True,0.2621876001358032,False,0.2975082993507385,False
2803,p0n2946,110,0.0,0.125,15700.0,6.0,F5,77,1,0,0.27824172377586365,False,0.09308338165283203,False,0.26955634355545044,False
2804,p0n2949,110,0.0,0.5,15700.0,24.0,D-4,61,2,0,0.4526045024394989,False,0.21583178639411926,False,0.2883988618850708,False
2805,p0n2948,110,0.0,0.5,15700.0,24.0,A-3,56,2,0,0.8813679218292236,True,0.6739816665649414,True,0.5111784338951111,True
2806,p0n2947,110,0.0,0.5,15700.0,24.0,D-3,49,2,0,0.1687917709350586,False,0.15115216374397278,False,0.2735511064529419,False
2807,p0n2950,110,0.125,0.125,15706.0,6.0,F6,89,1,0,0.382262647151947,False,0.15457692742347717,False,0.27992087602615356,False
2808,p0n2951,110,0.25,0.125,15712.0,6.0,F5,77,1,0,0.57097327709198,True,0.29196932911872864,False,0.3114014267921448,False
2809,p0n2952,110,0.375,0.125,15718.0,6.0,A-5,80,1,0,0.488691121339798,False,0.14721235632896423,False,0.28583529591560364,False
2810,p0n2953,110,0.5,0.125,15724.0,6.0,F6,89,1,0,0.27913185954093933,False,0.1337098479270935,False,0.2758293151855469,False
2811,p0n2955,110,0.625,0.125,15730.0,6.0,D-6,85,1,0,0.8250819444656372,True,0.5925167798995972,True,0.39354896545410156,False
2812,p0n2956,110,0.75,0.125,15736.0,6.0,A-5,80,1,0,0.5687236785888672,True,0.38052934408187866,False,0.3093271255493164,False
2813,p0n2957,110,0.875,0.125,15742.0,6.0,D-6,85,1,0,0.9017189145088196,True,0.44517552852630615,False,0.30180686712265015,False
2814,p0n2958,110,1.0,0.125,15748.0,6.0,G5,79,1,0,0.4237692952156067,False,0.09454270452260971,False,0.278505802154541,False
2815,p0n2961,110,1.0,0.5,15748.0,24.0,B-3,58,2,0,0.23491404950618744,False,0.1438540816307068,False,0.2828526496887207,False
2816,p0n2960,110,1.0,0.5,15748.0,24.0,E-3,51,2,0,0.4584290385246277,False,0.26489466428756714,False,0.301077663898468,False
2817,p0n2959,110,1.0,0.5,15748.0,24.0,B-2,46,2,0,0.4802355170249939,False,0.23784422874450684,False,0.30170413851737976,False
2818,p0n2962,110,1.125,0.125,15754.0,6.0,E-6,87,1,0,0.7469765543937683,True,0.4026675224304199,False,0.2914528548717499,False
2819,p0n2963,110,1.25,0.125,15760.0,6.0,D-6,85,1,0,0.8183378577232361,True,0.4468941390514374,False,0.35789504647254944,False
2820,p0n2964,110,1.375,0.125,15766.0,6.0,E-6,87,1,0,0.7448435425758362,True,0.4153517782688141,False,0.3076990246772766,False
2821,p0n2965,110,1.5,0.125,15772.0,6.0,G6,91,1,0,0.8397690057754517,True,0.43638819456100464,False,0.3015320599079132,False
2822,p0n2967,110,1.625,0.125,15778.0,6.0,E-6,87,1,0,0.6589292287826538,True,0.26063862442970276,False,0.2750314474105835,False
2823,p0n2968,110,1.75,0.125,15784.0,6.0,D-6,85,1,0,0.7967398762702942,True,0.3705110549926758,False,0.33791208267211914,False
2824,p0n2969,110,1.875,0.125,15790.0,6.0,E-6,87,1,0,0.8925858736038208,True,0.5834499597549438,True,0.31314578652381897,False
2825,p0n2970,110,2.0,0.125,15796.0,6.0,G5,79,1,0,0.3537408113479614,False,0.08957225829362869,False,0.2782887816429138,False
2826,p0n2973,110,2.0,0.5,15796.0,24.0,C4,60,2,0,0.7996655702590942,True,0.7422585487365723,True,0.3891908526420593,False
2827,p0n2972,110,2.0,0.5,15796.0,24.0,E-3,51,2,0,0.6760326623916626,True,0.5744412541389465,True,0.36133816838264465,False
2828,p0n2971,110,2.0,0.5,15796.0,24.0,C3,48,2,0,0.6162335276603699,True,0.2761915922164917,False,0.2905370891094208,False
2829,p0n2974,110,2.125,0.125,15802.0,6.0,G6,91,1,0,0.8499906063079834,True,0.14363431930541992,False,0.2796790301799774,False
2830,p0n2976,110,2.25,0.125,15808.0,6.0,E-6,87,1,0,0.8113099336624146,True,0.463398277759552,False,0.34321609139442444,False
2831,p0n2975,110,2.25,0.125,15808.0,6.0,C6,84,1,0,0.8362472057342529,True,0.6441388726234436,True,0.3834507465362549,False
2832,p0n2977,110,2.375,0.125,15814.0,6.0,G6,91,1,0,0.8638803362846375,True,0.3912757933139801,False,0.32436227798461914,False
2833,p0n2978,110,2.5,0.125,15820.0,6.0,A-5,80,1,0,0.6610317230224609,True,0.4230712354183197,False,0.3004550635814667,False
2834,p0n2981,110,2.5,0.5,15820.0,24.0,C4,60,2,0,0.8738585114479065,True,0.6150606274604797,True,0.3446589708328247,False
2835,p0n2980,110,2.5,0.5,15820.0,24.0,E-3,51,2,0,0.7674124240875244,True,0.5733748078346252,True,0.36096635460853577,False
2836,p0n2979,110,2.5,0.5,15820.0,24.0,C3,48,2,0,0.7951362729072571,True,0.3121091425418854,False,0.29625385999679565,False
2837,p0n2982,110,2.625,0.125,15826.0,6.0,A-6,92,1,0,0.7700014114379883,True,0.2825019359588623,False,0.2959822416305542,False
2838,p0n2984,110,2.75,0.125,15832.0,6.0,E-6,87,1,0,0.7757425904273987,True,0.4877929091453552,False,0.35236629843711853,False
2839,p0n2983,110,2.75,0.125,15832.0,6.0,C6,84,1,0,0.932498574256897,True,0.5746967196464539,True,0.3363369405269623,False
2840,p0n2985,110,2.875,0.125,15838.0,6.0,A-6,92,1,0,0.8565061092376709,True,0.3755159080028534,False,0.32277345657348633,False
2841,p0n2986,111,0.0,1.25,15844.0,60.0,F5,77,1,0,0.2363467514514923,False,0.10751864314079285,False,0.2710564136505127,False
2842,p0n2987,111,0.0,0.5,15844.0,24.0,A-3,56,2,0,0.575806200504303,True,0.8068264722824097,True,0.5654023885726929,True
2843,p0n2988,111,0.0,2.0,15844.0,96.0,D-3,49,2,0,0.21304398775100708,False,0.17787609994411469,False,0.2768112123012543,False
2844,p0n2989,111,0.5,0.5,15868.0,24.0,A3,57,2,0,0.5707082748413086,True,0.4663484990596771,False,0.35933583974838257,False
2845,p0n2991,111,1.0,0.5,15892.0,24.0,B-3,58,2,0,0.4699719250202179,False,0.18759340047836304,False,0.2910776436328888,False
2846,p0n2992,111,1.25,0.25,15904.0,12.0,B-4,70,1,0,0.719151496887207,True,0.5672363638877869,True,0.4291961193084717,False
2847,p0n2993,111,1.5,0.25,15916.0,12.0,C5,72,1,0,0.9383886456489563,True,0.6553069353103638,True,0.4543852210044861,False
2848,p0n2994,111,1.5,0.25,15916.0,12.0,C4,60,2,0,0.9216256141662598,True,0.7075486779212952,True,0.4154185354709625,False
2849,p0n2995,111,1.75,0.25,15928.0,12.0,D-5,73,1,0,0.6108404994010925,True,0.5476976037025452,True,0.3356887996196747,False
2850,p0n2996,111,1.75,0.25,15928.0,12.0,D-4,61,2,0,0.6109251379966736,True,0.36171793937683105,False,0.3156502842903137,False
2851,p0n2997,111,2.0,0.5,15940.0,24.0,G4,67,1,0,0.21803003549575806,False,0.10368306934833527,False,0.2782316207885742,False
2852,p0n2999,111,2.0,1.0,15940.0,48.0,B-3,58,2,0,0.5193444490432739,True,0.27342575788497925,False,0.2910326421260834,False
2853,p0n2998,111,2.0,1.0,15940.0,48.0,G3,55,2,0,0.6754287481307983,True,0.18749073147773743,False,0.28890109062194824,False
2854,p0n3000,111,2.0,1.0,15940.0,48.0,E-3,51,2,0,0.8494857549667358,True,0.789943516254425,True,0.46170586347579956,False
2855,p0n3001,111,2.5,0.75,15964.0,36.0,E-5,75,1,0,0.414377897977829,False,0.2737983763217926,False,0.3088650703430176,False
2856,p0n3004,112,0.0,1.5,15988.0,72.0,E-4,63,2,0,0.710980236530304,True,0.5647496581077576,True,0.39907100796699524,False
2857,p0n3003,112,0.0,1.5,15988.0,72.0,C4,60,2,0,0.7746102213859558,True,0.5290563702583313,True,0.42369410395622253,False
2858,p0n3005,112,0.25,0.25,16000.0,12.0,D-5,73,1,0,0.5990374088287354,True,0.5782511830329895,True,0.35370752215385437,False
2859,p0n3006,112,0.5,0.25,16012.0,12.0,C5,72,1,0,0.8245424628257751,True,0.6276749968528748,True,0.4574406147003174,False
2860,p0n3007,112,0.75,0.25,16024.0,12.0,C6,84,1,0,0.8995748162269592,True,0.167005717754364,False,0.2794375717639923,False
2861,p0n3008,112,1.0,0.25,16036.0,12.0,B-5,82,1,0,0.7004656791687012,True,0.39937353134155273,False,0.33316782116889954,False
2862,p0n3009,112,1.25,0.25,16048.0,12.0,G5,79,1,0,0.729955792427063,True,0.14114293456077576,False,0.28205230832099915,False
2863,p0n3010,112,1.5,0.25,16060.0,12.0,B-5,82,1,0,0.8034559488296509,True,0.36811012029647827,False,0.32395654916763306,False
2864,p0n3012,112,1.5,0.5,16060.0,24.0,C4,60,2,0,0.7447741627693176,True,0.42880937457084656,False,0.2853701412677765,False
2865,p0n3011,112,1.5,0.5,16060.0,24.0,A-3,56,2,0,0.6906879544258118,True,0.863761842250824,True,0.6687679290771484,True
2866,p0n3013,112,1.75,0.25,16072.0,12.0,A-5,80,1,0,0.8518098592758179,True,0.28833428025245667,False,0.2993025481700897,False
2867,p0n3014,112,2.0,0.25,16084.0,12.0,C6,84,1,0,0.937621533870697,True,0.1950172632932663,False,0.27425581216812134,False
2868,p0n3016,112,2.0,0.75,16084.0,36.0,C4,60,2,0,0.7360577583312988,True,0.44783830642700195,False,0.3009685277938843,False
2869,p0n3015,112,2.0,0.75,16084.0,36.0,A-3,56,2,0,0.7387405633926392,True,0.8678895235061646,True,0.6120986938476562,True
2870,p0n3017,112,2.25,0.25,16096.0,12.0,A-5,80,1,0,0.8416774868965149,True,0.28093579411506653,False,0.30488911271095276,False
2871,p0n3018,112,2.5,0.25,16108.0,12.0,E-5,75,1,0,0.7464029788970947,True,0.39738574624061584,False,0.351468026638031,False
2872,p0n3019,112,2.75,0.25,16120.0,12.0,E5,76,1,0,0.8544350862503052,True,0.4132845401763916,False,0.313583642244339,False
2873,p0n3021,112,2.75,0.25,16120.0,12.0,C4,60,2,0,0.7682241201400757,True,0.3177603781223297,False,0.27018851041793823,False
2874,p0n3020,112,2.75,0.25,16120.0,12.0,A-3,56,2,0,0.7870009541511536,True,0.652672529220581,True,0.5165068507194519,True
2875,p0n3022,113,0.0,1.25,16132.0,60.0,F5,77,1,0,0.6705483198165894,True,0.32396990060806274,False,0.2792951762676239,False
2876,p0n3024,113,0.0,0.25,16132.0,12.0,C4,60,2,0,0.7205395102500916,True,0.32320094108581543,False,0.26940101385116577,False
2877,p0n3023,113,0.0,0.25,16132.0,12.0,A-3,56,2,0,0.7543933987617493,True,0.7144666314125061,True,0.5135671496391296,True
2878,p0n3025,113,0.0,1.25,16132.0,60.0,D-3,49,2,0,0.6140485405921936,True,0.3571695387363434,False,0.31306663155555725,False
2879,p0n3026,113,0.25,0.25,16144.0,12.0,A3,57,2,0,0.7090487480163574,True,0.5733194351196289,True,0.36958301067352295,False
2880,p0n3027,113,0.5,0.25,16156.0,12.0,B-3,58,2,0,0.5349052548408508,True,0.3524682819843292,False,0.3113870620727539,False
2881,p0n3028,113,0.75,0.25,16168.0,12.0,C4,60,2,0,0.773648202419281,True,0.32656288146972656,False,0.29106977581977844,False
2882,p0n3030,113,1.0,0.25,16180.0,12.0,D-4,61,2,0,0.38998839259147644,False,0.24756382405757904,False,0.2929748296737671,False
2883,p0n3032,113,1.25,0.25,16192.0,12.0,B-4,70,1,0,0.73361736536026,True,0.5670178532600403,True,0.44527944922447205,False
2884,p0n3033,113,1.25,0.25,16192.0,12.0,D-3,49,2,0,0.6407716870307922,True,0.3673408031463623,False,0.3128962814807892,False
2885,p0n3035,113,1.5,0.25,16204.0,12.0,C5,72,1,0,0.9337210655212402,True,0.5848106145858765,True,0.4225790500640869,False
2886,p0n3036,113,1.5,0.25,16204.0,12.0,E-3,51,2,0,0.8504922389984131,True,0.5569217205047607,True,0.405566543340683,False
2887,p0n3037,113,1.75,0.25,16216.0,12.0,D-5,73,1,0,0.7711782455444336,True,0.4267977476119995,False,0.3073398470878601,False
2888,p0n3038,113,1.75,0.25,16216.0,12.0,F3,53,2,0,0.7730499505996704,True,0.6217066049575806,True,0.4629763960838318,False
2889,p0n3039,113,2.0,0.5,16228.0,24.0,G4,67,1,0,0.31897470355033875,False,0.11467348784208298,False,0.279844731092453,False
2890,p0n3040,113,2.0,0.25,16228.0,12.0,E-3,51,2,0,0.8721599578857422,True,0.7539674043655396,True,0.5168500542640686,True
2891,p0n3041,113,2.25,0.25,16240.0,12.0,E-2,39,2,0,0.6074077486991882,True,0.5359814763069153,True,0.4138765037059784,False
2892,p0n3042,113,2.5,0.5,16252.0,24.0,E-5,75,1,0,0.909920871257782,True,0.6903311014175415,True,0.5018388628959656,True
2893,p0n3043,113,2.5,0.25,16252.0,12.0,F2,41,2,0,0.60924232006073,True,0.40544891357421875,False,0.32148101925849915,False
2894,p0n3044,113,2.75,0.25,16264.0,12.0,G2,43,2,0,0.554174542427063,True,0.2798148989677429,False,0.2949194312095642,False
2895,p0n3045,114,0.0,1.0,16276.0,48.0,C5,72,1,0,0.9791702032089233,True,0.6242036819458008,True,0.3279341161251068,False
2896,p0n3047,114,0.0,1.0,16276.0,48.0,A-4,68,1,0,0.7580115795135498,True,0.5506575107574463,True,0.32441845536231995,False
2897,p0n3046,114,0.0,1.0,16276.0,48.0,E-4,63,1,0,0.9196717143058777,True,0.6496654152870178,True,0.3767806887626648,False
2898,p0n3048,114,0.0,1.0,16276.0,48.0,A-2,44,2,0,0.8862187266349792,True,0.4999235272407532,False,0.29367563128471375,False
2899,p0n3049,114,0.0,2.5,16276.0,120.0,A-1,32,2,0,0.8957056999206543,True,0.39404043555259705,False,0.3305850028991699,False
2900,p0n3050,114,1.0,1.5,16324.0,72.0,D-5,73,1,0,0.802467942237854,True,0.388202041387558,False,0.2972717881202698,False
2901,p0n3051,114,1.0,0.5,16324.0,24.0,A-4,68,1,0,0.7517992854118347,True,0.5253816246986389,True,0.31456077098846436,False
2902,p0n3052,114,1.0,0.5,16324.0,24.0,F2,41,2,0,0.5912649631500244,True,0.31168100237846375,False,0.29960885643959045,False
2903,p0n3053,114,1.5,0.5,16348.0,24.0,F4,65,1,0,0.38375189900398254,False,0.23911741375923157,False,0.29612594842910767,False
2904,p0n3054,114,1.5,0.5,16348.0,24.0,D-2,37,2,0,0.8179970383644104,True,0.5279061198234558,True,0.4305199086666107,False
2905,p0n3055,114,2.0,0.5,16372.0,24.0,B-4,70,1,0,0.910539984703064,True,0.6808882355690002,True,0.5253514647483826,True
2906,p0n3056,114,2.0,0.5,16372.0,24.0,G2,43,2,0,0.8601503968238831,True,0.28103646636009216,False,0.30611473321914673,False
2907,p0n3058,114,2.5,0.5,16396.0,24.0,D-5,73,1,0,0.7695959806442261,True,0.20571684837341309,False,0.2742750942707062,False
2908,p0n3060,114,2.5,0.5,16396.0,24.0,G4,67,1,0,0.8509489297866821,True,0.29663223028182983,False,0.2921636402606964,False
2909,p0n3059,114,2.5,0.5,16396.0,24.0,F-4,64,1,0,0.7893772721290588,True,0.4312879741191864,False,0.31423628330230713,False
2910,p0n3061,114,2.5,0.5,16396.0,24.0,B-2,46,2,0,0.8259087204933167,True,0.63258296251297,True,0.4993794560432434,False
2911,p0n3062,114,2.5,0.5,16396.0,24.0,A-1,32,2,0,0.8352267146110535,True,0.40298327803611755,False,0.30384746193885803,False
2912,p0n3064,115,0.0,2.0,16420.0,96.0,D-5,73,1,0,0.8096039891242981,True,0.4607206881046295,False,0.3486645817756653,False
2913,p0n3063,115,0.0,2.0,16420.0,96.0,G4,67,1,0,0.8814301490783691,True,0.3507077097892761,False,0.3240351676940918,False
2914,p0n3065,115,0.0,1.0,16420.0,48.0,F-4,64,1,0,0.7997280955314636,True,0.44227299094200134,False,0.31699591875076294,False
2915,p0n3066,115,0.0,2.0,16420.0,96.0,B-2,46,2,0,0.8919512629508972,True,0.7428849935531616,True,0.5582900047302246,True
2916,p0n3067,115,0.0,2.0,16420.0,96.0,A-1,32,2,0,0.8966525793075562,True,0.6708279252052307,True,0.40586769580841064,False
2917,p0n3068,115,1.0,1.0,16468.0,48.0,E-4,63,1,0,0.8853293657302856,True,0.8067610859870911,True,0.5395770072937012,True
2918,p0n3070,115,2.0,0.5,16516.0,24.0,C5,72,1,0,0.8962689638137817,True,0.4825057089328766,False,0.33501994609832764,False
2919,p0n3069,115,2.0,0.5,16516.0,24.0,A-4,68,1,0,0.890753448009491,True,0.5647151470184326,True,0.40169399976730347,False
2920,p0n3071,115,2.0,0.5,16516.0,24.0,E-4,63,1,0,0.8828713893890381,True,0.5612367987632751,True,0.4174300730228424,False
2921,p0n3072,115,2.0,0.5,16516.0,24.0,A-2,44,2,0,0.8721333146095276,True,0.4600299894809723,False,0.3657074272632599,False
2922,p0n3073,115,2.0,0.5,16516.0,24.0,A-1,32,2,0,0.8661385178565979,True,0.34781673550605774,False,0.3340803384780884,False
2923,p0n3077,116,0.0,0.5,16564.0,24.0,C5,72,1,0,0.9226436614990234,True,0.4464710056781769,False,0.34212446212768555,False
2924,p0n3076,116,0.0,0.5,16564.0,24.0,A-4,68,1,0,0.9145964980125427,True,0.4586532413959503,False,0.3522878885269165,False
2925,p0n3078,116,0.0,0.5,16564.0,24.0,E-4,63,1,0,0.9235152006149292,True,0.7396589517593384,True,0.5319463610649109,True
2926,p0n3079,116,0.0,0.5,16564.0,24.0,A-2,44,2,0,0.89817214012146,True,0.4522480070590973,False,0.3748311400413513,False
2927,p0n3080,116,0.0,0.5,16564.0,24.0,A-1,32,2,0,0.9038105010986328,True,0.4905814230442047,False,0.38911303877830505,False
