note_index,note_id,measure,measure_offset,quarter_length,time_position,duration_seconds,pitch_name,pitch_midi,staff,voice,layer_1_score,layer_1_mask,layer_2_score,layer_2_mask,layer_3_score,layer_3_mask
0,p0n2,1,0.0,3.0,0.0,36.0,A-1,32,2,0,0.29950931668281555,False,0.4030403196811676,False,0.35380300879478455,False
1,p0n3,1,0.16666666666666666,0.16666666666666666,2.0,2.0,C3,48,2,0,0.6521251797676086,True,0.2759942412376404,False,0.29355064034461975,False
2,p0n4,1,0.3333333333333333,0.16666666666666666,4.0,2.0,E-3,51,2,0,0.4188137948513031,False,0.20987138152122498,False,0.2844778895378113,False
3,p0n5,1,0.5,0.16666666666666666,6.0,2.0,A-3,56,2,0,0.6523280739784241,True,0.6553085446357727,True,0.7328159213066101,True
4,p0n6,1,0.6666666666666666,0.16666666666666666,8.0,2.0,E-3,51,2,0,0.5520849823951721,True,0.19403275847434998,False,0.29343047738075256,False
5,p0n7,1,0.8333333333333334,0.16666666666666666,10.0,2.0,A-3,56,2,0,0.663521409034729,True,0.30005109310150146,False,0.32328206300735474,False
6,p0n9,1,1.0,0.16666666666666666,12.0,2.0,C4,60,2,0,0.972505509853363,True,0.8793761134147644,True,0.6101070046424866,True
7,p0n10,1,1.1666666666666667,0.16666666666666666,14.0,2.0,A-3,56,2,0,0.8724377155303955,True,0.2829444706439972,False,0.32573410868644714,False
8,p0n11,1,1.3333333333333333,0.16666666666666666,16.0,2.0,E-3,51,2,0,0.39180412888526917,False,0.2048535794019699,False,0.28285908699035645,False
9,p0n14,1,1.5,4.5,18.0,54.0,A-2,44,2,0,0.11971093714237213,False,0.22953222692012787,False,0.29238441586494446,False
10,p0n15,1,1.6666666666666667,0.16666666666666666,20.0,2.0,E-3,51,2,0,0.29679012298583984,False,0.1473085880279541,False,0.2706245481967926,False
11,p0n16,1,1.8333333333333333,0.16666666666666666,22.0,2.0,A-3,56,2,0,0.726983904838562,True,0.26741823554039,False,0.2971818447113037,False
12,p0n17,1,2.0,0.16666666666666666,24.0,2.0,C4,60,2,0,0.930819034576416,True,0.9053428173065186,True,0.5979717373847961,True
13,p0n18,1,2.1666666666666665,0.16666666666666666,26.0,2.0,A-3,56,2,0,0.6991830468177795,True,0.21775628626346588,False,0.29894015192985535,False
14,p0n19,1,2.3333333333333335,0.16666666666666666,28.0,2.0,C4,60,2,0,0.940109133720398,True,0.6012765169143677,True,0.41217881441116333,False
15,p0n20,1,2.5,0.5,30.0,6.0,E-4,63,1,0,0.6580621600151062,True,0.7251062393188477,True,0.5435842871665955,True
16,p0n21,1,2.5,0.16666666666666666,30.0,2.0,E-4,63,1,0,0.7203649282455444,True,0.6036435961723328,True,0.4297899603843689,False
17,p0n22,1,2.6666666666666665,0.16666666666666666,32.0,2.0,C4,60,2,0,0.9560841917991638,True,0.6701235771179199,True,0.40734413266181946,False
18,p0n23,1,2.8333333333333335,0.16666666666666666,34.0,2.0,A-3,56,2,0,0.5261478424072266,True,0.17638376355171204,False,0.2861141562461853,False
19,p0n24,2,0.0,1.0,36.0,12.0,A-4,68,1,0,0.3206802010536194,False,0.31845971941947937,False,0.3298569917678833,False
20,p0n25,2,0.0,3.0,36.0,36.0,A-1,32,2,0,0.3939473628997803,False,0.48832038044929504,False,0.3925066292285919,False
21,p0n28,2,0.16666666666666666,0.16666666666666666,38.0,2.0,A-3,56,1,0,0.48852571845054626,False,0.23439230024814606,False,0.29696378111839294,False
22,p0n29,2,0.3333333333333333,0.16666666666666666,40.0,2.0,C4,60,1,0,0.9759836792945862,True,0.7100363373756409,True,0.4441486895084381,False
23,p0n30,2,0.5,0.16666666666666666,42.0,2.0,E-4,63,1,0,0.7143258452415466,True,0.7198506593704224,True,0.49092498421669006,False
24,p0n31,2,0.6666666666666666,0.16666666666666666,44.0,2.0,C4,60,1,0,0.9866793751716614,True,0.6963596940040588,True,0.42670807242393494,False
25,p0n32,2,0.8333333333333334,0.16666666666666666,46.0,2.0,E-4,63,1,0,0.3411928415298462,False,0.15162457525730133,False,0.2712375223636627,False
26,p0n33,2,1.0,0.5,48.0,6.0,G4,67,1,0,0.5647479295730591,True,0.40179720520973206,False,0.3295816481113434,False
27,p0n34,2,1.0,0.16666666666666666,48.0,2.0,G4,67,1,0,0.7421066164970398,True,0.39864879846572876,False,0.3331086039543152,False
28,p0n35,2,1.1666666666666667,0.16666666666666666,50.0,2.0,E-4,63,1,0,0.33401915431022644,False,0.15740321576595306,False,0.2714489698410034,False
29,p0n36,2,1.3333333333333333,0.16666666666666666,52.0,2.0,D-4,61,1,0,0.8135827779769897,True,0.3862933814525604,False,0.3336813747882843,False
30,p0n37,2,1.5,0.5,54.0,6.0,A-4,68,1,0,0.627040684223175,True,0.6348022222518921,True,0.46134090423583984,False
31,p0n39,2,1.6666666666666667,0.16666666666666666,56.0,2.0,C4,60,1,0,0.9506736397743225,True,0.7203990817070007,True,0.4236946403980255,False
32,p0n40,2,1.8333333333333333,0.16666666666666666,58.0,2.0,E-4,63,1,0,0.38100701570510864,False,0.21842029690742493,False,0.28357622027397156,False
33,p0n41,2,2.0,0.5,60.0,6.0,B-4,70,1,0,0.7105085849761963,True,0.6183333396911621,True,0.2704404294490814,False
34,p0n42,2,2.0,0.16666666666666666,60.0,2.0,B-4,70,1,0,0.7545676231384277,True,0.5669280886650085,True,0.2543415129184723,False
35,p0n43,2,2.1666666666666665,0.16666666666666666,62.0,2.0,D-4,61,1,0,0.7908239364624023,True,0.28345319628715515,False,0.2955724000930786,False
36,p0n44,2,2.3333333333333335,0.16666666666666666,64.0,2.0,F4,65,1,0,0.6546482443809509,True,0.6278609037399292,True,0.3570987284183502,False
37,p0n45,2,2.5,0.5,66.0,6.0,C5,72,1,0,0.36565864086151123,False,0.21023860573768616,False,0.28948715329170227,False
38,p0n46,2,2.5,0.16666666666666666,66.0,2.0,C5,72,1,0,0.32838672399520874,False,0.16208387911319733,False,0.2786896228790283,False
39,p0n47,2,2.6666666666666665,0.16666666666666666,68.0,2.0,E-4,63,1,0,0.361808180809021,False,0.19195985794067383,False,0.27827736735343933,False
40,p0n48,2,2.8333333333333335,0.16666666666666666,70.0,2.0,G-4,66,1,0,0.7298582196235657,True,0.23459798097610474,False,0.28908488154411316,False
41,p0n49,3,0.0,0.5,72.0,6.0,D-5,73,1,0,0.38384923338890076,False,0.48401308059692383,False,0.3950459659099579,False
42,p0n51,3,0.0,2.5,72.0,30.0,A-2,44,2,0,0.10650265961885452,False,0.21342690289020538,False,0.2949404716491699,False
43,p0n50,3,0.0,2.5,72.0,30.0,A-1,32,2,0,0.35057970881462097,False,0.4245791733264923,False,0.36345958709716797,False
44,p0n53,3,0.16666666666666666,0.16666666666666666,74.0,2.0,F4,65,1,0,0.6564924716949463,True,0.5053657293319702,True,0.3210425078868866,False
45,p0n54,3,0.3333333333333333,0.16666666666666666,76.0,2.0,A-4,68,1,0,0.4382632374763489,False,0.22523753345012665,False,0.29463309049606323,False
46,p0n55,3,0.5,0.5,78.0,6.0,B-4,70,1,0,0.6485008001327515,True,0.4342529773712158,False,0.32373228669166565,False
47,p0n56,3,0.5,0.16666666666666666,78.0,2.0,B-4,70,1,0,0.6324145197868347,True,0.3625631034374237,False,0.3167518079280853,False
48,p0n57,3,0.6666666666666666,0.16666666666666666,80.0,2.0,A-4,68,1,0,0.16172456741333008,False,0.14603765308856964,False,0.2753315269947052,False
49,p0n58,3,0.8333333333333334,0.16666666666666666,82.0,2.0,E-4,63,1,0,0.4080234467983246,False,0.18182258307933807,False,0.27615588903427124,False
50,p0n59,3,1.0,0.5,84.0,6.0,E-5,75,1,0,0.583783745765686,True,0.7975714802742004,True,0.4746295213699341,False
51,p0n60,3,1.0,0.16666666666666666,84.0,2.0,E-5,75,1,0,0.5138828158378601,True,0.6996850371360779,True,0.4069913327693939,False
52,p0n61,3,1.1666666666666667,0.16666666666666666,86.0,2.0,G4,67,1,0,0.525225818157196,True,0.14763012528419495,False,0.278970330953598,False
53,p0n62,3,1.3333333333333333,0.16666666666666666,88.0,2.0,E-4,63,1,0,0.5248569846153259,True,0.6584212779998779,True,0.4656102657318115,False
54,p0n63,3,1.5,0.5,90.0,6.0,D-5,73,1,0,0.5541628003120422,True,0.7343233227729797,True,0.5182012319564819,True
55,p0n67,3,1.6666666666666667,0.16666666666666666,92.0,2.0,E-4,63,1,0,0.48590603470802307,False,0.19602470099925995,False,0.2812367379665375,False
56,p0n68,3,1.8333333333333333,0.16666666666666666,94.0,2.0,B-4,70,1,0,0.9162578582763672,True,0.2483600229024887,False,0.26748234033584595,False
57,p0n69,3,2.0,0.5,96.0,6.0,C5,72,1,0,0.21164186298847198,False,0.16439616680145264,False,0.2698512673377991,False
58,p0n70,3,2.0,0.16666666666666666,96.0,2.0,C5,72,1,0,0.1754665970802307,False,0.1536969542503357,False,0.26753732562065125,False
59,p0n71,3,2.1666666666666665,0.16666666666666666,98.0,2.0,A-4,68,1,0,0.4953174293041229,False,0.2395816594362259,False,0.2987338602542877,False
60,p0n72,3,2.3333333333333335,0.16666666666666666,100.0,2.0,E-4,63,1,0,0.37002477049827576,False,0.16276966035366058,False,0.2727304995059967,False
61,p0n73,3,2.5,0.5,102.0,6.0,B-4,70,1,0,0.7276062965393066,True,0.41111648082733154,False,0.287719190120697,False
62,p0n74,3,2.5,0.16666666666666666,102.0,2.0,B-4,70,1,0,0.6316856741905212,True,0.2471870481967926,False,0.27568280696868896,False
63,p0n75,3,2.5,0.5,102.0,6.0,E-2,39,2,0,0.9047673940658569,True,0.910798966884613,True,0.7418081164360046,True
64,p0n76,3,2.6666666666666665,0.16666666666666666,104.0,2.0,G4,67,1,0,0.5003660321235657,True,0.13763737678527832,False,0.2740240693092346,False
65,p0n77,3,2.8333333333333335,0.16666666666666666,106.0,2.0,D-4,61,1,0,0.6326072812080383,True,0.5896679759025574,True,0.5051561594009399,True
66,p0n78,4,0.0,1.0,108.0,12.0,A-4,68,1,0,0.5222358703613281,True,0.5086175203323364,True,0.369717001914978,False
67,p0n79,4,0.0,1.5,108.0,18.0,F2,41,2,0,0.9773989915847778,True,0.7843586802482605,True,0.8621087670326233,True
68,p0n81,4,0.16666666666666666,0.16666666666666666,110.0,2.0,A-3,56,1,0,0.6814426779747009,True,0.3118784725666046,False,0.32404959201812744,False
69,p0n82,4,0.3333333333333333,0.16666666666666666,112.0,2.0,C4,60,1,0,0.8370874524116516,True,0.5995470285415649,True,0.2829330861568451,False
70,p0n83,4,0.5,0.16666666666666666,114.0,2.0,F4,65,1,0,0.80351322889328,True,0.7240713834762573,True,0.35452526807785034,False
71,p0n84,4,0.6666666666666666,0.16666666666666666,116.0,2.0,C4,60,1,0,0.8780010342597961,True,0.4936977028846741,False,0.29237648844718933,False
72,p0n85,4,0.8333333333333334,0.16666666666666666,118.0,2.0,F4,65,1,0,0.800322949886322,True,0.351815402507782,False,0.29687756299972534,False
73,p0n86,4,1.0,0.5,120.0,6.0,A-4,68,1,0,0.3832642436027527,False,0.22271035611629486,False,0.29639869928359985,False
74,p0n87,4,1.0,0.16666666666666666,120.0,2.0,A-4,68,1,0,0.2643316686153412,False,0.17877961695194244,False,0.28658944368362427,False
75,p0n88,4,1.1666666666666667,0.16666666666666666,122.0,2.0,F4,65,1,0,0.8426216840744019,True,0.5644485950469971,True,0.257236123085022,False
76,p0n89,4,1.3333333333333333,0.16666666666666666,124.0,2.0,C4,60,1,0,0.8717180490493774,True,0.5936223268508911,True,0.3949697017669678,False
77,p0n90,4,1.5,0.5,126.0,6.0,C5,72,1,0,0.3149212896823883,False,0.293923556804657,False,0.3030150830745697,False
78,p0n91,4,1.5,1.5,126.0,18.0,D-2,37,2,0,0.9321706295013428,True,0.9026396870613098,True,0.8902336955070496,True
79,p0n93,4,1.6666666666666667,0.16666666666666666,128.0,2.0,E-4,63,1,0,0.2434040755033493,False,0.12185387313365936,False,0.2661730647087097,False
80,p0n94,4,1.8333333333333333,0.16666666666666666,130.0,2.0,F4,65,1,0,0.8254374265670776,True,0.8007741570472717,True,0.4186674654483795,False
81,p0n95,4,2.0,0.5,132.0,6.0,B-4,70,1,0,0.5899631977081299,True,0.6065070629119873,True,0.16446831822395325,False
82,p0n96,4,2.0,0.16666666666666666,132.0,2.0,B-4,70,1,0,0.4035629630088806,False,0.26010987162590027,False,0.29644668102264404,False
83,p0n97,4,2.1666666666666665,0.16666666666666666,134.0,2.0,F4,65,1,0,0.8645229339599609,True,0.7846013307571411,True,0.510241687297821,True
84,p0n98,4,2.3333333333333335,0.16666666666666666,136.0,2.0,D-4,61,1,0,0.41392838954925537,False,0.16576164960861206,False,0.27723169326782227,False
85,p0n99,4,2.5,0.5,138.0,6.0,A-4,68,1,0,0.2976534068584442,False,0.2271885722875595,False,0.2986091077327728,False
86,p0n100,4,2.5,0.16666666666666666,138.0,2.0,A-4,68,1,0,0.347235769033432,False,0.20426802337169647,False,0.29375913739204407,False
87,p0n101,4,2.6666666666666665,0.16666666666666666,140.0,2.0,C4,60,1,0,0.6393871307373047,True,0.5802305340766907,True,0.385112464427948,False
88,p0n102,4,2.8333333333333335,0.16666666666666666,142.0,2.0,F4,65,1,0,0.8998346924781799,True,0.7452690601348877,True,0.577442467212677,True
89,p0n103,5,0.0,1.5,144.0,18.0,A-4,68,1,0,0.29938140511512756,False,0.38683584332466125,False,0.3495371639728546,False
90,p0n104,5,0.0,3.0,144.0,36.0,E-2,39,2,0,0.8602741360664368,True,0.7932704091072083,True,0.5375080108642578,True
91,p0n106,5,0.16666666666666666,0.16666666666666666,146.0,2.0,A-3,56,1,0,0.5986979603767395,True,0.09372752904891968,False,0.27304184436798096,False
92,p0n107,5,0.3333333333333333,0.16666666666666666,148.0,2.0,C4,60,1,0,0.7893458604812622,True,0.49267929792404175,False,0.29891544580459595,False
93,p0n108,5,0.5,0.16666666666666666,150.0,2.0,E-4,63,1,0,0.5010840892791748,True,0.8371000289916992,True,0.49779900908470154,False
94,p0n109,5,0.6666666666666666,0.16666666666666666,152.0,2.0,C4,60,1,0,0.8147618770599365,True,0.6588642001152039,True,0.40470290184020996,False
95,p0n110,5,0.8333333333333334,0.16666666666666666,154.0,2.0,E-4,63,1,0,0.632401168346405,True,0.8246347904205322,True,0.4919045567512512,False
96,p0n111,5,1.0,0.16666666666666666,156.0,2.0,F4,65,1,0,0.7470716238021851,True,0.8386053442955017,True,0.4966183006763458,False
97,p0n112,5,1.1666666666666667,0.16666666666666666,158.0,2.0,D4,62,1,0,0.25437837839126587,False,0.1263752430677414,False,0.2658242881298065,False
98,p0n113,5,1.3333333333333333,0.16666666666666666,160.0,2.0,C-4,59,1,0,0.9379999041557312,True,0.6189786195755005,True,0.4692690372467041,False
99,p0n114,5,1.5,1.0,162.0,12.0,G4,67,1,0,0.8104605078697205,True,0.49564042687416077,False,0.3780750334262848,False
100,p0n116,5,1.6666666666666667,0.16666666666666666,164.0,2.0,G3,55,1,0,0.9019091129302979,True,0.2047894448041916,False,0.2888082265853882,False
101,p0n117,5,1.8333333333333333,0.16666666666666666,166.0,2.0,B-3,58,1,0,0.8206026554107666,True,0.9622569680213928,True,0.8930633068084717,True
102,p0n118,5,2.0,0.16666666666666666,168.0,2.0,E-4,63,1,0,0.5909785032272339,True,0.960274338722229,True,0.638218343257904,True
103,p0n119,5,2.1666666666666665,0.16666666666666666,170.0,2.0,B-3,58,1,0,0.8191707730293274,True,0.8904995322227478,True,0.8059086203575134,True
104,p0n120,5,2.3333333333333335,0.16666666666666666,172.0,2.0,G3,55,1,0,0.9270558953285217,True,0.0875886008143425,False,0.27386361360549927,False
105,p0n122,5,2.5,0.16666666666666666,174.0,2.0,D-4,61,1,0,0.7129684090614319,True,0.8363358974456787,True,0.6914513111114502,True
106,p0n123,5,2.6666666666666665,0.16666666666666666,176.0,2.0,B-3,58,1,0,0.854547381401062,True,0.8763105273246765,True,0.8103761672973633,True
107,p0n124,5,2.8333333333333335,0.16666666666666666,178.0,2.0,G3,55,1,0,0.9393060803413391,True,0.08261248469352722,False,0.27405503392219543,False
108,p0n126,6,0.0,0.5,180.0,6.0,E-3,51,2,0,0.7662626504898071,True,0.6406806111335754,True,0.5169644951820374,True
109,p0n127,6,0.0,1.0,180.0,12.0,A-2,44,2,0,0.11495799571275711,False,0.20416319370269775,False,0.29301655292510986,False
110,p0n128,6,0.16666666666666666,0.16666666666666666,182.0,2.0,C4,60,1,0,0.693264901638031,True,0.799628496170044,True,0.5670799612998962,True
111,p0n129,6,0.3333333333333333,0.16666666666666666,184.0,2.0,E-4,63,1,0,0.7940407991409302,True,0.7295398116111755,True,0.49990108609199524,False
112,p0n131,6,0.5,0.5,186.0,6.0,A-3,56,1,0,0.2756921350955963,False,0.20166842639446259,False,0.2828117311000824,False
113,p0n132,6,0.6666666666666666,0.16666666666666666,188.0,2.0,C4,60,1,0,0.9678966403007507,True,0.6961710453033447,True,0.7544654011726379,True
114,p0n133,6,0.8333333333333334,0.16666666666666666,190.0,2.0,E-4,63,1,0,0.6561539173126221,True,0.8776010870933533,True,0.6654176712036133,True
115,p0n135,6,1.0,0.5,192.0,6.0,B-3,58,1,0,0.9056627750396729,True,0.9100347757339478,True,0.9321276545524597,True
116,p0n136,6,1.0,0.5,192.0,6.0,E-2,39,2,0,0.5617133378982544,True,0.3771962523460388,False,0.353453129529953,False
117,p0n137,6,1.1666666666666667,0.16666666666666666,194.0,2.0,E-4,63,1,0,0.6493953466415405,True,0.7362474799156189,True,0.5086856484413147,True
118,p0n138,6,1.3333333333333333,0.16666666666666666,196.0,2.0,G4,67,1,0,0.5357884764671326,True,0.10432299971580505,False,0.26570433378219604,False
119,p0n140,6,1.5,1.0,198.0,12.0,C4,60,1,0,0.9611122608184814,True,0.9490604996681213,True,0.830089271068573,True
120,p0n141,6,1.5,0.5,198.0,6.0,A-1,32,2,0,0.34597766399383545,False,0.31889936327934265,False,0.31161996722221375,False
121,p0n142,6,1.6666666666666667,0.16666666666666666,200.0,2.0,E-4,63,1,0,0.6136819124221802,True,0.7455941438674927,True,0.46957993507385254,False
122,p0n143,6,1.8333333333333333,0.16666666666666666,202.0,2.0,A-4,68,1,0,0.42206043004989624,False,0.19577321410179138,False,0.2871587872505188,False
123,p0n144,6,2.0,0.16666666666666666,204.0,2.0,C5,72,1,0,0.5206423997879028,True,0.43193143606185913,False,0.3559999465942383,False
124,p0n145,6,2.0,0.5,204.0,6.0,A-2,44,2,0,0.20892322063446045,False,0.19093848764896393,False,0.2788025140762329,False
125,p0n146,6,2.1666666666666665,0.16666666666666666,206.0,2.0,E-4,63,1,0,0.6843308210372925,True,0.8126437067985535,True,0.47688859701156616,False
126,p0n147,6,2.3333333333333335,0.16666666666666666,208.0,2.0,A-4,68,1,0,0.30913087725639343,False,0.17507058382034302,False,0.28179943561553955,False
127,p0n149,6,2.5,0.5,210.0,6.0,B-3,58,1,0,0.9464544057846069,True,0.9651432037353516,True,0.9394252300262451,True
128,p0n150,6,2.5,0.5,210.0,6.0,G2,43,2,0,0.5810843706130981,True,0.5442271828651428,True,0.5341315269470215,True
129,p0n151,6,2.6666666666666665,0.16666666666666666,212.0,2.0,B-4,70,1,0,0.5404011011123657,True,0.25246939063072205,False,0.2593458592891693,False
130,p0n152,6,2.8333333333333335,0.16666666666666666,214.0,2.0,E-4,63,1,0,0.7710566520690918,True,0.7438091039657593,True,0.5248548984527588,True
131,p0n154,7,0.0,1.0,216.0,12.0,D-4,61,1,0,0.8940998911857605,True,0.9731674194335938,True,0.7960976958274841,True
132,p0n155,7,0.0,0.5,216.0,6.0,F2,41,2,0,0.9645059108734131,True,0.6705918908119202,True,0.59468013048172,True
133,p0n156,7,0.16666666666666666,0.16666666666666666,218.0,2.0,F4,65,1,0,0.8444442749023438,True,0.7986883521080017,True,0.6524816751480103,True
134,p0n157,7,0.3333333333333333,0.16666666666666666,220.0,2.0,A-4,68,1,0,0.6190078258514404,True,0.32491639256477356,False,0.30838513374328613,False
135,p0n158,7,0.5,0.16666666666666666,222.0,2.0,E-4,63,1,0,0.7173647284507751,True,0.9221237897872925,True,0.48438435792922974,False
136,p0n159,7,0.5,0.5,222.0,6.0,G2,43,2,0,0.6470937728881836,True,0.33601492643356323,False,0.32177355885505676,False
137,p0n160,7,0.6666666666666666,0.16666666666666666,224.0,2.0,G4,67,1,0,0.43207240104675293,False,0.13082551956176758,False,0.28046074509620667,False
138,p0n161,7,0.8333333333333334,0.16666666666666666,226.0,2.0,B-4,70,1,0,0.42545074224472046,False,0.13577082753181458,False,0.27393826842308044,False
139,p0n163,7,1.0,0.5,228.0,6.0,C4,60,1,0,0.9485800266265869,True,0.8603091835975647,True,0.7920637726783752,True
140,p0n164,7,1.0,0.5,228.0,6.0,A-2,44,2,0,0.3766961097717285,False,0.26976099610328674,False,0.3100418448448181,False
141,p0n165,7,1.1666666666666667,0.16666666666666666,230.0,2.0,E-4,63,1,0,0.6333723664283752,True,0.649182140827179,True,0.4842219054698944,False
142,p0n166,7,1.3333333333333333,0.16666666666666666,232.0,2.0,A-4,68,1,0,0.45289361476898193,False,0.21414469182491302,False,0.29240384697914124,False
143,p0n168,7,1.5,1.0,234.0,12.0,C4,60,1,0,0.9275527596473694,True,0.9761848449707031,True,0.8249739408493042,True
144,p0n169,7,1.5,1.5,234.0,18.0,E-2,39,2,0,0.42221599817276,False,0.49174124002456665,False,0.36808496713638306,False
145,p0n170,7,1.6666666666666667,0.16666666666666666,236.0,2.0,E-4,63,1,0,0.7418241500854492,True,0.8226792812347412,True,0.40504831075668335,False
146,p0n171,7,1.8333333333333333,0.16666666666666666,238.0,2.0,A-4,68,1,0,0.5776898264884949,True,0.1618954837322235,False,0.2758154571056366,False
147,p0n172,7,2.0,0.16666666666666666,240.0,2.0,C5,72,1,0,0.5085218548774719,True,0.4334315359592438,False,0.35591888427734375,False
148,p0n173,7,2.1666666666666665,0.16666666666666666,242.0,2.0,E-4,63,1,0,0.6636417508125305,True,0.8202316761016846,True,0.4398566484451294,False
149,p0n174,7,2.3333333333333335,0.16666666666666666,244.0,2.0,A-4,68,1,0,0.43780773878097534,False,0.18689307570457458,False,0.28525063395500183,False
150,p0n175,7,2.5,0.16666666666666666,246.0,2.0,B-3,58,1,0,0.6259495615959167,True,0.9175593852996826,True,0.6112436056137085,True
151,p0n176,7,2.5,0.5,246.0,6.0,B-3,58,1,0,0.7159728407859802,True,0.9222169518470764,True,0.7337246537208557,True
152,p0n177,7,2.6666666666666665,0.16666666666666666,248.0,2.0,G4,67,1,0,0.6248916387557983,True,0.06590122729539871,False,0.2757352590560913,False
153,p0n178,7,2.8333333333333335,0.16666666666666666,250.0,2.0,D-4,61,1,0,0.9061866402626038,True,0.6059346795082092,True,0.4729059338569641,False
154,p0n179,8,0.0,0.16666666666666666,252.0,2.0,A-3,56,1,0,0.7254863977432251,True,0.9005618691444397,True,0.8046395778656006,True
155,p0n180,8,0.0,0.5,252.0,6.0,A-3,56,1,0,0.6244661211967468,True,0.5717743039131165,True,0.5766201019287109,True
156,p0n181,8,0.0,0.5,252.0,6.0,F2,41,2,0,0.9533149600028992,True,0.43231600522994995,False,0.4075731635093689,False
157,p0n182,8,0.16666666666666666,0.16666666666666666,254.0,2.0,C4,60,1,0,0.9049212336540222,True,0.6851138472557068,True,0.427609384059906,False
158,p0n183,8,0.3333333333333333,0.16666666666666666,256.0,2.0,A-4,68,1,0,0.3885844349861145,False,0.18385310471057892,False,0.28355124592781067,False
159,p0n184,8,0.5,0.16666666666666666,258.0,2.0,A-3,56,1,0,0.44332072138786316,False,0.19930458068847656,False,0.282345175743103,False
160,p0n185,8,0.5,0.5,258.0,6.0,A-3,56,1,0,0.43076255917549133,False,0.24017412960529327,False,0.29141637682914734,False
161,p0n186,8,0.5,0.5,258.0,6.0,C2,36,2,0,0.974612295627594,True,0.897750735282898,True,0.6708746552467346,True
162,p0n187,8,0.6666666666666666,0.16666666666666666,260.0,2.0,E-4,63,1,0,0.61711186170578,True,0.4731729030609131,False,0.3510177731513977,False
163,p0n188,8,0.8333333333333334,0.16666666666666666,262.0,2.0,G-4,66,1,0,0.6076686382293701,True,0.126119926571846,False,0.27651432156562805,False
164,p0n189,8,1.0,0.16666666666666666,264.0,2.0,A-3,56,1,0,0.4378562569618225,False,0.19560925662517548,False,0.2924073338508606,False
165,p0n190,8,1.0,0.5,264.0,6.0,A-3,56,1,0,0.4843548834323883,False,0.28887054324150085,False,0.3185616433620453,False
166,p0n191,8,1.0,0.5,264.0,6.0,A-1,32,2,0,0.141062393784523,False,0.1626530885696411,False,0.28195449709892273,False
167,p0n192,8,1.1666666666666667,0.16666666666666666,266.0,2.0,C4,60,1,0,0.9560706615447998,True,0.6149671673774719,True,0.47080323100090027,False
168,p0n193,8,1.3333333333333333,0.16666666666666666,268.0,2.0,G-4,66,1,0,0.5876255631446838,True,0.22434911131858826,False,0.2812526822090149,False
169,p0n195,8,1.5,0.5,270.0,6.0,A-3,56,1,0,0.5297830700874329,True,0.8084813356399536,True,0.7423478364944458,True
170,p0n196,8,1.5,0.5,270.0,6.0,D-2,37,2,0,0.9490076303482056,True,0.9075786471366882,True,0.8702372908592224,True
171,p0n197,8,1.6666666666666667,0.16666666666666666,272.0,2.0,F4,65,1,0,0.6817516684532166,True,0.47402703762054443,False,0.3033081293106079,False
172,p0n198,8,1.8333333333333333,0.16666666666666666,274.0,2.0,E-4,63,1,0,0.883067786693573,True,0.4819827973842621,False,0.3426794111728668,False
173,p0n199,8,2.0,0.16666666666666666,276.0,2.0,D-4,61,1,0,0.9519246220588684,True,0.9620054960250854,True,0.7015548944473267,True
174,p0n200,8,2.0,0.5,276.0,6.0,D-4,61,1,0,0.9628840088844299,True,0.915963888168335,True,0.7120727896690369,True
175,p0n201,8,2.0,0.5,276.0,6.0,B-1,34,2,0,0.9968506693840027,True,0.9683800935745239,True,0.9634226560592651,True
176,p0n202,8,2.1666666666666665,0.16666666666666666,278.0,2.0,F-4,64,1,0,0.36446133255958557,False,0.10079414397478104,False,0.2668156325817108,False
177,p0n203,8,2.3333333333333335,0.16666666666666666,280.0,2.0,G4,67,1,0,0.8227840065956116,True,0.03816165402531624,False,0.2701416015625,False
178,p0n204,8,2.5,0.16666666666666666,282.0,2.0,C4,60,1,0,0.9839285612106323,True,0.7995295524597168,True,0.6622008681297302,True
179,p0n205,8,2.5,0.5,282.0,6.0,C4,60,1,0,0.9798989295959473,True,0.8120762705802917,True,0.7457711100578308,True
180,p0n206,8,2.5,0.5,282.0,6.0,C2,36,2,0,0.9727681875228882,True,0.7956605553627014,True,0.8619610071182251,True
181,p0n207,8,2.6666666666666665,0.16666666666666666,284.0,2.0,E-4,63,1,0,0.4910128116607666,False,0.22583946585655212,False,0.28585395216941833,False
182,p0n208,8,2.8333333333333335,0.16666666666666666,286.0,2.0,A-4,68,1,0,0.5878323912620544,True,0.20973187685012817,False,0.2836885452270508,False
183,p0n210,9,0.0,0.25,288.0,3.0,C4,60,1,0,0.9854204058647156,True,0.9820231795310974,True,0.7780795097351074,True
184,p0n211,9,0.0,0.5,288.0,6.0,D-2,37,2,0,0.9766149520874023,True,0.8885030746459961,True,0.7257339358329773,True
185,p0n212,9,0.16666666666666666,0.16666666666666666,290.0,2.0,F4,65,1,0,0.7141011357307434,True,0.6785740852355957,True,0.3736035227775574,False
186,p0n213,9,0.25,0.25,291.0,3.0,B-3,58,1,0,0.7252436876296997,True,0.9363458156585693,True,0.6915429830551147,True
187,p0n214,9,0.3333333333333333,0.16666666666666666,292.0,2.0,D-4,61,1,0,0.8837015628814697,True,0.383535236120224,False,0.29232221841812134,False
188,p0n215,9,0.5,0.16666666666666666,294.0,2.0,A-3,56,1,0,0.6012907028198242,True,0.6020520329475403,True,0.5605142712593079,True
189,p0n216,9,0.5,0.5,294.0,6.0,A-3,56,1,0,0.47350504994392395,False,0.3702121376991272,False,0.33323460817337036,False
190,p0n217,9,0.5,0.5,294.0,6.0,E-2,39,2,0,0.6265925765037537,True,0.7696397304534912,True,0.4263705313205719,False
191,p0n218,9,0.6666666666666666,0.16666666666666666,296.0,2.0,C4,60,1,0,0.9825333952903748,True,0.8138290643692017,True,0.5048425197601318,True
192,p0n219,9,0.8333333333333334,0.16666666666666666,298.0,2.0,E-4,63,1,0,0.5255993604660034,True,0.6754308342933655,True,0.4031708538532257,False
193,p0n220,9,1.0,0.16666666666666666,300.0,2.0,G3,55,1,0,0.453115850687027,False,0.21080569922924042,False,0.30118197202682495,False
194,p0n221,9,1.0,0.5,300.0,6.0,G3,55,1,0,0.49087271094322205,False,0.21031150221824646,False,0.30257171392440796,False
195,p0n222,9,1.0,0.5,300.0,6.0,E-2,39,2,0,0.7320846319198608,True,0.33601242303848267,False,0.36175045371055603,False
196,p0n223,9,1.1666666666666667,0.16666666666666666,302.0,2.0,D-4,61,1,0,0.767008364200592,True,0.5903422832489014,True,0.35486745834350586,False
197,p0n224,9,1.3333333333333333,0.16666666666666666,304.0,2.0,E-4,63,1,0,0.5632411241531372,True,0.4755108654499054,False,0.3295251131057739,False
198,p0n226,9,1.5,1.0,306.0,12.0,A-3,56,1,0,0.9105820655822754,True,0.8698217868804932,True,0.6837268471717834,True
199,p0n227,9,1.5,3.0,306.0,36.0,A-2,44,2,0,0.20025154948234558,False,0.311484694480896,False,0.31420621275901794,False
200,p0n228,9,1.6666666666666667,0.16666666666666666,308.0,2.0,C4,60,1,0,0.9062274098396301,True,0.6507264375686646,True,0.4206121563911438,False
201,p0n229,9,1.8333333333333333,0.16666666666666666,310.0,2.0,E-4,63,1,0,0.7647786736488342,True,0.46465468406677246,False,0.3352750241756439,False
202,p0n230,9,2.0,0.16666666666666666,312.0,2.0,E-3,51,1,0,0.5028989911079407,True,0.47689089179039,False,0.347619891166687,False
203,p0n231,9,2.1666666666666665,0.16666666666666666,314.0,2.0,A-3,56,1,0,0.85343337059021,True,0.4553380012512207,False,0.33803224563598633,False
204,p0n232,9,2.3333333333333335,0.16666666666666666,316.0,2.0,C4,60,1,0,0.9487512111663818,True,0.7067516446113586,True,0.447644978761673,False
205,p0n233,9,2.5,0.5,318.0,6.0,E-4,63,1,0,0.4425453543663025,False,0.2490047961473465,False,0.2985120117664337,False
206,p0n234,9,2.5,0.16666666666666666,318.0,2.0,E-4,63,1,0,0.37908509373664856,False,0.20089568197727203,False,0.28602203726768494,False
207,p0n235,9,2.6666666666666665,0.16666666666666666,320.0,2.0,D-4,61,1,0,0.9195768237113953,True,0.7169355154037476,True,0.4026816189289093,False
208,p0n236,9,2.8333333333333335,0.16666666666666666,322.0,2.0,B-3,58,1,0,0.6341003775596619,True,0.7275393009185791,True,0.523870587348938,True
209,p0n237,10,0.0,1.0,324.0,12.0,A-4,68,1,0,0.2996441125869751,False,0.30736827850341797,False,0.3241838812828064,False
210,p0n240,10,0.16666666666666666,0.16666666666666666,326.0,2.0,A-3,56,1,0,0.7073335647583008,True,0.3818233013153076,False,0.3269062042236328,False
211,p0n241,10,0.3333333333333333,0.16666666666666666,328.0,2.0,C4,60,1,0,0.9452783465385437,True,0.8300417065620422,True,0.49187415838241577,False
212,p0n242,10,0.5,0.16666666666666666,330.0,2.0,E-4,63,1,0,0.182809978723526,False,0.16004207730293274,False,0.267447829246521,False
213,p0n243,10,0.6666666666666666,0.16666666666666666,332.0,2.0,C4,60,1,0,0.9683577418327332,True,0.7236236333847046,True,0.4344378411769867,False
214,p0n244,10,0.8333333333333334,0.16666666666666666,334.0,2.0,E-4,63,1,0,0.09129687398672104,False,0.11238584667444229,False,0.26365238428115845,False
215,p0n245,10,1.0,0.5,336.0,6.0,G4,67,1,0,0.561115562915802,True,0.22589147090911865,False,0.2917722761631012,False
216,p0n246,10,1.0,0.16666666666666666,336.0,2.0,G4,67,1,0,0.7397604584693909,True,0.14387470483779907,False,0.2858172357082367,False
217,p0n247,10,1.1666666666666667,0.16666666666666666,338.0,2.0,E-4,63,1,0,0.05485589802265167,False,0.10927390307188034,False,0.26307183504104614,False
218,p0n248,10,1.3333333333333333,0.16666666666666666,340.0,2.0,D-4,61,1,0,0.826884388923645,True,0.6493043303489685,True,0.41884714365005493,False
219,p0n249,10,1.5,0.5,342.0,6.0,A-4,68,1,0,0.7044442296028137,True,0.6906257271766663,True,0.49174803495407104,False
220,p0n251,10,1.5,3.5,342.0,42.0,A-2,44,2,0,0.3565758168697357,False,0.38239389657974243,False,0.33833158016204834,False
221,p0n250,10,1.5,3.5,342.0,42.0,A-1,32,2,0,0.7158274054527283,True,0.9413719773292542,True,0.8146108388900757,True
222,p0n253,10,1.6666666666666667,0.16666666666666666,344.0,2.0,C4,60,1,0,0.8717215657234192,True,0.6534087657928467,True,0.3882541358470917,False
223,p0n254,10,1.8333333333333333,0.16666666666666666,346.0,2.0,E-4,63,1,0,0.05236407741904259,False,0.11250223964452744,False,0.26341763138771057,False
224,p0n255,10,2.0,0.5,348.0,6.0,B-4,70,1,0,0.7893076539039612,True,0.46155819296836853,False,0.33907637000083923,False
225,p0n256,10,2.0,0.16666666666666666,348.0,2.0,B-4,70,1,0,0.8308173418045044,True,0.374632865190506,False,0.3170965909957886,False
226,p0n257,10,2.1666666666666665,0.16666666666666666,350.0,2.0,D-4,61,1,0,0.7788863778114319,True,0.5322545766830444,True,0.35429689288139343,False
227,p0n258,10,2.3333333333333335,0.16666666666666666,352.0,2.0,F4,65,1,0,0.6207958459854126,True,0.4978685975074768,False,0.3498480021953583,False
228,p0n259,10,2.5,0.5,354.0,6.0,C5,72,1,0,0.1513640582561493,False,0.1349712461233139,False,0.27236947417259216,False
229,p0n260,10,2.5,0.16666666666666666,354.0,2.0,C5,72,1,0,0.13576041162014008,False,0.12278112769126892,False,0.27040570974349976,False
230,p0n261,10,2.6666666666666665,0.16666666666666666,356.0,2.0,E-4,63,1,0,0.05839388072490692,False,0.11122626066207886,False,0.26329734921455383,False
231,p0n262,10,2.8333333333333335,0.16666666666666666,358.0,2.0,G-4,66,1,0,0.8147603273391724,True,0.39248335361480713,False,0.36966392397880554,False
232,p0n263,11,0.0,0.5,360.0,6.0,D-5,73,1,0,0.5815354585647583,True,0.7520828247070312,True,0.575567901134491,True
233,p0n267,11,0.16666666666666666,0.16666666666666666,362.0,2.0,F4,65,1,0,0.7703038454055786,True,0.42975345253944397,False,0.3362528085708618,False
234,p0n268,11,0.3333333333333333,0.16666666666666666,364.0,2.0,A-4,68,1,0,0.3283213973045349,False,0.20017758011817932,False,0.28669261932373047,False
235,p0n269,11,0.5,0.5,366.0,6.0,B-4,70,1,0,0.44167855381965637,False,0.28320935368537903,False,0.300555557012558,False
236,p0n270,11,0.5,0.16666666666666666,366.0,2.0,B-4,70,1,0,0.3867098391056061,False,0.24817021191120148,False,0.2918564975261688,False
237,p0n271,11,0.6666666666666666,0.16666666666666666,368.0,2.0,A-4,68,1,0,0.20216849446296692,False,0.15754522383213043,False,0.27680039405822754,False
238,p0n272,11,0.8333333333333334,0.16666666666666666,370.0,2.0,E-4,63,1,0,0.11994681507349014,False,0.11951470375061035,False,0.2644484341144562,False
239,p0n273,11,1.0,0.5,372.0,6.0,E-5,75,1,0,0.8087354898452759,True,0.8756824731826782,True,0.5810913443565369,True
240,p0n274,11,1.0,0.16666666666666666,372.0,2.0,E-5,75,1,0,0.8258305788040161,True,0.7061739563941956,True,0.4468346834182739,False
241,p0n275,11,1.1666666666666667,0.16666666666666666,374.0,2.0,G4,67,1,0,0.4893958568572998,False,0.16054582595825195,False,0.28343039751052856,False
242,p0n276,11,1.3333333333333333,0.16666666666666666,376.0,2.0,E-4,63,1,0,0.3234438896179199,False,0.14989635348320007,False,0.270346075296402,False
243,p0n277,11,1.5,0.5,378.0,6.0,D-5,73,1,0,0.27583688497543335,False,0.3026452660560608,False,0.30905091762542725,False
244,p0n281,11,1.6666666666666667,0.16666666666666666,380.0,2.0,E-4,63,1,0,0.3028556704521179,False,0.14949320256710052,False,0.2701960802078247,False
245,p0n282,11,1.8333333333333333,0.16666666666666666,382.0,2.0,B-4,70,1,0,0.768721342086792,True,0.1721569299697876,False,0.2708050310611725,False
246,p0n283,11,2.0,0.5,384.0,6.0,C5,72,1,0,0.3015752136707306,False,0.22041729092597961,False,0.28050434589385986,False
247,p0n284,11,2.0,0.16666666666666666,384.0,2.0,C5,72,1,0,0.1848861575126648,False,0.16204674541950226,False,0.26800844073295593,False
248,p0n285,11,2.0,0.5,384.0,6.0,A-2,44,2,0,0.09059126675128937,False,0.14585568010807037,False,0.2699102461338043,False
249,p0n286,11,2.1666666666666665,0.16666666666666666,386.0,2.0,A-4,68,1,0,0.6266034245491028,True,0.16666091978549957,False,0.27845171093940735,False
250,p0n287,11,2.3333333333333335,0.16666666666666666,388.0,2.0,E-4,63,1,0,0.19003893435001373,False,0.12648676335811615,False,0.2656097710132599,False
251,p0n288,11,2.5,0.5,390.0,6.0,B-4,70,1,0,0.6614503860473633,True,0.3385646343231201,False,0.29843512177467346,False
252,p0n289,11,2.5,0.16666666666666666,390.0,2.0,B-4,70,1,0,0.6531240940093994,True,0.21997800469398499,False,0.288493275642395,False
253,p0n290,11,2.5,0.5,390.0,6.0,E-2,39,2,0,0.5206243395805359,True,0.2532191276550293,False,0.31142458319664,False
254,p0n291,11,2.6666666666666665,0.16666666666666666,392.0,2.0,G4,67,1,0,0.6208977103233337,True,0.3127799332141876,False,0.27735239267349243,False
255,p0n292,11,2.8333333333333335,0.16666666666666666,394.0,2.0,D-4,61,1,0,0.48452699184417725,False,0.23227420449256897,False,0.2908288836479187,False
256,p0n293,12,0.0,1.0,396.0,12.0,A-4,68,1,0,0.7339495420455933,True,0.36762166023254395,False,0.33093392848968506,False
257,p0n294,12,0.0,1.0,396.0,12.0,F2,41,2,0,0.8882932662963867,True,0.5182839035987854,True,0.5733994245529175,True
258,p0n296,12,0.16666666666666666,0.16666666666666666,398.0,2.0,A-3,56,1,0,0.9218467473983765,True,0.29579174518585205,False,0.3136192858219147,False
259,p0n297,12,0.3333333333333333,0.16666666666666666,400.0,2.0,C4,60,1,0,0.7197109460830688,True,0.6041388511657715,True,0.2595612406730652,False
260,p0n298,12,0.5,0.16666666666666666,402.0,2.0,F4,65,1,0,0.836142897605896,True,0.7303184866905212,True,0.4883274435997009,False
261,p0n299,12,0.6666666666666666,0.16666666666666666,404.0,2.0,C4,60,1,0,0.825502336025238,True,0.6084657311439514,True,0.31211334466934204,False
262,p0n300,12,0.8333333333333334,0.16666666666666666,406.0,2.0,F4,65,1,0,0.8668248057365417,True,0.34199851751327515,False,0.3314203917980194,False
263,p0n301,12,1.0,0.5,408.0,6.0,A-4,68,1,0,0.5277169942855835,True,0.17851287126541138,False,0.267452597618103,False
264,p0n302,12,1.0,0.16666666666666666,408.0,2.0,A-4,68,1,0,0.3437529504299164,False,0.19110098481178284,False,0.2885195016860962,False
265,p0n303,12,1.0,0.5,408.0,6.0,E-2,39,2,0,0.19785842299461365,False,0.17275185883045197,False,0.2775522470474243,False
266,p0n304,12,1.1666666666666667,0.16666666666666666,410.0,2.0,F4,65,1,0,0.8107192516326904,True,0.4284215569496155,False,0.3600917160511017,False
267,p0n305,12,1.3333333333333333,0.16666666666666666,412.0,2.0,C4,60,1,0,0.570507824420929,True,0.6129570603370667,True,0.44249966740608215,False
268,p0n306,12,1.5,0.5,414.0,6.0,C5,72,1,0,0.8519421219825745,True,0.7271494269371033,True,0.4759376645088196,False
269,p0n307,12,1.5,1.0,414.0,12.0,D-2,37,2,0,0.9755621552467346,True,0.8369817733764648,True,0.7272706031799316,True
270,p0n309,12,1.6666666666666667,0.16666666666666666,416.0,2.0,E-4,63,1,0,0.1990009844303131,False,0.11497987806797028,False,0.26416856050491333,False
271,p0n310,12,1.8333333333333333,0.16666666666666666,418.0,2.0,F4,65,1,0,0.7527811527252197,True,0.49701374769210815,False,0.3616022765636444,False
272,p0n311,12,2.0,0.5,420.0,6.0,B-4,70,1,0,0.7973513007164001,True,0.5454034209251404,True,0.3285592198371887,False
273,p0n312,12,2.0,0.16666666666666666,420.0,2.0,B-4,70,1,0,0.7350666522979736,True,0.5519475936889648,True,0.2836528420448303,False
274,p0n313,12,2.1666666666666665,0.16666666666666666,422.0,2.0,F4,65,1,0,0.7880569100379944,True,0.3340238034725189,False,0.3294431269168854,False
275,p0n314,12,2.3333333333333335,0.16666666666666666,424.0,2.0,D-4,61,1,0,0.8528098464012146,True,0.8223063945770264,True,0.5786914229393005,True
276,p0n315,12,2.5,0.5,426.0,6.0,A-4,68,1,0,0.8927388191223145,True,0.5882042646408081,True,0.4207964241504669,False
277,p0n316,12,2.5,0.16666666666666666,426.0,2.0,A-4,68,1,0,0.8858518600463867,True,0.44114264845848083,False,0.3406578302383423,False
278,p0n317,12,2.5,0.5,426.0,6.0,D2,38,2,0,0.9133257865905762,True,0.8860776424407959,True,0.7122701406478882,True
279,p0n318,12,2.6666666666666665,0.16666666666666666,428.0,2.0,C-4,59,1,0,0.4145994782447815,False,0.1310589462518692,False,0.2664017975330353,False
280,p0n319,12,2.8333333333333335,0.16666666666666666,430.0,2.0,F4,65,1,0,0.8247981667518616,True,0.458427757024765,False,0.3270608186721802,False
281,p0n320,13,0.0,1.5,432.0,18.0,A-4,68,1,0,0.9201651215553284,True,0.786227822303772,True,0.5991479158401489,True
282,p0n321,13,0.0,2.5,432.0,30.0,E-2,39,2,0,0.08784141391515732,False,0.19071567058563232,False,0.28308963775634766,False
283,p0n323,13,0.16666666666666666,0.16666666666666666,434.0,2.0,A-3,56,1,0,0.15234506130218506,False,0.1281450241804123,False,0.27125993371009827,False
284,p0n324,13,0.3333333333333333,0.16666666666666666,436.0,2.0,C-4,59,1,0,0.7977707982063293,True,0.18872196972370148,False,0.2678397595882416,False
285,p0n325,13,0.5,0.16666666666666666,438.0,2.0,D4,62,1,0,0.3802826702594757,False,0.22126685082912445,False,0.27948179841041565,False
286,p0n326,13,0.6666666666666666,0.16666666666666666,440.0,2.0,C-4,59,1,0,0.9380053281784058,True,0.22077836096286774,False,0.2717514634132385,False
287,p0n327,13,0.8333333333333334,0.16666666666666666,442.0,2.0,D4,62,1,0,0.1467081755399704,False,0.11929106712341309,False,0.26413264870643616,False
288,p0n328,13,1.0,0.16666666666666666,444.0,2.0,F4,65,1,0,0.9309219121932983,True,0.5147809982299805,True,0.38545897603034973,False
289,p0n329,13,1.1666666666666667,0.16666666666666666,446.0,2.0,D4,62,1,0,0.22466279566287994,False,0.12290415912866592,False,0.2644302546977997,False
290,p0n330,13,1.3333333333333333,0.16666666666666666,448.0,2.0,C-4,59,1,0,0.8487585186958313,True,0.34674695134162903,False,0.2865307331085205,False
291,p0n331,13,1.5,1.0,450.0,12.0,G4,67,1,0,0.9480286836624146,True,0.8683260679244995,True,0.5795585513114929,True
292,p0n334,13,1.6666666666666667,0.16666666666666666,452.0,2.0,G3,55,1,0,0.1122024655342102,False,0.10753646492958069,False,0.2741089165210724,False
293,p0n335,13,1.8333333333333333,0.16666666666666666,454.0,2.0,B-3,58,1,0,0.7682914137840271,True,0.7538855075836182,True,0.4847728908061981,False
294,p0n336,13,2.0,0.16666666666666666,456.0,2.0,E-4,63,1,0,0.44583630561828613,False,0.21857818961143494,False,0.27977272868156433,False
295,p0n337,13,2.1666666666666665,0.16666666666666666,458.0,2.0,B-3,58,1,0,0.830758273601532,True,0.6955982446670532,True,0.420735239982605,False
296,p0n338,13,2.3333333333333335,0.16666666666666666,460.0,2.0,G3,55,1,0,0.21111637353897095,False,0.11186635494232178,False,0.2749118208885193,False
297,p0n341,13,2.5,0.16666666666666666,462.0,2.0,E-4,63,1,0,0.6337604522705078,True,0.6491400003433228,True,0.3776858448982239,False
298,p0n342,13,2.6666666666666665,0.16666666666666666,464.0,2.0,B-3,58,1,0,0.7577053308486938,True,0.6986787915229797,True,0.4169713854789734,False
299,p0n343,13,2.8333333333333335,0.16666666666666666,466.0,2.0,G3,55,1,0,0.26699939370155334,False,0.1262320727109909,False,0.2773507833480835,False
300,p0n345,14,0.0,0.5,468.0,6.0,B-2,46,2,0,0.5806338787078857,True,0.9003874063491821,True,0.8747742176055908,True
301,p0n346,14,0.0,1.0,468.0,12.0,E-2,39,2,0,0.07755938917398453,False,0.17673909664154053,False,0.28064262866973877,False
302,p0n347,14,0.16666666666666666,0.16666666666666666,470.0,2.0,G3,55,1,0,0.15453363955020905,False,0.1102977842092514,False,0.2744753956794739,False
303,p0n348,14,0.3333333333333333,0.16666666666666666,472.0,2.0,B-3,58,1,0,0.6127206087112427,True,0.6406845450401306,True,0.4213466942310333,False
304,p0n350,14,0.5,0.5,474.0,6.0,E-3,51,2,0,0.2887446880340576,False,0.16764767467975616,False,0.27036017179489136,False
305,p0n351,14,0.6666666666666666,0.16666666666666666,476.0,2.0,G3,55,1,0,0.651712954044342,True,0.03853710740804672,False,0.2718251645565033,False
306,p0n352,14,0.8333333333333334,0.16666666666666666,478.0,2.0,B-3,58,1,0,0.1700011044740677,False,0.13412964344024658,False,0.27140897512435913,False
307,p0n354,14,1.0,0.5,480.0,6.0,F3,53,2,0,0.9836079478263855,True,0.8738241791725159,True,0.7703238725662231,True
308,p0n355,14,1.0,0.5,480.0,6.0,B-2,46,2,0,0.5244171619415283,True,0.775162398815155,True,0.7767835855484009,True
309,p0n356,14,1.1666666666666667,0.16666666666666666,482.0,2.0,B-3,58,1,0,0.3446011245250702,False,0.2175731211900711,False,0.2878519594669342,False
310,p0n357,14,1.3333333333333333,0.16666666666666666,484.0,2.0,D4,62,1,0,0.16361843049526215,False,0.1424756944179535,False,0.26699694991111755,False
311,p0n359,14,1.5,1.0,486.0,12.0,G3,55,2,0,0.3817940652370453,False,0.2280598282814026,False,0.2987474799156189,False
312,p0n360,14,1.5,1.0,486.0,12.0,E-2,39,2,0,0.3192008137702942,False,0.29761460423469543,False,0.30028605461120605,False
313,p0n361,14,1.6666666666666667,0.16666666666666666,488.0,2.0,B-3,58,1,0,0.37706488370895386,False,0.19596092402935028,False,0.28381016850471497,False
314,p0n362,14,1.8333333333333333,0.16666666666666666,490.0,2.0,E-4,63,1,0,0.8885369300842285,True,0.876028835773468,True,0.46969953179359436,False
315,p0n363,14,2.0,0.16666666666666666,492.0,2.0,G4,67,1,0,0.8928682804107666,True,0.4662373661994934,False,0.32120510935783386,False
316,p0n364,14,2.1666666666666665,0.16666666666666666,494.0,2.0,B-3,58,1,0,0.5964294075965881,True,0.3242345154285431,False,0.296064168214798,False
317,p0n365,14,2.3333333333333335,0.16666666666666666,496.0,2.0,E-4,63,1,0,0.8329688906669617,True,0.7991765141487122,True,0.5971024632453918,True
318,p0n367,14,2.5,0.5,498.0,6.0,F3,53,2,0,0.980381190776825,True,0.5828579664230347,True,0.6800256967544556,True
319,p0n368,14,2.5,0.5,498.0,6.0,D2,38,2,0,0.9713000655174255,True,0.7647370100021362,True,0.818574070930481,True
320,p0n369,14,2.6666666666666665,0.16666666666666666,500.0,2.0,F4,65,1,0,0.9503457546234131,True,0.3129945695400238,False,0.32644379138946533,False
321,p0n370,14,2.8333333333333335,0.16666666666666666,502.0,2.0,B-3,58,1,0,0.5359131693840027,True,0.23250626027584076,False,0.27947941422462463,False
322,p0n372,15,0.0,1.0,504.0,12.0,A-3,56,2,0,0.35878050327301025,False,0.3856492340564728,False,0.34668558835983276,False
323,p0n373,15,0.0,0.5,504.0,6.0,C2,36,2,0,0.9913444519042969,True,0.9356019496917725,True,0.796363115310669,True
324,p0n374,15,0.16666666666666666,0.16666666666666666,506.0,2.0,C4,60,1,0,0.843843936920166,True,0.9337438344955444,True,0.674509584903717,True
325,p0n375,15,0.3333333333333333,0.16666666666666666,508.0,2.0,E-4,63,1,0,0.9403967261314392,True,0.8616060614585876,True,0.48784250020980835,False
326,p0n376,15,0.5,0.16666666666666666,510.0,2.0,B-3,58,1,0,0.3977469205856323,False,0.27940481901168823,False,0.2999393939971924,False
327,p0n377,15,0.5,0.5,510.0,6.0,D2,38,2,0,0.9053655862808228,True,0.8341048955917358,True,0.5850960612297058,True
328,p0n378,15,0.6666666666666666,0.16666666666666666,512.0,2.0,D4,62,1,0,0.028130074962973595,False,0.11080195754766464,False,0.262279212474823,False
329,p0n379,15,0.8333333333333334,0.16666666666666666,514.0,2.0,F4,65,1,0,0.9552986025810242,True,0.22695480287075043,False,0.295064777135849,False
330,p0n381,15,1.0,0.5,516.0,6.0,G3,55,2,0,0.38914191722869873,False,0.1847420334815979,False,0.2974294424057007,False
331,p0n382,15,1.0,0.5,516.0,6.0,E-2,39,2,0,0.2931685447692871,False,0.19606433808803558,False,0.2832188010215759,False
332,p0n383,15,1.1666666666666667,0.16666666666666666,518.0,2.0,B-3,58,1,0,0.36564597487449646,False,0.17826710641384125,False,0.2796604335308075,False
333,p0n384,15,1.3333333333333333,0.16666666666666666,520.0,2.0,E-4,63,1,0,0.8863545060157776,True,0.8409916758537292,True,0.5962799191474915,True
334,p0n386,15,1.5,1.0,522.0,12.0,G3,55,2,0,0.3274421989917755,False,0.28935006260871887,False,0.31681814789772034,False
335,p0n387,15,1.5,1.5,522.0,18.0,B-1,34,2,0,0.8983525633811951,True,0.8638076782226562,True,0.8416003584861755,True
336,p0n388,15,1.6666666666666667,0.16666666666666666,524.0,2.0,B-3,58,1,0,0.5593952536582947,True,0.3707125186920166,False,0.2868470251560211,False
337,p0n389,15,1.8333333333333333,0.16666666666666666,526.0,2.0,E-4,63,1,0,0.9134935140609741,True,0.8071364760398865,True,0.4483281672000885,False
338,p0n390,15,2.0,0.16666666666666666,528.0,2.0,G4,67,1,0,0.8422085642814636,True,0.4929390549659729,False,0.37528112530708313,False
339,p0n391,15,2.1666666666666665,0.16666666666666666,530.0,2.0,B-3,58,1,0,0.6730772256851196,True,0.35756173729896545,False,0.2986132502555847,False
340,p0n392,15,2.3333333333333335,0.16666666666666666,532.0,2.0,E-4,63,1,0,0.7443482279777527,True,0.7309258580207825,True,0.4126603305339813,False
341,p0n394,15,2.5,0.5,534.0,6.0,F3,53,2,0,0.9195032715797424,True,0.6649640202522278,True,0.42016589641571045,False
342,p0n395,15,2.6666666666666665,0.16666666666666666,536.0,2.0,D4,62,1,0,0.04770158976316452,False,0.11666830629110336,False,0.26284101605415344,False
343,p0n396,15,2.8333333333333335,0.16666666666666666,538.0,2.0,A-3,56,1,0,0.4481951594352722,False,0.19545558094978333,False,0.285106897354126,False
344,p0n397,16,0.0,0.16666666666666666,540.0,2.0,E-3,51,1,0,0.9411700367927551,True,0.7601293325424194,True,0.5783613324165344,True
345,p0n398,16,0.0,0.5,540.0,6.0,E-3,51,1,0,0.9482201933860779,True,0.6815295815467834,True,0.49391186237335205,False
346,p0n399,16,0.0,0.5,540.0,6.0,C2,36,2,0,0.9678788781166077,True,0.9539657235145569,True,0.8485598564147949,True
347,p0n400,16,0.16666666666666666,0.16666666666666666,542.0,2.0,G3,55,1,0,0.7346414923667908,True,0.14417539536952972,False,0.27633172273635864,False
348,p0n401,16,0.3333333333333333,0.16666666666666666,544.0,2.0,E-4,63,1,0,0.7621964812278748,True,0.7308146953582764,True,0.43849602341651917,False
349,p0n402,16,0.5,0.16666666666666666,546.0,2.0,E-3,51,1,0,0.802496075630188,True,0.3713322579860687,False,0.2920804023742676,False
350,p0n403,16,0.5,0.5,546.0,6.0,E-3,51,1,0,0.7955906987190247,True,0.4456252455711365,False,0.3123743236064911,False
351,p0n404,16,0.5,0.5,546.0,6.0,G2,43,2,0,0.7368965744972229,True,0.15311549603939056,False,0.2832224667072296,False
352,p0n405,16,0.6666666666666666,0.16666666666666666,548.0,2.0,D-4,61,1,0,0.6569525003433228,True,0.7670705318450928,True,0.4446946084499359,False
353,p0n406,16,0.8333333333333334,0.16666666666666666,550.0,2.0,B-3,58,1,0,0.658999502658844,True,0.5091778039932251,True,0.3591708540916443,False
354,p0n407,16,1.0,0.16666666666666666,552.0,2.0,E-3,51,1,0,0.9229118824005127,True,0.35929447412490845,False,0.299796462059021,False
355,p0n408,16,1.0,0.5,552.0,6.0,E-3,51,1,0,0.8848759531974792,True,0.46667271852493286,False,0.3389805555343628,False
356,p0n409,16,1.0,0.5,552.0,6.0,E-2,39,2,0,0.5224278569221497,True,0.5248716473579407,True,0.4286031424999237,False
357,p0n410,16,1.1666666666666667,0.16666666666666666,554.0,2.0,D-4,61,1,0,0.7427356839179993,True,0.8013507723808289,True,0.5053343176841736,True
358,p0n411,16,1.3333333333333333,0.16666666666666666,556.0,2.0,G3,55,1,0,0.9105914831161499,True,0.17757903039455414,False,0.2850198447704315,False
359,p0n413,16,1.5,0.5,558.0,6.0,E-3,51,1,0,0.9413123726844788,True,0.7606061697006226,True,0.4590492844581604,False
360,p0n414,16,1.5,0.5,558.0,6.0,A-2,44,2,0,0.2746793031692505,False,0.3262086510658264,False,0.31555792689323425,False
361,p0n415,16,1.6666666666666667,0.16666666666666666,560.0,2.0,C4,60,1,0,0.6242458820343018,True,0.6680742502212524,True,0.39235273003578186,False
362,p0n416,16,1.8333333333333333,0.16666666666666666,562.0,2.0,B-3,58,1,0,0.3355552554130554,False,0.17898736894130707,False,0.2788485586643219,False
363,p0n417,16,2.0,0.16666666666666666,564.0,2.0,A-3,56,1,0,0.2191695123910904,False,0.18873734772205353,False,0.27727776765823364,False
364,p0n418,16,2.0,0.5,564.0,6.0,A-3,56,1,0,0.3207170069217682,False,0.2688247859477997,False,0.29550302028656006,False
365,p0n419,16,2.0,0.5,564.0,6.0,F2,41,2,0,0.8140671849250793,True,0.4636174142360687,False,0.3948029577732086,False
366,p0n420,16,2.1666666666666665,0.16666666666666666,566.0,2.0,C-4,59,1,0,0.48561254143714905,False,0.15208840370178223,False,0.27035945653915405,False
367,p0n421,16,2.3333333333333335,0.16666666666666666,568.0,2.0,D4,62,1,0,0.2468041032552719,False,0.17413608729839325,False,0.2711888253688812,False
368,p0n422,16,2.5,0.16666666666666666,570.0,2.0,G3,55,1,0,0.7498553395271301,True,0.1415647566318512,False,0.28580471873283386,False
369,p0n423,16,2.5,0.5,570.0,6.0,G3,55,1,0,0.8545717597007751,True,0.24374672770500183,False,0.30591845512390137,False
370,p0n424,16,2.5,0.5,570.0,6.0,G2,43,2,0,0.5064845681190491,True,0.21502749621868134,False,0.2971607446670532,False
371,p0n425,16,2.6666666666666665,0.16666666666666666,572.0,2.0,B-3,58,1,0,0.24754193425178528,False,0.14220944046974182,False,0.27316316962242126,False
372,p0n426,16,2.8333333333333335,0.16666666666666666,574.0,2.0,E-4,63,1,0,0.7911176681518555,True,0.8284107446670532,True,0.4855092763900757,False
373,p0n428,17,0.0,0.25,576.0,3.0,G3,55,1,0,0.7553515434265137,True,0.3828813433647156,False,0.3518313467502594,False
374,p0n429,17,0.0,0.5,576.0,6.0,A-2,44,2,0,0.6340516209602356,True,0.9139549732208252,True,0.6999971866607666,True
375,p0n430,17,0.16666666666666666,0.16666666666666666,578.0,2.0,C4,60,1,0,0.7322071194648743,True,0.5394700765609741,True,0.3815048038959503,False
376,p0n431,17,0.25,0.25,579.0,3.0,F3,53,1,0,0.910111129283905,True,0.8321168422698975,True,0.46291762590408325,False
377,p0n432,17,0.3333333333333333,0.16666666666666666,580.0,2.0,A-3,56,1,0,0.31800833344459534,False,0.20621904730796814,False,0.284778356552124,False
378,p0n433,17,0.5,0.16666666666666666,582.0,2.0,E-3,51,1,0,0.8894225358963013,True,0.7630560398101807,True,0.5397822260856628,True
379,p0n434,17,0.5,0.5,582.0,6.0,E-3,51,1,0,0.8529415130615234,True,0.7426252961158752,True,0.581486165523529,True
380,p0n435,17,0.5,0.5,582.0,6.0,B-2,46,2,0,0.1337289661169052,False,0.12249930202960968,False,0.2653445899486542,False
381,p0n436,17,0.6666666666666666,0.16666666666666666,584.0,2.0,G3,55,1,0,0.765154242515564,True,0.09230045229196548,False,0.2753371298313141,False
382,p0n437,17,0.8333333333333334,0.16666666666666666,586.0,2.0,B-3,58,1,0,0.7775756120681763,True,0.6547017097473145,True,0.4721827507019043,False
383,p0n438,17,1.0,0.16666666666666666,588.0,2.0,D3,50,1,0,0.853868842124939,True,0.793316125869751,True,0.7928455471992493,True
384,p0n439,17,1.0,0.5,588.0,6.0,D3,50,1,0,0.8064461946487427,True,0.6236078143119812,True,0.616479218006134,True
385,p0n440,17,1.0,0.5,588.0,6.0,B-1,34,2,0,0.892676830291748,True,0.5521461367607117,True,0.6764609813690186,True
386,p0n441,17,1.1666666666666667,0.16666666666666666,590.0,2.0,A-3,56,1,0,0.27992120385169983,False,0.2157551646232605,False,0.28744348883628845,False
387,p0n442,17,1.3333333333333333,0.16666666666666666,592.0,2.0,B-3,58,1,0,0.8679578900337219,True,0.656847357749939,True,0.424587219953537,False
388,p0n444,17,1.5,1.0,594.0,12.0,E-3,51,1,0,0.9340635538101196,True,0.8417108058929443,True,0.6374737024307251,True
389,p0n445,17,1.5,1.5,594.0,18.0,E-2,39,2,0,0.7337760329246521,True,0.8213600516319275,True,0.5647324323654175,True
390,p0n446,17,1.6666666666666667,0.16666666666666666,596.0,2.0,G3,55,1,0,0.7999310493469238,True,0.20595431327819824,False,0.2898494005203247,False
391,p0n447,17,1.8333333333333333,0.16666666666666666,598.0,2.0,B-3,58,1,0,0.8733382821083069,True,0.6734488606452942,True,0.44577887654304504,False
392,p0n448,17,2.0,0.16666666666666666,600.0,2.0,E-4,63,1,0,0.6654874682426453,True,0.8342396020889282,True,0.47781673073768616,False
393,p0n449,17,2.1666666666666665,0.16666666666666666,602.0,2.0,B-3,58,1,0,0.8738958239555359,True,0.4898449182510376,False,0.31085604429244995,False
394,p0n450,17,2.3333333333333335,0.16666666666666666,604.0,2.0,E-4,63,1,0,0.8060278296470642,True,0.5187448859214783,True,0.34924307465553284,False
395,p0n451,17,2.5,0.5,606.0,6.0,B-4,70,1,0,0.21970213949680328,False,0.14190824329853058,False,0.27837345004081726,False
396,p0n452,17,2.5,0.16666666666666666,606.0,2.0,B-4,70,1,0,0.22481609880924225,False,0.13933221995830536,False,0.27800288796424866,False
397,p0n453,17,2.6666666666666665,0.16666666666666666,608.0,2.0,G4,67,1,0,0.9470120072364807,True,0.3696431517601013,False,0.3123929500579834,False
398,p0n454,17,2.8333333333333335,0.16666666666666666,610.0,2.0,E-4,63,1,0,0.8077127933502197,True,0.5752907395362854,True,0.3546653985977173,False
399,p0n455,18,0.0,0.5,612.0,6.0,E-5,75,1,0,0.7793805003166199,True,0.6599905490875244,True,0.4445312023162842,False
400,p0n456,18,0.0,0.16666666666666666,612.0,2.0,E-5,75,1,0,0.5287138819694519,True,0.35415130853652954,False,0.3111759424209595,False
401,p0n457,18,0.0,1.5,612.0,18.0,C2,36,2,0,0.9868127703666687,True,0.9608543515205383,True,0.8344638347625732,True
402,p0n458,18,0.16666666666666666,0.16666666666666666,614.0,2.0,B-4,70,1,0,0.27697262167930603,False,0.1267668753862381,False,0.2714869976043701,False
403,p0n459,18,0.3333333333333333,0.16666666666666666,616.0,2.0,G-4,66,1,0,0.8721069097518921,True,0.33397895097732544,False,0.297084778547287,False
404,p0n460,18,0.5,0.5,618.0,6.0,D-5,73,1,0,0.1317761391401291,False,0.16383729875087738,False,0.2710869610309601,False
405,p0n461,18,0.5,0.16666666666666666,618.0,2.0,D-5,73,1,0,0.10329923033714294,False,0.1570771485567093,False,0.2696402966976166,False
406,p0n462,18,0.6666666666666666,0.16666666666666666,620.0,2.0,A-4,68,1,0,0.5000888109207153,True,0.21370069682598114,False,0.2864699065685272,False
407,p0n463,18,0.8333333333333334,0.16666666666666666,622.0,2.0,F4,65,1,0,0.3588251769542694,False,0.15193627774715424,False,0.2809470593929291,False
408,p0n464,18,1.0,0.5,624.0,6.0,C5,72,1,0,0.14986176788806915,False,0.13950520753860474,False,0.2723361551761627,False
409,p0n465,18,1.0,0.16666666666666666,624.0,2.0,C5,72,1,0,0.1799730509519577,False,0.1402110755443573,False,0.27263033390045166,False
410,p0n466,18,1.1666666666666667,0.16666666666666666,626.0,2.0,G-4,66,1,0,0.7417607307434082,True,0.3274731934070587,False,0.3042137622833252,False
411,p0n467,18,1.3333333333333333,0.16666666666666666,628.0,2.0,E-4,63,1,0,0.4979875385761261,False,0.19397951662540436,False,0.2762056589126587,False
412,p0n468,18,1.5,1.0,630.0,12.0,B-4,70,1,0,0.7442517280578613,True,0.36660611629486084,False,0.3436027765274048,False
413,p0n469,18,1.5,1.5,630.0,18.0,F2,41,2,0,0.6661678552627563,True,0.4686034023761749,False,0.4141479432582855,False
414,p0n471,18,1.6666666666666667,0.16666666666666666,632.0,2.0,G-4,66,1,0,0.7333306074142456,True,0.3577757477760315,False,0.3267298936843872,False
415,p0n472,18,1.8333333333333333,0.16666666666666666,634.0,2.0,F4,65,1,0,0.39705342054367065,False,0.15422816574573517,False,0.2809921205043793,False
416,p0n473,18,2.0,0.16666666666666666,636.0,2.0,D-4,61,1,0,0.6504248976707458,True,0.885739803314209,True,0.5108429789543152,True
417,p0n474,18,2.1666666666666665,0.16666666666666666,638.0,2.0,G-4,66,1,0,0.6309576630592346,True,0.28860729932785034,False,0.30584603548049927,False
418,p0n475,18,2.3333333333333335,0.16666666666666666,640.0,2.0,F4,65,1,0,0.3879804015159607,False,0.11651168018579483,False,0.2756871283054352,False
419,p0n476,18,2.5,0.5,642.0,6.0,A4,69,1,0,0.27555039525032043,False,0.22281749546527863,False,0.30628159642219543,False
420,p0n477,18,2.5,0.16666666666666666,642.0,2.0,C4,60,1,0,0.44411441683769226,False,0.19822797179222107,False,0.2843579053878784,False
421,p0n478,18,2.6666666666666665,0.16666666666666666,644.0,2.0,F4,65,1,0,0.5605787634849548,True,0.08690634369850159,False,0.2679404318332672,False
422,p0n479,18,2.8333333333333335,0.16666666666666666,646.0,2.0,E-4,63,1,0,0.7773455381393433,True,0.7527555227279663,True,0.4948711395263672,False
423,p0n482,19,0.0,0.5,648.0,6.0,F3,53,2,0,0.5571752190589905,True,0.668551504611969,True,0.6156423091888428,True
424,p0n483,19,0.16666666666666666,0.16666666666666666,650.0,2.0,D-4,61,1,0,0.9011619091033936,True,0.5775017738342285,True,0.3991101086139679,False
425,p0n484,19,0.3333333333333333,0.16666666666666666,652.0,2.0,F4,65,1,0,0.5051784515380859,True,0.2601650357246399,False,0.27967369556427,False
426,p0n486,19,0.5,0.5,654.0,6.0,B-3,58,1,0,0.7050057649612427,True,0.7823289036750793,True,0.5123865008354187,True
427,p0n487,19,0.5,0.5,654.0,6.0,F2,41,2,0,0.29602503776550293,False,0.18687531352043152,False,0.28224146366119385,False
428,p0n488,19,0.6666666666666666,0.16666666666666666,656.0,2.0,D-4,61,1,0,0.9722760319709778,True,0.24066758155822754,False,0.2857270836830139,False
429,p0n489,19,0.8333333333333334,0.16666666666666666,658.0,2.0,F4,65,1,0,0.2758753001689911,False,0.1360013633966446,False,0.2781763970851898,False
430,p0n491,19,1.0,0.5,660.0,6.0,C4,60,1,0,0.8012510538101196,True,0.8024822473526001,True,0.3594166040420532,False
431,p0n492,19,1.0,0.5,660.0,6.0,F2,41,2,0,0.41484174132347107,False,0.21233819425106049,False,0.2978243827819824,False
432,p0n493,19,1.1666666666666667,0.16666666666666666,662.0,2.0,F4,65,1,0,0.3475489914417267,False,0.17121241986751556,False,0.28518274426460266,False
433,p0n494,19,1.3333333333333333,0.16666666666666666,664.0,2.0,A4,69,1,0,0.39248108863830566,False,0.23271368443965912,False,0.30527201294898987,False
434,p0n496,19,1.5,1.0,666.0,12.0,D-4,61,1,0,0.8925328850746155,True,0.7714291214942932,True,0.47800004482269287,False
435,p0n497,19,1.5,1.0,666.0,12.0,B-2,46,2,0,0.27905935049057007,False,0.2080836147069931,False,0.28346168994903564,False
436,p0n498,19,1.6666666666666667,0.16666666666666666,668.0,2.0,E4,64,1,0,0.1964799016714096,False,0.13407480716705322,False,0.27123183012008667,False
437,p0n499,19,1.8333333333333333,0.16666666666666666,670.0,2.0,G4,67,1,0,0.7276766896247864,True,0.416836142539978,False,0.33336639404296875,False
438,p0n500,19,2.0,0.16666666666666666,672.0,2.0,B-4,70,1,0,0.6036688089370728,True,0.34132131934165955,False,0.29195329546928406,False
439,p0n501,19,2.1666666666666665,0.16666666666666666,674.0,2.0,E4,64,1,0,0.10603474825620651,False,0.12356190383434296,False,0.2694788873195648,False
440,p0n502,19,2.3333333333333335,0.16666666666666666,676.0,2.0,G4,67,1,0,0.6123539209365845,True,0.39172232151031494,False,0.2720308303833008,False
441,p0n503,19,2.5,0.16666666666666666,678.0,2.0,C4,60,1,0,0.7805792689323425,True,0.7849928140640259,True,0.3653428554534912,False
442,p0n504,19,2.5,0.5,678.0,6.0,C4,60,1,0,0.890713632106781,True,0.8727592825889587,True,0.45162028074264526,False
443,p0n505,19,2.5,0.5,678.0,6.0,F2,41,2,0,0.36078786849975586,False,0.22057420015335083,False,0.29941004514694214,False
444,p0n506,19,2.6666666666666665,0.16666666666666666,680.0,2.0,F4,65,1,0,0.41549548506736755,False,0.1830565631389618,False,0.2865791916847229,False
445,p0n507,19,2.8333333333333335,0.16666666666666666,682.0,2.0,A4,69,1,0,0.63551926612854,True,0.24029241502285004,False,0.3064440190792084,False
446,p0n508,20,0.0,0.5,684.0,6.0,D-5,73,1,0,0.6507236361503601,True,0.7207547426223755,True,0.5134152173995972,True
447,p0n509,20,0.0,0.16666666666666666,684.0,2.0,D-5,73,1,0,0.4665641188621521,False,0.43712687492370605,False,0.3734690845012665,False
448,p0n511,20,0.16666666666666666,0.16666666666666666,686.0,2.0,B-4,70,1,0,0.6736531257629395,True,0.3274129033088684,False,0.28534525632858276,False
449,p0n512,20,0.3333333333333333,0.16666666666666666,688.0,2.0,F4,65,1,0,0.7303683161735535,True,0.42678478360176086,False,0.2989296317100525,False
450,p0n513,20,0.5,0.5,690.0,6.0,C5,72,1,0,0.4966852068901062,False,0.31425806879997253,False,0.30629676580429077,False
451,p0n514,20,0.5,0.16666666666666666,690.0,2.0,E-4,63,1,0,0.02330033853650093,False,0.10952398926019669,False,0.2590942680835724,False
452,p0n516,20,0.6666666666666666,0.16666666666666666,692.0,2.0,F4,65,1,0,0.8876870274543762,True,0.5132016539573669,True,0.27400264143943787,False
453,p0n517,20,0.8333333333333334,0.16666666666666666,694.0,2.0,E-4,63,1,0,0.13026754558086395,False,0.11823318898677826,False,0.2632351517677307,False
454,p0n518,20,1.0,0.5,696.0,6.0,B-4,70,1,0,0.612148106098175,True,0.5349447727203369,True,0.2734981179237366,False
455,p0n519,20,1.0,0.16666666666666666,696.0,2.0,D-4,61,1,0,0.3628542423248291,False,0.1967865228652954,False,0.28819552063941956,False
456,p0n520,20,1.0,0.5,696.0,6.0,B-2,46,2,0,0.24700096249580383,False,0.13235598802566528,False,0.27553030848503113,False
457,p0n521,20,1.1666666666666667,0.16666666666666666,698.0,2.0,F4,65,1,0,0.8520767688751221,True,0.4328376352787018,False,0.3390027582645416,False
458,p0n522,20,1.3333333333333333,0.16666666666666666,700.0,2.0,D-4,61,1,0,0.18460646271705627,False,0.14093860983848572,False,0.27038463950157166,False
459,p0n523,20,1.5,0.5,702.0,6.0,A-4,68,1,0,0.4628932476043701,False,0.5093986392021179,True,0.38875633478164673,False
460,p0n524,20,1.5,0.16666666666666666,702.0,2.0,A-4,68,1,0,0.3743073642253876,False,0.3439061641693115,False,0.3220764100551605,False
461,p0n525,20,1.5,0.5,702.0,6.0,C3,48,2,0,0.572401762008667,True,0.8805238604545593,True,0.7317908406257629,True
462,p0n526,20,1.6666666666666667,0.16666666666666666,704.0,2.0,F4,65,1,0,0.81463223695755,True,0.22159649431705475,False,0.2894427180290222,False
463,p0n527,20,1.8333333333333333,0.16666666666666666,706.0,2.0,C4,60,1,0,0.685341477394104,True,0.2466467171907425,False,0.27645084261894226,False
464,p0n528,20,2.0,0.5,708.0,6.0,G4,67,1,0,0.8065369129180908,True,0.8693476319313049,True,0.4456697404384613,False
465,p0n529,20,2.0,0.16666666666666666,708.0,2.0,G4,67,1,0,0.8371309638023376,True,0.6179636120796204,True,0.35415810346603394,False
466,p0n530,20,2.0,0.5,708.0,6.0,D-3,49,2,0,0.7915648221969604,True,0.8412480354309082,True,0.6215379238128662,True
467,p0n531,20,2.1666666666666665,0.16666666666666666,710.0,2.0,B-3,58,1,0,0.8889994621276855,True,0.8253974318504333,True,0.6145434379577637,True
468,p0n532,20,2.3333333333333335,0.16666666666666666,712.0,2.0,D-4,61,1,0,0.425365686416626,False,0.17760278284549713,False,0.2790883481502533,False
469,p0n533,20,2.5,0.5,714.0,6.0,F4,65,1,0,0.7466552257537842,True,0.32986342906951904,False,0.3328096866607666,False
470,p0n534,20,2.5,0.16666666666666666,714.0,2.0,F4,65,1,0,0.7191395163536072,True,0.2838916480541229,False,0.32942357659339905,False
471,p0n535,20,2.5,0.5,714.0,6.0,B-2,46,2,0,0.523216724395752,True,0.7935165762901306,True,0.4526580274105072,False
472,p0n536,20,2.6666666666666665,0.16666666666666666,716.0,2.0,D-4,61,1,0,0.5686140060424805,True,0.36510905623435974,False,0.309303343296051,False
473,p0n537,20,2.8333333333333335,0.16666666666666666,718.0,2.0,G3,55,1,0,0.8365970253944397,True,0.1567196547985077,False,0.2762611210346222,False
474,p0n538,21,0.0,1.0,720.0,12.0,C5,72,1,0,0.6611505150794983,True,0.7212514877319336,True,0.5472314357757568,True
475,p0n539,21,0.0,1.5,720.0,18.0,C3,48,2,0,0.14214886724948883,False,0.22156906127929688,False,0.2886911630630493,False
476,p0n541,21,0.16666666666666666,0.16666666666666666,722.0,2.0,E4,64,1,0,0.5296516418457031,True,0.34716156125068665,False,0.29549524188041687,False
477,p0n542,21,0.3333333333333333,0.16666666666666666,724.0,2.0,G4,67,1,0,0.7033883929252625,True,0.22988775372505188,False,0.2879295349121094,False
478,p0n543,21,0.5,0.16666666666666666,726.0,2.0,B-4,70,1,0,0.414066344499588,False,0.2485174536705017,False,0.2929292619228363,False
479,p0n544,21,0.6666666666666666,0.16666666666666666,728.0,2.0,G4,67,1,0,0.5287330150604248,True,0.3303055465221405,False,0.2822772264480591,False
480,p0n545,21,0.8333333333333334,0.16666666666666666,730.0,2.0,E4,64,1,0,0.4717477858066559,False,0.14198285341262817,False,0.273748517036438,False
481,p0n546,21,1.0,0.25,732.0,3.0,E-5,75,1,0,0.7715498805046082,True,0.5626854300498962,True,0.2957261800765991,False
482,p0n548,21,1.1666666666666667,0.16666666666666666,734.0,2.0,A-4,68,1,0,0.6345782279968262,True,0.19471915066242218,False,0.28396105766296387,False
483,p0n549,21,1.25,0.25,735.0,3.0,D-5,73,1,0,0.49932628870010376,False,0.27507948875427246,False,0.2953937351703644,False
484,p0n550,21,1.3333333333333333,0.16666666666666666,736.0,2.0,F4,65,1,0,0.43282511830329895,False,0.10855963826179504,False,0.2754446864128113,False
485,p0n551,21,1.5,1.0,738.0,12.0,C5,72,1,0,0.4254075586795807,False,0.3878924548625946,False,0.32984691858291626,False
486,p0n552,21,1.5,1.5,738.0,18.0,C2,36,2,0,0.9857402443885803,True,0.8652502298355103,True,0.7428364157676697,True
487,p0n554,21,1.6666666666666667,0.16666666666666666,740.0,2.0,E4,64,1,0,0.36420103907585144,False,0.13403725624084473,False,0.2718307375907898,False
488,p0n555,21,1.8333333333333333,0.16666666666666666,742.0,2.0,G4,67,1,0,0.9279565215110779,True,0.4332709312438965,False,0.31847095489501953,False
489,p0n556,21,2.0,0.16666666666666666,744.0,2.0,B-4,70,1,0,0.6173368096351624,True,0.5646626353263855,True,0.3255622386932373,False
490,p0n557,21,2.1666666666666665,0.16666666666666666,746.0,2.0,G4,67,1,0,0.9702519178390503,True,0.1564951390028,False,0.27645087242126465,False
491,p0n558,21,2.3333333333333335,0.16666666666666666,748.0,2.0,E4,64,1,0,0.5854824781417847,True,0.2902059257030487,False,0.2799327075481415,False
492,p0n560,21,2.5,0.16666666666666666,750.0,2.0,C4,60,1,0,0.7099502682685852,True,0.46836984157562256,False,0.32996708154678345,False
493,p0n561,21,2.6666666666666665,0.16666666666666666,752.0,2.0,B-3,58,1,0,0.9303669333457947,True,0.745864748954773,True,0.4357733726501465,False
494,p0n562,21,2.8333333333333335,0.16666666666666666,754.0,2.0,G3,55,1,0,0.7844986319541931,True,0.07439199835062027,False,0.26849129796028137,False
495,p0n564,22,0.0,0.5,756.0,6.0,C3,48,2,0,0.1408926546573639,False,0.21095283329486847,False,0.28542560338974,False
496,p0n565,22,0.0,1.0,756.0,12.0,F2,41,2,0,0.394863486289978,False,0.2885289192199707,False,0.3247446119785309,False
497,p0n566,22,0.16666666666666666,0.16666666666666666,758.0,2.0,C4,60,1,0,0.3173094689846039,False,0.15719884634017944,False,0.270041823387146,False
498,p0n567,22,0.3333333333333333,0.16666666666666666,760.0,2.0,A-3,56,1,0,0.2853538691997528,False,0.23249320685863495,False,0.29119226336479187,False
499,p0n569,22,0.5,0.5,762.0,6.0,F3,53,2,0,0.876944363117218,True,0.8499863743782043,True,0.3381426930427551,False
500,p0n570,22,0.6666666666666666,0.16666666666666666,764.0,2.0,A-3,56,1,0,0.620634138584137,True,0.6246876120567322,True,0.5044233798980713,True
501,p0n571,22,0.8333333333333334,0.16666666666666666,766.0,2.0,C4,60,1,0,0.3757174611091614,False,0.1736290156841278,False,0.27461349964141846,False
502,p0n573,22,1.0,0.5,768.0,6.0,G3,55,1,0,0.7884126901626587,True,0.15696825087070465,False,0.2878911793231964,False
503,p0n574,22,1.0,0.5,768.0,6.0,C2,36,2,0,0.7688531279563904,True,0.17912302911281586,False,0.2901938557624817,False
504,p0n575,22,1.1666666666666667,0.16666666666666666,770.0,2.0,C4,60,1,0,0.4463054835796356,False,0.23130103945732117,False,0.28848084807395935,False
505,p0n576,22,1.3333333333333333,0.16666666666666666,772.0,2.0,E4,64,1,0,0.4112448990345001,False,0.13946577906608582,False,0.2729949653148651,False
506,p0n578,22,1.5,1.0,774.0,12.0,A-3,56,1,0,0.6271172165870667,True,0.9381847381591797,True,0.5319254398345947,True
507,p0n580,22,1.5,1.0,774.0,12.0,F2,41,2,0,0.754671573638916,True,0.6032735109329224,True,0.1478945016860962,False
508,p0n579,22,1.5,1.0,774.0,12.0,F1,29,2,0,0.7947129607200623,True,0.8732731938362122,True,0.652422308921814,True
509,p0n581,22,1.6666666666666667,0.16666666666666666,776.0,2.0,B3,59,1,0,0.8026784658432007,True,0.33972156047821045,False,0.2995513677597046,False
510,p0n582,22,1.8333333333333333,0.16666666666666666,778.0,2.0,D4,62,1,0,0.14194989204406738,False,0.13363726437091827,False,0.26478978991508484,False
511,p0n583,22,2.0,0.16666666666666666,780.0,2.0,F4,65,1,0,0.7896499633789062,True,0.8665206432342529,True,0.5121419429779053,True
512,p0n584,22,2.1666666666666665,0.16666666666666666,782.0,2.0,B3,59,1,0,0.8010005354881287,True,0.3337689936161041,False,0.29872170090675354,False
513,p0n585,22,2.3333333333333335,0.16666666666666666,784.0,2.0,D4,62,1,0,0.16258259117603302,False,0.1358402818441391,False,0.26446664333343506,False
514,p0n586,22,2.5,0.16666666666666666,786.0,2.0,G3,55,1,0,0.8089657425880432,True,0.17877477407455444,False,0.28572553396224976,False
515,p0n587,22,2.5,0.5,786.0,6.0,G3,55,1,0,0.858626663684845,True,0.22959774732589722,False,0.29689866304397583,False
516,p0n588,22,2.5,0.5,786.0,6.0,C2,36,2,0,0.7337694764137268,True,0.4744742512702942,False,0.3682214021682739,False
517,p0n589,22,2.6666666666666665,0.16666666666666666,788.0,2.0,E4,64,1,0,0.3362688720226288,False,0.1253562569618225,False,0.2699672281742096,False
518,p0n590,22,2.8333333333333335,0.16666666666666666,790.0,2.0,C4,60,1,0,0.7302960157394409,True,0.4710160195827484,False,0.2918650507926941,False
519,p0n592,23,0.0,1.0,792.0,12.0,B-3,58,1,0,0.8356289267539978,True,0.9466837048530579,True,0.5338765382766724,True
520,p0n593,23,0.0,0.5,792.0,6.0,D2,38,2,0,0.9567919373512268,True,0.8428832292556763,True,0.6679733395576477,True
521,p0n594,23,0.16666666666666666,0.16666666666666666,794.0,2.0,D4,62,1,0,0.13978607952594757,False,0.12409381568431854,False,0.2636316418647766,False
522,p0n595,23,0.3333333333333333,0.16666666666666666,796.0,2.0,F4,65,1,0,0.7686871290206909,True,0.4451323449611664,False,0.3421260714530945,False
523,p0n597,23,0.5,0.5,798.0,6.0,E2,40,2,0,0.9104135632514954,True,0.6977928876876831,True,0.35147830843925476,False
524,p0n598,23,0.6666666666666666,0.16666666666666666,800.0,2.0,G4,67,1,0,0.7346394062042236,True,0.11595355719327927,False,0.26799142360687256,False
525,p0n599,23,0.8333333333333334,0.16666666666666666,802.0,2.0,C4,60,1,0,0.6049334406852722,True,0.4337495267391205,False,0.27154308557510376,False
526,p0n601,23,1.0,0.5,804.0,6.0,A-3,56,1,0,0.5732547640800476,True,0.5902417898178101,True,0.4279854893684387,False
527,p0n602,23,1.0,0.5,804.0,6.0,F2,41,2,0,0.8831014633178711,True,0.6385527849197388,True,0.22934046387672424,False
528,p0n603,23,1.1666666666666667,0.16666666666666666,806.0,2.0,C4,60,1,0,0.5186351537704468,True,0.28158965706825256,False,0.2569194734096527,False
529,p0n604,23,1.3333333333333333,0.16666666666666666,808.0,2.0,F4,65,1,0,0.8820597529411316,True,0.5164170265197754,True,0.32165348529815674,False
530,p0n606,23,1.5,1.0,810.0,12.0,A-3,56,1,0,0.5028657913208008,True,0.8360404968261719,True,0.561091959476471,True
531,p0n607,23,1.5,1.0,810.0,12.0,C2,36,2,0,0.32678842544555664,False,0.35933420062065125,False,0.3155820071697235,False
532,p0n608,23,1.6666666666666667,0.16666666666666666,812.0,2.0,C4,60,1,0,0.46091970801353455,False,0.17481130361557007,False,0.27359718084335327,False
533,p0n609,23,1.8333333333333333,0.16666666666666666,814.0,2.0,F4,65,1,0,0.8561036586761475,True,0.3868483603000641,False,0.33674973249435425,False
534,p0n610,23,2.0,0.16666666666666666,816.0,2.0,A-4,68,1,0,0.12260723114013672,False,0.1636969894170761,False,0.2719334363937378,False
535,p0n611,23,2.1666666666666665,0.16666666666666666,818.0,2.0,F4,65,1,0,0.881772518157959,True,0.3905797302722931,False,0.3248334228992462,False
536,p0n612,23,2.3333333333333335,0.16666666666666666,820.0,2.0,C4,60,1,0,0.42612653970718384,False,0.19247274100780487,False,0.2759757936000824,False
537,p0n614,23,2.5,0.5,822.0,6.0,G3,55,1,0,0.8111432194709778,True,0.38571661710739136,False,0.3372785449028015,False
538,p0n615,23,2.5,0.5,822.0,6.0,C3,48,2,0,0.06266007572412491,False,0.11682889610528946,False,0.26720133423805237,False
539,p0n616,23,2.6666666666666665,0.16666666666666666,824.0,2.0,E4,64,1,0,0.3932427167892456,False,0.1298121213912964,False,0.27124327421188354,False
540,p0n617,23,2.8333333333333335,0.16666666666666666,826.0,2.0,B-3,58,1,0,0.508038341999054,True,0.6025160551071167,True,0.3857225775718689,False
541,p0n619,24,0.0,0.5,828.0,6.0,F3,53,1,0,0.9806770086288452,True,0.9249870777130127,True,0.7201746106147766,True
542,p0n620,24,0.0,0.5,828.0,6.0,D-3,49,2,0,0.2508483827114105,False,0.33937373757362366,False,0.3277307450771332,False
543,p0n621,24,0.16666666666666666,0.16666666666666666,830.0,2.0,A-3,56,1,0,0.1602993607521057,False,0.14090867340564728,False,0.2720282971858978,False
544,p0n622,24,0.3333333333333333,0.16666666666666666,832.0,2.0,F4,65,1,0,0.7178298234939575,True,0.6155647039413452,True,0.41133517026901245,False
545,p0n624,24,0.5,0.5,834.0,6.0,F3,53,1,0,0.913834810256958,True,0.6932567358016968,True,0.4724240005016327,False
546,p0n625,24,0.5,0.5,834.0,6.0,A2,45,2,0,0.858771562576294,True,0.7135343551635742,True,0.7186575531959534,True
547,p0n626,24,0.6666666666666666,0.16666666666666666,836.0,2.0,C4,60,1,0,0.7548915147781372,True,0.4824075400829315,False,0.2998896539211273,False
548,p0n627,24,0.8333333333333334,0.16666666666666666,838.0,2.0,E-4,63,1,0,0.7374946475028992,True,0.8626639246940613,True,0.5387413501739502,True
549,p0n629,24,1.0,0.5,840.0,6.0,F3,53,1,0,0.9578643441200256,True,0.7413724064826965,True,0.6470550298690796,True
550,p0n630,24,1.0,0.5,840.0,6.0,C3,48,2,0,0.2625851631164551,False,0.1803964525461197,False,0.27862295508384705,False
551,p0n631,24,1.1666666666666667,0.16666666666666666,842.0,2.0,A3,57,1,0,0.8212028741836548,True,0.47707945108413696,False,0.3952476382255554,False
552,p0n632,24,1.3333333333333333,0.16666666666666666,844.0,2.0,E-4,63,1,0,0.7588488459587097,True,0.8535047173500061,True,0.6074540019035339,True
553,p0n634,24,1.5,0.5,846.0,6.0,F3,53,1,0,0.9657890200614929,True,0.9579648375511169,True,0.7353957891464233,True
554,p0n635,24,1.5,0.5,846.0,6.0,B-2,46,2,0,0.7822788953781128,True,0.9844255447387695,True,0.7299246191978455,True
555,p0n636,24,1.6666666666666667,0.16666666666666666,848.0,2.0,D-4,61,1,0,0.2038394808769226,False,0.152231827378273,False,0.27187275886535645,False
556,p0n637,24,1.8333333333333333,0.16666666666666666,850.0,2.0,C4,60,1,0,0.8491674661636353,True,0.6168432235717773,True,0.4378582835197449,False
557,p0n638,24,2.0,0.16666666666666666,852.0,2.0,B-3,58,1,0,0.746342122554779,True,0.6975085735321045,True,0.44413214921951294,False
558,p0n639,24,2.0,0.5,852.0,6.0,B-3,58,1,0,0.7521823644638062,True,0.6846141815185547,True,0.45237770676612854,False
559,p0n640,24,2.0,0.5,852.0,6.0,G2,43,2,0,0.24498511850833893,False,0.19863571226596832,False,0.2830338776111603,False
560,p0n641,24,2.1666666666666665,0.16666666666666666,854.0,2.0,D-4,61,1,0,0.19161354005336761,False,0.13435974717140198,False,0.2690739631652832,False
561,p0n642,24,2.3333333333333335,0.16666666666666666,856.0,2.0,E4,64,1,0,0.7508925199508667,True,0.34279316663742065,False,0.3009301424026489,False
562,p0n643,24,2.5,0.16666666666666666,858.0,2.0,A-3,56,1,0,0.6236689686775208,True,0.6360965967178345,True,0.38605543971061707,False
563,p0n644,24,2.5,0.5,858.0,6.0,A-3,56,1,0,0.6411093473434448,True,0.6417984962463379,True,0.4152323305606842,False
564,p0n645,24,2.5,0.5,858.0,6.0,A-2,44,2,0,0.853180468082428,True,0.7879958152770996,True,0.6220402121543884,True
565,p0n646,24,2.6666666666666665,0.16666666666666666,860.0,2.0,C4,60,1,0,0.8076887726783752,True,0.48752671480178833,False,0.31667083501815796,False
566,p0n647,24,2.8333333333333335,0.16666666666666666,862.0,2.0,F4,65,1,0,0.8037357926368713,True,0.48946765065193176,False,0.32365649938583374,False
567,p0n649,25,0.0,0.25,864.0,3.0,A-3,56,1,0,0.6292465329170227,True,0.8657833933830261,True,0.5714308023452759,True
568,p0n650,25,0.0,0.5,864.0,6.0,B-2,46,2,0,0.6944031715393066,True,0.768760621547699,True,0.5360350608825684,True
569,p0n651,25,0.16666666666666666,0.16666666666666666,866.0,2.0,D-4,61,1,0,0.2227819412946701,False,0.1606069654226303,False,0.27377545833587646,False
570,p0n652,25,0.25,0.25,867.0,3.0,G3,55,1,0,0.47874096035957336,False,0.25421491265296936,False,0.29989320039749146,False
571,p0n653,25,0.3333333333333333,0.16666666666666666,868.0,2.0,B-3,58,1,0,0.7136790156364441,True,0.34506773948669434,False,0.2927796244621277,False
572,p0n654,25,0.5,0.16666666666666666,870.0,2.0,F3,53,1,0,0.9690510630607605,True,0.7120501399040222,True,0.7186843156814575,True
573,p0n655,25,0.5,0.5,870.0,6.0,F3,53,1,0,0.9369577169418335,True,0.7844838500022888,True,0.6608214974403381,True
574,p0n656,25,0.5,0.5,870.0,6.0,C3,48,2,0,0.8760113716125488,True,0.7257816791534424,True,0.3203750550746918,False
575,p0n657,25,0.6666666666666666,0.16666666666666666,872.0,2.0,A-3,56,1,0,0.4791775047779083,False,0.2582795023918152,False,0.2993379831314087,False
576,p0n658,25,0.8333333333333334,0.16666666666666666,874.0,2.0,C4,60,1,0,0.8126726746559143,True,0.5316968560218811,True,0.329050213098526,False
577,p0n659,25,1.0,0.16666666666666666,876.0,2.0,E3,52,1,0,0.7011760473251343,True,0.7644904255867004,True,0.7979658246040344,True
578,p0n660,25,1.0,0.5,876.0,6.0,E3,52,1,0,0.6600074768066406,True,0.6773947477340698,True,0.6863319873809814,True
579,p0n661,25,1.0,0.5,876.0,6.0,C2,36,2,0,0.677459716796875,True,0.7232697606086731,True,0.3642265796661377,False
580,p0n662,25,1.1666666666666667,0.16666666666666666,878.0,2.0,B-3,58,1,0,0.6658331751823425,True,0.37274637818336487,False,0.30945172905921936,False
581,p0n663,25,1.3333333333333333,0.16666666666666666,880.0,2.0,C4,60,1,0,0.7922429442405701,True,0.3660123944282532,False,0.2831551432609558,False
582,p0n665,25,1.5,1.0,882.0,12.0,F3,53,1,0,0.9369442462921143,True,0.9330348968505859,True,0.7329100370407104,True
583,p0n666,25,1.5,0.5,882.0,6.0,D-2,37,2,0,0.7268398404121399,True,0.505687952041626,True,0.736696720123291,True
584,p0n667,25,1.5,1.5,882.0,18.0,D-2,37,2,0,0.724914014339447,True,0.6182856559753418,True,0.7654556632041931,True
585,p0n668,25,1.6666666666666667,0.16666666666666666,884.0,2.0,A-3,56,1,0,0.45293107628822327,False,0.23982356488704681,False,0.2930659353733063,False
586,p0n669,25,1.8333333333333333,0.16666666666666666,886.0,2.0,C-4,59,1,0,0.7510162591934204,True,0.29680153727531433,False,0.2955598831176758,False
587,p0n671,25,2.0,1.0,888.0,12.0,D-3,49,2,0,0.36007407307624817,False,0.3134270906448364,False,0.30798208713531494,False
588,p0n672,25,2.1666666666666665,0.16666666666666666,890.0,2.0,A-3,56,1,0,0.5556446313858032,True,0.45196661353111267,False,0.29204079508781433,False
589,p0n673,25,2.3333333333333335,0.16666666666666666,892.0,2.0,C-4,59,1,0,0.6483548283576965,True,0.22358767688274384,False,0.2709798812866211,False
590,p0n674,25,2.5,0.5,894.0,6.0,F4,65,1,0,0.5831143260002136,True,0.4776988625526428,False,0.3328723609447479,False
591,p0n676,25,2.6666666666666665,0.16666666666666666,896.0,2.0,A-3,56,1,0,0.5176705121994019,True,0.4021226465702057,False,0.2910798192024231,False
592,p0n677,25,2.8333333333333335,0.16666666666666666,898.0,2.0,C-4,59,1,0,0.4621320366859436,False,0.11385975033044815,False,0.2623485326766968,False
593,p0n678,26,0.0,1.0,900.0,12.0,F4,65,1,0,0.7036628723144531,True,0.7903127670288086,True,0.5128059387207031,True
594,p0n680,26,0.0,1.5,900.0,18.0,D3,50,2,0,0.8761780261993408,True,0.6511968374252319,True,0.5898011922836304,True
595,p0n679,26,0.0,1.5,900.0,18.0,D2,38,2,0,0.9036884307861328,True,0.3918270766735077,False,0.3607127070426941,False
596,p0n682,26,0.16666666666666666,0.16666666666666666,902.0,2.0,A-3,56,1,0,0.4214613735675812,False,0.24339322745800018,False,0.29473912715911865,False
597,p0n683,26,0.3333333333333333,0.16666666666666666,904.0,2.0,B-3,58,1,0,0.5039898157119751,True,0.17235200107097626,False,0.26655957102775574,False
598,p0n684,26,0.5,0.16666666666666666,906.0,2.0,F3,53,1,0,0.9944737553596497,True,0.5620781779289246,True,0.594572901725769,True
599,p0n685,26,0.6666666666666666,0.16666666666666666,908.0,2.0,A-3,56,1,0,0.16727904975414276,False,0.1464063823223114,False,0.27248188853263855,False
600,p0n686,26,0.8333333333333334,0.16666666666666666,910.0,2.0,B-3,58,1,0,0.6609147191047668,True,0.2266882061958313,False,0.28580427169799805,False
601,p0n687,26,1.0,0.3333333333333333,912.0,4.0,G4,67,1,0,0.5843180418014526,True,0.2661546766757965,False,0.30631890892982483,False
602,p0n688,26,1.0,0.16666666666666666,912.0,2.0,G4,67,1,0,0.5682837963104248,True,0.13053350150585175,False,0.28348761796951294,False
603,p0n690,26,1.1666666666666667,0.16666666666666666,914.0,2.0,B-3,58,1,0,0.7148967385292053,True,0.2368829995393753,False,0.27873578667640686,False
604,p0n691,26,1.3333333333333333,0.16666666666666666,916.0,2.0,A-4,68,1,0,0.09728636592626572,False,0.13526469469070435,False,0.2709728181362152,False
605,p0n692,26,1.3333333333333333,0.16666666666666666,916.0,2.0,A-4,68,1,0,0.14676150679588318,False,0.15127991139888763,False,0.27401572465896606,False
606,p0n693,26,1.5,0.5,918.0,6.0,A-4,68,1,0,0.17168788611888885,False,0.25222042202949524,False,0.29484298825263977,False
607,p0n695,26,1.5,1.5,918.0,18.0,E-3,51,2,0,0.8668853640556335,True,0.7677888870239258,True,0.574847400188446,True
608,p0n694,26,1.5,1.5,918.0,18.0,E-2,39,2,0,0.9831652641296387,True,0.8917331099510193,True,0.5721641778945923,True
609,p0n697,26,1.6666666666666667,0.16666666666666666,920.0,2.0,B-3,58,1,0,0.7114938497543335,True,0.3401801884174347,False,0.3155282139778137,False
610,p0n698,26,1.8333333333333333,0.16666666666666666,922.0,2.0,D-4,61,1,0,0.6852943897247314,True,0.7807157635688782,True,0.3928394615650177,False
611,p0n699,26,2.0,0.5,924.0,6.0,G4,67,1,0,0.7735395431518555,True,0.3352225124835968,False,0.32035374641418457,False
612,p0n700,26,2.0,0.16666666666666666,924.0,2.0,G4,67,1,0,0.8657611012458801,True,0.17053452134132385,False,0.28331258893013,False
613,p0n701,26,2.1666666666666665,0.16666666666666666,926.0,2.0,D-4,61,1,0,0.6282936930656433,True,0.7074431777000427,True,0.37175753712654114,False
614,p0n702,26,2.3333333333333335,0.16666666666666666,928.0,2.0,B-3,58,1,0,0.7545042037963867,True,0.43042850494384766,False,0.3533304035663605,False
615,p0n703,26,2.5,0.5,930.0,6.0,G4,67,1,0,0.6495039463043213,True,0.1094357818365097,False,0.2832399010658264,False
616,p0n704,26,2.5,0.16666666666666666,930.0,2.0,G4,67,1,0,0.739133358001709,True,0.08716894686222076,False,0.2794794738292694,False
617,p0n705,26,2.6666666666666665,0.16666666666666666,932.0,2.0,D-4,61,1,0,0.8172267079353333,True,0.8226712942123413,True,0.37610411643981934,False
618,p0n706,26,2.8333333333333335,0.16666666666666666,934.0,2.0,B-3,58,1,0,0.8629282116889954,True,0.40654605627059937,False,0.345753937959671,False
619,p0n707,27,0.0,1.0,936.0,12.0,G4,67,1,0,0.7147445678710938,True,0.3458068072795868,False,0.3228965699672699,False
620,p0n709,27,0.0,1.5,936.0,18.0,E3,52,2,0,0.5290024876594543,True,0.8486024737358093,True,0.6893907785415649,True
621,p0n708,27,0.0,1.5,936.0,18.0,E2,40,2,0,0.6905162334442139,True,0.8156439065933228,True,0.7782365083694458,True
622,p0n711,27,0.16666666666666666,0.16666666666666666,938.0,2.0,B-3,58,1,0,0.7206758856773376,True,0.23762521147727966,False,0.28906574845314026,False
623,p0n712,27,0.3333333333333333,0.16666666666666666,940.0,2.0,C4,60,1,0,0.8548645377159119,True,0.1757989376783371,False,0.2680569589138031,False
624,p0n713,27,0.5,0.16666666666666666,942.0,2.0,G3,55,1,0,0.8553377985954285,True,0.5103848576545715,True,0.3151724636554718,False
625,p0n714,27,0.6666666666666666,0.16666666666666666,944.0,2.0,B-3,58,1,0,0.9071422219276428,True,0.4904025197029114,False,0.34811675548553467,False
626,p0n715,27,0.8333333333333334,0.16666666666666666,946.0,2.0,C4,60,1,0,0.47563785314559937,False,0.17622093856334686,False,0.27399787306785583,False
627,p0n716,27,1.0,0.3333333333333333,948.0,4.0,A-4,68,1,0,0.3793991208076477,False,0.24005839228630066,False,0.3013722002506256,False
628,p0n717,27,1.0,0.16666666666666666,948.0,2.0,A-4,68,1,0,0.42184925079345703,False,0.2812970280647278,False,0.31294500827789307,False
629,p0n719,27,1.1666666666666667,0.16666666666666666,950.0,2.0,C4,60,1,0,0.6943017840385437,True,0.19321270287036896,False,0.27119243144989014,False
630,p0n720,27,1.3333333333333333,0.16666666666666666,952.0,2.0,B-4,70,1,0,0.8141915202140808,True,0.74141526222229,True,0.5118986964225769,True
631,p0n721,27,1.3333333333333333,0.16666666666666666,952.0,2.0,B-4,70,1,0,0.7945364117622375,True,0.7346660494804382,True,0.5085259079933167,True
632,p0n722,27,1.5,0.5,954.0,6.0,B-4,70,1,0,0.9099193215370178,True,0.9357472062110901,True,0.6837926506996155,True
633,p0n724,27,1.5,1.0,954.0,12.0,F3,53,2,0,0.9664179086685181,True,0.8514872193336487,True,0.6698443293571472,True
634,p0n723,27,1.5,1.0,954.0,12.0,F2,41,2,0,0.9800278544425964,True,0.9770107865333557,True,0.8906851410865784,True
635,p0n726,27,1.6666666666666667,0.16666666666666666,956.0,2.0,C4,60,1,0,0.51165372133255,True,0.2473336011171341,False,0.26679137349128723,False
636,p0n727,27,1.8333333333333333,0.16666666666666666,958.0,2.0,F4,65,1,0,0.8607291579246521,True,0.6923666000366211,True,0.40166011452674866,False
637,p0n728,27,2.0,0.5,960.0,6.0,A-4,68,1,0,0.3655393123626709,False,0.3347660005092621,False,0.31501254439353943,False
638,p0n729,27,2.0,0.16666666666666666,960.0,2.0,A-4,68,1,0,0.3153378367424011,False,0.2604054808616638,False,0.294013649225235,False
639,p0n730,27,2.1666666666666665,0.16666666666666666,962.0,2.0,F4,65,1,0,0.9121779203414917,True,0.5541281700134277,True,0.3514057695865631,False
640,p0n731,27,2.3333333333333335,0.16666666666666666,964.0,2.0,C4,60,1,0,0.5259714126586914,True,0.3825075626373291,False,0.27340009808540344,False
641,p0n732,27,2.5,0.5,966.0,6.0,D-5,73,1,0,0.5114913582801819,True,0.7818174958229065,True,0.4223323166370392,False
642,p0n733,27,2.5,0.16666666666666666,966.0,2.0,D-5,73,1,0,0.49910521507263184,False,0.2968924343585968,False,0.31790852546691895,False
643,p0n735,27,2.6666666666666665,0.16666666666666666,968.0,2.0,A-4,68,1,0,0.44200846552848816,False,0.22593620419502258,False,0.29187601804733276,False
644,p0n736,27,2.8333333333333335,0.16666666666666666,970.0,2.0,F4,65,1,0,0.898463249206543,True,0.5465714931488037,True,0.35459017753601074,False
645,p0n737,28,0.0,0.5,972.0,6.0,D-5,73,1,0,0.4293917417526245,False,0.4100894629955292,False,0.3565864562988281,False
646,p0n738,28,0.0,0.16666666666666666,972.0,2.0,F-4,64,1,0,0.057260822504758835,False,0.1428888589143753,False,0.2771725654602051,False
647,p0n740,28,0.16666666666666666,0.16666666666666666,974.0,2.0,A-4,68,1,0,0.31308698654174805,False,0.18455815315246582,False,0.2811794877052307,False
648,p0n741,28,0.3333333333333333,0.16666666666666666,976.0,2.0,F-4,64,1,0,0.08104392886161804,False,0.09176278114318848,False,0.2630065381526947,False
649,p0n742,28,0.5,0.5,978.0,6.0,C5,72,1,0,0.46048441529273987,False,0.18455298244953156,False,0.27088120579719543,False
650,p0n743,28,0.5,0.16666666666666666,978.0,2.0,C5,72,1,0,0.22657163441181183,False,0.15025489032268524,False,0.2637574374675751,False
651,p0n744,28,0.6666666666666666,0.16666666666666666,980.0,2.0,A-4,68,1,0,0.7962402701377869,True,0.6943002939224243,True,0.40141069889068604,False
652,p0n745,28,0.8333333333333334,0.16666666666666666,982.0,2.0,E-4,63,1,0,0.11919444054365158,False,0.1174931675195694,False,0.2620101869106293,False
653,p0n746,28,1.0,0.5,984.0,6.0,C5,72,1,0,0.3557897210121155,False,0.17413637042045593,False,0.27841249108314514,False
654,p0n747,28,1.0,0.16666666666666666,984.0,2.0,C5,72,1,0,0.2425743192434311,False,0.14909745752811432,False,0.27310189604759216,False
655,p0n748,28,1.1666666666666667,0.16666666666666666,986.0,2.0,A-4,68,1,0,0.8977414965629578,True,0.7740424275398254,True,0.42465510964393616,False
656,p0n749,28,1.3333333333333333,0.16666666666666666,988.0,2.0,E-4,63,1,0,0.4588000178337097,False,0.16337473690509796,False,0.270216166973114,False
657,p0n750,28,1.5,0.5,990.0,6.0,C5,72,1,0,0.16200032830238342,False,0.20026758313179016,False,0.2760498821735382,False
658,p0n751,28,1.5,0.16666666666666666,990.0,2.0,D4,62,1,0,0.05535751208662987,False,0.15461355447769165,False,0.2680841386318207,False
659,p0n752,28,1.6666666666666667,0.16666666666666666,992.0,2.0,A-4,68,1,0,0.8413777947425842,True,0.7789860367774963,True,0.38839879631996155,False
660,p0n753,28,1.8333333333333333,0.16666666666666666,994.0,2.0,F4,65,1,0,0.9637066721916199,True,0.4978260099887848,False,0.3485643267631531,False
661,p0n754,28,2.0,0.5,996.0,6.0,C-5,71,1,0,0.5712757110595703,True,0.5258540511131287,True,0.316223680973053,False
662,p0n755,28,2.0,0.16666666666666666,996.0,2.0,C-5,71,1,0,0.6023452281951904,True,0.5496189594268799,True,0.3140617311000824,False
663,p0n756,28,2.1666666666666665,0.16666666666666666,998.0,2.0,A-4,68,1,0,0.7995069026947021,True,0.7896475791931152,True,0.3626419007778168,False
664,p0n757,28,2.3333333333333335,0.16666666666666666,1000.0,2.0,F4,65,1,0,0.9561739563941956,True,0.47714146971702576,False,0.3371301591396332,False
665,p0n758,28,2.5,0.5,1002.0,6.0,C-5,71,1,0,0.7007721066474915,True,0.28262853622436523,False,0.2853454649448395,False
666,p0n759,28,2.5,0.16666666666666666,1002.0,2.0,D4,62,1,0,0.06338921189308167,False,0.1132207065820694,False,0.2668962776660919,False
667,p0n760,28,2.6666666666666665,0.16666666666666666,1004.0,2.0,A-4,68,1,0,0.8265475630760193,True,0.7556125521659851,True,0.3807510435581207,False
668,p0n761,28,2.8333333333333335,0.16666666666666666,1006.0,2.0,F4,65,1,0,0.9698837399482727,True,0.5793598294258118,True,0.34199512004852295,False
669,p0n762,29,0.0,1.0,1008.0,12.0,C-5,71,1,0,0.5500370860099792,True,0.5618537664413452,True,0.3882810175418854,False
670,p0n763,29,0.0,0.16666666666666666,1008.0,2.0,C-5,71,1,0,0.6822264790534973,True,0.5756129622459412,True,0.386320561170578,False
671,p0n765,29,0.16666666666666666,0.16666666666666666,1010.0,2.0,A-4,68,1,0,0.6756043434143066,True,0.4206567108631134,False,0.3107142448425293,False
672,p0n766,29,0.3333333333333333,0.16666666666666666,1012.0,2.0,F4,65,1,0,0.9510495662689209,True,0.5534268021583557,True,0.33225682377815247,False
673,p0n767,29,0.5,0.16666666666666666,1014.0,2.0,D4,62,1,0,0.08348888903856277,False,0.13028696179389954,False,0.2600844204425812,False
674,p0n768,29,0.6666666666666666,0.16666666666666666,1016.0,2.0,A-4,68,1,0,0.6885103583335876,True,0.5200810432434082,True,0.2685258090496063,False
675,p0n769,29,0.8333333333333334,0.16666666666666666,1018.0,2.0,F4,65,1,0,0.9456920623779297,True,0.34538838267326355,False,0.3141828179359436,False
676,p0n770,29,1.0,0.25,1020.0,3.0,B-4,70,1,0,0.8447348475456238,True,0.4968341886997223,False,0.314240038394928,False
677,p0n771,29,1.0,0.16666666666666666,1020.0,2.0,B-4,70,1,0,0.7487120628356934,True,0.468130886554718,False,0.30377763509750366,False
678,p0n773,29,1.1666666666666667,0.16666666666666666,1022.0,2.0,F4,65,1,0,0.9267767071723938,True,0.2994641065597534,False,0.30205801129341125,False
679,p0n774,29,1.25,0.25,1023.0,3.0,A-4,68,1,0,0.34092119336128235,False,0.2654396593570709,False,0.29521650075912476,False
680,p0n775,29,1.3333333333333333,0.16666666666666666,1024.0,2.0,D4,62,1,0,0.09765542298555374,False,0.11536417156457901,False,0.2614717185497284,False
681,p0n776,29,1.5,1.0,1026.0,12.0,G4,67,1,0,0.8440051674842834,True,0.5355408787727356,True,0.4013344943523407,False
682,p0n777,29,1.5,0.16666666666666666,1026.0,2.0,E-4,63,1,0,0.7135230302810669,True,0.8965420722961426,True,0.6220526099205017,True
683,p0n779,29,1.6666666666666667,0.16666666666666666,1028.0,2.0,D4,62,1,0,0.16190017759799957,False,0.12168095260858536,False,0.2621018588542938,False
684,p0n780,29,1.8333333333333333,0.16666666666666666,1030.0,2.0,E-4,63,1,0,0.47743600606918335,False,0.10922865569591522,False,0.263319194316864,False
685,p0n781,29,2.0,0.16666666666666666,1032.0,2.0,F#4,66,1,0,0.6147850751876831,True,0.4844784736633301,False,0.3777851462364197,False
686,p0n783,29,2.1666666666666665,0.16666666666666666,1034.0,2.0,G4,67,1,0,0.896121621131897,True,0.0752580314874649,False,0.27003175020217896,False
687,p0n784,29,2.3333333333333335,0.16666666666666666,1036.0,2.0,B-4,70,1,0,0.8764906525611877,True,0.4945971965789795,False,0.30228790640830994,False
688,p0n785,29,2.5,0.5,1038.0,6.0,E-5,75,1,0,0.26301687955856323,False,0.15674535930156708,False,0.27447694540023804,False
689,p0n786,29,2.5,0.16666666666666666,1038.0,2.0,E-5,75,1,0,0.14833101630210876,False,0.12000463157892227,False,0.2687862813472748,False
690,p0n787,29,2.5,0.5,1038.0,6.0,E-4,63,2,0,0.3770175278186798,False,0.15367700159549713,False,0.2738475203514099,False
691,p0n788,29,2.6666666666666665,0.16666666666666666,1040.0,2.0,G4,67,1,0,0.9118757843971252,True,0.21240228414535522,False,0.2809528708457947,False
692,p0n789,29,2.8333333333333335,0.16666666666666666,1042.0,2.0,B-4,70,1,0,0.8091279864311218,True,0.5613037943840027,True,0.29031363129615784,False
693,p0n790,30,0.0,0.5,1044.0,6.0,E-5,75,1,0,0.5768377780914307,True,0.49644196033477783,False,0.32604357600212097,False
694,p0n791,30,0.0,0.16666666666666666,1044.0,2.0,A-4,68,1,0,0.1379971206188202,False,0.22508206963539124,False,0.29612281918525696,False
695,p0n792,30,0.0,1.0,1044.0,12.0,F-4,64,2,0,0.1848590224981308,False,0.17405426502227783,False,0.2819252610206604,False
696,p0n793,30,0.16666666666666666,0.16666666666666666,1046.0,2.0,G4,67,1,0,0.9116765856742859,True,0.16758805513381958,False,0.2778225839138031,False
697,p0n794,30,0.3333333333333333,0.16666666666666666,1048.0,2.0,A-4,68,1,0,0.23635122179985046,False,0.14126169681549072,False,0.27274227142333984,False
698,p0n795,30,0.5,0.5,1050.0,6.0,D-5,73,1,0,0.7106146216392517,True,0.8799707293510437,True,0.5657135248184204,True
699,p0n796,30,0.5,0.16666666666666666,1050.0,2.0,D-5,73,1,0,0.7215337157249451,True,0.8650305867195129,True,0.5822011232376099,True
700,p0n797,30,0.6666666666666666,0.16666666666666666,1052.0,2.0,G4,67,1,0,0.9362246990203857,True,0.1254546344280243,False,0.2746676504611969,False
701,p0n798,30,0.8333333333333334,0.16666666666666666,1054.0,2.0,A-4,68,1,0,0.1837824285030365,False,0.13229228556156158,False,0.2707516551017761,False
702,p0n799,30,1.0,0.5,1056.0,6.0,C-5,71,1,0,0.8061637878417969,True,0.31417542695999146,False,0.321732759475708,False
703,p0n800,30,1.0,0.16666666666666666,1056.0,2.0,C-5,71,1,0,0.8217319846153259,True,0.29423901438713074,False,0.32334500551223755,False
704,p0n801,30,1.0,0.5,1056.0,6.0,E-4,63,2,0,0.10430343449115753,False,0.12751637399196625,False,0.2694375514984131,False
705,p0n802,30,1.1666666666666667,0.16666666666666666,1058.0,2.0,G4,67,1,0,0.8826186656951904,True,0.18177427351474762,False,0.27498728036880493,False
706,p0n803,30,1.3333333333333333,0.16666666666666666,1060.0,2.0,A-4,68,1,0,0.08843519538640976,False,0.12939319014549255,False,0.2697655260562897,False
707,p0n804,30,1.5,1.0,1062.0,12.0,B-4,70,1,0,0.9032387733459473,True,0.879287838935852,True,0.5911082625389099,True
708,p0n805,30,1.5,0.16666666666666666,1062.0,2.0,B-4,70,1,0,0.8384408950805664,True,0.6536988615989685,True,0.47200846672058105,False
709,p0n806,30,1.5,0.5,1062.0,6.0,E-4,63,2,0,0.35353463888168335,False,0.3352718651294708,False,0.31067535281181335,False
710,p0n807,30,1.6666666666666667,0.16666666666666666,1064.0,2.0,G4,67,1,0,0.8601518869400024,True,0.08668318390846252,False,0.2682022154331207,False
711,p0n808,30,1.8333333333333333,0.16666666666666666,1066.0,2.0,F-4,64,1,0,0.1756756603717804,False,0.10648993402719498,False,0.2639901041984558,False
712,p0n809,30,2.0,0.16666666666666666,1068.0,2.0,G4,67,1,0,0.7069533467292786,True,0.2023104578256607,False,0.27659621834754944,False
713,p0n810,30,2.0,0.5,1068.0,6.0,D-4,61,2,0,0.8664814829826355,True,0.9197444915771484,True,0.653060793876648,True
714,p0n811,30,2.1666666666666665,0.16666666666666666,1070.0,2.0,F-4,64,1,0,0.19827984273433685,False,0.11173169314861298,False,0.2650294899940491,False
715,p0n812,30,2.3333333333333335,0.16666666666666666,1072.0,2.0,G4,67,1,0,0.4841158390045166,False,0.08488092571496964,False,0.27171075344085693,False
716,p0n813,30,2.5,0.5,1074.0,6.0,A-4,68,1,0,0.33808550238609314,False,0.2632911503314972,False,0.3062659204006195,False
717,p0n814,30,2.5,0.16666666666666666,1074.0,2.0,A-4,68,1,0,0.3490179777145386,False,0.2362392246723175,False,0.29901522397994995,False
718,p0n815,30,2.5,0.5,1074.0,6.0,C-4,59,2,0,0.9534775614738464,True,0.2750462591648102,False,0.281830757856369,False
719,p0n816,30,2.6666666666666665,0.16666666666666666,1076.0,2.0,D4,62,1,0,0.22719353437423706,False,0.13699929416179657,False,0.26426881551742554,False
720,p0n817,30,2.8333333333333335,0.16666666666666666,1078.0,2.0,E-4,63,1,0,0.09962722659111023,False,0.11654703319072723,False,0.2620738744735718,False
721,p0n818,31,0.0,0.5,1080.0,6.0,A-4,68,1,0,0.453335165977478,False,0.4851168692111969,False,0.39633357524871826,False
722,p0n819,31,0.0,0.16666666666666666,1080.0,2.0,A-4,68,1,0,0.47085851430892944,False,0.42869439721107483,False,0.3708668649196625,False
723,p0n820,31,0.0,1.0,1080.0,12.0,B-3,58,2,0,0.9648261070251465,True,0.969717264175415,True,0.916144847869873,True
724,p0n821,31,0.16666666666666666,0.16666666666666666,1082.0,2.0,D-4,61,1,0,0.5912317037582397,True,0.19630378484725952,False,0.27626627683639526,False
725,p0n822,31,0.3333333333333333,0.16666666666666666,1084.0,2.0,F-4,64,1,0,0.22619660198688507,False,0.09803154319524765,False,0.26337623596191406,False
726,p0n823,31,0.5,0.5,1086.0,6.0,G4,67,1,0,0.7744626998901367,True,0.2891421318054199,False,0.28876325488090515,False
727,p0n824,31,0.5,0.16666666666666666,1086.0,2.0,G4,67,1,0,0.8231523633003235,True,0.25542891025543213,False,0.29155322909355164,False
728,p0n825,31,0.6666666666666666,0.16666666666666666,1088.0,2.0,D-4,61,1,0,0.7218197584152222,True,0.30667489767074585,False,0.29457730054855347,False
729,p0n826,31,0.8333333333333334,0.16666666666666666,1090.0,2.0,E-4,63,1,0,0.09502539783716202,False,0.10812586545944214,False,0.26107674837112427,False
730,p0n827,31,1.0,0.5,1092.0,6.0,F-4,64,1,0,0.45147132873535156,False,0.18390122056007385,False,0.28337058424949646,False
731,p0n828,31,1.0,0.16666666666666666,1092.0,2.0,F-4,64,1,0,0.43410709500312805,False,0.16065949201583862,False,0.27937978506088257,False
732,p0n829,31,1.0,0.5,1092.0,6.0,A-3,56,2,0,0.654071569442749,True,0.8284305930137634,True,0.5214487910270691,True
733,p0n830,31,1.1666666666666667,0.16666666666666666,1094.0,2.0,B-3,58,1,0,0.9310908317565918,True,0.808806836605072,True,0.6943169236183167,True
734,p0n831,31,1.3333333333333333,0.16666666666666666,1096.0,2.0,D-4,61,1,0,0.3528237044811249,False,0.21223822236061096,False,0.2835530638694763,False
735,p0n832,31,1.5,1.5,1098.0,18.0,F-4,64,1,0,0.39343076944351196,False,0.35498347878456116,False,0.3198094069957733,False
736,p0n833,31,1.5,1.5,1098.0,18.0,A-3,56,2,0,0.658572793006897,True,0.828891396522522,True,0.5754844546318054,True
737,p0n835,31,1.6666666666666667,0.16666666666666666,1100.0,2.0,D-4,61,1,0,0.2743152976036072,False,0.13777793943881989,False,0.26999881863594055,False
738,p0n836,31,1.8333333333333333,0.16666666666666666,1102.0,2.0,B-3,58,1,0,0.975442111492157,True,0.7905125617980957,True,0.7468428611755371,True
739,p0n837,31,2.0,0.16666666666666666,1104.0,2.0,D-4,61,1,0,0.14101479947566986,False,0.1758885532617569,False,0.2711218595504761,False
740,p0n838,31,2.1666666666666665,0.16666666666666666,1106.0,2.0,B-3,58,1,0,0.9820483326911926,True,0.6669726371765137,True,0.6785564422607422,True
741,p0n839,31,2.3333333333333335,0.16666666666666666,1108.0,2.0,D-4,61,1,0,0.17205959558486938,False,0.13603435456752777,False,0.268361896276474,False
742,p0n840,31,2.5,0.16666666666666666,1110.0,2.0,B-3,58,1,0,0.9804092645645142,True,0.8968610763549805,True,0.8468691110610962,True
743,p0n841,31,2.6666666666666665,0.16666666666666666,1112.0,2.0,D-4,61,1,0,0.1574404090642929,False,0.13442786037921906,False,0.26799312233924866,False
744,p0n842,31,2.8333333333333335,0.16666666666666666,1114.0,2.0,B-3,58,1,0,0.9772567749023438,True,0.9002174735069275,True,0.8464540839195251,True
745,p0n843,32,0.0,1.0,1116.0,12.0,E-4,63,1,0,0.053775958716869354,False,0.16091467440128326,False,0.2759101986885071,False
746,p0n844,32,0.0,1.0,1116.0,12.0,G3,55,2,0,0.8624324798583984,True,0.21359935402870178,False,0.2887691855430603,False
747,p0n846,32,0.16666666666666666,0.16666666666666666,1118.0,2.0,D-4,61,1,0,0.5037935972213745,True,0.18295396864414215,False,0.26918551325798035,False
748,p0n847,32,0.3333333333333333,0.16666666666666666,1120.0,2.0,B-3,58,1,0,0.9738466739654541,True,0.8065387606620789,True,0.727956235408783,True
749,p0n848,32,0.5,0.16666666666666666,1122.0,2.0,D-4,61,1,0,0.24964942038059235,False,0.2187081277370453,False,0.280448853969574,False
750,p0n849,32,0.6666666666666666,0.16666666666666666,1124.0,2.0,B-3,58,1,0,0.9833430051803589,True,0.7359194755554199,True,0.6573227643966675,True
751,p0n850,32,0.8333333333333334,0.16666666666666666,1126.0,2.0,D-4,61,1,0,0.25709211826324463,False,0.13854269683361053,False,0.2688261866569519,False
752,p0n851,32,1.0,0.5,1128.0,6.0,E-4,63,1,0,0.10880676656961441,False,0.11883421242237091,False,0.2678881585597992,False
753,p0n852,32,1.0,0.16666666666666666,1128.0,2.0,E-4,63,1,0,0.09972404688596725,False,0.11699631810188293,False,0.2677788734436035,False
754,p0n853,32,1.0,0.5,1128.0,6.0,E-3,51,2,0,0.4670858085155487,False,0.25091615319252014,False,0.2955758571624756,False
755,p0n854,32,1.1666666666666667,0.16666666666666666,1130.0,2.0,D-4,61,1,0,0.11619948595762253,False,0.12230613827705383,False,0.26601895689964294,False
756,p0n855,32,1.3333333333333333,0.16666666666666666,1132.0,2.0,B-3,58,1,0,0.9326125979423523,True,0.7892218828201294,True,0.7013188004493713,True
757,p0n858,32,1.5,0.5,1134.0,6.0,E-4,63,1,0,0.19259780645370483,False,0.2506532669067383,False,0.28656822443008423,False
758,p0n857,32,1.5,0.5,1134.0,6.0,E-3,51,1,0,0.5570042133331299,True,0.7017624974250793,True,0.46739661693573,False
759,p0n860,32,1.5,0.5,1134.0,6.0,A-2,44,2,0,0.6207149624824524,True,0.8668591976165771,True,0.6834085583686829,True
760,p0n859,32,1.5,0.5,1134.0,6.0,A-1,32,2,0,0.9011447429656982,True,0.9254684448242188,True,0.727134644985199,True
761,p0n861,32,1.6666666666666667,0.16666666666666666,1136.0,2.0,C4,60,1,0,0.7984537482261658,True,0.32587918639183044,False,0.282678484916687,False
762,p0n862,32,1.8333333333333333,0.16666666666666666,1138.0,2.0,B-3,58,1,0,0.9107927680015564,True,0.6675719022750854,True,0.5945085883140564,True
763,p0n865,32,2.0,0.5,1140.0,6.0,A-4,68,1,0,0.14886516332626343,False,0.1678074449300766,False,0.2719295918941498,False
764,p0n864,32,2.0,0.5,1140.0,6.0,A-3,56,1,0,0.6037633419036865,True,0.6361899375915527,True,0.2590509057044983,False
765,p0n867,32,2.0,0.5,1140.0,6.0,C3,48,2,0,0.5998706817626953,True,0.6528427004814148,True,0.37344834208488464,False
766,p0n866,32,2.0,0.5,1140.0,6.0,C2,36,2,0,0.610938310623169,True,0.8450886011123657,True,0.729447066783905,True
767,p0n868,32,2.1666666666666665,0.16666666666666666,1142.0,2.0,C4,60,1,0,0.8632012009620667,True,0.5799514651298523,True,0.3533356189727783,False
768,p0n869,32,2.3333333333333335,0.16666666666666666,1144.0,2.0,E-4,63,1,0,0.4287262260913849,False,0.2042941302061081,False,0.2775408625602722,False
769,p0n872,32,2.5,0.5,1146.0,6.0,B-4,70,1,0,0.42179074883461,False,0.166386678814888,False,0.28078731894493103,False
770,p0n870,32,2.5,0.16666666666666666,1146.0,2.0,D-4,61,1,0,0.585101842880249,True,0.8584951162338257,True,0.43671897053718567,False
771,p0n871,32,2.5,0.5,1146.0,6.0,B-3,58,1,0,0.6332847476005554,True,0.3816673159599304,False,0.3523472845554352,False
772,p0n874,32,2.5,0.5,1146.0,6.0,E-3,51,2,0,0.5822189450263977,True,0.27385494112968445,False,0.27685439586639404,False
773,p0n873,32,2.5,0.5,1146.0,6.0,E-2,39,2,0,0.7663615942001343,True,0.23502078652381897,False,0.2688596844673157,False
774,p0n875,32,2.6666666666666665,0.16666666666666666,1148.0,2.0,E-4,63,1,0,0.24639162421226501,False,0.16818764805793762,False,0.2705419361591339,False
775,p0n876,32,2.8333333333333335,0.16666666666666666,1150.0,2.0,G4,67,1,0,0.8245120644569397,True,0.23548875749111176,False,0.2753525376319885,False
776,p0n879,33,0.0,1.0,1152.0,12.0,C5,72,1,0,0.8643659949302673,True,0.9587048292160034,True,0.7169811129570007,True
777,p0n878,33,0.0,1.0,1152.0,12.0,C4,60,1,0,0.9907248616218567,True,0.990059494972229,True,0.657128095626831,True
778,p0n881,33,0.0,1.0,1152.0,12.0,A-3,56,2,0,0.5933893918991089,True,0.8943670988082886,True,0.5361403822898865,True
779,p0n880,33,0.0,1.0,1152.0,12.0,A-2,44,2,0,0.8417267203330994,True,0.8211939334869385,True,0.7832192778587341,True
780,p0n882,33,0.16666666666666666,0.16666666666666666,1154.0,2.0,A-4,68,1,0,0.7182666659355164,True,0.5564904808998108,True,0.36806920170783997,False
781,p0n883,33,0.3333333333333333,0.16666666666666666,1156.0,2.0,E-4,63,1,0,0.5059189200401306,True,0.670283317565918,True,0.41263845562934875,False
782,p0n884,33,0.5,0.16666666666666666,1158.0,2.0,D4,62,1,0,0.30118805170059204,False,0.2085884064435959,False,0.27255478501319885,False
783,p0n885,33,0.6666666666666666,0.16666666666666666,1160.0,2.0,F4,65,1,0,0.8732607364654541,True,0.76169353723526,True,0.6311691403388977,True
784,p0n886,33,0.8333333333333334,0.16666666666666666,1162.0,2.0,E-4,63,1,0,0.30173659324645996,False,0.16744010150432587,False,0.2700989246368408,False
785,p0n889,33,1.0,0.5,1164.0,6.0,B-4,70,1,0,0.5896724462509155,True,0.31040263175964355,False,0.2930954396724701,False
786,p0n888,33,1.0,0.5,1164.0,6.0,B-3,58,1,0,0.479733407497406,False,0.3221968710422516,False,0.32051464915275574,False
787,p0n891,33,1.0,0.5,1164.0,6.0,G3,55,2,0,0.685413122177124,True,0.13665726780891418,False,0.28258517384529114,False
788,p0n890,33,1.0,0.5,1164.0,6.0,G2,43,2,0,0.23639604449272156,False,0.14209063351154327,False,0.2827495038509369,False
789,p0n892,33,1.1666666666666667,0.16666666666666666,1166.0,2.0,G4,67,1,0,0.8168884515762329,True,0.24513942003250122,False,0.27822819352149963,False
790,p0n893,33,1.3333333333333333,0.16666666666666666,1168.0,2.0,E-4,63,1,0,0.415059357881546,False,0.16152667999267578,False,0.2699889540672302,False
791,p0n896,33,1.5,1.0,1170.0,12.0,D-5,73,1,0,0.6850143671035767,True,0.9427902102470398,True,0.8657535910606384,True
792,p0n895,33,1.5,1.0,1170.0,12.0,D-4,61,1,0,0.8328401446342468,True,0.9874835014343262,True,0.8935557007789612,True
793,p0n898,33,1.5,0.5,1170.0,6.0,F3,53,2,0,0.9872710108757019,True,0.964445948600769,True,0.9222558736801147,True
794,p0n897,33,1.5,0.5,1170.0,6.0,F2,41,2,0,0.9984753727912903,True,0.8648250102996826,True,0.7178926467895508,True
795,p0n899,33,1.6666666666666667,0.16666666666666666,1172.0,2.0,A-4,68,1,0,0.9457620978355408,True,0.7077947854995728,True,0.47281190752983093,False
796,p0n900,33,1.8333333333333333,0.16666666666666666,1174.0,2.0,F4,65,1,0,0.11988069117069244,False,0.10613447427749634,False,0.27179840207099915,False
797,p0n901,33,2.0,0.16666666666666666,1176.0,2.0,B-4,70,1,0,0.2875008285045624,False,0.17515304684638977,False,0.2728148400783539,False
798,p0n903,33,2.0,0.5,1176.0,6.0,G3,55,2,0,0.275019109249115,False,0.17394866049289703,False,0.2795773148536682,False
799,p0n902,33,2.0,0.5,1176.0,6.0,G2,43,2,0,0.19089019298553467,False,0.14823061227798462,False,0.27419978380203247,False
800,p0n904,33,2.1666666666666665,0.16666666666666666,1178.0,2.0,G4,67,1,0,0.946325421333313,True,0.40332064032554626,False,0.30194219946861267,False
801,p0n905,33,2.3333333333333335,0.16666666666666666,1180.0,2.0,E-4,63,1,0,0.11687276512384415,False,0.11921834200620651,False,0.2621053457260132,False
802,p0n908,33,2.5,0.5,1182.0,6.0,C5,72,1,0,0.9422125816345215,True,0.8767200112342834,True,0.6931788921356201,True
803,p0n907,33,2.5,0.5,1182.0,6.0,C4,60,1,0,0.9940242171287537,True,0.8444337844848633,True,0.7788296937942505,True
804,p0n910,33,2.5,0.5,1182.0,6.0,A-3,56,2,0,0.9660316109657288,True,0.9081190228462219,True,0.8884202837944031,True
805,p0n909,33,2.5,0.5,1182.0,6.0,A-2,44,2,0,0.8471357226371765,True,0.4576755166053772,False,0.38439613580703735,False
806,p0n911,33,2.6666666666666665,0.16666666666666666,1184.0,2.0,E-4,63,1,0,0.10295172780752182,False,0.12389524281024933,False,0.2628772556781769,False
807,p0n912,33,2.8333333333333335,0.16666666666666666,1186.0,2.0,A-4,68,1,0,0.8829561471939087,True,0.45003217458724976,False,0.3538509011268616,False
808,p0n915,34,0.0,1.0,1188.0,12.0,C5,72,1,0,0.7451546788215637,True,0.9146478772163391,True,0.7354491949081421,True
809,p0n914,34,0.0,1.0,1188.0,12.0,C4,60,1,0,0.9857611060142517,True,0.9822368025779724,True,0.8333088159561157,True
810,p0n917,34,0.0,1.5,1188.0,18.0,E-3,51,2,0,0.6425714492797852,True,0.7479779124259949,True,0.7035161852836609,True
811,p0n916,34,0.0,1.5,1188.0,18.0,E-2,39,2,0,0.7987909913063049,True,0.7387816905975342,True,0.7304280400276184,True
812,p0n918,34,0.16666666666666666,0.16666666666666666,1190.0,2.0,A-4,68,1,0,0.8557093739509583,True,0.15713706612586975,False,0.28467968106269836,False
813,p0n919,34,0.3333333333333333,0.16666666666666666,1192.0,2.0,E-4,63,1,0,0.22168728709220886,False,0.125635027885437,False,0.2634558379650116,False
814,p0n920,34,0.5,0.16666666666666666,1194.0,2.0,D4,62,1,0,0.3652119040489197,False,0.20635569095611572,False,0.27262082695961,False
815,p0n921,34,0.6666666666666666,0.16666666666666666,1196.0,2.0,F4,65,1,0,0.6823068261146545,True,0.608542263507843,True,0.409425288438797,False
816,p0n922,34,0.8333333333333334,0.16666666666666666,1198.0,2.0,E-4,63,1,0,0.21385513246059418,False,0.13495008647441864,False,0.2649332880973816,False
817,p0n925,34,1.0,0.5,1200.0,6.0,B-4,70,1,0,0.3990461528301239,False,0.1909133791923523,False,0.28664064407348633,False
818,p0n924,34,1.0,0.5,1200.0,6.0,B-3,58,1,0,0.9156162738800049,True,0.9610787034034729,True,0.768711268901825,True
819,p0n926,34,1.1666666666666667,0.16666666666666666,1202.0,2.0,G4,67,1,0,0.7892293930053711,True,0.41775837540626526,False,0.3194977045059204,False
820,p0n927,34,1.3333333333333333,0.16666666666666666,1204.0,2.0,D-4,61,1,0,0.6719622015953064,True,0.37112316489219666,False,0.29920610785484314,False
821,p0n930,34,1.5,0.5,1206.0,6.0,A-4,68,1,0,0.6404352784156799,True,0.85127192735672,True,0.7108741402626038,True
822,p0n929,34,1.5,0.5,1206.0,6.0,A-3,56,1,0,0.9442461133003235,True,0.9586993455886841,True,0.8433996438980103,True
823,p0n932,34,1.5,0.5,1206.0,6.0,F3,53,2,0,0.9502386450767517,True,0.8241310119628906,True,0.8030568361282349,True
824,p0n931,34,1.5,0.5,1206.0,6.0,F2,41,2,0,0.9779679179191589,True,0.687828004360199,True,0.610183596611023,True
825,p0n933,34,1.6666666666666667,0.16666666666666666,1208.0,2.0,C4,60,1,0,0.9400738477706909,True,0.6311054229736328,True,0.3168761730194092,False
826,p0n934,34,1.8333333333333333,0.16666666666666666,1210.0,2.0,A-4,68,1,0,0.30827224254608154,False,0.12947526574134827,False,0.27066728472709656,False
827,p0n937,34,2.0,0.5,1212.0,6.0,A-4,68,1,0,0.25567206740379333,False,0.1681501418352127,False,0.27266666293144226,False
828,p0n936,34,2.0,0.5,1212.0,6.0,A-3,56,1,0,0.7482354044914246,True,0.5802590250968933,True,0.43269893527030945,False
829,p0n938,34,2.0,0.5,1212.0,6.0,C3,48,2,0,0.8850501775741577,True,0.9341878294944763,True,0.7777298092842102,True
830,p0n939,34,2.1666666666666665,0.16666666666666666,1214.0,2.0,E-4,63,1,0,0.4390029013156891,False,0.17060241103172302,False,0.27158069610595703,False
831,p0n940,34,2.3333333333333335,0.16666666666666666,1216.0,2.0,G-4,66,1,0,0.7395890951156616,True,0.5316246151924133,True,0.3413342833518982,False
832,p0n943,34,2.5,0.5,1218.0,6.0,A-4,68,1,0,0.27966922521591187,False,0.16347362101078033,False,0.2819173336029053,False
833,p0n942,34,2.5,0.5,1218.0,6.0,A-3,56,1,0,0.8878496885299683,True,0.6314184069633484,True,0.6370676159858704,True
834,p0n944,34,2.5,0.5,1218.0,6.0,A-2,44,2,0,0.36018186807632446,False,0.23965336382389069,False,0.29604417085647583,False
835,p0n945,34,2.6666666666666665,0.16666666666666666,1220.0,2.0,C4,60,1,0,0.9042711853981018,True,0.2091524302959442,False,0.279244989156723,False
836,p0n946,34,2.8333333333333335,0.16666666666666666,1222.0,2.0,G-4,66,1,0,0.6528270840644836,True,0.2742934823036194,False,0.274859219789505,False
837,p0n949,35,0.0,0.5,1224.0,6.0,A-4,68,1,0,0.3574331998825073,False,0.35118651390075684,False,0.3331456482410431,False
838,p0n948,35,0.0,0.5,1224.0,6.0,A-3,56,1,0,0.9733423590660095,True,0.888968288898468,True,0.7543041110038757,True
839,p0n950,35,0.0,0.5,1224.0,6.0,D-3,49,2,0,0.9768576622009277,True,0.984735369682312,True,0.8459771871566772,True
840,p0n951,35,0.16666666666666666,0.16666666666666666,1226.0,2.0,F4,65,1,0,0.2655947506427765,False,0.11658389866352081,False,0.27379679679870605,False
841,p0n952,35,0.3333333333333333,0.16666666666666666,1228.0,2.0,E-4,63,1,0,0.45966780185699463,False,0.20005807280540466,False,0.2755252718925476,False
842,p0n955,35,0.5,0.5,1230.0,6.0,D-5,73,1,0,0.423893004655838,False,0.30709221959114075,False,0.30765336751937866,False
843,p0n954,35,0.5,0.5,1230.0,6.0,D-4,61,1,0,0.9722155332565308,True,0.9191856980323792,True,0.722603440284729,True
844,p0n956,35,0.5,0.5,1230.0,6.0,B-2,46,2,0,0.8457130789756775,True,0.7130780816078186,True,0.624269962310791,True
845,p0n957,35,0.6666666666666666,0.16666666666666666,1232.0,2.0,F-4,64,1,0,0.38233503699302673,False,0.10461816191673279,False,0.26428455114364624,False
846,p0n958,35,0.8333333333333334,0.16666666666666666,1234.0,2.0,G4,67,1,0,0.6017892956733704,True,0.5188609957695007,True,0.3281594514846802,False
847,p0n961,35,1.0,0.5,1236.0,6.0,C5,72,1,0,0.7993709444999695,True,0.25565972924232483,False,0.30259937047958374,False
848,p0n960,35,1.0,0.5,1236.0,6.0,C4,60,1,0,0.9382882118225098,True,0.42166242003440857,False,0.3335893154144287,False
849,p0n962,35,1.0,0.5,1236.0,6.0,C3,48,2,0,0.9452279806137085,True,0.507515549659729,True,0.5338273644447327,True
850,p0n963,35,1.1666666666666667,0.16666666666666666,1238.0,2.0,E-4,63,1,0,0.09215030819177628,False,0.12032834440469742,False,0.2621229887008667,False
851,p0n964,35,1.3333333333333333,0.16666666666666666,1240.0,2.0,A-4,68,1,0,0.8756807446479797,True,0.33931681513786316,False,0.3009087145328522,False
852,p0n967,35,1.5,0.25,1242.0,3.0,C5,72,1,0,0.3333433270454407,False,0.2619916498661041,False,0.2902509868144989,False
853,p0n966,35,1.5,0.25,1242.0,3.0,C4,60,1,0,0.8098676204681396,True,0.6989701390266418,True,0.6303953528404236,True
854,p0n968,35,1.5,0.5,1242.0,6.0,D-3,49,2,0,0.8997906446456909,True,0.9044404029846191,True,0.7605994343757629,True
855,p0n969,35,1.6666666666666667,0.16666666666666666,1244.0,2.0,F4,65,1,0,0.33162009716033936,False,0.11328911036252975,False,0.2736208438873291,False
856,p0n971,35,1.75,0.25,1245.0,3.0,B-4,70,1,0,0.34096795320510864,False,0.25467202067375183,False,0.2887348234653473,False
857,p0n970,35,1.75,0.25,1245.0,3.0,B-3,58,1,0,0.91880202293396,True,0.977584183216095,True,0.8102126717567444,True
858,p0n972,35,1.8333333333333333,0.16666666666666666,1246.0,2.0,D-4,61,1,0,0.7658630013465881,True,0.15498395264148712,False,0.27848178148269653,False
859,p0n975,35,2.0,0.5,1248.0,6.0,A-4,68,1,0,0.36652693152427673,False,0.24515466392040253,False,0.2905886769294739,False
860,p0n974,35,2.0,0.5,1248.0,6.0,A-3,56,1,0,0.7072457671165466,True,0.8415032625198364,True,0.7587113380432129,True
861,p0n976,35,2.0,0.5,1248.0,6.0,E-3,51,2,0,0.1029474288225174,False,0.12649087607860565,False,0.259259432554245,False
862,p0n977,35,2.1666666666666665,0.16666666666666666,1250.0,2.0,C4,60,1,0,0.6709929704666138,True,0.1860642433166504,False,0.2710943818092346,False
863,p0n978,35,2.3333333333333335,0.16666666666666666,1252.0,2.0,E-4,63,1,0,0.33105725049972534,False,0.17466206848621368,False,0.2712828516960144,False
864,p0n981,35,2.5,0.5,1254.0,6.0,G4,67,1,0,0.9797717928886414,True,0.7429944276809692,True,0.5011520385742188,True
865,p0n980,35,2.5,0.5,1254.0,6.0,G3,55,1,0,0.9812856912612915,True,0.8644823431968689,True,0.7116557359695435,True
866,p0n982,35,2.5,0.5,1254.0,6.0,E3,52,2,0,0.8783696889877319,True,0.7637516260147095,True,0.5527716875076294,True
867,p0n983,35,2.6666666666666665,0.16666666666666666,1256.0,2.0,B-3,58,1,0,0.9355075359344482,True,0.872814953327179,True,0.7660079598426819,True
868,p0n984,35,2.8333333333333335,0.16666666666666666,1258.0,2.0,D-4,61,1,0,0.41717490553855896,False,0.26303407549858093,False,0.2994671165943146,False
869,p0n987,36,0.0,1.0,1260.0,12.0,A-4,68,1,0,0.20261363685131073,False,0.283937931060791,False,0.3106463849544525,False
870,p0n986,36,0.0,1.0,1260.0,12.0,A-3,56,1,0,0.7731564044952393,True,0.7732861638069153,True,0.4977099299430847,False
871,p0n988,36,0.0,1.0,1260.0,12.0,F3,53,2,0,0.26529839634895325,False,0.20833255350589752,False,0.2979215383529663,False
872,p0n989,36,0.16666666666666666,0.16666666666666666,1262.0,2.0,F4,65,1,0,0.5792620182037354,True,0.30416426062583923,False,0.30023103952407837,False
873,p0n990,36,0.3333333333333333,0.16666666666666666,1264.0,2.0,C4,60,1,0,0.2718062400817871,False,0.18294769525527954,False,0.2725522816181183,False
874,p0n991,36,0.5,0.16666666666666666,1266.0,2.0,F4,65,1,0,0.6595801711082458,True,0.5646778345108032,True,0.5050894021987915,True
875,p0n992,36,0.6666666666666666,0.16666666666666666,1268.0,2.0,C4,60,1,0,0.6160455346107483,True,0.313932329416275,False,0.28303858637809753,False
876,p0n993,36,0.8333333333333334,0.16666666666666666,1270.0,2.0,F4,65,1,0,0.6010419726371765,True,0.2430562525987625,False,0.28474313020706177,False
877,p0n996,36,1.0,0.5,1272.0,6.0,F5,77,1,0,0.774166464805603,True,0.365617573261261,False,0.34634679555892944,False
878,p0n995,36,1.0,0.5,1272.0,6.0,F4,65,1,0,0.7611031532287598,True,0.370252400636673,False,0.33438345789909363,False
879,p0n997,36,1.0,0.5,1272.0,6.0,D3,50,2,0,0.2651013135910034,False,0.17745837569236755,False,0.2760023772716522,False
880,p0n998,36,1.1666666666666667,0.16666666666666666,1274.0,2.0,B-4,70,1,0,0.5938479900360107,True,0.3592768609523773,False,0.26981183886528015,False
881,p0n999,36,1.3333333333333333,0.3333333333333333,1276.0,4.0,A-4,68,1,0,0.0348765030503273,False,0.1222374439239502,False,0.26761379837989807,False
882,p0n1002,36,1.5,0.5,1278.0,6.0,B-4,70,1,0,0.9779900312423706,True,0.9370493292808533,True,0.8094489574432373,True
883,p0n1001,36,1.5,0.5,1278.0,6.0,B-3,58,1,0,0.9731358289718628,True,0.9681237936019897,True,0.8251193165779114,True
884,p0n1003,36,1.5,0.5,1278.0,6.0,E-3,51,2,0,0.8417850732803345,True,0.9802396893501282,True,0.7872624397277832,True
885,p0n1004,36,1.6666666666666667,0.16666666666666666,1280.0,2.0,G4,67,1,0,0.9364039301872253,True,0.50688636302948,True,0.487334281206131,False
886,p0n1005,36,1.8333333333333333,0.16666666666666666,1282.0,2.0,E-4,63,1,0,0.538941502571106,True,0.7411147356033325,True,0.4966381788253784,False
887,p0n1008,36,2.0,0.5,1284.0,6.0,E-5,75,1,0,0.24003934860229492,False,0.1711658388376236,False,0.26716968417167664,False
888,p0n1007,36,2.0,0.5,1284.0,6.0,E-4,63,1,0,0.4755479693412781,False,0.29086488485336304,False,0.2936999499797821,False
889,p0n1009,36,2.0,0.5,1284.0,6.0,C3,48,2,0,0.7868283987045288,True,0.7234041690826416,True,0.5491480827331543,True
890,p0n1010,36,2.1666666666666665,0.16666666666666666,1286.0,2.0,A-4,68,1,0,0.1780766099691391,False,0.14102767407894135,False,0.27141791582107544,False
891,p0n1011,36,2.3333333333333335,0.3333333333333333,1288.0,4.0,G-4,66,1,0,0.53382408618927,True,0.16480334103107452,False,0.2825673222541809,False
892,p0n1014,36,2.5,0.5,1290.0,6.0,A-4,68,1,0,0.15422096848487854,False,0.15669891238212585,False,0.2792122960090637,False
893,p0n1013,36,2.5,0.5,1290.0,6.0,A-3,56,1,0,0.6500131487846375,True,0.42147383093833923,False,0.31026753783226013,False
894,p0n1015,36,2.5,0.5,1290.0,6.0,D-3,49,2,0,0.6066398024559021,True,0.3074088394641876,False,0.30821898579597473,False
895,p0n1016,36,2.6666666666666665,0.16666666666666666,1292.0,2.0,F4,65,1,0,0.7439178228378296,True,0.27009716629981995,False,0.2897518575191498,False
896,p0n1017,36,2.8333333333333335,0.16666666666666666,1294.0,2.0,D-4,61,1,0,0.7857267260551453,True,0.7287856936454773,True,0.8251753449440002,True
897,p0n1020,37,0.0,0.5,1296.0,6.0,D-5,73,1,0,0.886008620262146,True,0.980475127696991,True,0.8921425938606262,True
898,p0n1019,37,0.0,0.5,1296.0,6.0,D-4,61,1,0,0.9176092743873596,True,0.9730817675590515,True,0.8437362313270569,True
899,p0n1022,37,0.0,0.5,1296.0,6.0,B-2,46,2,0,0.9893727898597717,True,0.9569580554962158,True,0.5918580889701843,True
900,p0n1021,37,0.0,0.5,1296.0,6.0,B-1,34,2,0,0.9605491161346436,True,0.9649568200111389,True,0.8195009231567383,True
901,p0n1023,37,0.16666666666666666,0.16666666666666666,1298.0,2.0,G4,67,1,0,0.8289141654968262,True,0.4088976979255676,False,0.2842417061328888,False
902,p0n1024,37,0.3333333333333333,0.16666666666666666,1300.0,2.0,F-4,64,1,0,0.46771150827407837,False,0.15812332928180695,False,0.270697683095932,False
903,p0n1027,37,0.5,0.5,1302.0,6.0,D-5,73,1,0,0.2986070215702057,False,0.26678651571273804,False,0.2923509478569031,False
904,p0n1026,37,0.5,0.5,1302.0,6.0,D-4,61,1,0,0.6661931872367859,True,0.7326418161392212,True,0.5008028149604797,True
905,p0n1029,37,0.5,0.5,1302.0,6.0,B--2,45,2,0,0.7434763312339783,True,0.4582192003726959,False,0.34049439430236816,False
906,p0n1028,37,0.5,0.5,1302.0,6.0,B--1,33,2,0,0.33521512150764465,False,0.2401513308286667,False,0.2823909521102905,False
907,p0n1030,37,0.6666666666666666,0.16666666666666666,1304.0,2.0,G4,67,1,0,0.8219127655029297,True,0.5434130430221558,True,0.46301671862602234,False
908,p0n1031,37,0.8333333333333334,0.16666666666666666,1306.0,2.0,F-4,64,1,0,0.5921027660369873,True,0.15536560118198395,False,0.26900678873062134,False
909,p0n1034,37,1.0,0.5,1308.0,6.0,D-5,73,1,0,0.39985448122024536,False,0.30202174186706543,False,0.3166622519493103,False
910,p0n1033,37,1.0,0.5,1308.0,6.0,D-4,61,1,0,0.8833336234092712,True,0.6203811168670654,True,0.7720978260040283,True
911,p0n1036,37,1.0,0.5,1308.0,6.0,A-2,44,2,0,0.6461769342422485,True,0.21154455840587616,False,0.29866907000541687,False
912,p0n1035,37,1.0,0.5,1308.0,6.0,A-1,32,2,0,0.5670977830886841,True,0.16606740653514862,False,0.28290265798568726,False
913,p0n1037,37,1.1666666666666667,0.16666666666666666,1310.0,2.0,A-4,68,1,0,0.38402846455574036,False,0.20224210619926453,False,0.285502552986145,False
914,p0n1038,37,1.3333333333333333,0.16666666666666666,1312.0,2.0,F-4,64,1,0,0.7416949272155762,True,0.11113640666007996,False,0.2652314305305481,False
915,p0n1041,37,1.5,1.0,1314.0,12.0,D-5,73,1,0,0.8259512782096863,True,0.9525414705276489,True,0.8673335313796997,True
916,p0n1040,37,1.5,1.0,1314.0,12.0,D-4,61,1,0,0.8634636402130127,True,0.9722307324409485,True,0.8485415577888489,True
917,p0n1043,37,1.5,1.0,1314.0,12.0,G2,43,2,0,0.957610011100769,True,0.9508649110794067,True,0.48875752091407776,False
918,p0n1042,37,1.5,1.0,1314.0,12.0,G1,31,2,0,0.9528299570083618,True,0.9760128855705261,True,0.9024962782859802,True
919,p0n1044,37,1.6666666666666667,0.16666666666666666,1316.0,2.0,E-4,63,1,0,0.4470437467098236,False,0.16010580956935883,False,0.2687954306602478,False
920,p0n1045,37,1.8333333333333333,0.16666666666666666,1318.0,2.0,G4,67,1,0,0.8871376514434814,True,0.5500198006629944,True,0.6106504797935486,True
921,p0n1046,37,2.0,0.16666666666666666,1320.0,2.0,B-4,70,1,0,0.912964403629303,True,0.959062397480011,True,0.7924292087554932,True
922,p0n1047,37,2.1666666666666665,0.16666666666666666,1322.0,2.0,G4,67,1,0,0.924527645111084,True,0.6470203995704651,True,0.4881879687309265,False
923,p0n1048,37,2.3333333333333335,0.16666666666666666,1324.0,2.0,E-4,63,1,0,0.6254897117614746,True,0.724624514579773,True,0.5467042326927185,True
924,p0n1051,37,2.5,0.5,1326.0,6.0,C5,72,1,0,0.6218165755271912,True,0.8643258213996887,True,0.7775706648826599,True
925,p0n1050,37,2.5,0.5,1326.0,6.0,C4,60,1,0,0.3674289286136627,False,0.29869696497917175,False,0.30855605006217957,False
926,p0n1053,37,2.5,0.5,1326.0,6.0,A-2,44,2,0,0.286855012178421,False,0.19631968438625336,False,0.28564003109931946,False
927,p0n1052,37,2.5,0.5,1326.0,6.0,A-1,32,2,0,0.35520315170288086,False,0.2310773730278015,False,0.2930695116519928,False
928,p0n1054,37,2.6666666666666665,0.16666666666666666,1328.0,2.0,E-4,63,1,0,0.430993914604187,False,0.17795750498771667,False,0.27088698744773865,False
929,p0n1055,37,2.8333333333333335,0.16666666666666666,1330.0,2.0,A-4,68,1,0,0.05713710933923721,False,0.12461985647678375,False,0.2679500877857208,False
930,p0n1058,38,0.0,0.5,1332.0,6.0,B-4,70,1,0,0.9867037534713745,True,0.9859374165534973,True,0.8851830363273621,True
931,p0n1057,38,0.0,0.5,1332.0,6.0,B-3,58,1,0,0.9922118186950684,True,0.9643945097923279,True,0.8899524211883545,True
932,p0n1060,38,0.0,0.5,1332.0,6.0,D-3,49,2,0,0.6365688443183899,True,0.7085578441619873,True,0.6326189637184143,True
933,p0n1059,38,0.0,0.5,1332.0,6.0,D-2,37,2,0,0.9840542674064636,True,0.9843307137489319,True,0.778838574886322,True
934,p0n1061,38,0.16666666666666666,0.16666666666666666,1334.0,2.0,D-4,61,1,0,0.4232902228832245,False,0.18464620411396027,False,0.2804574966430664,False
935,p0n1062,38,0.3333333333333333,0.16666666666666666,1336.0,2.0,F4,65,1,0,0.8564528822898865,True,0.3377235233783722,False,0.29839062690734863,False
936,p0n1065,38,0.5,0.5,1338.0,6.0,C5,72,1,0,0.5328052639961243,True,0.976030707359314,True,0.6306943297386169,True
937,p0n1064,38,0.5,0.5,1338.0,6.0,C4,60,1,0,0.24979431927204132,False,0.24744799733161926,False,0.28178349137306213,False
938,p0n1067,38,0.5,0.5,1338.0,6.0,C3,48,2,0,0.7436172366142273,True,0.7281867265701294,True,0.5236603617668152,True
939,p0n1066,38,0.5,0.5,1338.0,6.0,C2,36,2,0,0.9445118308067322,True,0.9033343195915222,True,0.603227972984314,True
940,p0n1068,38,0.6666666666666666,0.16666666666666666,1340.0,2.0,E-4,63,1,0,0.8581157922744751,True,0.8499914407730103,True,0.5943024754524231,True
941,p0n1069,38,0.8333333333333334,0.16666666666666666,1342.0,2.0,A4,69,1,0,0.1740650087594986,False,0.14894388616085052,False,0.2803376019001007,False
942,p0n1072,38,1.0,0.5,1344.0,6.0,D-5,73,1,0,0.648136556148529,True,0.8028755187988281,True,0.7435076832771301,True
943,p0n1071,38,1.0,0.5,1344.0,6.0,D-4,61,1,0,0.9307670593261719,True,0.8271867036819458,True,0.7622212767601013,True
944,p0n1074,38,1.0,0.5,1344.0,6.0,B-2,46,2,0,0.9808876514434814,True,0.9299445152282715,True,0.761521577835083,True
945,p0n1073,38,1.0,0.5,1344.0,6.0,B-1,34,2,0,0.9606677293777466,True,0.7920488119125366,True,0.6998268961906433,True
946,p0n1075,38,1.1666666666666667,0.16666666666666666,1346.0,2.0,F4,65,1,0,0.42279550433158875,False,0.1015080064535141,False,0.2719804644584656,False
947,p0n1076,38,1.3333333333333333,0.16666666666666666,1348.0,2.0,B-4,70,1,0,0.8516157865524292,True,0.6747827529907227,True,0.5127481818199158,True
948,p0n1079,38,1.5,1.5,1350.0,18.0,C5,72,1,0,0.7628626227378845,True,0.9965375661849976,True,0.9444608688354492,True
949,p0n1078,38,1.5,1.5,1350.0,18.0,C4,60,1,0,0.8538432121276855,True,0.9925591945648193,True,0.8771983981132507,True
950,p0n1081,38,1.5,1.5,1350.0,18.0,E-3,51,2,0,0.6897367835044861,True,0.8895035982131958,True,0.8843563199043274,True
951,p0n1080,38,1.5,1.5,1350.0,18.0,E-2,39,2,0,0.9787525534629822,True,0.9367331266403198,True,0.8249043822288513,True
952,p0n1082,38,1.6666666666666667,0.16666666666666666,1352.0,2.0,A-4,68,1,0,0.2843796908855438,False,0.1557168960571289,False,0.27509623765945435,False
953,p0n1083,38,1.8333333333333333,0.16666666666666666,1354.0,2.0,E-4,63,1,0,0.5700175166130066,True,0.34589070081710815,False,0.3153717815876007,False
954,p0n1084,38,2.0,0.16666666666666666,1356.0,2.0,A-4,68,1,0,0.23279829323291779,False,0.18379656970500946,False,0.2750602066516876,False
955,p0n1085,38,2.1666666666666665,0.16666666666666666,1358.0,2.0,E-4,63,1,0,0.8260276913642883,True,0.3473915755748749,False,0.3144324719905853,False
956,p0n1086,38,2.3333333333333335,0.16666666666666666,1360.0,2.0,A-4,68,1,0,0.2699378430843353,False,0.12685568630695343,False,0.2701421082019806,False
957,p0n1087,38,2.5,0.16666666666666666,1362.0,2.0,D4,62,1,0,0.5982345342636108,True,0.35982781648635864,False,0.2898193895816803,False
958,p0n1088,38,2.6666666666666665,0.16666666666666666,1364.0,2.0,F4,65,1,0,0.4005522131919861,False,0.12513254582881927,False,0.27459365129470825,False
959,p0n1089,38,2.8333333333333335,0.16666666666666666,1366.0,2.0,E-4,63,1,0,0.2773147523403168,False,0.14139369130134583,False,0.26504507660865784,False
960,p0n1092,39,0.0,1.5,1368.0,18.0,B-4,70,1,0,0.7772667407989502,True,0.96840500831604,True,0.8983321785926819,True
961,p0n1091,39,0.0,1.5,1368.0,18.0,B-3,58,1,0,0.9853107929229736,True,0.9247411489486694,True,0.8748461008071899,True
962,p0n1093,39,0.0,1.5,1368.0,18.0,E-2,39,2,0,0.9796074628829956,True,0.6824855804443359,True,0.6327335834503174,True
963,p0n1094,39,0.16666666666666666,0.16666666666666666,1370.0,2.0,G4,67,1,0,0.948688805103302,True,0.7400500774383545,True,0.290848970413208,False
964,p0n1095,39,0.3333333333333333,0.16666666666666666,1372.0,2.0,D-4,61,1,0,0.8929824233055115,True,0.4143437445163727,False,0.3447214663028717,False
965,p0n1096,39,0.5,0.16666666666666666,1374.0,2.0,G4,67,1,0,0.9574075937271118,True,0.7894138097763062,True,0.4167555272579193,False
966,p0n1097,39,0.6666666666666666,0.16666666666666666,1376.0,2.0,D-4,61,1,0,0.7863220572471619,True,0.19999217987060547,False,0.27730533480644226,False
967,p0n1098,39,0.8333333333333334,0.16666666666666666,1378.0,2.0,G4,67,1,0,0.984038233757019,True,0.33229562640190125,False,0.24043089151382446,False
968,p0n1099,39,1.0,0.16666666666666666,1380.0,2.0,D4,62,1,0,0.4283445179462433,False,0.18016943335533142,False,0.27671292424201965,False
969,p0n1100,39,1.1666666666666667,0.16666666666666666,1382.0,2.0,F4,65,1,0,0.9440675973892212,True,0.36241745948791504,False,0.36597996950149536,False
970,p0n1101,39,1.3333333333333333,0.16666666666666666,1384.0,2.0,E-4,63,1,0,0.7509021759033203,True,0.24589374661445618,False,0.2570008933544159,False
971,p0n1104,39,1.5,1.0,1386.0,12.0,A-4,68,1,0,0.41644808650016785,False,0.42234572768211365,False,0.35315069556236267,False
972,p0n1103,39,1.5,1.0,1386.0,12.0,A-3,56,1,0,0.7908385992050171,True,0.8671436309814453,True,0.6889821290969849,True
973,p0n1105,39,1.5,1.0,1386.0,12.0,A-2,44,2,0,0.41759800910949707,False,0.4472242593765259,False,0.35096558928489685,False
974,p0n1106,39,1.6666666666666667,0.16666666666666666,1388.0,2.0,C4,60,1,0,0.8835569620132446,True,0.7776332497596741,True,0.47177964448928833,False
975,p0n1107,39,1.8333333333333333,0.16666666666666666,1390.0,2.0,D-4,61,1,0,0.9384804964065552,True,0.4856746792793274,False,0.34397828578948975,False
976,p0n1108,39,2.0,0.16666666666666666,1392.0,2.0,D4,62,1,0,0.5306440591812134,True,0.3961547017097473,False,0.27552229166030884,False
977,p0n1109,39,2.1666666666666665,0.16666666666666666,1394.0,2.0,F4,65,1,0,0.9296337962150574,True,0.08381500095129013,False,0.27838343381881714,False
978,p0n1110,39,2.3333333333333335,0.16666666666666666,1396.0,2.0,E-4,63,1,0,0.3823060095310211,False,0.17155887186527252,False,0.2698003649711609,False
979,p0n1111,39,2.5,0.16666666666666666,1398.0,2.0,G4,67,1,0,0.9501003623008728,True,0.7219132781028748,True,0.3363226652145386,False
980,p0n1114,39,2.6666666666666665,0.16666666666666666,1400.0,2.0,A-4,68,1,0,0.18522034585475922,False,0.11930619925260544,False,0.2679501473903656,False
981,p0n1115,39,2.8333333333333335,0.16666666666666666,1402.0,2.0,C5,72,1,0,0.9169288277626038,True,0.3798348605632782,False,0.37729328870773315,False
982,p0n1116,40,0.0,0.16666666666666666,1404.0,2.0,B-4,70,1,0,0.3613317012786865,False,0.3782959282398224,False,0.343416690826416,False
983,p0n1118,40,0.0,0.5,1404.0,6.0,E-3,51,2,0,0.5817203521728516,True,0.7040536403656006,True,0.6084587574005127,True
984,p0n1117,40,0.0,0.5,1404.0,6.0,G2,43,2,0,0.9390543103218079,True,0.4426550567150116,False,0.3707495331764221,False
985,p0n1119,40,0.16666666666666666,0.16666666666666666,1406.0,2.0,C4,60,1,0,0.8512291312217712,True,0.49117311835289,False,0.31247398257255554,False
986,p0n1120,40,0.3333333333333333,0.16666666666666666,1408.0,2.0,D-4,61,1,0,0.9157711267471313,True,0.37524619698524475,False,0.34992513060569763,False
987,p0n1121,40,0.5,0.16666666666666666,1410.0,2.0,D4,62,1,0,0.28452935814857483,False,0.15363095700740814,False,0.2632916271686554,False
988,p0n1123,40,0.6666666666666666,0.16666666666666666,1412.0,2.0,F4,65,1,0,0.9681500792503357,True,0.06454695016145706,False,0.26844725012779236,False
989,p0n1124,40,0.8333333333333334,0.16666666666666666,1414.0,2.0,E-4,63,1,0,0.33715519309043884,False,0.15065723657608032,False,0.2668515741825104,False
990,p0n1125,40,1.0,0.16666666666666666,1416.0,2.0,G4,67,1,0,0.8764733672142029,True,0.7018902897834778,True,0.3342512249946594,False
991,p0n1127,40,1.1666666666666667,0.16666666666666666,1418.0,2.0,B-4,70,1,0,0.7584421038627625,True,0.33486008644104004,False,0.3135603666305542,False
992,p0n1128,40,1.3333333333333333,0.16666666666666666,1420.0,2.0,D-5,73,1,0,0.48408833146095276,False,0.1810431182384491,False,0.277742475271225,False
993,p0n1129,40,1.5,0.16666666666666666,1422.0,2.0,C5,72,1,0,0.6574314832687378,True,0.7584350109100342,True,0.6188380122184753,True
994,p0n1132,40,1.5,0.5,1422.0,6.0,A-3,56,2,0,0.9095067381858826,True,0.6976708173751831,True,0.3460777997970581,False
995,p0n1131,40,1.5,0.5,1422.0,6.0,E-3,51,2,0,0.7831360697746277,True,0.9025344252586365,True,0.6626899242401123,True
996,p0n1130,40,1.5,0.5,1422.0,6.0,A-2,44,2,0,0.7630695700645447,True,0.3375701308250427,False,0.33994561433792114,False
997,p0n1133,40,1.6666666666666667,0.16666666666666666,1424.0,2.0,C4,60,1,0,0.6613932251930237,True,0.5029417276382446,True,0.3393036723136902,False
998,p0n1134,40,1.8333333333333333,0.16666666666666666,1426.0,2.0,D-4,61,1,0,0.968028724193573,True,0.6859192848205566,True,0.48902297019958496,False
999,p0n1135,40,2.0,0.16666666666666666,1428.0,2.0,D4,62,1,0,0.06971012055873871,False,0.1234305128455162,False,0.2583319842815399,False
1000,p0n1137,40,2.1666666666666665,0.16666666666666666,1430.0,2.0,F4,65,1,0,0.8610304594039917,True,0.07584178447723389,False,0.2691039443016052,False
1001,p0n1138,40,2.3333333333333335,0.16666666666666666,1432.0,2.0,E-4,63,1,0,0.11886703222990036,False,0.11638613790273666,False,0.2613375186920166,False
1002,p0n1139,40,2.5,0.16666666666666666,1434.0,2.0,A-4,68,1,0,0.8804119229316711,True,0.808072566986084,True,0.5114551782608032,True
1003,p0n1141,40,2.6666666666666665,0.16666666666666666,1436.0,2.0,C5,72,1,0,0.2090456336736679,False,0.1229613721370697,False,0.26168137788772583,False
1004,p0n1142,40,2.8333333333333335,0.16666666666666666,1438.0,2.0,E-5,75,1,0,0.5473695397377014,True,0.3262866735458374,False,0.24557596445083618,False
1005,p0n1143,41,0.0,0.16666666666666666,1440.0,2.0,D-5,73,1,0,0.703428328037262,True,0.967641294002533,True,0.8245849013328552,True
1006,p0n1146,41,0.0,0.5,1440.0,6.0,G3,55,2,0,0.9406270384788513,True,0.9684152007102966,True,0.9148327112197876,True
1007,p0n1145,41,0.0,0.5,1440.0,6.0,E-3,51,2,0,0.7879502177238464,True,0.9078092575073242,True,0.5013888478279114,True
1008,p0n1144,41,0.0,0.5,1440.0,6.0,B-2,46,2,0,0.9676223993301392,True,0.9635888934135437,True,0.7243524789810181,True
1009,p0n1147,41,0.16666666666666666,0.16666666666666666,1442.0,2.0,C4,60,1,0,0.8182811737060547,True,0.7018088698387146,True,0.582271933555603,True
1010,p0n1148,41,0.3333333333333333,0.16666666666666666,1444.0,2.0,D-4,61,1,0,0.8487095832824707,True,0.6644640564918518,True,0.4581574499607086,False
1011,p0n1149,41,0.5,0.16666666666666666,1446.0,2.0,D4,62,1,0,0.3847629725933075,False,0.24470441043376923,False,0.2771517038345337,False
1012,p0n1151,41,0.6666666666666666,0.16666666666666666,1448.0,2.0,F4,65,1,0,0.880958616733551,True,0.1620645821094513,False,0.26287099719047546,False
1013,p0n1152,41,0.8333333333333334,0.16666666666666666,1450.0,2.0,E-4,63,1,0,0.6649087071418762,True,0.9051610231399536,True,0.5141764879226685,True
1014,p0n1153,41,1.0,0.16666666666666666,1452.0,2.0,G4,67,1,0,0.9399452209472656,True,0.6973589062690735,True,0.451276034116745,False
1015,p0n1155,41,1.1666666666666667,0.16666666666666666,1454.0,2.0,B-4,70,1,0,0.6350582242012024,True,0.2469870001077652,False,0.27456384897232056,False
1016,p0n1156,41,1.3333333333333333,0.16666666666666666,1456.0,2.0,F5,77,1,0,0.7558531165122986,True,0.3079068660736084,False,0.3029678165912628,False
1017,p0n1157,41,1.5,0.16666666666666666,1458.0,2.0,E-5,75,1,0,0.7190594673156738,True,0.7461822032928467,True,0.4373456537723541,False
1018,p0n1161,41,1.5,0.5,1458.0,6.0,C4,60,2,0,0.7642242312431335,True,0.9646361470222473,True,0.8614785671234131,True
1019,p0n1160,41,1.5,0.5,1458.0,6.0,A-3,56,2,0,0.8092296719551086,True,0.8794642686843872,True,0.5913876295089722,True
1020,p0n1159,41,1.5,0.5,1458.0,6.0,E-3,51,2,0,0.6812310218811035,True,0.8237410187721252,True,0.5677828788757324,True
1021,p0n1158,41,1.5,0.5,1458.0,6.0,C3,48,2,0,0.8900995850563049,True,0.9586151242256165,True,0.4740850031375885,False
1022,p0n1162,41,1.6666666666666667,0.16666666666666666,1460.0,2.0,D4,62,1,0,0.2599690854549408,False,0.14294877648353577,False,0.26388514041900635,False
1023,p0n1163,41,1.8333333333333333,0.16666666666666666,1462.0,2.0,E-4,63,1,0,0.6970731019973755,True,0.28220999240875244,False,0.26546522974967957,False
1024,p0n1164,41,2.0,0.16666666666666666,1464.0,2.0,A-4,68,1,0,0.5826436877250671,True,0.5035233497619629,True,0.3937000632286072,False
1025,p0n1166,41,2.1666666666666665,0.16666666666666666,1466.0,2.0,C5,72,1,0,0.6484479308128357,True,0.7757359147071838,True,0.4594029486179352,False
1026,p0n1167,41,2.3333333333333335,0.16666666666666666,1468.0,2.0,E-5,75,1,0,0.6478304862976074,True,0.174872025847435,False,0.2675721347332001,False
1027,p0n1168,41,2.5,0.16666666666666666,1470.0,2.0,A-5,80,1,0,0.9209023118019104,True,0.5465842485427856,True,0.3986717164516449,False
1028,p0n1170,41,2.6666666666666665,0.16666666666666666,1472.0,2.0,C6,84,1,0,0.250259667634964,False,0.13915389776229858,False,0.2656618356704712,False
1029,p0n1171,41,2.8333333333333335,0.16666666666666666,1474.0,2.0,B-5,82,1,0,0.25451144576072693,False,0.12825223803520203,False,0.26948681473731995,False
1030,p0n1172,42,0.0,0.16666666666666666,1476.0,2.0,A-5,80,1,0,0.7299395203590393,True,0.6529064178466797,True,0.4980952739715576,False
1031,p0n1174,42,0.16666666666666666,0.16666666666666666,1478.0,2.0,G5,79,1,0,0.7206366062164307,True,0.5205374360084534,True,0.3957749307155609,False
1032,p0n1175,42,0.3333333333333333,0.16666666666666666,1480.0,2.0,F5,77,1,0,0.24827049672603607,False,0.12455988675355911,False,0.27408742904663086,False
1033,p0n1176,42,0.5,0.16666666666666666,1482.0,2.0,E-5,75,1,0,0.5839871764183044,True,0.23817677795886993,False,0.2677684426307678,False
1034,p0n1177,42,0.6666666666666666,0.16666666666666666,1484.0,2.0,D5,74,1,0,0.25566986203193665,False,0.15787160396575928,False,0.2671252489089966,False
1035,p0n1178,42,0.8333333333333334,0.16666666666666666,1486.0,2.0,F5,77,1,0,0.2575549781322479,False,0.11715139448642731,False,0.2738860845565796,False
1036,p0n1179,42,1.0,0.16666666666666666,1488.0,2.0,E-5,75,1,0,0.4284617006778717,False,0.20269693434238434,False,0.28131142258644104,False
1037,p0n1180,42,1.1666666666666667,0.16666666666666666,1490.0,2.0,D-5,73,1,0,0.2786729037761688,False,0.16780346632003784,False,0.2737807035446167,False
1038,p0n1181,42,1.3333333333333333,0.16666666666666666,1492.0,2.0,C5,72,1,0,0.4036175608634949,False,0.16828252375125885,False,0.2716306447982788,False
1039,p0n1182,42,1.5,0.16666666666666666,1494.0,2.0,B-4,70,1,0,0.11589643359184265,False,0.16756011545658112,False,0.2749951481819153,False
1040,p0n1183,42,1.5,0.5,1494.0,6.0,E-3,51,1,0,0.7301729321479797,True,0.7266116142272949,True,0.5296233892440796,True
1041,p0n1184,42,1.6666666666666667,0.16666666666666666,1496.0,2.0,A-4,68,1,0,0.8771607279777527,True,0.3493298590183258,False,0.318539023399353,False
1042,p0n1185,42,1.8333333333333333,0.16666666666666666,1498.0,2.0,G4,67,1,0,0.979007363319397,True,0.5835098028182983,True,0.40877094864845276,False
1043,p0n1186,42,2.0,0.16666666666666666,1500.0,2.0,B-4,70,1,0,0.05757466331124306,False,0.09813729673624039,False,0.2608896493911743,False
1044,p0n1187,42,2.0,0.5,1500.0,6.0,A-3,56,1,0,0.46629589796066284,False,0.2738555073738098,False,0.29645588994026184,False
1045,p0n1188,42,2.1666666666666665,0.16666666666666666,1502.0,2.0,A-4,68,1,0,0.8234043717384338,True,0.2666892111301422,False,0.3070342540740967,False
1046,p0n1189,42,2.3333333333333335,0.16666666666666666,1504.0,2.0,G4,67,1,0,0.9826038479804993,True,0.1575096845626831,False,0.253682017326355,False
1047,p0n1190,42,2.5,0.16666666666666666,1506.0,2.0,F4,65,1,0,0.8177696466445923,True,0.5461715459823608,True,0.4173918068408966,False
1048,p0n1191,42,2.5,0.5,1506.0,6.0,B-3,58,1,0,0.7630228996276855,True,0.5835534930229187,True,0.6354264616966248,True
1049,p0n1192,42,2.6666666666666665,0.16666666666666666,1508.0,2.0,E-4,63,1,0,0.2860003113746643,False,0.1471438854932785,False,0.265823632478714,False
1050,p0n1193,42,2.8333333333333335,0.16666666666666666,1510.0,2.0,D-4,61,1,0,0.8738203644752502,True,0.634524405002594,True,0.5946540236473083,True
1051,p0n1194,43,0.0,0.16666666666666666,1512.0,2.0,C4,60,1,0,0.9444147348403931,True,0.8558130860328674,True,0.5900208950042725,True
1052,p0n1195,43,0.0,1.0,1512.0,12.0,C4,60,1,0,0.9146780967712402,True,0.8929691314697266,True,0.6504516005516052,True
1053,p0n1197,43,0.16666666666666666,0.16666666666666666,1514.0,2.0,F4,65,1,0,0.8490787148475647,True,0.1705421656370163,False,0.2890685796737671,False
1054,p0n1198,43,0.3333333333333333,0.16666666666666666,1516.0,2.0,E-4,63,1,0,0.22497884929180145,False,0.13254371285438538,False,0.2628822922706604,False
1055,p0n1199,43,0.5,0.16666666666666666,1518.0,2.0,A-4,68,1,0,0.7257948517799377,True,0.35389965772628784,False,0.3197001516819,False
1056,p0n1200,43,0.5,0.5,1518.0,6.0,A-1,32,2,0,0.8353245258331299,True,0.9664700031280518,True,0.8710857629776001,True
1057,p0n1201,43,0.6666666666666666,0.16666666666666666,1520.0,2.0,F4,65,1,0,0.829980194568634,True,0.15375474095344543,False,0.28450313210487366,False
1058,p0n1202,43,0.8333333333333334,0.16666666666666666,1522.0,2.0,E-4,63,1,0,0.06798095256090164,False,0.10839786380529404,False,0.25957101583480835,False
1059,p0n1203,43,1.0,0.16666666666666666,1524.0,2.0,G4,67,1,0,0.9780107140541077,True,0.5094260573387146,True,0.34682953357696533,False
1060,p0n1204,43,1.0,0.5,1524.0,6.0,B-3,58,1,0,0.9284905195236206,True,0.6951140761375427,True,0.6386311650276184,True
1061,p0n1205,43,1.0,0.5,1524.0,6.0,E-2,39,2,0,0.9884131550788879,True,0.6237307190895081,True,0.5966441631317139,True
1062,p0n1206,43,1.1666666666666667,0.16666666666666666,1526.0,2.0,F4,65,1,0,0.860670268535614,True,0.18695488572120667,False,0.28337931632995605,False
1063,p0n1207,43,1.3333333333333333,0.16666666666666666,1528.0,2.0,E-4,63,1,0,0.1750319004058838,False,0.12460759282112122,False,0.2618727684020996,False
1064,p0n1210,43,1.5,1.0,1530.0,12.0,D-4,61,1,0,0.5671051144599915,True,0.920360267162323,True,0.6550226807594299,True
1065,p0n1211,43,1.6666666666666667,0.16666666666666666,1532.0,2.0,F4,65,1,0,0.8287793397903442,True,0.26300477981567383,False,0.30624982714653015,False
1066,p0n1212,43,1.8333333333333333,0.16666666666666666,1534.0,2.0,E-4,63,1,0,0.2964930236339569,False,0.13897977769374847,False,0.2646160125732422,False
1067,p0n1213,43,2.0,0.16666666666666666,1536.0,2.0,B-4,70,1,0,0.09369853883981705,False,0.11688961833715439,False,0.2627629339694977,False
1068,p0n1214,43,2.0,0.5,1536.0,6.0,G2,43,2,0,0.7868512868881226,True,0.4332723319530487,False,0.3067566156387329,False
1069,p0n1215,43,2.1666666666666665,0.16666666666666666,1538.0,2.0,F4,65,1,0,0.7541133165359497,True,0.22876127064228058,False,0.29770904779434204,False
1070,p0n1216,43,2.3333333333333335,0.16666666666666666,1540.0,2.0,E-4,63,1,0,0.18990185856819153,False,0.11258883029222488,False,0.26000919938087463,False
1071,p0n1217,43,2.5,0.16666666666666666,1542.0,2.0,A-4,68,1,0,0.5097053050994873,True,0.23332887887954712,False,0.2829609811306,False
1072,p0n1218,43,2.5,0.5,1542.0,6.0,C4,60,1,0,0.8667910695075989,True,0.5105457305908203,True,0.3937254548072815,False
1073,p0n1219,43,2.5,0.5,1542.0,6.0,A-2,44,2,0,0.6505643725395203,True,0.5957998037338257,True,0.4719220995903015,False
1074,p0n1220,43,2.6666666666666665,0.16666666666666666,1544.0,2.0,F4,65,1,0,0.7945911288261414,True,0.43289777636528015,False,0.3295932412147522,False
1075,p0n1221,43,2.8333333333333335,0.16666666666666666,1546.0,2.0,E-4,63,1,0,0.27555984258651733,False,0.14801247417926788,False,0.2655356824398041,False
1076,p0n1224,44,0.0,1.0,1548.0,12.0,C4,60,1,0,0.8195977210998535,True,0.7596080303192139,True,0.5827479958534241,True
1077,p0n1225,44,0.16666666666666666,0.16666666666666666,1550.0,2.0,A-3,56,1,0,0.728389322757721,True,0.3513767421245575,False,0.3003612458705902,False
1078,p0n1226,44,0.3333333333333333,0.16666666666666666,1552.0,2.0,E-4,63,1,0,0.411615252494812,False,0.1494930386543274,False,0.26679763197898865,False
1079,p0n1228,44,0.5,0.5,1554.0,6.0,E-2,39,2,0,0.9515773057937622,True,0.6750572323799133,True,0.6827571988105774,True
1080,p0n1229,44,0.6666666666666666,0.16666666666666666,1556.0,2.0,A-3,56,1,0,0.705902099609375,True,0.13301649689674377,False,0.27390068769454956,False
1081,p0n1230,44,0.8333333333333334,0.16666666666666666,1558.0,2.0,E-4,63,1,0,0.22819283604621887,False,0.11506479233503342,False,0.26098597049713135,False
1082,p0n1232,44,1.0,0.5,1560.0,6.0,B-3,58,1,0,0.8646842241287231,True,0.7656389474868774,True,0.5588847994804382,True
1083,p0n1233,44,1.0,0.5,1560.0,6.0,D-2,37,2,0,0.9253024458885193,True,0.7360628247261047,True,0.54399174451828,True
1084,p0n1234,44,1.1666666666666667,0.16666666666666666,1562.0,2.0,G3,55,1,0,0.9812604188919067,True,0.34168002009391785,False,0.2983991801738739,False
1085,p0n1235,44,1.3333333333333333,0.16666666666666666,1564.0,2.0,E-4,63,1,0,0.3420482873916626,False,0.16138243675231934,False,0.26899629831314087,False
1086,p0n1238,44,1.5,0.5,1566.0,6.0,A-3,56,1,0,0.5952638983726501,True,0.5175213813781738,True,0.48559051752090454,False
1087,p0n1239,44,1.6666666666666667,0.16666666666666666,1568.0,2.0,C4,60,1,0,0.7477852702140808,True,0.3859495222568512,False,0.3131984770298004,False
1088,p0n1240,44,1.8333333333333333,0.16666666666666666,1570.0,2.0,E-4,63,1,0,0.2823803126811981,False,0.14061547815799713,False,0.2642339766025543,False
1089,p0n1241,44,2.0,0.16666666666666666,1572.0,2.0,G-4,66,1,0,0.8347534537315369,True,0.5188325047492981,True,0.30600255727767944,False
1090,p0n1242,44,2.0,0.5,1572.0,6.0,A-3,56,1,0,0.47175756096839905,False,0.2078029364347458,False,0.28054332733154297,False
1091,p0n1243,44,2.0,0.5,1572.0,6.0,C2,36,2,0,0.9030669927597046,True,0.961590051651001,True,0.7335841655731201,True
1092,p0n1244,44,2.1666666666666665,0.16666666666666666,1574.0,2.0,F4,65,1,0,0.7900261878967285,True,0.45246174931526184,False,0.3727600574493408,False
1093,p0n1245,44,2.3333333333333335,0.16666666666666666,1576.0,2.0,E-4,63,1,0,0.5215669274330139,True,0.3451729416847229,False,0.28657716512680054,False
1094,p0n1246,44,2.5,0.16666666666666666,1578.0,2.0,G-4,66,1,0,0.701574444770813,True,0.21063286066055298,False,0.2828688323497772,False
1095,p0n1247,44,2.5,0.5,1578.0,6.0,A-3,56,1,0,0.3969610035419464,False,0.17614302039146423,False,0.2831253111362457,False
1096,p0n1248,44,2.5,0.5,1578.0,6.0,A-1,32,2,0,0.8138208985328674,True,0.582078218460083,True,0.47463592886924744,False
1097,p0n1249,44,2.6666666666666665,0.16666666666666666,1580.0,2.0,F4,65,1,0,0.5358089804649353,True,0.16182520985603333,False,0.28715723752975464,False
1098,p0n1250,44,2.8333333333333335,0.16666666666666666,1582.0,2.0,E-4,63,1,0,0.49319326877593994,False,0.16830796003341675,False,0.2689060866832733,False
1099,p0n1251,45,0.0,0.16666666666666666,1584.0,2.0,F4,65,1,0,0.37608033418655396,False,0.19550733268260956,False,0.29732197523117065,False
1100,p0n1252,45,0.0,1.5,1584.0,18.0,A-3,56,1,0,0.6749753952026367,True,0.6928854584693909,True,0.5192485451698303,True
1101,p0n1255,45,0.16666666666666666,0.16666666666666666,1586.0,2.0,D-4,61,1,0,0.7144734263420105,True,0.5566550493240356,True,0.39488422870635986,False
1102,p0n1256,45,0.3333333333333333,0.16666666666666666,1588.0,2.0,E-4,63,1,0,0.5103740692138672,True,0.14933572709560394,False,0.25744351744651794,False
1103,p0n1257,45,0.5,0.16666666666666666,1590.0,2.0,F-4,64,1,0,0.18698912858963013,False,0.12719608843326569,False,0.2629684805870056,False
1104,p0n1258,45,0.5,0.5,1590.0,6.0,D-2,37,2,0,0.775093674659729,True,0.8288660645484924,True,0.5159258246421814,True
1105,p0n1260,45,0.6666666666666666,0.16666666666666666,1592.0,2.0,E-4,63,1,0,0.3082209825515747,False,0.13134890794754028,False,0.2630571722984314,False
1106,p0n1261,45,0.8333333333333334,0.16666666666666666,1594.0,2.0,D-4,61,1,0,0.558686375617981,True,0.5362437963485718,True,0.41547590494155884,False
1107,p0n1263,45,1.0,0.5,1596.0,6.0,A-4,68,1,0,0.5443655848503113,True,0.4047069549560547,False,0.32961201667785645,False
1108,p0n1262,45,1.0,0.16666666666666666,1596.0,2.0,F-4,64,1,0,0.53570955991745,True,0.18751667439937592,False,0.27527788281440735,False
1109,p0n1264,45,1.0,0.5,1596.0,6.0,A-1,32,2,0,0.8508891463279724,True,0.5634461045265198,True,0.4523243308067322,False
1110,p0n1265,45,1.1666666666666667,0.16666666666666666,1598.0,2.0,E-4,63,1,0,0.25789353251457214,False,0.11707359552383423,False,0.26118898391723633,False
1111,p0n1266,45,1.3333333333333333,0.16666666666666666,1600.0,2.0,D-4,61,1,0,0.7113561034202576,True,0.34093785285949707,False,0.32117336988449097,False
1112,p0n1269,45,1.5,1.0,1602.0,12.0,G4,67,1,0,0.6524723768234253,True,0.6005813479423523,True,0.4412465989589691,False
1113,p0n1267,45,1.5,0.16666666666666666,1602.0,2.0,E-4,63,1,0,0.3051551878452301,False,0.2308492660522461,False,0.2809213399887085,False
1114,p0n1268,45,1.5,0.5,1602.0,6.0,A-3,56,1,0,0.8267965912818909,True,0.5441341996192932,True,0.3814466893672943,False
1115,p0n1271,45,1.6666666666666667,0.16666666666666666,1604.0,2.0,C4,60,1,0,0.4660416543483734,False,0.22744977474212646,False,0.2835085988044739,False
1116,p0n1272,45,1.8333333333333333,0.16666666666666666,1606.0,2.0,D-4,61,1,0,0.9173520803451538,True,0.49860793352127075,False,0.3577938973903656,False
1117,p0n1273,45,2.0,0.16666666666666666,1608.0,2.0,E-4,63,1,0,0.16762876510620117,False,0.12662997841835022,False,0.258675754070282,False
1118,p0n1274,45,2.0,0.5,1608.0,6.0,A-3,56,1,0,0.5952638983726501,True,0.3329373300075531,False,0.28218981623649597,False
1119,p0n1275,45,2.0,0.5,1608.0,6.0,A-2,44,2,0,0.19418928027153015,False,0.19615545868873596,False,0.27406075596809387,False
1120,p0n1276,45,2.1666666666666665,0.16666666666666666,1610.0,2.0,D-4,61,1,0,0.9270553588867188,True,0.42171961069107056,False,0.3422873914241791,False
1121,p0n1277,45,2.3333333333333335,0.16666666666666666,1612.0,2.0,C4,60,1,0,0.7860558032989502,True,0.8477475643157959,True,0.5742254257202148,True
1122,p0n1280,45,2.5,0.5,1614.0,6.0,G-4,66,1,0,0.7063516974449158,True,0.3335500955581665,False,0.3231557607650757,False
1123,p0n1278,45,2.5,0.16666666666666666,1614.0,2.0,E-4,63,1,0,0.07700168341398239,False,0.10749322921037674,False,0.2650841772556305,False
1124,p0n1279,45,2.5,0.5,1614.0,6.0,A-3,56,1,0,0.6498780250549316,True,0.14929991960525513,False,0.2797759771347046,False
1125,p0n1281,45,2.5,0.5,1614.0,6.0,A-1,32,2,0,0.7716972827911377,True,0.544931948184967,True,0.412445068359375,False
1126,p0n1282,45,2.6666666666666665,0.16666666666666666,1616.0,2.0,D-4,61,1,0,0.7706093192100525,True,0.33836448192596436,False,0.31481772661209106,False
1127,p0n1283,45,2.8333333333333335,0.16666666666666666,1618.0,2.0,C4,60,1,0,0.6506471633911133,True,0.8049629330635071,True,0.6490190625190735,True
1128,p0n1286,46,0.0,1.0,1620.0,12.0,F4,65,1,0,0.39855194091796875,False,0.39079248905181885,False,0.3524910807609558,False
1129,p0n1284,46,0.0,0.16666666666666666,1620.0,2.0,D-4,61,1,0,0.8730291724205017,True,0.7947208881378174,True,0.6003803014755249,True
1130,p0n1285,46,0.0,1.5,1620.0,18.0,A-3,56,1,0,0.5677966475486755,True,0.425927072763443,False,0.3508932888507843,False
1131,p0n1288,46,0.16666666666666666,0.16666666666666666,1622.0,2.0,B-3,58,1,0,0.42826738953590393,False,0.1684882938861847,False,0.273794949054718,False
1132,p0n1289,46,0.3333333333333333,0.16666666666666666,1624.0,2.0,C4,60,1,0,0.9112606644630432,True,0.8355060815811157,True,0.6681752800941467,True
1133,p0n1290,46,0.5,0.16666666666666666,1626.0,2.0,D-4,61,1,0,0.8514748811721802,True,0.6675763130187988,True,0.5653831362724304,True
1134,p0n1291,46,0.5,0.5,1626.0,6.0,A-2,44,2,0,0.15460611879825592,False,0.17469419538974762,False,0.2706507742404938,False
1135,p0n1292,46,0.6666666666666666,0.16666666666666666,1628.0,2.0,C4,60,1,0,0.9249744415283203,True,0.7028139233589172,True,0.5482961535453796,True
1136,p0n1293,46,0.8333333333333334,0.16666666666666666,1630.0,2.0,B-3,58,1,0,0.6106048822402954,True,0.675110936164856,True,0.43725183606147766,False
1137,p0n1295,46,1.0,0.5,1632.0,6.0,F-4,64,1,0,0.42835789918899536,False,0.14835728704929352,False,0.27457112073898315,False
1138,p0n1294,46,1.0,0.16666666666666666,1632.0,2.0,D-4,61,1,0,0.8355117440223694,True,0.44364917278289795,False,0.3666519224643707,False
1139,p0n1296,46,1.0,0.5,1632.0,6.0,A-1,32,2,0,0.6687068939208984,True,0.511533796787262,True,0.489681601524353,False
1140,p0n1297,46,1.1666666666666667,0.16666666666666666,1634.0,2.0,C4,60,1,0,0.9004669785499573,True,0.8291064500808716,True,0.6095836758613586,True
1141,p0n1298,46,1.3333333333333333,0.16666666666666666,1636.0,2.0,B-3,58,1,0,0.5820508003234863,True,0.5461720824241638,True,0.48463761806488037,False
1142,p0n1301,46,1.5,1.0,1638.0,12.0,E-4,63,1,0,0.502247154712677,True,0.6396583914756775,True,0.32364991307258606,False
1143,p0n1299,46,1.5,0.16666666666666666,1638.0,2.0,G3,55,1,0,0.969268262386322,True,0.804925799369812,True,0.49899619817733765,False
1144,p0n1300,46,1.5,0.5,1638.0,6.0,G3,55,1,0,0.9432145953178406,True,0.6941229701042175,True,0.44190487265586853,False
1145,p0n1303,46,1.5,3.0,1638.0,36.0,A-2,44,2,0,0.27133631706237793,False,0.3250437080860138,False,0.31082215905189514,False
1146,p0n1302,46,1.5,3.0,1638.0,36.0,A-1,32,2,0,0.8379291892051697,True,0.866656482219696,True,0.6512339115142822,True
1147,p0n1304,46,1.6666666666666667,0.16666666666666666,1640.0,2.0,D-4,61,1,0,0.7330861687660217,True,0.37210947275161743,False,0.32184380292892456,False
1148,p0n1305,46,1.8333333333333333,0.16666666666666666,1642.0,2.0,B-3,58,1,0,0.4199613630771637,False,0.17942756414413452,False,0.27438902854919434,False
1149,p0n1306,46,2.0,0.16666666666666666,1644.0,2.0,G3,55,1,0,0.9135327935218811,True,0.4069021940231323,False,0.3136677145957947,False
1150,p0n1307,46,2.0,0.5,1644.0,6.0,G3,55,1,0,0.8942263722419739,True,0.4178009033203125,False,0.31822559237480164,False
1151,p0n1308,46,2.1666666666666665,0.16666666666666666,1646.0,2.0,D-4,61,1,0,0.8248955011367798,True,0.24764227867126465,False,0.2979199290275574,False
1152,p0n1309,46,2.3333333333333335,0.16666666666666666,1648.0,2.0,B-3,58,1,0,0.6028162837028503,True,0.5270673632621765,True,0.48197704553604126,False
1153,p0n1312,46,2.5,0.5,1650.0,6.0,F-4,64,1,0,0.054548583924770355,False,0.10405320674180984,False,0.26829826831817627,False
1154,p0n1310,46,2.5,0.16666666666666666,1650.0,2.0,A-3,56,1,0,0.6471256017684937,True,0.25623953342437744,False,0.29448819160461426,False
1155,p0n1311,46,2.5,0.5,1650.0,6.0,A-3,56,1,0,0.5352025032043457,True,0.2981790006160736,False,0.30487698316574097,False
1156,p0n1313,46,2.6666666666666665,0.16666666666666666,1652.0,2.0,D-4,61,1,0,0.8039422035217285,True,0.22269591689109802,False,0.2883369028568268,False
1157,p0n1314,46,2.8333333333333335,0.16666666666666666,1654.0,2.0,B-3,58,1,0,0.49645063281059265,False,0.20393557846546173,False,0.2812146544456482,False
1158,p0n1317,47,0.0,1.5,1656.0,18.0,E-4,63,1,0,0.7492421865463257,True,0.22875846922397614,False,0.29020512104034424,False
1159,p0n1316,47,0.0,1.5,1656.0,18.0,G3,55,1,0,0.9323374032974243,True,0.6470252275466919,True,0.40372955799102783,False
1160,p0n1320,47,0.16666666666666666,0.16666666666666666,1658.0,2.0,B-3,58,1,0,0.4903213083744049,False,0.1630774587392807,False,0.2723296284675598,False
1161,p0n1321,47,0.3333333333333333,0.16666666666666666,1660.0,2.0,C4,60,1,0,0.9306545853614807,True,0.904782235622406,True,0.7405536770820618,True
1162,p0n1322,47,0.5,0.16666666666666666,1662.0,2.0,D-4,61,1,0,0.8115964531898499,True,0.7348251938819885,True,0.5905085802078247,True
1163,p0n1323,47,0.6666666666666666,0.16666666666666666,1664.0,2.0,C4,60,1,0,0.9246506094932556,True,0.7951492071151733,True,0.5350677371025085,True
1164,p0n1324,47,0.8333333333333334,0.16666666666666666,1666.0,2.0,B-3,58,1,0,0.6563536524772644,True,0.8378072381019592,True,0.49066993594169617,False
1165,p0n1325,47,1.0,0.16666666666666666,1668.0,2.0,D-4,61,1,0,0.7676863670349121,True,0.3890417516231537,False,0.34675854444503784,False
1166,p0n1326,47,1.1666666666666667,0.16666666666666666,1670.0,2.0,C4,60,1,0,0.9402338862419128,True,0.7830731272697449,True,0.5122720003128052,True
1167,p0n1327,47,1.3333333333333333,0.16666666666666666,1672.0,2.0,B-3,58,1,0,0.779339075088501,True,0.7169014811515808,True,0.4324073791503906,False
1168,p0n1330,47,1.5,1.0,1674.0,12.0,E-4,63,1,0,0.5533077716827393,True,0.5291022062301636,True,0.36591044068336487,False
1169,p0n1328,47,1.5,0.16666666666666666,1674.0,2.0,G3,55,1,0,0.955024003982544,True,0.8547298908233643,True,0.5124194025993347,True
1170,p0n1329,47,1.5,0.5,1674.0,6.0,G3,55,1,0,0.9231145977973938,True,0.7955055832862854,True,0.4867079555988312,False
1171,p0n1332,47,1.5,2.5,1674.0,30.0,A-2,44,2,0,0.19306668639183044,False,0.25834208726882935,False,0.29277297854423523,False
1172,p0n1331,47,1.5,2.5,1674.0,30.0,A-1,32,2,0,0.8864669799804688,True,0.7367897033691406,True,0.4403960704803467,False
1173,p0n1333,47,1.6666666666666667,0.16666666666666666,1676.0,2.0,D-4,61,1,0,0.5424173474311829,True,0.20217645168304443,False,0.285595178604126,False
1174,p0n1334,47,1.8333333333333333,0.16666666666666666,1678.0,2.0,B-3,58,1,0,0.572769820690155,True,0.49929574131965637,False,0.36105185747146606,False
1175,p0n1335,47,2.0,0.16666666666666666,1680.0,2.0,G3,55,1,0,0.908758819103241,True,0.44129496812820435,False,0.31910794973373413,False
1176,p0n1336,47,2.0,0.5,1680.0,6.0,G3,55,1,0,0.9120670557022095,True,0.41557493805885315,False,0.32023730874061584,False
1177,p0n1337,47,2.1666666666666665,0.16666666666666666,1682.0,2.0,D-4,61,1,0,0.7156068682670593,True,0.19668152928352356,False,0.2883683145046234,False
1178,p0n1338,47,2.3333333333333335,0.16666666666666666,1684.0,2.0,B-3,58,1,0,0.7757902145385742,True,0.4798967242240906,False,0.3423755466938019,False
1179,p0n1341,47,2.5,0.5,1686.0,6.0,F-4,64,1,0,0.026384448632597923,False,0.09962303936481476,False,0.26754555106163025,False
1180,p0n1339,47,2.5,0.16666666666666666,1686.0,2.0,A-3,56,1,0,0.5566148161888123,True,0.4579140543937683,False,0.3081849217414856,False
1181,p0n1340,47,2.5,0.5,1686.0,6.0,A-3,56,1,0,0.3940509855747223,False,0.19115722179412842,False,0.2862347662448883,False
1182,p0n1342,47,2.6666666666666665,0.16666666666666666,1688.0,2.0,D-4,61,1,0,0.23603807389736176,False,0.1319688856601715,False,0.26720914244651794,False
1183,p0n1343,47,2.8333333333333335,0.16666666666666666,1690.0,2.0,B-3,58,1,0,0.8819402456283569,True,0.5903320908546448,True,0.4097028970718384,False
1184,p0n1346,48,0.0,1.0,1692.0,12.0,E-4,63,1,0,0.37203723192214966,False,0.31352150440216064,False,0.31002044677734375,False
1185,p0n1344,48,0.0,0.16666666666666666,1692.0,2.0,G3,55,1,0,0.8039571642875671,True,0.40267351269721985,False,0.336819052696228,False
1186,p0n1345,48,0.0,1.0,1692.0,12.0,G3,55,1,0,0.7969508767127991,True,0.3642038404941559,False,0.3342280983924866,False
1187,p0n1349,48,0.16666666666666666,0.16666666666666666,1694.0,2.0,B-3,58,1,0,0.8153216242790222,True,0.4199679493904114,False,0.2984880208969116,False
1188,p0n1350,48,0.3333333333333333,0.16666666666666666,1696.0,2.0,C4,60,1,0,0.924055278301239,True,0.7433702349662781,True,0.5011780858039856,True
1189,p0n1351,48,0.5,0.16666666666666666,1698.0,2.0,D-4,61,1,0,0.4930703043937683,False,0.4076930284500122,False,0.34229224920272827,False
1190,p0n1352,48,0.6666666666666666,0.16666666666666666,1700.0,2.0,B-3,58,2,0,0.7856306433677673,True,0.5166369080543518,True,0.37536850571632385,False
1191,p0n1353,48,0.8333333333333334,0.16666666666666666,1702.0,2.0,G3,55,2,0,0.8312620520591736,True,0.1291017085313797,False,0.2710161507129669,False
1192,p0n1354,48,1.0,0.16666666666666666,1704.0,2.0,E-3,51,2,0,0.3177417814731598,False,0.16838987171649933,False,0.27301084995269775,False
1193,p0n1356,48,1.1666666666666667,0.16666666666666666,1706.0,2.0,D-3,49,2,0,0.6838962435722351,True,0.23619922995567322,False,0.28754469752311707,False
1194,p0n1357,48,1.3333333333333333,0.16666666666666666,1708.0,2.0,B-2,46,2,0,0.8478953838348389,True,0.8197654485702515,True,0.6347320079803467,True
1195,p0n1358,48,1.5,0.16666666666666666,1710.0,2.0,A-2,44,2,0,0.6980566382408142,True,0.8484316468238831,True,0.6085053086280823,True
1196,p0n1360,48,1.6666666666666667,0.16666666666666666,1712.0,2.0,C3,48,2,0,0.5666958093643188,True,0.32669249176979065,False,0.27104195952415466,False
1197,p0n1361,48,1.8333333333333333,0.16666666666666666,1714.0,2.0,D-3,49,2,0,0.6627761721611023,True,0.30451127886772156,False,0.3243660032749176,False
1198,p0n1362,48,2.0,0.16666666666666666,1716.0,2.0,D3,50,2,0,0.41919130086898804,False,0.3747093081474304,False,0.31440073251724243,False
1199,p0n1363,48,2.1666666666666665,0.16666666666666666,1718.0,2.0,F3,53,2,0,0.9158653616905212,True,0.5626826286315918,True,0.5886697173118591,True
1200,p0n1364,48,2.3333333333333335,0.16666666666666666,1720.0,2.0,E-3,51,2,0,0.522615909576416,True,0.262666255235672,False,0.2705135941505432,False
1201,p0n1365,48,2.5,0.16666666666666666,1722.0,2.0,D3,50,2,0,0.741510808467865,True,0.5260504484176636,True,0.38047900795936584,False
1202,p0n1366,48,2.6666666666666665,0.16666666666666666,1724.0,2.0,E-3,51,2,0,0.5377547144889832,True,0.3062135577201843,False,0.26579055190086365,False
1203,p0n1367,48,2.8333333333333335,0.16666666666666666,1726.0,2.0,G3,55,2,0,0.7507548928260803,True,0.3591819107532501,False,0.2904854416847229,False
1204,p0n1368,49,0.0,0.16666666666666666,1728.0,2.0,A-3,56,1,0,0.6826044321060181,True,0.9262665510177612,True,0.5951646566390991,True
1205,p0n1369,49,0.0,0.5,1728.0,6.0,E-3,51,2,0,0.8135513067245483,True,0.6776034832000732,True,0.46346452832221985,False
1206,p0n1370,49,0.16666666666666666,0.16666666666666666,1730.0,2.0,C4,60,1,0,0.849943220615387,True,0.6210422515869141,True,0.5598894953727722,True
1207,p0n1371,49,0.3333333333333333,0.16666666666666666,1732.0,2.0,D-4,61,1,0,0.5338857769966125,True,0.1931701898574829,False,0.2821773290634155,False
1208,p0n1372,49,0.5,0.16666666666666666,1734.0,2.0,D4,62,1,0,0.2919923961162567,False,0.23680059611797333,False,0.2770524322986603,False
1209,p0n1373,49,0.5,0.5,1734.0,6.0,A-3,56,2,0,0.5785225629806519,True,0.6302807331085205,True,0.43732330203056335,False
1210,p0n1374,49,0.6666666666666666,0.16666666666666666,1736.0,2.0,F4,65,1,0,0.7563160061836243,True,0.18239544332027435,False,0.28319093585014343,False
1211,p0n1375,49,0.8333333333333334,0.16666666666666666,1738.0,2.0,E-4,63,1,0,0.813130259513855,True,0.2828074097633362,False,0.2814708352088928,False
1212,p0n1376,49,1.0,0.16666666666666666,1740.0,2.0,D4,62,1,0,0.7240118384361267,True,0.5288320779800415,True,0.35522088408470154,False
1213,p0n1377,49,1.0,0.5,1740.0,6.0,B-3,58,2,0,0.8489861488342285,True,0.5914087891578674,True,0.40483659505844116,False
1214,p0n1378,49,1.1666666666666667,0.16666666666666666,1742.0,2.0,E-4,63,1,0,0.8208686709403992,True,0.3192319869995117,False,0.28150975704193115,False
1215,p0n1379,49,1.3333333333333333,0.16666666666666666,1744.0,2.0,G4,67,1,0,0.9488222002983093,True,0.349761426448822,False,0.3032391667366028,False
1216,p0n1380,49,1.5,0.16666666666666666,1746.0,2.0,A-4,68,1,0,0.7558362483978271,True,0.9194774627685547,True,0.5616657733917236,True
1217,p0n1381,49,1.5,2.5,1746.0,30.0,C4,60,2,0,0.8430801033973694,True,0.8982529044151306,True,0.647146999835968,True
1218,p0n1382,49,1.6666666666666667,0.16666666666666666,1748.0,2.0,C5,72,1,0,0.6288257837295532,True,0.7629368305206299,True,0.5883208513259888,True
1219,p0n1383,49,1.8333333333333333,0.16666666666666666,1750.0,2.0,D-5,73,1,0,0.4632360339164734,False,0.1969054490327835,False,0.2778632342815399,False
1220,p0n1384,49,2.0,0.16666666666666666,1752.0,2.0,D5,74,1,0,0.5326213836669922,True,0.5523393154144287,True,0.394121915102005,False
1221,p0n1385,49,2.1666666666666665,0.16666666666666666,1754.0,2.0,F5,77,1,0,0.6332888603210449,True,0.06853386759757996,False,0.2652324140071869,False
1222,p0n1386,49,2.3333333333333335,0.16666666666666666,1756.0,2.0,E-5,75,1,0,0.9619303345680237,True,0.5676711201667786,True,0.39820027351379395,False
1223,p0n1387,49,2.5,0.16666666666666666,1758.0,2.0,D5,74,1,0,0.7944371700286865,True,0.49807363748550415,False,0.35342782735824585,False
1224,p0n1388,49,2.6666666666666665,0.16666666666666666,1760.0,2.0,E-5,75,1,0,0.9590847492218018,True,0.41127097606658936,False,0.29316022992134094,False
1225,p0n1389,49,2.8333333333333335,0.16666666666666666,1762.0,2.0,G5,79,1,0,0.8117942810058594,True,0.34461015462875366,False,0.3021122217178345,False
1226,p0n1390,50,0.0,0.16666666666666666,1764.0,2.0,A-5,80,1,0,0.7802441716194153,True,0.710023820400238,True,0.47763368487358093,False
1227,p0n1391,50,0.0,0.5,1764.0,6.0,E-4,63,1,0,0.8511934280395508,True,0.7444878220558167,True,0.5573970079421997,True
1228,p0n1393,50,0.16666666666666666,0.16666666666666666,1766.0,2.0,C6,84,1,0,0.621891438961029,True,0.511759340763092,True,0.2955300509929657,False
1229,p0n1394,50,0.3333333333333333,0.16666666666666666,1768.0,2.0,D-6,85,1,0,0.7352135181427002,True,0.23962992429733276,False,0.28764230012893677,False
1230,p0n1395,50,0.5,0.16666666666666666,1770.0,2.0,D6,86,1,0,0.5112316608428955,True,0.4779500365257263,False,0.35435986518859863,False
1231,p0n1396,50,0.5,0.5,1770.0,6.0,A-4,68,1,0,0.6352373361587524,True,0.8313899040222168,True,0.47491490840911865,False
1232,p0n1397,50,0.6666666666666666,0.16666666666666666,1772.0,2.0,F6,89,1,0,0.5450590252876282,True,0.16951531171798706,False,0.2790987491607666,False
1233,p0n1398,50,0.8333333333333334,0.16666666666666666,1774.0,2.0,E-6,87,1,0,0.623884916305542,True,0.24771365523338318,False,0.273773193359375,False
1234,p0n1399,50,1.0,0.16666666666666666,1776.0,2.0,D6,86,1,0,0.8043314218521118,True,0.5651819705963135,True,0.3728644549846649,False
1235,p0n1400,50,1.0,0.5,1776.0,6.0,B-4,70,1,0,0.6634039282798767,True,0.5463362336158752,True,0.364054411649704,False
1236,p0n1401,50,1.0,0.5,1776.0,6.0,E-4,63,1,0,0.7426581382751465,True,0.5106062889099121,True,0.43077927827835083,False
1237,p0n1402,50,1.1666666666666667,0.16666666666666666,1778.0,2.0,E-6,87,1,0,0.7492309808731079,True,0.22985953092575073,False,0.27890533208847046,False
1238,p0n1403,50,1.3333333333333333,0.16666666666666666,1780.0,2.0,G6,91,1,0,0.7794091701507568,True,0.3082950711250305,False,0.3145512342453003,False
1239,p0n1404,50,1.5,0.5,1782.0,6.0,A-6,92,1,0,0.8911575078964233,True,0.9501556754112244,True,0.770265519618988,True
1240,p0n1405,50,1.5,4.5,1782.0,54.0,C5,72,1,0,0.8598065376281738,True,0.9012323021888733,True,0.6709690690040588,True
1241,p0n1406,50,1.5,4.5,1782.0,54.0,A-4,68,1,0,0.9433399438858032,True,0.9757636785507202,True,0.692182183265686,True
1242,p0n1413,51,0.0,3.0,1800.0,36.0,C5,72,1,0,0.9695795178413391,True,0.9676616787910461,True,0.8894217610359192,True
1243,p0n1412,51,0.0,3.0,1800.0,36.0,A-4,68,1,0,0.9701783061027527,True,0.9853368401527405,True,0.9239649772644043,True
1244,p0n1410,51,0.0,0.5,1800.0,6.0,E-4,63,1,0,0.9671986699104309,True,0.9653552770614624,True,0.809382438659668,True
1245,p0n1409,51,0.0,0.5,1800.0,6.0,C4,60,1,0,0.982714831829071,True,0.9770644307136536,True,0.820167601108551,True
1246,p0n1417,51,0.0,0.5,1800.0,6.0,A-3,56,2,0,0.9733747839927673,True,0.9843084216117859,True,0.8344877362251282,True
1247,p0n1416,51,0.0,0.5,1800.0,6.0,E-3,51,2,0,0.9411014914512634,True,0.8667011260986328,True,0.5724875926971436,True
1248,p0n1415,51,0.0,0.5,1800.0,6.0,A-2,44,2,0,0.9303346276283264,True,0.897947371006012,True,0.658235490322113,True
1249,p0n1423,51,1.5,0.5,1818.0,6.0,E-4,63,1,0,0.9197916984558105,True,0.9101426005363464,True,0.753754198551178,True
1250,p0n1422,51,1.5,0.5,1818.0,6.0,C4,60,1,0,0.9261130690574646,True,0.9248347282409668,True,0.7687391638755798,True
1251,p0n1425,51,1.5,0.5,1818.0,6.0,A-2,44,2,0,0.9084138870239258,True,0.8748992085456848,True,0.6281751394271851,True
1252,p0n1424,51,1.5,0.5,1818.0,6.0,A-1,32,2,0,0.8965754508972168,True,0.8733000755310059,True,0.6325793266296387,True
