note_index,note_id,measure,measure_offset,quarter_length,time_position,duration_seconds,pitch_name,pitch_midi,staff,voice,layer_1_score,layer_1_mask,layer_2_score,layer_2_mask,layer_3_score,layer_3_mask
0,p0n0,1,0.0,1.0,0.0,24.0,B-4,70,1,0,0.840276837348938,True,0.771869421005249,True,0.6417415142059326,True
1,p0n2,1,0.0,0.5,0.0,12.0,G4,67,1,0,0.6986318826675415,True,0.9083921313285828,True,0.7028375267982483,True
2,p0n1,1,0.0,0.5,0.0,12.0,E-4,63,1,0,0.9072868227958679,True,0.8520505428314209,True,0.614739716053009,True
3,p0n3,1,0.0,3.0,0.0,72.0,E-3,51,2,0,0.9680435061454773,True,0.9448816180229187,True,0.8927706480026245,True
4,p0n4,1,0.5,0.5,12.0,12.0,B-3,58,1,0,0.9335309267044067,True,0.39256319403648376,False,0.2794249355792999,False
5,p0n5,1,1.0,1.5,24.0,36.0,E-5,75,1,0,0.8487781882286072,True,0.8837974667549133,True,0.6102507710456848,True
6,p0n7,1,1.0,0.5,24.0,12.0,G4,67,1,0,0.5688703656196594,True,0.8052613735198975,True,0.4647296965122223,False
7,p0n6,1,1.0,0.5,24.0,12.0,E-4,63,1,0,0.8670227527618408,True,0.7624722123146057,True,0.530329167842865,True
8,p0n8,1,1.5,0.5,36.0,12.0,B-3,58,1,0,0.9196273684501648,True,0.3884842097759247,False,0.2827300429344177,False
9,p0n10,1,2.0,0.5,48.0,12.0,G4,67,1,0,0.49821338057518005,False,0.22519859671592712,False,0.27274128794670105,False
10,p0n9,1,2.0,0.5,48.0,12.0,E-4,63,1,0,0.9003105163574219,True,0.7769916653633118,True,0.47940585017204285,False
11,p0n11,1,2.5,0.5,60.0,12.0,G5,79,1,0,0.3688261806964874,False,0.1545671820640564,False,0.2666659951210022,False
12,p0n12,1,2.5,0.5,60.0,12.0,B-3,58,1,0,0.9148961901664734,True,0.45780378580093384,False,0.30353668332099915,False
13,p0n13,2,0.0,0.5,72.0,12.0,G5,79,1,0,0.5359300971031189,True,0.517646074295044,True,0.5503898859024048,True
14,p0n15,2,0.0,0.5,72.0,12.0,A-4,68,1,0,0.3098011910915375,False,0.20104752480983734,False,0.2843863070011139,False
15,p0n14,2,0.0,0.5,72.0,12.0,D4,62,1,0,0.8025128245353699,True,0.976774275302887,True,0.7899850010871887,True
16,p0n16,2,0.0,1.0,72.0,24.0,B-2,46,2,0,0.8332766890525818,True,0.9118234515190125,True,0.6144774556159973,True
17,p0n17,2,0.5,0.5,84.0,12.0,F5,77,1,0,0.6069076061248779,True,0.47628989815711975,False,0.2957231402397156,False
18,p0n18,2,0.5,0.5,84.0,12.0,B-3,58,1,0,0.927619218826294,True,0.4018259346485138,False,0.2833369970321655,False
19,p0n19,2,1.0,1.0,96.0,24.0,E-5,75,1,0,0.7511450052261353,True,0.7519040107727051,True,0.5808078050613403,True
20,p0n21,2,1.0,0.5,96.0,12.0,G4,67,1,0,0.8711029291152954,True,0.9789584875106812,True,0.6506447196006775,True
21,p0n20,2,1.0,0.5,96.0,12.0,E-4,63,1,0,0.7770191431045532,True,0.6760321259498596,True,0.5264788866043091,True
22,p0n22,2,1.0,1.0,96.0,24.0,E-3,51,2,0,0.9177528619766235,True,0.8074233531951904,True,0.824826717376709,True
23,p0n23,2,1.5,0.5,108.0,12.0,B-3,58,1,0,0.937767505645752,True,0.4144178032875061,False,0.2901168167591095,False
24,p0n27,2,2.0,0.5,120.0,12.0,G4,67,1,0,0.833303689956665,True,0.7573232650756836,True,0.48567986488342285,False
25,p0n26,2,2.0,0.5,120.0,12.0,E-4,63,1,0,0.518757700920105,True,0.34207582473754883,False,0.27148643136024475,False
26,p0n28,2,2.5,0.5,132.0,12.0,B-3,58,1,0,0.9502934217453003,True,0.4276559352874756,False,0.29504260420799255,False
27,p0n29,3,0.0,1.5,144.0,36.0,B-4,70,1,0,0.3343726694583893,False,0.3475850522518158,False,0.33485549688339233,False
28,p0n31,3,0.0,0.5,144.0,12.0,G4,67,1,0,0.8889222145080566,True,0.8669448494911194,True,0.7607114911079407,True
29,p0n30,3,0.0,0.5,144.0,12.0,E-4,63,1,0,0.798217236995697,True,0.9406167268753052,True,0.8220983743667603,True
30,p0n32,3,0.0,3.0,144.0,72.0,E-3,51,2,0,0.9663532376289368,True,0.8971731066703796,True,0.9098119139671326,True
31,p0n33,3,0.5,0.5,156.0,12.0,B-3,58,1,0,0.954939603805542,True,0.4547778367996216,False,0.30423128604888916,False
32,p0n35,3,1.0,0.5,168.0,12.0,G4,67,1,0,0.8644109964370728,True,0.7187528610229492,True,0.546777069568634,True
33,p0n34,3,1.0,0.5,168.0,12.0,E-4,63,1,0,0.7084896564483643,True,0.8467493057250977,True,0.6797954440116882,True
34,p0n36,3,1.5,0.5,180.0,12.0,E-5,75,1,0,0.5863966345787048,True,0.434054970741272,False,0.283186137676239,False
35,p0n37,3,1.5,0.5,180.0,12.0,B-3,58,1,0,0.9541234970092773,True,0.509019672870636,True,0.6426512002944946,True
36,p0n38,3,2.0,0.5,192.0,12.0,G5,79,1,0,0.2713898718357086,False,0.1424705684185028,False,0.25323745608329773,False
37,p0n40,3,2.0,0.5,192.0,12.0,G4,67,1,0,0.7805977463722229,True,0.6458327770233154,True,0.483376681804657,False
38,p0n39,3,2.0,0.5,192.0,12.0,E-4,63,1,0,0.7124270796775818,True,0.7462103962898254,True,0.6376346945762634,True
39,p0n41,3,2.5,0.5,204.0,12.0,B-5,82,1,0,0.8990780711174011,True,0.7013075947761536,True,0.7152248620986938,True
40,p0n42,3,2.5,0.5,204.0,12.0,B-3,58,1,0,0.9702300429344177,True,0.45731785893440247,False,0.3124597668647766,False
41,p0n43,4,0.0,0.5,216.0,12.0,B-5,82,1,0,0.883243978023529,True,0.9163110852241516,True,0.7617181539535522,True
42,p0n45,4,0.0,0.5,216.0,12.0,F4,65,1,0,0.6069411635398865,True,0.7141150236129761,True,0.5003623962402344,True
43,p0n44,4,0.0,0.5,216.0,12.0,D4,62,1,0,0.5445092916488647,True,0.9511520266532898,True,0.6741005182266235,True
44,p0n46,4,0.0,1.0,216.0,24.0,B-2,46,2,0,0.7661859393119812,True,0.9217733144760132,True,0.6619927287101746,True
45,p0n47,4,0.5,0.5,228.0,12.0,A-5,80,1,0,0.16434484720230103,False,0.10336598753929138,False,0.26230886578559875,False
46,p0n48,4,0.5,0.5,228.0,12.0,B-3,58,1,0,0.9533662796020508,True,0.5209477543830872,True,0.4905131161212921,False
47,p0n49,4,1.0,1.0,240.0,24.0,G5,79,1,0,0.3219837248325348,False,0.21767090260982513,False,0.27392566204071045,False
48,p0n51,4,1.0,0.5,240.0,12.0,G4,67,1,0,0.7341195344924927,True,0.9510269165039062,True,0.5659663081169128,True
49,p0n50,4,1.0,0.5,240.0,12.0,E-4,63,1,0,0.5953068733215332,True,0.47732114791870117,False,0.4158419072628021,False
50,p0n52,4,1.0,1.0,240.0,24.0,E-3,51,2,0,0.9464246034622192,True,0.8619049787521362,True,0.8565168380737305,True
51,p0n53,4,1.5,0.5,252.0,12.0,B-3,58,1,0,0.9626573920249939,True,0.35299617052078247,False,0.2810075283050537,False
52,p0n57,4,2.0,0.5,264.0,12.0,G4,67,1,0,0.6968357563018799,True,0.7522059082984924,True,0.49314016103744507,False
53,p0n56,4,2.0,0.5,264.0,12.0,E-4,63,1,0,0.44340166449546814,False,0.28379663825035095,False,0.28890150785446167,False
54,p0n58,4,2.5,0.5,276.0,12.0,B-3,58,1,0,0.983396589756012,True,0.5109754800796509,True,0.5426244735717773,True
55,p0n59,5,0.0,1.5,288.0,36.0,F5,77,1,0,0.525860607624054,True,0.770941972732544,True,0.5952498316764832,True
56,p0n61,5,0.0,0.5,288.0,12.0,F4,65,1,0,0.7194772362709045,True,0.8707069754600525,True,0.6371309161186218,True
57,p0n60,5,0.0,0.5,288.0,12.0,D4,62,1,0,0.8045883178710938,True,0.9745897650718689,True,0.8427647352218628,True
58,p0n62,5,0.0,3.0,288.0,72.0,B-2,46,2,0,0.8799248933792114,True,0.9318793416023254,True,0.8076416254043579,True
59,p0n63,5,0.5,0.5,300.0,12.0,B-3,58,1,0,0.9784144163131714,True,0.6105632781982422,True,0.7072769403457642,True
60,p0n65,5,1.0,0.5,312.0,12.0,F4,65,1,0,0.5624986290931702,True,0.47790560126304626,False,0.30525439977645874,False
61,p0n64,5,1.0,0.5,312.0,12.0,D4,62,1,0,0.765819787979126,True,0.9642937183380127,True,0.6960268020629883,True
62,p0n66,5,1.5,0.5,324.0,12.0,B-5,82,1,0,0.9264829158782959,True,0.60771244764328,True,0.47021228075027466,False
63,p0n67,5,1.5,0.5,324.0,12.0,B-3,58,1,0,0.9694417119026184,True,0.38501042127609253,False,0.3115610182285309,False
64,p0n68,5,2.0,0.5,336.0,12.0,G5,79,1,0,0.18948201835155487,False,0.12265817075967789,False,0.24933704733848572,False
65,p0n70,5,2.0,0.5,336.0,12.0,G4,67,1,0,0.7325609922409058,True,0.8377285003662109,True,0.48309141397476196,False
66,p0n69,5,2.0,0.5,336.0,12.0,E-4,63,1,0,0.28486689925193787,False,0.1921250969171524,False,0.26371780037879944,False
67,p0n71,5,2.5,0.5,348.0,12.0,B-5,82,1,0,0.9723832011222839,True,0.8031909465789795,True,0.718656063079834,True
68,p0n72,5,2.5,0.5,348.0,12.0,B-3,58,1,0,0.9802473783493042,True,0.3839282691478729,False,0.29300904273986816,False
69,p0n73,6,0.0,1.5,360.0,36.0,F5,77,1,0,0.5722485780715942,True,0.5719658732414246,True,0.5289985537528992,True
70,p0n75,6,0.0,0.5,360.0,12.0,F4,65,1,0,0.49852603673934937,False,0.4386351704597473,False,0.3798961341381073,False
71,p0n74,6,0.0,0.5,360.0,12.0,D4,62,1,0,0.6124794483184814,True,0.9205783009529114,True,0.6784619092941284,True
72,p0n76,6,0.0,2.0,360.0,48.0,B-2,46,2,0,0.7270724773406982,True,0.7871299386024475,True,0.6220591068267822,True
73,p0n77,6,0.5,0.5,372.0,12.0,B-3,58,1,0,0.9817172288894653,True,0.5499042868614197,True,0.6652932167053223,True
74,p0n79,6,1.0,0.5,384.0,12.0,F4,65,1,0,0.6505745053291321,True,0.6806264519691467,True,0.3632824122905731,False
75,p0n78,6,1.0,0.5,384.0,12.0,D4,62,1,0,0.51759934425354,True,0.899444580078125,True,0.6315339803695679,True
76,p0n80,6,1.5,0.5,396.0,12.0,B-5,82,1,0,0.9563356637954712,True,0.6326772570610046,True,0.5926560759544373,True
77,p0n81,6,1.5,0.5,396.0,12.0,B-3,58,1,0,0.9623426198959351,True,0.32776039838790894,False,0.294750452041626,False
78,p0n82,6,2.0,0.5,408.0,12.0,C5,72,1,0,0.18943080306053162,False,0.15288516879081726,False,0.2602703869342804,False
79,p0n84,6,2.0,0.5,408.0,12.0,E-4,63,1,0,0.4744003117084503,False,0.3130914866924286,False,0.29679104685783386,False
80,p0n83,6,2.0,0.5,408.0,12.0,C4,60,1,0,0.7381104826927185,True,0.8797881007194519,True,0.7548158168792725,True
81,p0n85,6,2.0,1.0,408.0,24.0,E-3,51,2,0,0.7306081652641296,True,0.36142855882644653,False,0.29362815618515015,False
82,p0n86,6,2.5,0.5,420.0,12.0,G5,79,1,0,0.15883375704288483,False,0.10746370255947113,False,0.2567283511161804,False
83,p0n87,6,2.5,0.5,420.0,12.0,G4,67,1,0,0.7181263566017151,True,0.7075778841972351,True,0.6935329437255859,True
84,p0n88,7,0.0,2.0,432.0,48.0,B-4,70,1,0,0.8576709628105164,True,0.9160702228546143,True,0.8281813263893127,True
85,p0n90,7,0.0,0.5,432.0,12.0,D4,62,1,0,0.9130680561065674,True,0.9766769409179688,True,0.7711157202720642,True
86,p0n89,7,0.0,0.5,432.0,12.0,B-3,58,1,0,0.9472519755363464,True,0.7530068755149841,True,0.680670976638794,True
87,p0n91,7,0.0,1.0,432.0,24.0,F3,53,2,0,0.5351134538650513,True,0.41588202118873596,False,0.3817530572414398,False
88,p0n92,7,0.5,0.5,444.0,12.0,F4,65,1,0,0.6636852025985718,True,0.51286780834198,True,0.3829483687877655,False
89,p0n94,7,1.0,0.5,456.0,12.0,D4,62,1,0,0.902199923992157,True,0.9762749075889587,True,0.7726182341575623,True
90,p0n93,7,1.0,0.5,456.0,12.0,B-3,58,1,0,0.9747830629348755,True,0.673784613609314,True,0.737116277217865,True
91,p0n95,7,1.0,1.0,456.0,24.0,F3,53,2,0,0.5407333374023438,True,0.23990364372730255,False,0.28802794218063354,False
92,p0n96,7,1.5,0.5,468.0,12.0,F4,65,1,0,0.5381221771240234,True,0.3343062698841095,False,0.2938604950904846,False
93,p0n97,7,2.0,0.75,480.0,18.0,C5,72,1,0,0.057208575308322906,False,0.11159394681453705,False,0.25289636850357056,False
94,p0n99,7,2.0,0.5,480.0,12.0,E-4,63,1,0,0.4568050503730774,False,0.29717931151390076,False,0.2920818030834198,False
95,p0n98,7,2.0,0.5,480.0,12.0,A3,57,1,0,0.8214161992073059,True,0.8713399767875671,True,0.49534517526626587,False
96,p0n100,7,2.0,1.0,480.0,24.0,F3,53,2,0,0.27264273166656494,False,0.19494295120239258,False,0.2664831578731537,False
97,p0n101,7,2.5,0.5,492.0,12.0,F4,65,1,0,0.8605712056159973,True,0.35964435338974,False,0.31635886430740356,False
98,p0n102,7,2.75,0.25,498.0,6.0,B-4,70,1,0,0.37937477231025696,False,0.22332191467285156,False,0.2782180607318878,False
99,p0n103,8,0.0,1.0,504.0,24.0,B-4,70,1,0,0.7389100790023804,True,0.855751097202301,True,0.7934451699256897,True
100,p0n105,8,0.0,0.5,504.0,12.0,D4,62,1,0,0.8329620361328125,True,0.9769824743270874,True,0.6582711935043335,True
101,p0n104,8,0.0,0.5,504.0,12.0,B-3,58,1,0,0.989788830280304,True,0.47046583890914917,False,0.3691728115081787,False
102,p0n106,8,0.0,1.0,504.0,24.0,B-2,46,2,0,0.9535301327705383,True,0.8466759324073792,True,0.38216474652290344,False
103,p0n108,8,0.5,0.5,516.0,12.0,C5,72,1,0,0.06952095031738281,False,0.11233232915401459,False,0.2629997134208679,False
104,p0n107,8,0.5,0.5,516.0,12.0,A-4,68,1,0,0.13782930374145508,False,0.1002611368894577,False,0.26113826036453247,False
105,p0n112,8,1.0,0.5,528.0,12.0,B-4,70,1,0,0.44964370131492615,False,0.3679639995098114,False,0.3286323547363281,False
106,p0n111,8,1.0,0.5,528.0,12.0,G4,67,1,0,0.8675893545150757,True,0.565899670124054,True,0.4665542542934418,False
107,p0n114,8,1.5,0.5,540.0,12.0,A-4,68,1,0,0.03006984479725361,False,0.07704009115695953,False,0.25791406631469727,False
108,p0n113,8,1.5,0.5,540.0,12.0,F4,65,1,0,0.8223327994346619,True,0.31241804361343384,False,0.288493275642395,False
109,p0n118,8,2.0,0.5,552.0,12.0,G4,67,1,0,0.6114376187324524,True,0.4628448784351349,False,0.2843492329120636,False
110,p0n117,8,2.0,0.5,552.0,12.0,E-4,63,1,0,0.638393759727478,True,0.5928005576133728,True,0.606045126914978,True
111,p0n120,8,2.5,0.5,564.0,12.0,F4,65,1,0,0.5640373229980469,True,0.2773320972919464,False,0.25798144936561584,False
112,p0n119,8,2.5,0.5,564.0,12.0,D4,62,1,0,0.6368719935417175,True,0.8771384358406067,True,0.6208899617195129,True
113,p0n121,9,0.0,1.0,576.0,24.0,B-4,70,1,0,0.8304943442344666,True,0.8907660245895386,True,0.822140097618103,True
114,p0n123,9,0.0,0.5,576.0,12.0,G4,67,1,0,0.7388578653335571,True,0.9388489723205566,True,0.6976906061172485,True
115,p0n122,9,0.0,0.5,576.0,12.0,E-4,63,1,0,0.6911008358001709,True,0.603417694568634,True,0.5052891969680786,True
116,p0n124,9,0.0,3.0,576.0,72.0,E-3,51,2,0,0.9597213864326477,True,0.8979507088661194,True,0.8424475193023682,True
117,p0n125,9,0.5,0.5,588.0,12.0,B-3,58,1,0,0.9795085191726685,True,0.18470412492752075,False,0.2731599807739258,False
118,p0n126,9,1.0,1.5,600.0,36.0,E-5,75,1,0,0.6435141563415527,True,0.8585213422775269,True,0.5183442831039429,True
119,p0n128,9,1.0,0.5,600.0,12.0,G4,67,1,0,0.6485166549682617,True,0.8446213603019714,True,0.5173869729042053,True
120,p0n127,9,1.0,0.5,600.0,12.0,E-4,63,1,0,0.8023687601089478,True,0.5944501161575317,True,0.5376190543174744,True
121,p0n129,9,1.5,0.5,612.0,12.0,B-3,58,1,0,0.9712396860122681,True,0.15783846378326416,False,0.26754939556121826,False
122,p0n131,9,2.0,0.5,624.0,12.0,G4,67,1,0,0.5802288055419922,True,0.7727046608924866,True,0.5586417317390442,True
123,p0n130,9,2.0,0.5,624.0,12.0,E-4,63,1,0,0.8465259075164795,True,0.6729367971420288,True,0.6184576153755188,True
124,p0n132,9,2.5,0.5,636.0,12.0,G5,79,1,0,0.3155880868434906,False,0.16061466932296753,False,0.26719993352890015,False
125,p0n133,9,2.5,0.5,636.0,12.0,B-3,58,1,0,0.9736387729644775,True,0.24656125903129578,False,0.28569987416267395,False
126,p0n134,10,0.0,0.5,648.0,12.0,G5,79,1,0,0.3557938039302826,False,0.22727395594120026,False,0.2865544855594635,False
127,p0n136,10,0.0,0.5,648.0,12.0,A-4,68,1,0,0.09456522762775421,False,0.1285409927368164,False,0.2671453654766083,False
128,p0n135,10,0.0,0.5,648.0,12.0,D4,62,1,0,0.6352720856666565,True,0.9083308577537537,True,0.609366238117218,True
129,p0n137,10,0.0,1.0,648.0,24.0,B-2,46,2,0,0.8396999835968018,True,0.7781162858009338,True,0.5179032683372498,True
130,p0n138,10,0.5,0.5,660.0,12.0,F5,77,1,0,0.6725497841835022,True,0.3498372733592987,False,0.2842414975166321,False
131,p0n139,10,0.5,0.5,660.0,12.0,B-3,58,1,0,0.9805434346199036,True,0.40871769189834595,False,0.32382386922836304,False
132,p0n140,10,1.0,1.0,672.0,24.0,E-5,75,1,0,0.6008592844009399,True,0.6178624033927917,True,0.47832781076431274,False
133,p0n142,10,1.0,0.5,672.0,12.0,G4,67,1,0,0.6636573076248169,True,0.9299706816673279,True,0.6512948870658875,True
134,p0n141,10,1.0,0.5,672.0,12.0,E-4,63,1,0,0.7114586234092712,True,0.7243808507919312,True,0.5959184169769287,True
135,p0n143,10,1.0,1.0,672.0,24.0,E-3,51,2,0,0.9149633049964905,True,0.6884217262268066,True,0.7480216026306152,True
136,p0n144,10,1.5,0.5,684.0,12.0,B-3,58,1,0,0.9787896275520325,True,0.23717719316482544,False,0.2834526300430298,False
137,p0n148,10,2.0,0.5,696.0,12.0,G4,67,1,0,0.6159518957138062,True,0.6636081337928772,True,0.526302695274353,True
138,p0n147,10,2.0,0.5,696.0,12.0,E-4,63,1,0,0.40310636162757874,False,0.27704131603240967,False,0.2860499322414398,False
139,p0n149,10,2.5,0.5,708.0,12.0,B-3,58,1,0,0.9825144410133362,True,0.2382994294166565,False,0.28381097316741943,False
140,p0n150,11,0.0,1.5,720.0,36.0,B-4,70,1,0,0.5856350064277649,True,0.8182055354118347,True,0.7560076117515564,True
141,p0n152,11,0.0,0.5,720.0,12.0,G4,67,1,0,0.7344481348991394,True,0.9026229977607727,True,0.695791482925415,True
142,p0n151,11,0.0,0.5,720.0,12.0,E-4,63,1,0,0.7414059042930603,True,0.9216023683547974,True,0.7244760394096375,True
143,p0n153,11,0.0,3.0,720.0,72.0,E-3,51,2,0,0.9507559537887573,True,0.842374324798584,True,0.8241842985153198,True
144,p0n154,11,0.5,0.5,732.0,12.0,B-3,58,1,0,0.9862056374549866,True,0.22036509215831757,False,0.28246065974235535,False
145,p0n156,11,1.0,0.5,744.0,12.0,G4,67,1,0,0.6747167706489563,True,0.7657798528671265,True,0.4719470739364624,False
146,p0n155,11,1.0,0.5,744.0,12.0,E-4,63,1,0,0.6531487703323364,True,0.7603381276130676,True,0.5359142422676086,True
147,p0n157,11,1.5,0.5,756.0,12.0,E-5,75,1,0,0.4550344944000244,False,0.17488953471183777,False,0.27293387055397034,False
148,p0n158,11,1.5,0.5,756.0,12.0,B-3,58,1,0,0.9855915307998657,True,0.28878411650657654,False,0.2947141230106354,False
149,p0n159,11,2.0,0.5,768.0,12.0,G5,79,1,0,0.2164047509431839,False,0.13049648702144623,False,0.2501734793186188,False
150,p0n161,11,2.0,0.5,768.0,12.0,G4,67,1,0,0.5513280630111694,True,0.5667014718055725,True,0.3708517253398895,False
151,p0n160,11,2.0,0.5,768.0,12.0,E-4,63,1,0,0.5477876663208008,True,0.6103224754333496,True,0.468726247549057,False
152,p0n162,11,2.5,0.5,780.0,12.0,B-5,82,1,0,0.9410172700881958,True,0.5146761536598206,True,0.45003294944763184,False
153,p0n163,11,2.5,0.5,780.0,12.0,B-3,58,1,0,0.9896412491798401,True,0.19291353225708008,False,0.2855285704135895,False
154,p0n164,12,0.0,0.5,792.0,12.0,B-5,82,1,0,0.9520602822303772,True,0.8543701767921448,True,0.6560282707214355,True
155,p0n166,12,0.0,0.5,792.0,12.0,F4,65,1,0,0.5758857131004333,True,0.637738823890686,True,0.42358165979385376,False
156,p0n165,12,0.0,0.5,792.0,12.0,D4,62,1,0,0.42486879229545593,False,0.3388788402080536,False,0.33750319480895996,False
157,p0n167,12,0.0,1.0,792.0,24.0,B-2,46,2,0,0.8064479827880859,True,0.8350300192832947,True,0.5453113913536072,True
158,p0n168,12,0.5,0.5,804.0,12.0,A-5,80,1,0,0.3334193527698517,False,0.1625589281320572,False,0.27409207820892334,False
159,p0n169,12,0.5,0.5,804.0,12.0,B-3,58,1,0,0.9835506677627563,True,0.1383289247751236,False,0.2694859206676483,False
160,p0n170,12,1.0,1.0,816.0,24.0,G5,79,1,0,0.21848538517951965,False,0.17096439003944397,False,0.26207682490348816,False
161,p0n172,12,1.0,0.5,816.0,12.0,G4,67,1,0,0.5126067399978638,True,0.680785059928894,True,0.3640597462654114,False
162,p0n171,12,1.0,0.5,816.0,12.0,E-4,63,1,0,0.40450552105903625,False,0.38177570700645447,False,0.3271419107913971,False
163,p0n173,12,1.0,1.0,816.0,24.0,E-3,51,2,0,0.9230937361717224,True,0.8146790266036987,True,0.832630455493927,True
164,p0n174,12,1.5,0.5,828.0,12.0,B-3,58,1,0,0.9872231483459473,True,0.1541600227355957,False,0.27061721682548523,False
165,p0n178,12,2.0,0.5,840.0,12.0,G4,67,1,0,0.47185876965522766,False,0.1825430691242218,False,0.2590990960597992,False
166,p0n177,12,2.0,0.5,840.0,12.0,E-4,63,1,0,0.2649877071380615,False,0.18532076478004456,False,0.262022465467453,False
167,p0n179,12,2.5,0.5,852.0,12.0,B-3,58,1,0,0.9940702319145203,True,0.20019763708114624,False,0.27122822403907776,False
168,p0n180,13,0.0,1.5,864.0,36.0,F5,77,1,0,0.38597095012664795,False,0.35591545701026917,False,0.33665382862091064,False
169,p0n182,13,0.0,0.5,864.0,12.0,F4,65,1,0,0.7263367772102356,True,0.7072616815567017,True,0.4748215675354004,False
170,p0n181,13,0.0,0.5,864.0,12.0,D4,62,1,0,0.7315163612365723,True,0.9341378211975098,True,0.5667295455932617,True
171,p0n183,13,0.0,3.0,864.0,72.0,B-2,46,2,0,0.8918462991714478,True,0.8830835223197937,True,0.7523986101150513,True
172,p0n184,13,0.5,0.5,876.0,12.0,B-3,58,1,0,0.992553174495697,True,0.277476966381073,False,0.3042643368244171,False
173,p0n186,13,1.0,0.5,888.0,12.0,F4,65,1,0,0.618447482585907,True,0.5167989730834961,True,0.3101387023925781,False
174,p0n185,13,1.0,0.5,888.0,12.0,D4,62,1,0,0.6699695587158203,True,0.9006460309028625,True,0.43995100259780884,False
175,p0n187,13,1.5,0.5,900.0,12.0,B-5,82,1,0,0.964342474937439,True,0.3672347068786621,False,0.310606986284256,False
176,p0n188,13,1.5,0.5,900.0,12.0,B-3,58,1,0,0.9890837073326111,True,0.22852420806884766,False,0.2923579812049866,False
177,p0n189,13,2.0,0.5,912.0,12.0,G5,79,1,0,0.10892245173454285,False,0.10462209582328796,False,0.24592897295951843,False
178,p0n191,13,2.0,0.5,912.0,12.0,G4,67,1,0,0.5623614192008972,True,0.7419143915176392,True,0.3917025625705719,False
179,p0n190,13,2.0,0.5,912.0,12.0,E-4,63,1,0,0.14814656972885132,False,0.13309597969055176,False,0.2515362501144409,False
180,p0n192,13,2.5,0.5,924.0,12.0,B-5,82,1,0,0.9916149377822876,True,0.5592886209487915,True,0.4864755868911743,False
181,p0n193,13,2.5,0.5,924.0,12.0,B-3,58,1,0,0.9933282136917114,True,0.16239021718502045,False,0.2756717801094055,False
182,p0n194,14,0.0,1.5,936.0,36.0,F5,77,1,0,0.3173351585865021,False,0.2621157169342041,False,0.2993127703666687,False
183,p0n196,14,0.0,0.5,936.0,12.0,F4,65,1,0,0.5890028476715088,True,0.4863300621509552,False,0.348819762468338,False
184,p0n195,14,0.0,0.5,936.0,12.0,D4,62,1,0,0.4806345999240875,False,0.41787272691726685,False,0.377246618270874,False
185,p0n197,14,0.0,2.0,936.0,48.0,B-2,46,2,0,0.7671467661857605,True,0.7450701594352722,True,0.6496517658233643,True
186,p0n198,14,0.5,0.5,948.0,12.0,B-3,58,1,0,0.993247389793396,True,0.218424990773201,False,0.28880396485328674,False
187,p0n200,14,1.0,0.5,960.0,12.0,F4,65,1,0,0.6812564134597778,True,0.3348461389541626,False,0.30791571736335754,False
188,p0n199,14,1.0,0.5,960.0,12.0,D4,62,1,0,0.3777160346508026,False,0.2925037145614624,False,0.3084016740322113,False
189,p0n201,14,1.5,0.5,972.0,12.0,B-5,82,1,0,0.9800049066543579,True,0.4561924338340759,False,0.34597545862197876,False
190,p0n202,14,1.5,0.5,972.0,12.0,B-3,58,1,0,0.9875734448432922,True,0.2385021150112152,False,0.28588414192199707,False
191,p0n203,14,2.0,0.5,984.0,12.0,C5,72,1,0,0.3351996839046478,False,0.2197861522436142,False,0.27696913480758667,False
192,p0n205,14,2.0,0.5,984.0,12.0,E-4,63,1,0,0.4761354625225067,False,0.3406149446964264,False,0.30953356623649597,False
193,p0n204,14,2.0,0.5,984.0,12.0,C4,60,1,0,0.5381062030792236,True,0.8316817283630371,True,0.7866441607475281,True
194,p0n206,14,2.0,1.0,984.0,24.0,E-3,51,2,0,0.7716195583343506,True,0.3505614399909973,False,0.29599687457084656,False
195,p0n207,14,2.5,0.5,996.0,12.0,G5,79,1,0,0.22590674459934235,False,0.12032821029424667,False,0.2580268085002899,False
196,p0n208,14,2.5,0.5,996.0,12.0,G4,67,1,0,0.7150865197181702,True,0.8537986874580383,True,0.5330069065093994,True
197,p0n209,15,0.0,2.0,1008.0,48.0,B-4,70,1,0,0.7510360479354858,True,0.7773456573486328,True,0.6118367314338684,True
198,p0n211,15,0.0,0.5,1008.0,12.0,D4,62,1,0,0.938766360282898,True,0.99025958776474,True,0.7933264970779419,True
199,p0n210,15,0.0,0.5,1008.0,12.0,B-3,58,1,0,0.9161381721496582,True,0.6096644401550293,True,0.5345901846885681,True
200,p0n212,15,0.0,1.0,1008.0,24.0,F3,53,2,0,0.47293126583099365,False,0.5247880816459656,True,0.41993775963783264,False
201,p0n213,15,0.5,0.5,1020.0,12.0,F4,65,1,0,0.7256857752799988,True,0.1958746761083603,False,0.28886666893959045,False
202,p0n215,15,1.0,0.5,1032.0,12.0,D4,62,1,0,0.9396050572395325,True,0.9648581743240356,True,0.6964455842971802,True
203,p0n214,15,1.0,0.5,1032.0,12.0,B-3,58,1,0,0.9605467915534973,True,0.590464174747467,True,0.6493191719055176,True
204,p0n216,15,1.0,1.0,1032.0,24.0,F3,53,2,0,0.42083463072776794,False,0.397030770778656,False,0.3354053795337677,False
205,p0n217,15,1.5,0.5,1044.0,12.0,F4,65,1,0,0.4821139872074127,False,0.20732848346233368,False,0.2847420275211334,False
206,p0n218,15,2.0,0.75,1056.0,18.0,C5,72,1,0,0.3219539225101471,False,0.15878461301326752,False,0.26139724254608154,False
207,p0n220,15,2.0,0.5,1056.0,12.0,E-4,63,1,0,0.48162561655044556,False,0.3464941680431366,False,0.31271815299987793,False
208,p0n219,15,2.0,0.5,1056.0,12.0,A3,57,1,0,0.9123318791389465,True,0.8504509925842285,True,0.5421833395957947,True
209,p0n221,15,2.0,1.0,1056.0,24.0,F3,53,2,0,0.3228234052658081,False,0.2348935902118683,False,0.27732452750205994,False
210,p0n222,15,2.5,0.5,1068.0,12.0,F4,65,1,0,0.8749603629112244,True,0.5795422792434692,True,0.5000346302986145,True
211,p0n223,15,2.75,0.25,1074.0,6.0,B-4,70,1,0,0.3341964781284332,False,0.18368561565876007,False,0.26709941029548645,False
212,p0n224,16,0.0,1.0,1080.0,24.0,B-4,70,1,0,0.641973078250885,True,0.8639137744903564,True,0.5882663130760193,True
213,p0n226,16,0.0,0.5,1080.0,12.0,D4,62,1,0,0.85817950963974,True,0.947260320186615,True,0.7154762148857117,True
214,p0n225,16,0.0,0.5,1080.0,12.0,B-3,58,1,0,0.9418275952339172,True,0.781449019908905,True,0.6308802962303162,True
215,p0n227,16,0.0,1.0,1080.0,24.0,B-2,46,2,0,0.9195843935012817,True,0.87149977684021,True,0.46166113018989563,False
216,p0n229,16,0.5,0.5,1092.0,12.0,C5,72,1,0,0.5006787180900574,True,0.18877363204956055,False,0.2689518332481384,False
217,p0n228,16,0.5,0.5,1092.0,12.0,A-4,68,1,0,0.08609391003847122,False,0.08932804316282272,False,0.2590144872665405,False
218,p0n233,16,1.0,0.5,1104.0,12.0,B-4,70,1,0,0.5672733783721924,True,0.6467431783676147,True,0.4103606641292572,False
219,p0n232,16,1.0,0.5,1104.0,12.0,G4,67,1,0,0.7882854342460632,True,0.9328218698501587,True,0.6734076142311096,True
220,p0n235,16,1.5,0.5,1116.0,12.0,A-4,68,1,0,0.20472362637519836,False,0.10168002545833588,False,0.260961651802063,False
221,p0n234,16,1.5,0.5,1116.0,12.0,F4,65,1,0,0.8225525617599487,True,0.703625500202179,True,0.579313337802887,True
222,p0n239,16,2.0,0.5,1128.0,12.0,G4,67,1,0,0.8580357432365417,True,0.7385300397872925,True,0.4656832218170166,False
223,p0n238,16,2.0,0.5,1128.0,12.0,E-4,63,1,0,0.38033536076545715,False,0.2594056725502014,False,0.28280675411224365,False
224,p0n241,16,2.5,0.5,1140.0,12.0,F4,65,1,0,0.8714345097541809,True,0.8049144148826599,True,0.7889772653579712,True
225,p0n240,16,2.5,0.5,1140.0,12.0,D4,62,1,0,0.4870830178260803,False,0.24633753299713135,False,0.3034988343715668,False
226,p0n242,17,0.0,1.5,1152.0,36.0,G5,79,1,0,0.3006611168384552,False,0.20576520264148712,False,0.2783544063568115,False
227,p0n244,17,0.0,0.5,1152.0,12.0,G4,67,1,0,0.715065598487854,True,0.8364982008934021,True,0.8428503274917603,True
228,p0n243,17,0.0,0.5,1152.0,12.0,E-4,63,1,0,0.8862557411193848,True,0.9988847374916077,True,0.9749563336372375,True
229,p0n246,17,0.0,3.0,1152.0,72.0,G3,55,2,0,0.9692866802215576,True,0.8567805290222168,True,0.8481296896934509,True
230,p0n245,17,0.0,3.0,1152.0,72.0,E-3,51,2,0,0.9479319453239441,True,0.6896935701370239,True,0.48573586344718933,False
231,p0n247,17,0.5,0.5,1164.0,12.0,B-3,58,1,0,0.6219650506973267,True,0.6261676549911499,True,0.459627628326416,False
232,p0n249,17,1.0,0.5,1176.0,12.0,G4,67,1,0,0.7080547213554382,True,0.44751879572868347,False,0.3698538541793823,False
233,p0n248,17,1.0,0.5,1176.0,12.0,E-4,63,1,0,0.8659965395927429,True,0.9838089942932129,True,0.862908124923706,True
234,p0n250,17,1.5,0.5,1188.0,12.0,F5,77,1,0,0.3205282390117645,False,0.18816256523132324,False,0.27775081992149353,False
235,p0n251,17,1.5,0.5,1188.0,12.0,B-3,58,1,0,0.4696216881275177,False,0.22659258544445038,False,0.2868349552154541,False
236,p0n252,17,2.0,0.5,1200.0,12.0,E-5,75,1,0,0.7104326486587524,True,0.8216463923454285,True,0.48095646500587463,False
237,p0n254,17,2.0,0.5,1200.0,12.0,G4,67,1,0,0.8124399781227112,True,0.31973034143447876,False,0.3185814917087555,False
238,p0n253,17,2.0,0.5,1200.0,12.0,E-4,63,1,0,0.6362741589546204,True,0.9123455882072449,True,0.8225356936454773,True
239,p0n255,17,2.5,0.5,1212.0,12.0,D5,74,1,0,0.7886821031570435,True,0.8371935486793518,True,0.5781962871551514,True
240,p0n256,17,2.5,0.5,1212.0,12.0,B-3,58,1,0,0.5480888485908508,True,0.5936852097511292,True,0.40874260663986206,False
241,p0n257,18,0.0,1.0,1224.0,24.0,C5,72,1,0,0.15576140582561493,False,0.18891677260398865,False,0.28063732385635376,False
242,p0n259,18,0.0,0.5,1224.0,12.0,E-4,63,1,0,0.8752564191818237,True,0.9876768589019775,True,0.8950418829917908,True
243,p0n258,18,0.0,0.5,1224.0,12.0,C4,60,1,0,0.37910476326942444,False,0.3996211886405945,False,0.358768105506897,False
244,p0n260,18,0.0,1.0,1224.0,24.0,A-3,56,2,0,0.6424579620361328,True,0.6101831197738647,True,0.47795143723487854,False
245,p0n262,18,0.5,1.0,1236.0,24.0,C5,72,1,0,0.07079210877418518,False,0.10708726197481155,False,0.26172468066215515,False
246,p0n261,18,0.5,1.0,1236.0,24.0,A-4,68,1,0,0.27544987201690674,False,0.1477305144071579,False,0.26941463351249695,False
247,p0n265,18,1.0,1.0,1248.0,24.0,D-4,61,2,0,0.4968090057373047,False,0.4114632308483124,False,0.3504880666732788,False
248,p0n264,18,1.0,1.0,1248.0,24.0,B-3,58,2,0,0.7619465589523315,True,0.8675287365913391,True,0.4906509816646576,False
249,p0n267,18,1.5,0.5,1260.0,12.0,B-4,70,1,0,0.8923636078834534,True,0.6728945970535278,True,0.6176430583000183,True
250,p0n266,18,1.5,0.5,1260.0,12.0,G4,67,1,0,0.9133575558662415,True,0.22433389723300934,False,0.26194170117378235,False
251,p0n270,18,2.0,0.5,1272.0,12.0,A-4,68,1,0,0.5643395185470581,True,0.5105533003807068,True,0.3633327782154083,False
252,p0n269,18,2.0,0.5,1272.0,12.0,F4,65,1,0,0.5797327756881714,True,0.6736385822296143,True,0.48284637928009033,False
253,p0n271,18,2.0,0.5,1272.0,12.0,C4,60,2,0,0.12582089006900787,False,0.133000910282135,False,0.2558043301105499,False
254,p0n273,18,2.5,0.5,1284.0,12.0,G4,67,1,0,0.8276450634002686,True,0.3628934919834137,False,0.2895728349685669,False
255,p0n272,18,2.5,0.5,1284.0,12.0,E4,64,1,0,0.6167938113212585,True,0.7205284237861633,True,0.49144843220710754,False
256,p0n274,18,2.5,0.5,1284.0,12.0,B-3,58,2,0,0.6892396211624146,True,0.3463284969329834,False,0.30711400508880615,False
257,p0n275,19,0.0,1.5,1296.0,36.0,A-5,80,1,0,0.7393419146537781,True,0.6529507637023926,True,0.6599766612052917,True
258,p0n277,19,0.0,0.5,1296.0,12.0,A-4,68,1,0,0.46586719155311584,False,0.27883484959602356,False,0.307486355304718,False
259,p0n276,19,0.0,0.5,1296.0,12.0,F4,65,1,0,0.8714421987533569,True,0.9182739853858948,True,0.6184574365615845,True
260,p0n279,19,0.0,3.0,1296.0,72.0,A-3,56,2,0,0.770050048828125,True,0.7788310050964355,True,0.7631622552871704,True
261,p0n278,19,0.0,3.0,1296.0,72.0,F3,53,2,0,0.7225236296653748,True,0.7765535116195679,True,0.7435374855995178,True
262,p0n280,19,0.5,0.5,1308.0,12.0,C4,60,1,0,0.14333881437778473,False,0.1388360559940338,False,0.2667716443538666,False
263,p0n282,19,1.0,0.5,1320.0,12.0,A-4,68,1,0,0.4552503526210785,False,0.2773642838001251,False,0.29491284489631653,False
264,p0n281,19,1.0,0.5,1320.0,12.0,F4,65,1,0,0.8964205980300903,True,0.7116337418556213,True,0.4232678711414337,False
265,p0n283,19,1.5,0.5,1332.0,12.0,G5,79,1,0,0.5800937414169312,True,0.12095820158720016,False,0.26054999232292175,False
266,p0n284,19,1.5,0.5,1332.0,12.0,C4,60,1,0,0.13308696448802948,False,0.1334281861782074,False,0.26553016901016235,False
267,p0n285,19,2.0,0.5,1344.0,12.0,F5,77,1,0,0.7527580857276917,True,0.8280677795410156,True,0.36299100518226624,False
268,p0n287,19,2.0,0.5,1344.0,12.0,A-4,68,1,0,0.7537416815757751,True,0.624343991279602,True,0.3832746744155884,False
269,p0n286,19,2.0,0.5,1344.0,12.0,F4,65,1,0,0.5534334778785706,True,0.2599469721317291,False,0.26703065633773804,False
270,p0n288,19,2.5,0.5,1356.0,12.0,E-5,75,1,0,0.4947097897529602,False,0.2312595248222351,False,0.28987938165664673,False
271,p0n289,19,2.5,0.5,1356.0,12.0,C4,60,1,0,0.18902596831321716,False,0.1726452112197876,False,0.27387288212776184,False
272,p0n290,20,0.0,1.0,1368.0,24.0,D5,74,1,0,0.49181896448135376,False,0.32865411043167114,False,0.33605948090553284,False
273,p0n292,20,0.0,0.5,1368.0,12.0,F4,65,1,0,0.864482045173645,True,0.9682909846305847,True,0.6399429440498352,True
274,p0n291,20,0.0,0.5,1368.0,12.0,D4,62,1,0,0.5178186893463135,True,0.8612184524536133,True,0.7857305407524109,True
275,p0n293,20,0.0,1.0,1368.0,24.0,B-3,58,2,0,0.7379006147384644,True,0.7802993059158325,True,0.5594027042388916,True
276,p0n295,20,0.5,1.0,1380.0,24.0,D5,74,1,0,0.16336524486541748,False,0.1310153752565384,False,0.26953360438346863,False
277,p0n294,20,0.5,1.0,1380.0,24.0,B-4,70,1,0,0.8099193572998047,True,0.8650040626525879,True,0.6536443829536438,True
278,p0n298,20,1.0,1.0,1392.0,24.0,E-4,63,2,0,0.6133314371109009,True,0.9368556141853333,True,0.7103026509284973,True
279,p0n297,20,1.0,1.0,1392.0,24.0,C4,60,2,0,0.3024499714374542,False,0.300625741481781,False,0.30472224950790405,False
280,p0n300,20,1.5,0.5,1404.0,12.0,C5,72,1,0,0.6339746117591858,True,0.21369923651218414,False,0.26828187704086304,False
281,p0n299,20,1.5,0.5,1404.0,12.0,A4,69,1,0,0.635012149810791,True,0.5080168843269348,True,0.39684778451919556,False
282,p0n303,20,2.0,0.5,1416.0,12.0,B-4,70,1,0,0.8760575652122498,True,0.7756280303001404,True,0.583197832107544,True
283,p0n302,20,2.0,0.5,1416.0,12.0,G4,67,1,0,0.46543005108833313,False,0.20968005061149597,False,0.2662316560745239,False
284,p0n304,20,2.0,0.5,1416.0,12.0,D4,62,2,0,0.46145257353782654,False,0.2818317711353302,False,0.29936888813972473,False
285,p0n306,20,2.5,0.5,1428.0,12.0,A4,69,1,0,0.5896633267402649,True,0.3204518258571625,False,0.31257158517837524,False
286,p0n305,20,2.5,0.5,1428.0,12.0,F#4,66,1,0,0.4645150303840637,False,0.3068788945674896,False,0.3318721055984497,False
287,p0n307,20,2.5,0.5,1428.0,12.0,C4,60,2,0,0.5322133302688599,True,0.29547634720802307,False,0.29716143012046814,False
288,p0n308,21,0.0,1.5,1440.0,36.0,B-5,82,1,0,0.7576382756233215,True,0.8413184881210327,True,0.8442487716674805,True
289,p0n310,21,0.0,0.5,1440.0,12.0,D5,74,1,0,0.3611580729484558,False,0.29707399010658264,False,0.3195805251598358,False
290,p0n309,21,0.0,0.5,1440.0,12.0,G4,67,1,0,0.9313971400260925,True,0.9244459271430969,True,0.7585128545761108,True
291,p0n312,21,0.0,1.0,1440.0,24.0,B-3,58,2,0,0.867091953754425,True,0.8386635184288025,True,0.6381716132164001,True
292,p0n311,21,0.0,1.0,1440.0,24.0,G3,55,2,0,0.8097620010375977,True,0.5155391097068787,True,0.6835721731185913,True
293,p0n313,21,0.5,0.5,1452.0,12.0,D4,62,1,0,0.39064282178878784,False,0.22882576286792755,False,0.29376786947250366,False
294,p0n314,21,1.0,0.5,1464.0,12.0,C4,60,1,0,0.23436599969863892,False,0.23592860996723175,False,0.28381383419036865,False
295,p0n315,21,1.0,1.0,1464.0,24.0,A-3,56,2,0,0.7750020027160645,True,0.6177439093589783,True,0.6522998213768005,True
296,p0n316,21,1.5,0.5,1476.0,12.0,A-5,80,1,0,0.3947297930717468,False,0.15652769804000854,False,0.27231141924858093,False
297,p0n317,21,1.5,0.5,1476.0,12.0,F4,65,1,0,0.8800978660583496,True,0.5644719004631042,True,0.5286406874656677,True
298,p0n318,21,2.0,0.5,1488.0,12.0,G5,79,1,0,0.25906187295913696,False,0.14555026590824127,False,0.2522854208946228,False
299,p0n319,21,2.0,0.5,1488.0,12.0,D4,62,1,0,0.4333813786506653,False,0.36388248205184937,False,0.3303276002407074,False
300,p0n320,21,2.0,1.0,1488.0,24.0,B-3,58,2,0,0.8194251656532288,True,0.5169631838798523,True,0.6390355229377747,True
301,p0n321,21,2.5,0.5,1500.0,12.0,F5,77,1,0,0.6729892492294312,True,0.3261241018772125,False,0.28696972131729126,False
302,p0n322,21,2.5,0.5,1500.0,12.0,A-4,68,1,0,0.4069437086582184,False,0.13881957530975342,False,0.26820138096809387,False
303,p0n323,22,0.0,0.5,1512.0,12.0,E-5,75,1,0,0.750056803226471,True,0.8693607449531555,True,0.5751739740371704,True
304,p0n324,22,0.0,0.5,1512.0,12.0,G4,67,1,0,0.9076133370399475,True,0.8597601652145386,True,0.6385920643806458,True
305,p0n325,22,0.0,1.0,1512.0,24.0,C4,60,2,0,0.20167280733585358,False,0.22500456869602203,False,0.290132999420166,False
306,p0n326,22,0.5,0.5,1524.0,12.0,A-5,80,1,0,0.1950012445449829,False,0.12245908379554749,False,0.2644936740398407,False
307,p0n327,22,0.5,0.5,1524.0,12.0,E-4,63,1,0,0.7085556387901306,True,0.8343074917793274,True,0.6256771683692932,True
308,p0n328,22,1.0,1.5,1536.0,36.0,A-5,80,1,0,0.23384451866149902,False,0.1767364740371704,False,0.26899275183677673,False
309,p0n330,22,1.0,0.5,1536.0,12.0,F4,65,1,0,0.7360371351242065,True,0.8890836238861084,True,0.7124314308166504,True
310,p0n329,22,1.0,0.5,1536.0,12.0,D4,62,1,0,0.6737431883811951,True,0.9755166172981262,True,0.74631267786026,True
311,p0n331,22,1.0,2.0,1536.0,48.0,B-3,58,2,0,0.7868207693099976,True,0.8232729434967041,True,0.5444280505180359,True
312,p0n332,22,1.5,0.5,1548.0,12.0,B-4,70,1,0,0.49008381366729736,False,0.22567157447338104,False,0.290711373090744,False
313,p0n333,22,2.0,0.5,1560.0,12.0,E-4,63,1,0,0.6622014045715332,True,0.7952651381492615,True,0.5469539165496826,True
314,p0n334,22,2.5,0.5,1572.0,12.0,G5,79,1,0,0.39081907272338867,False,0.1500972956418991,False,0.26397958397865295,False
315,p0n335,22,2.5,0.5,1572.0,12.0,B-4,70,1,0,0.2955784201622009,False,0.15884128212928772,False,0.2718948423862457,False
316,p0n336,23,0.0,0.25,1584.0,6.0,G5,79,1,0,0.6073119044303894,True,0.36569103598594666,False,0.29237493872642517,False
317,p0n338,23,0.0,0.5,1584.0,12.0,F4,65,1,0,0.7652661204338074,True,0.7617351412773132,True,0.558390200138092,True
318,p0n337,23,0.0,0.5,1584.0,12.0,C4,60,1,0,0.3884618580341339,False,0.24121345579624176,False,0.2954580783843994,False
319,p0n339,23,0.0,1.0,1584.0,24.0,A-3,56,2,0,0.6084904670715332,True,0.2860121428966522,False,0.29924049973487854,False
320,p0n340,23,0.25,0.25,1590.0,6.0,F5,77,1,0,0.4704603850841522,False,0.24766594171524048,False,0.284395307302475,False
321,p0n341,23,0.5,0.25,1596.0,6.0,A-5,80,1,0,0.25668224692344666,False,0.11461976170539856,False,0.26342862844467163,False
322,p0n342,23,0.5,0.5,1596.0,12.0,A-4,68,1,0,0.332279235124588,False,0.15234003961086273,False,0.2706557512283325,False
323,p0n343,23,0.75,0.25,1602.0,6.0,F5,77,1,0,0.6184916496276855,True,0.31999409198760986,False,0.2856546938419342,False
324,p0n344,23,1.0,1.0,1608.0,24.0,E-5,75,1,0,0.9176492691040039,True,0.8919395804405212,True,0.681564450263977,True
325,p0n346,23,1.0,0.5,1608.0,12.0,G4,67,1,0,0.9500995874404907,True,0.9260824918746948,True,0.667436420917511,True
326,p0n345,23,1.0,0.5,1608.0,12.0,E-4,63,1,0,0.8172528147697449,True,0.8682371973991394,True,0.6639483571052551,True
327,p0n347,23,1.0,1.0,1608.0,24.0,B-3,58,2,0,0.8674893379211426,True,0.7387976050376892,True,0.4582654535770416,False
328,p0n348,23,1.5,0.5,1620.0,12.0,B-4,70,1,0,0.23285068571567535,False,0.14617373049259186,False,0.26910918951034546,False
329,p0n349,23,2.0,0.75,1632.0,18.0,F5,77,1,0,0.3093455135822296,False,0.1968361884355545,False,0.26907968521118164,False
330,p0n351,23,2.0,0.5,1632.0,12.0,D4,62,1,0,0.49105095863342285,False,0.30869734287261963,False,0.3140988051891327,False
331,p0n350,23,2.0,0.5,1632.0,12.0,B-3,58,1,0,0.8903952836990356,True,0.3966403305530548,False,0.32245534658432007,False
332,p0n352,23,2.0,1.0,1632.0,24.0,B-2,46,2,0,0.7901670932769775,True,0.7561658024787903,True,0.48903825879096985,False
333,p0n354,23,2.5,0.5,1644.0,12.0,F4,65,1,0,0.8199422955513,True,0.43799662590026855,False,0.3517581820487976,False
334,p0n353,23,2.5,0.5,1644.0,12.0,A-3,56,1,0,0.8161487579345703,True,0.531313419342041,True,0.7584772109985352,True
335,p0n355,23,2.75,0.25,1650.0,6.0,E-5,75,1,0,0.5966923832893372,True,0.39021897315979004,False,0.29511669278144836,False
336,p0n356,24,0.0,1.0,1656.0,24.0,E-5,75,1,0,0.8379121422767639,True,0.930929958820343,True,0.7822896838188171,True
337,p0n358,24,0.0,0.5,1656.0,12.0,E-4,63,1,0,0.8045154809951782,True,0.8595498204231262,True,0.7570732235908508,True
338,p0n357,24,0.0,0.5,1656.0,12.0,G3,55,1,0,0.9475431442260742,True,0.9022238254547119,True,0.5928122997283936,True
339,p0n359,24,0.0,1.0,1656.0,24.0,E-3,51,2,0,0.9678037166595459,True,0.7207558751106262,True,0.4966348111629486,False
340,p0n361,24,0.5,0.5,1668.0,12.0,C5,72,1,0,0.43751955032348633,False,0.2561868727207184,False,0.2982136607170105,False
341,p0n360,24,0.5,0.5,1668.0,12.0,A-4,68,1,0,0.05231630057096481,False,0.08166415244340897,False,0.25748294591903687,False
342,p0n365,24,1.0,0.5,1680.0,12.0,B-4,70,1,0,0.4871625602245331,False,0.422794908285141,False,0.3481670320034027,False
343,p0n364,24,1.0,0.5,1680.0,12.0,G4,67,1,0,0.8239390254020691,True,0.770821213722229,True,0.5512834787368774,True
344,p0n367,24,1.5,0.5,1692.0,12.0,A-4,68,1,0,0.1516633927822113,False,0.09375862032175064,False,0.25922033190727234,False
345,p0n366,24,1.5,0.5,1692.0,12.0,F4,65,1,0,0.880193293094635,True,0.7479370832443237,True,0.5268117785453796,True
346,p0n371,24,2.0,0.5,1704.0,12.0,G4,67,1,0,0.8375615477561951,True,0.5385677218437195,True,0.5336288213729858,True
347,p0n370,24,2.0,0.5,1704.0,12.0,E-4,63,1,0,0.6814923286437988,True,0.8097447156906128,True,0.8148625493049622,True
348,p0n373,24,2.5,0.5,1716.0,12.0,F4,65,1,0,0.8513817191123962,True,0.8226975798606873,True,0.49390342831611633,False
349,p0n372,24,2.5,0.5,1716.0,12.0,D4,62,1,0,0.5141376256942749,True,0.871153712272644,True,0.6793287992477417,True
350,p0n374,25,0.0,1.5,1728.0,36.0,G5,79,1,0,0.2884276211261749,False,0.17453336715698242,False,0.2699296772480011,False
351,p0n376,25,0.0,0.5,1728.0,12.0,G4,67,1,0,0.6512076258659363,True,0.7583504915237427,True,0.6745021343231201,True
352,p0n375,25,0.0,0.5,1728.0,12.0,E-4,63,1,0,0.8892501592636108,True,0.9888217449188232,True,0.8963499069213867,True
353,p0n378,25,0.0,3.0,1728.0,72.0,G3,55,2,0,0.9577870965003967,True,0.5454088449478149,True,0.4265727698802948,False
354,p0n377,25,0.0,3.0,1728.0,72.0,E-3,51,2,0,0.9696952700614929,True,0.4762665331363678,False,0.401389479637146,False
355,p0n379,25,0.5,0.5,1740.0,12.0,B-3,58,1,0,0.47354140877723694,False,0.24539189040660858,False,0.29309022426605225,False
356,p0n381,25,1.0,0.5,1752.0,12.0,G4,67,1,0,0.6479218602180481,True,0.4716721475124359,False,0.33716368675231934,False
357,p0n380,25,1.0,0.5,1752.0,12.0,E-4,63,1,0,0.8857893943786621,True,0.9564129114151001,True,0.8642672300338745,True
358,p0n382,25,1.5,0.5,1764.0,12.0,F5,77,1,0,0.45022377371788025,False,0.24033223092556,False,0.2940372824668884,False
359,p0n383,25,1.5,0.5,1764.0,12.0,B-3,58,1,0,0.37317344546318054,False,0.1893566995859146,False,0.2765779495239258,False
360,p0n384,25,2.0,0.5,1776.0,12.0,E-5,75,1,0,0.8384519815444946,True,0.764653742313385,True,0.4882517158985138,False
361,p0n386,25,2.0,0.5,1776.0,12.0,G4,67,1,0,0.7839391231536865,True,0.5333962440490723,True,0.36488077044487,False
362,p0n385,25,2.0,0.5,1776.0,12.0,E-4,63,1,0,0.6665985584259033,True,0.8402667045593262,True,0.8390050530433655,True
363,p0n387,25,2.5,0.5,1788.0,12.0,D5,74,1,0,0.8092915415763855,True,0.8493382334709167,True,0.5586513876914978,True
364,p0n388,25,2.5,0.5,1788.0,12.0,B-3,58,1,0,0.47494572401046753,False,0.3067980706691742,False,0.31384116411209106,False
365,p0n389,26,0.0,1.0,1800.0,24.0,C5,72,1,0,0.15512938797473907,False,0.1793382167816162,False,0.27784112095832825,False
366,p0n391,26,0.0,0.5,1800.0,12.0,E-4,63,1,0,0.9012399315834045,True,0.9900272488594055,True,0.92922043800354,True
367,p0n390,26,0.0,0.5,1800.0,12.0,C4,60,1,0,0.51202392578125,True,0.9481385946273804,True,0.7469965815544128,True
368,p0n392,26,0.0,1.0,1800.0,24.0,A-3,56,2,0,0.5900693535804749,True,0.7429855465888977,True,0.5985028147697449,True
369,p0n394,26,0.5,1.0,1812.0,24.0,C5,72,1,0,0.09060168266296387,False,0.10884775966405869,False,0.26159006357192993,False
370,p0n393,26,0.5,1.0,1812.0,24.0,A-4,68,1,0,0.21652349829673767,False,0.12696287035942078,False,0.2644284963607788,False
371,p0n397,26,1.0,1.0,1824.0,24.0,D-4,61,2,0,0.37293392419815063,False,0.29533547163009644,False,0.30372703075408936,False
372,p0n396,26,1.0,1.0,1824.0,24.0,B-3,58,2,0,0.715319037437439,True,0.853337824344635,True,0.5588994026184082,True
373,p0n399,26,1.5,0.5,1836.0,12.0,B-4,70,1,0,0.9114763140678406,True,0.47991910576820374,False,0.3346656858921051,False
374,p0n398,26,1.5,0.5,1836.0,12.0,G4,67,1,0,0.7871174216270447,True,0.3193943202495575,False,0.2815837562084198,False
375,p0n402,26,2.0,0.5,1848.0,12.0,A-4,68,1,0,0.5656320452690125,True,0.809864342212677,True,0.5526024699211121,True
376,p0n401,26,2.0,0.5,1848.0,12.0,F4,65,1,0,0.6188719868659973,True,0.5289182066917419,True,0.46216148138046265,False
377,p0n403,26,2.0,0.5,1848.0,12.0,C4,60,2,0,0.20594555139541626,False,0.1585063338279724,False,0.2603428065776825,False
378,p0n405,26,2.5,0.5,1860.0,12.0,G4,67,1,0,0.6787558197975159,True,0.44602081179618835,False,0.31701770424842834,False
379,p0n404,26,2.5,0.5,1860.0,12.0,E4,64,1,0,0.6456796526908875,True,0.6902608871459961,True,0.5342568755149841,True
380,p0n406,26,2.5,0.5,1860.0,12.0,B-3,58,2,0,0.5525984168052673,True,0.23153455555438995,False,0.2947598695755005,False
381,p0n407,27,0.0,1.5,1872.0,36.0,A-5,80,1,0,0.4855439066886902,False,0.3093905448913574,False,0.3206367492675781,False
382,p0n409,27,0.0,0.5,1872.0,12.0,A-4,68,1,0,0.48352134227752686,False,0.3129613399505615,False,0.3182772994041443,False
383,p0n408,27,0.0,0.5,1872.0,12.0,F4,65,1,0,0.880181074142456,True,0.83061283826828,True,0.7640829086303711,True
384,p0n411,27,0.0,3.0,1872.0,72.0,A-3,56,2,0,0.6949701309204102,True,0.791064977645874,True,0.8085381984710693,True
385,p0n410,27,0.0,3.0,1872.0,72.0,F3,53,2,0,0.8000597953796387,True,0.7196683287620544,True,0.7920223474502563,True
386,p0n412,27,0.5,0.5,1884.0,12.0,C4,60,1,0,0.1371750831604004,False,0.13681389391422272,False,0.26591238379478455,False
387,p0n414,27,1.0,0.5,1896.0,12.0,A-4,68,1,0,0.5065878629684448,True,0.9170217514038086,True,0.5668761134147644,True
388,p0n413,27,1.0,0.5,1896.0,12.0,F4,65,1,0,0.8784189820289612,True,0.5824968218803406,True,0.5264921188354492,True
389,p0n415,27,1.5,0.5,1908.0,12.0,G5,79,1,0,0.3192708194255829,False,0.12791110575199127,False,0.25920549035072327,False
390,p0n416,27,1.5,0.5,1908.0,12.0,C4,60,1,0,0.12696784734725952,False,0.13138499855995178,False,0.2646903991699219,False
391,p0n417,27,2.0,0.5,1920.0,12.0,F5,77,1,0,0.7590121030807495,True,0.8553749322891235,True,0.30559197068214417,False
392,p0n419,27,2.0,0.5,1920.0,12.0,A-4,68,1,0,0.7589371800422668,True,0.9208777546882629,True,0.6254672408103943,True
393,p0n418,27,2.0,0.5,1920.0,12.0,F4,65,1,0,0.5551238656044006,True,0.16017256677150726,False,0.2630918622016907,False
394,p0n420,27,2.5,0.5,1932.0,12.0,E-5,75,1,0,0.7793882489204407,True,0.45154744386672974,False,0.3221990764141083,False
395,p0n421,27,2.5,0.5,1932.0,12.0,C4,60,1,0,0.2138340324163437,False,0.18445222079753876,False,0.2761923372745514,False
396,p0n422,28,0.0,1.0,1944.0,24.0,D5,74,1,0,0.5752319693565369,True,0.7959083318710327,True,0.6424269676208496,True
397,p0n424,28,0.0,0.5,1944.0,12.0,F4,65,1,0,0.8589562773704529,True,0.8562313318252563,True,0.6502094864845276,True
398,p0n423,28,0.0,0.5,1944.0,12.0,D4,62,1,0,0.5725044012069702,True,0.9167448878288269,True,0.6938753128051758,True
399,p0n425,28,0.0,1.0,1944.0,24.0,B-3,58,2,0,0.7450893521308899,True,0.5294862389564514,True,0.352500855922699,False
400,p0n427,28,0.5,1.0,1956.0,24.0,D5,74,1,0,0.19858619570732117,False,0.1331433802843094,False,0.26980045437812805,False
401,p0n426,28,0.5,1.0,1956.0,24.0,B-4,70,1,0,0.7659993767738342,True,0.9371921420097351,True,0.7799383401870728,True
402,p0n430,28,1.0,1.0,1968.0,24.0,E-4,63,2,0,0.6310871839523315,True,0.7154518365859985,True,0.5586212277412415,True
403,p0n429,28,1.0,1.0,1968.0,24.0,C4,60,2,0,0.3399044871330261,False,0.32856741547584534,False,0.3144019842147827,False
404,p0n432,28,1.5,0.5,1980.0,12.0,C5,72,1,0,0.7636843919754028,True,0.4254456162452698,False,0.314725399017334,False
405,p0n431,28,1.5,0.5,1980.0,12.0,A4,69,1,0,0.6961541175842285,True,0.4502793550491333,False,0.3408903479576111,False
406,p0n435,28,2.0,0.5,1992.0,12.0,B-4,70,1,0,0.8051181435585022,True,0.88432377576828,True,0.7041109800338745,True
407,p0n434,28,2.0,0.5,1992.0,12.0,G4,67,1,0,0.24796296656131744,False,0.14302881062030792,False,0.2507671117782593,False
408,p0n436,28,2.0,0.5,1992.0,12.0,D4,62,2,0,0.600383460521698,True,0.5651211738586426,True,0.3745822012424469,False
409,p0n438,28,2.5,0.5,2004.0,12.0,A4,69,1,0,0.47273653745651245,False,0.15788748860359192,False,0.2769525349140167,False
410,p0n437,28,2.5,0.5,2004.0,12.0,F#4,66,1,0,0.13220584392547607,False,0.14525990188121796,False,0.27694031596183777,False
411,p0n439,28,2.5,0.5,2004.0,12.0,C4,60,2,0,0.5440871119499207,True,0.4521593153476715,False,0.3353842496871948,False
412,p0n440,29,0.0,1.5,2016.0,36.0,B-5,82,1,0,0.9472461342811584,True,0.9164159893989563,True,0.7874574065208435,True
413,p0n442,29,0.0,0.5,2016.0,12.0,D5,74,1,0,0.5039997696876526,True,0.6422792077064514,True,0.6842942237854004,True
414,p0n441,29,0.0,0.5,2016.0,12.0,G4,67,1,0,0.8360859155654907,True,0.8627434372901917,True,0.7570126056671143,True
415,p0n444,29,0.0,1.0,2016.0,24.0,B-3,58,2,0,0.9662607312202454,True,0.8794064521789551,True,0.689537525177002,True
416,p0n443,29,0.0,1.0,2016.0,24.0,G3,55,2,0,0.6519798040390015,True,0.6943971514701843,True,0.8140880465507507,True
417,p0n445,29,0.5,0.5,2028.0,12.0,D4,62,1,0,0.3789002299308777,False,0.20287121832370758,False,0.28601980209350586,False
418,p0n446,29,1.0,0.5,2040.0,12.0,C4,60,1,0,0.14980556070804596,False,0.19352592527866364,False,0.2722143530845642,False
419,p0n447,29,1.0,1.0,2040.0,24.0,A-3,56,2,0,0.8343853950500488,True,0.9237061738967896,True,0.8098936676979065,True
420,p0n448,29,1.5,0.5,2052.0,12.0,A-5,80,1,0,0.19606736302375793,False,0.10611362755298615,False,0.26134181022644043,False
421,p0n449,29,1.5,0.5,2052.0,12.0,F4,65,1,0,0.6523916125297546,True,0.32419246435165405,False,0.2947167158126831,False
422,p0n450,29,2.0,0.5,2064.0,12.0,G5,79,1,0,0.09491226077079773,False,0.11003412306308746,False,0.2454809993505478,False
423,p0n451,29,2.0,0.5,2064.0,12.0,D4,62,1,0,0.49050989747047424,False,0.3791768252849579,False,0.3378240168094635,False
424,p0n452,29,2.0,1.0,2064.0,24.0,B-3,58,2,0,0.8270451426506042,True,0.6516381502151489,True,0.27665984630584717,False
425,p0n453,29,2.5,0.5,2076.0,12.0,F5,77,1,0,0.64117032289505,True,0.5797157287597656,True,0.3628619611263275,False
426,p0n454,29,2.5,0.5,2076.0,12.0,A-4,68,1,0,0.1866654008626938,False,0.10275536775588989,False,0.2601424753665924,False
427,p0n455,30,0.0,0.5,2088.0,12.0,E-5,75,1,0,0.2816079556941986,False,0.25623244047164917,False,0.29518550634384155,False
428,p0n456,30,0.0,0.5,2088.0,12.0,G4,67,1,0,0.7762826085090637,True,0.8747141361236572,True,0.763458788394928,True
429,p0n457,30,0.0,1.0,2088.0,24.0,C4,60,2,0,0.12357950210571289,False,0.18948912620544434,False,0.2794407904148102,False
430,p0n458,30,0.5,0.5,2100.0,12.0,A-5,80,1,0,0.16546586155891418,False,0.11948124319314957,False,0.26340875029563904,False
431,p0n459,30,0.5,0.5,2100.0,12.0,E-4,63,1,0,0.7733614444732666,True,0.8640435934066772,True,0.7652469277381897,True
432,p0n460,30,1.0,1.5,2112.0,36.0,A-5,80,1,0,0.15604421496391296,False,0.15826497972011566,False,0.2645440995693207,False
433,p0n462,30,1.0,0.5,2112.0,12.0,F4,65,1,0,0.34484758973121643,False,0.38811326026916504,False,0.33621251583099365,False
434,p0n461,30,1.0,0.5,2112.0,12.0,D4,62,1,0,0.7963733077049255,True,0.9567364454269409,True,0.6459044218063354,True
435,p0n463,30,1.0,2.0,2112.0,48.0,B-3,58,2,0,0.7332971096038818,True,0.8006277084350586,True,0.5286334753036499,True
436,p0n464,30,1.5,0.5,2124.0,12.0,B-4,70,1,0,0.839065670967102,True,0.7805623412132263,True,0.7573447823524475,True
437,p0n465,30,2.0,0.5,2136.0,12.0,E-4,63,1,0,0.6639061570167542,True,0.7724637389183044,True,0.6542962789535522,True
438,p0n466,30,2.5,0.5,2148.0,12.0,G5,79,1,0,0.5007236003875732,True,0.10159654170274734,False,0.2457953840494156,False
439,p0n467,30,2.5,0.5,2148.0,12.0,B-4,70,1,0,0.8512529134750366,True,0.5481591820716858,True,0.5153249502182007,True
440,p0n468,31,0.0,0.25,2160.0,6.0,F5,77,1,0,0.8735154271125793,True,0.7602024674415588,True,0.5315992832183838,True
441,p0n470,31,0.0,0.5,2160.0,12.0,F4,65,1,0,0.5508511066436768,True,0.4105657637119293,False,0.33092594146728516,False
442,p0n469,31,0.0,0.5,2160.0,12.0,C4,60,1,0,0.2508845329284668,False,0.1972299963235855,False,0.2819242775440216,False
443,p0n471,31,0.0,1.0,2160.0,24.0,A-3,56,2,0,0.4029378592967987,False,0.25819388031959534,False,0.3018686771392822,False
444,p0n472,31,0.25,0.25,2166.0,6.0,C6,84,1,0,0.6487486958503723,True,0.5913723707199097,True,0.4462684094905853,False
445,p0n473,31,0.5,0.25,2172.0,6.0,A-5,80,1,0,0.054587479680776596,False,0.08093282580375671,False,0.25742658972740173,False
446,p0n474,31,0.5,0.5,2172.0,12.0,A-4,68,1,0,0.22839468717575073,False,0.1261194497346878,False,0.2641778290271759,False
447,p0n475,31,0.75,0.25,2178.0,6.0,F5,77,1,0,0.6599522233009338,True,0.10940941423177719,False,0.24566388130187988,False
448,p0n476,31,1.0,1.0,2184.0,24.0,E-5,75,1,0,0.9582887887954712,True,0.7185803651809692,True,0.6322766542434692,True
449,p0n478,31,1.0,0.5,2184.0,12.0,G4,67,1,0,0.928538978099823,True,0.9312041401863098,True,0.7338430285453796,True
450,p0n477,31,1.0,0.5,2184.0,12.0,E-4,63,1,0,0.8156384825706482,True,0.6528900265693665,True,0.5760629773139954,True
451,p0n479,31,1.0,1.0,2184.0,24.0,B-3,58,2,0,0.9257996678352356,True,0.7751134037971497,True,0.4959467649459839,False
452,p0n480,31,1.5,0.5,2196.0,12.0,B-4,70,1,0,0.623020589351654,True,0.3307247757911682,False,0.3049365282058716,False
453,p0n481,31,2.0,0.75,2208.0,18.0,F5,77,1,0,0.20193007588386536,False,0.17052221298217773,False,0.261578232049942,False
454,p0n483,31,2.0,0.5,2208.0,12.0,D4,62,1,0,0.5127238631248474,True,0.7865669131278992,True,0.22909723222255707,False
455,p0n482,31,2.0,0.5,2208.0,12.0,B-3,58,1,0,0.9170379042625427,True,0.5530782341957092,True,0.30052539706230164,False
456,p0n484,31,2.0,1.0,2208.0,24.0,B-2,46,2,0,0.5510570406913757,True,0.6738782525062561,True,0.5568314790725708,True
457,p0n486,31,2.5,0.5,2220.0,12.0,F4,65,1,0,0.44544538855552673,False,0.23615624010562897,False,0.29435157775878906,False
458,p0n485,31,2.5,0.5,2220.0,12.0,A-3,56,1,0,0.3229048252105713,False,0.1566573530435562,False,0.26904425024986267,False
459,p0n487,31,2.75,0.25,2226.0,6.0,E-5,75,1,0,0.4979307949542999,False,0.23720026016235352,False,0.27824509143829346,False
460,p0n488,32,0.0,1.0,2232.0,24.0,E-5,75,1,0,0.8141152262687683,True,0.7241625189781189,True,0.5365689396858215,True
461,p0n490,32,0.0,0.5,2232.0,12.0,E-4,63,1,0,0.6556612849235535,True,0.7139866948127747,True,0.5734548568725586,True
462,p0n489,32,0.0,0.5,2232.0,12.0,G3,55,1,0,0.9000989198684692,True,0.716037929058075,True,0.5413132309913635,True
463,p0n491,32,0.0,1.0,2232.0,24.0,E-3,51,2,0,0.9537230134010315,True,0.3916292190551758,False,0.3360941410064697,False
464,p0n493,32,0.5,0.5,2244.0,12.0,C5,72,1,0,0.20759400725364685,False,0.17124375700950623,False,0.2725331783294678,False
465,p0n492,32,0.5,0.5,2244.0,12.0,A-4,68,1,0,0.05906311050057411,False,0.08364573121070862,False,0.25722214579582214,False
466,p0n497,32,1.0,0.5,2256.0,12.0,B-4,70,1,0,0.8755050897598267,True,0.7271905541419983,True,0.5554205179214478,True
467,p0n496,32,1.0,0.5,2256.0,12.0,G4,67,1,0,0.7606660723686218,True,0.801668107509613,True,0.6259090900421143,True
468,p0n499,32,1.5,0.5,2268.0,12.0,A-4,68,1,0,0.3956795334815979,False,0.15165163576602936,False,0.26971685886383057,False
469,p0n498,32,1.5,0.5,2268.0,12.0,F4,65,1,0,0.1885284185409546,False,0.13362590968608856,False,0.2633177936077118,False
470,p0n503,32,2.0,0.5,2280.0,12.0,G4,67,1,0,0.8294085264205933,True,0.5735820531845093,True,0.44465476274490356,False
471,p0n502,32,2.0,0.5,2280.0,12.0,E-4,63,1,0,0.5956114530563354,True,0.5312893390655518,True,0.42594653367996216,False
472,p0n505,32,2.5,0.5,2292.0,12.0,F4,65,1,0,0.29204505681991577,False,0.1521129012107849,False,0.26803481578826904,False
473,p0n504,32,2.5,0.5,2292.0,12.0,D4,62,1,0,0.4054690897464752,False,0.1904750019311905,False,0.2852795422077179,False
474,p0n506,33,0.0,0.75,2304.0,18.0,G5,79,1,0,0.2280380129814148,False,0.18711763620376587,False,0.27228784561157227,False
475,p0n508,33,0.0,1.0,2304.0,24.0,E-3,51,2,0,0.9772186279296875,True,0.37223944067955017,False,0.33253270387649536,False
476,p0n507,33,0.0,1.0,2304.0,24.0,E-2,39,2,0,0.8912165760993958,True,0.8279613256454468,True,0.5967646241188049,True
477,p0n512,33,0.5,0.5,2316.0,12.0,G4,67,1,0,0.7394012808799744,True,0.6471652984619141,True,0.4508150517940521,False
478,p0n511,33,0.5,0.5,2316.0,12.0,E-4,63,1,0,0.5767521262168884,True,0.5197324752807617,True,0.4293692708015442,False
479,p0n510,33,0.5,0.5,2316.0,12.0,B-3,58,1,0,0.984630286693573,True,0.38552993535995483,False,0.31078454852104187,False
480,p0n513,33,0.75,0.25,2322.0,6.0,E-5,75,1,0,0.47388145327568054,False,0.17966912686824799,False,0.2655888795852661,False
481,p0n514,33,1.0,1.5,2328.0,36.0,B-5,82,1,0,0.9867973327636719,True,0.8989840149879456,True,0.6483279466629028,True
482,p0n517,33,1.0,0.5,2328.0,12.0,G4,67,1,0,0.8202601075172424,True,0.8991551995277405,True,0.6481726765632629,True
483,p0n516,33,1.0,0.5,2328.0,12.0,E-4,63,1,0,0.6292173862457275,True,0.7031993865966797,True,0.5043215751647949,True
484,p0n515,33,1.0,0.5,2328.0,12.0,B-3,58,1,0,0.9928205609321594,True,0.8062717914581299,True,0.43378832936286926,False
485,p0n521,33,1.5,0.5,2340.0,12.0,G4,67,1,0,0.7277904152870178,True,0.4523647129535675,False,0.29842957854270935,False
486,p0n520,33,1.5,0.5,2340.0,12.0,E-4,63,1,0,0.461605429649353,False,0.1784096509218216,False,0.2717234194278717,False
487,p0n519,33,1.5,0.5,2340.0,12.0,B-3,58,1,0,0.9868956208229065,True,0.2787202298641205,False,0.28273114562034607,False
488,p0n524,33,2.0,0.5,2352.0,12.0,G4,67,1,0,0.7628156542778015,True,0.6641466021537781,True,0.4582710266113281,False
489,p0n523,33,2.0,0.5,2352.0,12.0,E-4,63,1,0,0.5437576770782471,True,0.5568546056747437,True,0.3944873511791229,False
490,p0n522,33,2.0,0.5,2352.0,12.0,B-3,58,1,0,0.9893419742584229,True,0.5889551043510437,True,0.3260500431060791,False
491,p0n526,33,2.5,0.25,2364.0,6.0,G5,79,1,0,0.07495170831680298,False,0.09024076163768768,False,0.2525582015514374,False
492,p0n529,33,2.5,0.5,2364.0,12.0,G4,67,1,0,0.7444058060646057,True,0.48383694887161255,False,0.3183460533618927,False
493,p0n528,33,2.5,0.5,2364.0,12.0,E-4,63,1,0,0.49033454060554504,False,0.15122346580028534,False,0.2660292685031891,False
494,p0n527,33,2.5,0.5,2364.0,12.0,B-3,58,1,0,0.9781961441040039,True,0.26387208700180054,False,0.26793456077575684,False
495,p0n530,33,2.75,0.25,2370.0,6.0,E-5,75,1,0,0.13893330097198486,False,0.10756286978721619,False,0.24860385060310364,False
496,p0n531,34,0.0,1.0,2376.0,24.0,D5,74,1,0,0.7902591228485107,True,0.8724921345710754,True,0.8470501899719238,True
497,p0n533,34,0.0,1.0,2376.0,24.0,B-2,46,2,0,0.9586408734321594,True,0.9121266603469849,True,0.8061434626579285,True
498,p0n532,34,0.0,1.0,2376.0,24.0,B-1,34,2,0,0.785847544670105,True,0.6053382754325867,True,0.5890300869941711,True
499,p0n537,34,0.5,0.5,2388.0,12.0,F4,65,1,0,0.2876509130001068,False,0.18357260525226593,False,0.27592596411705017,False
500,p0n536,34,0.5,0.5,2388.0,12.0,D4,62,1,0,0.8272995948791504,True,0.8939427733421326,True,0.6082876324653625,True
501,p0n535,34,0.5,0.5,2388.0,12.0,B-3,58,1,0,0.9811059832572937,True,0.4136469066143036,False,0.3034019470214844,False
502,p0n538,34,1.0,1.0,2400.0,24.0,F5,77,1,0,0.42935171723365784,False,0.33689290285110474,False,0.3192911446094513,False
503,p0n541,34,1.0,0.5,2400.0,12.0,F4,65,1,0,0.3387538492679596,False,0.2747572064399719,False,0.29483866691589355,False
504,p0n540,34,1.0,0.5,2400.0,12.0,D4,62,1,0,0.8005338907241821,True,0.9561707973480225,True,0.525793731212616,True
505,p0n539,34,1.0,0.5,2400.0,12.0,B-3,58,1,0,0.9749491810798645,True,0.879486083984375,True,0.5462637543678284,True
506,p0n545,34,1.5,0.5,2412.0,12.0,F4,65,1,0,0.2867780923843384,False,0.15571440756320953,False,0.26856473088264465,False
507,p0n544,34,1.5,0.5,2412.0,12.0,D4,62,1,0,0.844306468963623,True,0.8337616920471191,True,0.4728188216686249,False
508,p0n543,34,1.5,0.5,2412.0,12.0,B-3,58,1,0,0.9789997339248657,True,0.3119763433933258,False,0.27986398339271545,False
509,p0n550,34,2.0,0.5,2424.0,12.0,F4,65,1,0,0.32302534580230713,False,0.1765415072441101,False,0.2635252773761749,False
510,p0n549,34,2.0,0.5,2424.0,12.0,D4,62,1,0,0.8969153761863708,True,0.932278037071228,True,0.5321727991104126,True
511,p0n548,34,2.0,0.5,2424.0,12.0,B-3,58,1,0,0.9729395508766174,True,0.5519272685050964,True,0.39224106073379517,False
512,p0n553,34,2.5,0.5,2436.0,12.0,F4,65,1,0,0.35403215885162354,False,0.1817164421081543,False,0.2753978967666626,False
513,p0n552,34,2.5,0.5,2436.0,12.0,D4,62,1,0,0.8301340341567993,True,0.7802311182022095,True,0.582584798336029,True
514,p0n551,34,2.5,0.5,2436.0,12.0,B-3,58,1,0,0.9719012379646301,True,0.3820682466030121,False,0.27330178022384644,False
515,p0n554,35,0.0,0.125,2448.0,3.0,E-5,75,1,0,0.31206944584846497,False,0.23427672684192657,False,0.2882899343967438,False
516,p0n556,35,0.0,1.0,2448.0,24.0,F3,53,2,0,0.19891174137592316,False,0.26189470291137695,False,0.295650839805603,False
517,p0n555,35,0.0,1.0,2448.0,24.0,F2,41,2,0,0.5653361678123474,True,0.9180793762207031,True,0.8995298743247986,True
518,p0n558,35,0.125,0.125,2451.0,3.0,C5,72,1,0,0.6605764031410217,True,0.1478717178106308,False,0.25868815183639526,False
519,p0n559,35,0.25,0.125,2454.0,3.0,A4,69,1,0,0.01732276752591133,False,0.08555715531110764,False,0.2528550624847412,False
520,p0n560,35,0.375,0.125,2457.0,3.0,F4,65,1,0,0.30132025480270386,False,0.11484771966934204,False,0.2534416913986206,False
521,p0n561,35,0.5,0.125,2460.0,3.0,E-4,63,1,0,0.803168773651123,True,0.7683520317077637,True,0.5582208037376404,True
522,p0n563,35,0.5,0.5,2460.0,12.0,C4,60,1,0,0.3774210214614868,False,0.2141200304031372,False,0.28574898838996887,False
523,p0n562,35,0.5,0.5,2460.0,12.0,A3,57,1,0,0.8114972114562988,True,0.3552926480770111,False,0.2786056697368622,False
524,p0n564,35,0.625,0.125,2463.0,3.0,C4,60,1,0,0.18922625482082367,False,0.11118198931217194,False,0.2553616166114807,False
525,p0n565,35,0.75,0.125,2466.0,3.0,A3,57,1,0,0.7091155648231506,True,0.269819974899292,False,0.25855913758277893,False
526,p0n566,35,0.875,0.125,2469.0,3.0,F3,53,1,0,0.1288825422525406,False,0.10909945517778397,False,0.2512221038341522,False
527,p0n567,35,1.0,0.5,2472.0,12.0,E-3,51,1,0,0.9597756266593933,True,0.5559163093566895,True,0.5528663396835327,True
528,p0n569,35,1.0,2.0,2472.0,48.0,E-3,51,2,0,0.9517735242843628,True,0.41480645537376404,False,0.3278186619281769,False
529,p0n568,35,1.0,2.0,2472.0,48.0,E-2,39,2,0,0.5022895336151123,True,0.5603402256965637,True,0.47752809524536133,False
530,p0n571,35,1.5,0.5,2484.0,12.0,G5,79,1,0,0.1386958509683609,False,0.11027167737483978,False,0.2551099359989166,False
531,p0n573,35,1.5,0.5,2484.0,12.0,E-4,63,1,0,0.6942445039749146,True,0.5395151972770691,True,0.4706241488456726,False
532,p0n572,35,1.5,0.5,2484.0,12.0,B-3,58,1,0,0.9741815328598022,True,0.6253474354743958,True,0.40109989047050476,False
533,p0n574,35,2.0,0.5,2496.0,12.0,F5,77,1,0,0.35225170850753784,False,0.1341494917869568,False,0.25312256813049316,False
534,p0n576,35,2.0,0.5,2496.0,12.0,G4,67,1,0,0.2749160826206207,False,0.1527484506368637,False,0.25148847699165344,False
535,p0n575,35,2.0,0.5,2496.0,12.0,E-4,63,1,0,0.696988582611084,True,0.5564249157905579,True,0.4709727168083191,False
536,p0n577,35,2.5,0.5,2508.0,12.0,E-5,75,1,0,0.43087536096572876,False,0.18742993474006653,False,0.27487170696258545,False
537,p0n579,35,2.5,0.5,2508.0,12.0,G4,67,1,0,0.33679449558258057,False,0.13044191896915436,False,0.2580105662345886,False
538,p0n578,35,2.5,0.5,2508.0,12.0,E-4,63,1,0,0.47537294030189514,False,0.22948305308818817,False,0.28478384017944336,False
539,p0n580,36,0.0,0.75,2520.0,18.0,C5,72,1,0,0.8880948424339294,True,0.2531653046607971,False,0.2798932194709778,False
540,p0n582,36,0.0,0.75,2520.0,18.0,A4,69,1,0,0.16810733079910278,False,0.12038035690784454,False,0.26948031783103943,False
541,p0n581,36,0.0,0.75,2520.0,18.0,F4,65,1,0,0.263426810503006,False,0.22521114349365234,False,0.2859027087688446,False
542,p0n584,36,0.0,1.0,2520.0,24.0,F3,53,2,0,0.10523408651351929,False,0.19901780784130096,False,0.27779003977775574,False
543,p0n583,36,0.0,1.0,2520.0,24.0,F2,41,2,0,0.514976441860199,True,0.565299391746521,True,0.7083842754364014,True
544,p0n585,36,0.75,0.25,2538.0,6.0,C#5,73,1,0,0.5318342447280884,True,0.15050451457500458,False,0.25086817145347595,False
545,p0n587,36,0.75,0.25,2538.0,6.0,A4,69,1,0,0.24045342206954956,False,0.12349883466959,False,0.2590607702732086,False
546,p0n586,36,0.75,0.25,2538.0,6.0,F4,65,1,0,0.11095381528139114,False,0.11912652850151062,False,0.25091150403022766,False
547,p0n588,36,1.0,1.0,2544.0,24.0,D5,74,1,0,0.8470183610916138,True,0.9686333537101746,True,0.6936562657356262,True
548,p0n590,36,1.0,1.0,2544.0,24.0,B-4,70,1,0,0.9683882594108582,True,0.8550506830215454,True,0.7299266457557678,True
549,p0n589,36,1.0,1.0,2544.0,24.0,F4,65,1,0,0.2927122414112091,False,0.235713392496109,False,0.2811253070831299,False
550,p0n591,36,1.0,0.5,2544.0,12.0,B-2,46,2,0,0.9206791520118713,True,0.7419944405555725,True,0.5757165551185608,True
551,p0n592,36,1.5,0.5,2556.0,12.0,D3,50,2,0,0.9785370826721191,True,0.9549670219421387,True,0.8584845662117004,True
552,p0n595,36,2.0,0.5,2568.0,12.0,F3,53,2,0,0.031020594760775566,False,0.11396712809801102,False,0.24822911620140076,False
553,p0n596,36,2.5,0.5,2580.0,12.0,E-3,51,2,0,0.8888858556747437,True,0.22675879299640656,False,0.2916869521141052,False
554,p0n597,37,0.0,1.5,2592.0,36.0,F5,77,1,0,0.8952741026878357,True,0.7667222023010254,True,0.5346445441246033,True
555,p0n598,37,0.0,3.0,2592.0,72.0,B-3,58,2,0,0.9746890664100647,True,0.8070105314254761,True,0.6092499494552612,True
556,p0n599,37,0.0,1.0,2592.0,24.0,D3,50,2,0,0.922778844833374,True,0.903733491897583,True,0.7376086711883545,True
557,p0n602,37,0.5,0.5,2604.0,12.0,B-4,70,1,0,0.8660812973976135,True,0.3690186142921448,False,0.32428401708602905,False
558,p0n601,37,0.5,0.5,2604.0,12.0,F4,65,1,0,0.6820547580718994,True,0.2726720869541168,False,0.2892988622188568,False
559,p0n604,37,1.0,0.5,2616.0,12.0,F4,65,1,0,0.4853384792804718,False,0.310454785823822,False,0.3034549951553345,False
560,p0n603,37,1.0,0.5,2616.0,12.0,D4,62,1,0,0.5869784951210022,True,0.9541299939155579,True,0.6909340620040894,True
561,p0n606,37,1.5,0.25,2628.0,6.0,B-5,82,1,0,0.7950162887573242,True,0.13532328605651855,False,0.26780033111572266,False
562,p0n608,37,1.5,0.5,2628.0,12.0,B-4,70,1,0,0.7835915088653564,True,0.3431461453437805,False,0.30864179134368896,False
563,p0n607,37,1.5,0.5,2628.0,12.0,F4,65,1,0,0.6049156785011292,True,0.09845581650733948,False,0.253743052482605,False
564,p0n609,37,1.75,0.25,2634.0,6.0,A5,81,1,0,0.7560084462165833,True,0.22086969017982483,False,0.26760944724082947,False
565,p0n610,37,2.0,0.25,2640.0,6.0,G5,79,1,0,0.6535537242889404,True,0.14212851226329803,False,0.24731336534023285,False
566,p0n612,37,2.0,0.5,2640.0,12.0,F4,65,1,0,0.38379204273223877,False,0.17526131868362427,False,0.26211804151535034,False
567,p0n611,37,2.0,0.5,2640.0,12.0,D4,62,1,0,0.7143045663833618,True,0.9163073897361755,True,0.6929442882537842,True
568,p0n614,37,2.25,0.25,2646.0,6.0,F5,77,1,0,0.8698923587799072,True,0.47162818908691406,False,0.3126118779182434,False
569,p0n615,37,2.5,0.25,2652.0,6.0,E-5,75,1,0,0.9557413458824158,True,0.6511220932006836,True,0.4489847719669342,False
570,p0n617,37,2.5,0.5,2652.0,12.0,B-4,70,1,0,0.8478994369506836,True,0.3371625244617462,False,0.3098262846469879,False
571,p0n616,37,2.5,0.5,2652.0,12.0,F4,65,1,0,0.5429115891456604,True,0.30610963702201843,False,0.2765394449234009,False
572,p0n618,37,2.75,0.25,2658.0,6.0,D5,74,1,0,0.7775695323944092,True,0.7040702104568481,True,0.5238794684410095,True
573,p0n619,38,0.0,0.25,2664.0,6.0,D5,74,1,0,0.8577851057052612,True,0.7421563267707825,True,0.4698420464992523,False
574,p0n620,38,0.0,3.0,2664.0,72.0,C4,60,2,0,0.11760548502206802,False,0.1882755607366562,False,0.2787560224533081,False
575,p0n621,38,0.0,1.0,2664.0,24.0,E-3,51,2,0,0.909981369972229,True,0.5849360823631287,True,0.6986639499664307,True
576,p0n623,38,0.25,0.25,2670.0,6.0,E-5,75,1,0,0.7337563633918762,True,0.5836020112037659,True,0.3607878088951111,False
577,p0n624,38,0.5,0.25,2676.0,6.0,B4,71,1,0,0.9676037430763245,True,0.19825245440006256,False,0.2551250755786896,False
578,p0n626,38,0.5,0.5,2676.0,12.0,G4,67,1,0,0.9533455967903137,True,0.45743072032928467,False,0.28690779209136963,False
579,p0n625,38,0.5,0.5,2676.0,12.0,E-4,63,1,0,0.6479490995407104,True,0.8119033575057983,True,0.636112630367279,True
580,p0n627,38,0.75,0.25,2682.0,6.0,C5,72,1,0,0.1133062094449997,False,0.10722676664590836,False,0.2523045539855957,False
581,p0n628,38,1.0,1.0,2688.0,24.0,C5,72,1,0,0.13457399606704712,False,0.15493115782737732,False,0.264304518699646,False
582,p0n630,38,1.0,0.5,2688.0,12.0,E-4,63,1,0,0.40683847665786743,False,0.32141610980033875,False,0.3009684085845947,False
583,p0n629,38,1.0,0.5,2688.0,12.0,C4,60,1,0,0.09563836455345154,False,0.1525266021490097,False,0.263012170791626,False
584,p0n633,38,1.5,0.5,2700.0,12.0,G4,67,1,0,0.8504521250724792,True,0.24566659331321716,False,0.253215491771698,False
585,p0n632,38,1.5,0.5,2700.0,12.0,E-4,63,1,0,0.5142677426338196,True,0.6024373173713684,True,0.4545230269432068,False
586,p0n637,38,2.0,0.5,2712.0,12.0,E-4,63,1,0,0.357328325510025,False,0.215684175491333,False,0.26779788732528687,False
587,p0n636,38,2.0,0.5,2712.0,12.0,C4,60,1,0,0.09349460154771805,False,0.11564623564481735,False,0.2518705725669861,False
588,p0n639,38,2.5,0.5,2724.0,12.0,G4,67,1,0,0.8369795083999634,True,0.2687593996524811,False,0.24837376177310944,False
589,p0n638,38,2.5,0.5,2724.0,12.0,E-4,63,1,0,0.38733625411987305,False,0.20947742462158203,False,0.2791312634944916,False
590,p0n640,39,0.0,0.75,2736.0,18.0,D5,74,1,0,0.7852240204811096,True,0.7183396220207214,True,0.4075576066970825,False
591,p0n641,39,0.0,3.0,2736.0,72.0,B-3,58,2,0,0.9825383424758911,True,0.7126563191413879,True,0.35220974683761597,False
592,p0n642,39,0.0,1.0,2736.0,24.0,F3,53,2,0,0.16985367238521576,False,0.22634069621562958,False,0.28519973158836365,False
593,p0n644,39,0.5,0.5,2748.0,12.0,A-4,68,1,0,0.5637474060058594,True,0.21232402324676514,False,0.2796303331851959,False
594,p0n645,39,0.75,0.25,2754.0,6.0,E-5,75,1,0,0.2091631293296814,False,0.12704956531524658,False,0.25169146060943604,False
595,p0n646,39,1.0,0.75,2760.0,18.0,F5,77,1,0,0.7466598153114319,True,0.8441757559776306,True,0.49406516551971436,False
596,p0n648,39,1.0,0.5,2760.0,12.0,F4,65,1,0,0.9181485176086426,True,0.9210509657859802,True,0.7199403643608093,True
597,p0n647,39,1.0,0.5,2760.0,12.0,D4,62,1,0,0.6832151412963867,True,0.951220691204071,True,0.765602171421051,True
598,p0n650,39,1.5,0.5,2772.0,12.0,A-4,68,1,0,0.34274834394454956,False,0.13943128287792206,False,0.26585862040519714,False
599,p0n651,39,1.75,0.25,2778.0,6.0,G5,79,1,0,0.3744208812713623,False,0.1395491063594818,False,0.2512829601764679,False
600,p0n652,39,2.0,0.5,2784.0,12.0,A-5,80,1,0,0.3415051996707916,False,0.197055384516716,False,0.26888760924339294,False
601,p0n654,39,2.0,0.5,2784.0,12.0,F4,65,1,0,0.9266065359115601,True,0.3972698152065277,False,0.3541613519191742,False
602,p0n653,39,2.0,0.5,2784.0,12.0,D4,62,1,0,0.6536166071891785,True,0.8658931851387024,True,0.719694972038269,True
603,p0n656,39,2.5,0.5,2796.0,12.0,D5,74,1,0,0.7594011425971985,True,0.45427998900413513,False,0.3057856857776642,False
604,p0n657,39,2.5,0.5,2796.0,12.0,A-4,68,1,0,0.2899903953075409,False,0.1357899308204651,False,0.26585853099823,False
605,p0n658,40,0.0,1.0,2808.0,24.0,F5,77,1,0,0.9450932741165161,True,0.7878024578094482,True,0.25815409421920776,False
606,p0n659,40,0.0,3.0,2808.0,72.0,B-3,58,2,0,0.9557031393051147,True,0.6494731307029724,True,0.5803340673446655,True
607,p0n660,40,0.0,1.0,2808.0,24.0,G3,55,2,0,0.8666381239891052,True,0.7449930310249329,True,0.6571490168571472,True
608,p0n663,40,0.5,0.5,2820.0,12.0,B-4,70,1,0,0.9115611910820007,True,0.7157778739929199,True,0.5094956755638123,True
609,p0n662,40,0.5,0.5,2820.0,12.0,G4,67,1,0,0.43599340319633484,False,0.15128321945667267,False,0.26134082674980164,False
610,p0n664,40,1.0,1.0,2832.0,24.0,E-5,75,1,0,0.45185452699661255,False,0.311354398727417,False,0.30815714597702026,False
611,p0n666,40,1.0,0.5,2832.0,12.0,G4,67,1,0,0.4055672287940979,False,0.22997765243053436,False,0.27067628502845764,False
612,p0n665,40,1.0,0.5,2832.0,12.0,E-4,63,1,0,0.6048106551170349,True,0.9151790738105774,True,0.6459934711456299,True
613,p0n669,40,1.5,0.5,2844.0,12.0,B-4,70,1,0,0.8338472247123718,True,0.4395712614059448,False,0.31636565923690796,False
614,p0n668,40,1.5,0.5,2844.0,12.0,G4,67,1,0,0.3792676627635956,False,0.11711860448122025,False,0.2551243305206299,False
615,p0n673,40,2.0,0.5,2856.0,12.0,G4,67,1,0,0.3185347616672516,False,0.12097190320491791,False,0.24619221687316895,False
616,p0n672,40,2.0,0.5,2856.0,12.0,E-4,63,1,0,0.5147057771682739,True,0.6668531894683838,True,0.38801613450050354,False
617,p0n675,40,2.5,0.5,2868.0,12.0,B-4,70,1,0,0.8218956589698792,True,0.5888665914535522,True,0.5391131639480591,True
618,p0n674,40,2.5,0.5,2868.0,12.0,G4,67,1,0,0.37952253222465515,False,0.1278221607208252,False,0.2567199766635895,False
619,p0n676,41,0.0,1.0,2880.0,24.0,F3,53,1,0,0.45808127522468567,False,0.3654915988445282,False,0.33369770646095276,False
620,p0n678,41,0.0,3.0,2880.0,72.0,F3,53,2,0,0.39834126830101013,False,0.353281170129776,False,0.33021703362464905,False
621,p0n677,41,0.0,3.0,2880.0,72.0,A2,45,2,0,0.49153077602386475,False,0.4395226836204529,False,0.37820157408714294,False
622,p0n681,41,0.5,0.5,2892.0,12.0,C5,72,1,0,0.44118532538414,False,0.18256023526191711,False,0.277329683303833,False
623,p0n680,41,0.5,0.5,2892.0,12.0,E-4,63,1,0,0.4965631365776062,False,0.24285340309143066,False,0.28968897461891174,False
624,p0n682,41,1.0,1.25,2904.0,30.0,C6,84,1,0,0.5854200720787048,True,0.4631035625934601,False,0.3751941919326782,False
625,p0n684,41,1.0,0.5,2904.0,12.0,E-4,63,1,0,0.5163925290107727,True,0.5750663876533508,True,0.3508860468864441,False
626,p0n683,41,1.0,0.5,2904.0,12.0,C4,60,1,0,0.028334377333521843,False,0.13984252512454987,False,0.2603468596935272,False
627,p0n686,41,1.5,0.5,2916.0,12.0,C5,72,1,0,0.3735830783843994,False,0.16209571063518524,False,0.2714090347290039,False
628,p0n685,41,1.5,0.5,2916.0,12.0,E-4,63,1,0,0.4955224394798279,False,0.22281526029109955,False,0.2825731635093689,False
629,p0n689,41,2.0,0.5,2928.0,12.0,E-4,63,1,0,0.7065696120262146,True,0.6858499646186829,True,0.40406280755996704,False
630,p0n688,41,2.0,0.5,2928.0,12.0,C4,60,1,0,0.014897152781486511,False,0.10430755466222763,False,0.24971571564674377,False
631,p0n690,41,2.25,0.25,2934.0,6.0,A5,81,1,0,0.4797416627407074,False,0.10044681280851364,False,0.25632035732269287,False
632,p0n691,41,2.5,0.25,2940.0,6.0,F5,77,1,0,0.6920582056045532,True,0.5991979241371155,True,0.28159722685813904,False
633,p0n693,41,2.5,0.5,2940.0,12.0,C5,72,1,0,0.5115443468093872,True,0.12766090035438538,False,0.25839149951934814,False
634,p0n692,41,2.5,0.5,2940.0,12.0,E-4,63,1,0,0.7282599806785583,True,0.5651564598083496,True,0.31658628582954407,False
635,p0n694,41,2.75,0.25,2946.0,6.0,E-5,75,1,0,0.2388107031583786,False,0.10692054778337479,False,0.24741250276565552,False
636,p0n695,42,0.0,0.25,2952.0,6.0,C#5,73,1,0,0.8190152645111084,True,0.6930943131446838,True,0.4813787341117859,False
637,p0n698,42,0.0,0.5,2952.0,12.0,D4,62,1,0,0.91777503490448,True,0.9427974224090576,True,0.8118003010749817,True
638,p0n697,42,0.0,0.5,2952.0,12.0,B-3,58,1,0,0.9764434099197388,True,0.892340362071991,True,0.40332502126693726,False
639,p0n696,42,0.0,0.5,2952.0,12.0,F3,53,1,0,0.6782805919647217,True,0.26606377959251404,False,0.26978418231010437,False
640,p0n700,42,0.0,0.5,2952.0,12.0,B-2,46,2,0,0.9089648723602295,True,0.8124575018882751,True,0.6488947868347168,True
641,p0n699,42,0.0,0.5,2952.0,12.0,B-1,34,2,0,0.9435070753097534,True,0.8029443621635437,True,0.7251823544502258,True
642,p0n701,42,0.25,0.25,2958.0,6.0,D5,74,1,0,0.8871810436248779,True,0.6558274626731873,True,0.3537094295024872,False
643,p0n702,42,0.5,0.25,2964.0,6.0,E-5,75,1,0,0.09153787791728973,False,0.08986391872167587,False,0.25378409028053284,False
644,p0n705,42,0.75,0.25,2970.0,6.0,E5,76,1,0,0.6591727137565613,True,0.19913659989833832,False,0.24614867568016052,False
645,p0n706,42,1.0,0.25,2976.0,6.0,F5,77,1,0,0.8693223595619202,True,0.9537606239318848,True,0.6672890186309814,True
646,p0n709,42,1.0,0.5,2976.0,12.0,B-4,70,1,0,0.9552571773529053,True,0.9739745259284973,True,0.9337643980979919,True
647,p0n708,42,1.0,0.5,2976.0,12.0,F4,65,1,0,0.8208141922950745,True,0.8162862658500671,True,0.7055581212043762,True
648,p0n707,42,1.0,0.5,2976.0,12.0,B-3,58,1,0,0.9719188213348389,True,0.989458441734314,True,0.8007809519767761,True
649,p0n711,42,1.0,0.5,2976.0,12.0,D3,50,2,0,0.9939664602279663,True,0.8368867635726929,True,0.5332620143890381,True
650,p0n710,42,1.0,0.5,2976.0,12.0,D2,38,2,0,0.6969988346099854,True,0.9004285931587219,True,0.34918534755706787,False
651,p0n712,42,1.25,0.25,2982.0,6.0,G5,79,1,0,0.6528753638267517,True,0.28667789697647095,False,0.2597527503967285,False
652,p0n713,42,1.5,0.25,2988.0,6.0,A5,81,1,0,0.6573488116264343,True,0.20968995988368988,False,0.2870411276817322,False
653,p0n716,42,1.75,0.25,2994.0,6.0,B-5,82,1,0,0.86091148853302,True,0.7254047393798828,True,0.5466060042381287,True
654,p0n717,42,2.0,0.25,3000.0,6.0,F#5,78,1,0,0.8460358381271362,True,0.6475889086723328,True,0.44050607085227966,False
655,p0n720,42,2.0,0.5,3000.0,12.0,G4,67,1,0,0.4255934953689575,False,0.10354072600603104,False,0.242845356464386,False
656,p0n719,42,2.0,0.5,3000.0,12.0,E-4,63,1,0,0.9301742315292358,True,0.8436462879180908,True,0.5991787314414978,True
657,p0n718,42,2.0,0.5,3000.0,12.0,C4,60,1,0,0.1880907118320465,False,0.14070270955562592,False,0.2567843794822693,False
658,p0n722,42,2.0,0.5,3000.0,12.0,E-3,51,2,0,0.9316874146461487,True,0.3277966380119324,False,0.27612757682800293,False
659,p0n721,42,2.0,0.5,3000.0,12.0,E-2,39,2,0,0.7081966996192932,True,0.4174731969833374,False,0.4029901623725891,False
660,p0n723,42,2.25,0.25,3006.0,6.0,G5,79,1,0,0.06503357738256454,False,0.09199298173189163,False,0.24393022060394287,False
661,p0n724,42,2.5,0.25,3012.0,6.0,E-5,75,1,0,0.37958210706710815,False,0.128756582736969,False,0.26057422161102295,False
662,p0n727,42,2.75,0.25,3018.0,6.0,C5,72,1,0,0.5769560933113098,True,0.12724937498569489,False,0.25797930359840393,False
663,p0n728,43,0.0,1.5,3024.0,36.0,B-4,70,1,0,0.8027079701423645,True,0.8325877785682678,True,0.8009904623031616,True
664,p0n730,43,0.0,3.0,3024.0,72.0,F3,53,2,0,0.6227561831474304,True,0.6039031744003296,True,0.6015695929527283,True
665,p0n729,43,0.0,3.0,3024.0,72.0,F2,41,2,0,0.7562336325645447,True,0.711839497089386,True,0.8398575186729431,True
666,p0n733,43,0.5,0.5,3036.0,12.0,F4,65,1,0,0.6486535668373108,True,0.22559550404548645,False,0.26807066798210144,False
667,p0n732,43,0.5,0.5,3036.0,12.0,D4,62,1,0,0.9888840913772583,True,0.9588902592658997,True,0.9168078899383545,True
668,p0n735,43,1.0,0.5,3048.0,12.0,D4,62,1,0,0.9782593250274658,True,0.979472279548645,True,0.758979856967926,True
669,p0n734,43,1.0,0.5,3048.0,12.0,B-3,58,1,0,0.9132951498031616,True,0.9329777359962463,True,0.7632495164871216,True
670,p0n736,43,1.5,0.5,3060.0,12.0,B4,71,1,0,0.6129818558692932,True,0.19003112614154816,False,0.27127620577812195,False
671,p0n738,43,1.5,0.5,3060.0,12.0,F4,65,1,0,0.4995785355567932,False,0.2616150677204132,False,0.2993360459804535,False
672,p0n737,43,1.5,0.5,3060.0,12.0,D4,62,1,0,0.9394654035568237,True,0.6472360491752625,True,0.3328627049922943,False
673,p0n739,43,2.0,0.5,3072.0,12.0,C5,72,1,0,0.3176177442073822,False,0.21371518075466156,False,0.27336031198501587,False
674,p0n741,43,2.0,0.5,3072.0,12.0,E-4,63,1,0,0.78241366147995,True,0.3796251118183136,False,0.32647204399108887,False
675,p0n740,43,2.0,0.5,3072.0,12.0,C4,60,1,0,0.09206051379442215,False,0.1194227859377861,False,0.2520361542701721,False
676,p0n742,43,2.5,0.5,3084.0,12.0,F5,77,1,0,0.9711996912956238,True,0.5007087588310242,True,0.5687066316604614,True
677,p0n744,43,2.5,0.5,3084.0,12.0,C4,60,1,0,0.08550052344799042,False,0.11541767418384552,False,0.2613673210144043,False
678,p0n743,43,2.5,0.5,3084.0,12.0,A3,57,1,0,0.6502348780632019,True,0.28522858023643494,False,0.2950860261917114,False
679,p0n745,44,0.0,0.75,3096.0,18.0,E-5,75,1,0,0.9703205227851868,True,0.9327151775360107,True,0.6826186180114746,True
680,p0n748,44,0.0,1.0,3096.0,24.0,A-4,68,1,0,0.7390151619911194,True,0.7236270308494568,True,0.5089254379272461,True
681,p0n747,44,0.0,1.0,3096.0,24.0,E-4,63,1,0,0.8484489321708679,True,0.7111583948135376,True,0.4233517348766327,False
682,p0n746,44,0.0,1.0,3096.0,24.0,C4,60,1,0,0.25953102111816406,False,0.23036091029644012,False,0.289108544588089,False
683,p0n750,44,0.0,1.0,3096.0,24.0,F#3,54,2,0,0.39560672640800476,False,0.36174145340919495,False,0.3462996184825897,False
684,p0n749,44,0.0,1.0,3096.0,24.0,F#2,42,2,0,0.7333400845527649,True,0.6954176425933838,True,0.4300646185874939,False
685,p0n751,44,0.75,0.125,3114.0,3.0,F5,77,1,0,0.6943898797035217,True,0.332213819026947,False,0.30015212297439575,False
686,p0n752,44,0.875,0.125,3117.0,3.0,E-5,75,1,0,0.8163860440254211,True,0.3759614825248718,False,0.30793455243110657,False
687,p0n753,44,1.0,1.0,3120.0,24.0,D5,74,1,0,0.7758045196533203,True,0.9392452836036682,True,0.8711525797843933,True
688,p0n756,44,1.0,0.5,3120.0,12.0,B-4,70,1,0,0.8125501871109009,True,0.6337429285049438,True,0.5786295533180237,True
689,p0n755,44,1.0,0.5,3120.0,12.0,D4,62,1,0,0.8209333419799805,True,0.8865962028503418,True,0.6303403973579407,True
690,p0n754,44,1.0,0.5,3120.0,12.0,B-3,58,1,0,0.9835540056228638,True,0.8010321259498596,True,0.44168174266815186,False
691,p0n758,44,1.0,0.5,3120.0,12.0,G3,55,2,0,0.1338169127702713,False,0.1598884016275406,False,0.25713568925857544,False
692,p0n757,44,1.0,0.5,3120.0,12.0,G2,43,2,0,0.9207923412322998,True,0.7840554118156433,True,0.2893871068954468,False
693,p0n759,44,1.5,1.0,3132.0,24.0,D4,62,1,0,0.6649738550186157,True,0.40347984433174133,False,0.3312835693359375,False
694,p0n761,44,1.5,0.5,3132.0,12.0,B-3,58,2,0,0.9481162428855896,True,0.22522671520709991,False,0.2626211941242218,False
695,p0n760,44,1.5,0.5,3132.0,12.0,G3,55,2,0,0.40939921140670776,False,0.1652415692806244,False,0.26149532198905945,False
696,p0n764,44,2.0,0.5,3144.0,12.0,A3,57,2,0,0.3759852945804596,False,0.1983119398355484,False,0.2724088132381439,False
697,p0n763,44,2.0,0.5,3144.0,12.0,F3,53,2,0,0.32111456990242004,False,0.22521503269672394,False,0.27229443192481995,False
698,p0n766,44,2.5,0.5,3156.0,12.0,E-4,63,1,0,0.9345468878746033,True,0.5812539458274841,True,0.4893272817134857,False
699,p0n765,44,2.5,0.5,3156.0,12.0,C4,60,1,0,0.5045198202133179,True,0.12485021352767944,False,0.256465345621109,False
700,p0n768,44,2.5,0.5,3156.0,12.0,G3,55,2,0,0.3547094762325287,False,0.23348873853683472,False,0.27838683128356934,False
701,p0n767,44,2.5,0.5,3156.0,12.0,E-3,51,2,0,0.9014144539833069,True,0.15922673046588898,False,0.28231391310691833,False
702,p0n771,45,0.0,0.5,3168.0,12.0,F4,65,1,0,0.9331507086753845,True,0.5837669968605042,True,0.5512462854385376,True
703,p0n770,45,0.0,0.5,3168.0,12.0,D4,62,1,0,0.8919374942779541,True,0.9604929089546204,True,0.7461849451065063,True
704,p0n772,45,0.0,3.0,3168.0,72.0,B-3,58,2,0,0.9107438325881958,True,0.6036766767501831,True,0.33210626244544983,False
705,p0n769,45,0.0,1.25,3168.0,30.0,F3,53,1,0,0.9568832516670227,True,0.3478139042854309,False,0.2962101995944977,False
706,p0n773,45,0.0,1.0,3168.0,24.0,D3,50,2,0,0.9915093183517456,True,0.725607693195343,True,0.6308879256248474,True
707,p0n774,45,0.5,0.5,3180.0,12.0,F4,65,1,0,0.8136604428291321,True,0.15541940927505493,False,0.2849438786506653,False
708,p0n778,45,1.0,0.5,3192.0,12.0,F5,77,1,0,0.5832292437553406,True,0.7862613797187805,True,0.5616286396980286,True
709,p0n777,45,1.0,0.5,3192.0,12.0,D5,74,1,0,0.4833422005176544,False,0.3543732464313507,False,0.3304261267185211,False
710,p0n776,45,1.0,0.5,3192.0,12.0,B-4,70,1,0,0.7238700985908508,True,0.5432382822036743,True,0.48005741834640503,False
711,p0n780,45,1.25,0.125,3198.0,3.0,G3,55,1,0,0.05286019667983055,False,0.09636466950178146,False,0.24348196387290955,False
712,p0n781,45,1.375,0.125,3201.0,3.0,A3,57,1,0,0.6996738314628601,True,0.25432780385017395,False,0.2652568817138672,False
713,p0n783,45,1.5,0.5,3204.0,12.0,B-4,70,1,0,0.77109694480896,True,0.3398367762565613,False,0.2995263636112213,False
714,p0n782,45,1.5,0.25,3204.0,6.0,B-3,58,1,0,0.7376118898391724,True,0.1561957746744156,False,0.2488337606191635,False
715,p0n784,45,1.75,0.25,3210.0,6.0,A3,57,1,0,0.5422099232673645,True,0.13230639696121216,False,0.24616944789886475,False
716,p0n788,45,2.0,0.5,3216.0,12.0,B-5,82,1,0,0.48318830132484436,False,0.316052109003067,False,0.3061296343803406,False
717,p0n787,45,2.0,0.5,3216.0,12.0,F5,77,1,0,0.566714882850647,True,0.44246867299079895,False,0.32675936818122864,False
718,p0n786,45,2.0,0.5,3216.0,12.0,D5,74,1,0,0.4383086562156677,False,0.26380813121795654,False,0.2944372594356537,False
719,p0n785,45,2.0,0.25,3216.0,6.0,G3,55,1,0,0.16524283587932587,False,0.1277833729982376,False,0.24673621356487274,False
720,p0n790,45,2.25,0.25,3222.0,6.0,F3,53,1,0,0.2836165130138397,False,0.15100736916065216,False,0.25501081347465515,False
721,p0n792,45,2.5,0.5,3228.0,12.0,B-4,70,1,0,0.8455748558044434,True,0.4878253638744354,False,0.31976351141929626,False
722,p0n791,45,2.5,0.25,3228.0,6.0,E-4,63,1,0,0.9282959699630737,True,0.499738484621048,False,0.34041476249694824,False
723,p0n793,45,2.75,0.25,3234.0,6.0,D4,62,1,0,0.858092188835144,True,0.8504308462142944,True,0.6669376492500305,True
724,p0n794,46,0.0,1.0,3240.0,24.0,B3,59,1,0,0.8899535536766052,True,0.46118539571762085,False,0.3918507695198059,False
725,p0n795,46,0.0,1.0,3240.0,24.0,B3,59,2,0,0.8564352989196777,True,0.34776681661605835,False,0.3379271924495697,False
726,p0n796,46,0.0,1.0,3240.0,24.0,G3,55,2,0,0.761316180229187,True,0.4566649794578552,False,0.3952654004096985,False
727,p0n798,46,0.5,0.5,3252.0,12.0,G4,67,1,0,0.19463741779327393,False,0.12743185460567474,False,0.2564241290092468,False
728,p0n802,46,1.0,0.5,3264.0,12.0,G5,79,1,0,0.08496376872062683,False,0.14715920388698578,False,0.25560441613197327,False
729,p0n801,46,1.0,0.5,3264.0,12.0,E-5,75,1,0,0.40913406014442444,False,0.2979455888271332,False,0.2996377944946289,False
730,p0n800,46,1.0,0.5,3264.0,12.0,C5,72,1,0,0.17371246218681335,False,0.19734644889831543,False,0.2733473479747772,False
731,p0n799,46,1.0,1.0,3264.0,24.0,C4,60,1,0,0.0735912099480629,False,0.16873560845851898,False,0.26547619700431824,False
732,p0n805,46,1.5,0.5,3276.0,12.0,C5,72,1,0,0.15980292856693268,False,0.11464263498783112,False,0.2619704306125641,False
733,p0n811,46,2.0,0.5,3288.0,12.0,C6,84,1,0,0.928033173084259,True,0.8091145753860474,True,0.6752961874008179,True
734,p0n810,46,2.0,0.5,3288.0,12.0,G5,79,1,0,0.1919359415769577,False,0.14584319293498993,False,0.2506141662597656,False
735,p0n809,46,2.0,0.5,3288.0,12.0,E-5,75,1,0,0.6541124582290649,True,0.3892190754413605,False,0.332154244184494,False
736,p0n812,46,2.5,0.5,3300.0,12.0,C5,72,1,0,0.5402635335922241,True,0.19807541370391846,False,0.2702495753765106,False
737,p0n813,47,0.0,0.16666666666666666,3312.0,4.0,D4,62,1,0,0.8156026005744934,True,0.9506920576095581,True,0.7523421049118042,True
738,p0n814,47,0.0,3.0,3312.0,72.0,B-3,58,2,0,0.9375637769699097,True,0.8367711305618286,True,0.6015421748161316,True
739,p0n815,47,0.0,1.0,3312.0,24.0,F3,53,2,0,0.6348717212677002,True,0.4770774245262146,False,0.34223565459251404,False
740,p0n817,47,0.16666666666666666,0.16666666666666666,3316.0,4.0,C4,60,1,0,0.01381439808756113,False,0.1012158915400505,False,0.25226250290870667,False
741,p0n818,47,0.3333333333333333,0.16666666666666666,3320.0,4.0,B-3,58,1,0,0.836693525314331,True,0.3354337215423584,False,0.2416008859872818,False
742,p0n820,47,0.5,0.5,3324.0,12.0,A-4,68,1,0,0.6615002751350403,True,0.17585451900959015,False,0.2786306142807007,False
743,p0n819,47,0.5,0.16666666666666666,3324.0,4.0,C4,60,1,0,0.05661825090646744,False,0.10761117935180664,False,0.2599983513355255,False
744,p0n821,47,0.6666666666666666,0.16666666666666666,3328.0,4.0,D4,62,1,0,0.9118233323097229,True,0.8017727732658386,True,0.5765528082847595,True
745,p0n822,47,0.8333333333333334,0.16666666666666666,3332.0,4.0,E-4,63,1,0,0.5762492418289185,True,0.1703149974346161,False,0.26211148500442505,False
746,p0n826,47,1.0,0.5,3336.0,12.0,A-5,80,1,0,0.1771511733531952,False,0.1590087115764618,False,0.2632352113723755,False
747,p0n825,47,1.0,0.5,3336.0,12.0,F5,77,1,0,0.5896369218826294,True,0.2578272819519043,False,0.3034898042678833,False
748,p0n824,47,1.0,0.5,3336.0,12.0,D5,74,1,0,0.41465264558792114,False,0.3317013382911682,False,0.31988728046417236,False
749,p0n823,47,1.0,0.16666666666666666,3336.0,4.0,F4,65,1,0,0.4445079267024994,False,0.31148403882980347,False,0.3062249422073364,False
750,p0n828,47,1.1666666666666667,0.16666666666666666,3340.0,4.0,E-4,63,1,0,0.2887258231639862,False,0.10717476159334183,False,0.24955987930297852,False
751,p0n829,47,1.3333333333333333,0.16666666666666666,3344.0,4.0,D4,62,1,0,0.6791092753410339,True,0.7671598792076111,True,0.5330026745796204,True
752,p0n831,47,1.5,0.5,3348.0,12.0,D5,74,1,0,0.33630990982055664,False,0.17860397696495056,False,0.27921146154403687,False
753,p0n830,47,1.5,0.16666666666666666,3348.0,4.0,E-4,63,1,0,0.596915602684021,True,0.22811971604824066,False,0.2769427001476288,False
754,p0n832,47,1.6666666666666667,0.16666666666666666,3352.0,4.0,F4,65,1,0,0.6416407823562622,True,0.1155131459236145,False,0.24074427783489227,False
755,p0n833,47,1.8333333333333333,0.16666666666666666,3356.0,4.0,G4,67,1,0,0.6012386679649353,True,0.2085704207420349,False,0.2398410588502884,False
756,p0n837,47,2.0,0.5,3360.0,12.0,D6,86,1,0,0.6804437637329102,True,0.771941065788269,True,0.5276371836662292,True
757,p0n836,47,2.0,0.5,3360.0,12.0,A-5,80,1,0,0.446067214012146,False,0.1657438576221466,False,0.2599239647388458,False
758,p0n835,47,2.0,0.5,3360.0,12.0,F5,77,1,0,0.85891193151474,True,0.47165629267692566,False,0.3481636643409729,False
759,p0n834,47,2.0,0.25,3360.0,6.0,A-4,68,1,0,0.7592107057571411,True,0.36147674918174744,False,0.282234251499176,False
760,p0n839,47,2.25,0.25,3366.0,6.0,B-4,70,1,0,0.9090263843536377,True,0.6445077061653137,True,0.4018942713737488,False
761,p0n841,47,2.5,0.5,3372.0,12.0,D5,74,1,0,0.6255926489830017,True,0.49399369955062866,False,0.3850002884864807,False
762,p0n840,47,2.5,0.25,3372.0,6.0,C5,72,1,0,0.39573386311531067,False,0.16572168469429016,False,0.27331990003585815,False
763,p0n842,47,2.75,0.25,3378.0,6.0,D4,62,1,0,0.7703507542610168,True,0.7867476344108582,True,0.6209927201271057,True
764,p0n843,48,0.0,1.0,3384.0,24.0,F4,65,1,0,0.835522472858429,True,0.7491137385368347,True,0.48362383246421814,False
765,p0n844,48,0.0,3.0,3384.0,72.0,B-3,58,2,0,0.853475034236908,True,0.8929519653320312,True,0.6427559852600098,True
766,p0n845,48,0.0,1.0,3384.0,24.0,F3,53,2,0,0.5228331685066223,True,0.4416700303554535,False,0.3458614647388458,False
767,p0n847,48,0.5,0.5,3396.0,12.0,B-4,70,1,0,0.8403675556182861,True,0.1295785754919052,False,0.2668987214565277,False
768,p0n851,48,1.0,0.5,3408.0,12.0,B-5,82,1,0,0.7077591419219971,True,0.8468615412712097,True,0.5122617483139038,True
769,p0n850,48,1.0,0.5,3408.0,12.0,G5,79,1,0,0.29593542218208313,False,0.20801694691181183,False,0.26900193095207214,False
770,p0n849,48,1.0,0.5,3408.0,12.0,E-5,75,1,0,0.40126729011535645,False,0.31294530630111694,False,0.3055747151374817,False
771,p0n848,48,1.0,1.0,3408.0,24.0,E-4,63,1,0,0.4298962354660034,False,0.33917248249053955,False,0.3142428398132324,False
772,p0n853,48,1.5,0.5,3420.0,12.0,E-5,75,1,0,0.3352968394756317,False,0.13391539454460144,False,0.26132524013519287,False
773,p0n858,48,2.0,0.5,3432.0,12.0,E-6,87,1,0,0.5954793691635132,True,0.6296079754829407,True,0.3243039846420288,False
774,p0n857,48,2.0,0.5,3432.0,12.0,B-5,82,1,0,0.8190600275993347,True,0.7622845768928528,True,0.5510455369949341,True
775,p0n856,48,2.0,0.5,3432.0,12.0,G5,79,1,0,0.6632322669029236,True,0.3892439007759094,False,0.3165355622768402,False
776,p0n859,48,2.5,0.5,3444.0,12.0,E-5,75,1,0,0.42911848425865173,False,0.23947270214557648,False,0.28882670402526855,False
777,p0n860,49,0.0,1.125,3456.0,27.0,E-4,63,1,0,0.8119999766349792,True,0.5437882542610168,True,0.43934646248817444,False
778,p0n862,49,0.0,3.0,3456.0,72.0,A3,57,2,0,0.7412267327308655,True,0.7154204249382019,True,0.443179726600647,False
779,p0n861,49,0.0,3.0,3456.0,72.0,A2,45,2,0,0.3289286196231842,False,0.2935619056224823,False,0.3148975372314453,False
780,p0n864,49,0.5,0.5,3468.0,12.0,F4,65,1,0,0.844275712966919,True,0.1945180743932724,False,0.26646581292152405,False
781,p0n867,49,1.0,0.5,3480.0,12.0,E-5,75,1,0,0.5641859769821167,True,0.6321374177932739,True,0.4337669312953949,False
782,p0n866,49,1.0,0.5,3480.0,12.0,C5,72,1,0,0.4367488920688629,False,0.2707718312740326,False,0.2947622537612915,False
783,p0n868,49,1.125,0.125,3483.0,3.0,F4,65,1,0,0.7319700717926025,True,0.12194862961769104,False,0.2430988997220993,False
784,p0n869,49,1.25,0.125,3486.0,3.0,G4,67,1,0,0.5984242558479309,True,0.35089731216430664,False,0.27695563435554504,False
785,p0n870,49,1.375,0.125,3489.0,3.0,F4,65,1,0,0.9225555062294006,True,0.29336902499198914,False,0.25819119811058044,False
786,p0n872,49,1.5,0.5,3492.0,12.0,C5,72,1,0,0.7193102836608887,True,0.27903077006340027,False,0.2779725193977356,False
787,p0n871,49,1.5,0.125,3492.0,3.0,E-4,63,1,0,0.7286671996116638,True,0.4034152328968048,False,0.3711865246295929,False
788,p0n873,49,1.625,0.125,3495.0,3.0,D4,62,1,0,0.7824274301528931,True,0.6915915012359619,True,0.3009048402309418,False
789,p0n874,49,1.75,0.125,3498.0,3.0,C4,60,1,0,0.05967408046126366,False,0.10969904810190201,False,0.2512941360473633,False
790,p0n875,49,1.875,0.125,3501.0,3.0,B-3,58,1,0,0.9403564929962158,True,0.24956469237804413,False,0.27939432859420776,False
791,p0n878,49,2.0,0.5,3504.0,12.0,C6,84,1,0,0.26798534393310547,False,0.15087389945983887,False,0.25956079363822937,False
792,p0n877,49,2.0,0.5,3504.0,12.0,F5,77,1,0,0.2622321546077728,False,0.1904018670320511,False,0.2650924026966095,False
793,p0n876,49,2.0,0.16666666666666666,3504.0,4.0,A3,57,1,0,0.4558790326118469,False,0.16131292283535004,False,0.2654741704463959,False
794,p0n879,49,2.1666666666666665,0.16666666666666666,3508.0,4.0,G3,55,1,0,0.44378992915153503,False,0.15219834446907043,False,0.2537769675254822,False
795,p0n880,49,2.3333333333333335,0.16666666666666666,3512.0,4.0,F3,53,1,0,0.39586353302001953,False,0.14288343489170074,False,0.2574435770511627,False
796,p0n883,49,2.5,0.5,3516.0,12.0,E-5,75,1,0,0.09740950912237167,False,0.10228917747735977,False,0.2550519108772278,False
797,p0n882,49,2.5,0.5,3516.0,12.0,C5,72,1,0,0.8312975168228149,True,0.27416568994522095,False,0.27362579107284546,False
798,p0n881,49,2.5,0.16666666666666666,3516.0,4.0,E-4,63,1,0,0.4172496497631073,False,0.16592098772525787,False,0.2668752074241638,False
799,p0n884,49,2.6666666666666665,0.16666666666666666,3520.0,4.0,D4,62,1,0,0.6136391758918762,True,0.7068816423416138,True,0.3395659625530243,False
800,p0n885,49,2.8333333333333335,0.16666666666666666,3524.0,4.0,C4,60,1,0,0.043702058494091034,False,0.10356757044792175,False,0.2526741325855255,False
801,p0n886,50,0.0,0.5,3528.0,12.0,B-3,58,1,0,0.9149132370948792,True,0.7923864126205444,True,0.7836318612098694,True
802,p0n888,50,0.0,1.0,3528.0,24.0,B-3,58,2,0,0.9362094402313232,True,0.5733762979507446,True,0.6574211120605469,True
803,p0n887,50,0.0,1.0,3528.0,24.0,B-2,46,2,0,0.97645103931427,True,0.8345443606376648,True,0.7726712822914124,True
804,p0n892,50,0.5,0.5,3540.0,12.0,D4,62,1,0,0.880865752696991,True,0.9231188297271729,True,0.5348924994468689,True
805,p0n891,50,0.5,0.5,3540.0,12.0,B-3,58,1,0,0.6324354410171509,True,0.1566946804523468,False,0.2706415355205536,False
806,p0n893,50,1.0,2.0,3552.0,48.0,F5,77,1,0,0.26160991191864014,False,0.2503133714199066,False,0.28526684641838074,False
807,p0n895,50,1.0,0.5,3552.0,12.0,F4,65,1,0,0.823342502117157,True,0.974920392036438,True,0.5412046909332275,True
808,p0n894,50,1.0,0.5,3552.0,12.0,D4,62,1,0,0.925198495388031,True,0.9767565727233887,True,0.4953545928001404,False
809,p0n898,50,1.5,0.5,3564.0,12.0,B-4,70,1,0,0.9481462240219116,True,0.939876914024353,True,0.7154986262321472,True
810,p0n897,50,1.5,0.5,3564.0,12.0,F4,65,1,0,0.6510313749313354,True,0.7240976691246033,True,0.2729002833366394,False
811,p0n900,50,2.0,0.5,3576.0,12.0,D5,74,1,0,0.13014066219329834,False,0.14475931227207184,False,0.2600165903568268,False
812,p0n899,50,2.0,0.5,3576.0,12.0,B-4,70,1,0,0.9653411507606506,True,0.8901727795600891,True,0.7725288271903992,True
813,p0n903,50,2.5,0.5,3588.0,12.0,F5,77,1,0,0.6376462578773499,True,0.1488509476184845,False,0.2680002748966217,False
814,p0n902,50,2.5,0.5,3588.0,12.0,D5,74,1,0,0.352580726146698,False,0.15570561587810516,False,0.2751038670539856,False
815,p0n904,51,0.0,0.5,3600.0,12.0,C4,60,1,0,0.3411565124988556,False,0.2228141725063324,False,0.28964468836784363,False
816,p0n906,51,0.0,1.0,3600.0,24.0,E-3,51,2,0,0.8427554965019226,True,0.1797812283039093,False,0.28093162178993225,False
817,p0n905,51,0.0,1.0,3600.0,24.0,E-2,39,2,0,0.7683417201042175,True,0.4875951111316681,False,0.3634741008281708,False
818,p0n910,51,0.5,0.5,3612.0,12.0,E-4,63,1,0,0.5394893884658813,True,0.18074150383472443,False,0.27168092131614685,False
819,p0n909,51,0.5,0.5,3612.0,12.0,C4,60,1,0,0.17592297494411469,False,0.12549027800559998,False,0.2633149027824402,False
820,p0n911,51,1.0,2.0,3624.0,48.0,G5,79,1,0,0.3688805401325226,False,0.25688299536705017,False,0.2816983461380005,False
821,p0n913,51,1.0,0.5,3624.0,12.0,G4,67,1,0,0.8300832509994507,True,0.7897810935974121,True,0.42811718583106995,False
822,p0n912,51,1.0,0.5,3624.0,12.0,E-4,63,1,0,0.48903071880340576,False,0.34473663568496704,False,0.3174213767051697,False
823,p0n916,51,1.5,0.5,3636.0,12.0,C5,72,1,0,0.7101962566375732,True,0.5912091135978699,True,0.2957408130168915,False
824,p0n915,51,1.5,0.5,3636.0,12.0,G4,67,1,0,0.8247158527374268,True,0.3596305847167969,False,0.2909091114997864,False
825,p0n918,51,2.0,0.5,3648.0,12.0,E-5,75,1,0,0.678320050239563,True,0.5529198050498962,True,0.2983342707157135,False
826,p0n917,51,2.0,0.5,3648.0,12.0,C5,72,1,0,0.43355175852775574,False,0.22734232246875763,False,0.27874287962913513,False
827,p0n921,51,2.5,0.5,3660.0,12.0,G5,79,1,0,0.6862403750419617,True,0.37293127179145813,False,0.30283308029174805,False
828,p0n920,51,2.5,0.5,3660.0,12.0,E-5,75,1,0,0.8132110834121704,True,0.41959449648857117,False,0.3502884805202484,False
829,p0n922,52,0.0,0.16666666666666666,3672.0,4.0,F4,65,1,0,0.7723090052604675,True,0.9370364546775818,True,0.8102534413337708,True
830,p0n924,52,0.0,1.0,3672.0,24.0,F3,53,2,0,0.565219521522522,True,0.4264356195926666,False,0.4018254578113556,False
831,p0n923,52,0.0,1.0,3672.0,24.0,F2,41,2,0,0.7854808568954468,True,0.6353792548179626,True,0.6306121349334717,True
832,p0n926,52,0.16666666666666666,0.16666666666666666,3676.0,4.0,F#4,66,1,0,0.5737583041191101,True,0.4934312701225281,False,0.3655306398868561,False
833,p0n927,52,0.3333333333333333,0.16666666666666666,3680.0,4.0,G4,67,1,0,0.4560665488243103,False,0.12272308766841888,False,0.2494952231645584,False
834,p0n928,52,0.5,0.16666666666666666,3684.0,4.0,A-4,68,1,0,0.8259329795837402,True,0.7197287678718567,True,0.42507532238960266,False
835,p0n931,52,0.5,0.5,3684.0,12.0,D4,62,1,0,0.9067468643188477,True,0.5911164283752441,True,0.46671050786972046,False
836,p0n930,52,0.5,0.5,3684.0,12.0,B-3,58,1,0,0.8570327162742615,True,0.36353960633277893,False,0.3183346390724182,False
837,p0n929,52,0.5,0.5,3684.0,12.0,F3,53,1,0,0.46010470390319824,False,0.24520574510097504,False,0.2862820029258728,False
838,p0n932,52,0.6666666666666666,0.16666666666666666,3688.0,4.0,A4,69,1,0,0.7121069431304932,True,0.28296318650245667,False,0.2702098786830902,False
839,p0n933,52,0.8333333333333334,0.16666666666666666,3692.0,4.0,B-4,70,1,0,0.6080995202064514,True,0.17679187655448914,False,0.2533303499221802,False
840,p0n934,52,1.0,0.16666666666666666,3696.0,4.0,B4,71,1,0,0.6294863820075989,True,0.3822343945503235,False,0.32379770278930664,False
841,p0n937,52,1.0,0.5,3696.0,12.0,D4,62,1,0,0.8467975854873657,True,0.8059368133544922,True,0.4315972924232483,False
842,p0n936,52,1.0,0.5,3696.0,12.0,B-3,58,1,0,0.9044585824012756,True,0.7652974724769592,True,0.5386312007904053,True
843,p0n935,52,1.0,0.5,3696.0,12.0,F3,53,1,0,0.360372930765152,False,0.35328057408332825,False,0.31023865938186646,False
844,p0n939,52,1.1666666666666667,0.16666666666666666,3700.0,4.0,C5,72,1,0,0.27182385325431824,False,0.11631641536951065,False,0.256218820810318,False
845,p0n940,52,1.3333333333333333,0.16666666666666666,3704.0,4.0,C#5,73,1,0,0.8389301896095276,True,0.15422452986240387,False,0.2552623450756073,False
846,p0n941,52,1.5,0.16666666666666666,3708.0,4.0,D5,74,1,0,0.8982827663421631,True,0.11940507590770721,False,0.27397286891937256,False
847,p0n944,52,1.5,0.5,3708.0,12.0,D4,62,1,0,0.7903505563735962,True,0.298398494720459,False,0.2648606300354004,False
848,p0n943,52,1.5,0.5,3708.0,12.0,B-3,58,1,0,0.9094191789627075,True,0.3352094292640686,False,0.3089248239994049,False
849,p0n942,52,1.5,0.5,3708.0,12.0,F3,53,1,0,0.3428681492805481,False,0.21177539229393005,False,0.27692657709121704,False
850,p0n945,52,1.6666666666666667,0.16666666666666666,3712.0,4.0,E-5,75,1,0,0.3913808763027191,False,0.16661129891872406,False,0.26204389333724976,False
851,p0n946,52,1.8333333333333333,0.16666666666666666,3716.0,4.0,E5,76,1,0,0.7410179972648621,True,0.19694192707538605,False,0.26203063130378723,False
852,p0n947,52,2.0,0.16666666666666666,3720.0,4.0,F5,77,1,0,0.22144447267055511,False,0.16604463756084442,False,0.25846895575523376,False
853,p0n950,52,2.0,0.5,3720.0,12.0,D4,62,1,0,0.7839001417160034,True,0.5423890948295593,True,0.31182968616485596,False
854,p0n949,52,2.0,0.5,3720.0,12.0,B-3,58,1,0,0.8237615823745728,True,0.4198048710823059,False,0.3227024972438812,False
855,p0n948,52,2.0,0.5,3720.0,12.0,F3,53,1,0,0.23640677332878113,False,0.18143831193447113,False,0.25875213742256165,False
856,p0n952,52,2.1666666666666665,0.16666666666666666,3724.0,4.0,F#5,78,1,0,0.14704258739948273,False,0.12683498859405518,False,0.26587533950805664,False
857,p0n953,52,2.3333333333333335,0.16666666666666666,3728.0,4.0,G5,79,1,0,0.7835761308670044,True,0.27779027819633484,False,0.2706203758716583,False
858,p0n954,52,2.5,0.16666666666666666,3732.0,4.0,A-5,80,1,0,0.24198085069656372,False,0.11572718620300293,False,0.2623472809791565,False
859,p0n957,52,2.5,0.5,3732.0,12.0,D4,62,1,0,0.8943337202072144,True,0.337276428937912,False,0.2699068784713745,False
860,p0n956,52,2.5,0.5,3732.0,12.0,B-3,58,1,0,0.8808702230453491,True,0.21308410167694092,False,0.2869251072406769,False
861,p0n955,52,2.5,0.5,3732.0,12.0,F3,53,1,0,0.2923167645931244,False,0.18794547021389008,False,0.2715478837490082,False
862,p0n958,52,2.6666666666666665,0.16666666666666666,3736.0,4.0,A5,81,1,0,0.4321729838848114,False,0.11871027946472168,False,0.2606489360332489,False
863,p0n959,52,2.8333333333333335,0.16666666666666666,3740.0,4.0,B-5,82,1,0,0.6269113421440125,True,0.22190724313259125,False,0.26606664061546326,False
864,p0n960,53,0.0,3.0,3744.0,72.0,C5,72,1,0,0.7160424590110779,True,0.8950985074043274,True,0.7674625515937805,True
865,p0n963,53,0.0,0.5,3744.0,12.0,C4,60,1,0,0.8763071298599243,True,0.9835324287414551,True,0.8949897289276123,True
866,p0n962,53,0.0,0.5,3744.0,12.0,B-3,58,1,0,0.98394775390625,True,0.8487522602081299,True,0.4414007365703583,False
867,p0n961,53,0.0,0.5,3744.0,12.0,F3,53,1,0,0.4631976783275604,False,0.4197387397289276,False,0.34977424144744873,False
868,p0n964,53,0.0,1.0,3744.0,24.0,F2,41,2,0,0.764103353023529,True,0.5466169714927673,True,0.5535851120948792,True
869,p0n967,53,0.5,0.5,3756.0,12.0,C4,60,1,0,0.7109792232513428,True,0.5305279493331909,True,0.4571053981781006,False
870,p0n966,53,0.5,0.5,3756.0,12.0,B-3,58,1,0,0.9064944386482239,True,0.20508162677288055,False,0.2905821204185486,False
871,p0n965,53,0.5,0.5,3756.0,12.0,F3,53,1,0,0.2715149521827698,False,0.1717967838048935,False,0.26867467164993286,False
872,p0n970,53,1.0,0.5,3768.0,12.0,C4,60,1,0,0.8148323893547058,True,0.8365528583526611,True,0.6633870005607605,True
873,p0n969,53,1.0,0.5,3768.0,12.0,A3,57,1,0,0.22433330118656158,False,0.17589154839515686,False,0.2705320119857788,False
874,p0n968,53,1.0,0.5,3768.0,12.0,F3,53,1,0,0.3670724332332611,False,0.35503116250038147,False,0.3145802319049835,False
875,p0n971,53,1.0,1.0,3768.0,24.0,F2,41,2,0,0.5545257329940796,True,0.3464546799659729,False,0.3545130491256714,False
876,p0n974,53,1.5,0.5,3780.0,12.0,C4,60,1,0,0.673975944519043,True,0.41196882724761963,False,0.3410867750644684,False
877,p0n973,53,1.5,0.5,3780.0,12.0,A3,57,1,0,0.32917219400405884,False,0.13389435410499573,False,0.26816171407699585,False
878,p0n972,53,1.5,0.5,3780.0,12.0,F3,53,1,0,0.1985803246498108,False,0.15510979294776917,False,0.2649914026260376,False
879,p0n977,53,2.0,0.5,3792.0,12.0,C4,60,1,0,0.7231865525245667,True,0.5431281924247742,True,0.44655486941337585,False
880,p0n976,53,2.0,0.5,3792.0,12.0,A3,57,1,0,0.3014433681964874,False,0.15058664977550507,False,0.26082462072372437,False
881,p0n975,53,2.0,0.5,3792.0,12.0,E-3,51,1,0,0.968805193901062,True,0.1666642427444458,False,0.2565571665763855,False
882,p0n978,53,2.0,1.0,3792.0,24.0,F2,41,2,0,0.6970335841178894,True,0.18796877562999725,False,0.30147963762283325,False
883,p0n981,53,2.5,0.5,3804.0,12.0,C4,60,1,0,0.6688000559806824,True,0.36924076080322266,False,0.3381586968898773,False
884,p0n980,53,2.5,0.5,3804.0,12.0,A3,57,1,0,0.29335319995880127,False,0.1283358335494995,False,0.2669042944908142,False
885,p0n979,53,2.5,0.5,3804.0,12.0,E-3,51,1,0,0.9301654696464539,True,0.09750273823738098,False,0.25605204701423645,False
886,p0n982,54,0.0,1.0,3816.0,24.0,B-4,70,1,0,0.9291620850563049,True,0.8973492980003357,True,0.6295439004898071,True
887,p0n984,54,0.0,0.5,3816.0,12.0,B-3,58,1,0,0.8539665341377258,True,0.8391340970993042,True,0.4831424355506897,False
888,p0n983,54,0.0,0.5,3816.0,12.0,D3,50,1,0,0.8662194013595581,True,0.8460292220115662,True,0.40414974093437195,False
889,p0n985,54,0.0,1.0,3816.0,24.0,B-2,46,2,0,0.9562750458717346,True,0.41470062732696533,False,0.3413955569267273,False
890,p0n988,54,0.5,1.0,3828.0,24.0,B-4,70,1,0,0.7474006414413452,True,0.29053542017936707,False,0.28140053153038025,False
891,p0n987,54,0.5,1.0,3828.0,24.0,F4,65,1,0,0.34298810362815857,False,0.16353188455104828,False,0.2691356837749481,False
892,p0n986,54,0.5,1.0,3828.0,24.0,D4,62,1,0,0.5350480079650879,True,0.556371808052063,True,0.2892552614212036,False
893,p0n991,54,1.0,1.0,3840.0,24.0,F3,53,2,0,0.35374096035957336,False,0.34647709131240845,False,0.31115227937698364,False
894,p0n990,54,1.0,1.0,3840.0,24.0,F2,41,2,0,0.540398895740509,True,0.26123276352882385,False,0.3433494567871094,False
895,p0n994,54,1.5,1.0,3852.0,24.0,D5,74,1,0,0.48281624913215637,False,0.23097145557403564,False,0.2942364811897278,False
896,p0n993,54,1.5,1.0,3852.0,24.0,B-4,70,1,0,0.5723220109939575,True,0.32642412185668945,False,0.2765417695045471,False
897,p0n992,54,1.5,1.0,3852.0,24.0,F4,65,1,0,0.1904473453760147,False,0.13559359312057495,False,0.26204195618629456,False
898,p0n997,54,2.0,1.0,3864.0,24.0,D3,50,2,0,0.9254363179206848,True,0.5098350048065186,True,0.3174179196357727,False
899,p0n996,54,2.0,1.0,3864.0,24.0,D2,38,2,0,0.8724101185798645,True,0.8813903331756592,True,0.7862876653671265,True
900,p0n1000,54,2.5,0.5,3876.0,12.0,F5,77,1,0,0.2479659914970398,False,0.16914337873458862,False,0.2694576680660248,False
901,p0n999,54,2.5,0.5,3876.0,12.0,D5,74,1,0,0.37464964389801025,False,0.21519318222999573,False,0.28806188702583313,False
902,p0n998,54,2.5,0.5,3876.0,12.0,B-4,70,1,0,0.7970837354660034,True,0.3983428180217743,False,0.3113693594932556,False
903,p0n1004,55,0.0,0.5,3888.0,12.0,B-5,82,1,0,0.8495234847068787,True,0.7055997848510742,True,0.5481849312782288,True
904,p0n1003,55,0.0,0.5,3888.0,12.0,F5,77,1,0,0.39539027214050293,False,0.28487735986709595,False,0.3054935038089752,False
905,p0n1002,55,0.0,0.5,3888.0,12.0,D5,74,1,0,0.5985254049301147,True,0.7460176348686218,True,0.4948582947254181,False
906,p0n1001,55,0.0,1.125,3888.0,27.0,B-3,58,1,0,0.8788170218467712,True,0.5692565441131592,True,0.3448548913002014,False
907,p0n1006,55,0.0,1.0,3888.0,24.0,B-2,46,2,0,0.9494728446006775,True,0.5549498200416565,True,0.4748087227344513,False
908,p0n1005,55,0.0,1.0,3888.0,24.0,B-1,34,2,0,0.9376630187034607,True,0.9031563997268677,True,0.7484110593795776,True
909,p0n1008,55,0.5,0.5,3900.0,12.0,D4,62,1,0,0.20959174633026123,False,0.16273415088653564,False,0.2742149531841278,False
910,p0n1007,55,0.5,0.5,3900.0,12.0,B-3,58,1,0,0.650726854801178,True,0.1763037145137787,False,0.2653389871120453,False
911,p0n1011,55,1.0,0.5,3912.0,12.0,D4,62,1,0,0.5501146912574768,True,0.6789011359214783,True,0.4153244197368622,False
912,p0n1010,55,1.0,0.5,3912.0,12.0,B-3,58,1,0,0.6018580794334412,True,0.4609188139438629,False,0.3166164457798004,False
913,p0n1013,55,1.125,0.125,3915.0,3.0,D4,62,1,0,0.48502644896507263,False,0.0910072848200798,False,0.2555308938026428,False
914,p0n1014,55,1.25,0.125,3918.0,3.0,F4,65,1,0,0.19013415277004242,False,0.16453778743743896,False,0.2581843435764313,False
915,p0n1015,55,1.375,0.125,3921.0,3.0,B-4,70,1,0,0.7766983509063721,True,0.11296439915895462,False,0.25809451937675476,False
916,p0n1016,55,1.5,0.125,3924.0,3.0,D4,62,1,0,0.27456220984458923,False,0.15125605463981628,False,0.27174657583236694,False
917,p0n1018,55,1.5,0.5,3924.0,12.0,D4,62,1,0,0.28661850094795227,False,0.17496751248836517,False,0.2773493528366089,False
918,p0n1017,55,1.5,0.5,3924.0,12.0,B-3,58,1,0,0.6840259432792664,True,0.19736209511756897,False,0.26533907651901245,False
919,p0n1019,55,1.625,0.125,3927.0,3.0,F4,65,1,0,0.32325097918510437,False,0.10590958595275879,False,0.2511350214481354,False
920,p0n1020,55,1.75,0.125,3930.0,3.0,B-4,70,1,0,0.49102556705474854,False,0.1831808239221573,False,0.2663995325565338,False
921,p0n1021,55,1.875,0.125,3933.0,3.0,D5,74,1,0,0.6555454134941101,True,0.14188869297504425,False,0.25921210646629333,False
922,p0n1022,55,2.0,0.125,3936.0,3.0,B-4,70,1,0,0.49775266647338867,False,0.2815975844860077,False,0.29413363337516785,False
923,p0n1024,55,2.0,0.5,3936.0,12.0,D4,62,1,0,0.4528004229068756,False,0.21047501266002655,False,0.27679601311683655,False
924,p0n1023,55,2.0,0.5,3936.0,12.0,B-3,58,1,0,0.7777523398399353,True,0.3032616674900055,False,0.2857120633125305,False
925,p0n1026,55,2.125,0.125,3939.0,3.0,C5,72,1,0,0.8369316458702087,True,0.09852983057498932,False,0.2553362548351288,False
926,p0n1027,55,2.25,0.125,3942.0,3.0,D5,74,1,0,0.31169530749320984,False,0.18392294645309448,False,0.27061498165130615,False
927,p0n1028,55,2.375,0.125,3945.0,3.0,E-5,75,1,0,0.5460091829299927,True,0.14965352416038513,False,0.25509196519851685,False
928,p0n1029,55,2.5,0.125,3948.0,3.0,F5,77,1,0,0.19534149765968323,False,0.13188131153583527,False,0.26186996698379517,False
929,p0n1031,55,2.5,0.5,3948.0,12.0,D4,62,1,0,0.584250807762146,True,0.29050391912460327,False,0.2824042737483978,False
930,p0n1030,55,2.5,0.5,3948.0,12.0,B-3,58,1,0,0.7622919082641602,True,0.1145458072423935,False,0.25606176257133484,False
931,p0n1032,55,2.625,0.125,3951.0,3.0,G5,79,1,0,0.7072144150733948,True,0.19119267165660858,False,0.25206324458122253,False
932,p0n1033,55,2.75,0.125,3954.0,3.0,A5,81,1,0,0.07415809482336044,False,0.09268803894519806,False,0.252909392118454,False
933,p0n1034,55,2.875,0.125,3957.0,3.0,B-5,82,1,0,0.9130603075027466,True,0.09511757642030716,False,0.26056772470474243,False
934,p0n1035,56,0.0,1.0,3960.0,24.0,A5,81,1,0,0.20866602659225464,False,0.14995159208774567,False,0.27430272102355957,False
935,p0n1038,56,0.0,0.5,3960.0,12.0,E-4,63,1,0,0.9250544309616089,True,0.708092987537384,True,0.43045759201049805,False
936,p0n1037,56,0.0,0.5,3960.0,12.0,C4,60,1,0,0.2257290482521057,False,0.20838777720928192,False,0.28150463104248047,False
937,p0n1040,56,0.0,1.0,3960.0,24.0,B-3,58,2,0,0.9147768616676331,True,0.7266145348548889,True,0.4577561318874359,False
938,p0n1036,56,0.0,0.5,3960.0,12.0,A3,57,1,0,0.3771531879901886,False,0.18211129307746887,False,0.2813989222049713,False
939,p0n1039,56,0.0,1.0,3960.0,24.0,B-2,46,2,0,0.954014241695404,True,0.5719078183174133,True,0.44154760241508484,False
940,p0n1043,56,0.5,1.0,3972.0,24.0,A4,69,1,0,0.10566940158605576,False,0.09584499150514603,False,0.26138943433761597,False
941,p0n1042,56,0.5,1.0,3972.0,24.0,E-4,63,1,0,0.9318770170211792,True,0.2583843767642975,False,0.2796798050403595,False
942,p0n1041,56,0.5,1.0,3972.0,24.0,C4,60,1,0,0.10861808061599731,False,0.1129004955291748,False,0.25989946722984314,False
943,p0n1046,56,1.0,1.0,3984.0,24.0,B-2,46,2,0,0.9107437133789062,True,0.6308358311653137,True,0.48048174381256104,False
944,p0n1045,56,1.0,1.0,3984.0,24.0,B-1,34,2,0,0.7509983777999878,True,0.5178089141845703,True,0.4898436665534973,False
945,p0n1049,56,1.5,1.0,3996.0,24.0,C5,72,1,0,0.4911958873271942,False,0.2025701403617859,False,0.27965015172958374,False
946,p0n1048,56,1.5,1.0,3996.0,24.0,A4,69,1,0,0.09610474854707718,False,0.09446727484464645,False,0.2610395550727844,False
947,p0n1047,56,1.5,1.0,3996.0,24.0,E-4,63,1,0,0.8868561387062073,True,0.23339681327342987,False,0.27593284845352173,False
948,p0n1052,56,2.0,1.0,4008.0,24.0,B-3,58,2,0,0.7161482572555542,True,0.2686633765697479,False,0.2825155258178711,False
949,p0n1051,56,2.0,1.0,4008.0,24.0,B-2,46,2,0,0.9600275158882141,True,0.3153928220272064,False,0.3171601891517639,False
950,p0n1055,56,2.5,0.5,4020.0,12.0,E-5,75,1,0,0.4781564176082611,False,0.2006542682647705,False,0.27685248851776123,False
951,p0n1054,56,2.5,0.5,4020.0,12.0,C5,72,1,0,0.45867830514907837,False,0.22699904441833496,False,0.28555259108543396,False
952,p0n1053,56,2.5,0.5,4020.0,12.0,A4,69,1,0,0.21491087973117828,False,0.11055141687393188,False,0.2633325159549713,False
953,p0n1059,57,0.0,0.5,4032.0,12.0,A5,81,1,0,0.45229607820510864,False,0.18267656862735748,False,0.282270222902298,False
954,p0n1058,57,0.0,0.5,4032.0,12.0,E-5,75,1,0,0.6160131692886353,True,0.2235291749238968,False,0.29301056265830994,False
955,p0n1057,57,0.0,0.5,4032.0,12.0,C5,72,1,0,0.4082350432872772,False,0.31869691610336304,False,0.3175671398639679,False
956,p0n1056,57,0.0,1.125,4032.0,27.0,C4,60,1,0,0.6729963421821594,True,0.43122750520706177,False,0.39432698488235474,False
957,p0n1061,57,0.0,1.0,4032.0,24.0,B-2,46,2,0,0.9765974879264832,True,0.4238722026348114,False,0.3696020543575287,False
958,p0n1060,57,0.0,1.0,4032.0,24.0,B-1,34,2,0,0.8821762800216675,True,0.6880354881286621,True,0.5836901068687439,True
959,p0n1063,57,0.5,0.5,4044.0,12.0,E-4,63,1,0,0.5395941734313965,True,0.14781753718852997,False,0.25880715250968933,False
960,p0n1062,57,0.5,0.5,4044.0,12.0,A3,57,1,0,0.1959221214056015,False,0.11532656848430634,False,0.26424235105514526,False
961,p0n1066,57,1.0,0.5,4056.0,12.0,E-4,63,1,0,0.711237907409668,True,0.4790887236595154,False,0.35468804836273193,False
962,p0n1065,57,1.0,0.5,4056.0,12.0,A3,57,1,0,0.20581471920013428,False,0.16955535113811493,False,0.2680952548980713,False
963,p0n1068,57,1.125,0.125,4059.0,3.0,E-4,63,1,0,0.7212573885917664,True,0.09975750744342804,False,0.242545023560524,False
964,p0n1069,57,1.25,0.125,4062.0,3.0,F4,65,1,0,0.3621194660663605,False,0.23595675826072693,False,0.2752399742603302,False
965,p0n1070,57,1.375,0.125,4065.0,3.0,A4,69,1,0,0.3100239932537079,False,0.07223182916641235,False,0.25297507643699646,False
966,p0n1071,57,1.5,0.125,4068.0,3.0,E-4,63,1,0,0.7601243853569031,True,0.29943159222602844,False,0.2930007874965668,False
967,p0n1073,57,1.5,0.5,4068.0,12.0,E-4,63,1,0,0.6690784692764282,True,0.2607429325580597,False,0.28792712092399597,False
968,p0n1072,57,1.5,0.5,4068.0,12.0,A3,57,1,0,0.26245152950286865,False,0.11625080555677414,False,0.2637594938278198,False
969,p0n1074,57,1.625,0.125,4071.0,3.0,F4,65,1,0,0.33631789684295654,False,0.12518297135829926,False,0.2541297674179077,False
970,p0n1075,57,1.75,0.125,4074.0,3.0,A4,69,1,0,0.16307169198989868,False,0.0966276153922081,False,0.25322896242141724,False
971,p0n1076,57,1.875,0.125,4077.0,3.0,C5,72,1,0,0.3693540096282959,False,0.12417373061180115,False,0.256282776594162,False
972,p0n1077,57,2.0,0.125,4080.0,3.0,A4,69,1,0,0.1642407923936844,False,0.10481718182563782,False,0.25369754433631897,False
973,p0n1079,57,2.0,0.5,4080.0,12.0,E-4,63,1,0,0.5170303583145142,True,0.2718966007232666,False,0.26201796531677246,False
974,p0n1078,57,2.0,0.5,4080.0,12.0,A3,57,1,0,0.28118646144866943,False,0.14142920076847076,False,0.25825878977775574,False
975,p0n1081,57,2.125,0.125,4083.0,3.0,B-4,70,1,0,0.9605633020401001,True,0.06044650822877884,False,0.24546921253204346,False
976,p0n1082,57,2.25,0.125,4086.0,3.0,C5,72,1,0,0.05039987340569496,False,0.10148943960666656,False,0.2500498294830322,False
977,p0n1083,57,2.375,0.125,4089.0,3.0,D5,74,1,0,0.46836164593696594,False,0.08554189652204514,False,0.2546237111091614,False
978,p0n1084,57,2.5,0.125,4092.0,3.0,E-5,75,1,0,0.6872542500495911,True,0.21544238924980164,False,0.2670272886753082,False
979,p0n1086,57,2.5,0.5,4092.0,12.0,E-4,63,1,0,0.38489478826522827,False,0.17255336046218872,False,0.2678282856941223,False
980,p0n1085,57,2.5,0.5,4092.0,12.0,A3,57,1,0,0.37831637263298035,False,0.12462188303470612,False,0.2660842835903168,False
981,p0n1087,57,2.625,0.125,4095.0,3.0,F5,77,1,0,0.19667989015579224,False,0.11679607629776001,False,0.25287604331970215,False
982,p0n1088,57,2.75,0.125,4098.0,3.0,G5,79,1,0,0.058099884539842606,False,0.0909644290804863,False,0.2430296540260315,False
983,p0n1089,57,2.875,0.125,4101.0,3.0,A5,81,1,0,0.9464916586875916,True,0.11468350142240524,False,0.2572975158691406,False
984,p0n1090,58,0.0,1.0,4104.0,24.0,A-5,80,1,0,0.3863511383533478,False,0.22582951188087463,False,0.29025793075561523,False
985,p0n1093,58,0.0,0.5,4104.0,12.0,D4,62,1,0,0.5236766934394836,True,0.8177666664123535,True,0.5566754341125488,True
986,p0n1095,58,0.0,1.0,4104.0,24.0,B-3,58,2,0,0.9286717176437378,True,0.4124244749546051,False,0.36877039074897766,False
987,p0n1092,58,0.0,0.5,4104.0,12.0,A-3,56,1,0,0.49477067589759827,False,0.3929234743118286,False,0.3424045145511627,False
988,p0n1091,58,0.0,0.5,4104.0,12.0,F3,53,1,0,0.21953997015953064,False,0.23473110795021057,False,0.28568583726882935,False
989,p0n1094,58,0.0,1.0,4104.0,24.0,B-2,46,2,0,0.9567691087722778,True,0.4541330635547638,False,0.36781108379364014,False
990,p0n1098,58,0.5,1.0,4116.0,24.0,A-4,68,1,0,0.7145463824272156,True,0.7053729891777039,True,0.37163349986076355,False
991,p0n1097,58,0.5,1.0,4116.0,24.0,F4,65,1,0,0.668906033039093,True,0.08127470314502716,False,0.2584276497364044,False
992,p0n1096,58,0.5,1.0,4116.0,24.0,D4,62,1,0,0.3214013874530792,False,0.16117914021015167,False,0.2743130624294281,False
993,p0n1101,58,1.0,1.0,4128.0,24.0,F3,53,2,0,0.08148705959320068,False,0.16833458840847015,False,0.26158949732780457,False
994,p0n1100,58,1.0,1.0,4128.0,24.0,F2,41,2,0,0.40931588411331177,False,0.4431459903717041,False,0.3536742925643921,False
995,p0n1104,58,1.5,1.0,4140.0,24.0,D5,74,1,0,0.6760144233703613,True,0.3437049090862274,False,0.2793380916118622,False
996,p0n1103,58,1.5,1.0,4140.0,24.0,A-4,68,1,0,0.6132675409317017,True,0.43491172790527344,False,0.3141576051712036,False
997,p0n1102,58,1.5,1.0,4140.0,24.0,F4,65,1,0,0.5601081848144531,True,0.09314887970685959,False,0.25746986269950867,False
998,p0n1107,58,2.0,1.0,4152.0,24.0,D3,50,2,0,0.8364013433456421,True,0.38602516055107117,False,0.3269254267215729,False
999,p0n1106,58,2.0,1.0,4152.0,24.0,D2,38,2,0,0.8589518666267395,True,0.684493899345398,True,0.438625305891037,False
1000,p0n1110,58,2.5,0.5,4164.0,12.0,F5,77,1,0,0.339618444442749,False,0.2045252025127411,False,0.2796907126903534,False
1001,p0n1109,58,2.5,0.5,4164.0,12.0,D5,74,1,0,0.6047003865242004,True,0.24703887104988098,False,0.27144256234169006,False
1002,p0n1108,58,2.5,0.5,4164.0,12.0,A-4,68,1,0,0.5327261090278625,True,0.445599228143692,False,0.31578654050827026,False
1003,p0n1111,59,0.0,1.25,4176.0,30.0,A-5,80,1,0,0.9391656517982483,True,0.4351953864097595,False,0.3269335627555847,False
1004,p0n1114,59,0.0,1.0,4176.0,24.0,A-5,80,1,0,0.8815130591392517,True,0.5228129625320435,True,0.4618392586708069,False
1005,p0n1113,59,0.0,1.0,4176.0,24.0,F5,77,1,0,0.7353324890136719,True,0.7439690828323364,True,0.5865755081176758,True
1006,p0n1112,59,0.0,1.0,4176.0,24.0,D5,74,1,0,0.9174731969833374,True,0.6688146591186523,True,0.5030304193496704,True
1007,p0n1116,59,0.0,1.0,4176.0,24.0,B-2,46,2,0,0.9798761606216431,True,0.7301113605499268,True,0.650736927986145,True
1008,p0n1115,59,0.0,1.0,4176.0,24.0,B-1,34,2,0,0.9773518443107605,True,0.8209506273269653,True,0.6636224389076233,True
1009,p0n1120,59,1.25,0.25,4206.0,6.0,G5,79,1,0,0.17834138870239258,False,0.09839873760938644,False,0.2438686043024063,False
1010,p0n1121,59,1.5,0.25,4212.0,6.0,B-5,82,1,0,0.571690559387207,True,0.31514081358909607,False,0.26795223355293274,False
1011,p0n1122,59,1.75,0.25,4218.0,6.0,A-5,80,1,0,0.5071157217025757,True,0.18951547145843506,False,0.25530126690864563,False
1012,p0n1123,59,2.0,0.25,4224.0,6.0,G5,79,1,0,0.43597424030303955,False,0.1337571144104004,False,0.2486400455236435,False
1013,p0n1126,59,2.25,0.25,4230.0,6.0,F5,77,1,0,0.3137374222278595,False,0.14488287270069122,False,0.2557200491428375,False
1014,p0n1127,59,2.5,0.25,4236.0,6.0,E-5,75,1,0,0.25526463985443115,False,0.11190659552812576,False,0.2573928236961365,False
1015,p0n1128,59,2.75,0.25,4242.0,6.0,D5,74,1,0,0.840198814868927,True,0.28554418683052063,False,0.2705497145652771,False
1016,p0n1129,60,0.0,0.25,4248.0,6.0,F5,77,1,0,0.15018843114376068,False,0.18151605129241943,False,0.2739257514476776,False
1017,p0n1131,60,0.25,0.25,4254.0,6.0,E5,76,1,0,0.13553006947040558,False,0.08895082026720047,False,0.24648980796337128,False
1018,p0n1132,60,0.5,0.25,4260.0,6.0,G5,79,1,0,0.7874721884727478,True,0.23766794800758362,False,0.26274898648262024,False
1019,p0n1133,60,0.75,0.25,4266.0,6.0,F5,77,1,0,0.20889000594615936,False,0.12258514016866684,False,0.25080442428588867,False
1020,p0n1134,60,1.0,0.25,4272.0,6.0,E-5,75,1,0,0.41347837448120117,False,0.2351364642381668,False,0.2797847390174866,False
1021,p0n1135,60,1.25,0.25,4278.0,6.0,D5,74,1,0,0.26299890875816345,False,0.1371443271636963,False,0.25997063517570496,False
1022,p0n1136,60,1.5,0.25,4284.0,6.0,C5,72,1,0,0.05587759241461754,False,0.10883629322052002,False,0.2593924403190613,False
1023,p0n1137,60,1.75,0.25,4290.0,6.0,B-4,70,1,0,0.8958041071891785,True,0.7543409466743469,True,0.6145862340927124,True
1024,p0n1138,60,2.0,0.25,4296.0,6.0,A4,69,1,0,0.8005567789077759,True,0.5326112508773804,True,0.365640252828598,False
1025,p0n1139,60,2.25,0.25,4302.0,6.0,B-4,70,1,0,0.7643040418624878,True,0.713689923286438,True,0.5308168530464172,True
1026,p0n1140,60,2.5,0.25,4308.0,6.0,C5,72,1,0,0.05063484236598015,False,0.10838263481855392,False,0.2592800557613373,False
1027,p0n1141,60,2.75,0.25,4314.0,6.0,B-4,70,1,0,0.6242535710334778,True,0.5572471022605896,True,0.6587054133415222,True
1028,p0n1142,61,0.0,1.0,4320.0,24.0,B-4,70,1,0,0.9299796223640442,True,0.9513174891471863,True,0.8620443344116211,True
1029,p0n1144,61,0.0,0.5,4320.0,12.0,G4,67,1,0,0.8059479594230652,True,0.9444536566734314,True,0.6737489700317383,True
1030,p0n1143,61,0.0,0.5,4320.0,12.0,E-4,63,1,0,0.8341154456138611,True,0.916907787322998,True,0.6444876790046692,True
1031,p0n1145,61,0.0,3.0,4320.0,72.0,E-3,51,2,0,0.9662798643112183,True,0.41629308462142944,False,0.375899076461792,False
1032,p0n1146,61,0.5,0.5,4332.0,12.0,B-3,58,1,0,0.9706850647926331,True,0.1902606338262558,False,0.2767133116722107,False
1033,p0n1147,61,1.0,1.5,4344.0,36.0,E-5,75,1,0,0.4252636432647705,False,0.31602349877357483,False,0.30553725361824036,False
1034,p0n1149,61,1.0,0.5,4344.0,12.0,G4,67,1,0,0.6392186284065247,True,0.5467246770858765,True,0.3532705307006836,False
1035,p0n1148,61,1.0,0.5,4344.0,12.0,E-4,63,1,0,0.6580033302307129,True,0.6952809691429138,True,0.4688829183578491,False
1036,p0n1150,61,1.5,0.5,4356.0,12.0,B-3,58,1,0,0.9708079695701599,True,0.1915847808122635,False,0.27469387650489807,False
1037,p0n1152,61,2.0,0.5,4368.0,12.0,G4,67,1,0,0.5811713933944702,True,0.48735925555229187,False,0.25612372159957886,False
1038,p0n1151,61,2.0,0.5,4368.0,12.0,E-4,63,1,0,0.71238112449646,True,0.5727089047431946,True,0.3818696141242981,False
1039,p0n1153,61,2.5,0.5,4380.0,12.0,G5,79,1,0,0.5529080629348755,True,0.22170065343379974,False,0.2730187177658081,False
1040,p0n1154,61,2.5,0.5,4380.0,12.0,B-3,58,1,0,0.9690505266189575,True,0.21096466481685638,False,0.28101909160614014,False
1041,p0n1155,62,0.0,0.5,4392.0,12.0,G5,79,1,0,0.5751895308494568,True,0.45497727394104004,False,0.31712716817855835,False
1042,p0n1157,62,0.0,0.5,4392.0,12.0,A-4,68,1,0,0.11760219931602478,False,0.13872401416301727,False,0.2658705711364746,False
1043,p0n1156,62,0.0,0.5,4392.0,12.0,D4,62,1,0,0.572995662689209,True,0.8744434118270874,True,0.6832340359687805,True
1044,p0n1158,62,0.0,1.0,4392.0,24.0,B-2,46,2,0,0.9476048946380615,True,0.6858197450637817,True,0.6162508130073547,True
1045,p0n1159,62,0.5,0.5,4404.0,12.0,F5,77,1,0,0.5411192178726196,True,0.20325444638729095,False,0.26768428087234497,False
1046,p0n1160,62,0.5,0.5,4404.0,12.0,B-3,58,1,0,0.9707719087600708,True,0.2577982246875763,False,0.2858029901981354,False
1047,p0n1161,62,1.0,1.0,4416.0,24.0,E-5,75,1,0,0.5046467781066895,True,0.44815948605537415,False,0.3209295868873596,False
1048,p0n1163,62,1.0,0.5,4416.0,12.0,G4,67,1,0,0.6287200450897217,True,0.7306833863258362,True,0.3976728320121765,False
1049,p0n1162,62,1.0,0.5,4416.0,12.0,E-4,63,1,0,0.6881017684936523,True,0.6355253458023071,True,0.4408923387527466,False
1050,p0n1164,62,1.0,1.0,4416.0,24.0,E-3,51,2,0,0.9160802364349365,True,0.21200476586818695,False,0.2752995789051056,False
1051,p0n1165,62,1.5,0.5,4428.0,12.0,B-3,58,1,0,0.9776986241340637,True,0.1862795650959015,False,0.2710307240486145,False
1052,p0n1169,62,2.0,0.5,4440.0,12.0,G4,67,1,0,0.5663719773292542,True,0.3470645248889923,False,0.24624130129814148,False
1053,p0n1168,62,2.0,0.5,4440.0,12.0,E-4,63,1,0,0.3555741310119629,False,0.21122661232948303,False,0.26496022939682007,False
1054,p0n1170,62,2.5,0.5,4452.0,12.0,B-3,58,1,0,0.9836472868919373,True,0.2063562124967575,False,0.27167874574661255,False
1055,p0n1171,63,0.0,1.5,4464.0,36.0,B-4,70,1,0,0.7387178540229797,True,0.8728562593460083,True,0.739387571811676,True
1056,p0n1173,63,0.0,0.5,4464.0,12.0,G4,67,1,0,0.6867233514785767,True,0.6755152940750122,True,0.3655608296394348,False
1057,p0n1172,63,0.0,0.5,4464.0,12.0,E-4,63,1,0,0.7303057909011841,True,0.8808751702308655,True,0.5310270190238953,True
1058,p0n1174,63,0.0,3.0,4464.0,72.0,E-3,51,2,0,0.9504031538963318,True,0.5062256455421448,True,0.44567012786865234,False
1059,p0n1175,63,0.5,0.5,4476.0,12.0,B-3,58,1,0,0.9880347847938538,True,0.2651832103729248,False,0.28055325150489807,False
1060,p0n1177,63,1.0,0.5,4488.0,12.0,G4,67,1,0,0.6321695446968079,True,0.5256462097167969,True,0.25082871317863464,False
1061,p0n1176,63,1.0,0.5,4488.0,12.0,E-4,63,1,0,0.6732299327850342,True,0.7933362126350403,True,0.42743784189224243,False
1062,p0n1178,63,1.5,0.5,4500.0,12.0,E-5,75,1,0,0.37912246584892273,False,0.14598935842514038,False,0.26308420300483704,False
1063,p0n1179,63,1.5,0.5,4500.0,12.0,B-3,58,1,0,0.9871979355812073,True,0.36554649472236633,False,0.29167622327804565,False
1064,p0n1180,63,2.0,0.5,4512.0,12.0,G5,79,1,0,0.3336390256881714,False,0.15920016169548035,False,0.2523001730442047,False
1065,p0n1182,63,2.0,0.5,4512.0,12.0,G4,67,1,0,0.5070629715919495,True,0.42010945081710815,False,0.24119320511817932,False
1066,p0n1181,63,2.0,0.5,4512.0,12.0,E-4,63,1,0,0.6581306457519531,True,0.7131705284118652,True,0.47669652104377747,False
1067,p0n1183,63,2.5,0.5,4524.0,12.0,B-5,82,1,0,0.9349883794784546,True,0.7048565149307251,True,0.6469364762306213,True
1068,p0n1184,63,2.5,0.5,4524.0,12.0,B-3,58,1,0,0.9895616173744202,True,0.2770800292491913,False,0.29222217202186584,False
1069,p0n1185,64,0.0,0.5,4536.0,12.0,B-5,82,1,0,0.9230475425720215,True,0.8611761927604675,True,0.6447116136550903,True
1070,p0n1187,64,0.0,0.5,4536.0,12.0,F4,65,1,0,0.4681258201599121,False,0.4246508777141571,False,0.36549240350723267,False
1071,p0n1186,64,0.0,0.5,4536.0,12.0,D4,62,1,0,0.38081514835357666,False,0.24863415956497192,False,0.29915696382522583,False
1072,p0n1188,64,0.0,1.0,4536.0,24.0,B-2,46,2,0,0.9408417344093323,True,0.7635250091552734,True,0.6229147911071777,True
1073,p0n1189,64,0.5,0.5,4548.0,12.0,A-5,80,1,0,0.45181360840797424,False,0.20514193177223206,False,0.2826772630214691,False
1074,p0n1190,64,0.5,0.5,4548.0,12.0,B-3,58,1,0,0.9869873523712158,True,0.19509771466255188,False,0.26860496401786804,False
1075,p0n1191,64,1.0,1.0,4560.0,24.0,G5,79,1,0,0.3738979399204254,False,0.2260076403617859,False,0.27119889855384827,False
1076,p0n1193,64,1.0,0.5,4560.0,12.0,G4,67,1,0,0.4337582290172577,False,0.22527973353862762,False,0.2674146592617035,False
1077,p0n1192,64,1.0,0.5,4560.0,12.0,E-4,63,1,0,0.49634984135627747,False,0.40705838799476624,False,0.3324047029018402,False
1078,p0n1194,64,1.0,1.0,4560.0,24.0,E-3,51,2,0,0.9251191020011902,True,0.750754714012146,True,0.5478723049163818,True
1079,p0n1195,64,1.5,0.5,4572.0,12.0,B-3,58,1,0,0.9892553091049194,True,0.20105800032615662,False,0.2676118314266205,False
1080,p0n1199,64,2.0,0.5,4584.0,12.0,G4,67,1,0,0.39527255296707153,False,0.1435825526714325,False,0.2479957789182663,False
1081,p0n1198,64,2.0,0.5,4584.0,12.0,E-4,63,1,0,0.3166565001010895,False,0.18984219431877136,False,0.26010721921920776,False
1082,p0n1200,64,2.5,0.5,4596.0,12.0,B-3,58,1,0,0.995388388633728,True,0.2508334517478943,False,0.2696300148963928,False
1083,p0n1201,65,0.0,1.5,4608.0,36.0,F5,77,1,0,0.3616231679916382,False,0.3346988558769226,False,0.3263462781906128,False
1084,p0n1203,65,0.0,0.5,4608.0,12.0,F4,65,1,0,0.6359724998474121,True,0.4625200033187866,False,0.33472225069999695,False
1085,p0n1202,65,0.0,0.5,4608.0,12.0,D4,62,1,0,0.6478244066238403,True,0.8783327341079712,True,0.639101505279541,True
1086,p0n1204,65,0.0,3.0,4608.0,72.0,B-2,46,2,0,0.9636077284812927,True,0.830765962600708,True,0.7777620553970337,True
1087,p0n1205,65,0.5,0.5,4620.0,12.0,B-3,58,1,0,0.9933286905288696,True,0.24139629304409027,False,0.28693971037864685,False
1088,p0n1207,65,1.0,0.5,4632.0,12.0,F4,65,1,0,0.5263760089874268,True,0.19342021644115448,False,0.267599493265152,False
1089,p0n1206,65,1.0,0.5,4632.0,12.0,D4,62,1,0,0.5687882900238037,True,0.7473421692848206,True,0.5168012380599976,True
1090,p0n1208,65,1.5,0.5,4644.0,12.0,B-5,82,1,0,0.9158399701118469,True,0.5868165493011475,True,0.4698220491409302,False
1091,p0n1209,65,1.5,0.5,4644.0,12.0,B-3,58,1,0,0.9888962507247925,True,0.3063121736049652,False,0.2950722277164459,False
1092,p0n1210,65,2.0,0.5,4656.0,12.0,G5,79,1,0,0.2064325511455536,False,0.12057376652956009,False,0.24522764980793,False
1093,p0n1212,65,2.0,0.5,4656.0,12.0,G4,67,1,0,0.45255064964294434,False,0.12163938581943512,False,0.24374519288539886,False
1094,p0n1211,65,2.0,0.5,4656.0,12.0,E-4,63,1,0,0.21260134875774384,False,0.14879842102527618,False,0.25129425525665283,False
1095,p0n1213,65,2.5,0.5,4668.0,12.0,B-5,82,1,0,0.975404679775238,True,0.756022572517395,True,0.5407179594039917,True
1096,p0n1214,65,2.5,0.5,4668.0,12.0,B-3,58,1,0,0.9940764904022217,True,0.2358081191778183,False,0.27762290835380554,False
1097,p0n1215,66,0.0,1.5,4680.0,36.0,F5,77,1,0,0.28574439883232117,False,0.24829818308353424,False,0.2928130030632019,False
1098,p0n1217,66,0.0,0.5,4680.0,12.0,F4,65,1,0,0.41514158248901367,False,0.3270719647407532,False,0.3236560821533203,False
1099,p0n1216,66,0.0,0.5,4680.0,12.0,D4,62,1,0,0.3605380058288574,False,0.27657872438430786,False,0.30938079953193665,False
1100,p0n1218,66,0.0,2.0,4680.0,48.0,B-2,46,2,0,0.9000326991081238,True,0.6114222407341003,True,0.5981788039207458,True
1101,p0n1219,66,0.5,0.5,4692.0,12.0,B-3,58,1,0,0.993695080280304,True,0.22471795976161957,False,0.28402265906333923,False
1102,p0n1221,66,1.0,0.5,4704.0,12.0,F4,65,1,0,0.5814985036849976,True,0.19822660088539124,False,0.26491692662239075,False
1103,p0n1220,66,1.0,0.5,4704.0,12.0,D4,62,1,0,0.32613611221313477,False,0.22022786736488342,False,0.2813190519809723,False
1104,p0n1222,66,1.5,0.5,4716.0,12.0,B-5,82,1,0,0.9435346722602844,True,0.5507044196128845,True,0.47288110852241516,False
1105,p0n1223,66,1.5,0.5,4716.0,12.0,B-3,58,1,0,0.9886000156402588,True,0.14827464520931244,False,0.2673373520374298,False
1106,p0n1224,66,2.0,0.5,4728.0,12.0,C5,72,1,0,0.47613325715065,False,0.2714088559150696,False,0.2902788817882538,False
1107,p0n1226,66,2.0,0.5,4728.0,12.0,E-4,63,1,0,0.6135334968566895,True,0.27370935678482056,False,0.2775859534740448,False
1108,p0n1225,66,2.0,0.5,4728.0,12.0,C4,60,1,0,0.13165321946144104,False,0.13463638722896576,False,0.2531532049179077,False
1109,p0n1227,66,2.0,1.0,4728.0,24.0,E-3,51,2,0,0.775567889213562,True,0.1890811324119568,False,0.26505404710769653,False
1110,p0n1228,66,2.5,0.5,4740.0,12.0,G5,79,1,0,0.34139111638069153,False,0.1326979249715805,False,0.2572161853313446,False
1111,p0n1229,66,2.5,0.5,4740.0,12.0,G4,67,1,0,0.6620115637779236,True,0.3778277635574341,False,0.22039291262626648,False
1112,p0n1230,67,0.0,2.0,4752.0,48.0,B-4,70,1,0,0.899695098400116,True,0.8622946739196777,True,0.4015595614910126,False
1113,p0n1232,67,0.0,0.5,4752.0,12.0,D4,62,1,0,0.9135412573814392,True,0.9392366409301758,True,0.7801513075828552,True
1114,p0n1231,67,0.0,0.5,4752.0,12.0,B-3,58,1,0,0.8956087231636047,True,0.47499945759773254,False,0.38887184858322144,False
1115,p0n1233,67,0.0,1.0,4752.0,24.0,F3,53,2,0,0.5244787335395813,True,0.40199556946754456,False,0.3647024929523468,False
1116,p0n1234,67,0.5,0.5,4764.0,12.0,F4,65,1,0,0.7233902812004089,True,0.21901056170463562,False,0.27231964468955994,False
1117,p0n1236,67,1.0,0.5,4776.0,12.0,D4,62,1,0,0.8958338499069214,True,0.8478397727012634,True,0.6730603575706482,True
1118,p0n1235,67,1.0,0.5,4776.0,12.0,B-3,58,1,0,0.949353814125061,True,0.474753737449646,False,0.39040231704711914,False
1119,p0n1237,67,1.0,1.0,4776.0,24.0,F3,53,2,0,0.5220960974693298,True,0.29957860708236694,False,0.3025910258293152,False
1120,p0n1238,67,1.5,0.5,4788.0,12.0,F4,65,1,0,0.5869545936584473,True,0.2660336494445801,False,0.2643161416053772,False
1121,p0n1239,67,2.0,0.75,4800.0,18.0,C5,72,1,0,0.28062185645103455,False,0.15227897465229034,False,0.2570491433143616,False
1122,p0n1241,67,2.0,0.5,4800.0,12.0,E-4,63,1,0,0.6175073385238647,True,0.42341354489326477,False,0.29430216550827026,False
1123,p0n1240,67,2.0,0.5,4800.0,12.0,A3,57,1,0,0.7992682456970215,True,0.5551345944404602,True,0.3038550317287445,False
1124,p0n1242,67,2.0,1.0,4800.0,24.0,F3,53,2,0,0.25478634238243103,False,0.19888079166412354,False,0.26343441009521484,False
1125,p0n1243,67,2.5,0.5,4812.0,12.0,F4,65,1,0,0.8434528112411499,True,0.4984564185142517,False,0.3184972405433655,False
1126,p0n1244,67,2.75,0.25,4818.0,6.0,B-4,70,1,0,0.5277708768844604,True,0.5959665775299072,True,0.3388917148113251,False
1127,p0n1245,68,0.0,1.0,4824.0,24.0,B-4,70,1,0,0.7744402289390564,True,0.8646659851074219,True,0.5726233720779419,True
1128,p0n1247,68,0.0,0.5,4824.0,12.0,D4,62,1,0,0.759335458278656,True,0.8410155773162842,True,0.6509692072868347,True
1129,p0n1246,68,0.0,0.5,4824.0,12.0,B-3,58,1,0,0.9480521082878113,True,0.6315337419509888,True,0.458576500415802,False
1130,p0n1248,68,0.0,1.0,4824.0,24.0,B-2,46,2,0,0.9640046954154968,True,0.644838273525238,True,0.4914124608039856,False
1131,p0n1250,68,0.5,0.5,4836.0,12.0,C5,72,1,0,0.5234152674674988,True,0.3129255771636963,False,0.28170621395111084,False
1132,p0n1249,68,0.5,0.5,4836.0,12.0,A-4,68,1,0,0.1147545576095581,False,0.09686605632305145,False,0.25692570209503174,False
1133,p0n1254,68,1.0,0.5,4848.0,12.0,B-4,70,1,0,0.637878954410553,True,0.7678937315940857,True,0.3889564275741577,False
1134,p0n1253,68,1.0,0.5,4848.0,12.0,G4,67,1,0,0.7197304964065552,True,0.62712562084198,True,0.27097657322883606,False
1135,p0n1256,68,1.5,0.5,4860.0,12.0,A-4,68,1,0,0.26846081018447876,False,0.11017713695764542,False,0.2593468427658081,False
1136,p0n1255,68,1.5,0.5,4860.0,12.0,F4,65,1,0,0.8076821565628052,True,0.32722213864326477,False,0.3058294653892517,False
1137,p0n1260,68,2.0,0.5,4872.0,12.0,G4,67,1,0,0.8378815650939941,True,0.3593817353248596,False,0.24763047695159912,False
1138,p0n1259,68,2.0,0.5,4872.0,12.0,E-4,63,1,0,0.6290048956871033,True,0.7257086038589478,True,0.654150128364563,True
1139,p0n1262,68,2.5,0.5,4884.0,12.0,F4,65,1,0,0.8063302636146545,True,0.47651830315589905,False,0.3403100073337555,False
1140,p0n1261,68,2.5,0.5,4884.0,12.0,D4,62,1,0,0.399073988199234,False,0.16342882812023163,False,0.2744583487510681,False
1141,p0n1263,69,0.0,1.5,4896.0,36.0,G5,79,1,0,0.3007182776927948,False,0.20531271398067474,False,0.2750048041343689,False
1142,p0n1265,69,0.0,0.5,4896.0,12.0,G4,67,1,0,0.706099808216095,True,0.6696605086326599,True,0.5657640099525452,True
1143,p0n1264,69,0.0,0.5,4896.0,12.0,E-4,63,1,0,0.9323111772537231,True,0.9910598397254944,True,0.8728005886077881,True
1144,p0n1267,69,0.0,3.0,4896.0,72.0,G3,55,2,0,0.9908652901649475,True,0.9270050525665283,True,0.8748785257339478,True
1145,p0n1266,69,0.0,3.0,4896.0,72.0,E-3,51,2,0,0.9320263266563416,True,0.35621577501296997,False,0.32727566361427307,False
1146,p0n1268,69,0.5,0.5,4908.0,12.0,B-3,58,1,0,0.6546524167060852,True,0.42453643679618835,False,0.3012486696243286,False
1147,p0n1270,69,1.0,0.5,4920.0,12.0,G4,67,1,0,0.6643897294998169,True,0.25927209854125977,False,0.2628155052661896,False
1148,p0n1269,69,1.0,0.5,4920.0,12.0,E-4,63,1,0,0.9307665228843689,True,0.9428527355194092,True,0.8281962275505066,True
1149,p0n1271,69,1.5,0.5,4932.0,12.0,F5,77,1,0,0.4437443017959595,False,0.21368423104286194,False,0.2832522690296173,False
1150,p0n1272,69,1.5,0.5,4932.0,12.0,B-3,58,1,0,0.48272085189819336,False,0.20706158876419067,False,0.2779920995235443,False
1151,p0n1273,69,2.0,0.5,4944.0,12.0,E-5,75,1,0,0.6803239583969116,True,0.6739841103553772,True,0.40061622858047485,False
1152,p0n1275,69,2.0,0.5,4944.0,12.0,G4,67,1,0,0.7799486517906189,True,0.32688474655151367,False,0.2617897093296051,False
1153,p0n1274,69,2.0,0.5,4944.0,12.0,E-4,63,1,0,0.6961696743965149,True,0.7706885933876038,True,0.7415519952774048,True
1154,p0n1276,69,2.5,0.5,4956.0,12.0,D5,74,1,0,0.7102486491203308,True,0.7042386531829834,True,0.4993579387664795,False
1155,p0n1277,69,2.5,0.5,4956.0,12.0,B-3,58,1,0,0.5857419371604919,True,0.45430052280426025,False,0.3136681020259857,False
1156,p0n1278,70,0.0,1.0,4968.0,24.0,C5,72,1,0,0.20723997056484222,False,0.2101670205593109,False,0.28273430466651917,False
1157,p0n1280,70,0.0,0.5,4968.0,12.0,E-4,63,1,0,0.8946363925933838,True,0.9790144562721252,True,0.855839729309082,True
1158,p0n1279,70,0.0,0.5,4968.0,12.0,C4,60,1,0,0.5237551927566528,True,0.7538092732429504,True,0.5487473011016846,True
1159,p0n1281,70,0.0,1.0,4968.0,24.0,A-3,56,2,0,0.6948114633560181,True,0.5856613516807556,True,0.5241773724555969,True
1160,p0n1283,70,0.5,1.0,4980.0,24.0,C5,72,1,0,0.08756565302610397,False,0.10850273072719574,False,0.2588050365447998,False
1161,p0n1282,70,0.5,1.0,4980.0,24.0,A-4,68,1,0,0.3395287096500397,False,0.1679278016090393,False,0.27099454402923584,False
1162,p0n1286,70,1.0,1.0,4992.0,24.0,D-4,61,2,0,0.4858376085758209,False,0.46098223328590393,False,0.37069210410118103,False
1163,p0n1285,70,1.0,1.0,4992.0,24.0,B-3,58,2,0,0.8082273602485657,True,0.7950995564460754,True,0.35513660311698914,False
1164,p0n1288,70,1.5,0.5,5004.0,12.0,B-4,70,1,0,0.9080549478530884,True,0.5609136819839478,True,0.5161303877830505,True
1165,p0n1287,70,1.5,0.5,5004.0,12.0,G4,67,1,0,0.7967064380645752,True,0.379096120595932,False,0.26577135920524597,False
1166,p0n1291,70,2.0,0.5,5016.0,12.0,A-4,68,1,0,0.6108025908470154,True,0.7496631145477295,True,0.43914204835891724,False
1167,p0n1290,70,2.0,0.5,5016.0,12.0,F4,65,1,0,0.4360460638999939,False,0.34113505482673645,False,0.31315848231315613,False
1168,p0n1292,70,2.0,0.5,5016.0,12.0,C4,60,2,0,0.29162266850471497,False,0.16986717283725739,False,0.26080432534217834,False
1169,p0n1294,70,2.5,0.5,5028.0,12.0,G4,67,1,0,0.7308712005615234,True,0.2717117667198181,False,0.26333218812942505,False
1170,p0n1293,70,2.5,0.5,5028.0,12.0,E4,64,1,0,0.5909727811813354,True,0.2871961295604706,False,0.3026215434074402,False
1171,p0n1295,70,2.5,0.5,5028.0,12.0,B-3,58,2,0,0.719679594039917,True,0.17530494928359985,False,0.2720026969909668,False
1172,p0n1296,71,0.0,1.5,5040.0,36.0,A-5,80,1,0,0.6140578985214233,True,0.7303979992866516,True,0.5634699463844299,True
1173,p0n1298,71,0.0,0.5,5040.0,12.0,A-4,68,1,0,0.5979557633399963,True,0.9075341820716858,True,0.619158148765564,True
1174,p0n1297,71,0.0,0.5,5040.0,12.0,F4,65,1,0,0.8663792610168457,True,0.9063235521316528,True,0.5852842926979065,True
1175,p0n1300,71,0.0,3.0,5040.0,72.0,A-3,56,2,0,0.8779903054237366,True,0.9097613096237183,True,0.8342223763465881,True
1176,p0n1299,71,0.0,3.0,5040.0,72.0,F3,53,2,0,0.7236596941947937,True,0.7179574966430664,True,0.5996891856193542,True
1177,p0n1301,71,0.5,0.5,5052.0,12.0,C4,60,1,0,0.1952039897441864,False,0.1454300880432129,False,0.2651427090167999,False
1178,p0n1303,71,1.0,0.5,5064.0,12.0,A-4,68,1,0,0.6192437410354614,True,0.8551228642463684,True,0.4266548752784729,False
1179,p0n1302,71,1.0,0.5,5064.0,12.0,F4,65,1,0,0.8515921235084534,True,0.6396622061729431,True,0.32557249069213867,False
1180,p0n1304,71,1.5,0.5,5076.0,12.0,G5,79,1,0,0.4555964171886444,False,0.1674022078514099,False,0.265363872051239,False
1181,p0n1305,71,1.5,0.5,5076.0,12.0,C4,60,1,0,0.1691374033689499,False,0.1344110518693924,False,0.26266342401504517,False
1182,p0n1306,71,2.0,0.5,5088.0,12.0,F5,77,1,0,0.7535479068756104,True,0.8450894355773926,True,0.4759851396083832,False
1183,p0n1308,71,2.0,0.5,5088.0,12.0,A-4,68,1,0,0.8731164932250977,True,0.7677523493766785,True,0.4394119083881378,False
1184,p0n1307,71,2.0,0.5,5088.0,12.0,F4,65,1,0,0.5092068314552307,True,0.2118189036846161,False,0.25943976640701294,False
1185,p0n1309,71,2.5,0.5,5100.0,12.0,E-5,75,1,0,0.49673202633857727,False,0.23063454031944275,False,0.28659874200820923,False
1186,p0n1310,71,2.5,0.5,5100.0,12.0,C4,60,1,0,0.2657264769077301,False,0.19176407158374786,False,0.2756093144416809,False
1187,p0n1311,72,0.0,1.0,5112.0,24.0,D5,74,1,0,0.36289721727371216,False,0.2858404517173767,False,0.314153254032135,False
1188,p0n1313,72,0.0,0.5,5112.0,12.0,F4,65,1,0,0.8728212118148804,True,0.9345857501029968,True,0.46120455861091614,False
1189,p0n1312,72,0.0,0.5,5112.0,12.0,D4,62,1,0,0.585020899772644,True,0.8111328482627869,True,0.6670774221420288,True
1190,p0n1314,72,0.0,1.0,5112.0,24.0,B-3,58,2,0,0.7774423360824585,True,0.633487343788147,True,0.4274652600288391,False
1191,p0n1316,72,0.5,1.0,5124.0,24.0,D5,74,1,0,0.11671336740255356,False,0.12517406046390533,False,0.26498109102249146,False
1192,p0n1315,72,0.5,1.0,5124.0,24.0,B-4,70,1,0,0.7342245578765869,True,0.8399324417114258,True,0.6180258989334106,True
1193,p0n1319,72,1.0,1.0,5136.0,24.0,E-4,63,2,0,0.749802827835083,True,0.9128566980361938,True,0.634232223033905,True
1194,p0n1318,72,1.0,1.0,5136.0,24.0,C4,60,2,0,0.35962003469467163,False,0.3066950738430023,False,0.3034818172454834,False
1195,p0n1321,72,1.5,0.5,5148.0,12.0,C5,72,1,0,0.619708240032196,True,0.12513254582881927,False,0.25662651658058167,False
1196,p0n1320,72,1.5,0.5,5148.0,12.0,A4,69,1,0,0.8364512324333191,True,0.30335548520088196,False,0.2961239516735077,False
1197,p0n1324,72,2.0,0.5,5160.0,12.0,B-4,70,1,0,0.8852505683898926,True,0.7656088471412659,True,0.556199848651886,True
1198,p0n1323,72,2.0,0.5,5160.0,12.0,G4,67,1,0,0.5074091553688049,True,0.39265626668930054,False,0.27770712971687317,False
1199,p0n1325,72,2.0,0.5,5160.0,12.0,D4,62,2,0,0.40513333678245544,False,0.21174082159996033,False,0.2735927402973175,False
1200,p0n1327,72,2.5,0.5,5172.0,12.0,A4,69,1,0,0.8058180809020996,True,0.43314042687416077,False,0.3264395594596863,False
1201,p0n1326,72,2.5,0.5,5172.0,12.0,F#4,66,1,0,0.4819726049900055,False,0.33565184473991394,False,0.3392985165119171,False
1202,p0n1328,72,2.5,0.5,5172.0,12.0,C4,60,2,0,0.5028564929962158,True,0.24795272946357727,False,0.26143404841423035,False
1203,p0n1329,73,0.0,1.5,5184.0,36.0,B-5,82,1,0,0.5398197770118713,True,0.8259523510932922,True,0.4763128161430359,False
1204,p0n1331,73,0.0,0.5,5184.0,12.0,D5,74,1,0,0.23061594367027283,False,0.23960398137569427,False,0.2945384979248047,False
1205,p0n1330,73,0.0,0.5,5184.0,12.0,G4,67,1,0,0.8997352719306946,True,0.6564034819602966,True,0.29398003220558167,False
1206,p0n1333,73,0.0,1.0,5184.0,24.0,B-3,58,2,0,0.8741344213485718,True,0.8496448397636414,True,0.748995840549469,True
1207,p0n1332,73,0.0,1.0,5184.0,24.0,G3,55,2,0,0.8724951148033142,True,0.47106772661209106,False,0.3452678620815277,False
1208,p0n1334,73,0.5,0.5,5196.0,12.0,D4,62,1,0,0.2743269205093384,False,0.158940851688385,False,0.27113720774650574,False
1209,p0n1335,73,1.0,0.5,5208.0,12.0,C4,60,1,0,0.23779180645942688,False,0.21570460498332977,False,0.2750498950481415,False
1210,p0n1336,73,1.0,1.0,5208.0,24.0,A-3,56,2,0,0.8686763644218445,True,0.8013484477996826,True,0.7571381330490112,True
1211,p0n1337,73,1.5,0.5,5220.0,12.0,A-5,80,1,0,0.3903670608997345,False,0.17368465662002563,False,0.2733982503414154,False
1212,p0n1338,73,1.5,0.5,5220.0,12.0,F4,65,1,0,0.8226487040519714,True,0.3810729682445526,False,0.3242416977882385,False
1213,p0n1339,73,2.0,0.5,5232.0,12.0,G5,79,1,0,0.3291020691394806,False,0.16795364022254944,False,0.25443440675735474,False
1214,p0n1340,73,2.0,0.5,5232.0,12.0,D4,62,1,0,0.28551018238067627,False,0.2148745059967041,False,0.27390801906585693,False
1215,p0n1341,73,2.0,1.0,5232.0,24.0,B-3,58,2,0,0.8237446546554565,True,0.5441490411758423,True,0.5675110816955566,True
1216,p0n1342,73,2.5,0.5,5244.0,12.0,F5,77,1,0,0.6606894135475159,True,0.3503414988517761,False,0.29931461811065674,False
1217,p0n1343,73,2.5,0.5,5244.0,12.0,A-4,68,1,0,0.5143124461174011,True,0.1704246699810028,False,0.27085497975349426,False
1218,p0n1344,74,0.0,1.0,5256.0,24.0,E-5,75,1,0,0.7483764290809631,True,0.7868494391441345,True,0.6219050884246826,True
1219,p0n1345,74,0.0,0.5,5256.0,12.0,G4,67,1,0,0.842108964920044,True,0.4495668411254883,False,0.2894867956638336,False
1220,p0n1346,74,0.0,1.0,5256.0,24.0,C4,60,2,0,0.19978633522987366,False,0.20718787610530853,False,0.2817249298095703,False
1221,p0n1347,74,0.5,0.5,5268.0,12.0,E-4,63,1,0,0.708358883857727,True,0.740038275718689,True,0.6818422675132751,True
1222,p0n1348,74,1.0,1.5,5280.0,36.0,A-5,80,1,0,0.37675926089286804,False,0.26625168323516846,False,0.29137906432151794,False
1223,p0n1350,74,1.0,0.5,5280.0,12.0,F4,65,1,0,0.6235544085502625,True,0.7946582436561584,True,0.4564644694328308,False
1224,p0n1349,74,1.0,0.5,5280.0,12.0,D4,62,1,0,0.5535504221916199,True,0.8708688020706177,True,0.7017561197280884,True
1225,p0n1351,74,1.0,2.0,5280.0,48.0,B-3,58,2,0,0.7453259229660034,True,0.8052317500114441,True,0.6166728138923645,True
1226,p0n1352,74,1.5,0.5,5292.0,12.0,B-4,70,1,0,0.5832990407943726,True,0.6178576350212097,True,0.3043369948863983,False
1227,p0n1353,74,2.0,0.5,5304.0,12.0,E-4,63,1,0,0.6593385934829712,True,0.6580981016159058,True,0.4700135886669159,False
1228,p0n1354,74,2.5,0.5,5316.0,12.0,G5,79,1,0,0.6364829540252686,True,0.17253348231315613,False,0.2623654007911682,False
1229,p0n1355,74,2.5,0.5,5316.0,12.0,B-4,70,1,0,0.3940099775791168,False,0.15448103845119476,False,0.26874688267707825,False
1230,p0n1356,75,0.0,0.25,5328.0,6.0,G5,79,1,0,0.7400989532470703,True,0.3058219850063324,False,0.28641530871391296,False
1231,p0n1358,75,0.0,0.5,5328.0,12.0,F4,65,1,0,0.7082476019859314,True,0.6094191074371338,True,0.45710012316703796,False
1232,p0n1357,75,0.0,0.5,5328.0,12.0,C4,60,1,0,0.4412630498409271,False,0.2148571014404297,False,0.284624308347702,False
1233,p0n1359,75,0.0,1.0,5328.0,24.0,A-3,56,2,0,0.7584429383277893,True,0.37291625142097473,False,0.3170340955257416,False
1234,p0n1360,75,0.25,0.25,5334.0,6.0,F5,77,1,0,0.6435914039611816,True,0.38756588101387024,False,0.32185792922973633,False
1235,p0n1361,75,0.5,0.25,5340.0,6.0,G5,79,1,0,0.722828209400177,True,0.20534838736057281,False,0.2646946609020233,False
1236,p0n1362,75,0.5,0.5,5340.0,12.0,A-4,68,1,0,0.4047624468803406,False,0.1647435873746872,False,0.2706616222858429,False
1237,p0n1363,75,0.75,0.25,5346.0,6.0,A-5,80,1,0,0.1624404788017273,False,0.10354294627904892,False,0.2490890920162201,False
1238,p0n1364,75,1.0,1.0,5352.0,24.0,E-5,75,1,0,0.9189518690109253,True,0.8628939390182495,True,0.5450059175491333,True
1239,p0n1366,75,1.0,0.5,5352.0,12.0,G4,67,1,0,0.8931816816329956,True,0.6551821827888489,True,0.36078140139579773,False
1240,p0n1365,75,1.0,0.5,5352.0,12.0,E-4,63,1,0,0.8884134888648987,True,0.8209536671638489,True,0.6195672750473022,True
1241,p0n1367,75,1.0,1.0,5352.0,24.0,B-3,58,2,0,0.8804724812507629,True,0.7425433993339539,True,0.5704144835472107,True
1242,p0n1368,75,1.5,0.5,5364.0,12.0,B-4,70,1,0,0.32469651103019714,False,0.1562018096446991,False,0.2689094841480255,False
1243,p0n1369,75,2.0,0.75,5376.0,18.0,F5,77,1,0,0.31657761335372925,False,0.1903582066297531,False,0.26510560512542725,False
1244,p0n1371,75,2.0,0.5,5376.0,12.0,D4,62,1,0,0.4635305106639862,False,0.23298045992851257,False,0.2829180657863617,False
1245,p0n1370,75,2.0,0.5,5376.0,12.0,B-3,58,1,0,0.8497763276100159,True,0.5306866765022278,True,0.41107553243637085,False
1246,p0n1372,75,2.0,1.0,5376.0,24.0,B-2,46,2,0,0.9515929818153381,True,0.7113196849822998,True,0.4548735022544861,False
1247,p0n1374,75,2.5,0.5,5388.0,12.0,F4,65,1,0,0.7654950022697449,True,0.40362057089805603,False,0.32644349336624146,False
1248,p0n1373,75,2.5,0.5,5388.0,12.0,A-3,56,1,0,0.8778376579284668,True,0.5320642590522766,True,0.5318576693534851,True
1249,p0n1375,75,2.75,0.25,5394.0,6.0,E-5,75,1,0,0.4326442778110504,False,0.21520927548408508,False,0.2692204713821411,False
1250,p0n1376,76,0.0,1.0,5400.0,24.0,E-5,75,1,0,0.7604606747627258,True,0.8727881908416748,True,0.5807992219924927,True
1251,p0n1378,76,0.0,0.5,5400.0,12.0,E-4,63,1,0,0.8799840211868286,True,0.8807468414306641,True,0.6895158290863037,True
1252,p0n1377,76,0.0,0.5,5400.0,12.0,G3,55,1,0,0.9363068342208862,True,0.5457918047904968,True,0.5076665878295898,True
1253,p0n1379,76,0.0,1.0,5400.0,24.0,E-3,51,2,0,0.9509987831115723,True,0.5682326555252075,True,0.3265264332294464,False
1254,p0n1381,76,0.5,0.5,5412.0,12.0,C5,72,1,0,0.4875459372997284,False,0.2939554452896118,False,0.30803021788597107,False
1255,p0n1380,76,0.5,0.5,5412.0,12.0,A-4,68,1,0,0.06770387291908264,False,0.08547019213438034,False,0.2548188865184784,False
1256,p0n1385,76,1.0,0.5,5424.0,12.0,B-4,70,1,0,0.5446813702583313,True,0.8940118551254272,True,0.5103800296783447,True
1257,p0n1384,76,1.0,0.5,5424.0,12.0,G4,67,1,0,0.745971143245697,True,0.43942025303840637,False,0.27816322445869446,False
1258,p0n1387,76,1.5,0.5,5436.0,12.0,A-4,68,1,0,0.1916542798280716,False,0.10000529140233994,False,0.25708356499671936,False
1259,p0n1386,76,1.5,0.5,5436.0,12.0,F4,65,1,0,0.8633387088775635,True,0.5215919017791748,True,0.39864879846572876,False
1260,p0n1391,76,2.0,0.5,5448.0,12.0,G4,67,1,0,0.8009864687919617,True,0.25748899579048157,False,0.23967446386814117,False
1261,p0n1390,76,2.0,0.5,5448.0,12.0,E-4,63,1,0,0.7827844619750977,True,0.8385642766952515,True,0.7500216364860535,True
1262,p0n1393,76,2.5,0.5,5460.0,12.0,F4,65,1,0,0.8168069124221802,True,0.4716213345527649,False,0.3729032576084137,False
1263,p0n1392,76,2.5,0.5,5460.0,12.0,D4,62,1,0,0.4512605667114258,False,0.19064292311668396,False,0.2811034619808197,False
1264,p0n1394,77,0.0,1.5,5472.0,36.0,G5,79,1,0,0.3345760405063629,False,0.20248158276081085,False,0.27363041043281555,False
1265,p0n1396,77,0.0,0.5,5472.0,12.0,G4,67,1,0,0.5895928740501404,True,0.47412529587745667,False,0.27682623267173767,False
1266,p0n1395,77,0.0,0.5,5472.0,12.0,E-4,63,1,0,0.9154446125030518,True,0.9811112284660339,True,0.8832285404205322,True
1267,p0n1398,77,0.0,3.0,5472.0,72.0,G3,55,2,0,0.9661183953285217,True,0.3192799687385559,False,0.337289959192276,False
1268,p0n1397,77,0.0,3.0,5472.0,72.0,E-3,51,2,0,0.9400115013122559,True,0.5276238322257996,True,0.31456536054611206,False
1269,p0n1399,77,0.5,0.5,5484.0,12.0,B-3,58,1,0,0.4713526666164398,False,0.2186756581068039,False,0.2818032205104828,False
1270,p0n1401,77,1.0,0.5,5496.0,12.0,G4,67,1,0,0.5343181490898132,True,0.23671682178974152,False,0.25526395440101624,False
1271,p0n1400,77,1.0,0.5,5496.0,12.0,E-4,63,1,0,0.9297875165939331,True,0.9437125325202942,True,0.830123245716095,True
1272,p0n1402,77,1.5,0.5,5508.0,12.0,F5,77,1,0,0.4683380126953125,False,0.2360236793756485,False,0.2902364432811737,False
1273,p0n1403,77,1.5,0.5,5508.0,12.0,B-3,58,1,0,0.3644237518310547,False,0.1689358800649643,False,0.26840659976005554,False
1274,p0n1404,77,2.0,0.5,5520.0,12.0,E-5,75,1,0,0.6774977445602417,True,0.5718225240707397,True,0.40471357107162476,False
1275,p0n1406,77,2.0,0.5,5520.0,12.0,G4,67,1,0,0.654658317565918,True,0.3171623945236206,False,0.25520792603492737,False
1276,p0n1405,77,2.0,0.5,5520.0,12.0,E-4,63,1,0,0.6131059527397156,True,0.7587212324142456,True,0.7586413621902466,True
1277,p0n1407,77,2.5,0.5,5532.0,12.0,D5,74,1,0,0.8354871273040771,True,0.8270202875137329,True,0.5612600445747375,True
1278,p0n1408,77,2.5,0.5,5532.0,12.0,B-3,58,1,0,0.4937094748020172,False,0.28508830070495605,False,0.30211538076400757,False
1279,p0n1409,78,0.0,1.0,5544.0,24.0,C5,72,1,0,0.20036078989505768,False,0.18974310159683228,False,0.27696165442466736,False
1280,p0n1411,78,0.0,0.5,5544.0,12.0,E-4,63,1,0,0.8839484453201294,True,0.9792413115501404,True,0.8878377676010132,True
1281,p0n1410,78,0.0,0.5,5544.0,12.0,C4,60,1,0,0.8109173774719238,True,0.939503014087677,True,0.7787795066833496,True
1282,p0n1412,78,0.0,1.0,5544.0,24.0,A-3,56,2,0,0.5808240175247192,True,0.577017068862915,True,0.6222804188728333,True
1283,p0n1414,78,0.5,1.0,5556.0,24.0,C5,72,1,0,0.10438570380210876,False,0.10924926400184631,False,0.25848865509033203,False
1284,p0n1413,78,0.5,1.0,5556.0,24.0,A-4,68,1,0,0.37642520666122437,False,0.17776714265346527,False,0.2726210355758667,False
1285,p0n1417,78,1.0,1.0,5568.0,24.0,D-4,61,2,0,0.3130435645580292,False,0.33255478739738464,False,0.3116346001625061,False
1286,p0n1416,78,1.0,1.0,5568.0,24.0,B-3,58,2,0,0.8269798159599304,True,0.9610660076141357,True,0.568123996257782,True
1287,p0n1419,78,1.5,0.5,5580.0,12.0,B-4,70,1,0,0.8924281597137451,True,0.4884345829486847,False,0.3558368980884552,False
1288,p0n1418,78,1.5,0.5,5580.0,12.0,G4,67,1,0,0.6562302112579346,True,0.29197993874549866,False,0.25295981764793396,False
1289,p0n1422,78,2.0,0.5,5592.0,12.0,A-4,68,1,0,0.6437336802482605,True,0.7925360202789307,True,0.5142104625701904,True
1290,p0n1421,78,2.0,0.5,5592.0,12.0,F4,65,1,0,0.45452240109443665,False,0.3415348529815674,False,0.3126579821109772,False
1291,p0n1423,78,2.0,0.5,5592.0,12.0,C4,60,2,0,0.38718482851982117,False,0.21335190534591675,False,0.2714550793170929,False
1292,p0n1425,78,2.5,0.5,5604.0,12.0,G4,67,1,0,0.6060999631881714,True,0.21483062207698822,False,0.2550993263721466,False
1293,p0n1424,78,2.5,0.5,5604.0,12.0,E4,64,1,0,0.7719829678535461,True,0.17442280054092407,False,0.2749047577381134,False
1294,p0n1426,78,2.5,0.5,5604.0,12.0,B-3,58,2,0,0.5538201928138733,True,0.4667131006717682,False,0.353372186422348,False
1295,p0n1427,79,0.0,1.5,5616.0,36.0,A-5,80,1,0,0.504348874092102,True,0.826761782169342,True,0.6353910565376282,True
1296,p0n1429,79,0.0,0.5,5616.0,12.0,A-4,68,1,0,0.7214577794075012,True,0.955897331237793,True,0.788849949836731,True
1297,p0n1428,79,0.0,0.5,5616.0,12.0,F4,65,1,0,0.876269519329071,True,0.8412846922874451,True,0.7429367303848267,True
1298,p0n1431,79,0.0,3.0,5616.0,72.0,A-3,56,2,0,0.8312907218933105,True,0.9539371132850647,True,0.8578197956085205,True
1299,p0n1430,79,0.0,3.0,5616.0,72.0,F3,53,2,0,0.8997921943664551,True,0.9257729053497314,True,0.7293474078178406,True
1300,p0n1432,79,0.5,0.5,5628.0,12.0,C4,60,1,0,0.27079886198043823,False,0.17880015075206757,False,0.2722241282463074,False
1301,p0n1434,79,1.0,0.5,5640.0,12.0,A-4,68,1,0,0.6673977971076965,True,0.9080040454864502,True,0.5044615268707275,True
1302,p0n1433,79,1.0,0.5,5640.0,12.0,F4,65,1,0,0.7979853749275208,True,0.5782380700111389,True,0.4476979672908783,False
1303,p0n1435,79,1.5,0.5,5652.0,12.0,G5,79,1,0,0.4972459673881531,False,0.14875797927379608,False,0.26085710525512695,False
1304,p0n1436,79,1.5,0.5,5652.0,12.0,C4,60,1,0,0.27948862314224243,False,0.17060154676437378,False,0.26977241039276123,False
1305,p0n1437,79,2.0,0.5,5664.0,12.0,F5,77,1,0,0.6672509908676147,True,0.6396164298057556,True,0.48383772373199463,False
1306,p0n1439,79,2.0,0.5,5664.0,12.0,A-4,68,1,0,0.897550642490387,True,0.7259994745254517,True,0.4850219488143921,False
1307,p0n1438,79,2.0,0.5,5664.0,12.0,F4,65,1,0,0.4614610970020294,False,0.2386499047279358,False,0.27426260709762573,False
1308,p0n1440,79,2.5,0.5,5676.0,12.0,E-5,75,1,0,0.4432283937931061,False,0.2541984021663666,False,0.29124128818511963,False
1309,p0n1441,79,2.5,0.5,5676.0,12.0,C4,60,1,0,0.40589267015457153,False,0.27795836329460144,False,0.30150192975997925,False
1310,p0n1442,80,0.0,1.0,5688.0,24.0,D5,74,1,0,0.4239669442176819,False,0.3287305533885956,False,0.3281840682029724,False
1311,p0n1444,80,0.0,0.5,5688.0,12.0,F4,65,1,0,0.8690826296806335,True,0.864508330821991,True,0.631625771522522,True
1312,p0n1443,80,0.0,0.5,5688.0,12.0,D4,62,1,0,0.7002937197685242,True,0.7832170128822327,True,0.6524057388305664,True
1313,p0n1445,80,0.0,1.0,5688.0,24.0,B-3,58,2,0,0.7391013503074646,True,0.6734066605567932,True,0.31354278326034546,False
1314,p0n1447,80,0.5,1.0,5700.0,24.0,D5,74,1,0,0.16506443917751312,False,0.13416430354118347,False,0.26602762937545776,False
1315,p0n1446,80,0.5,1.0,5700.0,24.0,B-4,70,1,0,0.6914428472518921,True,0.858376145362854,True,0.6382390260696411,True
1316,p0n1450,80,1.0,1.0,5712.0,24.0,E-4,63,2,0,0.8874040246009827,True,0.7507140040397644,True,0.7024373412132263,True
1317,p0n1449,80,1.0,1.0,5712.0,24.0,C4,60,2,0,0.506796658039093,True,0.4205866754055023,False,0.3257370591163635,False
1318,p0n1452,80,1.5,0.5,5724.0,12.0,C5,72,1,0,0.6927874684333801,True,0.2762383222579956,False,0.2729778289794922,False
1319,p0n1451,80,1.5,0.5,5724.0,12.0,A4,69,1,0,0.883086085319519,True,0.31950274109840393,False,0.30087196826934814,False
1320,p0n1455,80,2.0,0.5,5736.0,12.0,B-4,70,1,0,0.8454344868659973,True,0.9555355310440063,True,0.6026818156242371,True
1321,p0n1454,80,2.0,0.5,5736.0,12.0,G4,67,1,0,0.614300012588501,True,0.5831616520881653,True,0.4645712971687317,False
1322,p0n1456,80,2.0,0.5,5736.0,12.0,D4,62,2,0,0.6698157787322998,True,0.5639410018920898,True,0.45734044909477234,False
1323,p0n1458,80,2.5,0.5,5748.0,12.0,A4,69,1,0,0.7359252572059631,True,0.3832935690879822,False,0.3203982412815094,False
1324,p0n1457,80,2.5,0.5,5748.0,12.0,F#4,66,1,0,0.14788468182086945,False,0.15529502928256989,False,0.2757341265678406,False
1325,p0n1459,80,2.5,0.5,5748.0,12.0,C4,60,2,0,0.6926175355911255,True,0.5277436375617981,True,0.6040692329406738,True
1326,p0n1460,81,0.0,1.5,5760.0,36.0,B-5,82,1,0,0.848101019859314,True,0.8917728066444397,True,0.6780852675437927,True
1327,p0n1462,81,0.0,0.5,5760.0,12.0,D5,74,1,0,0.21164478361606598,False,0.24531789124011993,False,0.295471727848053,False
1328,p0n1461,81,0.0,0.5,5760.0,12.0,G4,67,1,0,0.9143354296684265,True,0.7519345283508301,True,0.5801067352294922,True
1329,p0n1464,81,0.0,1.0,5760.0,24.0,B-3,58,2,0,0.970395028591156,True,0.9470605850219727,True,0.7966399788856506,True
1330,p0n1463,81,0.0,1.0,5760.0,24.0,G3,55,2,0,0.37112170457839966,False,0.2630707025527954,False,0.2892419695854187,False
1331,p0n1465,81,0.5,0.5,5772.0,12.0,D4,62,1,0,0.23379001021385193,False,0.140874445438385,False,0.26675403118133545,False
1332,p0n1466,81,1.0,0.5,5784.0,12.0,C4,60,1,0,0.3414212167263031,False,0.28134530782699585,False,0.29407182335853577,False
1333,p0n1467,81,1.0,1.0,5784.0,24.0,A-3,56,2,0,0.927238404750824,True,0.9086453318595886,True,0.8528469204902649,True
1334,p0n1468,81,1.5,0.5,5796.0,12.0,A-5,80,1,0,0.625266969203949,True,0.21748396754264832,False,0.2822704613208771,False
1335,p0n1469,81,1.5,0.5,5796.0,12.0,F4,65,1,0,0.4908601641654968,False,0.24281276762485504,False,0.2911241352558136,False
1336,p0n1470,81,2.0,0.5,5808.0,12.0,G5,79,1,0,0.6148669123649597,True,0.5567145347595215,True,0.3552643060684204,False
1337,p0n1471,81,2.0,0.5,5808.0,12.0,D4,62,1,0,0.25723084807395935,False,0.19094738364219666,False,0.2672545611858368,False
1338,p0n1472,81,2.0,1.0,5808.0,24.0,B-3,58,2,0,0.9109327793121338,True,0.45817074179649353,False,0.2997031509876251,False
1339,p0n1473,81,2.5,0.5,5820.0,12.0,F5,77,1,0,0.6298919916152954,True,0.6066478490829468,True,0.4722357988357544,False
1340,p0n1474,81,2.5,0.5,5820.0,12.0,A-4,68,1,0,0.5142698884010315,True,0.17427240312099457,False,0.2554486393928528,False
1341,p0n1475,82,0.0,1.0,5832.0,24.0,E-5,75,1,0,0.2919463515281677,False,0.30737563967704773,False,0.30945825576782227,False
1342,p0n1476,82,0.0,0.5,5832.0,12.0,G4,67,1,0,0.8813759088516235,True,0.6446655988693237,True,0.6297048926353455,True
1343,p0n1477,82,0.0,1.0,5832.0,24.0,C4,60,2,0,0.2896575629711151,False,0.2623213827610016,False,0.2989252507686615,False
1344,p0n1478,82,0.5,0.5,5844.0,12.0,E-4,63,1,0,0.7818373441696167,True,0.8675770163536072,True,0.6953465342521667,True
1345,p0n1479,82,1.0,1.5,5856.0,36.0,A-5,80,1,0,0.6638010144233704,True,0.729751706123352,True,0.4664542078971863,False
1346,p0n1481,82,1.0,0.5,5856.0,12.0,F4,65,1,0,0.22355419397354126,False,0.26285243034362793,False,0.28542229533195496,False
1347,p0n1480,82,1.0,0.5,5856.0,12.0,D4,62,1,0,0.5078542828559875,True,0.5115480422973633,True,0.42069897055625916,False
1348,p0n1482,82,1.0,2.0,5856.0,48.0,B-3,58,2,0,0.852828860282898,True,0.9148901104927063,True,0.7467711567878723,True
1349,p0n1483,82,1.5,0.5,5868.0,12.0,B-4,70,1,0,0.8771337270736694,True,0.7087270021438599,True,0.6443488597869873,True
1350,p0n1484,82,2.0,0.5,5880.0,12.0,E-4,63,1,0,0.6830959320068359,True,0.7850201725959778,True,0.5995825529098511,True
1351,p0n1485,82,2.5,0.5,5892.0,12.0,G5,79,1,0,0.9058560132980347,True,0.2675062417984009,False,0.2761097848415375,False
1352,p0n1486,82,2.5,0.5,5892.0,12.0,B-4,70,1,0,0.8474466800689697,True,0.4462028443813324,False,0.36871862411499023,False
1353,p0n1487,83,0.0,0.25,5904.0,6.0,F5,77,1,0,0.8927950859069824,True,0.7967931628227234,True,0.6888689398765564,True
1354,p0n1489,83,0.0,0.5,5904.0,12.0,F4,65,1,0,0.40298429131507874,False,0.2794388234615326,False,0.30257725715637207,False
1355,p0n1488,83,0.0,0.5,5904.0,12.0,C4,60,1,0,0.3373367190361023,False,0.21519704163074493,False,0.2833283841609955,False
1356,p0n1490,83,0.0,1.0,5904.0,24.0,A-3,56,2,0,0.7979222536087036,True,0.4672439396381378,False,0.3697253465652466,False
1357,p0n1491,83,0.25,0.25,5910.0,6.0,C6,84,1,0,0.558526873588562,True,0.553595781326294,True,0.3993060290813446,False
1358,p0n1492,83,0.5,0.25,5916.0,6.0,A-5,80,1,0,0.41689202189445496,False,0.12031759321689606,False,0.26125192642211914,False
1359,p0n1493,83,0.5,0.5,5916.0,12.0,A-4,68,1,0,0.47445783019065857,False,0.17203591763973236,False,0.2722163498401642,False
1360,p0n1494,83,0.75,0.25,5922.0,6.0,F5,77,1,0,0.8289774060249329,True,0.19539257884025574,False,0.2620740830898285,False
1361,p0n1495,83,1.0,1.0,5928.0,24.0,E-5,75,1,0,0.8712077736854553,True,0.74375319480896,True,0.5767082571983337,True
1362,p0n1497,83,1.0,0.5,5928.0,12.0,G4,67,1,0,0.9733778238296509,True,0.7836344242095947,True,0.6156358122825623,True
1363,p0n1496,83,1.0,0.5,5928.0,12.0,E-4,63,1,0,0.9129335880279541,True,0.7041279673576355,True,0.5161417126655579,True
1364,p0n1498,83,1.0,1.0,5928.0,24.0,B-3,58,2,0,0.9473430514335632,True,0.7980754971504211,True,0.5707823038101196,True
1365,p0n1499,83,1.5,0.5,5940.0,12.0,B-4,70,1,0,0.4754912853240967,False,0.18337035179138184,False,0.2756723463535309,False
1366,p0n1500,83,2.0,0.75,5952.0,18.0,F5,77,1,0,0.4783628284931183,False,0.21788084506988525,False,0.2744632959365845,False
1367,p0n1502,83,2.0,0.5,5952.0,12.0,D4,62,1,0,0.36558908224105835,False,0.19373613595962524,False,0.2691347301006317,False
1368,p0n1501,83,2.0,0.5,5952.0,12.0,B-3,58,1,0,0.8924351930618286,True,0.5939918160438538,True,0.5728942155838013,True
1369,p0n1503,83,2.0,1.0,5952.0,24.0,B-2,46,2,0,0.9003264307975769,True,0.6670307517051697,True,0.5557518005371094,True
1370,p0n1505,83,2.5,0.5,5964.0,12.0,F4,65,1,0,0.7749381065368652,True,0.23823459446430206,False,0.2793740928173065,False
1371,p0n1504,83,2.5,0.5,5964.0,12.0,A-3,56,1,0,0.6205155253410339,True,0.49030524492263794,False,0.3655409514904022,False
1372,p0n1506,83,2.75,0.25,5970.0,6.0,E-5,75,1,0,0.4104076027870178,False,0.1916651874780655,False,0.26220643520355225,False
1373,p0n1507,84,0.0,1.0,5976.0,24.0,E-5,75,1,0,0.793566882610321,True,0.6716436743736267,True,0.42469629645347595,False
1374,p0n1509,84,0.0,0.5,5976.0,12.0,E-4,63,1,0,0.9160751104354858,True,0.8251782059669495,True,0.5422542691230774,True
1375,p0n1508,84,0.0,0.5,5976.0,12.0,G3,55,1,0,0.6588537693023682,True,0.46139469742774963,False,0.29384973645210266,False
1376,p0n1510,84,0.0,1.0,5976.0,24.0,E-3,51,2,0,0.9965957999229431,True,0.6537575721740723,True,0.49193906784057617,False
1377,p0n1512,84,0.5,0.5,5988.0,12.0,C5,72,1,0,0.49260157346725464,False,0.22102321684360504,False,0.28328177332878113,False
1378,p0n1511,84,0.5,0.5,5988.0,12.0,A-4,68,1,0,0.06430836021900177,False,0.08354950696229935,False,0.2540992200374603,False
1379,p0n1516,84,1.0,0.5,6000.0,12.0,B-4,70,1,0,0.6217135190963745,True,0.734879732131958,True,0.4042365252971649,False
1380,p0n1515,84,1.0,0.5,6000.0,12.0,G4,67,1,0,0.8267015218734741,True,0.5295121073722839,True,0.39431923627853394,False
1381,p0n1518,84,1.5,0.5,6012.0,12.0,A-4,68,1,0,0.05452132970094681,False,0.08257592469453812,False,0.25392821431159973,False
1382,p0n1517,84,1.5,0.5,6012.0,12.0,F4,65,1,0,0.8512247800827026,True,0.28432443737983704,False,0.2776365578174591,False
1383,p0n1522,84,2.0,0.5,6024.0,12.0,G4,67,1,0,0.539239764213562,True,0.16646148264408112,False,0.2558946907520294,False
1384,p0n1521,84,2.0,0.5,6024.0,12.0,E-4,63,1,0,0.9065508842468262,True,0.8211284279823303,True,0.5462597012519836,True
1385,p0n1524,84,2.5,0.5,6036.0,12.0,F4,65,1,0,0.6073185205459595,True,0.24228313565254211,False,0.2603003680706024,False
1386,p0n1523,84,2.5,0.5,6036.0,12.0,D4,62,1,0,0.68895423412323,True,0.3950641453266144,False,0.33938711881637573,False
1387,p0n1525,85,0.0,1.25,6048.0,30.0,B-5,82,1,0,0.7432067394256592,True,0.4690017104148865,False,0.39163416624069214,False
1388,p0n1526,85,0.0,2.0,6048.0,48.0,D4,62,2,0,0.6613909602165222,True,0.40377312898635864,False,0.33790263533592224,False
1389,p0n1530,85,0.5,0.5,6060.0,12.0,B-4,70,1,0,0.6760329604148865,True,0.5197000503540039,True,0.3266479969024658,False
1390,p0n1529,85,0.5,0.5,6060.0,12.0,A-4,68,1,0,0.10912137478590012,False,0.09398053586483002,False,0.2555176317691803,False
1391,p0n1528,85,0.5,0.5,6060.0,12.0,F4,65,1,0,0.8717194199562073,True,0.3249043822288513,False,0.30589717626571655,False
1392,p0n1534,85,1.0,0.5,6072.0,12.0,B-4,70,1,0,0.7419463992118835,True,0.7981403470039368,True,0.4567747414112091,False
1393,p0n1533,85,1.0,0.5,6072.0,12.0,A-4,68,1,0,0.14165055751800537,False,0.13329191505908966,False,0.25643670558929443,False
1394,p0n1532,85,1.0,0.5,6072.0,12.0,F4,65,1,0,0.8980926871299744,True,0.5617279410362244,True,0.4284343719482422,False
1395,p0n1535,85,1.25,0.25,6078.0,6.0,A5,81,1,0,0.27491509914398193,False,0.1271105855703354,False,0.25600945949554443,False
1396,p0n1536,85,1.5,0.25,6084.0,6.0,A-5,80,1,0,0.33175984025001526,False,0.12718521058559418,False,0.26230910420417786,False
1397,p0n1539,85,1.5,0.5,6084.0,12.0,B-4,70,1,0,0.6468085050582886,True,0.28707706928253174,False,0.2451235055923462,False
1398,p0n1538,85,1.5,0.5,6084.0,12.0,A-4,68,1,0,0.21554534137248993,False,0.08226670324802399,False,0.25411954522132874,False
1399,p0n1537,85,1.5,0.5,6084.0,12.0,F4,65,1,0,0.8540084362030029,True,0.1609577238559723,False,0.24789385497570038,False
1400,p0n1540,85,1.75,0.25,6090.0,6.0,F5,77,1,0,0.47485849261283875,False,0.19172103703022003,False,0.2643756866455078,False
1401,p0n1541,85,2.0,0.25,6096.0,6.0,A-5,80,1,0,0.4088646173477173,False,0.13541507720947266,False,0.2540636360645294,False
1402,p0n1543,85,2.0,0.5,6096.0,12.0,B-4,70,1,0,0.7756521105766296,True,0.6171524524688721,True,0.3326641917228699,False
1403,p0n1542,85,2.0,0.5,6096.0,12.0,G4,67,1,0,0.7522792220115662,True,0.25015971064567566,False,0.2649747431278229,False
1404,p0n1544,85,2.0,1.0,6096.0,24.0,E-4,63,2,0,0.9224627614021301,True,0.8706578612327576,True,0.7132337689399719,True
1405,p0n1545,85,2.25,0.25,6102.0,6.0,G5,79,1,0,0.25616899132728577,False,0.10702027380466461,False,0.24281461536884308,False
1406,p0n1546,85,2.5,0.25,6108.0,6.0,G5,79,1,0,0.43683764338493347,False,0.0966445803642273,False,0.25133875012397766,False
1407,p0n1548,85,2.5,0.5,6108.0,12.0,B-4,70,1,0,0.6674377918243408,True,0.3885309100151062,False,0.27015259861946106,False
1408,p0n1547,85,2.5,0.5,6108.0,12.0,G4,67,1,0,0.7844895720481873,True,0.18770018219947815,False,0.26882556080818176,False
1409,p0n1549,85,2.75,0.25,6114.0,6.0,E-5,75,1,0,0.37650129199028015,False,0.17496410012245178,False,0.2579836845397949,False
1410,p0n1550,86,0.0,1.25,6120.0,30.0,B-5,82,1,0,0.7166759371757507,True,0.5271446108818054,True,0.39591184258461,False
1411,p0n1551,86,0.0,2.0,6120.0,48.0,D4,62,2,0,0.8589685559272766,True,0.7334522008895874,True,0.44595423340797424,False
1412,p0n1555,86,0.5,0.5,6132.0,12.0,B-4,70,1,0,0.5405274629592896,True,0.5914331674575806,True,0.3579076826572418,False
1413,p0n1554,86,0.5,0.5,6132.0,12.0,A-4,68,1,0,0.14838792383670807,False,0.09894261509180069,False,0.2563982307910919,False
1414,p0n1553,86,0.5,0.5,6132.0,12.0,F4,65,1,0,0.8281338214874268,True,0.39876285195350647,False,0.31758713722229004,False
1415,p0n1559,86,1.0,0.5,6144.0,12.0,B-4,70,1,0,0.5794014930725098,True,0.8244471549987793,True,0.46137475967407227,False
1416,p0n1558,86,1.0,0.5,6144.0,12.0,A-4,68,1,0,0.2016175091266632,False,0.14513196051120758,False,0.2588178217411041,False
1417,p0n1557,86,1.0,0.5,6144.0,12.0,F4,65,1,0,0.8221098780632019,True,0.3931563198566437,False,0.3295828700065613,False
1418,p0n1560,86,1.25,0.25,6150.0,6.0,A5,81,1,0,0.30448517203330994,False,0.14206480979919434,False,0.25806692242622375,False
1419,p0n1561,86,1.5,0.25,6156.0,6.0,A-5,80,1,0,0.4722820818424225,False,0.11789803951978683,False,0.261618435382843,False
1420,p0n1564,86,1.5,0.5,6156.0,12.0,B-4,70,1,0,0.7499668002128601,True,0.3447267413139343,False,0.2789900600910187,False
1421,p0n1563,86,1.5,0.5,6156.0,12.0,A-4,68,1,0,0.1136564239859581,False,0.07871069759130478,False,0.2536622881889343,False
1422,p0n1562,86,1.5,0.5,6156.0,12.0,F4,65,1,0,0.8002539277076721,True,0.13487814366817474,False,0.2481832504272461,False
1423,p0n1565,86,1.75,0.25,6162.0,6.0,F5,77,1,0,0.565095067024231,True,0.24586349725723267,False,0.2642074525356293,False
1424,p0n1566,86,2.0,0.25,6168.0,6.0,A-5,80,1,0,0.3988797962665558,False,0.14475883543491364,False,0.25545886158943176,False
1425,p0n1568,86,2.0,0.5,6168.0,12.0,B-4,70,1,0,0.8481404185295105,True,0.751461923122406,True,0.35251620411872864,False
1426,p0n1567,86,2.0,0.5,6168.0,12.0,G4,67,1,0,0.35376423597335815,False,0.1329762041568756,False,0.24600522220134735,False
1427,p0n1569,86,2.0,1.0,6168.0,24.0,E-4,63,2,0,0.8905272483825684,True,0.8044303059577942,True,0.6177621483802795,True
1428,p0n1570,86,2.25,0.25,6174.0,6.0,G5,79,1,0,0.33566364645957947,False,0.12169531732797623,False,0.24493922293186188,False
1429,p0n1571,86,2.5,0.25,6180.0,6.0,G5,79,1,0,0.5218148827552795,True,0.26709309220314026,False,0.24922220408916473,False
1430,p0n1573,86,2.5,0.5,6180.0,12.0,B-4,70,1,0,0.8753690123558044,True,0.5365749001502991,True,0.36266353726387024,False
1431,p0n1572,86,2.5,0.5,6180.0,12.0,G4,67,1,0,0.5921036005020142,True,0.27220839262008667,False,0.29342344403266907,False
1432,p0n1574,86,2.75,0.25,6186.0,6.0,E-5,75,1,0,0.2651865780353546,False,0.19627419114112854,False,0.2623330056667328,False
1433,p0n1575,87,0.0,0.125,6192.0,3.0,C5,72,1,0,0.45850929617881775,False,0.2820415496826172,False,0.30761581659317017,False
1434,p0n1576,87,0.0,1.0,6192.0,24.0,A-3,56,2,0,0.5970271229743958,True,0.3440413475036621,False,0.3392637073993683,False
1435,p0n1578,87,0.125,0.125,6195.0,3.0,E5,76,1,0,0.6882678866386414,True,0.18130478262901306,False,0.267991840839386,False
1436,p0n1579,87,0.25,0.125,6198.0,3.0,F5,77,1,0,0.4383014142513275,False,0.2727472186088562,False,0.28583696484565735,False
1437,p0n1580,87,0.375,0.125,6201.0,3.0,A-5,80,1,0,0.6353641748428345,True,0.15800276398658752,False,0.2481057196855545,False
1438,p0n1581,87,0.5,0.125,6204.0,3.0,B5,83,1,0,0.5354065895080566,True,0.24959707260131836,False,0.26930561661720276,False
1439,p0n1584,87,0.5,0.5,6204.0,12.0,A-4,68,1,0,0.14684726297855377,False,0.09063935279846191,False,0.2547898292541504,False
1440,p0n1583,87,0.5,0.5,6204.0,12.0,F4,65,1,0,0.7088592052459717,True,0.4187586307525635,False,0.26907044649124146,False
1441,p0n1582,87,0.5,0.5,6204.0,12.0,C4,60,1,0,0.867903470993042,True,0.7467262744903564,True,0.7055463790893555,True
1442,p0n1585,87,0.625,0.125,6207.0,3.0,C6,84,1,0,0.5544016361236572,True,0.06994906812906265,False,0.24820026755332947,False
1443,p0n1586,87,0.75,0.125,6210.0,3.0,A-5,80,1,0,0.2868376076221466,False,0.12046372145414352,False,0.2516428232192993,False
1444,p0n1587,87,0.875,0.125,6213.0,3.0,F5,77,1,0,0.733794093132019,True,0.10633622854948044,False,0.24744966626167297,False
1445,p0n1588,87,1.0,1.0,6216.0,24.0,E-5,75,1,0,0.643634557723999,True,0.8323161602020264,True,0.6703476309776306,True
1446,p0n1590,87,1.0,0.5,6216.0,12.0,G4,67,1,0,0.6754328012466431,True,0.8078186511993408,True,0.6319140791893005,True
1447,p0n1589,87,1.0,0.5,6216.0,12.0,E-4,63,1,0,0.8693405985832214,True,0.9651473164558411,True,0.7618482708930969,True
1448,p0n1591,87,1.0,1.0,6216.0,24.0,B-3,58,2,0,0.9649386405944824,True,0.9597143530845642,True,0.7384160161018372,True
1449,p0n1593,87,1.5,0.5,6228.0,12.0,G4,67,1,0,0.6965206861495972,True,0.29625001549720764,False,0.2925432622432709,False
1450,p0n1592,87,1.5,0.5,6228.0,12.0,E-4,63,1,0,0.7659170627593994,True,0.8499802350997925,True,0.6698952913284302,True
1451,p0n1594,87,2.0,0.75,6240.0,18.0,F5,77,1,0,0.4947971701622009,False,0.24257823824882507,False,0.2792538106441498,False
1452,p0n1597,87,2.0,0.5,6240.0,12.0,D4,62,1,0,0.7770401835441589,True,0.8133198618888855,True,0.46512481570243835,False
1453,p0n1596,87,2.0,0.5,6240.0,12.0,B-3,58,1,0,0.8754921555519104,True,0.8756338953971863,True,0.5197436809539795,True
1454,p0n1595,87,2.0,0.5,6240.0,12.0,A-3,56,1,0,0.6424726247787476,True,0.41054481267929077,False,0.3603149652481079,False
1455,p0n1598,87,2.0,1.0,6240.0,24.0,B-2,46,2,0,0.9341855645179749,True,0.630025327205658,True,0.6487385034561157,True
1456,p0n1601,87,2.5,0.5,6252.0,12.0,D4,62,1,0,0.8826937675476074,True,0.36831995844841003,False,0.3002741038799286,False
1457,p0n1600,87,2.5,0.5,6252.0,12.0,B-3,58,1,0,0.8330557346343994,True,0.7378736138343811,True,0.6070292592048645,True
1458,p0n1599,87,2.5,0.5,6252.0,12.0,A-3,56,1,0,0.37326759099960327,False,0.14758220314979553,False,0.2643025517463684,False
1459,p0n1602,87,2.75,0.25,6258.0,6.0,E-5,75,1,0,0.46835777163505554,False,0.27046602964401245,False,0.28350546956062317,False
1460,p0n1603,88,0.0,1.0,6264.0,24.0,E-5,75,1,0,0.6844543218612671,True,0.9205872416496277,True,0.7884012460708618,True
1461,p0n1606,88,0.0,0.5,6264.0,12.0,E-4,63,1,0,0.8450154066085815,True,0.940081000328064,True,0.7275584936141968,True
1462,p0n1605,88,0.0,0.5,6264.0,12.0,B-3,58,1,0,0.9721561670303345,True,0.9228082895278931,True,0.5936307907104492,True
1463,p0n1604,88,0.0,0.5,6264.0,12.0,G3,55,1,0,0.545062780380249,True,0.36947500705718994,False,0.2823059856891632,False
1464,p0n1607,88,0.0,1.0,6264.0,24.0,E-3,51,2,0,0.9871994853019714,True,0.6824182868003845,True,0.549828827381134,True
1465,p0n1610,88,0.5,0.5,6276.0,12.0,E-4,63,1,0,0.7144265174865723,True,0.6596453189849854,True,0.6177164316177368,True
1466,p0n1609,88,0.5,0.5,6276.0,12.0,B-3,58,1,0,0.8831297159194946,True,0.6338158249855042,True,0.5697753429412842,True
1467,p0n1608,88,0.5,0.5,6276.0,12.0,G3,55,1,0,0.5221432447433472,True,0.19143244624137878,False,0.24318927526474,False
1468,p0n1615,88,1.0,0.5,6288.0,12.0,E-4,63,1,0,0.8623979687690735,True,0.9306133389472961,True,0.6984100341796875,True
1469,p0n1614,88,1.0,0.5,6288.0,12.0,B-3,58,1,0,0.9268781542778015,True,0.9220201969146729,True,0.6150925755500793,True
1470,p0n1613,88,1.0,0.5,6288.0,12.0,G3,55,1,0,0.4898742139339447,False,0.23777131736278534,False,0.26702573895454407,False
1471,p0n1618,88,1.5,0.5,6300.0,12.0,E-4,63,1,0,0.7343056201934814,True,0.6547398567199707,True,0.5222471356391907,True
1472,p0n1617,88,1.5,0.5,6300.0,12.0,B-3,58,1,0,0.856871485710144,True,0.6095643639564514,True,0.36134058237075806,False
1473,p0n1616,88,1.5,0.5,6300.0,12.0,G3,55,1,0,0.33223700523376465,False,0.11160477995872498,False,0.2505037188529968,False
1474,p0n1622,88,2.0,0.5,6312.0,12.0,E-4,63,1,0,0.6668881177902222,True,0.9177411794662476,True,0.5289133787155151,True
1475,p0n1621,88,2.0,0.5,6312.0,12.0,B-3,58,1,0,0.8541519045829773,True,0.8078052401542664,True,0.49260857701301575,False
1476,p0n1620,88,2.0,0.5,6312.0,12.0,G3,55,1,0,0.24152976274490356,False,0.13279151916503906,False,0.2436356097459793,False
1477,p0n1619,88,2.0,0.16666666666666666,6312.0,4.0,E-3,51,1,0,0.9903996586799622,True,0.3435123860836029,False,0.3055438697338104,False
1478,p0n1624,88,2.1666666666666665,0.16666666666666666,6316.0,4.0,G3,55,1,0,0.19907936453819275,False,0.08606451749801636,False,0.24142061173915863,False
1479,p0n1625,88,2.3333333333333335,0.16666666666666666,6320.0,4.0,B-3,58,1,0,0.9294936656951904,True,0.39999863505363464,False,0.23754960298538208,False
1480,p0n1626,88,2.5,0.16666666666666666,6324.0,4.0,E-4,63,1,0,0.7301289439201355,True,0.6257346868515015,True,0.46393755078315735,False
1481,p0n1629,88,2.5,0.5,6324.0,12.0,E-4,63,1,0,0.7080110907554626,True,0.7710619568824768,True,0.5981451869010925,True
1482,p0n1628,88,2.5,0.5,6324.0,12.0,B-3,58,1,0,0.9052860736846924,True,0.6930553317070007,True,0.4082361161708832,False
1483,p0n1627,88,2.5,0.5,6324.0,12.0,G3,55,1,0,0.16566599905490875,False,0.10686532407999039,False,0.25049522519111633,False
1484,p0n1630,88,2.6666666666666665,0.16666666666666666,6328.0,4.0,G4,67,1,0,0.6215470433235168,True,0.19171233475208282,False,0.25347262620925903,False
1485,p0n1631,88,2.8333333333333335,0.16666666666666666,6332.0,4.0,B-4,70,1,0,0.5316961407661438,True,0.25305497646331787,False,0.2620983421802521,False
1486,p0n1632,89,0.0,1.25,6336.0,30.0,B-4,70,1,0,0.5132416486740112,True,0.3809674382209778,False,0.30814921855926514,False
1487,p0n1633,89,0.0,2.0,6336.0,48.0,D3,50,2,0,0.9879278540611267,True,0.8411998152732849,True,0.7813434600830078,True
1488,p0n1637,89,0.5,0.5,6348.0,12.0,F4,65,1,0,0.7403948307037354,True,0.33464106917381287,False,0.2986941337585449,False
1489,p0n1636,89,0.5,0.5,6348.0,12.0,B-3,58,1,0,0.8347107768058777,True,0.3796691298484802,False,0.2993521988391876,False
1490,p0n1635,89,0.5,0.5,6348.0,12.0,A-3,56,1,0,0.5127158761024475,True,0.35598233342170715,False,0.325731486082077,False
1491,p0n1641,89,1.0,0.5,6360.0,12.0,F4,65,1,0,0.9164720773696899,True,0.7659229040145874,True,0.5382837057113647,True
1492,p0n1640,89,1.0,0.5,6360.0,12.0,B-3,58,1,0,0.9122994542121887,True,0.9443490505218506,True,0.609688401222229,True
1493,p0n1639,89,1.0,0.5,6360.0,12.0,A-3,56,1,0,0.5806149244308472,True,0.5446982383728027,True,0.437333881855011,False
1494,p0n1642,89,1.25,0.25,6366.0,6.0,A4,69,1,0,0.2530963122844696,False,0.12547165155410767,False,0.25500980019569397,False
1495,p0n1643,89,1.5,0.25,6372.0,6.0,A-4,68,1,0,0.3583042621612549,False,0.14278818666934967,False,0.263656884431839,False
1496,p0n1646,89,1.5,0.5,6372.0,12.0,F4,65,1,0,0.9218683242797852,True,0.24151945114135742,False,0.2596403658390045,False
1497,p0n1645,89,1.5,0.5,6372.0,12.0,B-3,58,1,0,0.8375586271286011,True,0.42271795868873596,False,0.2834542989730835,False
1498,p0n1644,89,1.5,0.5,6372.0,12.0,A-3,56,1,0,0.5231053233146667,True,0.11092957109212875,False,0.26434066891670227,False
1499,p0n1647,89,1.75,0.25,6378.0,6.0,F4,65,1,0,0.8206440806388855,True,0.4470907747745514,False,0.2679217755794525,False
1500,p0n1648,89,2.0,0.25,6384.0,6.0,A-4,68,1,0,0.16277992725372314,False,0.10385828465223312,False,0.2471359521150589,False
1501,p0n1651,89,2.0,0.5,6384.0,12.0,E-4,63,1,0,0.7084715366363525,True,0.9442946910858154,True,0.6227944493293762,True
1502,p0n1650,89,2.0,0.5,6384.0,12.0,B-3,58,1,0,0.8881577253341675,True,0.774527907371521,True,0.4357546865940094,False
1503,p0n1649,89,2.0,0.5,6384.0,12.0,G3,55,1,0,0.3226947784423828,False,0.13525435328483582,False,0.24355997145175934,False
1504,p0n1652,89,2.0,1.0,6384.0,24.0,E-3,51,2,0,0.9682343602180481,True,0.6837490200996399,True,0.5360020399093628,True
1505,p0n1653,89,2.25,0.25,6390.0,6.0,G4,67,1,0,0.7361278533935547,True,0.0967608094215393,False,0.24825817346572876,False
1506,p0n1654,89,2.5,0.25,6396.0,6.0,G4,67,1,0,0.6043480038642883,True,0.10494747757911682,False,0.25109484791755676,False
1507,p0n1657,89,2.5,0.5,6396.0,12.0,E-4,63,1,0,0.8303638696670532,True,0.8525219559669495,True,0.5717818140983582,True
1508,p0n1656,89,2.5,0.5,6396.0,12.0,B-3,58,1,0,0.8153541684150696,True,0.36969900131225586,False,0.29781022667884827,False
1509,p0n1655,89,2.5,0.5,6396.0,12.0,G3,55,1,0,0.505871593952179,True,0.0649828240275383,False,0.24582445621490479,False
1510,p0n1658,89,2.75,0.25,6402.0,6.0,E-4,63,1,0,0.6139712333679199,True,0.9103425145149231,True,0.5917001962661743,True
1511,p0n1659,90,0.0,1.25,6408.0,30.0,B-3,58,1,0,0.8302636742591858,True,0.7571415901184082,True,0.4465106427669525,False
1512,p0n1660,90,0.0,2.0,6408.0,48.0,D3,50,2,0,0.98456209897995,True,0.40215247869491577,False,0.3444698452949524,False
1513,p0n1664,90,0.5,0.5,6420.0,12.0,A-5,80,1,0,0.4014587104320526,False,0.1808132380247116,False,0.27521878480911255,False
1514,p0n1663,90,0.5,0.5,6420.0,12.0,F5,77,1,0,0.5819467902183533,True,0.5703211426734924,True,0.40750932693481445,False
1515,p0n1662,90,0.5,0.5,6420.0,12.0,B-4,70,1,0,0.5197562575340271,True,0.17201559245586395,False,0.274128258228302,False
1516,p0n1668,90,1.0,0.5,6432.0,12.0,A-5,80,1,0,0.44096747040748596,False,0.2704662084579468,False,0.2931680381298065,False
1517,p0n1667,90,1.0,0.5,6432.0,12.0,F5,77,1,0,0.687203586101532,True,0.7001081705093384,True,0.535133421421051,True
1518,p0n1666,90,1.0,0.5,6432.0,12.0,B-4,70,1,0,0.5869590044021606,True,0.46411600708961487,False,0.36508646607398987,False
1519,p0n1669,90,1.25,0.25,6438.0,6.0,A3,57,1,0,0.16074535250663757,False,0.11536247283220291,False,0.2529202997684479,False
1520,p0n1673,90,1.5,0.5,6444.0,12.0,A-5,80,1,0,0.5680898427963257,True,0.12253783643245697,False,0.2520589828491211,False
1521,p0n1672,90,1.5,0.5,6444.0,12.0,F5,77,1,0,0.6507603526115417,True,0.24264709651470184,False,0.2672939896583557,False
1522,p0n1671,90,1.5,0.5,6444.0,12.0,B-4,70,1,0,0.5584436058998108,True,0.1221592053771019,False,0.2615606486797333,False
1523,p0n1670,90,1.5,0.25,6444.0,6.0,A-3,56,1,0,0.5060228109359741,True,0.2247171849012375,False,0.30193448066711426,False
1524,p0n1674,90,1.75,0.25,6450.0,6.0,F3,53,1,0,0.3726807236671448,False,0.2310984581708908,False,0.2695496380329132,False
1525,p0n1678,90,2.0,0.5,6456.0,12.0,G5,79,1,0,0.7143285870552063,True,0.38603293895721436,False,0.2660616934299469,False
1526,p0n1677,90,2.0,0.5,6456.0,12.0,E-5,75,1,0,0.6384587287902832,True,0.5923141837120056,True,0.38266515731811523,False
1527,p0n1676,90,2.0,0.5,6456.0,12.0,B-4,70,1,0,0.5841381549835205,True,0.2635626792907715,False,0.2758139371871948,False
1528,p0n1675,90,2.0,0.25,6456.0,6.0,A-3,56,1,0,0.41945314407348633,False,0.21048682928085327,False,0.2691928446292877,False
1529,p0n1679,90,2.0,1.0,6456.0,24.0,E-3,51,2,0,0.9640326499938965,True,0.8345441818237305,True,0.7090535163879395,True
1530,p0n1680,90,2.25,0.25,6462.0,6.0,G3,55,1,0,0.15017277002334595,False,0.09809143096208572,False,0.24082596600055695,False
1531,p0n1684,90,2.5,0.5,6468.0,12.0,G5,79,1,0,0.5873604416847229,True,0.15961837768554688,False,0.24528397619724274,False
1532,p0n1683,90,2.5,0.5,6468.0,12.0,E-5,75,1,0,0.6948303580284119,True,0.4385145604610443,False,0.32116127014160156,False
1533,p0n1682,90,2.5,0.5,6468.0,12.0,B-4,70,1,0,0.6218027472496033,True,0.2347659170627594,False,0.26735809445381165,False
1534,p0n1681,90,2.5,0.25,6468.0,6.0,G3,55,1,0,0.1047610491514206,False,0.09622980654239655,False,0.24935486912727356,False
1535,p0n1685,90,2.75,0.25,6474.0,6.0,E-3,51,1,0,0.9332590103149414,True,0.7555025815963745,True,0.7459779381752014,True
1536,p0n1689,91,0.0,1.0,6480.0,24.0,F5,77,1,0,0.768854022026062,True,0.7830976843833923,True,0.5183408260345459,True
1537,p0n1688,91,0.0,1.0,6480.0,24.0,C5,72,1,0,0.561191737651825,True,0.4544523060321808,False,0.3157612085342407,False
1538,p0n1687,91,0.0,1.0,6480.0,24.0,A-4,68,1,0,0.3211733400821686,False,0.19881795346736908,False,0.278871089220047,False
1539,p0n1686,91,0.0,0.5,6480.0,12.0,F3,53,1,0,0.15160594880580902,False,0.20131491124629974,False,0.2747887969017029,False
1540,p0n1690,91,0.0,1.0,6480.0,24.0,A-2,44,2,0,0.6543894410133362,True,0.47934892773628235,False,0.31010106205940247,False
1541,p0n1691,91,0.5,0.5,6492.0,12.0,C6,84,1,0,0.48694583773612976,False,0.2966141700744629,False,0.31056642532348633,False
1542,p0n1692,91,1.0,0.5,6504.0,12.0,B-5,82,1,0,0.7127434015274048,True,0.7145137190818787,True,0.43072229623794556,False
1543,p0n1695,91,1.5,0.5,6516.0,12.0,A-5,80,1,0,0.20409221947193146,False,0.14440065622329712,False,0.263515442609787,False
1544,p0n1697,91,1.5,0.5,6516.0,12.0,A-4,68,1,0,0.4489462375640869,False,0.15390759706497192,False,0.2654772698879242,False
1545,p0n1696,91,1.5,0.5,6516.0,12.0,F4,65,1,0,0.8126540184020996,True,0.23335641622543335,False,0.2980636656284332,False
1546,p0n1698,91,2.0,0.5,6528.0,12.0,G5,79,1,0,0.637744128704071,True,0.7770170569419861,True,0.338749498128891,False
1547,p0n1700,91,2.0,0.5,6528.0,12.0,B-4,70,1,0,0.7564817667007446,True,0.6714369654655457,True,0.6121436357498169,True
1548,p0n1699,91,2.0,0.5,6528.0,12.0,G4,67,1,0,0.8824626803398132,True,0.21656887233257294,False,0.2525400221347809,False
1549,p0n1702,91,2.5,0.5,6540.0,12.0,F5,77,1,0,0.8495634198188782,True,0.6337827444076538,True,0.5228796601295471,True
1550,p0n1704,91,2.5,0.5,6540.0,12.0,C5,72,1,0,0.6596809029579163,True,0.24982598423957825,False,0.2689177691936493,False
1551,p0n1703,91,2.5,0.5,6540.0,12.0,A-4,68,1,0,0.20839761197566986,False,0.12180597335100174,False,0.2598719596862793,False
1552,p0n1705,92,0.0,0.16666666666666666,6552.0,4.0,E-5,75,1,0,0.28922802209854126,False,0.3005937337875366,False,0.3044207692146301,False
1553,p0n1706,92,0.0,1.0,6552.0,24.0,B-2,46,2,0,0.9649485945701599,True,0.8404111266136169,True,0.8384037017822266,True
1554,p0n1708,92,0.16666666666666666,0.16666666666666666,6556.0,4.0,B-4,70,1,0,0.9434704184532166,True,0.25399407744407654,False,0.2843039929866791,False
1555,p0n1709,92,0.3333333333333333,0.16666666666666666,6560.0,4.0,C5,72,1,0,0.1238694116473198,False,0.11270364373922348,False,0.25201156735420227,False
1556,p0n1710,92,0.5,0.16666666666666666,6564.0,4.0,C#5,73,1,0,0.961355447769165,True,0.6258312463760376,True,0.5803619623184204,True
1557,p0n1713,92,0.5,0.5,6564.0,12.0,G4,67,1,0,0.8091276288032532,True,0.17032088339328766,False,0.26148441433906555,False
1558,p0n1712,92,0.5,0.5,6564.0,12.0,E-4,63,1,0,0.554873526096344,True,0.8651509881019592,True,0.7706908583641052,True
1559,p0n1711,92,0.5,0.5,6564.0,12.0,B-3,58,1,0,0.9714806079864502,True,0.21246957778930664,False,0.28367307782173157,False
1560,p0n1714,92,0.6666666666666666,0.16666666666666666,6568.0,4.0,D5,74,1,0,0.8218080401420593,True,0.1789257824420929,False,0.2728482782840729,False
1561,p0n1715,92,0.8333333333333334,0.16666666666666666,6572.0,4.0,E-5,75,1,0,0.23253564536571503,False,0.09345424175262451,False,0.24525628983974457,False
1562,p0n1716,92,1.0,0.16666666666666666,6576.0,4.0,E5,76,1,0,0.8635808825492859,True,0.7546502947807312,True,0.5794708132743835,True
1563,p0n1719,92,1.0,0.5,6576.0,12.0,G4,67,1,0,0.8276082277297974,True,0.24732963740825653,False,0.24183349311351776,False
1564,p0n1718,92,1.0,0.5,6576.0,12.0,E-4,63,1,0,0.5558018684387207,True,0.7699891328811646,True,0.6858851313591003,True
1565,p0n1717,92,1.0,0.5,6576.0,12.0,B-3,58,1,0,0.967887818813324,True,0.7429541945457458,True,0.4041101038455963,False
1566,p0n1721,92,1.1666666666666667,0.16666666666666666,6580.0,4.0,F5,77,1,0,0.2815300524234772,False,0.12153554707765579,False,0.2521492540836334,False
1567,p0n1722,92,1.3333333333333333,0.16666666666666666,6584.0,4.0,F#5,78,1,0,0.7750979065895081,True,0.23632089793682098,False,0.29986101388931274,False
1568,p0n1723,92,1.5,0.16666666666666666,6588.0,4.0,G5,79,1,0,0.7167478203773499,True,0.4637356698513031,False,0.29072877764701843,False
1569,p0n1726,92,1.5,0.5,6588.0,12.0,G4,67,1,0,0.7294182777404785,True,0.06534247100353241,False,0.24150295555591583,False
1570,p0n1725,92,1.5,0.5,6588.0,12.0,E-4,63,1,0,0.5400246381759644,True,0.6307039260864258,True,0.46857157349586487,False
1571,p0n1724,92,1.5,0.5,6588.0,12.0,B-3,58,1,0,0.9587359428405762,True,0.24058687686920166,False,0.28316202759742737,False
1572,p0n1727,92,1.6666666666666667,0.16666666666666666,6592.0,4.0,A-5,80,1,0,0.3614881932735443,False,0.14152956008911133,False,0.2579432725906372,False
1573,p0n1728,92,1.8333333333333333,0.16666666666666666,6596.0,4.0,A5,81,1,0,0.6643317937850952,True,0.17772404849529266,False,0.263725608587265,False
1574,p0n1729,92,2.0,0.25,6600.0,6.0,B-5,82,1,0,0.5873960256576538,True,0.24235017597675323,False,0.28027793765068054,False
1575,p0n1732,92,2.0,0.5,6600.0,12.0,G4,67,1,0,0.7693225145339966,True,0.08813846111297607,False,0.23417600989341736,False
1576,p0n1731,92,2.0,0.5,6600.0,12.0,E-4,63,1,0,0.2160344421863556,False,0.14575070142745972,False,0.24901440739631653,False
1577,p0n1730,92,2.0,0.5,6600.0,12.0,B-3,58,1,0,0.9162640571594238,True,0.5227348208427429,True,0.2536400854587555,False
1578,p0n1734,92,2.25,0.25,6606.0,6.0,A5,81,1,0,0.6992802619934082,True,0.25754454731941223,False,0.2849504053592682,False
1579,p0n1735,92,2.5,0.25,6612.0,6.0,A-5,80,1,0,0.5027549266815186,True,0.15994419157505035,False,0.2712286412715912,False
1580,p0n1738,92,2.5,0.5,6612.0,12.0,G4,67,1,0,0.8788526654243469,True,0.09938599169254303,False,0.2427811175584793,False
1581,p0n1737,92,2.5,0.5,6612.0,12.0,E-4,63,1,0,0.31121280789375305,False,0.17483900487422943,False,0.26455092430114746,False
1582,p0n1736,92,2.5,0.5,6612.0,12.0,B-3,58,1,0,0.9488565325737,True,0.2315443903207779,False,0.29277876019477844,False
1583,p0n1739,92,2.75,0.25,6618.0,6.0,G5,79,1,0,0.7645068764686584,True,0.5259596109390259,True,0.5476932525634766,True
1584,p0n1740,93,0.0,3.0,6624.0,72.0,F5,77,1,0,0.3724278509616852,False,0.3046284019947052,False,0.31186234951019287,False
1585,p0n1743,93,0.0,0.5,6624.0,12.0,F4,65,1,0,0.8892509937286377,True,0.8680968880653381,True,0.6174880862236023,True
1586,p0n1742,93,0.0,0.5,6624.0,12.0,E-4,63,1,0,0.9435023665428162,True,0.9731652140617371,True,0.8146136403083801,True
1587,p0n1741,93,0.0,0.5,6624.0,12.0,B-3,58,1,0,0.9781367182731628,True,0.9072758555412292,True,0.34666740894317627,False
1588,p0n1744,93,0.0,1.0,6624.0,24.0,B-2,46,2,0,0.9789926409721375,True,0.7742025256156921,True,0.5789890289306641,True
1589,p0n1747,93,0.5,0.5,6636.0,12.0,F4,65,1,0,0.43464118242263794,False,0.20184160768985748,False,0.27783405780792236,False
1590,p0n1746,93,0.5,0.5,6636.0,12.0,E-4,63,1,0,0.5054916143417358,True,0.6149414777755737,True,0.5039925575256348,True
1591,p0n1745,93,0.5,0.5,6636.0,12.0,B-3,58,1,0,0.9477495551109314,True,0.3470592498779297,False,0.2886621952056885,False
1592,p0n1750,93,1.0,0.5,6648.0,12.0,F4,65,1,0,0.6557577848434448,True,0.624616265296936,True,0.30169785022735596,False
1593,p0n1749,93,1.0,0.5,6648.0,12.0,D4,62,1,0,0.7658702731132507,True,0.9231792092323303,True,0.7088967561721802,True
1594,p0n1748,93,1.0,0.5,6648.0,12.0,B-3,58,1,0,0.9154213070869446,True,0.7940285801887512,True,0.3480857312679291,False
1595,p0n1751,93,1.0,1.0,6648.0,24.0,B-2,46,2,0,0.9708573222160339,True,0.7535567879676819,True,0.5525317788124084,True
1596,p0n1754,93,1.5,0.5,6660.0,12.0,F4,65,1,0,0.4228566884994507,False,0.1806262582540512,False,0.27110424637794495,False
1597,p0n1753,93,1.5,0.5,6660.0,12.0,D4,62,1,0,0.646898090839386,True,0.29981622099876404,False,0.31790032982826233,False
1598,p0n1752,93,1.5,0.5,6660.0,12.0,B-3,58,1,0,0.9054293036460876,True,0.3781871199607849,False,0.317440390586853,False
1599,p0n1757,93,2.0,0.5,6672.0,12.0,F4,65,1,0,0.5318632125854492,True,0.19224730134010315,False,0.26259687542915344,False
1600,p0n1756,93,2.0,0.5,6672.0,12.0,D4,62,1,0,0.630549430847168,True,0.3761235773563385,False,0.3252914845943451,False
1601,p0n1755,93,2.0,0.5,6672.0,12.0,A-3,56,1,0,0.4134384095668793,False,0.17735016345977783,False,0.2592751979827881,False
1602,p0n1758,93,2.0,1.0,6672.0,24.0,B-2,46,2,0,0.8912888169288635,True,0.44919782876968384,False,0.34997811913490295,False
1603,p0n1761,93,2.5,0.5,6684.0,12.0,F4,65,1,0,0.431511253118515,False,0.19524364173412323,False,0.27702564001083374,False
1604,p0n1760,93,2.5,0.5,6684.0,12.0,D4,62,1,0,0.4800286889076233,False,0.28835558891296387,False,0.3093425929546356,False
1605,p0n1759,93,2.5,0.5,6684.0,12.0,A-3,56,1,0,0.4048290252685547,False,0.16429172456264496,False,0.26785433292388916,False
1606,p0n1762,94,0.0,1.0,6696.0,24.0,E-5,75,1,0,0.6189714670181274,True,0.7796443700790405,True,0.5948051810264587,True
1607,p0n1764,94,0.0,1.0,6696.0,24.0,E-4,63,1,0,0.813808023929596,True,0.8715621829032898,True,0.758562445640564,True
1608,p0n1763,94,0.0,1.0,6696.0,24.0,G3,55,1,0,0.43534865975379944,False,0.2926842272281647,False,0.2948918342590332,False
1609,p0n1765,94,0.0,1.0,6696.0,24.0,C3,48,2,0,0.9474026560783386,True,0.997686505317688,True,0.8656896352767944,True
1610,p0n1769,94,2.0,0.25,6744.0,6.0,E-5,75,1,0,0.42773744463920593,False,0.23737911880016327,False,0.2721761465072632,False
1611,p0n1770,94,2.0,0.75,6744.0,18.0,C4,60,1,0,0.3925657272338867,False,0.21851642429828644,False,0.2720184326171875,False
1612,p0n1771,94,2.0,1.0,6744.0,24.0,A-3,56,2,0,0.5360046029090881,True,0.4938719570636749,False,0.38863351941108704,False
1613,p0n1772,94,2.25,0.25,6750.0,6.0,D5,74,1,0,0.390275776386261,False,0.2713015675544739,False,0.29343098402023315,False
1614,p0n1773,94,2.5,0.16666666666666666,6756.0,4.0,F5,77,1,0,0.5547250509262085,True,0.3292710483074188,False,0.25263282656669617,False
1615,p0n1774,94,2.6666666666666665,0.16666666666666666,6760.0,4.0,E-5,75,1,0,0.7228098511695862,True,0.5314469933509827,True,0.3617330491542816,False
1616,p0n1775,94,2.75,0.25,6762.0,6.0,A-4,68,1,0,0.10801893472671509,False,0.09420400112867355,False,0.24643917381763458,False
1617,p0n1776,94,2.8333333333333335,0.16666666666666666,6764.0,4.0,C5,72,1,0,0.7420795559883118,True,0.611509382724762,True,0.4743631184101105,False
1618,p0n1777,95,0.0,2.0,6768.0,48.0,B-4,70,1,0,0.9303151369094849,True,0.9535020589828491,True,0.7972076535224915,True
1619,p0n1778,95,0.0,2.0,6768.0,48.0,G4,67,1,0,0.8130045533180237,True,0.5971587896347046,True,0.41693955659866333,False
1620,p0n1779,95,0.0,2.0,6768.0,48.0,E-3,51,2,0,0.8166450262069702,True,0.6752097010612488,True,0.4183219373226166,False
1621,p0n1780,95,2.0,0.5,6816.0,12.0,A4,69,1,0,0.46734702587127686,False,0.2051744908094406,False,0.2724396586418152,False
1622,p0n1781,95,2.0,0.75,6816.0,18.0,F#4,66,1,0,0.6501473784446716,True,0.641745924949646,True,0.5558326244354248,True
1623,p0n1782,95,2.0,0.5,6816.0,12.0,B-3,58,2,0,0.49057525396347046,False,0.26611649990081787,False,0.2857455313205719,False
1624,p0n1783,95,2.5,0.5,6828.0,12.0,A-4,68,1,0,0.2224947214126587,False,0.1284509301185608,False,0.26027101278305054,False
1625,p0n1784,95,2.5,0.5,6828.0,12.0,B-3,58,2,0,0.22898557782173157,False,0.11978129297494888,False,0.25956109166145325,False
1626,p0n1785,95,2.75,0.25,6834.0,6.0,F4,65,1,0,0.35489848256111145,False,0.26120150089263916,False,0.28093352913856506,False
1627,p0n1786,96,0.0,1.0,6840.0,24.0,G4,67,1,0,0.8367536664009094,True,0.707759439945221,True,0.6254550218582153,True
1628,p0n1787,96,0.0,1.0,6840.0,24.0,E-4,63,1,0,0.8409201502799988,True,0.7474618554115295,True,0.678837239742279,True
1629,p0n1788,96,0.0,1.0,6840.0,24.0,C4,60,2,0,0.7144134640693665,True,0.7283721566200256,True,0.4597141444683075,False
1630,p0n1795,96,2.0,1.0,6888.0,24.0,C6,84,1,0,0.6930086016654968,True,0.7936321496963501,True,0.6248934268951416,True
1631,p0n1794,96,2.0,1.0,6888.0,24.0,A-5,80,1,0,0.7266480326652527,True,0.4708561897277832,False,0.3227434754371643,False
1632,p0n1793,96,2.0,1.0,6888.0,24.0,F5,77,1,0,0.7576764225959778,True,0.7933059930801392,True,0.6035862565040588,True
1633,p0n1792,96,2.0,0.16666666666666666,6888.0,4.0,F3,53,1,0,0.5551730394363403,True,0.7421314716339111,True,0.22568823397159576,False
1634,p0n1797,96,2.0,1.0,6888.0,24.0,A-2,44,2,0,0.7077330350875854,True,0.6633336544036865,True,0.6458489894866943,True
1635,p0n1796,96,2.0,1.0,6888.0,24.0,A-1,32,2,0,0.7707517147064209,True,0.5974701046943665,True,0.589989423751831,True
1636,p0n1798,96,2.1666666666666665,0.16666666666666666,6892.0,4.0,A-3,56,1,0,0.2581147849559784,False,0.10208378732204437,False,0.24984925985336304,False
1637,p0n1799,96,2.3333333333333335,0.16666666666666666,6896.0,4.0,G3,55,1,0,0.5631916522979736,True,0.21018433570861816,False,0.24562060832977295,False
1638,p0n1800,96,2.5,0.16666666666666666,6900.0,4.0,F3,53,1,0,0.4829990565776825,False,0.21387964487075806,False,0.27758240699768066,False
1639,p0n1801,96,2.6666666666666665,0.16666666666666666,6904.0,4.0,A-3,56,1,0,0.22920896112918854,False,0.10744719207286835,False,0.2498297393321991,False
1640,p0n1802,96,2.8333333333333335,0.16666666666666666,6908.0,4.0,C4,60,1,0,0.7157070636749268,True,0.44806382060050964,False,0.3289176821708679,False
1641,p0n1805,97,0.0,1.0,6912.0,24.0,B-5,82,1,0,0.9362494945526123,True,0.9577031135559082,True,0.7763646245002747,True
1642,p0n1804,97,0.0,1.0,6912.0,24.0,G5,79,1,0,0.8312607407569885,True,0.936096727848053,True,0.8078628778457642,True
1643,p0n1803,97,0.0,1.5,6912.0,36.0,B-3,58,1,0,0.9026404619216919,True,0.962017834186554,True,0.8106243014335632,True
1644,p0n1807,97,0.0,3.0,6912.0,72.0,B-2,46,2,0,0.9349502921104431,True,0.833746612071991,True,0.702236533164978,True
1645,p0n1806,97,0.0,3.0,6912.0,72.0,B-1,34,2,0,0.940942108631134,True,0.8363806009292603,True,0.6258751749992371,True
1646,p0n1810,97,1.0,1.0,6936.0,24.0,G5,79,1,0,0.8203065395355225,True,0.8108792901039124,True,0.5115541219711304,True
1647,p0n1809,97,1.0,1.0,6936.0,24.0,E-5,75,1,0,0.7922961115837097,True,0.6991955041885376,True,0.41704273223876953,False
1648,p0n1808,97,1.0,1.0,6936.0,24.0,B-4,70,1,0,0.9344692230224609,True,0.8785399794578552,True,0.680402398109436,True
1649,p0n1811,97,1.5,0.5,6948.0,12.0,B-3,58,1,0,0.7573655843734741,True,0.5464884638786316,True,0.450481116771698,False
1650,p0n1815,97,2.0,1.0,6960.0,24.0,F5,77,1,0,0.6669034361839294,True,0.6053028702735901,True,0.4475029706954956,False
1651,p0n1814,97,2.0,1.0,6960.0,24.0,B-4,70,1,0,0.8194380402565002,True,0.4306894540786743,False,0.33842870593070984,False
1652,p0n1813,97,2.0,1.0,6960.0,24.0,A-4,68,1,0,0.6124950051307678,True,0.36520177125930786,False,0.29723504185676575,False
1653,p0n1812,97,2.0,0.5,6960.0,12.0,C4,60,1,0,0.5485193729400635,True,0.468496710062027,False,0.35181039571762085,False
1654,p0n1816,97,2.5,0.5,6972.0,12.0,D4,62,1,0,0.9177410006523132,True,0.8225010633468628,True,0.7963630557060242,True
1655,p0n1820,98,0.0,1.0,6984.0,24.0,E-5,75,1,0,0.95796138048172,True,0.9551920294761658,True,0.8250804543495178,True
1656,p0n1819,98,0.0,1.0,6984.0,24.0,B-4,70,1,0,0.9151819348335266,True,0.8017547130584717,True,0.6660745739936829,True
1657,p0n1818,98,0.0,1.0,6984.0,24.0,G4,67,1,0,0.9555386900901794,True,0.8477061986923218,True,0.6722386479377747,True
1658,p0n1817,98,0.0,1.0,6984.0,24.0,E-4,63,1,0,0.9020397663116455,True,0.7636248469352722,True,0.5494479537010193,True
1659,p0n1822,98,0.0,1.0,6984.0,24.0,E-3,51,2,0,0.7732993960380554,True,0.5721114873886108,True,0.5143741965293884,True
1660,p0n1821,98,0.0,1.0,6984.0,24.0,E-2,39,2,0,0.922637403011322,True,0.6979952454566956,True,0.49869200587272644,False
1661,p0n1823,98,1.0,1.0,7008.0,24.0,E-4,63,1,0,0.8893581032752991,True,0.9060142040252686,True,0.7208651900291443,True
1662,p0n1826,98,1.0,1.0,7008.0,24.0,E-4,63,1,0,0.8018840551376343,True,0.8172832131385803,True,0.6216162443161011,True
1663,p0n1825,98,1.0,1.0,7008.0,24.0,B-3,58,1,0,0.924220085144043,True,0.9364354014396667,True,0.7658531665802002,True
1664,p0n1824,98,1.0,1.0,7008.0,24.0,G3,55,1,0,0.775065541267395,True,0.7323242425918579,True,0.4682577848434448,False
1665,p0n1827,98,1.0,1.0,7008.0,24.0,B-2,46,2,0,0.9214845895767212,True,0.6717644929885864,True,0.5400853157043457,True
1666,p0n1828,98,2.0,1.0,7032.0,24.0,E-4,63,1,0,0.7127397656440735,True,0.5200585126876831,True,0.4188099801540375,False
1667,p0n1831,98,2.0,1.0,7032.0,24.0,E-4,63,1,0,0.6682590246200562,True,0.556617796421051,True,0.4251576066017151,False
1668,p0n1830,98,2.0,1.0,7032.0,24.0,B-3,58,1,0,0.724268913269043,True,0.5108180046081543,True,0.45046481490135193,False
1669,p0n1829,98,2.0,1.0,7032.0,24.0,G3,55,1,0,0.7457042932510376,True,0.6317071914672852,True,0.46557214856147766,False
1670,p0n1832,98,2.0,1.0,7032.0,24.0,G2,43,2,0,0.7910601496696472,True,0.7764111161231995,True,0.5640801787376404,True
1671,p0n1833,99,0.0,2.0,7056.0,48.0,E-4,63,1,0,0.9066070914268494,True,0.9067444801330566,True,0.815263032913208,True
1672,p0n1836,99,0.0,2.0,7056.0,48.0,E-4,63,1,0,0.8970779180526733,True,0.8988649845123291,True,0.7970815896987915,True
1673,p0n1835,99,0.0,2.0,7056.0,48.0,B-3,58,1,0,0.9280130863189697,True,0.9000673890113831,True,0.7784097790718079,True
1674,p0n1834,99,0.0,2.0,7056.0,48.0,G3,55,1,0,0.9081283807754517,True,0.8362061977386475,True,0.6869018077850342,True
1675,p0n1838,99,0.0,2.0,7056.0,48.0,E-3,51,2,0,0.9252827763557434,True,0.8564070463180542,True,0.6418954133987427,True
1676,p0n1837,99,0.0,2.0,7056.0,48.0,E-2,39,2,0,0.9168470501899719,True,0.7711424827575684,True,0.5508937239646912,True
