note_index,measure,measure_offset,quarter_length,time_position,duration_seconds,pitch_name,pitch_midi,staff,voice,layer_1_score,layer_1_mask,layer_2_score,layer_2_mask,layer_3_score,layer_3_mask
0,1,0.0,2.0,0.0,48.0,F4,65,,0,0.9940013289451599,True,0.5457547307014465,True,0.36875998973846436,False
1,1,0.0,0.5,0.0,12.0,F3,53,,0,0.9766305685043335,True,0.7776535749435425,True,0.6745843291282654,True
2,1,0.5,0.5,12.0,12.0,A3,57,,0,0.9969792366027832,True,0.6805659532546997,True,0.6100494861602783,True
3,1,1.0,0.5,24.0,12.0,C4,60,,0,0.9923744797706604,True,0.8780142664909363,True,0.640516459941864,True
4,1,1.5,0.5,36.0,12.0,A3,57,,0,0.9912769794464111,True,0.7221306562423706,True,0.8214143514633179,True
5,1,2.0,1.0,48.0,24.0,A4,69,,0,0.9865819215774536,True,0.412687212228775,False,0.3417578637599945,False
6,1,2.0,0.5,48.0,12.0,C4,60,,0,0.9738680124282837,True,0.8439155220985413,True,0.4991523027420044,False
7,1,2.5,0.5,60.0,12.0,A3,57,,0,0.9791617393493652,True,0.5843720436096191,True,0.8698833584785461,True
8,2,0.0,2.0,72.0,48.0,C5,72,,0,0.9784290194511414,True,0.8437089323997498,True,0.8333851099014282,True
9,2,0.0,0.5,72.0,12.0,F3,53,,0,0.9813240170478821,True,0.820072591304779,True,0.8042752146720886,True
10,2,0.5,0.5,84.0,12.0,C4,60,,0,0.9590176343917847,True,0.8763929605484009,True,0.794739842414856,True
11,2,1.0,0.5,96.0,12.0,E-4,63,,0,0.9759206771850586,True,0.6222085356712341,True,0.600721538066864,True
12,2,1.5,0.5,108.0,12.0,C4,60,,0,0.9036465883255005,True,0.854844331741333,True,0.8574636578559875,True
13,2,2.0,1.0,120.0,24.0,A4,69,,0,0.9897289276123047,True,0.22423133254051208,False,0.3068857192993164,False
14,2,2.0,0.5,120.0,12.0,E-4,63,,0,0.9308469295501709,True,0.5961505174636841,True,0.49586567282676697,False
15,2,2.5,0.5,132.0,12.0,C4,60,,0,0.9752973914146423,True,0.8441983461380005,True,0.8315321803092957,True
16,3,0.0,2.0,144.0,48.0,B-4,70,,0,0.7183215618133545,True,0.5772174596786499,True,0.6251654028892517,True
17,3,0.0,0.5,144.0,12.0,F3,53,,0,0.8617241382598877,True,0.5323994159698486,True,0.757280707359314,True
18,3,0.5,0.5,156.0,12.0,B-3,58,,0,0.9481001496315002,True,0.33994191884994507,False,0.3522964417934418,False
19,3,1.0,0.5,168.0,12.0,D4,62,,0,0.9783089756965637,True,0.5519939064979553,True,0.4222899079322815,False
20,3,1.5,0.5,180.0,12.0,B-3,58,,0,0.9415159821510315,True,0.4827650189399719,False,0.38741862773895264,False
21,3,2.0,1.0,192.0,24.0,G5,79,,0,0.9448485374450684,True,0.23675023019313812,False,0.31157955527305603,False
22,3,2.0,0.5,192.0,12.0,D4,62,,0,0.9373137950897217,True,0.5664508938789368,True,0.44399508833885193,False
23,3,2.5,0.5,204.0,12.0,B-3,58,,0,0.8497721552848816,True,0.44422847032546997,False,0.3640062212944031,False
24,4,0.0,0.5,216.0,12.0,F5,77,,0,0.6513510346412659,True,0.4675796926021576,False,0.3499474823474884,False
25,4,0.0,0.5,216.0,12.0,F3,53,,0,0.7974130511283875,True,0.5496245622634888,True,0.6364651322364807,True
26,4,0.5,0.5,228.0,12.0,E5,76,,0,0.9920902252197266,True,0.11100906878709793,False,0.29731759428977966,False
27,4,0.5,0.5,228.0,12.0,G3,55,,0,0.9665797352790833,True,0.8156700134277344,True,0.524185836315155,True
28,4,1.0,1.0,240.0,24.0,E5,76,,0,0.9849385023117065,True,0.11777925491333008,False,0.291448712348938,False
29,4,1.0,0.5,240.0,12.0,B-3,58,,0,0.9249172210693359,True,0.5237510800361633,True,0.7376897931098938,True
30,4,1.5,0.5,252.0,12.0,G3,55,,0,0.8264778256416321,True,0.6767063140869141,True,0.5145714282989502,True
31,4,2.0,0.5,264.0,12.0,B-3,58,,0,0.558373212814331,True,0.2654871940612793,False,0.3155208230018616,False
32,4,2.5,0.5,276.0,12.0,G3,55,,0,0.5882129073143005,True,0.4949418008327484,False,0.3328295946121216,False
33,5,0.0,1.0,288.0,24.0,F5,77,,0,0.2842443287372589,False,0.36678460240364075,False,0.3061174750328064,False
34,5,0.0,1.0,288.0,24.0,A3,57,,0,0.9762716293334961,True,0.28647440671920776,False,0.3552309274673462,False
35,5,0.0,1.0,288.0,24.0,F3,53,,0,0.7158636450767517,True,0.7076442837715149,True,0.743536114692688,True
36,5,1.0,1.0,312.0,24.0,A4,69,,0,0.9962496161460876,True,0.5532359480857849,True,0.6240078210830688,True
37,5,2.0,1.0,336.0,24.0,D5,74,,0,0.8225288987159729,True,0.8955998420715332,True,0.44025278091430664,False
38,6,0.0,1.0,360.0,24.0,G4,67,,0,0.9810210466384888,True,0.6625401973724365,True,0.841791570186615,True
39,6,1.0,1.5,384.0,36.0,C5,72,,0,0.8056939244270325,True,0.8560476899147034,True,0.5742892026901245,True
40,6,2.5,0.5,420.0,12.0,A4,69,,0,0.950373113155365,True,0.30000975728034973,False,0.33253762125968933,False
41,7,0.0,4.0,432.0,96.0,F4,65,,0,0.8754599094390869,True,0.9424881339073181,True,0.8601899147033691,True
42,7,0.0,1.0,432.0,24.0,F3,53,,0,0.7402027249336243,True,0.8681117296218872,True,0.7868317365646362,True
43,7,1.0,1.0,456.0,24.0,A2,45,,0,0.96851646900177,True,0.7881099581718445,True,0.5126122236251831,True
44,7,2.0,1.0,480.0,24.0,D3,50,,0,0.8288949131965637,True,0.38542482256889343,False,0.3572272062301636,False
45,8,0.0,3.0,504.0,72.0,G4,67,,0,0.8957566618919373,True,0.43730565905570984,False,0.39411285519599915,False
46,8,0.0,1.0,504.0,24.0,G2,43,,0,0.9589686393737793,True,0.8013765215873718,True,0.5153883099555969,True
47,8,1.0,0.5,528.0,12.0,E4,64,,0,0.97686767578125,True,0.707648515701294,True,0.6663948893547058,True
48,8,1.0,1.5,528.0,36.0,C3,48,,0,0.8890277743339539,True,0.9142653942108154,True,0.8477054834365845,True
49,8,1.5,0.5,540.0,12.0,D4,62,,0,0.4655866026878357,False,0.39635181427001953,False,0.3195611238479614,False
50,8,2.0,1.0,552.0,24.0,E4,64,,0,0.8827530741691589,True,0.38414832949638367,False,0.33385586738586426,False
51,8,2.5,0.5,564.0,12.0,A2,45,,0,0.5180349946022034,True,0.5074294805526733,True,0.7179555892944336,True
52,9,0.0,1.0,576.0,24.0,A4,69,,0,0.9702296257019043,True,0.7125996351242065,True,0.45467033982276917,False
53,9,0.0,4.0,576.0,96.0,F4,65,,0,0.5561286807060242,True,0.7483416199684143,True,0.761102557182312,True
54,9,0.0,1.0,576.0,24.0,F2,41,,0,0.5429109930992126,True,0.48017361760139465,False,0.3708358407020569,False
55,9,1.0,1.0,600.0,24.0,B-4,70,,0,0.08469723165035248,False,0.33650678396224976,False,0.29191461205482483,False
56,9,1.0,1.0,600.0,24.0,D3,50,,0,0.9080396294593811,True,0.5082749128341675,True,0.7347053289413452,True
57,9,2.0,1.0,624.0,24.0,D5,74,,0,0.6429593563079834,True,0.8092927932739258,True,0.543576180934906,True
58,9,2.0,1.0,624.0,24.0,B-2,46,,0,0.599459707736969,True,0.7455042600631714,True,0.6081371903419495,True
59,10,0.0,0.5,648.0,12.0,D5,74,,0,0.917149007320404,True,0.6766599416732788,True,0.6594733595848083,True
60,10,0.0,1.0,648.0,24.0,A2,45,,0,0.8135444521903992,True,0.5679161548614502,True,0.8845966458320618,True
61,10,0.5,0.5,660.0,12.0,C5,72,,0,0.8009251952171326,True,0.5832307934761047,True,0.5592129230499268,True
62,10,1.0,0.5,672.0,12.0,B-4,70,,0,0.19413065910339355,False,0.35874828696250916,False,0.29579347372055054,False
63,10,1.5,0.5,684.0,12.0,A4,69,,0,0.958774745464325,True,0.2695193886756897,False,0.3027191758155823,False
64,10,2.0,0.5,696.0,12.0,G4,67,,0,0.9093175530433655,True,0.3971948027610779,False,0.3668816387653351,False
65,10,2.0,1.0,696.0,24.0,D3,50,,0,0.850322961807251,True,0.24319274723529816,False,0.32636600732803345,False
66,10,2.5,0.5,708.0,12.0,F4,65,,0,0.07943326979875565,False,0.29036980867385864,False,0.2893112599849701,False
67,11,0.0,1.0,720.0,24.0,G4,67,,0,0.9719657897949219,True,0.3982287347316742,False,0.37652403116226196,False
68,11,0.0,1.0,720.0,24.0,B-2,46,,0,0.7481707334518433,True,0.5464115738868713,True,0.5394635200500488,True
69,11,1.0,1.0,744.0,24.0,B-4,70,,0,0.4310266077518463,False,0.4151676297187805,False,0.3071219027042389,False
70,11,2.0,1.0,768.0,24.0,E4,64,,0,0.8693838119506836,True,0.4132809042930603,False,0.3464978039264679,False
71,11,2.0,1.0,768.0,24.0,B-3,58,,0,0.5869542956352234,True,0.1192113608121872,False,0.28758612275123596,False
72,11,2.0,1.0,768.0,24.0,C3,48,,0,0.597874104976654,True,0.6202277541160583,True,0.6874180436134338,True
73,12,0.0,1.0,792.0,24.0,F4,65,,0,0.0628434270620346,False,0.3215116858482361,False,0.29380396008491516,False
74,12,0.0,1.0,792.0,24.0,A3,57,,0,0.947282612323761,True,0.26896247267723083,False,0.3335390090942383,False
75,12,0.0,1.0,792.0,24.0,F2,41,,0,0.48228684067726135,False,0.4149685800075531,False,0.3194487690925598,False
76,12,2.0,0.75,840.0,18.0,C6,84,,0,0.7056267857551575,True,0.5274801254272461,True,0.3795070946216583,False
77,12,2.0,0.75,840.0,18.0,C5,72,,0,0.1829739809036255,False,0.3630961775779724,False,0.2978437542915344,False
78,12,2.0,0.75,840.0,18.0,A4,69,,0,0.6439319849014282,True,0.47649458050727844,False,0.3217361569404602,False
79,12,2.75,0.25,858.0,6.0,B-5,82,,0,0.32268890738487244,False,0.361901193857193,False,0.2954656481742859,False
80,12,2.75,0.25,858.0,6.0,B-4,70,,0,0.3092956244945526,False,0.3471381366252899,False,0.290875643491745,False
81,12,2.75,0.25,858.0,6.0,G4,67,,0,0.8815494775772095,True,0.33281874656677246,False,0.3396821916103363,False
82,13,0.0,1.0,864.0,24.0,A5,81,,0,0.9928157329559326,True,0.6755552291870117,True,0.4500330090522766,False
83,13,0.0,1.0,864.0,24.0,A4,69,,0,0.9776064157485962,True,0.38812968134880066,False,0.3323306739330292,False
84,13,0.0,1.0,864.0,24.0,F4,65,,0,0.47006067633628845,False,0.3976730704307556,False,0.31518658995628357,False
85,13,1.0,1.0,888.0,24.0,A5,81,,0,0.9803491830825806,True,0.6651362776756287,True,0.3856290876865387,False
86,13,1.0,1.0,888.0,24.0,A4,69,,0,0.9053981304168701,True,0.3393312990665436,False,0.3165857195854187,False
87,13,1.0,1.0,888.0,24.0,F4,65,,0,0.2374529391527176,False,0.35047659277915955,False,0.29763156175613403,False
88,13,2.0,0.75,912.0,18.0,A5,81,,0,0.9287443161010742,True,0.715057373046875,True,0.4604107439517975,False
89,13,2.0,0.75,912.0,18.0,A4,69,,0,0.9006791710853577,True,0.4511868357658386,False,0.3210308849811554,False
90,13,2.0,0.75,912.0,18.0,F4,65,,0,0.15540002286434174,False,0.3252316117286682,False,0.29017889499664307,False
91,13,2.75,0.25,930.0,6.0,G5,79,,0,0.8266029357910156,True,0.3014165163040161,False,0.3228093087673187,False
92,13,2.75,0.25,930.0,6.0,G4,67,,0,0.6050945520401001,True,0.3550938665866852,False,0.33828121423721313,False
93,13,2.75,0.25,930.0,6.0,C4,60,,0,0.6517434120178223,True,0.9476355314254761,True,0.7619039416313171,True
94,14,0.0,1.0,936.0,24.0,F5,77,,0,0.44947895407676697,False,0.38569626212120056,False,0.3123098313808441,False
95,14,0.0,1.0,936.0,24.0,F4,65,,0,0.5566843748092651,True,0.6707627773284912,True,0.7349392771720886,True
96,14,0.0,1.0,936.0,24.0,A3,57,,0,0.9553561806678772,True,0.4910596013069153,False,0.38192856311798096,False
97,14,1.0,1.0,960.0,24.0,F5,77,,0,0.245082288980484,False,0.34656238555908203,False,0.2972733676433563,False
98,14,1.0,1.0,960.0,24.0,F4,65,,0,0.2893451452255249,False,0.3668346405029297,False,0.3020402491092682,False
99,14,1.0,1.0,960.0,24.0,A3,57,,0,0.9421230554580688,True,0.3564941883087158,False,0.3462769687175751,False
100,14,2.0,1.0,984.0,24.0,F5,77,,0,0.1804363876581192,False,0.3290404677391052,False,0.2920392155647278,False
101,14,2.0,1.0,984.0,24.0,F4,65,,0,0.29006341099739075,False,0.35444265604019165,False,0.29810136556625366,False
102,14,2.0,1.0,984.0,24.0,A3,57,,0,0.9236361980438232,True,0.4923659563064575,False,0.37299442291259766,False
103,15,0.0,1.0,1008.0,24.0,G5,79,,0,0.9427173137664795,True,0.2906498312950134,False,0.32912343740463257,False
104,15,0.0,1.0,1008.0,24.0,E5,76,,0,0.9888744354248047,True,0.3929620385169983,False,0.34554243087768555,False
105,15,0.0,1.0,1008.0,24.0,G4,67,,0,0.7693791389465332,True,0.6430891156196594,True,0.5335603952407837,True
106,15,0.0,1.0,1008.0,24.0,C4,60,,0,0.8407437205314636,True,0.9677491188049316,True,0.5738433599472046,True
107,15,1.0,1.0,1032.0,24.0,G5,79,,0,0.8529036045074463,True,0.4495939314365387,False,0.34978926181793213,False
108,15,1.0,1.0,1032.0,24.0,E5,76,,0,0.9430774450302124,True,0.2845818102359772,False,0.3181360363960266,False
109,15,1.0,1.0,1032.0,24.0,G4,67,,0,0.805616557598114,True,0.7223041653633118,True,0.5215525031089783,True
110,15,1.0,1.0,1032.0,24.0,C4,60,,0,0.7140153646469116,True,0.9717621207237244,True,0.5408812761306763,True
111,15,2.0,1.0,1056.0,24.0,G5,79,,0,0.7868338227272034,True,0.3369462192058563,False,0.32291701436042786,False
112,15,2.0,1.0,1056.0,24.0,E5,76,,0,0.8474442958831787,True,0.20868439972400665,False,0.29942598938941956,False
113,15,2.0,1.0,1056.0,24.0,G4,67,,0,0.664609432220459,True,0.611385703086853,True,0.6114500164985657,True
114,15,2.0,1.0,1056.0,24.0,C4,60,,0,0.6299297213554382,True,0.9624788761138916,True,0.55256587266922,True
115,16,0.0,1.0,1080.0,24.0,G5,79,,0,0.9469995498657227,True,0.342065691947937,False,0.32878583669662476,False
116,16,0.0,1.0,1080.0,24.0,E5,76,,0,0.934670090675354,True,0.11465305089950562,False,0.2924344539642334,False
117,16,0.0,1.0,1080.0,24.0,G4,67,,0,0.8102884292602539,True,0.4760371148586273,False,0.39234212040901184,False
118,16,0.0,1.0,1080.0,24.0,C4,60,,0,0.554996907711029,True,0.9147171974182129,True,0.5989466309547424,True
119,16,1.0,1.0,1104.0,24.0,A5,81,,0,0.8727481365203857,True,0.8190379738807678,True,0.5285601019859314,True
120,16,1.0,1.0,1104.0,24.0,F5,77,,0,0.0841539204120636,False,0.31740888953208923,False,0.29074159264564514,False
121,16,1.0,1.0,1104.0,24.0,A4,69,,0,0.8204730153083801,True,0.3925062119960785,False,0.32060372829437256,False
122,16,1.0,1.0,1104.0,24.0,F4,65,,0,0.12338333576917648,False,0.325560599565506,False,0.29221969842910767,False
123,16,2.0,0.25,1128.0,6.0,C6,84,,0,0.6404927372932434,True,0.34015023708343506,False,0.3129361867904663,False
124,16,2.0,0.75,1128.0,18.0,C5,72,,0,0.5882242321968079,True,0.6148227453231812,True,0.44453272223472595,False
125,16,2.0,0.75,1128.0,18.0,A4,69,,0,0.7834868431091309,True,0.27826711535453796,False,0.2999666631221771,False
126,16,2.25,0.25,1134.0,6.0,D6,86,,0,0.9282426834106445,True,0.31667956709861755,False,0.31090930104255676,False
127,16,2.5,0.25,1140.0,6.0,C6,84,,0,0.7123207449913025,True,0.3501353859901428,False,0.3213626742362976,False
128,16,2.75,0.25,1146.0,6.0,B-5,82,,0,0.3926001489162445,False,0.3642694652080536,False,0.2967386543750763,False
129,16,2.75,0.25,1146.0,6.0,B-4,70,,0,0.21242499351501465,False,0.33083125948905945,False,0.2887505292892456,False
130,16,2.75,0.25,1146.0,6.0,G4,67,,0,0.8284296989440918,True,0.22115488350391388,False,0.31854474544525146,False
131,17,0.0,1.0,1152.0,24.0,A5,81,,0,0.961085855960846,True,0.5971119403839111,True,0.5157564878463745,True
132,17,0.0,1.0,1152.0,24.0,A4,69,,0,0.9815487265586853,True,0.45199277997016907,False,0.3440582752227783,False
133,17,0.0,1.0,1152.0,24.0,F4,65,,0,0.6149380207061768,True,0.4608321487903595,False,0.3428459167480469,False
134,17,1.0,1.0,1176.0,24.0,A5,81,,0,0.9426924586296082,True,0.6129554510116577,True,0.4721120595932007,False
135,17,1.0,1.0,1176.0,24.0,A4,69,,0,0.9004276990890503,True,0.34220582246780396,False,0.3187590539455414,False
136,17,1.0,1.0,1176.0,24.0,F4,65,,0,0.36201077699661255,False,0.3735120892524719,False,0.3028773367404938,False
137,17,2.0,0.25,1200.0,6.0,A5,81,,0,0.9178099632263184,True,0.504068911075592,True,0.4519405663013458,False
138,17,2.0,0.75,1200.0,18.0,A4,69,,0,0.8326584696769714,True,0.3790951073169708,False,0.3105930984020233,False
139,17,2.0,0.75,1200.0,18.0,F4,65,,0,0.1801740676164627,False,0.3301136791706085,False,0.2911209166049957,False
140,17,2.25,0.25,1206.0,6.0,B-5,82,,0,0.33265969157218933,False,0.35404402017593384,False,0.2938160002231598,False
141,17,2.5,0.25,1212.0,6.0,A5,81,,0,0.9754800200462341,True,0.6639974117279053,True,0.4318074584007263,False
142,17,2.75,0.25,1218.0,6.0,G5,79,,0,0.8858886361122131,True,0.2142104059457779,False,0.301830530166626,False
143,17,2.75,0.25,1218.0,6.0,G4,67,,0,0.5978915691375732,True,0.18035632371902466,False,0.3063466250896454,False
144,17,2.75,0.25,1218.0,6.0,C4,60,,0,0.8110050559043884,True,0.9148417115211487,True,0.47633272409439087,False
145,18,0.0,1.0,1224.0,24.0,F5,77,,0,0.46045708656311035,False,0.3891461491584778,False,0.31288784742355347,False
146,18,0.0,1.0,1224.0,24.0,F4,65,,0,0.5534126162528992,True,0.5417917370796204,True,0.606974720954895,True
147,18,0.0,1.0,1224.0,24.0,A3,57,,0,0.9438731074333191,True,0.344598650932312,False,0.346736341714859,False
148,18,1.0,1.0,1248.0,24.0,F5,77,,0,0.25902655720710754,False,0.35088497400283813,False,0.2983125150203705,False
149,18,1.0,1.0,1248.0,24.0,F4,65,,0,0.2828436493873596,False,0.36008501052856445,False,0.30069205164909363,False
150,18,1.0,1.0,1248.0,24.0,A3,57,,0,0.9508464336395264,True,0.21790798008441925,False,0.3146081864833832,False
151,18,2.0,1.0,1272.0,24.0,F5,77,,0,0.21931955218315125,False,0.3339287042617798,False,0.2939393222332001,False
152,18,2.0,1.0,1272.0,24.0,F4,65,,0,0.2743498682975769,False,0.3486182987689972,False,0.2973026931285858,False
153,18,2.0,1.0,1272.0,24.0,A3,57,,0,0.9595993161201477,True,0.18925859034061432,False,0.30958548188209534,False
154,19,0.0,1.0,1296.0,24.0,G5,79,,0,0.8928296566009521,True,0.31368792057037354,False,0.3311627507209778,False
155,19,0.0,1.0,1296.0,24.0,G4,67,,0,0.8821036219596863,True,0.25594693422317505,False,0.3436874747276306,False
156,19,0.0,1.0,1296.0,24.0,C4,60,,0,0.6659209728240967,True,0.8818178772926331,True,0.4866052269935608,False
157,19,1.0,1.0,1320.0,24.0,B-5,82,,0,0.4177536964416504,False,0.4132609963417053,False,0.3113345503807068,False
158,19,2.0,1.0,1344.0,24.0,E5,76,,0,0.8513515591621399,True,0.0608334019780159,False,0.2810334861278534,False
159,19,2.0,1.0,1344.0,24.0,B-4,70,,0,0.14784052968025208,False,0.3400954604148865,False,0.29062145948410034,False
160,19,2.0,1.0,1344.0,24.0,G4,67,,0,0.8834943175315857,True,0.09239532053470612,False,0.29542821645736694,False
161,19,2.0,1.0,1344.0,24.0,C4,60,,0,0.3112197816371918,False,0.38460657000541687,False,0.30044230818748474,False
162,20,0.0,1.0,1368.0,24.0,F5,77,,0,0.2377508282661438,False,0.34838545322418213,False,0.3019295930862427,False
163,20,0.0,1.0,1368.0,24.0,A4,69,,0,0.9029595255851746,True,0.2482985556125641,False,0.313804566860199,False
164,20,0.0,1.0,1368.0,24.0,F4,65,,0,0.23762238025665283,False,0.3574356734752655,False,0.30301499366760254,False
165,20,2.0,1.0,1416.0,24.0,C6,84,,0,0.839698314666748,True,0.3809889853000641,False,0.3274564743041992,False
166,20,2.0,1.0,1416.0,24.0,B-4,70,,0,0.5237239003181458,True,0.7420589327812195,True,0.26960289478302,False
167,20,2.0,1.0,1416.0,24.0,E4,64,,0,0.8351595401763916,True,0.26367130875587463,False,0.3198285698890686,False
168,20,2.0,1.0,1416.0,24.0,C4,60,,0,0.5834672451019287,True,0.5810205936431885,True,0.3566564917564392,False
169,21,0.0,1.0,1440.0,24.0,F5,77,,0,0.3014548122882843,False,0.3660847246646881,False,0.30664685368537903,False
170,21,0.0,1.0,1440.0,24.0,A4,69,,0,0.984193742275238,True,0.40634796023368835,False,0.3333003520965576,False
171,21,0.0,1.0,1440.0,24.0,F4,65,,0,0.8744198679924011,True,0.5272672772407532,True,0.48838844895362854,False
172,21,2.0,1.0,1488.0,24.0,C5,72,,0,0.6937178373336792,True,0.793899416923523,True,0.4707450866699219,False
173,21,2.0,1.0,1488.0,24.0,B-3,58,,0,0.847000241279602,True,0.12969276309013367,False,0.2900400459766388,False
174,21,2.0,1.0,1488.0,24.0,E3,52,,0,0.96720951795578,True,0.6279374361038208,True,0.7176476120948792,True
175,21,2.0,1.0,1488.0,24.0,C3,48,,0,0.8412076234817505,True,0.37254390120506287,False,0.36074739694595337,False
176,22,0.0,1.0,1512.0,24.0,F4,65,,0,0.846370279788971,True,0.38053834438323975,False,0.32254695892333984,False
177,22,0.0,1.0,1512.0,24.0,A3,57,,0,0.9943970441818237,True,0.6196410655975342,True,0.4107809066772461,False
178,22,0.0,1.0,1512.0,24.0,F3,53,,0,0.8929336667060852,True,0.7675722241401672,True,0.47191911935806274,False
179,22,2.0,1.0,1560.0,24.0,C#4,61,,0,0.9903516173362732,True,0.17783091962337494,False,0.31860265135765076,False
180,22,2.0,1.0,1560.0,24.0,C#3,49,,0,0.9936360120773315,True,0.6947922706604004,True,0.7504917979240417,True
181,22,2.0,1.0,1560.0,24.0,C#2,37,,0,0.9809631109237671,True,0.826662540435791,True,0.5899996161460876,True
182,23,0.0,1.5,1584.0,36.0,D4,62,,0,0.7068910002708435,True,0.4346112012863159,False,0.36000528931617737,False
183,23,0.0,0.5,1584.0,12.0,D3,50,,0,0.3843463063240051,False,0.38928794860839844,False,0.3096272647380829,False
184,23,0.0,0.5,1584.0,12.0,D2,38,,0,0.5528542399406433,True,0.3634776175022125,False,0.32004544138908386,False
185,23,0.5,0.5,1596.0,12.0,F3,53,,0,0.9208806753158569,True,0.7933223247528076,True,0.5779588222503662,True
186,23,1.0,0.5,1608.0,12.0,A3,57,,0,0.9957038760185242,True,0.6359861493110657,True,0.5516608953475952,True
187,23,1.5,0.25,1620.0,6.0,F4,65,,0,0.908393383026123,True,0.5527155995368958,True,0.46585190296173096,False
188,23,1.5,0.5,1620.0,12.0,F3,53,,0,0.8135330080986023,True,0.8476062417030334,True,0.5829914212226868,True
189,23,1.75,0.25,1626.0,6.0,A4,69,,0,0.9785022735595703,True,0.5220575332641602,True,0.3497818112373352,False
190,23,2.0,0.5,1632.0,12.0,D5,74,,0,0.9934858679771423,True,0.5130249261856079,True,0.5614209175109863,True
191,23,2.0,0.5,1632.0,12.0,A3,57,,0,0.9897116422653198,True,0.5219820141792297,True,0.4855283796787262,False
192,23,2.5,0.25,1644.0,6.0,A4,69,,0,0.9128289818763733,True,0.4498354196548462,False,0.31663334369659424,False
193,23,2.5,0.5,1644.0,12.0,F3,53,,0,0.9297855496406555,True,0.7287909388542175,True,0.5286310911178589,True
194,23,2.75,0.25,1650.0,6.0,D5,74,,0,0.9687325954437256,True,0.2215101718902588,False,0.31530335545539856,False
195,24,0.0,0.5,1656.0,12.0,F5,77,,0,0.5293546915054321,True,0.43610405921936035,False,0.3226841688156128,False
196,24,0.0,0.5,1656.0,12.0,D3,50,,0,0.5550685524940491,True,0.2060166597366333,False,0.31737402081489563,False
197,24,0.5,0.25,1668.0,6.0,D5,74,,0,0.8471778035163879,True,0.27741894125938416,False,0.3302413523197174,False
198,24,0.5,0.5,1668.0,12.0,F3,53,,0,0.8897918462753296,True,0.7893235087394714,True,0.49044668674468994,False
199,24,0.75,0.25,1674.0,6.0,F5,77,,0,0.22681091725826263,False,0.31451860070228577,False,0.2887342870235443,False
200,24,1.0,0.5,1680.0,12.0,A5,81,,0,0.9798465967178345,True,0.6888209581375122,True,0.45763659477233887,False
201,24,1.0,0.5,1680.0,12.0,A3,57,,0,0.9974804520606995,True,0.6097583770751953,True,0.4893120229244232,False
202,24,1.5,0.5,1692.0,12.0,A5,81,,0,0.9554232954978943,True,0.676964282989502,True,0.4761665463447571,False
203,24,1.5,0.5,1692.0,12.0,F3,53,,0,0.878484845161438,True,0.8063231706619263,True,0.5439553260803223,True
204,24,2.0,0.5,1704.0,12.0,F5,77,,0,0.1816340833902359,False,0.3314547538757324,False,0.29112541675567627,False
205,24,2.0,0.5,1704.0,12.0,A3,57,,0,0.9875553250312805,True,0.5183683633804321,True,0.4757433831691742,False
206,24,2.5,0.5,1716.0,12.0,D5,74,,0,0.8847187161445618,True,0.30625662207603455,False,0.3328288495540619,False
207,24,2.5,0.5,1716.0,12.0,F3,53,,0,0.7924816012382507,True,0.5557328462600708,True,0.40987205505371094,False
208,25,0.0,1.5,1728.0,36.0,B-5,82,,0,0.09524992853403091,False,0.3415873348712921,False,0.2953603267669678,False
209,25,0.0,0.0,1728.0,0.0,G5,79,,0,0.8542049527168274,True,0.33794453740119934,False,0.3377324044704437,False
210,25,0.0,0.0,1728.0,0.0,E5,76,,0,0.8390958905220032,True,0.3605645000934601,False,0.3276174068450928,False
211,25,0.0,0.0,1728.0,0.0,C#5,73,,0,0.8673903346061707,True,0.185719296336174,False,0.30305102467536926,False
212,25,0.0,1.0,1728.0,24.0,E3,52,,0,0.9944117665290833,True,0.36946550011634827,False,0.36246851086616516,False
213,25,0.0,1.0,1728.0,24.0,E2,40,,0,0.8883671164512634,True,0.716923713684082,True,0.8049887418746948,True
214,25,1.0,1.0,1752.0,24.0,C#4,61,,0,0.967166006565094,True,0.3541666865348816,False,0.3687034547328949,False
215,25,1.0,1.0,1752.0,24.0,B-3,58,,0,0.8948653340339661,True,0.15112847089767456,False,0.29425981640815735,False
216,25,1.0,1.0,1752.0,24.0,G3,55,,0,0.8842599391937256,True,0.832527756690979,True,0.7664753198623657,True
217,25,1.0,1.0,1752.0,24.0,E3,52,,0,0.8801903128623962,True,0.3267776072025299,False,0.33259740471839905,False
218,25,1.5,0.25,1764.0,6.0,A5,81,,0,0.6664583683013916,True,0.3989398181438446,False,0.31766563653945923,False
219,25,1.75,0.25,1770.0,6.0,G5,79,,0,0.8139861822128296,True,0.2977827191352844,False,0.3083491921424866,False
220,25,2.0,0.25,1776.0,6.0,F5,77,,0,0.0849461778998375,False,0.31296759843826294,False,0.28743210434913635,False
221,25,2.25,0.25,1782.0,6.0,E5,76,,0,0.8656266927719116,True,0.24579161405563354,False,0.2910470962524414,False
222,25,2.5,0.25,1788.0,6.0,D5,74,,0,0.2737269997596741,False,0.3456530272960663,False,0.30181026458740234,False
223,25,2.75,0.25,1794.0,6.0,C#5,73,,0,0.8850324153900146,True,0.30067235231399536,False,0.3058513402938843,False
224,26,0.0,1.5,1800.0,36.0,B-5,82,,0,0.6135213971138,True,0.6797016859054565,True,0.40381982922554016,False
225,26,0.0,1.0,1800.0,24.0,E3,52,,0,0.9933631420135498,True,0.3305647075176239,False,0.3470357656478882,False
226,26,0.0,1.0,1800.0,24.0,E2,40,,0,0.7769235372543335,True,0.6741472482681274,True,0.7438451647758484,True
227,26,1.0,1.0,1824.0,24.0,C#4,61,,0,0.9717000722885132,True,0.177199125289917,False,0.30552592873573303,False
228,26,1.0,1.0,1824.0,24.0,B-3,58,,0,0.9803441762924194,True,0.1673487275838852,False,0.300171434879303,False
229,26,1.0,1.0,1824.0,24.0,G3,55,,0,0.9845372438430786,True,0.6533798575401306,True,0.4748985469341278,False
230,26,1.0,1.0,1824.0,24.0,E3,52,,0,0.8497278690338135,True,0.341318279504776,False,0.32951584458351135,False
231,26,1.5,0.25,1836.0,6.0,A5,81,,0,0.7589582800865173,True,0.5093623399734497,True,0.4106464385986328,False
232,26,1.75,0.25,1842.0,6.0,G5,79,,0,0.8080611228942871,True,0.37708815932273865,False,0.32329559326171875,False
233,26,2.0,0.25,1848.0,6.0,F5,77,,0,0.3713333010673523,False,0.36395567655563354,False,0.3003314733505249,False
234,26,2.25,0.25,1854.0,6.0,E5,76,,0,0.701313853263855,True,0.1726171374320984,False,0.28968992829322815,False
235,26,2.5,0.25,1860.0,6.0,D5,74,,0,0.737963855266571,True,0.4326869249343872,False,0.3635549247264862,False
236,26,2.75,0.25,1866.0,6.0,C#5,73,,0,0.6790441870689392,True,0.5646770000457764,True,0.5379602909088135,True
237,27,0.0,1.5,1872.0,36.0,D5,74,,0,0.8081566691398621,True,0.6231135129928589,True,0.4957541823387146,False
238,27,0.0,0.5,1872.0,12.0,F3,53,,0,0.7531580924987793,True,0.4776633381843567,False,0.3518034815788269,False
239,27,0.5,0.5,1884.0,12.0,A3,57,,0,0.8384955525398254,True,0.6181044578552246,True,0.6779544949531555,True
240,27,1.0,0.5,1896.0,12.0,D4,62,,0,0.8197964429855347,True,0.6301473379135132,True,0.38368210196495056,False
241,27,1.5,0.25,1908.0,6.0,F4,65,,0,0.48004522919654846,False,0.37177276611328125,False,0.30764704942703247,False
242,27,1.5,0.5,1908.0,12.0,A3,57,,0,0.8786733746528625,True,0.6860957145690918,True,0.7147149443626404,True
243,27,1.75,0.25,1914.0,6.0,A4,69,,0,0.9266567826271057,True,0.5508052110671997,True,0.3375413715839386,False
244,27,2.0,0.5,1920.0,12.0,D5,74,,0,0.6699326038360596,True,0.6992456912994385,True,0.43180668354034424,False
245,27,2.0,0.5,1920.0,12.0,D4,62,,0,0.270390123128891,False,0.3539583086967468,False,0.2964746654033661,False
246,27,2.5,0.25,1932.0,6.0,A4,69,,0,0.30564814805984497,False,0.3369385004043579,False,0.29350921511650085,False
247,27,2.5,0.5,1932.0,12.0,A3,57,,0,0.7619319558143616,True,0.4816940724849701,False,0.3677408993244171,False
248,27,2.75,0.25,1938.0,6.0,D5,74,,0,0.5831655859947205,True,0.5886669754981995,True,0.42345866560935974,False
249,28,0.0,0.5,1944.0,12.0,F5,77,,0,0.90378338098526,True,0.3214462399482727,False,0.31530603766441345,False
250,28,0.0,0.5,1944.0,12.0,F3,53,,0,0.7877054214477539,True,0.4081076979637146,False,0.3372230529785156,False
251,28,0.5,0.25,1956.0,6.0,D5,74,,0,0.18778926134109497,False,0.3332551121711731,False,0.2988695502281189,False
252,28,0.5,0.5,1956.0,12.0,A3,57,,0,0.8681479692459106,True,0.482448548078537,False,0.3683958053588867,False
253,28,0.75,0.25,1962.0,6.0,F5,77,,0,0.3733111023902893,False,0.3354896306991577,False,0.2935367524623871,False
254,28,1.0,0.5,1968.0,12.0,A5,81,,0,0.9482223391532898,True,0.64988774061203,True,0.4358218014240265,False
255,28,1.0,0.5,1968.0,12.0,D4,62,,0,0.23924005031585693,False,0.3596677780151367,False,0.299774706363678,False
256,28,1.5,0.5,1980.0,12.0,A5,81,,0,0.8289983868598938,True,0.5108580589294434,True,0.44726037979125977,False
257,28,1.5,0.5,1980.0,12.0,A3,57,,0,0.8513348698616028,True,0.4297526180744171,False,0.3579007387161255,False
258,28,2.0,0.5,1992.0,12.0,F5,77,,0,0.21177318692207336,False,0.3355855643749237,False,0.29231342673301697,False
259,28,2.0,0.5,1992.0,12.0,D4,62,,0,0.12594646215438843,False,0.3318009078502655,False,0.29254093766212463,False
260,28,2.5,0.5,2004.0,12.0,D5,74,,0,0.5096509456634521,True,0.36659419536590576,False,0.3381185233592987,False
261,28,2.5,0.5,2004.0,12.0,A3,57,,0,0.9257166981697083,True,0.4500696063041687,False,0.3640652894973755,False
262,29,0.0,1.5,2016.0,36.0,A-5,80,,0,0.5605868101119995,True,0.17857548594474792,False,0.3011195659637451,False
263,29,0.0,1.5,2016.0,36.0,F5,77,,0,0.5827745795249939,True,0.12978781759738922,False,0.2908509075641632,False
264,29,0.0,1.5,2016.0,36.0,D5,74,,0,0.19847023487091064,False,0.3684466779232025,False,0.3052314221858978,False
265,29,0.0,1.5,2016.0,36.0,B4,71,,0,0.8843890428543091,True,0.3614731729030609,False,0.33540743589401245,False
266,29,0.0,1.0,2016.0,24.0,D3,50,,0,0.9071559309959412,True,0.35883641242980957,False,0.3536667823791504,False
267,29,0.0,1.0,2016.0,24.0,D2,38,,0,0.8856052756309509,True,0.7021152973175049,True,0.6131970286369324,True
268,29,1.0,1.0,2040.0,24.0,B3,59,,0,0.7882381081581116,True,0.42492786049842834,False,0.3720371127128601,False
269,29,1.0,1.0,2040.0,24.0,A-3,56,,0,0.9925587177276611,True,0.8449597358703613,True,0.7591695785522461,True
270,29,1.0,1.0,2040.0,24.0,F3,53,,0,0.7375067472457886,True,0.4229695200920105,False,0.32949286699295044,False
271,29,1.0,1.0,2040.0,24.0,D3,50,,0,0.41683533787727356,False,0.38875073194503784,False,0.3047526180744171,False
272,29,1.5,0.25,2052.0,6.0,G5,79,,0,0.1828417032957077,False,0.3427581489086151,False,0.30178844928741455,False
273,29,1.75,0.25,2058.0,6.0,F5,77,,0,0.4066013693809509,False,0.34301045536994934,False,0.2936547100543976,False
274,29,2.0,0.25,2064.0,6.0,E-5,75,,0,0.7373003363609314,True,0.4613184928894043,False,0.3516958951950073,False
275,29,2.25,0.25,2070.0,6.0,D5,74,,0,0.06885498762130737,False,0.30808165669441223,False,0.2874487340450287,False
276,29,2.5,0.25,2076.0,6.0,C5,72,,0,0.24309134483337402,False,0.34900856018066406,False,0.2996005713939667,False
277,29,2.75,0.25,2082.0,6.0,B4,71,,0,0.6830087304115295,True,0.3466145694255829,False,0.3011596202850342,False
278,30,0.0,1.5,2088.0,36.0,A-5,80,,0,0.7967286705970764,True,0.27510708570480347,False,0.3222793638706207,False
279,30,0.0,1.0,2088.0,24.0,D3,50,,0,0.9350762367248535,True,0.37424221634864807,False,0.3488008975982666,False
280,30,0.0,1.0,2088.0,24.0,D2,38,,0,0.9232022762298584,True,0.716939389705658,True,0.6089839935302734,True
281,30,1.0,1.0,2112.0,24.0,B3,59,,0,0.41442930698394775,False,0.3850407600402832,False,0.30180853605270386,False
282,30,1.0,1.0,2112.0,24.0,A-3,56,,0,0.9932229518890381,True,0.8633836507797241,True,0.7367381453514099,True
283,30,1.0,1.0,2112.0,24.0,F3,53,,0,0.9028152227401733,True,0.46920445561408997,False,0.3481716811656952,False
284,30,1.0,1.0,2112.0,24.0,D3,50,,0,0.22405937314033508,False,0.35515648126602173,False,0.2981162369251251,False
285,30,1.5,0.25,2124.0,6.0,G5,79,,0,0.15270651876926422,False,0.33353883028030396,False,0.30048075318336487,False
286,30,1.75,0.25,2130.0,6.0,F5,77,,0,0.2091430425643921,False,0.3076561391353607,False,0.2876509726047516,False
287,30,2.0,0.25,2136.0,6.0,E-5,75,,0,0.9435938596725464,True,0.36642083525657654,False,0.342464804649353,False
288,30,2.25,0.25,2142.0,6.0,D5,74,,0,0.07594364881515503,False,0.3089733421802521,False,0.28813058137893677,False
289,30,2.5,0.25,2148.0,6.0,C5,72,,0,0.5932779908180237,True,0.3858715295791626,False,0.35412272810935974,False
290,30,2.75,0.25,2154.0,6.0,B4,71,,0,0.511102557182312,True,0.13255161046981812,False,0.281389445066452,False
291,31,0.0,1.25,2160.0,30.0,C5,72,,0,0.862564742565155,True,0.5096480250358582,True,0.4103880226612091,False
292,31,0.0,0.5,2160.0,12.0,E-3,51,,0,0.822442889213562,True,0.2585110068321228,False,0.3200758099555969,False
293,31,0.5,0.5,2172.0,12.0,G3,55,,0,0.8357532024383545,True,0.7187867760658264,True,0.5688177347183228,True
294,31,1.0,0.5,2184.0,12.0,C4,60,,0,0.8703739047050476,True,0.2599182724952698,False,0.3258630335330963,False
295,31,1.25,0.25,2190.0,6.0,G4,67,,0,0.3997151255607605,False,0.3987618684768677,False,0.310405969619751,False
296,31,1.5,0.25,2196.0,6.0,C5,72,,0,0.7925923466682434,True,0.6887741684913635,True,0.372451514005661,False
297,31,1.5,0.5,2196.0,12.0,G3,55,,0,0.7142656445503235,True,0.7666891813278198,True,0.5290349125862122,True
298,31,1.75,0.25,2202.0,6.0,G4,67,,0,0.6251886487007141,True,0.2850743234157562,False,0.3162803053855896,False
299,31,2.0,0.25,2208.0,6.0,E-5,75,,0,0.9680988192558289,True,0.4091193675994873,False,0.34841188788414,False
300,31,2.0,0.5,2208.0,12.0,C4,60,,0,0.9450571537017822,True,0.14210566878318787,False,0.29638198018074036,False
301,31,2.25,0.25,2214.0,6.0,C5,72,,0,0.590800940990448,True,0.7713056206703186,True,0.5515270829200745,True
302,31,2.5,0.25,2220.0,6.0,E-5,75,,0,0.8009108901023865,True,0.32847270369529724,False,0.3277125060558319,False
303,31,2.5,0.5,2220.0,12.0,G3,55,,0,0.786046028137207,True,0.7641035318374634,True,0.531671941280365,True
304,31,2.75,0.25,2226.0,6.0,C5,72,,0,0.6669668555259705,True,0.7808107733726501,True,0.5019060969352722,True
305,32,0.0,0.25,2232.0,6.0,G5,79,,0,0.8965737819671631,True,0.5203615427017212,True,0.33802908658981323,False
306,32,0.0,0.5,2232.0,12.0,E-3,51,,0,0.8421265482902527,True,0.29009222984313965,False,0.32219934463500977,False
307,32,0.25,0.25,2238.0,6.0,E-5,75,,0,0.7573254108428955,True,0.23397211730480194,False,0.3098089098930359,False
308,32,0.5,0.25,2244.0,6.0,G5,79,,0,0.30295681953430176,False,0.35378044843673706,False,0.3043144643306732,False
309,32,0.5,0.5,2244.0,12.0,G3,55,,0,0.7977919578552246,True,0.773348867893219,True,0.52032470703125,True
310,32,0.75,0.25,2250.0,6.0,E-5,75,,0,0.8747152090072632,True,0.20936091244220734,False,0.31260281801223755,False
311,32,1.0,1.0,2256.0,24.0,C6,84,,0,0.9556095004081726,True,0.4029253423213959,False,0.35043805837631226,False
312,32,1.0,0.5,2256.0,12.0,C4,60,,0,0.9727939963340759,True,0.17241019010543823,False,0.3022555708885193,False
313,32,1.5,0.5,2268.0,12.0,G3,55,,0,0.8726577162742615,True,0.6367869973182678,True,0.4678208529949188,False
314,32,2.0,0.5,2280.0,12.0,C4,60,,0,0.96479731798172,True,0.20980998873710632,False,0.3059644103050232,False
315,32,2.5,0.5,2292.0,12.0,G3,55,,0,0.941820502281189,True,0.8192721605300903,True,0.48929136991500854,False
316,33,0.0,1.25,2304.0,30.0,C5,72,,0,0.906148374080658,True,0.740000307559967,True,0.5536016225814819,True
317,33,0.0,0.5,2304.0,12.0,C3,48,,0,0.8434489965438843,True,0.48176220059394836,False,0.4232921302318573,False
318,33,0.5,0.5,2316.0,12.0,E-3,51,,0,0.9337859153747559,True,0.3352898359298706,False,0.3208349347114563,False
319,33,1.0,0.5,2328.0,12.0,A-3,56,,0,0.9868473410606384,True,0.7772973775863647,True,0.7736133337020874,True
320,33,1.25,0.25,2334.0,6.0,A-4,68,,0,0.9842959642410278,True,0.7450987696647644,True,0.7947021126747131,True
321,33,1.5,0.25,2340.0,6.0,C5,72,,0,0.8824818730354309,True,0.7242712378501892,True,0.5530935525894165,True
322,33,1.5,0.5,2340.0,12.0,E-3,51,,0,0.8468621969223022,True,0.37350040674209595,False,0.3256509006023407,False
323,33,1.75,0.25,2346.0,6.0,A-4,68,,0,0.989661455154419,True,0.5231359601020813,True,0.6818273663520813,True
324,33,2.0,0.25,2352.0,6.0,E-5,75,,0,0.7133669257164001,True,0.30507585406303406,False,0.3333142399787903,False
325,33,2.0,0.5,2352.0,12.0,A-3,56,,0,0.9832040071487427,True,0.47137337923049927,False,0.3905169665813446,False
326,33,2.25,0.25,2358.0,6.0,C5,72,,0,0.2968941330909729,False,0.35523268580436707,False,0.2957528829574585,False
327,33,2.5,0.25,2364.0,6.0,E-5,75,,0,0.6535366177558899,True,0.21734383702278137,False,0.3131551444530487,False
328,33,2.5,0.5,2364.0,12.0,E-3,51,,0,0.926355242729187,True,0.37024638056755066,False,0.3259052038192749,False
329,33,2.75,0.25,2370.0,6.0,C5,72,,0,0.42257747054100037,False,0.3749002516269684,False,0.3022973835468292,False
330,34,0.0,0.25,2376.0,6.0,A-5,80,,0,0.8053449392318726,True,0.3316783308982849,False,0.31970328092575073,False
331,34,0.0,0.5,2376.0,12.0,C3,48,,0,0.9127049446105957,True,0.39022114872932434,False,0.38073357939720154,False
332,34,0.25,0.25,2382.0,6.0,E-5,75,,0,0.7176563739776611,True,0.2405744045972824,False,0.3153400421142578,False
333,34,0.5,0.25,2388.0,6.0,A-5,80,,0,0.4952620565891266,False,0.39464688301086426,False,0.3042636215686798,False
334,34,0.5,0.5,2388.0,12.0,E-3,51,,0,0.9303228855133057,True,0.41900187730789185,False,0.3256385028362274,False
335,34,0.75,0.25,2394.0,6.0,E-5,75,,0,0.8217384815216064,True,0.37352633476257324,False,0.34145697951316833,False
336,34,1.0,1.0,2400.0,24.0,C6,84,,0,0.9759616255760193,True,0.528774619102478,True,0.3483778238296509,False
337,34,1.0,0.5,2400.0,12.0,A-3,56,,0,0.9932760000228882,True,0.42647191882133484,False,0.3855433762073517,False
338,34,1.5,0.5,2412.0,12.0,E-3,51,,0,0.8818464875221252,True,0.3346778452396393,False,0.3132205307483673,False
339,34,2.0,0.5,2424.0,12.0,A-3,56,,0,0.9921712875366211,True,0.39690443873405457,False,0.364707350730896,False
340,34,2.5,0.5,2436.0,12.0,E-3,51,,0,0.8803619146347046,True,0.5316007733345032,True,0.4129830002784729,False
341,35,0.0,1.25,2448.0,30.0,C5,72,,0,0.7129700183868408,True,0.6548020839691162,True,0.42183753848075867,False
342,35,0.0,0.5,2448.0,12.0,A-2,44,,0,0.9961190223693848,True,0.9096754193305969,True,0.8648868799209595,True
343,35,0.5,0.5,2460.0,12.0,C3,48,,0,0.9327496886253357,True,0.5152416229248047,True,0.6487129926681519,True
344,35,1.0,0.5,2472.0,12.0,E-3,51,,0,0.7914775609970093,True,0.4976142644882202,False,0.3564785420894623,False
345,35,1.25,0.25,2478.0,6.0,F#4,66,,0,0.7919301986694336,True,0.24249549210071564,False,0.3013285994529724,False
346,35,1.5,0.25,2484.0,6.0,C5,72,,0,0.7799369096755981,True,0.6273016929626465,True,0.4068431556224823,False
347,35,1.5,0.5,2484.0,12.0,C3,48,,0,0.840805172920227,True,0.2976846694946289,False,0.35064271092414856,False
348,35,1.75,0.25,2490.0,6.0,F#4,66,,0,0.9402327537536621,True,0.09882491081953049,False,0.2849966883659363,False
349,35,2.0,0.25,2496.0,6.0,E-5,75,,0,0.793883204460144,True,0.2717401385307312,False,0.32401058077812195,False
350,35,2.0,0.5,2496.0,12.0,E-3,51,,0,0.6648516058921814,True,0.29561883211135864,False,0.3004070818424225,False
351,35,2.25,0.25,2502.0,6.0,C5,72,,0,0.4452053904533386,False,0.3865061104297638,False,0.3037790060043335,False
352,35,2.5,0.25,2508.0,6.0,E-5,75,,0,0.7343429327011108,True,0.270020067691803,False,0.3210138976573944,False
353,35,2.5,0.5,2508.0,12.0,C3,48,,0,0.9140207171440125,True,0.44841405749320984,False,0.3897128403186798,False
354,35,2.75,0.25,2514.0,6.0,C5,72,,0,0.6288694739341736,True,0.7830837965011597,True,0.4534012973308563,False
355,36,0.0,0.25,2520.0,6.0,F#5,78,,0,0.7481289505958557,True,0.3564450144767761,False,0.3208087384700775,False
356,36,0.0,0.5,2520.0,12.0,A-2,44,,0,0.9896782636642456,True,0.91726154088974,True,0.8000352382659912,True
357,36,0.25,0.25,2526.0,6.0,E-5,75,,0,0.4127378463745117,False,0.3699662387371063,False,0.3006339371204376,False
358,36,0.5,0.25,2532.0,6.0,F#5,78,,0,0.20781049132347107,False,0.3296639621257782,False,0.2944227159023285,False
359,36,0.5,0.5,2532.0,12.0,C3,48,,0,0.9084368944168091,True,0.504990816116333,True,0.5460945963859558,True
360,36,0.75,0.25,2538.0,6.0,E-5,75,,0,0.7761356830596924,True,0.2504325211048126,False,0.3078360855579376,False
361,36,1.0,1.0,2544.0,24.0,C6,84,,0,0.8999009728431702,True,0.4563777446746826,False,0.3346763551235199,False
362,36,1.0,0.5,2544.0,12.0,E-3,51,,0,0.9325109124183655,True,0.38881638646125793,False,0.32857683300971985,False
363,36,1.5,0.5,2556.0,12.0,C3,48,,0,0.7940455079078674,True,0.30248239636421204,False,0.34833404421806335,False
364,36,2.0,1.0,2568.0,24.0,F#5,78,,0,0.6950671076774597,True,0.4630754590034485,False,0.3316418528556824,False
365,36,2.0,0.5,2568.0,12.0,E-3,51,,0,0.8605011105537415,True,0.3494950830936432,False,0.3073062598705292,False
366,36,2.5,0.5,2580.0,12.0,C3,48,,0,0.926618218421936,True,0.4368867874145508,False,0.401279091835022,False
367,37,0.0,2.0,2592.0,48.0,G5,79,,0,0.825424313545227,True,0.5639874935150146,True,0.42447489500045776,False
368,37,0.0,0.0,2592.0,0.0,D5,74,,0,0.3287462890148163,False,0.40135422348976135,False,0.3134824335575104,False
369,37,0.0,0.0,2592.0,0.0,B4,71,,0,0.5463866591453552,True,0.27427157759666443,False,0.30508729815483093,False
370,37,0.0,0.0,2592.0,0.0,G4,67,,0,0.8299369215965271,True,0.19645832479000092,False,0.30932533740997314,False
371,37,0.0,0.5,2592.0,12.0,G2,43,,0,0.7113659381866455,True,0.6732901334762573,True,0.6417157053947449,True
372,37,0.5,0.5,2604.0,12.0,B2,47,,0,0.9363744854927063,True,0.7007114887237549,True,0.7954521179199219,True
373,37,1.0,0.5,2616.0,12.0,D3,50,,0,0.37395232915878296,False,0.39568015933036804,False,0.3052864372730255,False
374,37,1.5,0.5,2628.0,12.0,G3,55,,0,0.9390849471092224,True,0.731917679309845,True,0.5707688331604004,True
375,37,2.0,0.25,2640.0,6.0,F5,77,,0,0.14554235339164734,False,0.318151593208313,False,0.2885652482509613,False
376,37,2.0,0.5,2640.0,12.0,C3,48,,0,0.5773370265960693,True,0.247046560049057,False,0.32439595460891724,False
377,37,2.25,0.25,2646.0,6.0,E-5,75,,0,0.6624601483345032,True,0.21051070094108582,False,0.30242669582366943,False
378,37,2.5,0.25,2652.0,6.0,D5,74,,0,0.4202525019645691,False,0.38355928659439087,False,0.30878132581710815,False
379,37,2.5,0.5,2652.0,12.0,E-3,51,,0,0.7287477254867554,True,0.09571462869644165,False,0.28699594736099243,False
380,37,2.75,0.25,2658.0,6.0,C5,72,,0,0.6938171982765198,True,0.7748425602912903,True,0.4601488411426544,False
381,38,0.0,2.0,2664.0,48.0,G5,79,,0,0.8298758268356323,True,0.5524202585220337,True,0.35593363642692566,False
382,38,0.0,0.5,2664.0,12.0,G2,43,,0,0.756004810333252,True,0.7785786390304565,True,0.7069644331932068,True
383,38,0.5,0.5,2676.0,12.0,B2,47,,0,0.9549487829208374,True,0.856388509273529,True,0.7530915141105652,True
384,38,1.0,0.5,2688.0,12.0,D3,50,,0,0.8681741952896118,True,0.5954926013946533,True,0.5529453158378601,True
385,38,1.5,0.5,2700.0,12.0,G3,55,,0,0.7366616129875183,True,0.7974901795387268,True,0.5001310110092163,True
386,38,2.0,0.25,2712.0,6.0,F5,77,,0,0.24661949276924133,False,0.3301035165786743,False,0.2919929325580597,False
387,38,2.0,0.5,2712.0,12.0,C3,48,,0,0.8942139744758606,True,0.6794189810752869,True,0.6146059632301331,True
388,38,2.25,0.25,2718.0,6.0,E-5,75,,0,0.6465921998023987,True,0.2070215791463852,False,0.2988993227481842,False
389,38,2.5,0.25,2724.0,6.0,D5,74,,0,0.6702037453651428,True,0.36044833064079285,False,0.3275093138217926,False
390,38,2.5,0.5,2724.0,12.0,E-3,51,,0,0.34313663840293884,False,0.3602534532546997,False,0.30422115325927734,False
391,38,2.75,0.25,2730.0,6.0,C5,72,,0,0.6966128945350647,True,0.7988648414611816,True,0.5880889892578125,True
392,39,0.0,1.5,2736.0,36.0,G5,79,,0,0.9330171346664429,True,0.525103747844696,True,0.38664981722831726,False
393,39,0.0,1.5,2736.0,36.0,G3,55,,0,0.8900400400161743,True,0.6824794411659241,True,0.4925712049007416,False
394,39,0.0,1.5,2736.0,36.0,G2,43,,0,0.686235785484314,True,0.4995442032814026,False,0.3590979278087616,False
395,39,1.5,0.25,2772.0,6.0,A-5,80,,0,0.20248909294605255,False,0.33055564761161804,False,0.2929970622062683,False
396,39,1.5,0.25,2772.0,6.0,A-3,56,,0,0.8747538924217224,True,0.7697017192840576,True,0.4430266320705414,False
397,39,1.75,0.25,2778.0,6.0,G5,79,,0,0.2941010296344757,False,0.36612075567245483,False,0.30081337690353394,False
398,39,1.75,0.25,2778.0,6.0,G3,55,,0,0.7163983583450317,True,0.4555290639400482,False,0.3100573420524597,False
399,39,2.0,0.25,2784.0,6.0,F5,77,,0,0.25475046038627625,False,0.33112552762031555,False,0.2915119528770447,False
400,39,2.0,0.25,2784.0,6.0,F3,53,,0,0.39547744393348694,False,0.35281509160995483,False,0.29613351821899414,False
401,39,2.25,0.25,2790.0,6.0,E-5,75,,0,0.15985026955604553,False,0.31571054458618164,False,0.28952768445014954,False
402,39,2.25,0.25,2790.0,6.0,E-3,51,,0,0.23874317109584808,False,0.33227214217185974,False,0.29160547256469727,False
403,39,2.5,0.25,2796.0,6.0,D5,74,,0,0.5431228280067444,True,0.3049283027648926,False,0.31405946612358093,False
404,39,2.5,0.25,2796.0,6.0,D3,50,,0,0.07028567045927048,False,0.3031602203845978,False,0.29229795932769775,False
405,39,2.75,0.25,2802.0,6.0,C5,72,,0,0.6370301246643066,True,0.5469068288803101,True,0.47773370146751404,False
406,39,2.75,0.25,2802.0,6.0,C3,48,,0,0.9496610760688782,True,0.2940067648887634,False,0.34070703387260437,False
407,40,0.0,1.0,2808.0,24.0,G5,79,,0,0.8660483360290527,True,0.5284526944160461,True,0.40086477994918823,False
408,40,0.0,1.0,2808.0,24.0,G3,55,,0,0.9322860240936279,True,0.7045716643333435,True,0.5954573154449463,True
409,40,1.0,1.0,2832.0,24.0,G4,67,,0,0.9188038110733032,True,0.3581527769565582,False,0.34032753109931946,False
410,40,1.0,1.0,2832.0,24.0,G2,43,,0,0.8903153538703918,True,0.7555678486824036,True,0.7437655925750732,True
411,41,0.0,0.5,2880.0,12.0,E5,76,,0,0.9660246968269348,True,0.5358869433403015,True,0.4014733135700226,False
412,41,0.0,0.0,2880.0,0.0,G4,67,,0,0.8744359016418457,True,0.26466500759124756,False,0.31773677468299866,False
413,41,0.0,1.0,2880.0,24.0,C4,60,,0,0.8906058073043823,True,0.4308055639266968,False,0.38192394375801086,False
414,41,0.0,0.0,2880.0,0.0,G3,55,,0,0.9662840962409973,True,0.6702877283096313,True,0.5299023389816284,True
415,41,0.0,0.0,2880.0,0.0,C3,48,,0,0.8597643971443176,True,0.15008513629436493,False,0.2968737483024597,False
416,41,1.0,0.5,2904.0,12.0,E5,76,,0,0.9552587866783142,True,0.4085828959941864,False,0.3282943069934845,False
417,41,2.0,0.5,2928.0,12.0,E5,76,,0,0.9478057622909546,True,0.3747241497039795,False,0.3180495500564575,False
418,42,0.0,1.5,2952.0,36.0,G5,79,,0,0.7696679830551147,True,0.30298709869384766,False,0.3325566053390503,False
419,42,0.0,0.0,2952.0,0.0,B4,71,,0,0.9375115036964417,True,0.2864556908607483,False,0.3169769048690796,False
420,42,0.0,1.0,2952.0,24.0,F4,65,,0,0.7503809928894043,True,0.7723580598831177,True,0.5764658451080322,True
421,42,0.0,0.0,2952.0,0.0,D4,62,,0,0.8481592535972595,True,0.338430792093277,False,0.33062392473220825,False
422,42,0.0,0.0,2952.0,0.0,G3,55,,0,0.9766087532043457,True,0.7266483902931213,True,0.5596539974212646,True
423,42,1.5,0.5,2988.0,12.0,F5,77,,0,0.11276286095380783,False,0.30055952072143555,False,0.2912023961544037,False
424,42,2.0,1.0,3000.0,24.0,D5,74,,0,0.26956337690353394,False,0.36393851041793823,False,0.3000584840774536,False
425,43,0.0,0.5,3024.0,12.0,D5,74,,0,0.20098882913589478,False,0.3632926344871521,False,0.30362361669540405,False
426,43,0.0,1.0,3024.0,24.0,E4,64,,0,0.933963418006897,True,0.8237058520317078,True,0.413995623588562,False
427,43,0.0,1.0,3024.0,24.0,C3,48,,0,0.9392402172088623,True,0.35352763533592224,False,0.3248240351676941,False
428,43,0.5,0.5,3036.0,12.0,C5,72,,0,0.44859009981155396,False,0.40811583399772644,False,0.3161342442035675,False
429,43,1.0,1.5,3048.0,36.0,C5,72,,0,0.33265283703804016,False,0.4142951965332031,False,0.3116608262062073,False
430,43,1.0,1.5,3048.0,36.0,G4,67,,0,0.882832944393158,True,0.5743380188941956,True,0.6334757804870605,True
431,43,1.0,1.0,3048.0,24.0,E3,52,,0,0.8822436332702637,True,0.37054434418678284,False,0.3394342064857483,False
432,43,2.0,1.0,3072.0,24.0,G3,55,,0,0.9200904369354248,True,0.7424342036247253,True,0.5046468377113342,True
433,43,2.5,0.5,3084.0,12.0,D5,74,,0,0.5122231245040894,True,0.642810046672821,True,0.5179609656333923,True
434,43,2.5,0.5,3084.0,12.0,B4,71,,0,0.8964756727218628,True,0.28987735509872437,False,0.3155764043331146,False
435,44,0.0,2.0,3096.0,48.0,D5,74,,0,0.5927574038505554,True,0.6020656824111938,True,0.42890357971191406,False
436,44,0.0,2.0,3096.0,48.0,B4,71,,0,0.9343944191932678,True,0.2291479855775833,False,0.3111617863178253,False
437,44,0.0,1.0,3096.0,24.0,C4,60,,0,0.980171799659729,True,0.21804989874362946,False,0.33648842573165894,False
438,44,1.0,1.0,3120.0,24.0,C3,48,,0,0.9551709294319153,True,0.7502239942550659,True,0.5526663064956665,True
439,44,2.0,1.0,3144.0,24.0,E5,76,,0,0.8667978644371033,True,0.6225036978721619,True,0.3523399531841278,False
440,44,2.0,1.0,3144.0,24.0,C5,72,,0,0.19026437401771545,False,0.3709090054035187,False,0.2989984452724457,False
441,45,0.0,1.5,3168.0,36.0,F5,77,,0,0.60521000623703,True,0.18280117213726044,False,0.29830360412597656,False
442,45,0.0,1.0,3168.0,24.0,A3,57,,0,0.9598796367645264,True,0.850121259689331,True,0.69185870885849,True
443,45,1.0,1.0,3192.0,24.0,F4,65,,0,0.849905252456665,True,0.7387221455574036,True,0.6644307374954224,True
444,45,1.0,1.0,3192.0,24.0,C4,60,,0,0.9362469911575317,True,0.33427003026008606,False,0.3565809726715088,False
445,45,1.5,0.0,3204.0,0.0,G5,79,,0,0.5008835196495056,True,0.18432261049747467,False,0.29999831318855286,False
446,45,1.5,0.0,3204.0,0.0,F5,77,,0,0.30710089206695557,False,0.32529160380363464,False,0.2965162396430969,False
447,45,1.5,0.5,3204.0,12.0,F5,77,,0,0.4531468451023102,False,0.35912156105041504,False,0.30586397647857666,False
448,45,1.5,0.0,3204.0,0.0,E5,76,,0,0.8567550778388977,True,0.4460095465183258,False,0.3263198435306549,False
449,45,2.0,0.5,3216.0,12.0,G5,79,,0,0.5679962038993835,True,0.3095310926437378,False,0.3153443932533264,False
450,45,2.5,0.5,3228.0,12.0,A5,81,,0,0.573610246181488,True,0.6166872382164001,True,0.4263610243797302,False
451,46,0.0,0.5,3240.0,12.0,A5,81,,0,0.8725881576538086,True,0.5523167848587036,True,0.36460304260253906,False
452,46,0.0,1.0,3240.0,24.0,B3,59,,0,0.9258787631988525,True,0.46706292033195496,False,0.41383519768714905,False
453,46,0.5,0.5,3252.0,12.0,G5,79,,0,0.5867806673049927,True,0.18191620707511902,False,0.30261537432670593,False
454,46,1.0,0.5,3264.0,12.0,F#5,78,,0,0.7803229689598083,True,0.3237314522266388,False,0.3212887942790985,False
455,46,1.0,1.0,3264.0,24.0,G4,67,,0,0.8592067360877991,True,0.4410092532634735,False,0.37190720438957214,False
456,46,1.0,1.0,3264.0,24.0,D4,62,,0,0.12188126891851425,False,0.3493436574935913,False,0.29780077934265137,False
457,46,1.5,0.5,3276.0,12.0,G5,79,,0,0.28495529294013977,False,0.38485896587371826,False,0.3118962049484253,False
458,46,2.0,0.5,3288.0,12.0,F5,77,,0,0.22980599105358124,False,0.33308646082878113,False,0.2920003831386566,False
459,46,2.5,0.5,3300.0,12.0,D5,74,,0,0.7035288214683533,True,0.7235838174819946,True,0.5045734643936157,True
460,47,0.0,0.5,3312.0,12.0,D#5,75,,0,0.7053503394126892,True,0.3795892894268036,False,0.3338261842727661,False
461,47,0.0,1.0,3312.0,24.0,C4,60,,0,0.80812007188797,True,0.547038197517395,True,0.5956625938415527,True
462,47,0.5,0.5,3324.0,12.0,E5,76,,0,0.7920796275138855,True,0.7248011827468872,True,0.33172178268432617,False
463,47,1.0,0.5,3336.0,12.0,F5,77,,0,0.7553253769874573,True,0.5842309594154358,True,0.3925646245479584,False
464,47,1.0,1.0,3336.0,24.0,C4,60,,0,0.8746064901351929,True,0.28378480672836304,False,0.33829233050346375,False
465,47,1.0,1.0,3336.0,24.0,A3,57,,0,0.8658013343811035,True,0.5278376936912537,True,0.6471025943756104,True
466,47,1.5,0.5,3348.0,12.0,E5,76,,0,0.775614857673645,True,0.40854933857917786,False,0.3308827877044678,False
467,47,2.0,0.5,3360.0,12.0,G5,79,,0,0.1174129843711853,False,0.35720571875572205,False,0.29862576723098755,False
468,47,2.0,1.0,3360.0,24.0,D4,62,,0,0.12922583520412445,False,0.344815731048584,False,0.2956698536872864,False
469,47,2.0,1.0,3360.0,24.0,F3,53,,0,0.7657780647277832,True,0.5401270389556885,True,0.3467118740081787,False
470,47,2.5,0.5,3372.0,12.0,F5,77,,0,0.3380444645881653,False,0.3357888162136078,False,0.3005276322364807,False
471,48,0.0,0.5,3384.0,12.0,E5,76,,0,0.9327414035797119,True,0.45603540539741516,False,0.3428460657596588,False
472,48,0.0,1.0,3384.0,24.0,B3,59,,0,0.8243208527565002,True,0.24753816425800323,False,0.33371204137802124,False
473,48,0.0,1.0,3384.0,24.0,G3,55,,0,0.976885199546814,True,0.7352238893508911,True,0.6390873193740845,True
474,48,0.5,0.5,3396.0,12.0,D5,74,,0,0.5497254729270935,True,0.23344095051288605,False,0.3224900960922241,False
475,48,1.0,0.5,3408.0,12.0,C5,72,,0,0.4143979251384735,False,0.4395524561405182,False,0.3181093633174896,False
476,48,1.5,0.5,3420.0,12.0,B4,71,,0,0.6640117764472961,True,0.32493287324905396,False,0.3124654293060303,False
477,48,2.0,0.5,3432.0,12.0,A4,69,,0,0.2806187570095062,False,0.35302701592445374,False,0.29060477018356323,False
478,48,2.5,0.5,3444.0,12.0,G4,67,,0,0.5625432729721069,True,0.5070608854293823,True,0.6151363253593445,True
479,49,0.0,0.5,3456.0,12.0,D#5,75,,0,0.5928862690925598,True,0.15652067959308624,False,0.2964014410972595,False
480,49,0.0,0.3333333333333333,3456.0,8.0,C4,60,,0,0.3036406934261322,False,0.4015277922153473,False,0.3122105896472931,False
481,49,0.3333333333333333,0.3333333333333333,3464.0,8.0,E4,64,,0,0.7959541082382202,True,0.1590733379125595,False,0.3004421293735504,False
482,49,0.5,0.5,3468.0,12.0,E5,76,,0,0.6848726868629456,True,0.5535094738006592,True,0.3419632613658905,False
483,49,0.6666666666666666,0.3333333333333333,3472.0,8.0,G4,67,,0,0.7306508421897888,True,0.584469199180603,True,0.582582414150238,True
484,49,1.0,0.5,3480.0,12.0,D#5,75,,0,0.624868631362915,True,0.10768157988786697,False,0.28667476773262024,False
485,49,1.0,0.3333333333333333,3480.0,8.0,C4,60,,0,0.622974157333374,True,0.3188202977180481,False,0.35089799761772156,False
486,49,1.3333333333333333,0.3333333333333333,3488.0,8.0,E4,64,,0,0.6113576292991638,True,0.10093492269515991,False,0.28485068678855896,False
487,49,1.5,0.5,3492.0,12.0,E5,76,,0,0.5178967118263245,True,0.4545051157474518,False,0.31166332960128784,False
488,49,1.6666666666666667,0.3333333333333333,3496.0,8.0,G4,67,,0,0.7968115210533142,True,0.5911393761634827,True,0.6691842079162598,True
489,49,2.0,0.5,3504.0,12.0,D#5,75,,0,0.30145901441574097,False,0.37015023827552795,False,0.2919979393482208,False
490,49,2.0,0.3333333333333333,3504.0,8.0,C4,60,,0,0.4244382679462433,False,0.42266198992729187,False,0.3129945695400238,False
491,49,2.3333333333333335,0.3333333333333333,3512.0,8.0,E4,64,,0,0.5268772840499878,True,0.07479767501354218,False,0.2792101204395294,False
492,49,2.5,0.5,3516.0,12.0,E5,76,,0,0.6732061505317688,True,0.3625522553920746,False,0.308555006980896,False
493,49,2.6666666666666665,0.3333333333333333,3520.0,8.0,G4,67,,0,0.8176498413085938,True,0.553618311882019,True,0.6698330044746399,True
494,50,0.0,0.5,3528.0,12.0,F#5,78,,0,0.9147971272468567,True,0.505854606628418,True,0.43979161977767944,False
495,50,0.0,0.3333333333333333,3528.0,8.0,B3,59,,0,0.5842743515968323,True,0.39606818556785583,False,0.3582215905189514,False
496,50,0.3333333333333333,0.3333333333333333,3536.0,8.0,D4,62,,0,0.8970687985420227,True,0.3649502098560333,False,0.3664030134677887,False
497,50,0.5,0.5,3540.0,12.0,G5,79,,0,0.9598806500434875,True,0.46001195907592773,False,0.3550313413143158,False
498,50,0.6666666666666666,0.3333333333333333,3544.0,8.0,G4,67,,0,0.8213320374488831,True,0.6732627153396606,True,0.6450820565223694,True
499,50,1.0,0.5,3552.0,12.0,F#5,78,,0,0.7893640398979187,True,0.4232625663280487,False,0.3273301124572754,False
500,50,1.0,0.3333333333333333,3552.0,8.0,B3,59,,0,0.5989764928817749,True,0.3718709945678711,False,0.35030224919319153,False
501,50,1.3333333333333333,0.3333333333333333,3560.0,8.0,D4,62,,0,0.6553689241409302,True,0.3083277940750122,False,0.32527267932891846,False
502,50,1.5,0.5,3564.0,12.0,G5,79,,0,0.701201856136322,True,0.33211231231689453,False,0.3216947019100189,False
503,50,1.6666666666666667,0.3333333333333333,3568.0,8.0,G4,67,,0,0.900974690914154,True,0.6546292901039124,True,0.7696645259857178,True
504,50,2.0,0.5,3576.0,12.0,F5,77,,0,0.13535176217556,False,0.32559093832969666,False,0.2900717556476593,False
505,50,2.0,0.3333333333333333,3576.0,8.0,B3,59,,0,0.644150972366333,True,0.34557729959487915,False,0.34311676025390625,False
506,50,2.3333333333333335,0.3333333333333333,3584.0,8.0,F4,65,,0,0.7793444395065308,True,0.24050123989582062,False,0.3034263551235199,False
507,50,2.5,0.5,3588.0,12.0,D5,74,,0,0.6275771856307983,True,0.34236645698547363,False,0.34479179978370667,False
508,50,2.6666666666666665,0.3333333333333333,3592.0,8.0,G4,67,,0,0.8859610557556152,True,0.17144213616847992,False,0.29625797271728516,False
509,51,0.0,0.5,3600.0,12.0,D5,74,,0,0.3986389935016632,False,0.41565874218940735,False,0.31675755977630615,False
510,51,0.0,1.0,3600.0,24.0,E4,64,,0,0.8086487054824829,True,0.585671603679657,True,0.4173571467399597,False
511,51,0.0,1.0,3600.0,24.0,C4,60,,0,0.7640862464904785,True,0.2928794324398041,False,0.3507709205150604,False
512,51,0.5,0.5,3612.0,12.0,C5,72,,0,0.8879336714744568,True,0.5337685942649841,True,0.23075781762599945,False
513,51,1.0,0.5,3624.0,12.0,D5,74,,0,0.7091256976127625,True,0.5391331315040588,True,0.3623378276824951,False
514,51,1.0,1.0,3624.0,24.0,G4,67,,0,0.6632691621780396,True,0.42771822214126587,False,0.3677017092704773,False
515,51,1.0,1.0,3624.0,24.0,E3,52,,0,0.780860960483551,True,0.6806033849716187,True,0.730612576007843,True
516,51,1.5,0.5,3636.0,12.0,C5,72,,0,0.7997616529464722,True,0.37673455476760864,False,0.3350923955440521,False
517,51,2.0,0.5,3648.0,12.0,E5,76,,0,0.5432991981506348,True,0.3720189034938812,False,0.30802032351493835,False
518,51,2.0,1.0,3648.0,24.0,B4,71,,0,0.6600539088249207,True,0.46399620175361633,False,0.3499773144721985,False
519,51,2.0,1.0,3648.0,24.0,G3,55,,0,0.9794513583183289,True,0.831797182559967,True,0.7059025764465332,True
520,51,2.5,0.5,3660.0,12.0,D5,74,,0,0.815983772277832,True,0.5466175079345703,True,0.5542529225349426,True
521,52,0.0,1.5,3672.0,36.0,D5,74,,0,0.7049685120582581,True,0.31011468172073364,False,0.3377173840999603,False
522,52,0.0,2.0,3672.0,48.0,B4,71,,0,0.8128767013549805,True,0.44786226749420166,False,0.3332211673259735,False
523,52,0.0,1.0,3672.0,24.0,C4,60,,0,0.9522368907928467,True,0.3673667311668396,False,0.3952468931674957,False
524,52,1.0,1.0,3696.0,24.0,G3,55,,0,0.9499652981758118,True,0.8419461846351624,True,0.43176060914993286,False
525,52,1.5,0.5,3708.0,12.0,D#5,75,,0,0.3768285810947418,False,0.3462984561920166,False,0.29474347829818726,False
526,52,2.0,1.0,3720.0,24.0,E5,76,,0,0.753119170665741,True,0.222320556640625,False,0.29455292224884033,False
527,52,2.0,1.0,3720.0,24.0,C5,72,,0,0.8181241154670715,True,0.5784643292427063,True,0.5010305047035217,True
528,52,2.0,1.0,3720.0,24.0,C3,48,,0,0.7623807191848755,True,0.505419909954071,True,0.5665289163589478,True
529,53,0.0,1.5,3744.0,36.0,F5,77,,0,0.7227721810340881,True,0.23327282071113586,False,0.30821025371551514,False
530,53,0.0,0.5,3744.0,12.0,A3,57,,0,0.8633836507797241,True,0.8323303461074829,True,0.790444552898407,True
531,53,0.5,0.5,3756.0,12.0,C4,60,,0,0.9524916410446167,True,0.6611045598983765,True,0.9423959851264954,True
532,53,1.0,0.5,3768.0,12.0,F4,65,,0,0.7912952303886414,True,0.7996001839637756,True,0.9428829550743103,True
533,53,1.5,0.0,3780.0,0.0,G5,79,,0,0.2055061012506485,False,0.35807284712791443,False,0.30481433868408203,False
534,53,1.5,0.0,3780.0,0.0,F5,77,,0,0.43282538652420044,False,0.348492294549942,False,0.30207711458206177,False
535,53,1.5,0.5,3780.0,12.0,F5,77,,0,0.7092970609664917,True,0.24170932173728943,False,0.30270060896873474,False
536,53,1.5,0.0,3780.0,0.0,E5,76,,0,0.7490931749343872,True,0.05908359959721565,False,0.28223711252212524,False
537,53,1.5,0.5,3780.0,12.0,C4,60,,0,0.7304196357727051,True,0.6008913516998291,True,0.9089109301567078,True
538,53,2.0,0.5,3792.0,12.0,G5,79,,0,0.5247004628181458,True,0.19858212769031525,False,0.29726219177246094,False
539,53,2.0,0.5,3792.0,12.0,A3,57,,0,0.7983116507530212,True,0.40960893034935,False,0.3447953164577484,False
540,53,2.5,0.5,3804.0,12.0,A5,81,,0,0.8411853909492493,True,0.5025249123573303,True,0.44274911284446716,False
541,53,2.5,0.5,3804.0,12.0,C4,60,,0,0.9164971113204956,True,0.5424172282218933,True,0.8397659063339233,True
542,54,0.0,0.5,3816.0,12.0,A5,81,,0,0.7849178910255432,True,0.4323672652244568,False,0.3374476730823517,False
543,54,0.0,0.5,3816.0,12.0,B3,59,,0,0.8616495132446289,True,0.6396429538726807,True,0.746136486530304,True
544,54,0.5,0.5,3828.0,12.0,G5,79,,0,0.7236617803573608,True,0.17882750928401947,False,0.3011966347694397,False
545,54,0.5,0.5,3828.0,12.0,D4,62,,0,0.7796320915222168,True,0.6733188629150391,True,0.7564059495925903,True
546,54,1.0,0.5,3840.0,12.0,F#5,78,,0,0.7312034368515015,True,0.3250580132007599,False,0.31152400374412537,False
547,54,1.0,0.5,3840.0,12.0,G4,67,,0,0.943321704864502,True,0.792918860912323,True,0.8807682991027832,True
548,54,1.5,0.5,3852.0,12.0,G5,79,,0,0.5647946000099182,True,0.1717817634344101,False,0.2984228730201721,False
549,54,1.5,0.5,3852.0,12.0,D4,62,,0,0.3854197561740875,False,0.36559250950813293,False,0.3034372329711914,False
550,54,2.0,0.5,3864.0,12.0,F5,77,,0,0.42033201456069946,False,0.35789036750793457,False,0.2986880838871002,False
551,54,2.0,0.5,3864.0,12.0,B3,59,,0,0.6312533020973206,True,0.4930427074432373,False,0.3590351641178131,False
552,54,2.5,0.5,3876.0,12.0,D5,74,,0,0.7869219183921814,True,0.6326451301574707,True,0.2832050621509552,False
553,54,2.5,0.5,3876.0,12.0,D4,62,,0,0.40448734164237976,False,0.35493579506874084,False,0.3026112914085388,False
554,55,0.0,0.5,3888.0,12.0,D#5,75,,0,0.8171126842498779,True,0.4790758192539215,False,0.34284111857414246,False
555,55,0.0,1.0,3888.0,24.0,C4,60,,0,0.6473682522773743,True,0.745499849319458,True,0.9119554162025452,True
556,55,0.5,0.5,3900.0,12.0,E5,76,,0,0.9900593161582947,True,0.5021382570266724,True,0.36458051204681396,False
557,55,1.0,0.5,3912.0,12.0,G5,79,,0,0.38665804266929626,False,0.43653056025505066,False,0.31650084257125854,False
558,55,1.0,1.0,3912.0,24.0,D4,62,,0,0.4393674433231354,False,0.39630094170570374,False,0.3073899447917938,False
559,55,1.0,1.0,3912.0,24.0,F3,53,,0,0.5954341888427734,True,0.9392156004905701,True,0.6409305334091187,True
560,55,1.5,0.5,3924.0,12.0,F5,77,,0,0.11852739006280899,False,0.3003460168838501,False,0.29147034883499146,False
561,55,2.0,0.5,3936.0,12.0,D5,74,,0,0.3630082607269287,False,0.38043174147605896,False,0.3033651113510132,False
562,55,2.0,1.0,3936.0,24.0,F4,65,,0,0.8618760108947754,True,0.9343986511230469,True,0.9146136045455933,True
563,55,2.0,1.0,3936.0,24.0,G3,55,,0,0.9575082063674927,True,0.9781815409660339,True,0.7210283875465393,True
564,55,2.5,0.5,3948.0,12.0,B4,71,,0,0.9636444449424744,True,0.803469181060791,True,0.4320277273654938,False
565,56,0.0,0.5,3960.0,12.0,C5,72,,0,0.709896445274353,True,0.8970270752906799,True,0.7498453855514526,True
566,56,0.0,1.0,3960.0,24.0,E4,64,,0,0.9124236702919006,True,0.8929693698883057,True,0.8244031071662903,True
567,56,0.0,1.0,3960.0,24.0,C4,60,,0,0.9822909832000732,True,0.5717354416847229,True,0.8211407661437988,True
568,56,0.5,0.5,3972.0,12.0,G4,67,,0,0.9338455200195312,True,0.45687559247016907,False,0.38765719532966614,False
569,56,1.0,1.0,3984.0,24.0,E4,64,,0,0.8671708106994629,True,0.7948309779167175,True,0.9031859636306763,True
570,56,1.5,0.5,3996.0,12.0,G4,67,,0,0.8015207052230835,True,0.326794296503067,False,0.3468007445335388,False
571,56,2.0,1.0,4008.0,24.0,C4,60,,0,0.9300030469894409,True,0.7593805193901062,True,0.965917706489563,True
572,56,2.5,0.5,4020.0,12.0,G4,67,,0,0.888195812702179,True,0.5287733674049377,True,0.7431283593177795,True
573,57,0.0,0.5,4032.0,12.0,G4,67,,0,0.8834772109985352,True,0.6997314095497131,True,0.7011680006980896,True
574,57,0.0,0.5,4032.0,12.0,F4,65,,0,0.7341904640197754,True,0.8931986093521118,True,0.8660310506820679,True
575,57,0.0,1.0,4032.0,24.0,D4,62,,0,0.8205563426017761,True,0.697647213935852,True,0.5571778416633606,True
576,57,0.5,0.5,4044.0,12.0,G4,67,,0,0.9599408507347107,True,0.7130187153816223,True,0.8439001441001892,True
577,57,0.5,0.5,4044.0,12.0,F4,65,,0,0.8639258742332458,True,0.5764139294624329,True,0.7968778014183044,True
578,57,1.0,1.0,4056.0,24.0,B3,59,,0,0.8866559863090515,True,0.8668531179428101,True,0.9308258295059204,True
579,57,1.5,0.5,4068.0,12.0,G4,67,,0,0.845081090927124,True,0.4883865714073181,False,0.37836697697639465,False
580,57,1.5,0.5,4068.0,12.0,F4,65,,0,0.5558508038520813,True,0.5118972659111023,True,0.7756561636924744,True
581,57,2.0,1.0,4080.0,24.0,G3,55,,0,0.9745602011680603,True,0.9569861888885498,True,0.8730162382125854,True
582,57,2.5,0.5,4092.0,12.0,G4,67,,0,0.9736060500144958,True,0.6741136908531189,True,0.4992952048778534,False
583,57,2.5,0.5,4092.0,12.0,F4,65,,0,0.7446447014808655,True,0.760417640209198,True,0.7949792146682739,True
584,58,0.0,0.5,4104.0,12.0,G4,67,,0,0.9583810567855835,True,0.6887395977973938,True,0.5508080124855042,True
585,58,0.0,0.5,4104.0,12.0,E-4,63,,0,0.9275869131088257,True,0.6928223967552185,True,0.8257246017456055,True
586,58,0.0,1.0,4104.0,24.0,C3,48,,0,0.6778048872947693,True,0.5676301121711731,True,0.6031863689422607,True
587,58,0.5,0.5,4116.0,12.0,G4,67,,0,0.9858125448226929,True,0.5137487053871155,True,0.6956091523170471,True
588,58,0.5,0.5,4116.0,12.0,E-4,63,,0,0.9639530777931213,True,0.27182379364967346,False,0.3290466368198395,False
589,58,1.0,1.0,4128.0,24.0,E-3,51,,0,0.8037068247795105,True,0.40777459740638733,False,0.3419269323348999,False
590,58,1.5,0.5,4140.0,12.0,G4,67,,0,0.8848497271537781,True,0.5114597678184509,True,0.5229243636131287,True
591,58,1.5,0.5,4140.0,12.0,E-4,63,,0,0.8057673573493958,True,0.3179459273815155,False,0.3282327950000763,False
592,58,2.0,1.0,4152.0,24.0,C3,48,,0,0.8648489713668823,True,0.7541804909706116,True,0.6369760036468506,True
593,58,2.5,0.5,4164.0,12.0,G4,67,,0,0.962213933467865,True,0.7280026078224182,True,0.5096733570098877,True
594,58,2.5,0.5,4164.0,12.0,E-4,63,,0,0.9217556715011597,True,0.6019827723503113,True,0.3415614068508148,False
595,59,0.0,0.5,4176.0,12.0,G4,67,,0,0.8833783864974976,True,0.7947067618370056,True,0.5595269203186035,True
596,59,0.0,0.5,4176.0,12.0,F4,65,,0,0.6607831716537476,True,0.8935193419456482,True,0.787998616695404,True
597,59,0.0,1.0,4176.0,24.0,D3,50,,0,0.9355314373970032,True,0.7439703345298767,True,0.5353991389274597,True
598,59,0.5,0.5,4188.0,12.0,G4,67,,0,0.9704203009605408,True,0.8542855978012085,True,0.710374653339386,True
599,59,0.5,0.5,4188.0,12.0,F4,65,,0,0.8474432826042175,True,0.7838635444641113,True,0.745789110660553,True
600,59,1.0,1.0,4200.0,24.0,B2,47,,0,0.8278288245201111,True,0.7382407784461975,True,0.7778072357177734,True
601,59,1.5,0.5,4212.0,12.0,G4,67,,0,0.8882163166999817,True,0.5664834380149841,True,0.6631143689155579,True
602,59,1.5,0.5,4212.0,12.0,F4,65,,0,0.5605420470237732,True,0.4868778884410858,False,0.36445069313049316,False
603,59,2.0,1.0,4224.0,24.0,G2,43,,0,0.8003565073013306,True,0.6723313927650452,True,0.4567510783672333,False
604,59,2.5,0.5,4236.0,12.0,G4,67,,0,0.9757163524627686,True,0.6945555806159973,True,0.6770113706588745,True
605,59,2.5,0.5,4236.0,12.0,F4,65,,0,0.9037225842475891,True,0.6214303970336914,True,0.6016683578491211,True
606,60,0.0,0.5,4248.0,12.0,G4,67,,0,0.8904566168785095,True,0.61711585521698,True,0.6593327522277832,True
607,60,0.0,0.5,4248.0,12.0,E-4,63,,0,0.7488104701042175,True,0.18763484060764313,False,0.31796231865882874,False
608,60,0.0,1.0,4248.0,24.0,C3,48,,0,0.9450365900993347,True,0.5214712619781494,True,0.8654412031173706,True
609,60,0.0,1.0,4248.0,24.0,C2,36,,0,0.6216371655464172,True,0.5950265526771545,True,0.7387117743492126,True
610,60,0.5,0.5,4260.0,12.0,G4,67,,0,0.9685062170028687,True,0.6361036896705627,True,0.6571984887123108,True
611,60,0.5,0.5,4260.0,12.0,E-4,63,,0,0.9422972202301025,True,0.1748429536819458,False,0.311331182718277,False
612,60,1.0,1.0,4272.0,24.0,E-3,51,,0,0.43959009647369385,False,0.41729533672332764,False,0.31456175446510315,False
613,60,1.5,0.5,4284.0,12.0,G4,67,,0,0.853883683681488,True,0.6347627639770508,True,0.6007053256034851,True
614,60,1.5,0.5,4284.0,12.0,E-4,63,,0,0.7644100189208984,True,0.17303037643432617,False,0.30458366870880127,False
615,60,2.0,1.0,4296.0,24.0,G3,55,,0,0.8605488538742065,True,0.8737300634384155,True,0.8690362572669983,True
616,60,2.5,0.5,4308.0,12.0,G4,67,,0,0.9478641152381897,True,0.9132304787635803,True,0.6424753665924072,True
617,60,2.5,0.5,4308.0,12.0,E-4,63,,0,0.9287732243537903,True,0.4240374267101288,False,0.3587285876274109,False
618,61,0.0,0.5,4320.0,12.0,A-4,68,,0,0.9961951971054077,True,0.6782404780387878,True,0.7997720837593079,True
619,61,0.0,0.5,4320.0,12.0,E-4,63,,0,0.8445922136306763,True,0.40962809324264526,False,0.3516620993614197,False
620,61,0.0,1.0,4320.0,24.0,F3,53,,0,0.8344553112983704,True,0.8517279624938965,True,0.85780930519104,True
621,61,0.0,1.0,4320.0,24.0,F2,41,,0,0.6434269547462463,True,0.6767950654029846,True,0.36670252680778503,False
622,61,0.5,0.5,4332.0,12.0,A-4,68,,0,0.995468020439148,True,0.455704927444458,False,0.3433457911014557,False
623,61,0.5,0.5,4332.0,12.0,E-4,63,,0,0.8932130932807922,True,0.48804545402526855,False,0.3602643311023712,False
624,61,1.0,1.0,4344.0,24.0,A-3,56,,0,0.9669799208641052,True,0.9345518946647644,True,0.672622561454773,True
625,61,1.5,0.5,4356.0,12.0,A-4,68,,0,0.9850441217422485,True,0.3926209509372711,False,0.33471035957336426,False
626,61,1.5,0.5,4356.0,12.0,E-4,63,,0,0.7088958621025085,True,0.4474121928215027,False,0.34370559453964233,False
627,61,2.0,1.0,4368.0,24.0,C4,60,,0,0.9767431616783142,True,0.8839064240455627,True,0.9381320476531982,True
628,61,2.5,0.5,4380.0,12.0,A-4,68,,0,0.9955258965492249,True,0.2746518850326538,False,0.3188118636608124,False
629,61,2.5,0.5,4380.0,12.0,E-4,63,,0,0.982989490032196,True,0.38425904512405396,False,0.3575199246406555,False
630,62,0.0,0.5,4392.0,12.0,A-4,68,,0,0.9883991479873657,True,0.24807463586330414,False,0.3148292005062103,False
631,62,0.0,0.5,4392.0,12.0,D4,62,,0,0.6849373579025269,True,0.6279389262199402,True,0.751605749130249,True
632,62,0.0,1.0,4392.0,24.0,B-2,46,,0,0.894425094127655,True,0.7555319666862488,True,0.8195850849151611,True
633,62,0.0,1.0,4392.0,24.0,B-1,34,,0,0.705491304397583,True,0.7904836535453796,True,0.5160120129585266,True
634,62,0.5,0.5,4404.0,12.0,A-4,68,,0,0.9922878742218018,True,0.2817750871181488,False,0.314929336309433,False
635,62,0.5,0.5,4404.0,12.0,D4,62,,0,0.669165313243866,True,0.4343143105506897,False,0.36941275000572205,False
636,62,1.0,1.0,4416.0,24.0,D3,50,,0,0.17929409444332123,False,0.35485824942588806,False,0.2992168068885803,False
637,62,1.5,0.5,4428.0,12.0,A-4,68,,0,0.9876256585121155,True,0.3624151349067688,False,0.3301545977592468,False
638,62,1.5,0.5,4428.0,12.0,D4,62,,0,0.417178213596344,False,0.3962646424770355,False,0.3143068850040436,False
639,62,2.0,1.0,4440.0,24.0,F3,53,,0,0.7280113101005554,True,0.7902562022209167,True,0.645341157913208,True
640,62,2.5,0.5,4452.0,12.0,A-4,68,,0,0.994228720664978,True,0.5207765102386475,True,0.5874083042144775,True
641,62,2.5,0.5,4452.0,12.0,D4,62,,0,0.5918822288513184,True,0.7261889576911926,True,0.676092803478241,True
642,63,0.0,0.5,4464.0,12.0,G4,67,,0,0.7283066511154175,True,0.8957103490829468,True,0.6326019763946533,True
643,63,0.0,0.5,4464.0,12.0,D4,62,,0,0.20624344050884247,False,0.3770180344581604,False,0.30756211280822754,False
644,63,0.0,1.0,4464.0,24.0,E-3,51,,0,0.9656463861465454,True,0.377625435590744,False,0.3448560833930969,False
645,63,0.0,1.0,4464.0,24.0,E-2,39,,0,0.9728375673294067,True,0.8556967973709106,True,0.8942356109619141,True
646,63,0.5,0.5,4476.0,12.0,G4,67,,0,0.884483814239502,True,0.7698984742164612,True,0.5852249264717102,True
647,63,0.5,0.5,4476.0,12.0,D4,62,,0,0.39636582136154175,False,0.38501259684562683,False,0.312421977519989,False
648,63,1.0,1.0,4488.0,24.0,G3,55,,0,0.5048012733459473,True,0.4077760875225067,False,0.3339116871356964,False
649,63,1.5,0.5,4500.0,12.0,G4,67,,0,0.7017347812652588,True,0.7553970813751221,True,0.6284144520759583,True
650,63,1.5,0.5,4500.0,12.0,D4,62,,0,0.33123135566711426,False,0.37341997027397156,False,0.308396577835083,False
651,63,2.0,1.0,4512.0,24.0,B-3,58,,0,0.6132135391235352,True,0.8293715715408325,True,0.8129284381866455,True
652,63,2.5,0.5,4524.0,12.0,G4,67,,0,0.9159578680992126,True,0.930332362651825,True,0.49782097339630127,False
653,63,2.5,0.5,4524.0,12.0,D4,62,,0,0.7947592735290527,True,0.7939501404762268,True,0.6736835241317749,True
654,64,0.0,0.5,4536.0,12.0,G4,67,,0,0.9018198847770691,True,0.8790567517280579,True,0.5977120995521545,True
655,64,0.0,0.5,4536.0,12.0,C4,60,,0,0.5772982835769653,True,0.8398924469947815,True,0.7816524505615234,True
656,64,0.0,1.0,4536.0,24.0,A-2,44,,0,0.9926607608795166,True,0.8138974905014038,True,0.8466596603393555,True
657,64,0.0,1.0,4536.0,24.0,A-1,32,,0,0.926658034324646,True,0.930817186832428,True,0.5620325803756714,True
658,64,0.5,0.5,4548.0,12.0,G4,67,,0,0.9616864323616028,True,0.7620106339454651,True,0.6316002607345581,True
659,64,0.5,0.5,4548.0,12.0,C4,60,,0,0.8192754983901978,True,0.6855694055557251,True,0.6756419539451599,True
660,64,1.0,1.0,4560.0,24.0,A-3,56,,0,0.9950887560844421,True,0.7825412750244141,True,0.7270643711090088,True
661,64,1.5,0.5,4572.0,12.0,G4,67,,0,0.9480300545692444,True,0.7523805499076843,True,0.5770848393440247,True
662,64,1.5,0.5,4572.0,12.0,C4,60,,0,0.7597771286964417,True,0.636095404624939,True,0.6393904089927673,True
663,64,2.0,0.5,4584.0,12.0,F4,65,,0,0.17254696786403656,False,0.3357699513435364,False,0.29148945212364197,False
664,64,2.0,0.5,4584.0,12.0,C4,60,,0,0.12505756318569183,False,0.34763312339782715,False,0.2928822338581085,False
665,64,2.0,1.0,4584.0,24.0,D3,50,,0,0.05497780814766884,False,0.3256981670856476,False,0.29095664620399475,False
666,64,2.0,1.0,4584.0,24.0,D2,38,,0,0.27044564485549927,False,0.36706486344337463,False,0.3010745644569397,False
667,64,2.5,0.5,4596.0,12.0,F4,65,,0,0.5070188641548157,True,0.7439321279525757,True,0.5288341641426086,True
668,64,2.5,0.5,4596.0,12.0,C4,60,,0,0.5151410102844238,True,0.5338976979255676,True,0.4395296573638916,False
669,65,0.0,1.0,4608.0,24.0,D4,62,,0,0.4227362275123596,False,0.41361236572265625,False,0.318621963262558,False
670,65,0.5,0.5,4620.0,12.0,F4,65,,0,0.7280365824699402,True,0.8466157913208008,True,0.5573074817657471,True
671,65,0.5,0.5,4620.0,12.0,C4,60,,0,0.7677327990531921,True,0.744788646697998,True,0.5338233113288879,True
672,65,1.0,0.5,4632.0,12.0,F4,65,,0,0.5149982571601868,True,0.7151088118553162,True,0.5499705672264099,True
673,65,1.0,0.5,4632.0,12.0,B3,59,,0,0.9575802683830261,True,0.7205824851989746,True,0.6245557069778442,True
674,65,1.0,1.0,4632.0,24.0,G2,43,,0,0.6047068238258362,True,0.7574933171272278,True,0.6976408958435059,True
675,65,1.0,1.0,4632.0,24.0,G1,31,,0,0.4967334568500519,False,0.46001332998275757,False,0.32549095153808594,False
676,65,1.5,0.5,4644.0,12.0,F4,65,,0,0.3870040774345398,False,0.35788828134536743,False,0.3034172058105469,False
677,65,1.5,0.5,4644.0,12.0,B3,59,,0,0.8776997327804565,True,0.6555527448654175,True,0.6654838919639587,True
678,65,2.0,1.0,4656.0,24.0,G3,55,,0,0.2948138117790222,False,0.3834006190299988,False,0.3050016164779663,False
679,65,2.5,0.5,4668.0,12.0,F4,65,,0,0.5232337117195129,True,0.8167200088500977,True,0.5509428977966309,True
680,65,2.5,0.5,4668.0,12.0,B3,59,,0,0.9121586084365845,True,0.7221533060073853,True,0.6333724856376648,True
681,66,0.0,1.0,4680.0,24.0,A-3,56,,0,0.9937750101089478,True,0.5910159349441528,True,0.6351661086082458,True
682,66,0.5,0.5,4692.0,12.0,E-4,63,,0,0.5700162649154663,True,0.39951950311660767,False,0.3388114273548126,False
683,66,0.5,0.5,4692.0,12.0,C4,60,,0,0.3970377445220947,False,0.40446487069129944,False,0.3129558861255646,False
684,66,1.0,1.0,4704.0,24.0,G3,55,,0,0.5251068472862244,True,0.5616995692253113,True,0.544523298740387,True
685,66,1.5,0.5,4716.0,12.0,E-4,63,,0,0.40029940009117126,False,0.397991806268692,False,0.3119174838066101,False
686,66,1.5,0.5,4716.0,12.0,C4,60,,0,0.3444027602672577,False,0.39107686281204224,False,0.30809810757637024,False
687,66,2.0,1.0,4728.0,24.0,F#3,54,,0,0.9829593896865845,True,0.7756848931312561,True,0.7194793820381165,True
688,66,2.5,0.5,4740.0,12.0,E-4,63,,0,0.6979564428329468,True,0.6531060338020325,True,0.3264639377593994,False
689,66,2.5,0.5,4740.0,12.0,C4,60,,0,0.44066518545150757,False,0.4205426871776581,False,0.3171698749065399,False
690,67,0.0,0.5,4752.0,12.0,D4,62,,0,0.38907772302627563,False,0.40817543864250183,False,0.31389114260673523,False
691,67,0.0,0.5,4752.0,12.0,B3,59,,0,0.8274657726287842,True,0.9374118447303772,True,0.7727154493331909,True
692,67,0.0,1.0,4752.0,24.0,G3,55,,0,0.49078860878944397,False,0.41418179869651794,False,0.3181355893611908,False
693,67,0.5,0.5,4764.0,12.0,G4,67,,0,0.8906646966934204,True,0.8333262801170349,True,0.5694473385810852,True
694,67,0.5,0.5,4764.0,12.0,E-4,63,,0,0.44238439202308655,False,0.4055345058441162,False,0.31433239579200745,False
695,67,1.0,0.5,4776.0,12.0,F4,65,,0,0.503551721572876,True,0.8241703510284424,True,0.5634070038795471,True
696,67,1.0,0.5,4776.0,12.0,D4,62,,0,0.2611229419708252,False,0.37436577677726746,False,0.3029499053955078,False
697,67,1.5,0.5,4788.0,12.0,E-4,63,,0,0.32749807834625244,False,0.3739405870437622,False,0.30686187744140625,False
698,67,1.5,0.5,4788.0,12.0,C4,60,,0,0.3809147775173187,False,0.4031236469745636,False,0.3112812340259552,False
699,67,2.0,0.5,4800.0,12.0,D4,62,,0,0.1647549867630005,False,0.34361761808395386,False,0.2948780953884125,False
700,67,2.0,0.5,4800.0,12.0,B3,59,,0,0.8986905813217163,True,0.8506268262863159,True,0.6249182820320129,True
701,67,2.5,0.5,4812.0,12.0,E-4,63,,0,0.49235957860946655,False,0.41768157482147217,False,0.32069677114486694,False
702,67,2.5,0.5,4812.0,12.0,C4,60,,0,0.4302479922771454,False,0.41317033767700195,False,0.31565824151039124,False
703,67,2.5,0.5,4812.0,12.0,F#3,54,,0,0.9293904900550842,True,0.6814972162246704,True,0.5398945212364197,True
704,68,0.0,0.5,4824.0,12.0,D4,62,,0,0.38397765159606934,False,0.4035654366016388,False,0.31411242485046387,False
705,68,0.0,0.5,4824.0,12.0,B3,59,,0,0.9234150648117065,True,0.8955250382423401,True,0.7295418977737427,True
706,68,0.0,1.0,4824.0,24.0,G3,55,,0,0.4451616704463959,False,0.41126617789268494,False,0.31716394424438477,False
707,68,0.5,0.5,4836.0,12.0,G4,67,,0,0.847068190574646,True,0.6848843097686768,True,0.6486170291900635,True
708,68,0.5,0.5,4836.0,12.0,E-4,63,,0,0.40934935212135315,False,0.3946289122104645,False,0.31207597255706787,False
709,68,1.0,0.5,4848.0,12.0,F4,65,,0,0.6064375042915344,True,0.8734097480773926,True,0.7468052506446838,True
710,68,1.0,0.5,4848.0,12.0,D4,62,,0,0.14488787949085236,False,0.3491259515285492,False,0.2976791262626648,False
711,68,1.5,0.5,4860.0,12.0,E-4,63,,0,0.526763379573822,True,0.3918130695819855,False,0.3329745829105377,False
712,68,1.5,0.5,4860.0,12.0,C4,60,,0,0.6130478382110596,True,0.7174375653266907,True,0.6273006200790405,True
713,68,2.0,0.5,4872.0,12.0,D4,62,,0,0.08158040046691895,False,0.3293861746788025,False,0.2919193506240845,False
714,68,2.0,0.5,4872.0,12.0,B3,59,,0,0.8483490943908691,True,0.8281739354133606,True,0.735205352306366,True
715,68,2.5,0.5,4884.0,12.0,E-4,63,,0,0.5393491983413696,True,0.5507798194885254,True,0.29625779390335083,False
716,68,2.5,0.5,4884.0,12.0,C4,60,,0,0.7126207947731018,True,0.8768904209136963,True,0.6254620552062988,True
717,68,2.5,0.5,4884.0,12.0,F#3,54,,0,0.8500110507011414,True,0.753598690032959,True,0.681431770324707,True
718,69,0.0,0.5,4896.0,12.0,D4,62,,0,0.4045739471912384,False,0.40769290924072266,False,0.31542715430259705,False
719,69,0.0,0.5,4896.0,12.0,B3,59,,0,0.9647049307823181,True,0.9264463782310486,True,0.7600296139717102,True
720,69,0.0,0.5,4896.0,12.0,G3,55,,0,0.5979197025299072,True,0.6810868382453918,True,0.6562897562980652,True
721,69,0.5,0.5,4908.0,12.0,E-4,63,,0,0.3910388946533203,False,0.38832977414131165,False,0.31218278408050537,False
722,69,0.5,0.5,4908.0,12.0,C4,60,,0,0.46984758973121643,False,0.4231685996055603,False,0.31812041997909546,False
723,69,0.5,0.5,4908.0,12.0,F#3,54,,0,0.8494259715080261,True,0.7359100580215454,True,0.7070513963699341,True
724,69,1.0,0.5,4920.0,12.0,D4,62,,0,0.45430922508239746,False,0.4168497622013092,False,0.3134724199771881,False
725,69,1.0,0.5,4920.0,12.0,B3,59,,0,0.9194615483283997,True,0.8603367805480957,True,0.7241132855415344,True
726,69,1.0,0.5,4920.0,12.0,G3,55,,0,0.3572143614292145,False,0.3937416672706604,False,0.30732396245002747,False
727,69,1.5,0.5,4932.0,12.0,E-4,63,,0,0.32348427176475525,False,0.3714774250984192,False,0.30795037746429443,False
728,69,1.5,0.5,4932.0,12.0,C4,60,,0,0.3437330722808838,False,0.3876502513885498,False,0.30744197964668274,False
729,69,1.5,0.5,4932.0,12.0,F#3,54,,0,0.8122784495353699,True,0.7020248770713806,True,0.76816326379776,True
730,69,2.0,0.5,4944.0,12.0,D4,62,,0,0.23093965649604797,False,0.3541666567325592,False,0.2971195876598358,False
731,69,2.0,0.5,4944.0,12.0,B3,59,,0,0.8200400471687317,True,0.6592024564743042,True,0.607012927532196,True
732,69,2.0,0.5,4944.0,12.0,G3,55,,0,0.3928833603858948,False,0.39315521717071533,False,0.3070954978466034,False
733,69,2.5,0.5,4956.0,12.0,E-4,63,,0,0.5922653079032898,True,0.3799669146537781,False,0.33530914783477783,False
734,69,2.5,0.5,4956.0,12.0,C4,60,,0,0.31988438963890076,False,0.3724237084388733,False,0.30478787422180176,False
735,69,2.5,0.5,4956.0,12.0,F#3,54,,0,0.8732466101646423,True,0.7599896788597107,True,0.8227266073226929,True
736,70,0.0,0.5,4968.0,12.0,D4,62,,0,0.8415918350219727,True,0.6206813454627991,True,0.4470507502555847,False
737,70,0.0,0.5,4968.0,12.0,B3,59,,0,0.9797353744506836,True,0.8506059646606445,True,0.8322965502738953,True
738,70,0.0,1.0,4968.0,24.0,G3,55,,0,0.7249994874000549,True,0.8636121153831482,True,0.6857722997665405,True
739,70,0.5,0.5,4980.0,12.0,C#4,61,,0,0.8235782384872437,True,0.2202477604150772,False,0.3093024790287018,False
740,70,0.5,0.5,4980.0,12.0,A#3,58,,0,0.20567278563976288,False,0.33362454175949097,False,0.29909637570381165,False
741,70,1.0,0.5,4992.0,12.0,D4,62,,0,0.5226851105690002,True,0.6142072677612305,True,0.41422826051712036,False
742,70,1.0,0.5,4992.0,12.0,B3,59,,0,0.9549581408500671,True,0.7664149403572083,True,0.8234931230545044,True
743,70,1.5,0.5,5004.0,12.0,E4,64,,0,0.7185240983963013,True,0.5574946999549866,True,0.7543861269950867,True
744,70,1.5,0.5,5004.0,12.0,C#4,61,,0,0.6522641181945801,True,0.06761287152767181,False,0.2840964198112488,False
745,70,2.0,0.5,5016.0,12.0,F4,65,,0,0.35202670097351074,False,0.365751713514328,False,0.30012208223342896,False
746,70,2.0,0.5,5016.0,12.0,D4,62,,0,0.07761655002832413,False,0.32828041911125183,False,0.2914847135543823,False
747,70,2.5,0.5,5028.0,12.0,G4,67,,0,0.699371337890625,True,0.5208377242088318,True,0.7084463238716125,True
748,70,2.5,0.5,5028.0,12.0,E4,64,,0,0.8559325337409973,True,0.25834938883781433,False,0.31712573766708374,False
749,71,0.0,1.0,5040.0,24.0,A4,69,,0,0.8943473696708679,True,0.5486420392990112,True,0.46525970101356506,False
750,71,0.0,1.0,5040.0,24.0,F4,65,,0,0.8786985278129578,True,0.4869679808616638,False,0.3754572868347168,False
751,71,0.0,1.0,5040.0,24.0,F3,53,,0,0.5758783221244812,True,0.2430601567029953,False,0.3076295256614685,False
752,71,1.0,1.0,5064.0,24.0,A4,69,,0,0.45224979519844055,False,0.4209331274032593,False,0.30652210116386414,False
753,71,1.0,1.0,5064.0,24.0,F4,65,,0,0.49067866802215576,False,0.40613633394241333,False,0.3118048906326294,False
754,71,1.0,1.0,5064.0,24.0,C4,60,,0,0.7167882323265076,True,0.37709900736808777,False,0.32839855551719666,False
755,71,1.0,1.0,5064.0,24.0,F3,53,,0,0.5829797983169556,True,0.18517757952213287,False,0.2934749722480774,False
756,71,2.0,1.0,5088.0,24.0,A4,69,,0,0.22876586019992828,False,0.3539943993091583,False,0.2900320589542389,False
757,71,2.0,1.0,5088.0,24.0,F4,65,,0,0.271396279335022,False,0.3451966941356659,False,0.2955981194972992,False
758,71,2.0,1.0,5088.0,24.0,C4,60,,0,0.5339532494544983,True,0.25248560309410095,False,0.2973790168762207,False
759,71,2.0,1.0,5088.0,24.0,F3,53,,0,0.6634546518325806,True,0.15498803555965424,False,0.28719931840896606,False
760,72,0.0,2.0,5112.0,48.0,A4,69,,0,0.4712119400501251,False,0.42213183641433716,False,0.31163835525512695,False
761,72,0.0,2.0,5112.0,48.0,F4,65,,0,0.2005622535943985,False,0.3484354615211487,False,0.30036234855651855,False
762,72,0.0,3.0,5112.0,72.0,C4,60,,0,0.5400034785270691,True,0.3793288767337799,False,0.3198743164539337,False
763,72,0.0,2.0,5112.0,48.0,F3,53,,0,0.7362150549888611,True,0.24033236503601074,False,0.3053048253059387,False
764,72,2.0,1.0,5160.0,24.0,G4,67,,0,0.42775726318359375,False,0.40279775857925415,False,0.31229647994041443,False
765,72,2.0,1.0,5160.0,24.0,E4,64,,0,0.7181406617164612,True,0.4258907735347748,False,0.34995052218437195,False
766,72,2.0,1.0,5160.0,24.0,C3,48,,0,0.3776172995567322,False,0.42283686995506287,False,0.31131184101104736,False
767,73,0.0,0.0,5184.0,0.0,G4,67,,0,0.25559163093566895,False,0.38260790705680847,False,0.3101194500923157,False
768,73,0.0,1.0,5184.0,24.0,F4,65,,0,0.37272465229034424,False,0.3696175217628479,False,0.3072715699672699,False
769,73,0.0,1.0,5184.0,24.0,D4,62,,0,0.8711990714073181,True,0.8721685409545898,True,0.44926443696022034,False
770,73,0.0,1.0,5184.0,24.0,B3,59,,0,0.9704871773719788,True,0.8936537504196167,True,0.8240668773651123,True
771,73,0.0,1.0,5184.0,24.0,G2,43,,0,0.7868058681488037,True,0.8848333954811096,True,0.49456360936164856,False
772,73,1.0,1.0,5208.0,24.0,F4,65,,0,0.12918511033058167,False,0.32759714126586914,False,0.2923700511455536,False
773,73,1.0,1.0,5208.0,24.0,D4,62,,0,0.5748384594917297,True,0.8494046330451965,True,0.4019959270954132,False
774,73,1.0,1.0,5208.0,24.0,B3,59,,0,0.9329086542129517,True,0.8988862633705139,True,0.8550024032592773,True
775,73,1.0,1.0,5208.0,24.0,G2,43,,0,0.7656108140945435,True,0.8813170790672302,True,0.5202814340591431,True
776,73,2.0,1.0,5232.0,24.0,F4,65,,0,0.19553549587726593,False,0.3298501968383789,False,0.2919701039791107,False
777,73,2.0,1.0,5232.0,24.0,D4,62,,0,0.6723442673683167,True,0.8552971482276917,True,0.5572009682655334,True
778,73,2.0,1.0,5232.0,24.0,B3,59,,0,0.94867342710495,True,0.917023777961731,True,0.8733824491500854,True
779,73,2.0,1.0,5232.0,24.0,G2,43,,0,0.567748486995697,True,0.8924214243888855,True,0.5459502935409546,True
780,74,0.0,2.0,5256.0,48.0,F4,65,,0,0.3272712826728821,False,0.3667493462562561,False,0.30436810851097107,False
781,74,0.0,2.0,5256.0,48.0,D4,62,,0,0.6090007424354553,True,0.6488041281700134,True,0.47634831070899963,False
782,74,0.0,2.0,5256.0,48.0,B3,59,,0,0.9710732102394104,True,0.8473705053329468,True,0.8491336107254028,True
783,74,0.0,2.0,5256.0,48.0,G2,43,,0,0.7482357621192932,True,0.8103266358375549,True,0.4931502342224121,False
784,74,2.0,1.0,5304.0,24.0,E4,64,,0,0.398666113615036,False,0.37691646814346313,False,0.299945592880249,False
785,74,2.0,1.0,5304.0,24.0,C4,60,,0,0.5757776498794556,True,0.29524490237236023,False,0.3172356188297272,False
786,74,2.0,1.0,5304.0,24.0,A2,45,,0,0.3450632095336914,False,0.38140013813972473,False,0.29890066385269165,False
787,75,0.0,0.5,5328.0,12.0,G4,67,,0,0.33937034010887146,False,0.4016340374946594,False,0.31499528884887695,False
788,75,0.0,0.5,5328.0,12.0,E4,64,,0,0.7551146149635315,True,0.43018099665641785,False,0.3485914468765259,False
789,75,0.0,1.0,5328.0,24.0,F2,41,,0,0.8694049715995789,True,0.7636974453926086,True,0.6832942366600037,True
790,75,0.5,0.5,5340.0,12.0,F4,65,,0,0.1181177869439125,False,0.29646262526512146,False,0.29011696577072144,False
791,75,0.5,0.5,5340.0,12.0,D4,62,,0,0.43092408776283264,False,0.3788910210132599,False,0.3074648976325989,False
792,75,1.0,1.0,5352.0,24.0,E4,64,,0,0.8488109111785889,True,0.42079225182533264,False,0.34990793466567993,False
793,75,1.0,1.0,5352.0,24.0,C4,60,,0,0.6190991401672363,True,0.6204849481582642,True,0.7337237596511841,True
794,75,1.0,1.0,5352.0,24.0,G2,43,,0,0.9042466282844543,True,0.903564989566803,True,0.5434645414352417,True
795,75,2.0,1.0,5376.0,24.0,D4,62,,0,0.6450212001800537,True,0.6888852119445801,True,0.6065587997436523,True
796,75,2.0,1.0,5376.0,24.0,B3,59,,0,0.9906874299049377,True,0.8304517865180969,True,0.8011678457260132,True
797,75,2.0,1.0,5376.0,24.0,G2,43,,0,0.8653340339660645,True,0.8080350756645203,True,0.5676723122596741,True
798,76,0.0,0.5,5400.0,12.0,E4,64,,0,0.6590242981910706,True,0.6308493614196777,True,0.6683829426765442,True
799,76,0.0,0.5,5400.0,12.0,C4,60,,0,0.6895120143890381,True,0.5320688486099243,True,0.7959190607070923,True
800,76,0.0,1.0,5400.0,24.0,C3,48,,0,0.6886784434318542,True,0.5596636533737183,True,0.7756284475326538,True
801,76,0.5,0.5,5412.0,12.0,C5,72,,0,0.7176751494407654,True,0.9111923575401306,True,0.7097908854484558,True
802,76,1.0,0.5,5424.0,12.0,D5,74,,0,0.7741344571113586,True,0.6891667246818542,True,0.5382524728775024,True
803,76,1.5,0.5,5436.0,12.0,E5,76,,0,0.806660532951355,True,0.5222625732421875,True,0.4090857207775116,False
804,76,2.0,0.5,5448.0,12.0,F5,77,,0,0.24853824079036713,False,0.33831465244293213,False,0.29361552000045776,False
805,76,2.5,0.5,5460.0,12.0,G5,79,,0,0.7135501503944397,True,0.480689138174057,False,0.34866219758987427,False
806,77,0.0,1.0,5472.0,24.0,A5,81,,0,0.8827279806137085,True,0.4211631119251251,False,0.33620840311050415,False
807,77,0.0,1.0,5472.0,24.0,F4,65,,0,0.5006807446479797,True,0.40323927998542786,False,0.31036967039108276,False
808,77,0.0,1.0,5472.0,24.0,C4,60,,0,0.7220425605773926,True,0.17949149012565613,False,0.297686904668808,False
809,77,1.0,1.0,5496.0,24.0,A5,81,,0,0.8821259140968323,True,0.32187148928642273,False,0.31300798058509827,False
810,77,1.0,1.0,5496.0,24.0,F4,65,,0,0.5017907023429871,True,0.37351709604263306,False,0.3054546117782593,False
811,77,1.0,1.0,5496.0,24.0,C4,60,,0,0.7360279560089111,True,0.15236744284629822,False,0.29548484086990356,False
812,77,2.0,1.0,5520.0,24.0,A5,81,,0,0.7179702520370483,True,0.2304060310125351,False,0.2954678237438202,False
813,77,2.0,1.0,5520.0,24.0,F4,65,,0,0.35656625032424927,False,0.3555539548397064,False,0.29814377427101135,False
814,77,2.0,1.0,5520.0,24.0,C4,60,,0,0.6704680323600769,True,0.16087190806865692,False,0.2925105690956116,False
815,78,0.0,1.5,5544.0,36.0,A5,81,,0,0.8843336701393127,True,0.3447600305080414,False,0.3206513226032257,False
816,78,0.0,2.0,5544.0,48.0,F4,65,,0,0.6968753337860107,True,0.4556974470615387,False,0.3298906087875366,False
817,78,0.0,3.0,5544.0,72.0,C4,60,,0,0.6006262302398682,True,0.23750251531600952,False,0.30665817856788635,False
818,78,1.5,0.25,5580.0,6.0,B5,83,,0,0.28567057847976685,False,0.32952478528022766,False,0.29514631628990173,False
819,78,1.75,0.25,5586.0,6.0,A5,81,,0,0.8422644138336182,True,0.14934048056602478,False,0.28085359930992126,False
820,78,2.0,1.0,5592.0,24.0,G5,79,,0,0.2766435146331787,False,0.38797810673713684,False,0.3049367666244507,False
821,78,2.0,1.0,5592.0,24.0,E4,64,,0,0.8094714283943176,True,0.5637285709381104,True,0.5691521763801575,True
822,79,0.0,0.0,5616.0,0.0,G5,79,,0,0.09618067741394043,False,0.355304092168808,False,0.30267059803009033,False
823,79,0.0,1.0,5616.0,24.0,F5,77,,0,0.16355037689208984,False,0.33315083384513855,False,0.2963612675666809,False
824,79,0.0,1.0,5616.0,24.0,B4,71,,0,0.8247323632240295,True,0.18936963379383087,False,0.3129523694515228,False
825,79,0.0,1.0,5616.0,24.0,D4,62,,0,0.2718379497528076,False,0.3803575336933136,False,0.3073696494102478,False
826,79,0.0,1.0,5616.0,24.0,G3,55,,0,0.7855808734893799,True,0.7064225673675537,True,0.7046806216239929,True
827,79,1.0,1.0,5640.0,24.0,F5,77,,0,0.2819775342941284,False,0.3474607765674591,False,0.2969677746295929,False
828,79,1.0,1.0,5640.0,24.0,B4,71,,0,0.9150603413581848,True,0.10545087605714798,False,0.2897309958934784,False
829,79,1.0,1.0,5640.0,24.0,D4,62,,0,0.4945297837257385,False,0.4374912679195404,False,0.31591370701789856,False
830,79,1.0,1.0,5640.0,24.0,G3,55,,0,0.38255947828292847,False,0.3985626995563507,False,0.30899131298065186,False
831,79,2.0,1.0,5664.0,24.0,F5,77,,0,0.09641863405704498,False,0.31360289454460144,False,0.28735360503196716,False
832,79,2.0,1.0,5664.0,24.0,B4,71,,0,0.7628345489501953,True,0.09242741763591766,False,0.2841000556945801,False
833,79,2.0,1.0,5664.0,24.0,D4,62,,0,0.16488686203956604,False,0.3497505187988281,False,0.29515528678894043,False
834,79,2.0,1.0,5664.0,24.0,G3,55,,0,0.42929697036743164,False,0.4002539813518524,False,0.3084794282913208,False
835,80,0.0,2.0,5688.0,48.0,F5,77,,0,0.28649091720581055,False,0.35851627588272095,False,0.30205947160720825,False
836,80,0.0,2.0,5688.0,48.0,B4,71,,0,0.8872097134590149,True,0.18152034282684326,False,0.30515381693840027,False
837,80,0.0,2.0,5688.0,48.0,D4,62,,0,0.19869957864284515,False,0.37435999512672424,False,0.30527567863464355,False
838,80,0.0,2.0,5688.0,48.0,G3,55,,0,0.33564743399620056,False,0.39344221353530884,False,0.3109097480773926,False
839,80,2.0,1.0,5736.0,24.0,E5,76,,0,0.8204623460769653,True,0.5416508913040161,True,0.4195132553577423,False
840,80,2.0,1.0,5736.0,24.0,C5,72,,0,0.6284239888191223,True,0.4480157792568207,False,0.3569292724132538,False
841,80,2.0,1.0,5736.0,24.0,C4,60,,0,0.6891584396362305,True,0.40392598509788513,False,0.328346312046051,False
842,80,2.0,1.0,5736.0,24.0,A3,57,,0,0.5254180431365967,True,0.9416576027870178,True,0.7441693544387817,True
843,81,0.0,0.5,5760.0,12.0,G5,79,,0,0.40893644094467163,False,0.42994534969329834,False,0.31971657276153564,False
844,81,0.0,0.5,5760.0,12.0,E5,76,,0,0.9610306620597839,True,0.4941716492176056,False,0.36001861095428467,False
845,81,0.0,1.0,5760.0,24.0,F3,53,,0,0.8171738386154175,True,0.3941323459148407,False,0.3402933180332184,False
846,81,0.5,0.5,5772.0,12.0,F5,77,,0,0.2354368418455124,False,0.3134547173976898,False,0.29388710856437683,False
847,81,0.5,0.5,5772.0,12.0,D5,74,,0,0.3223206698894501,False,0.3546360433101654,False,0.3033052980899811,False
848,81,1.0,1.0,5784.0,24.0,E5,76,,0,0.9624345302581787,True,0.44308120012283325,False,0.3296034038066864,False
849,81,1.0,1.0,5784.0,24.0,C5,72,,0,0.9576647877693176,True,0.7083857655525208,True,0.4820668399333954,False
850,81,1.0,1.0,5784.0,24.0,G3,55,,0,0.3498837351799011,False,0.397842139005661,False,0.30810481309890747,False
851,81,2.0,1.0,5808.0,24.0,D5,74,,0,0.5959038734436035,True,0.40230727195739746,False,0.3174421787261963,False
852,81,2.0,1.0,5808.0,24.0,B4,71,,0,0.9894068837165833,True,0.2191193699836731,False,0.3144543766975403,False
853,81,2.0,1.0,5808.0,24.0,F3,53,,0,0.730363667011261,True,0.23901638388633728,False,0.3052413761615753,False
854,82,0.0,0.5,5832.0,12.0,G5,79,,0,0.7320170402526855,True,0.2779373526573181,False,0.31545209884643555,False
855,82,0.0,0.5,5832.0,12.0,E5,76,,0,0.9112426042556763,True,0.6098877191543579,True,0.40079009532928467,False
856,82,0.0,0.5,5832.0,12.0,E3,52,,0,0.7522000074386597,True,0.49878233671188354,False,0.3831196129322052,False
857,82,0.0,0.5,5832.0,12.0,E2,40,,0,0.29889994859695435,False,0.36982131004333496,False,0.3018929064273834,False
858,82,0.5,0.5,5844.0,12.0,G5,79,,0,0.5183135867118835,True,0.2006353735923767,False,0.3024458587169647,False
859,82,0.5,0.5,5844.0,12.0,E5,76,,0,0.9313228130340576,True,0.536986231803894,True,0.3301626741886139,False
860,82,1.0,0.5,5856.0,12.0,G#3,56,,0,0.9727452993392944,True,0.7872537970542908,True,0.6340124011039734,True
861,82,1.5,0.5,5868.0,12.0,F5,77,,0,0.28177836537361145,False,0.32348740100860596,False,0.295634925365448,False
862,82,1.5,0.5,5868.0,12.0,D5,74,,0,0.04949255660176277,False,0.302516907453537,False,0.29186198115348816,False
863,82,2.0,0.5,5880.0,12.0,A3,57,,0,0.23292472958564758,False,0.35233038663864136,False,0.2886699140071869,False
864,82,2.5,0.5,5892.0,12.0,E5,76,,0,0.9387580752372742,True,0.4552362859249115,False,0.3208297789096832,False
865,82,2.5,0.5,5892.0,12.0,C5,72,,0,0.7854163646697998,True,0.41351214051246643,False,0.34515583515167236,False
866,83,0.0,0.5,5904.0,12.0,F3,53,,0,0.7264004349708557,True,0.18253736197948456,False,0.30570852756500244,False
867,83,0.5,0.5,5916.0,12.0,D5,74,,0,0.18590255081653595,False,0.3266412615776062,False,0.29614028334617615,False
868,83,0.5,0.5,5916.0,12.0,F4,65,,0,0.2660003900527954,False,0.3131062984466553,False,0.29296937584877014,False
869,83,1.0,0.5,5928.0,12.0,G3,55,,0,0.7962999939918518,True,0.5846527814865112,True,0.498075932264328,False
870,83,1.5,0.5,5940.0,12.0,C5,72,,0,0.742091178894043,True,0.3667113780975342,False,0.3312428593635559,False
871,83,1.5,0.5,5940.0,12.0,E4,64,,0,0.8815203905105591,True,0.2616276144981384,False,0.30701473355293274,False
872,83,2.0,0.5,5952.0,12.0,F3,53,,0,0.786421000957489,True,0.23742683231830597,False,0.30287161469459534,False
873,83,2.5,0.5,5964.0,12.0,B4,71,,0,0.9422982931137085,True,0.11494474858045578,False,0.29457446932792664,False
874,83,2.5,0.5,5964.0,12.0,D4,62,,0,0.2690401077270508,False,0.3452349305152893,False,0.29880139231681824,False
875,84,0.0,1.0,5976.0,24.0,E3,52,,0,0.901482343673706,True,0.5165947675704956,True,0.6760309338569641,True
876,84,0.0,1.0,5976.0,24.0,E2,40,,0,0.7777888178825378,True,0.5955880880355835,True,0.7921292781829834,True
877,84,0.25,0.25,5982.0,6.0,E5,76,,0,0.7014040350914001,True,0.357959508895874,False,0.2969658672809601,False
878,84,0.5,0.25,5988.0,6.0,G5,79,,0,0.19021454453468323,False,0.34073975682258606,False,0.30052024126052856,False
879,84,0.75,0.25,5994.0,6.0,E5,76,,0,0.8862842917442322,True,0.2909393906593323,False,0.2937171757221222,False
880,84,1.0,1.0,6000.0,24.0,G#3,56,,0,0.9854457378387451,True,0.7395808696746826,True,0.602362871170044,True
881,84,1.0,1.0,6000.0,24.0,G#2,44,,0,0.9300499558448792,True,0.755729079246521,True,0.6230412721633911,True
882,84,1.25,0.25,6006.0,6.0,D5,74,,0,0.0732172355055809,False,0.30935487151145935,False,0.28694310784339905,False
883,84,1.5,0.25,6012.0,6.0,F5,77,,0,0.24994023144245148,False,0.3097829520702362,False,0.2927868962287903,False
884,84,1.75,0.25,6018.0,6.0,D5,74,,0,0.3573608994483948,False,0.3552580773830414,False,0.29634881019592285,False
885,84,2.0,1.0,6024.0,24.0,A3,57,,0,0.03172548487782478,False,0.3182376027107239,False,0.2824043929576874,False
886,84,2.0,1.0,6024.0,24.0,A2,45,,0,0.1084548607468605,False,0.3290850520133972,False,0.2850762605667114,False
887,84,2.25,0.25,6030.0,6.0,C5,72,,0,0.8469798564910889,True,0.5668931603431702,True,0.41971996426582336,False
888,84,2.5,0.25,6036.0,6.0,E5,76,,0,0.8655444979667664,True,0.45780709385871887,False,0.3195821940898895,False
889,84,2.75,0.25,6042.0,6.0,C5,72,,0,0.7828556299209595,True,0.5250863432884216,True,0.3818512260913849,False
890,85,0.0,1.0,6048.0,24.0,F3,53,,0,0.7928510308265686,True,0.33007264137268066,False,0.3277314007282257,False
891,85,0.0,1.0,6048.0,24.0,F2,41,,0,0.965886116027832,True,0.5926634073257446,True,0.489376962184906,False
892,85,0.25,0.25,6054.0,6.0,F4,65,,0,0.12816378474235535,False,0.2995939552783966,False,0.2841493487358093,False
893,85,0.5,0.25,6060.0,6.0,D5,74,,0,0.4352499842643738,False,0.3707289397716522,False,0.30258050560951233,False
894,85,0.75,0.25,6066.0,6.0,F4,65,,0,0.09370766580104828,False,0.2959648072719574,False,0.2836747467517853,False
895,85,1.0,1.0,6072.0,24.0,G3,55,,0,0.16380728781223297,False,0.3644881248474121,False,0.301381915807724,False
896,85,1.0,1.0,6072.0,24.0,G2,43,,0,0.6772966980934143,True,0.8666584491729736,True,0.7164191007614136,True
897,85,1.25,0.25,6078.0,6.0,E4,64,,0,0.39664313197135925,False,0.33980658650398254,False,0.2882824242115021,False
898,85,1.5,0.25,6084.0,6.0,C5,72,,0,0.5581986904144287,True,0.4326295256614685,False,0.3731668293476105,False
899,85,1.75,0.25,6090.0,6.0,E4,64,,0,0.16398954391479492,False,0.3071801960468292,False,0.2824002206325531,False
900,85,2.0,1.0,6096.0,24.0,G3,55,,0,0.343583345413208,False,0.3945111334323883,False,0.305996835231781,False
901,85,2.0,1.0,6096.0,24.0,G2,43,,0,0.8259619474411011,True,0.9038442373275757,True,0.7165847420692444,True
902,85,2.25,0.25,6102.0,6.0,D4,62,,0,0.6231942772865295,True,0.5045437812805176,True,0.4380347430706024,False
903,85,2.5,0.25,6108.0,6.0,B4,71,,0,0.7187254428863525,True,0.1327345371246338,False,0.2908831536769867,False
904,85,2.75,0.25,6114.0,6.0,D4,62,,0,0.7548186779022217,True,0.6921290755271912,True,0.49442318081855774,False
905,86,0.0,1.0,6120.0,24.0,C5,72,,0,0.890934407711029,True,0.5781068801879883,True,0.5842930674552917,True
906,86,0.0,1.0,6120.0,24.0,G4,67,,0,0.7820338606834412,True,0.6983990669250488,True,0.48974379897117615,False
907,86,0.0,1.0,6120.0,24.0,E4,64,,0,0.7234684228897095,True,0.3540867269039154,False,0.32142964005470276,False
908,86,0.0,0.25,6120.0,6.0,C3,48,,0,0.8600040674209595,True,0.4975358247756958,False,0.3570411205291748,False
909,86,0.25,0.25,6126.0,6.0,E3,52,,0,0.7323433756828308,True,0.5216782093048096,True,0.5918718576431274,True
910,86,0.5,0.25,6132.0,6.0,G3,55,,0,0.3053615093231201,False,0.36212870478630066,False,0.30244767665863037,False
911,86,0.75,0.25,6138.0,6.0,C4,60,,0,0.9776986241340637,True,0.340734601020813,False,0.31666257977485657,False
912,86,1.0,0.25,6144.0,6.0,C3,48,,0,0.8691428899765015,True,0.34510067105293274,False,0.3164353370666504,False
913,86,1.25,0.25,6150.0,6.0,E3,52,,0,0.4354618489742279,False,0.3552631437778473,False,0.2901240587234497,False
914,86,1.5,0.25,6156.0,6.0,G3,55,,0,0.4764147400856018,False,0.40019747614860535,False,0.31074514985084534,False
915,86,1.75,0.25,6162.0,6.0,C4,60,,0,0.9332461357116699,True,0.27506494522094727,False,0.30415257811546326,False
916,86,2.0,0.75,6168.0,18.0,E5,76,,0,0.7793490886688232,True,0.2568095326423645,False,0.29282721877098083,False
917,86,2.0,0.25,6168.0,6.0,C3,48,,0,0.745965838432312,True,0.2400994449853897,False,0.2943556010723114,False
918,86,2.25,0.25,6174.0,6.0,E3,52,,0,0.6365523338317871,True,0.5230027437210083,True,0.5856332182884216,True
919,86,2.5,0.25,6180.0,6.0,G3,55,,0,0.23742997646331787,False,0.3490775227546692,False,0.3001505136489868,False
920,86,2.75,0.125,6186.0,3.0,D5,74,,0,0.07268835604190826,False,0.3064594864845276,False,0.2868615388870239,False
921,86,2.75,0.25,6186.0,6.0,C4,60,,0,0.9466397166252136,True,0.3562670350074768,False,0.3184567987918854,False
922,86,2.875,0.125,6189.0,3.0,C5,72,,0,0.993444561958313,True,0.5987388491630554,True,0.4361425042152405,False
923,87,0.0,2.0,6192.0,48.0,G5,79,,0,0.9031029343605042,True,0.27762874960899353,False,0.32365626096725464,False
924,87,0.0,0.25,6192.0,6.0,C3,48,,0,0.8230018019676208,True,0.3341904580593109,False,0.3171185851097107,False
925,87,0.25,0.25,6198.0,6.0,E3,52,,0,0.6652533411979675,True,0.5257842540740967,True,0.5856620669364929,True
926,87,0.5,0.25,6204.0,6.0,G3,55,,0,0.23747912049293518,False,0.3492715656757355,False,0.30029943585395813,False
927,87,0.75,0.25,6210.0,6.0,C4,60,,0,0.9580389261245728,True,0.403099000453949,False,0.3236122131347656,False
928,87,1.0,0.25,6216.0,6.0,C3,48,,0,0.8985211849212646,True,0.32183775305747986,False,0.31128355860710144,False
929,87,1.25,0.25,6222.0,6.0,E3,52,,0,0.5420253872871399,True,0.49517714977264404,False,0.32808220386505127,False
930,87,1.5,0.25,6228.0,6.0,G3,55,,0,0.476130872964859,False,0.3980836570262909,False,0.3101303279399872,False
931,87,1.75,0.25,6234.0,6.0,C4,60,,0,0.9216256141662598,True,0.3326960802078247,False,0.3130768835544586,False
932,87,2.0,0.75,6240.0,18.0,B5,83,,0,0.5323947668075562,True,0.5479789972305298,True,0.36316126585006714,False
933,87,2.0,0.25,6240.0,6.0,C3,48,,0,0.6540462970733643,True,0.2213604599237442,False,0.2916037142276764,False
934,87,2.25,0.25,6246.0,6.0,F3,53,,0,0.4157629609107971,False,0.35371899604797363,False,0.29621797800064087,False
935,87,2.5,0.25,6252.0,6.0,G3,55,,0,0.26532629132270813,False,0.35209476947784424,False,0.3005768656730652,False
936,87,2.75,0.125,6258.0,3.0,A5,81,,0,0.5089373588562012,True,0.15487824380397797,False,0.2812836766242981,False
937,87,2.75,0.25,6258.0,6.0,C4,60,,0,0.947226345539093,True,0.4004824459552765,False,0.3173649311065674,False
938,87,2.875,0.125,6261.0,3.0,G5,79,,0,0.9035026431083679,True,0.3229409456253052,False,0.3129369914531708,False
939,88,0.0,2.0,6264.0,48.0,C6,84,,0,0.956403911113739,True,0.5279092192649841,True,0.3770867884159088,False
940,88,0.0,0.25,6264.0,6.0,C3,48,,0,0.7649025321006775,True,0.37194326519966125,False,0.325198233127594,False
941,88,0.25,0.25,6270.0,6.0,E3,52,,0,0.6057475805282593,True,0.4690283238887787,False,0.32519158720970154,False
942,88,0.5,0.25,6276.0,6.0,G3,55,,0,0.22705180943012238,False,0.34534528851509094,False,0.2995184361934662,False
943,88,0.75,0.25,6282.0,6.0,C4,60,,0,0.9602233171463013,True,0.3244011700153351,False,0.3111201524734497,False
944,88,1.0,0.25,6288.0,6.0,C3,48,,0,0.8900401592254639,True,0.32310643792152405,False,0.3126087784767151,False
945,88,1.25,0.25,6294.0,6.0,E3,52,,0,0.4297598898410797,False,0.3529200851917267,False,0.28948718309402466,False
946,88,1.5,0.25,6300.0,6.0,G3,55,,0,0.434948593378067,False,0.38583436608314514,False,0.30735769867897034,False
947,88,1.75,0.25,6306.0,6.0,C4,60,,0,0.9193674921989441,True,0.28336021304130554,False,0.3020543158054352,False
948,88,2.0,0.75,6312.0,18.0,E5,76,,0,0.8878001570701599,True,0.344348669052124,False,0.31107109785079956,False
949,88,2.0,0.25,6312.0,6.0,C3,48,,0,0.6342887282371521,True,0.2925168573856354,False,0.29875895380973816,False
950,88,2.25,0.25,6318.0,6.0,E3,52,,0,0.5639023780822754,True,0.46159234642982483,False,0.32266563177108765,False
951,88,2.5,0.25,6324.0,6.0,G3,55,,0,0.2616530954837799,False,0.35147908329963684,False,0.30064812302589417,False
952,88,2.75,0.125,6330.0,3.0,D5,74,,0,0.1720433533191681,False,0.31707078218460083,False,0.2888198792934418,False
953,88,2.75,0.25,6330.0,6.0,C4,60,,0,0.9310476183891296,True,0.3343765139579773,False,0.31215542554855347,False
954,88,2.875,0.125,6333.0,3.0,C5,72,,0,0.9703698754310608,True,0.6525043845176697,True,0.5164381265640259,True
955,89,0.0,1.0,6336.0,24.0,G5,79,,0,0.6898493766784668,True,0.33725103735923767,False,0.3251744508743286,False
956,89,0.0,0.25,6336.0,6.0,C3,48,,0,0.7988899350166321,True,0.34837406873703003,False,0.3200828433036804,False
957,89,0.25,0.25,6342.0,6.0,E3,52,,0,0.6194411516189575,True,0.4722460210323334,False,0.32445111870765686,False
958,89,0.5,0.25,6348.0,6.0,G3,55,,0,0.16630390286445618,False,0.334677517414093,False,0.2979256212711334,False
959,89,0.75,0.25,6354.0,6.0,C4,60,,0,0.8866430521011353,True,0.23480723798274994,False,0.2982769012451172,False
960,89,1.0,1.0,6360.0,24.0,G5,79,,0,0.8477616906166077,True,0.31708016991615295,False,0.3141269087791443,False
961,89,1.0,0.25,6360.0,6.0,C3,48,,0,0.8201584815979004,True,0.3506518602371216,False,0.31530892848968506,False
962,89,1.25,0.25,6366.0,6.0,E3,52,,0,0.276641845703125,False,0.3250342011451721,False,0.2847055196762085,False
963,89,1.5,0.25,6372.0,6.0,G3,55,,0,0.6368141174316406,True,0.7328442931175232,True,0.48399025201797485,False
964,89,1.75,0.25,6378.0,6.0,C4,60,,0,0.8976461291313171,True,0.15644875168800354,False,0.28664377331733704,False
965,89,2.0,0.75,6384.0,18.0,B5,83,,0,0.5625558495521545,True,0.4586963653564453,False,0.3159654438495636,False
966,89,2.0,0.25,6384.0,6.0,C3,48,,0,0.8113723993301392,True,0.2652972340583801,False,0.3045096695423126,False
967,89,2.25,0.25,6390.0,6.0,F3,53,,0,0.684069812297821,True,0.11630794405937195,False,0.2845436632633209,False
968,89,2.5,0.25,6396.0,6.0,G3,55,,0,0.39830145239830017,False,0.38106852769851685,False,0.30897122621536255,False
969,89,2.75,0.125,6402.0,3.0,A5,81,,0,0.7672833800315857,True,0.24954363703727722,False,0.29669421911239624,False
970,89,2.75,0.25,6402.0,6.0,C4,60,,0,0.9380689263343811,True,0.25930339097976685,False,0.298075407743454,False
971,89,2.875,0.125,6405.0,3.0,G5,79,,0,0.9557767510414124,True,0.4670303761959076,False,0.32943275570869446,False
972,90,0.0,1.0,6408.0,24.0,C6,84,,0,0.9477647542953491,True,0.6281790137290955,True,0.36114388704299927,False
973,90,0.0,1.0,6408.0,24.0,C4,60,,0,0.9011766910552979,True,0.4203649163246155,False,0.3342817425727844,False
974,90,0.0,1.0,6408.0,24.0,G3,55,,0,0.5464887619018555,True,0.8650990724563599,True,0.5380291938781738,True
975,90,0.0,1.0,6408.0,24.0,E3,52,,0,0.8036539554595947,True,0.680536687374115,True,0.6775836944580078,True
976,90,0.0,1.0,6408.0,24.0,C3,48,,0,0.8544389009475708,True,0.5513174533843994,True,0.6767885088920593,True
977,90,1.0,1.5,6432.0,36.0,E6,88,,0,0.8502243757247925,True,0.4770258367061615,False,0.34683021903038025,False
978,90,1.0,1.5,6432.0,36.0,E4,64,,0,0.5386768579483032,True,0.5946303009986877,True,0.5676282048225403,True
979,90,1.0,1.5,6432.0,36.0,E3,52,,0,0.911507785320282,True,0.6390148997306824,True,0.6557468175888062,True
980,90,2.5,0.5,6468.0,12.0,G#5,80,,0,0.37120968103408813,False,0.373112291097641,False,0.3069665729999542,False
981,90,2.5,0.5,6468.0,12.0,G#3,56,,0,0.9618330001831055,True,0.7915619611740112,True,0.4692763090133667,False
982,90,2.5,0.5,6468.0,12.0,G#2,44,,0,0.9611742496490479,True,0.9296117424964905,True,0.6881968975067139,True
983,91,0.0,1.0,6480.0,24.0,A5,81,,0,0.9632344841957092,True,0.5022889375686646,True,0.4489010274410248,False
984,91,0.0,1.0,6480.0,24.0,A3,57,,0,0.8282816410064697,True,0.8909555077552795,True,0.6958045363426208,True
985,91,0.0,1.0,6480.0,24.0,A2,45,,0,0.5942977070808411,True,0.7625673413276672,True,0.5097776651382446,True
986,91,1.0,1.5,6504.0,36.0,C6,84,,0,0.7115171551704407,True,0.42929649353027344,False,0.3173002600669861,False
987,91,1.0,1.5,6504.0,36.0,C4,60,,0,0.7526423931121826,True,0.2069341242313385,False,0.30166125297546387,False
988,91,1.0,1.5,6504.0,36.0,C3,48,,0,0.43516233563423157,False,0.4554307460784912,False,0.31642773747444153,False
989,91,2.5,0.5,6540.0,12.0,E5,76,,0,0.9264404773712158,True,0.3945101499557495,False,0.3216186463832855,False
990,91,2.5,0.5,6540.0,12.0,E3,52,,0,0.7402675151824951,True,0.163972407579422,False,0.2983534336090088,False
991,92,0.0,0.75,6552.0,18.0,F5,77,,0,0.1943284422159195,False,0.34039974212646484,False,0.2987491488456726,False
992,92,0.0,0.75,6552.0,18.0,F3,53,,0,0.7851934432983398,True,0.12429190427064896,False,0.28896644711494446,False
993,92,0.75,0.125,6570.0,3.0,E5,76,,0,0.657617449760437,True,0.32017168402671814,False,0.29721972346305847,False
994,92,0.75,0.125,6570.0,3.0,E3,52,,0,0.545569658279419,True,0.21673068404197693,False,0.2995961606502533,False
995,92,0.875,0.125,6573.0,3.0,D5,74,,0,0.6076164245605469,True,0.28006428480148315,False,0.29148849844932556,False
996,92,0.875,0.125,6573.0,3.0,D3,50,,0,0.7011485695838928,True,0.5664154291152954,True,0.3033771514892578,False
997,92,1.0,1.0,6576.0,24.0,G5,79,,0,0.6492617726325989,True,0.4980998933315277,False,0.34250062704086304,False
998,92,1.0,1.0,6576.0,24.0,G3,55,,0,0.5976734161376953,True,0.342771977186203,False,0.31538161635398865,False
999,92,2.0,1.0,6600.0,24.0,B5,83,,0,0.2186126857995987,False,0.3290088176727295,False,0.289903461933136,False
1000,92,2.0,1.0,6600.0,24.0,G5,79,,0,0.5197862386703491,True,0.43042513728141785,False,0.3214026987552643,False
1001,92,2.0,1.0,6600.0,24.0,D5,74,,0,0.15808406472206116,False,0.33980900049209595,False,0.2943703532218933,False
1002,92,2.0,1.0,6600.0,24.0,G3,55,,0,0.5062625408172607,True,0.31657639145851135,False,0.3015541434288025,False
1003,92,2.0,1.0,6600.0,24.0,G2,43,,0,0.293497771024704,False,0.3807573914527893,False,0.30459970235824585,False
1004,93,0.0,1.0,6624.0,24.0,C6,84,,0,0.8521171808242798,True,0.34501177072525024,False,0.32040444016456604,False
1005,93,0.0,1.0,6624.0,24.0,G5,79,,0,0.21806858479976654,False,0.3842500150203705,False,0.30945682525634766,False
1006,93,0.0,1.0,6624.0,24.0,E5,76,,0,0.6311812400817871,True,0.3619568347930908,False,0.32531723380088806,False
1007,93,0.0,1.0,6624.0,24.0,C4,60,,0,0.7742034792900085,True,0.11202847212553024,False,0.2915600538253784,False
1008,93,0.0,1.0,6624.0,24.0,C3,48,,0,0.8315717577934265,True,0.1525527387857437,False,0.2984784245491028,False
1009,93,1.0,1.0,6648.0,24.0,C4,60,,0,0.7548778653144836,True,0.16870324313640594,False,0.297602117061615,False
1010,93,1.0,1.0,6648.0,24.0,C3,48,,0,0.894593358039856,True,0.420497864484787,False,0.33966001868247986,False
1011,93,1.0,1.0,6648.0,24.0,C2,36,,0,0.2585464119911194,False,0.3833046853542328,False,0.30208125710487366,False
1012,94,0.0,1.0,6696.0,24.0,G4,67,,0,0.47496718168258667,False,0.43613117933273315,False,0.32470643520355225,False
1013,94,0.0,3.0,6696.0,72.0,G4,67,,0,0.37686994671821594,False,0.434378057718277,False,0.3258466124534607,False
1014,94,1.0,1.0,6720.0,24.0,C5,72,,0,0.6205090880393982,True,0.20198123157024384,False,0.3120133578777313,False
1015,94,1.0,1.0,6720.0,24.0,E3,52,,0,0.5050544738769531,True,0.3105003237724304,False,0.31005534529685974,False
1016,94,2.0,1.0,6744.0,24.0,E5,76,,0,0.9295523166656494,True,0.40211746096611023,False,0.32787778973579407,False
1017,94,2.0,1.0,6744.0,24.0,C3,48,,0,0.9208930134773254,True,0.4130072295665741,False,0.33374273777008057,False
1018,95,0.0,2.0,6768.0,48.0,E5,76,,0,0.6119041442871094,True,0.5074199438095093,True,0.3393411338329315,False
1019,95,0.0,2.0,6768.0,48.0,C5,72,,0,0.5489221215248108,True,0.30856069922447205,False,0.3321610987186432,False
1020,95,0.0,3.0,6768.0,72.0,G4,67,,0,0.35403215885162354,False,0.4249321520328522,False,0.32047635316848755,False
1021,95,0.0,3.0,6768.0,72.0,G3,55,,0,0.6001154780387878,True,0.3954768478870392,False,0.32291296124458313,False
1022,95,2.0,1.0,6816.0,24.0,D5,74,,0,0.0757112130522728,False,0.32813966274261475,False,0.2914435565471649,False
1023,95,2.0,1.0,6816.0,24.0,B4,71,,0,0.6828281283378601,True,0.15448077023029327,False,0.29320743680000305,False
1024,96,0.0,1.0,6840.0,24.0,G5,79,,0,0.6285203099250793,True,0.5627790689468384,True,0.35876747965812683,False
1025,96,1.0,1.0,6864.0,24.0,C5,72,,0,0.46247246861457825,False,0.42304718494415283,False,0.31469064950942993,False
1026,96,1.0,2.0,6864.0,48.0,G4,67,,0,0.3494266867637634,False,0.41757240891456604,False,0.3152909278869629,False
1027,96,1.0,1.0,6864.0,24.0,E3,52,,0,0.5063680410385132,True,0.26875990629196167,False,0.3028227984905243,False
1028,96,2.0,1.0,6888.0,24.0,E5,76,,0,0.8140103816986084,True,0.4590884745121002,False,0.3214925527572632,False
1029,96,2.0,1.0,6888.0,24.0,C3,48,,0,0.8886009454727173,True,0.5600830316543579,True,0.6451134085655212,True
1030,97,0.0,2.0,6912.0,48.0,E5,76,,0,0.41449758410453796,False,0.3958362638950348,False,0.30958592891693115,False
1031,97,0.0,2.0,6912.0,48.0,C5,72,,0,0.741524338722229,True,0.4807576835155487,False,0.397024929523468,False
1032,97,0.0,3.0,6912.0,72.0,G4,67,,0,0.5918933749198914,True,0.5741503238677979,True,0.37342530488967896,False
1033,97,0.0,3.0,6912.0,72.0,G3,55,,0,0.764454185962677,True,0.5794204473495483,True,0.39371857047080994,False
1034,97,2.0,1.0,6960.0,24.0,D5,74,,0,0.15405584871768951,False,0.3348873555660248,False,0.29350176453590393,False
1035,97,2.0,1.0,6960.0,24.0,B4,71,,0,0.8950415849685669,True,0.10425706952810287,False,0.28273993730545044,False
1036,98,0.0,1.0,6984.0,24.0,A4,69,,0,0.8781108856201172,True,0.8726959228515625,True,0.70123291015625,True
1037,98,0.0,1.0,6984.0,24.0,D4,62,,0,0.04037825018167496,False,0.3336547613143921,False,0.29719308018684387,False
1038,98,0.0,1.0,6984.0,24.0,A3,57,,0,0.624771237373352,True,0.7519351243972778,True,0.6861461997032166,True
1039,98,0.0,1.0,6984.0,24.0,F3,53,,0,0.830712080001831,True,0.22456416487693787,False,0.3248694837093353,False
1040,98,1.0,1.0,7008.0,24.0,D5,74,,0,0.17900002002716064,False,0.346291184425354,False,0.2964312732219696,False
1041,98,2.0,1.0,7032.0,24.0,F5,77,,0,0.4113726019859314,False,0.3524549901485443,False,0.30031949281692505,False
1042,99,0.0,1.0,7056.0,24.0,E5,76,,0,0.810324490070343,True,0.584173858165741,True,0.3864445388317108,False
1043,99,0.0,1.0,7056.0,24.0,D4,62,,0,0.21975018084049225,False,0.35260894894599915,False,0.3015015721321106,False
1044,99,0.0,1.0,7056.0,24.0,A3,57,,0,0.5017528533935547,True,0.5611907839775085,True,0.5042416453361511,True
1045,99,0.0,1.0,7056.0,24.0,F3,53,,0,0.8880230784416199,True,0.1875675469636917,False,0.3151298463344574,False
1046,99,1.0,1.0,7080.0,24.0,D5,74,,0,0.660704493522644,True,0.40090471506118774,False,0.3004553020000458,False
1047,99,2.0,2.0,7104.0,48.0,A5,81,,0,0.9286444783210754,True,0.30384403467178345,False,0.3081332743167877,False
1048,100,0.0,3.0,7128.0,72.0,F4,65,,0,0.47917959094047546,False,0.42995691299438477,False,0.32358860969543457,False
1049,100,0.0,3.0,7128.0,72.0,D4,62,,0,0.7610558271408081,True,0.624620258808136,True,0.6686420440673828,True
1050,100,0.0,3.0,7128.0,72.0,G3,55,,0,0.8677472472190857,True,0.7838121056556702,True,0.7541632652282715,True
1051,100,1.0,1.0,7152.0,24.0,G5,79,,0,0.9929214119911194,True,0.39297354221343994,False,0.34990888833999634,False
1052,100,2.0,1.0,7176.0,24.0,B4,71,,0,0.7195600271224976,True,0.17283141613006592,False,0.28823381662368774,False
1053,101,0.0,0.5,7200.0,12.0,C5,72,,0,0.9528956413269043,True,0.74602210521698,True,0.48184287548065186,False
1054,101,0.0,1.0,7200.0,24.0,E4,64,,0,0.9125630259513855,True,0.17603997886180878,False,0.30092549324035645,False
1055,101,0.0,1.0,7200.0,24.0,C4,60,,0,0.8322528600692749,True,0.4721725583076477,False,0.40758445858955383,False
1056,101,0.5,0.5,7212.0,12.0,G4,67,,0,0.9795645475387573,True,0.8452185988426208,True,0.5868440270423889,True
1057,101,1.0,0.5,7224.0,12.0,E4,64,,0,0.9095785021781921,True,0.15469126403331757,False,0.2965794801712036,False
1058,101,1.5,0.5,7236.0,12.0,G4,67,,0,0.5097672939300537,True,0.6065239906311035,True,0.485715389251709,False
1059,101,2.0,0.5,7248.0,12.0,F4,65,,0,0.21793904900550842,False,0.33761951327323914,False,0.29211553931236267,False
1060,101,2.5,0.5,7260.0,12.0,D4,62,,0,0.437655508518219,False,0.3620877265930176,False,0.30324339866638184,False
1061,102,0.0,0.75,7272.0,18.0,C4,60,,0,0.52046138048172,True,0.3239573538303375,False,0.347940057516098,False
1062,102,0.75,0.25,7290.0,6.0,G3,55,,0,0.33407071232795715,False,0.3611462712287903,False,0.29879990220069885,False
1063,102,1.0,1.0,7296.0,24.0,C4,60,,0,0.7483638525009155,True,0.31428447365760803,False,0.3431083559989929,False
1064,102,1.0,1.0,7296.0,24.0,E3,52,,0,0.6493525505065918,True,0.44219622015953064,False,0.3251799941062927,False
1065,102,2.0,1.0,7320.0,24.0,E4,64,,0,0.8079237341880798,True,0.18030880391597748,False,0.2903221547603607,False
1066,102,2.0,1.0,7320.0,24.0,C3,48,,0,0.9014158248901367,True,0.4249951243400574,False,0.33590495586395264,False
1067,103,0.0,2.0,7344.0,48.0,E4,64,,0,0.5029939413070679,True,0.34729018807411194,False,0.3039400577545166,False
1068,103,0.0,2.0,7344.0,48.0,C4,60,,0,0.6348097324371338,True,0.6033573150634766,True,0.4837298095226288,False
1069,103,0.0,3.0,7344.0,72.0,G3,55,,0,0.3573710024356842,False,0.41893061995506287,False,0.3175256848335266,False
1070,103,0.0,3.0,7344.0,72.0,G2,43,,0,0.30498626828193665,False,0.40885376930236816,False,0.3169936239719391,False
1071,103,2.0,1.0,7392.0,24.0,D4,62,,0,0.16015692055225372,False,0.3471684157848358,False,0.29477474093437195,False
1072,103,2.0,1.0,7392.0,24.0,B3,59,,0,0.8984114527702332,True,0.9526240229606628,True,0.9462147355079651,True
1073,104,0.0,1.0,7416.0,24.0,G4,67,,0,0.8906938433647156,True,0.9056057333946228,True,0.5643703937530518,True
1074,104,1.0,1.0,7440.0,24.0,C4,60,,0,0.6533083319664001,True,0.6520888209342957,True,0.46772485971450806,False
1075,104,1.0,2.0,7440.0,48.0,G3,55,,0,0.46099287271499634,False,0.42864787578582764,False,0.317416250705719,False
1076,104,1.0,1.0,7440.0,24.0,E3,52,,0,0.34716886281967163,False,0.3640652596950531,False,0.29513391852378845,False
1077,104,2.0,1.0,7464.0,24.0,E4,64,,0,0.7798482775688171,True,0.15454451739788055,False,0.28867432475090027,False
1078,104,2.0,1.0,7464.0,24.0,C3,48,,0,0.5656297206878662,True,0.45151370763778687,False,0.3270641267299652,False
1079,105,0.0,2.0,7488.0,48.0,E4,64,,0,0.605526864528656,True,0.09577316790819168,False,0.2843448221683502,False
1080,105,0.0,2.0,7488.0,48.0,C4,60,,0,0.9152510166168213,True,0.6851474046707153,True,0.8291200399398804,True
1081,105,0.0,3.0,7488.0,72.0,G3,55,,0,0.4840981662273407,False,0.43975305557250977,False,0.32556402683258057,False
1082,105,0.0,3.0,7488.0,72.0,G2,43,,0,0.7057063579559326,True,0.6061580777168274,True,0.30703455209732056,False
1083,105,2.0,1.0,7536.0,24.0,D4,62,,0,0.5672847032546997,True,0.3794146478176117,False,0.329160213470459,False
1084,105,2.0,1.0,7536.0,24.0,B3,59,,0,0.9214648604393005,True,0.8431770205497742,True,0.8493679761886597,True
1085,106,0.0,1.0,7560.0,24.0,A3,57,,0,0.9372525215148926,True,0.5224317908287048,True,0.9014339447021484,True
1086,106,0.0,1.0,7560.0,24.0,D3,50,,0,0.3874790370464325,False,0.3907674551010132,False,0.3104563355445862,False
1087,106,0.0,1.0,7560.0,24.0,A2,45,,0,0.662621796131134,True,0.7333431243896484,True,0.8642683029174805,True
1088,106,0.0,1.0,7560.0,24.0,F2,41,,0,0.5771389007568359,True,0.41735145449638367,False,0.35538703203201294,False
1089,106,1.0,1.0,7584.0,24.0,D4,62,,0,0.5926030278205872,True,0.26006680727005005,False,0.31340011954307556,False
1090,106,2.0,1.0,7608.0,24.0,F4,65,,0,0.3477902114391327,False,0.3503590226173401,False,0.29842543601989746,False
1091,107,0.0,1.0,7632.0,24.0,E4,64,,0,0.8755520582199097,True,0.188540518283844,False,0.2953912019729614,False
1092,107,0.0,1.0,7632.0,24.0,D3,50,,0,0.7145091891288757,True,0.17513471841812134,False,0.30879780650138855,False
1093,107,0.0,1.0,7632.0,24.0,A2,45,,0,0.6327241659164429,True,0.6462398171424866,True,0.7921838760375977,True
1094,107,0.0,1.0,7632.0,24.0,F2,41,,0,0.8709193468093872,True,0.5055659413337708,True,0.5823764801025391,True
1095,107,1.0,1.0,7656.0,24.0,D4,62,,0,0.7774162888526917,True,0.260957807302475,False,0.31343501806259155,False
1096,107,2.0,2.0,7680.0,48.0,A4,69,,0,0.9819265007972717,True,0.9246931076049805,True,0.7518069744110107,True
1097,108,0.0,1.0,7704.0,24.0,F3,53,,0,0.6595363020896912,True,0.7467262148857117,True,0.7532485127449036,True
1098,108,0.0,1.0,7704.0,24.0,D3,50,,0,0.6325210928916931,True,0.37588319182395935,False,0.34441643953323364,False
1099,108,0.0,1.0,7704.0,24.0,G2,43,,0,0.5888972878456116,True,0.851674497127533,True,0.478615939617157,False
1100,108,1.0,1.0,7728.0,24.0,G4,67,,0,0.992979109287262,True,0.7404496669769287,True,0.6695519685745239,True
1101,108,2.0,1.0,7752.0,24.0,B3,59,,0,0.9204321503639221,True,0.8709018230438232,True,0.9290517568588257,True
1102,109,0.0,0.5,7776.0,12.0,C4,60,,0,0.7851245403289795,True,0.7976101636886597,True,0.9215552806854248,True
1103,109,0.0,1.0,7776.0,24.0,E3,52,,0,0.8937777280807495,True,0.7230901718139648,True,0.7039608955383301,True
1104,109,0.0,1.0,7776.0,24.0,C3,48,,0,0.7035605907440186,True,0.8316041231155396,True,0.9521711468696594,True
1105,109,0.5,0.5,7788.0,12.0,G4,67,,0,0.9920376539230347,True,0.5883920788764954,True,0.7068372964859009,True
1106,109,1.0,1.0,7800.0,24.0,E4,64,,0,0.8754183650016785,True,0.31484442949295044,False,0.3165856897830963,False
1107,109,1.5,0.5,7812.0,12.0,G4,67,,0,0.9666199088096619,True,0.5181426405906677,True,0.567803144454956,True
1108,109,2.0,1.0,7824.0,24.0,C4,60,,0,0.7379950284957886,True,0.7225709557533264,True,0.9093949198722839,True
1109,109,2.5,0.5,7836.0,12.0,G4,67,,0,0.943462073802948,True,0.49550241231918335,False,0.39914149045944214,False
1110,110,0.0,0.5,7848.0,12.0,G4,67,,0,0.8546661138534546,True,0.5277741551399231,True,0.7935770750045776,True
1111,110,0.0,0.5,7848.0,12.0,F4,65,,0,0.4904108941555023,False,0.4324532449245453,False,0.3235386610031128,False
1112,110,0.0,1.0,7848.0,24.0,D4,62,,0,0.9476074576377869,True,0.3766379952430725,False,0.364493191242218,False
1113,110,0.5,0.5,7860.0,12.0,G4,67,,0,0.9808001518249512,True,0.5116748809814453,True,0.7404482364654541,True
1114,110,0.5,0.5,7860.0,12.0,F4,65,,0,0.6929621696472168,True,0.7869823575019836,True,0.4461248219013214,False
1115,110,1.0,1.0,7872.0,24.0,B3,59,,0,0.878052294254303,True,0.8624263405799866,True,0.9529809355735779,True
1116,110,1.5,0.5,7884.0,12.0,G4,67,,0,0.9361605644226074,True,0.43170422315597534,False,0.38434848189353943,False
1117,110,1.5,0.5,7884.0,12.0,F4,65,,0,0.35792526602745056,False,0.3565695285797119,False,0.3033391237258911,False
1118,110,2.0,1.0,7896.0,24.0,G3,55,,0,0.991407573223114,True,0.7347391247749329,True,0.9361563920974731,True
1119,110,2.5,0.5,7908.0,12.0,G4,67,,0,0.9876253008842468,True,0.7502009272575378,True,0.8127720355987549,True
1120,110,2.5,0.5,7908.0,12.0,F4,65,,0,0.602851390838623,True,0.8479135632514954,True,0.463049054145813,False
1121,111,0.0,0.5,7920.0,12.0,G4,67,,0,0.9273679852485657,True,0.7475079894065857,True,0.8301458358764648,True
1122,111,0.0,0.5,7920.0,12.0,E-4,63,,0,0.8505922555923462,True,0.43619367480278015,False,0.39127451181411743,False
1123,111,0.0,1.0,7920.0,24.0,C3,48,,0,0.9009519815444946,True,0.9447957277297974,True,0.9464988112449646,True
1124,111,0.5,0.5,7932.0,12.0,G4,67,,0,0.9891162514686584,True,0.6880990862846375,True,0.8502921462059021,True
1125,111,0.5,0.5,7932.0,12.0,E-4,63,,0,0.965986430644989,True,0.22278279066085815,False,0.3250281512737274,False
1126,111,1.0,1.0,7944.0,24.0,E-3,51,,0,0.7330683469772339,True,0.45739784836769104,False,0.3760436475276947,False
1127,111,1.5,0.5,7956.0,12.0,G4,67,,0,0.9452797174453735,True,0.5256768465042114,True,0.781134843826294,True
1128,111,1.5,0.5,7956.0,12.0,E-4,63,,0,0.8813992142677307,True,0.15909110009670258,False,0.30719414353370667,False
1129,111,2.0,1.0,7968.0,24.0,C3,48,,0,0.7841897010803223,True,0.8577583432197571,True,0.9473721385002136,True
1130,111,2.5,0.5,7980.0,12.0,G4,67,,0,0.9747833013534546,True,0.6253250241279602,True,0.7338313460350037,True
1131,111,2.5,0.5,7980.0,12.0,E-4,63,,0,0.9301905632019043,True,0.20985130965709686,False,0.32054638862609863,False
1132,112,0.0,0.5,7992.0,12.0,G4,67,,0,0.8380028605461121,True,0.6117008328437805,True,0.8094301819801331,True
1133,112,0.0,0.5,7992.0,12.0,F4,65,,0,0.3027166724205017,False,0.38106831908226013,False,0.3074507415294647,False
1134,112,0.0,1.0,7992.0,24.0,D3,50,,0,0.9699810743331909,True,0.5603550672531128,True,0.8305485248565674,True
1135,112,0.5,0.5,8004.0,12.0,G4,67,,0,0.9830892086029053,True,0.631226658821106,True,0.772635281085968,True
1136,112,0.5,0.5,8004.0,12.0,F4,65,,0,0.6536133289337158,True,0.8416182994842529,True,0.40076401829719543,False
1137,112,1.0,1.0,8016.0,24.0,B2,47,,0,0.9007295966148376,True,0.8205244541168213,True,0.9903214573860168,True
1138,112,1.5,0.5,8028.0,12.0,G4,67,,0,0.9193565249443054,True,0.5682713985443115,True,0.7849294543266296,True
1139,112,1.5,0.5,8028.0,12.0,F4,65,,0,0.30104124546051025,False,0.3428284227848053,False,0.29955756664276123,False
1140,112,2.0,1.0,8040.0,24.0,G2,43,,0,0.9349294900894165,True,0.8888412117958069,True,0.681770384311676,True
1141,112,2.5,0.5,8052.0,12.0,G4,67,,0,0.9931592345237732,True,0.641444981098175,True,0.7757622599601746,True
1142,112,2.5,0.5,8052.0,12.0,F4,65,,0,0.48088234663009644,False,0.3614702820777893,False,0.3070950508117676,False
1143,113,0.0,0.5,8064.0,12.0,G4,67,,0,0.9448314905166626,True,0.7123429179191589,True,0.88984614610672,True
1144,113,0.0,0.5,8064.0,12.0,E-4,63,,0,0.5948245525360107,True,0.39800703525543213,False,0.358160138130188,False
1145,113,0.0,1.0,8064.0,24.0,C3,48,,0,0.8939778208732605,True,0.9595082402229309,True,0.9865905046463013,True
1146,113,0.0,1.0,8064.0,24.0,C2,36,,0,0.48073989152908325,False,0.4157348573207855,False,0.3130832314491272,False
1147,113,0.5,0.5,8076.0,12.0,G4,67,,0,0.9954118132591248,True,0.7370211482048035,True,0.8461237549781799,True
1148,113,0.5,0.5,8076.0,12.0,E-4,63,,0,0.9581305384635925,True,0.4559571146965027,False,0.376461923122406,False
1149,113,1.0,1.0,8088.0,24.0,C4,60,,0,0.8903094530105591,True,0.5513001680374146,True,0.9481530785560608,True
1150,113,1.5,0.5,8100.0,12.0,G4,67,,0,0.9491440057754517,True,0.4636225402355194,False,0.383267879486084,False
1151,113,1.5,0.5,8100.0,12.0,E-4,63,,0,0.8319748640060425,True,0.18955053389072418,False,0.313588410615921,False
1152,113,2.0,1.0,8112.0,24.0,C3,48,,0,0.9068238735198975,True,0.8597937822341919,True,0.9830427169799805,True
1153,113,2.5,0.5,8124.0,12.0,G4,67,,0,0.9769021272659302,True,0.6406985521316528,True,0.8534079194068909,True
1154,113,2.5,0.5,8124.0,12.0,E-4,63,,0,0.9369720816612244,True,0.3758527636528015,False,0.3635803163051605,False
1155,114,0.0,0.5,8136.0,12.0,F#4,66,,0,0.9389657974243164,True,0.3204202651977539,False,0.32467398047447205,False
1156,114,0.0,0.5,8136.0,12.0,E-4,63,,0,0.8360963463783264,True,0.29411566257476807,False,0.33652985095977783,False
1157,114,0.0,0.5,8136.0,12.0,C4,60,,0,0.7095861434936523,True,0.4792400300502777,False,0.4040120840072632,False
1158,114,0.0,1.0,8136.0,24.0,A2,45,,0,0.931549608707428,True,0.7872785329818726,True,0.5223246216773987,True
1159,114,0.0,1.0,8136.0,24.0,A1,33,,0,0.6737832427024841,True,0.7178324460983276,True,0.26250943541526794,False
1160,114,0.5,0.5,8148.0,12.0,F#4,66,,0,0.9678519368171692,True,0.21926064789295197,False,0.3016020357608795,False
1161,114,0.5,0.5,8148.0,12.0,E-4,63,,0,0.9671838283538818,True,0.1964440792798996,False,0.3177817165851593,False
1162,114,0.5,0.5,8148.0,12.0,C4,60,,0,0.951956570148468,True,0.40882569551467896,False,0.39618054032325745,False
1163,114,1.0,1.0,8160.0,24.0,A3,57,,0,0.9936983585357666,True,0.8798176050186157,True,0.8414389491081238,True
1164,114,1.5,0.5,8172.0,12.0,F#4,66,,0,0.7564352750778198,True,0.1474515199661255,False,0.29174375534057617,False
1165,114,1.5,0.5,8172.0,12.0,E-4,63,,0,0.7313893437385559,True,0.1169663816690445,False,0.29757383465766907,False
1166,114,1.5,0.5,8172.0,12.0,C4,60,,0,0.8310961127281189,True,0.22046294808387756,False,0.3342950642108917,False
1167,114,2.0,1.0,8184.0,24.0,A2,45,,0,0.8474779725074768,True,0.9197801947593689,True,0.4389844834804535,False
1168,114,2.5,0.5,8196.0,12.0,F#4,66,,0,0.861910343170166,True,0.34909409284591675,False,0.3227002024650574,False
1169,114,2.5,0.5,8196.0,12.0,E-4,63,,0,0.954007089138031,True,0.5818471312522888,True,0.7521354556083679,True
1170,114,2.5,0.5,8196.0,12.0,C4,60,,0,0.9210297465324402,True,0.5785731673240662,True,0.8620125651359558,True
1171,115,0.0,0.5,8208.0,12.0,G4,67,,0,0.9264855980873108,True,0.46269384026527405,False,0.4073352813720703,False
1172,115,0.0,0.5,8208.0,12.0,D4,62,,0,0.9459337592124939,True,0.8141113519668579,True,0.7899791598320007,True
1173,115,0.0,1.0,8208.0,24.0,B-2,46,,0,0.8926101922988892,True,0.9176403284072876,True,0.9340490102767944,True
1174,115,0.0,1.0,8208.0,24.0,B-1,34,,0,0.722289502620697,True,0.8521849513053894,True,0.321137398481369,False
1175,115,0.5,0.5,8220.0,12.0,G4,67,,0,0.9705466032028198,True,0.6053763628005981,True,0.9249392747879028,True
1176,115,0.5,0.5,8220.0,12.0,D4,62,,0,0.9636260867118835,True,0.8234402537345886,True,0.7367851734161377,True
1177,115,1.0,1.0,8232.0,24.0,B-3,58,,0,0.8966585993766785,True,0.660737156867981,True,0.9569860696792603,True
1178,115,1.5,0.5,8244.0,12.0,G4,67,,0,0.9061600565910339,True,0.18022829294204712,False,0.3206315338611603,False
1179,115,1.5,0.5,8244.0,12.0,D4,62,,0,0.8834125995635986,True,0.6684318780899048,True,0.9312850832939148,True
1180,115,2.0,1.0,8256.0,24.0,B-2,46,,0,0.781005322933197,True,0.7626928091049194,True,0.8927341103553772,True
1181,115,2.5,0.5,8268.0,12.0,G4,67,,0,0.9485570788383484,True,0.42867279052734375,False,0.3862955570220947,False
1182,115,2.5,0.5,8268.0,12.0,D4,62,,0,0.9747878313064575,True,0.8343734741210938,True,0.9171262383460999,True
1183,116,0.0,0.5,8280.0,12.0,C5,72,,0,0.8833941221237183,True,0.7585955262184143,True,0.39849215745925903,False
1184,116,0.0,0.5,8280.0,12.0,A4,69,,0,0.9896025061607361,True,0.4335794746875763,False,0.3919808864593506,False
1185,116,0.0,0.5,8280.0,12.0,D4,62,,0,0.9345834255218506,True,0.7711445689201355,True,0.9178243279457092,True
1186,116,0.0,1.0,8280.0,24.0,F#2,42,,0,0.8325844407081604,True,0.9435603022575378,True,0.7931444048881531,True
1187,116,0.0,1.0,8280.0,24.0,F#1,30,,0,0.7324369549751282,True,0.8605736494064331,True,0.39386871457099915,False
1188,116,0.5,0.5,8292.0,12.0,C5,72,,0,0.9722344279289246,True,0.7570070028305054,True,0.47550061345100403,False
1189,116,0.5,0.5,8292.0,12.0,A4,69,,0,0.9976581335067749,True,0.34881898760795593,False,0.3460465967655182,False
1190,116,0.5,0.5,8292.0,12.0,D4,62,,0,0.9796195030212402,True,0.8644229769706726,True,0.930813729763031,True
1191,116,1.0,1.0,8304.0,24.0,F#3,54,,0,0.9303016066551208,True,0.945114254951477,True,0.995154619216919,True
1192,116,1.5,0.5,8316.0,12.0,C5,72,,0,0.7048748731613159,True,0.41669952869415283,False,0.35346946120262146,False
1193,116,1.5,0.5,8316.0,12.0,A4,69,,0,0.9831472039222717,True,0.15399590134620667,False,0.3039555251598358,False
1194,116,1.5,0.5,8316.0,12.0,D4,62,,0,0.9218277931213379,True,0.6304475665092468,True,0.9158728122711182,True
1195,116,2.0,1.0,8328.0,24.0,F#2,42,,0,0.8430038094520569,True,0.9434959292411804,True,0.7567263245582581,True
1196,116,2.5,0.5,8340.0,12.0,C5,72,,0,0.6943883895874023,True,0.7288067936897278,True,0.329669713973999,False
1197,116,2.5,0.5,8340.0,12.0,A4,69,,0,0.9861603379249573,True,0.36387771368026733,False,0.3548138439655304,False
1198,116,2.5,0.5,8340.0,12.0,D4,62,,0,0.9731640815734863,True,0.8117707967758179,True,0.9009643793106079,True
1199,117,0.0,0.5,8352.0,12.0,B-4,70,,0,0.545975923538208,True,0.4637320041656494,False,0.34173139929771423,False
1200,117,0.0,0.5,8352.0,12.0,G4,67,,0,0.8958324193954468,True,0.3556539714336395,False,0.36798444390296936,False
1201,117,0.0,0.5,8352.0,12.0,D4,62,,0,0.8870519399642944,True,0.7496398687362671,True,0.8876230716705322,True
1202,117,0.0,1.0,8352.0,24.0,G2,43,,0,0.9262188673019409,True,0.9715968370437622,True,0.800559937953949,True
1203,117,0.0,1.0,8352.0,24.0,G1,31,,0,0.7612983584403992,True,0.950579047203064,True,0.39446887373924255,False
1204,117,0.5,0.5,8364.0,12.0,B-4,70,,0,0.9050782918930054,True,0.32771629095077515,False,0.3146347403526306,False
1205,117,0.5,0.5,8364.0,12.0,G4,67,,0,0.9862041473388672,True,0.4969177544116974,False,0.4103667140007019,False
1206,117,0.5,0.5,8364.0,12.0,D4,62,,0,0.9625719785690308,True,0.8431356549263,True,0.9295878410339355,True
1207,117,1.0,1.0,8376.0,24.0,G3,55,,0,0.8831965327262878,True,0.9503931403160095,True,0.9748705625534058,True
1208,117,1.5,0.5,8388.0,12.0,B-4,70,,0,0.23858094215393066,False,0.33617672324180603,False,0.29507389664649963,False
1209,117,1.5,0.5,8388.0,12.0,G4,67,,0,0.7728148698806763,True,0.2890518605709076,False,0.3401762545108795,False
1210,117,1.5,0.5,8388.0,12.0,D4,62,,0,0.7653385400772095,True,0.6437848210334778,True,0.931448221206665,True
1211,117,2.0,1.0,8400.0,24.0,G2,43,,0,0.8422664999961853,True,0.8772101402282715,True,0.7450181841850281,True
1212,117,2.5,0.5,8412.0,12.0,B-4,70,,0,0.7743723392486572,True,0.1793883889913559,False,0.2965506911277771,False
1213,117,2.5,0.5,8412.0,12.0,G4,67,,0,0.932823896408081,True,0.4063556492328644,False,0.38382488489151,False
1214,117,2.5,0.5,8412.0,12.0,D4,62,,0,0.9685940742492676,True,0.7353521585464478,True,0.9519266486167908,True
1215,118,0.0,0.5,8424.0,12.0,C#5,73,,0,0.822431743144989,True,0.5084765553474426,True,0.7230700850486755,True
1216,118,0.0,0.5,8424.0,12.0,B-4,70,,0,0.45789289474487305,False,0.41899770498275757,False,0.31148773431777954,False
1217,118,0.0,0.5,8424.0,12.0,G4,67,,0,0.6829074621200562,True,0.3533547520637512,False,0.35919567942619324,False
1218,118,0.0,1.0,8424.0,24.0,E3,52,,0,0.8765647411346436,True,0.7390254139900208,True,0.5741564035415649,True
1219,118,0.0,1.0,8424.0,24.0,E2,40,,0,0.9236348867416382,True,0.45692551136016846,False,0.35044151544570923,False
1220,118,0.5,0.5,8436.0,12.0,C#5,73,,0,0.980436384677887,True,0.3269501030445099,False,0.3252185881137848,False
1221,118,0.5,0.5,8436.0,12.0,B-4,70,,0,0.84544837474823,True,0.18401582539081573,False,0.2975899279117584,False
1222,118,0.5,0.5,8436.0,12.0,G4,67,,0,0.9118829369544983,True,0.44776836037635803,False,0.3876227140426636,False
1223,118,1.0,1.0,8448.0,24.0,E4,64,,0,0.9700381755828857,True,0.8050466179847717,True,0.6909031867980957,True
1224,118,1.5,0.5,8460.0,12.0,C#5,73,,0,0.8766931891441345,True,0.17961812019348145,False,0.30250486731529236,False
1225,118,1.5,0.5,8460.0,12.0,B-4,70,,0,0.47268146276474,False,0.3887631297111511,False,0.3061371445655823,False
1226,118,1.5,0.5,8460.0,12.0,G4,67,,0,0.8083047866821289,True,0.3205648362636566,False,0.35716480016708374,False
1227,118,2.0,1.0,8472.0,24.0,E3,52,,0,0.7267802357673645,True,0.6428077816963196,True,0.5823773145675659,True
1228,118,2.5,0.5,8484.0,12.0,C#5,73,,0,0.6888024806976318,True,0.27579158544540405,False,0.30882060527801514,False
1229,118,2.5,0.5,8484.0,12.0,B-4,70,,0,0.3205257058143616,False,0.35230010747909546,False,0.30044102668762207,False
1230,118,2.5,0.5,8484.0,12.0,G4,67,,0,0.8075733780860901,True,0.4653031527996063,False,0.3865654766559601,False
1231,119,0.0,0.5,8496.0,12.0,D5,74,,0,0.8871627449989319,True,0.6160094738006592,True,0.4970080852508545,False
1232,119,0.0,0.5,8496.0,12.0,A4,69,,0,0.8688845038414001,True,0.5395922064781189,True,0.666858434677124,True
1233,119,0.0,1.0,8496.0,24.0,F3,53,,0,0.8327325582504272,True,0.9834046959877014,True,0.8194912075996399,True
1234,119,0.0,1.0,8496.0,24.0,F2,41,,0,0.4194801449775696,False,0.38628849387168884,False,0.3111119866371155,False
1235,119,0.5,0.5,8508.0,12.0,D5,74,,0,0.8720617890357971,True,0.7050184011459351,True,0.3523032069206238,False
1236,119,0.5,0.5,8508.0,12.0,A4,69,,0,0.9415051937103271,True,0.6101036667823792,True,0.6465408802032471,True
1237,119,1.0,1.0,8520.0,24.0,F4,65,,0,0.9221900701522827,True,0.8968780636787415,True,0.8315605521202087,True
1238,119,1.5,0.5,8532.0,12.0,D5,74,,0,0.8330564498901367,True,0.3191056549549103,False,0.3110443651676178,False
1239,119,1.5,0.5,8532.0,12.0,A4,69,,0,0.8365143537521362,True,0.3566978871822357,False,0.34104418754577637,False
1240,119,2.0,1.0,8544.0,24.0,F3,53,,0,0.827526330947876,True,0.883111298084259,True,0.7529502511024475,True
1241,119,2.5,0.5,8556.0,12.0,D5,74,,0,0.9258890151977539,True,0.6056879758834839,True,0.26808643341064453,False
1242,119,2.5,0.5,8556.0,12.0,A4,69,,0,0.9728298783302307,True,0.6089720129966736,True,0.6042964458465576,True
1243,120,0.0,0.5,8568.0,12.0,G5,79,,0,0.8993668556213379,True,0.49043649435043335,False,0.34958699345588684,False
1244,120,0.0,0.5,8568.0,12.0,E5,76,,0,0.878187894821167,True,0.4172273874282837,False,0.35754987597465515,False
1245,120,0.0,0.5,8568.0,12.0,A4,69,,0,0.8019120693206787,True,0.38052237033843994,False,0.3462600111961365,False
1246,120,0.0,1.0,8568.0,24.0,C#3,49,,0,0.7401978969573975,True,0.9746923446655273,True,0.8242055177688599,True
1247,120,0.0,1.0,8568.0,24.0,C#2,37,,0,0.66208416223526,True,0.8953294157981873,True,0.5482162833213806,True
1248,120,0.5,0.5,8580.0,12.0,G5,79,,0,0.9692617058753967,True,0.4940636456012726,False,0.3521849513053894,False
1249,120,0.5,0.5,8580.0,12.0,E5,76,,0,0.9692544937133789,True,0.364571750164032,False,0.32613375782966614,False
1250,120,0.5,0.5,8580.0,12.0,A4,69,,0,0.969296395778656,True,0.4203624129295349,False,0.35275402665138245,False
1251,120,1.0,1.0,8592.0,24.0,C#4,61,,0,0.9594783782958984,True,0.5682787299156189,True,0.9337364435195923,True
1252,120,1.5,0.5,8604.0,12.0,G5,79,,0,0.8200931549072266,True,0.3329966068267822,False,0.32234513759613037,False
1253,120,1.5,0.5,8604.0,12.0,E5,76,,0,0.8918173313140869,True,0.2966112196445465,False,0.3129822313785553,False
1254,120,1.5,0.5,8604.0,12.0,A4,69,,0,0.8734339475631714,True,0.29057058691978455,False,0.3257269263267517,False
1255,120,2.0,1.0,8616.0,24.0,C#3,49,,0,0.6766760349273682,True,0.9048689007759094,True,0.6849852800369263,True
1256,120,2.5,0.5,8628.0,12.0,G5,79,,0,0.866851270198822,True,0.49875497817993164,False,0.3505627512931824,False
1257,120,2.5,0.5,8628.0,12.0,E5,76,,0,0.9291574358940125,True,0.5022110342979431,True,0.4015352725982666,False
1258,120,2.5,0.5,8628.0,12.0,A4,69,,0,0.94418865442276,True,0.39330628514289856,False,0.3378118574619293,False
1259,121,0.0,0.5,8640.0,12.0,F5,77,,0,0.7489970326423645,True,0.5883293747901917,True,0.5917635560035706,True
1260,121,0.0,0.5,8640.0,12.0,D5,74,,0,0.6834412217140198,True,0.33806470036506653,False,0.3101620376110077,False
1261,121,0.0,0.5,8640.0,12.0,A4,69,,0,0.8294519186019897,True,0.35511526465415955,False,0.32557937502861023,False
1262,121,0.0,1.0,8640.0,24.0,D3,50,,0,0.9667384624481201,True,0.6895531415939331,True,0.9002859592437744,True
1263,121,0.0,1.0,8640.0,24.0,D2,38,,0,0.760892391204834,True,0.824364185333252,True,0.7006738781929016,True
1264,121,0.5,0.5,8652.0,12.0,F5,77,,0,0.8901336789131165,True,0.4571184515953064,False,0.3336833715438843,False
1265,121,0.5,0.5,8652.0,12.0,D5,74,,0,0.9649235010147095,True,0.36148351430892944,False,0.32776206731796265,False
1266,121,0.5,0.5,8652.0,12.0,A4,69,,0,0.9349632263183594,True,0.30893436074256897,False,0.3198131024837494,False
1267,121,1.0,1.0,8664.0,24.0,D4,62,,0,0.6486706733703613,True,0.5959088802337646,True,0.9062835574150085,True
1268,121,1.5,0.5,8676.0,12.0,F5,77,,0,0.43439149856567383,False,0.35999661684036255,False,0.303661584854126,False
1269,121,1.5,0.5,8676.0,12.0,D5,74,,0,0.741655707359314,True,0.3670840561389923,False,0.31488868594169617,False
1270,121,1.5,0.5,8676.0,12.0,A4,69,,0,0.923654317855835,True,0.21383045613765717,False,0.3062988221645355,False
1271,121,2.0,1.0,8688.0,24.0,D3,50,,0,0.8433595299720764,True,0.4299599826335907,False,0.3601263761520386,False
1272,121,2.5,0.5,8700.0,12.0,F5,77,,0,0.8962850570678711,True,0.3834626376628876,False,0.33193305134773254,False
1273,121,2.5,0.5,8700.0,12.0,D5,74,,0,0.9483108520507812,True,0.30581480264663696,False,0.3231274485588074,False
1274,121,2.5,0.5,8700.0,12.0,A4,69,,0,0.9854516386985779,True,0.2087586224079132,False,0.3052513599395752,False
1275,122,0.0,0.5,8712.0,12.0,G#5,80,,0,0.22461996972560883,False,0.3752734661102295,False,0.3037255108356476,False
1276,122,0.0,0.5,8712.0,12.0,D5,74,,0,0.8577890396118164,True,0.260568767786026,False,0.31418392062187195,False
1277,122,0.0,1.0,8712.0,24.0,B-2,46,,0,0.9520394206047058,True,0.3788195848464966,False,0.3686496913433075,False
1278,122,0.0,1.0,8712.0,24.0,B-1,34,,0,0.7180795669555664,True,0.5448870658874512,True,0.3601207435131073,False
1279,122,0.5,0.5,8724.0,12.0,G#5,80,,0,0.37793663144111633,False,0.36482468247413635,False,0.3025739789009094,False
1280,122,0.5,0.5,8724.0,12.0,D5,74,,0,0.9457614421844482,True,0.2905721962451935,False,0.31691864132881165,False
1281,122,1.0,1.0,8736.0,24.0,B-3,58,,0,0.19852088391780853,False,0.3625868558883667,False,0.2952154278755188,False
1282,122,1.5,0.5,8748.0,12.0,G#5,80,,0,0.11583293229341507,False,0.31669536232948303,False,0.29346567392349243,False
1283,122,1.5,0.5,8748.0,12.0,D5,74,,0,0.8757452368736267,True,0.39865899085998535,False,0.32968670129776,False
1284,122,2.0,1.0,8760.0,24.0,B-2,46,,0,0.8653537631034851,True,0.5811780095100403,True,0.6684828400611877,True
1285,122,2.5,0.5,8772.0,12.0,G#5,80,,0,0.17107157409191132,False,0.3253949284553528,False,0.29541105031967163,False
1286,122,2.5,0.5,8772.0,12.0,D5,74,,0,0.9327161312103271,True,0.5059913396835327,True,0.4230051338672638,False
1287,123,0.0,0.5,8784.0,12.0,A5,81,,0,0.9768187999725342,True,0.4661507308483124,False,0.31795182824134827,False
1288,123,0.0,0.5,8784.0,12.0,C#5,73,,0,0.6835805177688599,True,0.3198302984237671,False,0.33669257164001465,False
1289,123,0.0,1.0,8784.0,24.0,A2,45,,0,0.8566914796829224,True,0.9093036651611328,True,0.7657414078712463,True
1290,123,0.5,0.5,8796.0,12.0,A5,81,,0,0.9839555621147156,True,0.37143978476524353,False,0.30290350317955017,False
1291,123,0.5,0.5,8796.0,12.0,F5,77,,0,0.5353679656982422,True,0.4016656279563904,False,0.3128194510936737,False
1292,123,1.0,0.5,8808.0,12.0,G5,79,,0,0.6733322739601135,True,0.741539716720581,True,0.4773900508880615,False
1293,123,1.0,0.5,8808.0,12.0,E5,76,,0,0.6451839208602905,True,0.2902929186820984,False,0.30819305777549744,False
1294,123,1.5,0.5,8820.0,12.0,F5,77,,0,0.18452683091163635,False,0.313779354095459,False,0.29318365454673767,False
1295,123,1.5,0.5,8820.0,12.0,D5,74,,0,0.8065220713615417,True,0.3750624656677246,False,0.3161875605583191,False
1296,123,2.0,0.5,8832.0,12.0,E5,76,,0,0.7472156882286072,True,0.26957619190216064,False,0.30056485533714294,False
1297,123,2.0,0.5,8832.0,12.0,C#5,73,,0,0.7937138676643372,True,0.1929517239332199,False,0.3009251058101654,False
1298,123,2.5,0.5,8844.0,12.0,F5,77,,0,0.17007972300052643,False,0.3052763342857361,False,0.29244670271873474,False
1299,123,2.5,0.5,8844.0,12.0,D5,74,,0,0.7926300168037415,True,0.4234752655029297,False,0.3217293918132782,False
1300,123,2.5,0.5,8844.0,12.0,G#4,68,,0,0.9464143514633179,True,0.6667963266372681,True,0.717363178730011,True
1301,124,0.0,0.5,8856.0,12.0,E5,76,,0,0.8696542978286743,True,0.3286285102367401,False,0.3204493224620819,False
1302,124,0.0,0.5,8856.0,12.0,C#5,73,,0,0.8892149925231934,True,0.25281018018722534,False,0.3131307363510132,False
1303,124,0.0,1.0,8856.0,24.0,A4,69,,0,0.9862012267112732,True,0.7462230324745178,True,0.7273985743522644,True
1304,124,0.5,0.5,8868.0,12.0,A4,69,,0,0.9812150001525879,True,0.7168052196502686,True,0.6272758841514587,True
1305,124,0.5,0.5,8868.0,12.0,F4,65,,0,0.8381853103637695,True,0.5362982749938965,True,0.5428570508956909,True
1306,124,1.0,0.5,8880.0,12.0,G4,67,,0,0.5615425705909729,True,0.6219815611839294,True,0.6580909490585327,True
1307,124,1.0,0.5,8880.0,12.0,E4,64,,0,0.8287821412086487,True,0.6447161436080933,True,0.541980504989624,True
1308,124,1.5,0.5,8892.0,12.0,F4,65,,0,0.24250862002372742,False,0.3271948993206024,False,0.2954571545124054,False
1309,124,1.5,0.5,8892.0,12.0,D4,62,,0,0.6827909350395203,True,0.3612871468067169,False,0.32802996039390564,False
1310,124,2.0,0.5,8904.0,12.0,E4,64,,0,0.6605563759803772,True,0.4010361433029175,False,0.30734068155288696,False
1311,124,2.0,0.5,8904.0,12.0,C#4,61,,0,0.7135881781578064,True,0.6146419644355774,True,0.6591668128967285,True
1312,124,2.5,0.5,8916.0,12.0,F4,65,,0,0.28032541275024414,False,0.331007182598114,False,0.29670801758766174,False
1313,124,2.5,0.5,8916.0,12.0,D4,62,,0,0.7624780535697937,True,0.3773795962333679,False,0.34089934825897217,False
1314,124,2.5,0.5,8916.0,12.0,G#3,56,,0,0.9783982038497925,True,0.9620958566665649,True,0.9128783345222473,True
1315,125,0.0,0.5,8928.0,12.0,E4,64,,0,0.6995754837989807,True,0.54947429895401,True,0.3770829439163208,False
1316,125,0.0,0.5,8928.0,12.0,C#4,61,,0,0.7330881953239441,True,0.7781206965446472,True,0.7938528656959534,True
1317,125,0.0,0.5,8928.0,12.0,A3,57,,0,0.9284282326698303,True,0.9150776267051697,True,0.9026556015014648,True
1318,125,0.5,0.5,8940.0,12.0,F4,65,,0,0.22018226981163025,False,0.31963029503822327,False,0.2940104603767395,False
1319,125,0.5,0.5,8940.0,12.0,D4,62,,0,0.528138279914856,True,0.4583946764469147,False,0.3430710732936859,False
1320,125,0.5,0.5,8940.0,12.0,G#3,56,,0,0.9623017907142639,True,0.8013502955436707,True,0.9060249924659729,True
1321,125,1.0,0.5,8952.0,12.0,E4,64,,0,0.8645506501197815,True,0.6039599180221558,True,0.3243151903152466,False
1322,125,1.0,0.5,8952.0,12.0,C#4,61,,0,0.7948142886161804,True,0.5300273299217224,True,0.768700361251831,True
1323,125,1.0,0.5,8952.0,12.0,A3,57,,0,0.9050039052963257,True,0.6910021901130676,True,0.7448901534080505,True
1324,125,1.5,0.5,8964.0,12.0,F4,65,,0,0.14774493873119354,False,0.30865946412086487,False,0.2915288209915161,False
1325,125,1.5,0.5,8964.0,12.0,D4,62,,0,0.5117658376693726,True,0.3413159251213074,False,0.32121461629867554,False
1326,125,1.5,0.5,8964.0,12.0,G#3,56,,0,0.958988606929779,True,0.6756026148796082,True,0.8888669610023499,True
1327,125,2.0,0.5,8976.0,12.0,E4,64,,0,0.36729639768600464,False,0.3618645668029785,False,0.29373815655708313,False
1328,125,2.0,0.5,8976.0,12.0,C#4,61,,0,0.7114003896713257,True,0.5345103144645691,True,0.7282652854919434,True
1329,125,2.0,0.5,8976.0,12.0,A3,57,,0,0.9117352366447449,True,0.6169397234916687,True,0.722227931022644,True
1330,125,2.5,0.5,8988.0,12.0,F4,65,,0,0.30525773763656616,False,0.33362269401550293,False,0.297347754240036,False
1331,125,2.5,0.5,8988.0,12.0,D4,62,,0,0.6116018891334534,True,0.3358822166919708,False,0.33084678649902344,False
1332,125,2.5,0.5,8988.0,12.0,G#3,56,,0,0.9631049036979675,True,0.6090238690376282,True,0.8839673399925232,True
1333,126,0.0,1.0,9000.0,24.0,E4,64,,0,0.5617825984954834,True,0.5320556163787842,True,0.46302223205566406,False
1334,126,0.0,1.0,9000.0,24.0,C#4,61,,0,0.7884151339530945,True,0.2954160273075104,False,0.3210139870643616,False
1335,126,0.0,1.0,9000.0,24.0,A3,57,,0,0.7893866300582886,True,0.6256011128425598,True,0.7959555387496948,True
1336,127,0.0,0.5,9072.0,12.0,E4,64,,0,0.8046390414237976,True,0.5801583528518677,True,0.39569294452667236,False
1337,127,0.0,0.5,9072.0,12.0,C4,60,,0,0.9698355197906494,True,0.597611129283905,True,0.49487394094467163,False
1338,127,0.0,0.5,9072.0,12.0,A3,57,,0,0.9427129626274109,True,0.677875280380249,True,0.734771728515625,True
1339,127,0.5,0.5,9084.0,12.0,F4,65,,0,0.3035505414009094,False,0.3282250165939331,False,0.2939812242984772,False
1340,127,0.5,0.5,9084.0,12.0,D4,62,,0,0.3353283703327179,False,0.36448901891708374,False,0.30465254187583923,False
1341,127,0.5,0.5,9084.0,12.0,G#3,56,,0,0.9736645817756653,True,0.6498211622238159,True,0.8743640780448914,True
1342,127,1.0,0.5,9096.0,12.0,E4,64,,0,0.8307108879089355,True,0.6621236205101013,True,0.5394564270973206,True
1343,127,1.0,0.5,9096.0,12.0,C4,60,,0,0.9708710312843323,True,0.39272770285606384,False,0.325662225484848,False
1344,127,1.0,0.5,9096.0,12.0,A3,57,,0,0.7182505130767822,True,0.5595691204071045,True,0.7244506478309631,True
1345,127,1.5,0.5,9108.0,12.0,F4,65,,0,0.2546132206916809,False,0.3242926597595215,False,0.293484628200531,False
1346,127,1.5,0.5,9108.0,12.0,D4,62,,0,0.35403090715408325,False,0.3717648684978485,False,0.3053710162639618,False
1347,127,1.5,0.5,9108.0,12.0,G#3,56,,0,0.9563472867012024,True,0.5193769931793213,True,0.8581464290618896,True
1348,127,2.0,0.5,9120.0,12.0,E4,64,,0,0.43246766924858093,False,0.38036873936653137,False,0.29780974984169006,False
1349,127,2.0,0.5,9120.0,12.0,C4,60,,0,0.9516085386276245,True,0.19235973060131073,False,0.2966918349266052,False
1350,127,2.0,0.5,9120.0,12.0,A3,57,,0,0.8946167826652527,True,0.4887544512748718,False,0.3298359811306,False
1351,127,2.5,0.5,9132.0,12.0,F4,65,,0,0.28891485929489136,False,0.33174529671669006,False,0.295492023229599,False
1352,127,2.5,0.5,9132.0,12.0,D4,62,,0,0.5197931528091431,True,0.40861445665359497,False,0.3520278334617615,False
1353,127,2.5,0.5,9132.0,12.0,G#3,56,,0,0.9183130860328674,True,0.5475162267684937,True,0.8655953407287598,True
1354,128,0.0,1.0,9144.0,24.0,E4,64,,0,0.6498263478279114,True,0.5603074431419373,True,0.5215361714363098,True
1355,128,0.0,1.0,9144.0,24.0,C4,60,,0,0.7714264988899231,True,0.2648858428001404,False,0.31040310859680176,False
1356,128,0.0,1.0,9144.0,24.0,A3,57,,0,0.9478476643562317,True,0.3618059456348419,False,0.32718437910079956,False
1357,129,0.0,0.5,9216.0,12.0,E4,64,,0,0.7690247297286987,True,0.5348570942878723,True,0.4895155131816864,False
1358,129,0.0,4.0,9216.0,96.0,C4,60,,0,0.5013492107391357,True,0.279459148645401,False,0.30481523275375366,False
1359,129,0.0,4.0,9216.0,96.0,B-3,58,,0,0.6407843828201294,True,0.6480354070663452,True,0.4617917537689209,False
1360,129,0.0,0.5,9216.0,12.0,G3,55,,0,0.6762726902961731,True,0.8618481755256653,True,0.9351506233215332,True
1361,129,0.5,0.5,9228.0,12.0,F4,65,,0,0.7419890761375427,True,0.8442798852920532,True,0.5310168862342834,True
1362,129,0.5,0.5,9228.0,12.0,A3,57,,0,0.9687790274620056,True,0.333430677652359,False,0.3196209669113159,False
1363,129,1.0,0.5,9240.0,12.0,E4,64,,0,0.7769880890846252,True,0.5084674954414368,True,0.5763197541236877,True
1364,129,1.0,0.5,9240.0,12.0,G3,55,,0,0.8550401926040649,True,0.6531009674072266,True,0.8101541996002197,True
1365,129,1.5,0.5,9252.0,12.0,F4,65,,0,0.5762627720832825,True,0.8487903475761414,True,0.6074140071868896,True
1366,129,1.5,0.5,9252.0,12.0,A3,57,,0,0.6949393153190613,True,0.22680215537548065,False,0.29703977704048157,False
1367,129,2.0,0.5,9264.0,12.0,E4,64,,0,0.516598641872406,True,0.29128798842430115,False,0.2949315011501312,False
1368,129,2.0,0.5,9264.0,12.0,G3,55,,0,0.7457066774368286,True,0.5328863859176636,True,0.721379280090332,True
1369,129,2.5,0.5,9276.0,12.0,F4,65,,0,0.3716902732849121,False,0.3362020254135132,False,0.29799753427505493,False
1370,129,2.5,0.5,9276.0,12.0,A3,57,,0,0.8113036751747131,True,0.1956074982881546,False,0.29820024967193604,False
1371,130,0.0,1.0,9288.0,24.0,E4,64,,0,0.7332888841629028,True,0.42470890283584595,False,0.3289167881011963,False
1372,130,0.0,1.0,9288.0,24.0,G3,55,,0,0.7998509407043457,True,0.6286556124687195,True,0.7292665839195251,True
1373,131,0.0,0.5,9360.0,12.0,B-5,82,,0,0.5802981853485107,True,0.3684992492198944,False,0.3213341534137726,False
1374,131,0.0,4.0,9360.0,96.0,E5,76,,0,0.9384878277778625,True,0.20979684591293335,False,0.3008837103843689,False
1375,131,0.0,0.5,9360.0,12.0,G4,67,,0,0.9880374670028687,True,0.7919147610664368,True,0.5827904939651489,True
1376,131,0.0,4.0,9360.0,96.0,C4,60,,0,0.8300715088844299,True,0.6197345852851868,True,0.4539085626602173,False
1377,131,0.5,0.5,9372.0,12.0,A5,81,,0,0.7214739322662354,True,0.46629852056503296,False,0.3218456506729126,False
1378,131,0.5,0.5,9372.0,12.0,F#4,66,,0,0.3726806044578552,False,0.3661598563194275,False,0.3034425377845764,False
1379,131,1.0,0.5,9384.0,12.0,B-5,82,,0,0.7709580659866333,True,0.4042819142341614,False,0.3242599368095398,False
1380,131,1.0,0.5,9384.0,12.0,G4,67,,0,0.8958783745765686,True,0.5333157777786255,True,0.5232699513435364,True
1381,131,1.5,0.5,9396.0,12.0,A5,81,,0,0.7409209609031677,True,0.3754746615886688,False,0.3080999553203583,False
1382,131,1.5,0.5,9396.0,12.0,F#4,66,,0,0.47940710186958313,False,0.3803883194923401,False,0.3065655827522278,False
1383,131,2.0,0.5,9408.0,12.0,B-5,82,,0,0.5323346853256226,True,0.29889580607414246,False,0.2989414930343628,False
1384,131,2.0,0.5,9408.0,12.0,G4,67,,0,0.8114567399024963,True,0.47750699520111084,False,0.32322269678115845,False
1385,131,2.5,0.5,9420.0,12.0,A5,81,,0,0.6347399950027466,True,0.31551769375801086,False,0.2994029223918915,False
1386,131,2.5,0.5,9420.0,12.0,F#4,66,,0,0.6990441679954529,True,0.19828417897224426,False,0.3029196858406067,False
1387,132,0.0,1.0,9432.0,24.0,B-5,82,,0,0.7099147439002991,True,0.2915562391281128,False,0.31082257628440857,False
1388,132,0.0,1.0,9432.0,24.0,G4,67,,0,0.8329277634620667,True,0.27714255452156067,False,0.3138226568698883,False
1389,133,0.0,2.0,9504.0,48.0,F4,65,,0,0.9516208171844482,True,0.7460050582885742,True,0.6366317868232727,True
1390,133,0.0,0.5,9504.0,12.0,F3,53,,0,0.7790095806121826,True,0.6687360405921936,True,0.808532178401947,True
1391,133,0.5,0.5,9516.0,12.0,A3,57,,0,0.9019651412963867,True,0.41602060198783875,False,0.3294861912727356,False
1392,133,1.0,0.5,9528.0,12.0,C4,60,,0,0.9600558280944824,True,0.7241871953010559,True,0.430790513753891,False
1393,133,1.5,0.5,9540.0,12.0,A3,57,,0,0.782563328742981,True,0.39423254132270813,False,0.32054170966148376,False
1394,133,2.0,1.0,9552.0,24.0,A4,69,,0,0.6963408589363098,True,0.9547746181488037,True,0.60945063829422,True
1395,133,2.0,0.5,9552.0,12.0,C4,60,,0,0.818370521068573,True,0.6110521554946899,True,0.4881579577922821,False
1396,133,2.5,0.5,9564.0,12.0,A3,57,,0,0.7015014290809631,True,0.5598388314247131,True,0.440365731716156,False
1397,134,0.0,2.0,9576.0,48.0,C5,72,,0,0.8661988377571106,True,0.8422822952270508,True,0.7023937106132507,True
1398,134,0.0,0.5,9576.0,12.0,F3,53,,0,0.8265002369880676,True,0.5992529392242432,True,0.6513057947158813,True
1399,134,0.5,0.5,9588.0,12.0,C4,60,,0,0.823214590549469,True,0.794238269329071,True,0.5164563655853271,True
1400,134,1.0,0.5,9600.0,12.0,E-4,63,,0,0.9530785083770752,True,0.40581363439559937,False,0.3484840393066406,False
1401,134,1.5,0.5,9612.0,12.0,C4,60,,0,0.7444356679916382,True,0.8071208000183105,True,0.5027140974998474,True
1402,134,2.0,1.0,9624.0,24.0,A4,69,,0,0.9279313683509827,True,0.7975742816925049,True,0.6576762199401855,True
1403,134,2.0,0.5,9624.0,12.0,E-4,63,,0,0.9031100273132324,True,0.34152793884277344,False,0.3057694137096405,False
1404,134,2.5,0.5,9636.0,12.0,C4,60,,0,0.8326060771942139,True,0.7003478407859802,True,0.4951641857624054,False
1405,135,0.0,2.0,9648.0,48.0,B-4,70,,0,0.5465913414955139,True,0.5627887845039368,True,0.6766023635864258,True
1406,135,0.0,0.5,9648.0,12.0,F3,53,,0,0.3868439197540283,False,0.36266255378723145,False,0.30241531133651733,False
1407,135,0.5,0.5,9660.0,12.0,B-3,58,,0,0.6733495593070984,True,0.36215031147003174,False,0.3062856197357178,False
1408,135,1.0,0.5,9672.0,12.0,D4,62,,0,0.8922666311264038,True,0.6757863163948059,True,0.5450746417045593,True
1409,135,1.5,0.5,9684.0,12.0,B-3,58,,0,0.3814750015735626,False,0.3710382580757141,False,0.3001343905925751,False
1410,135,2.0,1.0,9696.0,24.0,G5,79,,0,0.9354405403137207,True,0.33978506922721863,False,0.3280678391456604,False
1411,135,2.0,0.5,9696.0,12.0,D4,62,,0,0.7999469041824341,True,0.5836355090141296,True,0.5196008682250977,True
1412,135,2.5,0.5,9708.0,12.0,B-3,58,,0,0.3752147853374481,False,0.3665752112865448,False,0.2990122139453888,False
1413,136,0.0,0.5,9720.0,12.0,F5,77,,0,0.30808037519454956,False,0.3719503879547119,False,0.3065449297428131,False
1414,136,0.0,0.5,9720.0,12.0,F3,53,,0,0.36561858654022217,False,0.3668358623981476,False,0.30317041277885437,False
1415,136,0.5,0.5,9732.0,12.0,E5,76,,0,0.9762324094772339,True,0.32530173659324646,False,0.3161936104297638,False
1416,136,0.5,0.5,9732.0,12.0,G3,55,,0,0.8844872713088989,True,0.5541054010391235,True,0.4331075847148895,False
1417,136,1.0,1.0,9744.0,24.0,E5,76,,0,0.934429407119751,True,0.3871050179004669,False,0.32160520553588867,False
1418,136,1.0,0.5,9744.0,12.0,B-3,58,,0,0.5774016380310059,True,0.37845757603645325,False,0.3037163317203522,False
1419,136,1.5,0.5,9756.0,12.0,G3,55,,0,0.5239018797874451,True,0.4834209382534027,False,0.3173553943634033,False
1420,136,2.0,0.5,9768.0,12.0,B-3,58,,0,0.10375173389911652,False,0.33559781312942505,False,0.2878589928150177,False
1421,136,2.5,0.5,9780.0,12.0,G3,55,,0,0.3688063323497772,False,0.3683527708053589,False,0.3047216832637787,False
1422,137,0.0,1.0,9792.0,24.0,F5,77,,0,0.1338569074869156,False,0.33368968963623047,False,0.2957196831703186,False
1423,137,0.0,1.0,9792.0,24.0,A3,57,,0,0.7273558378219604,True,0.5920851826667786,True,0.45780760049819946,False
1424,137,0.0,1.0,9792.0,24.0,F3,53,,0,0.32436731457710266,False,0.34785759449005127,False,0.29899337887763977,False
1425,137,1.0,1.0,9816.0,24.0,A4,69,,0,0.9819869995117188,True,0.710929811000824,True,0.6886745095252991,True
1426,137,2.0,1.0,9840.0,24.0,D5,74,,0,0.2873587906360626,False,0.3869220018386841,False,0.306393563747406,False
1427,138,0.0,1.0,9864.0,24.0,G4,67,,0,0.8133907914161682,True,0.5521612763404846,True,0.5528848767280579,True
1428,138,1.0,1.5,9888.0,36.0,C5,72,,0,0.58857262134552,True,0.5489875674247742,True,0.5266289114952087,True
1429,138,2.5,0.5,9924.0,12.0,A4,69,,0,0.7719413638114929,True,0.6620014905929565,True,0.6287322044372559,True
1430,139,0.0,4.0,9936.0,96.0,F4,65,,0,0.48290276527404785,False,0.3799861967563629,False,0.30780860781669617,False
1431,139,0.0,1.0,9936.0,24.0,F3,53,,0,0.31025823950767517,False,0.35304608941078186,False,0.30000364780426025,False
1432,139,1.0,1.0,9960.0,24.0,A2,45,,0,0.9436074495315552,True,0.591336727142334,True,0.44247403740882874,False
1433,139,2.0,1.0,9984.0,24.0,D3,50,,0,0.35251861810684204,False,0.395697683095932,False,0.30656737089157104,False
1434,140,0.0,3.0,10008.0,72.0,G4,67,,0,0.5639730095863342,True,0.5635613799095154,True,0.4095028340816498,False
1435,140,0.0,1.0,10008.0,24.0,G2,43,,0,0.7046881914138794,True,0.8251641392707825,True,0.6207823157310486,True
1436,140,1.0,0.5,10032.0,12.0,E4,64,,0,0.8843622207641602,True,0.5023819804191589,True,0.37300407886505127,False
1437,140,1.0,1.5,10032.0,36.0,C3,48,,0,0.4108991026878357,False,0.41019928455352783,False,0.3059387803077698,False
1438,140,1.5,0.5,10044.0,12.0,D4,62,,0,0.17391759157180786,False,0.323396772146225,False,0.2966463565826416,False
1439,140,2.0,1.0,10056.0,24.0,E4,64,,0,0.5558526515960693,True,0.4730933904647827,False,0.2899467945098877,False
1440,140,2.5,0.5,10068.0,12.0,A2,45,,0,0.33916547894477844,False,0.3227163255214691,False,0.28888145089149475,False
1441,141,0.0,1.0,10080.0,24.0,A4,69,,0,0.8744537830352783,True,0.5766264200210571,True,0.5081672072410583,True
1442,141,0.0,3.0,10080.0,72.0,F4,65,,0,0.18578682839870453,False,0.34748250246047974,False,0.29952192306518555,False
1443,141,0.0,1.0,10080.0,24.0,F2,41,,0,0.414779394865036,False,0.3679174482822418,False,0.30510738492012024,False
1444,141,1.0,1.0,10104.0,24.0,B-4,70,,0,0.1564553827047348,False,0.3526726961135864,False,0.2936862111091614,False
1445,141,1.0,1.0,10104.0,24.0,D3,50,,0,0.7954237461090088,True,0.543709933757782,True,0.4972660541534424,False
1446,141,2.0,1.0,10128.0,24.0,D5,74,,0,0.21403664350509644,False,0.3529824912548065,False,0.29812249541282654,False
1447,141,2.0,1.0,10128.0,24.0,B-2,46,,0,0.4676060676574707,False,0.4025270342826843,False,0.30327680706977844,False
1448,142,0.0,0.5,10152.0,12.0,D5,74,,0,0.6141035556793213,True,0.40257853269577026,False,0.3267841637134552,False
1449,142,0.0,1.0,10152.0,24.0,F4,65,,0,0.34918808937072754,False,0.3676120638847351,False,0.30343738198280334,False
1450,142,0.0,1.0,10152.0,24.0,A2,45,,0,0.5470773577690125,True,0.4613243639469147,False,0.34049805998802185,False
1451,142,0.5,0.5,10164.0,12.0,C5,72,,0,0.6590611338615417,True,0.4700792729854584,False,0.3503476083278656,False
1452,142,1.0,0.5,10176.0,12.0,B-4,70,,0,0.20247089862823486,False,0.35695937275886536,False,0.2938827574253082,False
1453,142,1.5,0.5,10188.0,12.0,A4,69,,0,0.8412336111068726,True,0.5370264649391174,True,0.4240249991416931,False
1454,142,2.0,0.5,10200.0,12.0,G4,67,,0,0.7677037119865417,True,0.7038706541061401,True,0.5188674926757812,True
1455,142,2.0,1.0,10200.0,24.0,D3,50,,0,0.9136631488800049,True,0.47991010546684265,False,0.37482187151908875,False
1456,142,2.5,0.5,10212.0,12.0,F4,65,,0,0.0438251793384552,False,0.28854289650917053,False,0.2871299982070923,False
1457,143,0.0,1.0,10224.0,24.0,G4,67,,0,0.8822708129882812,True,0.701928973197937,True,0.48917096853256226,False
1458,143,0.0,1.0,10224.0,24.0,B-2,46,,0,0.7519664168357849,True,0.4039226472377777,False,0.323236882686615,False
1459,143,1.0,1.0,10248.0,24.0,B-4,70,,0,0.4665105640888214,False,0.40693774819374084,False,0.30264899134635925,False
1460,143,2.0,1.0,10272.0,24.0,E4,64,,0,0.693263053894043,True,0.3842514753341675,False,0.29760968685150146,False
1461,143,2.0,1.0,10272.0,24.0,B-3,58,,0,0.24008791148662567,False,0.36948803067207336,False,0.2958771884441376,False
1462,143,2.0,1.0,10272.0,24.0,C3,48,,0,0.44020962715148926,False,0.39416423439979553,False,0.3019113540649414,False
1463,144,0.0,1.0,10296.0,24.0,F4,65,,0,0.0423109270632267,False,0.3213307857513428,False,0.2921949028968811,False
1464,144,0.0,1.0,10296.0,24.0,A3,57,,0,0.8775062561035156,True,0.43846023082733154,False,0.3243750333786011,False
1465,144,0.0,1.0,10296.0,24.0,F2,41,,0,0.26849597692489624,False,0.3524707555770874,False,0.29908961057662964,False
1466,144,2.0,0.75,10344.0,18.0,C6,84,,0,0.37747737765312195,False,0.38848039507865906,False,0.3045717477798462,False
1467,144,2.0,0.75,10344.0,18.0,C5,72,,0,0.08081980794668198,False,0.33767592906951904,False,0.2905927300453186,False
1468,144,2.0,0.75,10344.0,18.0,A4,69,,0,0.2083302140235901,False,0.34423184394836426,False,0.28724193572998047,False
1469,144,2.75,0.25,10362.0,6.0,B-5,82,,0,0.5730210542678833,True,0.564721405506134,True,0.3862136900424957,False
1470,144,2.75,0.25,10362.0,6.0,B-4,70,,0,0.291644424200058,False,0.33553582429885864,False,0.2869245707988739,False
1471,144,2.75,0.25,10362.0,6.0,G4,67,,0,0.6648867726325989,True,0.5646169781684875,True,0.42808613181114197,False
1472,145,0.0,1.0,10368.0,24.0,A5,81,,0,0.9664064645767212,True,0.4671936631202698,False,0.3324562907218933,False
1473,145,0.0,1.0,10368.0,24.0,A4,69,,0,0.8456909656524658,True,0.8256637454032898,True,0.5616968870162964,True
1474,145,0.0,1.0,10368.0,24.0,F4,65,,0,0.3616369664669037,False,0.3648623824119568,False,0.3031960427761078,False
1475,145,1.0,1.0,10392.0,24.0,A5,81,,0,0.9670363664627075,True,0.5124764442443848,True,0.4441346824169159,False
1476,145,1.0,1.0,10392.0,24.0,A4,69,,0,0.6255577802658081,True,0.805898129940033,True,0.4667074978351593,False
1477,145,1.0,1.0,10392.0,24.0,F4,65,,0,0.1992916315793991,False,0.33879873156547546,False,0.29312461614608765,False
1478,145,2.0,0.75,10416.0,18.0,A5,81,,0,0.882681131362915,True,0.5201014876365662,True,0.3976868689060211,False
1479,145,2.0,0.75,10416.0,18.0,A4,69,,0,0.6012104153633118,True,0.6947622299194336,True,0.4859147071838379,False
1480,145,2.0,0.75,10416.0,18.0,F4,65,,0,0.11353776603937149,False,0.31808745861053467,False,0.2870277762413025,False
1481,145,2.75,0.25,10434.0,6.0,G5,79,,0,0.7212303876876831,True,0.40747883915901184,False,0.31810832023620605,False
1482,145,2.75,0.25,10434.0,6.0,G4,67,,0,0.3252696692943573,False,0.3661019802093506,False,0.29826968908309937,False
1483,145,2.75,0.25,10434.0,6.0,C4,60,,0,0.43821826577186584,False,0.3746515214443207,False,0.29862064123153687,False
1484,146,0.0,1.0,10440.0,24.0,F5,77,,0,0.6214630007743835,True,0.41982945799827576,False,0.3201961815357208,False
1485,146,0.0,1.0,10440.0,24.0,F4,65,,0,0.4501129686832428,False,0.3830355405807495,False,0.30866825580596924,False
1486,146,0.0,1.0,10440.0,24.0,A3,57,,0,0.9125252962112427,True,0.5026684403419495,True,0.4311765134334564,False
1487,146,1.0,1.0,10464.0,24.0,F5,77,,0,0.3533966839313507,False,0.3566615879535675,False,0.29794856905937195,False
1488,146,1.0,1.0,10464.0,24.0,F4,65,,0,0.21758991479873657,False,0.3460477292537689,False,0.29503530263900757,False
1489,146,1.0,1.0,10464.0,24.0,A3,57,,0,0.9059803485870361,True,0.4766347110271454,False,0.3257220685482025,False
1490,146,2.0,1.0,10488.0,24.0,F5,77,,0,0.2923923134803772,False,0.34014856815338135,False,0.29351934790611267,False
1491,146,2.0,1.0,10488.0,24.0,F4,65,,0,0.22512292861938477,False,0.33701545000076294,False,0.2918153405189514,False
1492,146,2.0,1.0,10488.0,24.0,A3,57,,0,0.890318751335144,True,0.5795252919197083,True,0.46482089161872864,False
1493,147,0.0,1.0,10512.0,24.0,G5,79,,0,0.868715763092041,True,0.347939670085907,False,0.3226805329322815,False
1494,147,0.0,1.0,10512.0,24.0,E5,76,,0,0.9649572372436523,True,0.515313982963562,True,0.4613560736179352,False
1495,147,0.0,1.0,10512.0,24.0,G4,67,,0,0.40941324830055237,False,0.42693594098091125,False,0.31819412112236023,False
1496,147,0.0,1.0,10512.0,24.0,C4,60,,0,0.584857702255249,True,0.7687300443649292,True,0.4598073363304138,False
1497,147,1.0,1.0,10536.0,24.0,G5,79,,0,0.7235060334205627,True,0.5451444983482361,True,0.4190236032009125,False
1498,147,1.0,1.0,10536.0,24.0,E5,76,,0,0.8263217806816101,True,0.4482690691947937,False,0.3341565728187561,False
1499,147,1.0,1.0,10536.0,24.0,G4,67,,0,0.506188154220581,True,0.7123698592185974,True,0.45860740542411804,False
1500,147,1.0,1.0,10536.0,24.0,C4,60,,0,0.3615764379501343,False,0.39701125025749207,False,0.30375373363494873,False
1501,147,2.0,1.0,10560.0,24.0,G5,79,,0,0.6302514672279358,True,0.5230219960212708,True,0.35544100403785706,False
1502,147,2.0,1.0,10560.0,24.0,E5,76,,0,0.6190943121910095,True,0.35550734400749207,False,0.30803871154785156,False
1503,147,2.0,1.0,10560.0,24.0,G4,67,,0,0.33738499879837036,False,0.40701696276664734,False,0.3086688220500946,False
1504,147,2.0,1.0,10560.0,24.0,C4,60,,0,0.33162644505500793,False,0.3885662257671356,False,0.301000714302063,False
1505,148,0.0,1.0,10584.0,24.0,G5,79,,0,0.8449715375900269,True,0.30486518144607544,False,0.3093305826187134,False
1506,148,0.0,1.0,10584.0,24.0,E5,76,,0,0.8037534952163696,True,0.2793917655944824,False,0.31408247351646423,False
1507,148,0.0,1.0,10584.0,24.0,G4,67,,0,0.48058900237083435,False,0.4409409463405609,False,0.3216869831085205,False
1508,148,0.0,1.0,10584.0,24.0,C4,60,,0,0.22047856450080872,False,0.3675226867198944,False,0.3003734350204468,False
1509,148,1.0,1.0,10608.0,24.0,A5,81,,0,0.8062235713005066,True,0.7162045836448669,True,0.48191115260124207,False
1510,148,1.0,1.0,10608.0,24.0,F5,77,,0,0.09437297284603119,False,0.31978657841682434,False,0.2898392379283905,False
1511,148,1.0,1.0,10608.0,24.0,A4,69,,0,0.413753867149353,False,0.387531042098999,False,0.29850533604621887,False
1512,148,1.0,1.0,10608.0,24.0,F4,65,,0,0.08384823054075241,False,0.3195003569126129,False,0.2893396317958832,False
1513,148,2.0,0.25,10632.0,6.0,C6,84,,0,0.5718544125556946,True,0.6662279367446899,True,0.3545899987220764,False
1514,148,2.0,0.75,10632.0,18.0,C5,72,,0,0.5323790907859802,True,0.7227973341941833,True,0.4306860864162445,False
1515,148,2.0,0.75,10632.0,18.0,A4,69,,0,0.3693959414958954,False,0.3631129562854767,False,0.29049167037010193,False
1516,148,2.25,0.25,10638.0,6.0,D6,86,,0,0.9001421928405762,True,0.789184033870697,True,0.5636438727378845,True
1517,148,2.5,0.25,10644.0,6.0,C6,84,,0,0.5342198610305786,True,0.6468830108642578,True,0.40750327706336975,False
1518,148,2.75,0.25,10650.0,6.0,B-5,82,,0,0.4281817376613617,False,0.3555140197277069,False,0.2918226420879364,False
1519,148,2.75,0.25,10650.0,6.0,B-4,70,,0,0.2315073311328888,False,0.32888585329055786,False,0.2869628071784973,False
1520,148,2.75,0.25,10650.0,6.0,G4,67,,0,0.5486370325088501,True,0.6812582015991211,True,0.4596151113510132,False
1521,149,0.0,1.0,10656.0,24.0,A5,81,,0,0.8986104726791382,True,0.5164235234260559,True,0.3876679837703705,False
1522,149,0.0,1.0,10656.0,24.0,A4,69,,0,0.8681772351264954,True,0.6911717653274536,True,0.44046980142593384,False
1523,149,0.0,1.0,10656.0,24.0,F4,65,,0,0.5413520336151123,True,0.49306240677833557,False,0.30352312326431274,False
1524,149,1.0,1.0,10680.0,24.0,A5,81,,0,0.9010379314422607,True,0.6088898777961731,True,0.39969199895858765,False
1525,149,1.0,1.0,10680.0,24.0,A4,69,,0,0.6094287037849426,True,0.5470103025436401,True,0.3885163962841034,False
1526,149,1.0,1.0,10680.0,24.0,F4,65,,0,0.32196253538131714,False,0.3558887541294098,False,0.2964003384113312,False
1527,149,2.0,0.25,10704.0,6.0,A5,81,,0,0.8056856989860535,True,0.45767539739608765,False,0.30239832401275635,False
1528,149,2.0,0.75,10704.0,18.0,A4,69,,0,0.49011293053627014,False,0.3724016845226288,False,0.29363131523132324,False
1529,149,2.0,0.75,10704.0,18.0,F4,65,,0,0.14760053157806396,False,0.32295289635658264,False,0.2878992557525635,False
1530,149,2.25,0.25,10710.0,6.0,B-5,82,,0,0.3272259831428528,False,0.3442409038543701,False,0.2889922559261322,False
1531,149,2.5,0.25,10716.0,6.0,A5,81,,0,0.9603356719017029,True,0.4949035942554474,False,0.31688395142555237,False
1532,149,2.75,0.25,10722.0,6.0,G5,79,,0,0.6983717679977417,True,0.21942412853240967,False,0.29483562707901,False
1533,149,2.75,0.25,10722.0,6.0,G4,67,,0,0.2925991714000702,False,0.3553396463394165,False,0.2960975468158722,False
1534,149,2.75,0.25,10722.0,6.0,C4,60,,0,0.5793547034263611,True,0.4731403589248657,False,0.33880874514579773,False
1535,150,0.0,1.0,10728.0,24.0,F5,77,,0,0.5434346199035645,True,0.4603833258152008,False,0.327458918094635,False
1536,150,0.0,1.0,10728.0,24.0,F4,65,,0,0.44706442952156067,False,0.3775489032268524,False,0.30767354369163513,False
1537,150,0.0,1.0,10728.0,24.0,A3,57,,0,0.8666814565658569,True,0.554950475692749,True,0.44264155626296997,False
1538,150,1.0,1.0,10752.0,24.0,F5,77,,0,0.339487761259079,False,0.35648685693740845,False,0.2980306148529053,False
1539,150,1.0,1.0,10752.0,24.0,F4,65,,0,0.22632843255996704,False,0.3426854908466339,False,0.29450178146362305,False
1540,150,1.0,1.0,10752.0,24.0,A3,57,,0,0.9016749262809753,True,0.4828774034976959,False,0.31929460167884827,False
1541,150,2.0,1.0,10776.0,24.0,F5,77,,0,0.35875895619392395,False,0.3449747562408447,False,0.2962508499622345,False
1542,150,2.0,1.0,10776.0,24.0,F4,65,,0,0.28219595551490784,False,0.3413189947605133,False,0.2938082814216614,False
1543,150,2.0,1.0,10776.0,24.0,A3,57,,0,0.9467049837112427,True,0.5528803467750549,True,0.5117664933204651,True
1544,151,0.0,1.0,10800.0,24.0,G5,79,,0,0.6162455677986145,True,0.27267909049987793,False,0.31041717529296875,False
1545,151,0.0,1.0,10800.0,24.0,G4,67,,0,0.5041922330856323,True,0.6941066384315491,True,0.48369789123535156,False
1546,151,0.0,1.0,10800.0,24.0,C4,60,,0,0.29956236481666565,False,0.385294109582901,False,0.3041066825389862,False
1547,151,1.0,1.0,10824.0,24.0,B-5,82,,0,0.5035331845283508,True,0.49339133501052856,False,0.32878565788269043,False
1548,151,2.0,1.0,10848.0,24.0,E5,76,,0,0.6492103338241577,True,0.26566335558891296,False,0.30503615736961365,False
1549,151,2.0,1.0,10848.0,24.0,B-4,70,,0,0.12051641941070557,False,0.3355613350868225,False,0.2881406545639038,False
1550,151,2.0,1.0,10848.0,24.0,G4,67,,0,0.5748168230056763,True,0.6487794518470764,True,0.3856567442417145,False
1551,151,2.0,1.0,10848.0,24.0,C4,60,,0,0.11515549570322037,False,0.34374597668647766,False,0.2909572422504425,False
1552,152,0.0,1.0,10872.0,24.0,F5,77,,0,0.11893955618143082,False,0.33065542578697205,False,0.2949865758419037,False
1553,152,0.0,1.0,10872.0,24.0,A4,69,,0,0.5550767779350281,True,0.4382805824279785,False,0.3246265649795532,False
1554,152,0.0,1.0,10872.0,24.0,F4,65,,0,0.10170204937458038,False,0.33222755789756775,False,0.29475274682044983,False
1555,152,2.0,1.0,10920.0,24.0,C6,84,,0,0.686476469039917,True,0.49580177664756775,False,0.3265675902366638,False
1556,152,2.0,1.0,10920.0,24.0,B-4,70,,0,0.41291168332099915,False,0.38494741916656494,False,0.2974381744861603,False
1557,152,2.0,1.0,10920.0,24.0,E4,64,,0,0.6444022059440613,True,0.3248785436153412,False,0.29505154490470886,False
1558,152,2.0,1.0,10920.0,24.0,C4,60,,0,0.2112634927034378,False,0.36388057470321655,False,0.29512181878089905,False
1559,153,0.0,1.0,10944.0,24.0,F5,77,,0,0.26278525590896606,False,0.3512832522392273,False,0.30068251490592957,False
1560,153,0.0,1.0,10944.0,24.0,A4,69,,0,0.8691334128379822,True,0.3946211338043213,False,0.3166404366493225,False
1561,153,0.0,1.0,10944.0,24.0,F4,65,,0,0.2197604775428772,False,0.36105117201805115,False,0.30071815848350525,False
1562,153,2.0,1.0,10992.0,24.0,C5,72,,0,0.33319419622421265,False,0.39196744561195374,False,0.3018885850906372,False
1563,153,2.0,1.0,10992.0,24.0,B-3,58,,0,0.22193564474582672,False,0.3505156338214874,False,0.2914356589317322,False
1564,153,2.0,1.0,10992.0,24.0,E3,52,,0,0.8683949112892151,True,0.5361982583999634,True,0.5934811234474182,True
1565,153,2.0,1.0,10992.0,24.0,C3,48,,0,0.37122493982315063,False,0.3768502473831177,False,0.29762187600135803,False
1566,154,0.0,1.0,11016.0,24.0,F4,65,,0,0.1474522352218628,False,0.34679949283599854,False,0.29707813262939453,False
1567,154,0.0,1.0,11016.0,24.0,A3,57,,0,0.9836477637290955,True,0.5563563704490662,True,0.33631572127342224,False
1568,154,0.0,1.0,11016.0,24.0,F3,53,,0,0.8144440650939941,True,0.6090691089630127,True,0.44547170400619507,False
1569,154,2.0,1.0,11064.0,24.0,C#4,61,,0,0.9229821562767029,True,0.5521856546401978,True,0.4253086447715759,False
1570,154,2.0,1.0,11064.0,24.0,C#3,49,,0,0.8229644894599915,True,0.5092152953147888,True,0.5986852049827576,True
1571,154,2.0,1.0,11064.0,24.0,C#2,37,,0,0.6416310667991638,True,0.701404333114624,True,0.548194944858551,True
1572,155,0.0,1.5,11088.0,36.0,D4,62,,0,0.30827653408050537,False,0.38793855905532837,False,0.30935388803482056,False
1573,155,0.0,0.5,11088.0,12.0,D3,50,,0,0.5611075162887573,True,0.2392207831144333,False,0.29682913422584534,False
1574,155,0.0,0.5,11088.0,12.0,D2,38,,0,0.7033945322036743,True,0.6221763491630554,True,0.48211270570755005,False
1575,155,0.5,0.5,11100.0,12.0,F3,53,,0,0.7826318144798279,True,0.6555749177932739,True,0.42525407671928406,False
1576,155,1.0,0.5,11112.0,12.0,A3,57,,0,0.9913318157196045,True,0.5293241143226624,True,0.5174033045768738,True
1577,155,1.5,0.25,11124.0,6.0,F4,65,,0,0.206786647439003,False,0.3197426497936249,False,0.29233911633491516,False
1578,155,1.5,0.5,11124.0,12.0,F3,53,,0,0.5162129402160645,True,0.638874351978302,True,0.5535245537757874,True
1579,155,1.75,0.25,11130.0,6.0,A4,69,,0,0.8992684483528137,True,0.39831143617630005,False,0.2961621582508087,False
1580,155,2.0,0.5,11136.0,12.0,D5,74,,0,0.9775779247283936,True,0.4394941031932831,False,0.33883652091026306,False
1581,155,2.0,0.5,11136.0,12.0,A3,57,,0,0.9781752824783325,True,0.5023666024208069,True,0.3754187524318695,False
1582,155,2.5,0.25,11148.0,6.0,A4,69,,0,0.6853095293045044,True,0.33429598808288574,False,0.3001568019390106,False
1583,155,2.5,0.5,11148.0,12.0,F3,53,,0,0.7409078478813171,True,0.5649862289428711,True,0.49511227011680603,False
1584,155,2.75,0.25,11154.0,6.0,D5,74,,0,0.9128801226615906,True,0.21721552312374115,False,0.29172763228416443,False
1585,156,0.0,0.5,11160.0,12.0,F5,77,,0,0.5917525887489319,True,0.47583261132240295,False,0.319722980260849,False
1586,156,0.0,0.5,11160.0,12.0,D3,50,,0,0.6783875823020935,True,0.2774273753166199,False,0.3057473599910736,False
1587,156,0.5,0.25,11172.0,6.0,D5,74,,0,0.704365074634552,True,0.3272463083267212,False,0.30574771761894226,False
1588,156,0.5,0.5,11172.0,12.0,F3,53,,0,0.7014790773391724,True,0.7058044075965881,True,0.46738213300704956,False
1589,156,0.75,0.25,11178.0,6.0,F5,77,,0,0.2923525273799896,False,0.31237494945526123,False,0.28720659017562866,False
1590,156,1.0,0.5,11184.0,12.0,A5,81,,0,0.9729763269424438,True,0.6823233366012573,True,0.42373889684677124,False
1591,156,1.0,0.5,11184.0,12.0,A3,57,,0,0.9965540170669556,True,0.5723714828491211,True,0.3421240746974945,False
1592,156,1.5,0.5,11196.0,12.0,A5,81,,0,0.9208329916000366,True,0.6234562993049622,True,0.4160972535610199,False
1593,156,1.5,0.5,11196.0,12.0,F3,53,,0,0.6557424068450928,True,0.7400128245353699,True,0.444350928068161,False
1594,156,2.0,0.5,11208.0,12.0,F5,77,,0,0.2654244303703308,False,0.33809521794319153,False,0.29100874066352844,False
1595,156,2.0,0.5,11208.0,12.0,A3,57,,0,0.9789189696311951,True,0.46279749274253845,False,0.3043923079967499,False
1596,156,2.5,0.5,11220.0,12.0,D5,74,,0,0.6784409880638123,True,0.373310923576355,False,0.30991026759147644,False
1597,156,2.5,0.5,11220.0,12.0,F3,53,,0,0.30544430017471313,False,0.32601654529571533,False,0.29705527424812317,False
1598,157,0.0,1.5,11232.0,36.0,B-5,82,,0,0.08291378617286682,False,0.3396959900856018,False,0.29309093952178955,False
1599,157,0.0,0.0,11232.0,0.0,G5,79,,0,0.6543292999267578,True,0.43003392219543457,False,0.33271846175193787,False
1600,157,0.0,0.0,11232.0,0.0,E5,76,,0,0.2435520589351654,False,0.3529510498046875,False,0.29647883772850037,False
1601,157,0.0,0.0,11232.0,0.0,C#5,73,,0,0.7034136056900024,True,0.39516326785087585,False,0.3169996440410614,False
1602,157,0.0,1.0,11232.0,24.0,E3,52,,0,0.962851881980896,True,0.4355870187282562,False,0.33849021792411804,False
1603,157,0.0,1.0,11232.0,24.0,E2,40,,0,0.9415022730827332,True,0.614928662776947,True,0.48185622692108154,False
1604,157,1.0,1.0,11256.0,24.0,C#4,61,,0,0.8334915041923523,True,0.4412495195865631,False,0.3341943323612213,False
1605,157,1.0,1.0,11256.0,24.0,B-3,58,,0,0.32684969902038574,False,0.38373154401779175,False,0.29987674951553345,False
1606,157,1.0,1.0,11256.0,24.0,G3,55,,0,0.7914648652076721,True,0.7694907188415527,True,0.4855322241783142,False
1607,157,1.0,1.0,11256.0,24.0,E3,52,,0,0.6000024080276489,True,0.4743873178958893,False,0.3243601620197296,False
1608,157,1.5,0.25,11268.0,6.0,A5,81,,0,0.6618433594703674,True,0.5077690482139587,True,0.33704107999801636,False
1609,157,1.75,0.25,11274.0,6.0,G5,79,,0,0.7622706890106201,True,0.2416498064994812,False,0.2954244613647461,False
1610,157,2.0,0.25,11280.0,6.0,F5,77,,0,0.09407095611095428,False,0.31470152735710144,False,0.2863740026950836,False
1611,157,2.25,0.25,11286.0,6.0,E5,76,,0,0.29728075861930847,False,0.323640912771225,False,0.2842549979686737,False
1612,157,2.5,0.25,11292.0,6.0,D5,74,,0,0.07731924206018448,False,0.3071189224720001,False,0.2920597493648529,False
1613,157,2.75,0.25,11298.0,6.0,C#5,73,,0,0.8929219841957092,True,0.32037249207496643,False,0.2989126741886139,False
1614,158,0.0,1.5,11304.0,36.0,B-5,82,,0,0.49371784925460815,False,0.41292667388916016,False,0.3059180676937103,False
1615,158,0.0,1.0,11304.0,24.0,E3,52,,0,0.9732401371002197,True,0.45956283807754517,False,0.3371894955635071,False
1616,158,0.0,1.0,11304.0,24.0,E2,40,,0,0.8435695171356201,True,0.4374043941497803,False,0.3235745131969452,False
1617,158,1.0,1.0,11328.0,24.0,C#4,61,,0,0.9535788297653198,True,0.44746506214141846,False,0.3168850839138031,False
1618,158,1.0,1.0,11328.0,24.0,B-3,58,,0,0.8613632917404175,True,0.44537442922592163,False,0.31869733333587646,False
1619,158,1.0,1.0,11328.0,24.0,G3,55,,0,0.9614551663398743,True,0.6581094861030579,True,0.42653489112854004,False
1620,158,1.0,1.0,11328.0,24.0,E3,52,,0,0.7844199538230896,True,0.460624098777771,False,0.323188841342926,False
1621,158,1.5,0.25,11340.0,6.0,A5,81,,0,0.7481809854507446,True,0.5237099528312683,True,0.33718812465667725,False
1622,158,1.75,0.25,11346.0,6.0,G5,79,,0,0.9039648771286011,True,0.27910372614860535,False,0.30070313811302185,False
1623,158,2.0,0.25,11352.0,6.0,F5,77,,0,0.41345518827438354,False,0.3576061725616455,False,0.29700469970703125,False
1624,158,2.25,0.25,11358.0,6.0,E5,76,,0,0.1249886155128479,False,0.3018723130226135,False,0.2815971076488495,False
1625,158,2.5,0.25,11364.0,6.0,D5,74,,0,0.19740653038024902,False,0.319660484790802,False,0.2961783707141876,False
1626,158,2.75,0.25,11370.0,6.0,C#5,73,,0,0.8763099312782288,True,0.385024756193161,False,0.3111787438392639,False
1627,159,0.0,1.5,11376.0,36.0,D5,74,,0,0.18512950837612152,False,0.3636534512042999,False,0.30425575375556946,False
1628,159,0.0,0.5,11376.0,12.0,F3,53,,0,0.34668368101119995,False,0.37783098220825195,False,0.3068939447402954,False
1629,159,0.5,0.5,11388.0,12.0,A3,57,,0,0.6408147811889648,True,0.31573981046676636,False,0.29487448930740356,False
1630,159,1.0,0.5,11400.0,12.0,D4,62,,0,0.4455280900001526,False,0.40653687715530396,False,0.30852439999580383,False
1631,159,1.5,0.25,11412.0,6.0,F4,65,,0,0.07195998728275299,False,0.2941998839378357,False,0.2876930236816406,False
1632,159,1.5,0.5,11412.0,12.0,A3,57,,0,0.6936954259872437,True,0.32416802644729614,False,0.30117473006248474,False
1633,159,1.75,0.25,11418.0,6.0,A4,69,,0,0.7659816145896912,True,0.39501091837882996,False,0.2956092953681946,False
1634,159,2.0,0.5,11424.0,12.0,D5,74,,0,0.26288041472435,False,0.36459672451019287,False,0.2988281548023224,False
1635,159,2.0,0.5,11424.0,12.0,D4,62,,0,0.12074378877878189,False,0.3360915780067444,False,0.2919778823852539,False
1636,159,2.5,0.25,11436.0,6.0,A4,69,,0,0.14823029935359955,False,0.30821335315704346,False,0.28515955805778503,False
1637,159,2.5,0.5,11436.0,12.0,A3,57,,0,0.653355598449707,True,0.45916101336479187,False,0.3089480698108673,False
1638,159,2.75,0.25,11442.0,6.0,D5,74,,0,0.6108952164649963,True,0.29742297530174255,False,0.3002118766307831,False
1639,160,0.0,0.5,11448.0,12.0,F5,77,,0,0.9008949995040894,True,0.45505067706108093,False,0.32710161805152893,False
1640,160,0.0,0.5,11448.0,12.0,F3,53,,0,0.4630272388458252,False,0.40288302302360535,False,0.3124270737171173,False
1641,160,0.5,0.25,11460.0,6.0,D5,74,,0,0.16868916153907776,False,0.3268963694572449,False,0.2960202693939209,False
1642,160,0.5,0.5,11460.0,12.0,A3,57,,0,0.7638888955116272,True,0.510667085647583,True,0.3888522982597351,False
1643,160,0.75,0.25,11466.0,6.0,F5,77,,0,0.3927404582500458,False,0.3319544196128845,False,0.2908232808113098,False
1644,160,1.0,0.5,11472.0,12.0,A5,81,,0,0.8949947953224182,True,0.3818064033985138,False,0.3164554238319397,False
1645,160,1.0,0.5,11472.0,12.0,D4,62,,0,0.48515188694000244,False,0.41813451051712036,False,0.31145012378692627,False
1646,160,1.5,0.5,11484.0,12.0,A5,81,,0,0.8481402397155762,True,0.31838294863700867,False,0.3019197881221771,False
1647,160,1.5,0.5,11484.0,12.0,A3,57,,0,0.7979081869125366,True,0.45652198791503906,False,0.31296318769454956,False
1648,160,2.0,0.5,11496.0,12.0,F5,77,,0,0.21988174319267273,False,0.3368259370326996,False,0.29077279567718506,False
1649,160,2.0,0.5,11496.0,12.0,D4,62,,0,0.46886730194091797,False,0.400910347700119,False,0.30706241726875305,False
1650,160,2.5,0.5,11508.0,12.0,D5,74,,0,0.5055879950523376,True,0.2629828155040741,False,0.3014729917049408,False
1651,160,2.5,0.5,11508.0,12.0,A3,57,,0,0.6165265440940857,True,0.434492290019989,False,0.3066335618495941,False
1652,161,0.0,1.5,11520.0,36.0,A-5,80,,0,0.8663765788078308,True,0.3772406280040741,False,0.3254583775997162,False
1653,161,0.0,1.5,11520.0,36.0,F5,77,,0,0.5007225275039673,True,0.4042844772338867,False,0.3167273998260498,False
1654,161,0.0,1.5,11520.0,36.0,D5,74,,0,0.18449197709560394,False,0.3613170385360718,False,0.30220696330070496,False
1655,161,0.0,1.5,11520.0,36.0,B4,71,,0,0.3293738067150116,False,0.38303592801094055,False,0.30260011553764343,False
1656,161,0.0,1.0,11520.0,24.0,D3,50,,0,0.8358193635940552,True,0.4066784977912903,False,0.31921687722206116,False
1657,161,0.0,1.0,11520.0,24.0,D2,38,,0,0.8565211296081543,True,0.5205978751182556,True,0.41590121388435364,False
1658,161,1.0,1.0,11544.0,24.0,B3,59,,0,0.8340965509414673,True,0.4097138047218323,False,0.32931116223335266,False
1659,161,1.0,1.0,11544.0,24.0,A-3,56,,0,0.764859676361084,True,0.6548422574996948,True,0.5759142637252808,True
1660,161,1.0,1.0,11544.0,24.0,F3,53,,0,0.7712401747703552,True,0.35294461250305176,False,0.3233577609062195,False
1661,161,1.0,1.0,11544.0,24.0,D3,50,,0,0.37325382232666016,False,0.3832927942276001,False,0.30339452624320984,False
1662,161,1.5,0.25,11556.0,6.0,G5,79,,0,0.18939444422721863,False,0.34569790959358215,False,0.30023330450057983,False
1663,161,1.75,0.25,11562.0,6.0,F5,77,,0,0.43463245034217834,False,0.3463301658630371,False,0.29306283593177795,False
1664,161,2.0,0.25,11568.0,6.0,E-5,75,,0,0.1866491585969925,False,0.3467109799385071,False,0.29271113872528076,False
1665,161,2.25,0.25,11574.0,6.0,D5,74,,0,0.08783449977636337,False,0.3114868700504303,False,0.28660494089126587,False
1666,161,2.5,0.25,11580.0,6.0,C5,72,,0,0.1628086268901825,False,0.3327248692512512,False,0.2954125702381134,False
1667,161,2.75,0.25,11586.0,6.0,B4,71,,0,0.13549509644508362,False,0.2995642423629761,False,0.27963119745254517,False
1668,162,0.0,1.5,11592.0,36.0,A-5,80,,0,0.9641175866127014,True,0.4254850447177887,False,0.33759912848472595,False
1669,162,0.0,1.0,11592.0,24.0,D3,50,,0,0.8500763773918152,True,0.4778243601322174,False,0.318462610244751,False
1670,162,0.0,1.0,11592.0,24.0,D2,38,,0,0.8422828912734985,True,0.6449062824249268,True,0.44031330943107605,False
1671,162,1.0,1.0,11616.0,24.0,B3,59,,0,0.8494817614555359,True,0.36229100823402405,False,0.3139740526676178,False
1672,162,1.0,1.0,11616.0,24.0,A-3,56,,0,0.9847893714904785,True,0.6765155792236328,True,0.5156225562095642,True
1673,162,1.0,1.0,11616.0,24.0,F3,53,,0,0.8494061827659607,True,0.3436011075973511,False,0.31823107600212097,False
1674,162,1.0,1.0,11616.0,24.0,D3,50,,0,0.47911784052848816,False,0.3947024345397949,False,0.30709147453308105,False
1675,162,1.5,0.25,11628.0,6.0,G5,79,,0,0.5727658867835999,True,0.24746668338775635,False,0.3026076853275299,False
1676,162,1.75,0.25,11634.0,6.0,F5,77,,0,0.3599732518196106,False,0.32360926270484924,False,0.28931722044944763,False
1677,162,2.0,0.25,11640.0,6.0,E-5,75,,0,0.534635603427887,True,0.5865047574043274,True,0.4939875304698944,False
1678,162,2.25,0.25,11646.0,6.0,D5,74,,0,0.18545885384082794,False,0.3249516487121582,False,0.2905999720096588,False
1679,162,2.5,0.25,11652.0,6.0,C5,72,,0,0.3650866746902466,False,0.3636142313480377,False,0.30601415038108826,False
1680,162,2.75,0.25,11658.0,6.0,B4,71,,0,0.22506171464920044,False,0.3073773980140686,False,0.28246092796325684,False
1681,163,0.0,1.5,11664.0,36.0,C5,72,,0,0.40058434009552,False,0.4177779257297516,False,0.31674736738204956,False
1682,163,0.0,0.5,11664.0,12.0,E-3,51,,0,0.9279272556304932,True,0.5610097050666809,True,0.6133309602737427,True
1683,163,0.5,0.5,11676.0,12.0,G3,55,,0,0.8875457644462585,True,0.5418055653572083,True,0.44029074907302856,False
1684,163,1.0,0.5,11688.0,12.0,C4,60,,0,0.4059234857559204,False,0.41195371747016907,False,0.3084513247013092,False
1685,163,1.5,0.25,11700.0,6.0,E-4,63,,0,0.36700499057769775,False,0.3814563751220703,False,0.3089858591556549,False
1686,163,1.5,0.5,11700.0,12.0,G3,55,,0,0.7617018222808838,True,0.6255393624305725,True,0.4468075633049011,False
1687,163,1.75,0.25,11706.0,6.0,G4,67,,0,0.6024060845375061,True,0.611718475818634,True,0.43816831707954407,False
1688,163,2.0,0.5,11712.0,12.0,C5,72,,0,0.5078919529914856,True,0.6731076836585999,True,0.4839603006839752,False
1689,163,2.0,0.5,11712.0,12.0,C4,60,,0,0.5282244682312012,True,0.5436829924583435,True,0.32902461290359497,False
1690,163,2.5,0.25,11724.0,6.0,G4,67,,0,0.31029537320137024,False,0.35895824432373047,False,0.30219852924346924,False
1691,163,2.5,0.5,11724.0,12.0,G3,55,,0,0.7106797695159912,True,0.673754870891571,True,0.48510757088661194,False
1692,163,2.75,0.25,11730.0,6.0,C5,72,,0,0.6848241090774536,True,0.7815223932266235,True,0.5367926955223083,True
1693,164,0.0,0.5,11736.0,12.0,E-5,75,,0,0.9812792539596558,True,0.7420234680175781,True,0.5605577230453491,True
1694,164,0.0,0.5,11736.0,12.0,E-3,51,,0,0.9289944171905518,True,0.5730628967285156,True,0.464844286441803,False
1695,164,0.5,0.25,11748.0,6.0,C5,72,,0,0.2631661593914032,False,0.35295185446739197,False,0.2996461093425751,False
1696,164,0.5,0.5,11748.0,12.0,G3,55,,0,0.7460027933120728,True,0.6308844685554504,True,0.5230072140693665,True
1697,164,0.75,0.25,11754.0,6.0,E-5,75,,0,0.770331084728241,True,0.5649030208587646,True,0.5191170573234558,True
1698,164,1.0,0.5,11760.0,12.0,G5,79,,0,0.933050274848938,True,0.5016357898712158,True,0.42466121912002563,False
1699,164,1.0,0.5,11760.0,12.0,C4,60,,0,0.6403564214706421,True,0.4726005494594574,False,0.321940541267395,False
1700,164,1.5,0.5,11772.0,12.0,G5,79,,0,0.7271673083305359,True,0.3641554117202759,False,0.3164842426776886,False
1701,164,1.5,0.5,11772.0,12.0,G3,55,,0,0.7902392148971558,True,0.5362585783004761,True,0.3944600820541382,False
1702,164,2.0,0.5,11784.0,12.0,E-5,75,,0,0.4280146658420563,False,0.4096372425556183,False,0.3098432123661041,False
1703,164,2.0,0.5,11784.0,12.0,C4,60,,0,0.5057851672172546,True,0.3983958065509796,False,0.30262115597724915,False
1704,164,2.5,0.5,11796.0,12.0,C5,72,,0,0.7427548766136169,True,0.5307555794715881,True,0.3690418004989624,False
1705,164,2.5,0.5,11796.0,12.0,G3,55,,0,0.8242190480232239,True,0.5019401907920837,True,0.3727816939353943,False
1706,165,0.0,1.5,11808.0,36.0,G-5,78,,0,0.5208455920219421,True,0.3846360743045807,False,0.3260551393032074,False
1707,165,0.0,1.5,11808.0,36.0,E-5,75,,0,0.7459896206855774,True,0.6088208556175232,True,0.4345267713069916,False
1708,165,0.0,1.5,11808.0,36.0,C5,72,,0,0.37153032422065735,False,0.4014934301376343,False,0.30737897753715515,False
1709,165,0.0,1.5,11808.0,36.0,A4,69,,0,0.9267368912696838,True,0.4002392590045929,False,0.3248824179172516,False
1710,165,0.0,1.0,11808.0,24.0,E-2,39,,0,0.9702454209327698,True,0.6890509724617004,True,0.4539220631122589,False
1711,165,1.0,1.0,11832.0,24.0,C4,60,,0,0.5183421969413757,True,0.4414410889148712,False,0.31232741475105286,False
1712,165,1.0,1.0,11832.0,24.0,A3,57,,0,0.6643696427345276,True,0.5488395094871521,True,0.3602275848388672,False
1713,165,1.0,1.0,11832.0,24.0,G-3,54,,0,0.10018078982830048,False,0.3379347324371338,False,0.2967580556869507,False
1714,165,1.0,1.0,11832.0,24.0,E-3,51,,0,0.9040279388427734,True,0.5711950063705444,True,0.4239356517791748,False
1715,165,1.5,0.25,11844.0,6.0,F5,77,,0,0.08995334804058075,False,0.29543235898017883,False,0.2882672846317291,False
1716,165,1.75,0.25,11850.0,6.0,E-5,75,,0,0.3029666244983673,False,0.3561384975910187,False,0.2962108254432678,False
1717,165,2.0,0.25,11856.0,6.0,D-5,73,,0,0.8166978359222412,True,0.6256572008132935,True,0.39032986760139465,False
1718,165,2.25,0.25,11862.0,6.0,C5,72,,0,0.4629276990890503,False,0.3754233419895172,False,0.2974030077457428,False
1719,165,2.5,0.25,11868.0,6.0,B-4,70,,0,0.03494666516780853,False,0.3001329004764557,False,0.28654634952545166,False
1720,165,2.75,0.25,11874.0,6.0,A4,69,,0,0.71070796251297,True,0.21118734776973724,False,0.286709725856781,False
1721,166,0.0,1.5,11880.0,36.0,G-5,78,,0,0.7938925623893738,True,0.44943514466285706,False,0.3385574519634247,False
1722,166,0.0,1.0,11880.0,24.0,E-2,39,,0,0.9376040101051331,True,0.5814617276191711,True,0.42341482639312744,False
1723,166,1.0,1.0,11904.0,24.0,C4,60,,0,0.6743921637535095,True,0.49249857664108276,False,0.3163171410560608,False
1724,166,1.0,1.0,11904.0,24.0,A3,57,,0,0.5106664896011353,True,0.44496631622314453,False,0.306721955537796,False
1725,166,1.0,1.0,11904.0,24.0,G-3,54,,0,0.11348883807659149,False,0.3443238437175751,False,0.29805245995521545,False
1726,166,1.0,1.0,11904.0,24.0,E-3,51,,0,0.8056367635726929,True,0.568797767162323,True,0.3694227635860443,False
1727,166,1.5,0.25,11916.0,6.0,F5,77,,0,0.24178916215896606,False,0.31237414479255676,False,0.2925053536891937,False
1728,166,1.75,0.25,11922.0,6.0,E-5,75,,0,0.484005331993103,False,0.38210299611091614,False,0.30326297879219055,False
1729,166,2.0,0.25,11928.0,6.0,D-5,73,,0,0.9475229978561401,True,0.5001927018165588,True,0.3724583685398102,False
1730,166,2.25,0.25,11934.0,6.0,C5,72,,0,0.5736030340194702,True,0.4557252824306488,False,0.3109491765499115,False
1731,166,2.5,0.25,11940.0,6.0,B-4,70,,0,0.28353798389434814,False,0.3359518051147461,False,0.2941611707210541,False
1732,166,2.75,0.25,11946.0,6.0,A4,69,,0,0.6976205110549927,True,0.22869881987571716,False,0.29166266322135925,False
1733,167,0.0,1.25,11952.0,30.0,B-4,70,,0,0.7330838441848755,True,0.5636844038963318,True,0.3821778893470764,False
1734,167,0.0,0.5,11952.0,12.0,D-3,49,,0,0.7584410309791565,True,0.6139512658119202,True,0.4642482399940491,False
1735,167,0.5,0.5,11964.0,12.0,F3,53,,0,0.8075713515281677,True,0.6125968098640442,True,0.42827269434928894,False
1736,167,1.0,0.5,11976.0,12.0,B-3,58,,0,0.3164858818054199,False,0.38486289978027344,False,0.29915326833724976,False
1737,167,1.25,0.25,11982.0,6.0,F4,65,,0,0.22212155163288116,False,0.31363895535469055,False,0.2853127717971802,False
1738,167,1.5,0.25,11988.0,6.0,B-4,70,,0,0.5797698497772217,True,0.47074827551841736,False,0.3484310507774353,False
1739,167,1.5,0.5,11988.0,12.0,F3,53,,0,0.5067818760871887,True,0.49359920620918274,False,0.35897621512413025,False
1740,167,1.75,0.25,11994.0,6.0,F4,65,,0,0.4172874093055725,False,0.32655349373817444,False,0.28755638003349304,False
1741,167,2.0,0.25,12000.0,6.0,D-5,73,,0,0.9653496742248535,True,0.4506484270095825,False,0.3385021388530731,False
1742,167,2.0,0.5,12000.0,12.0,B-3,58,,0,0.2770027816295624,False,0.3693070411682129,False,0.29390430450439453,False
1743,167,2.25,0.25,12006.0,6.0,B-4,70,,0,0.3980955481529236,False,0.3495541512966156,False,0.2899804711341858,False
1744,167,2.5,0.25,12012.0,6.0,D-5,73,,0,0.8945835828781128,True,0.4350743293762207,False,0.33488327264785767,False
1745,167,2.5,0.5,12012.0,12.0,F3,53,,0,0.6502171158790588,True,0.5465784668922424,True,0.4034568667411804,False
1746,167,2.75,0.25,12018.0,6.0,B-4,70,,0,0.4256114661693573,False,0.3518792688846588,False,0.2921658158302307,False
1747,168,0.0,0.25,12024.0,6.0,F5,77,,0,0.7561431527137756,True,0.46888208389282227,False,0.32893991470336914,False
1748,168,0.0,0.5,12024.0,12.0,D-3,49,,0,0.30906447768211365,False,0.3732109069824219,False,0.30617597699165344,False
1749,168,0.25,0.25,12030.0,6.0,D-5,73,,0,0.6569247841835022,True,0.5563457012176514,True,0.37556999921798706,False
1750,168,0.5,0.25,12036.0,6.0,F5,77,,0,0.4550287127494812,False,0.3409561514854431,False,0.2984132468700409,False
1751,168,0.5,0.5,12036.0,12.0,F3,53,,0,0.7896146178245544,True,0.5450435280799866,True,0.41655054688453674,False
1752,168,0.75,0.25,12042.0,6.0,D-5,73,,0,0.8523643612861633,True,0.3405747711658478,False,0.3184369206428528,False
1753,168,1.0,1.0,12048.0,24.0,B-5,82,,0,0.958249032497406,True,0.5689392685890198,True,0.47693514823913574,False
1754,168,1.0,0.5,12048.0,12.0,B-3,58,,0,0.4675615131855011,False,0.41836026310920715,False,0.3064543306827545,False
1755,168,1.5,0.5,12060.0,12.0,F3,53,,0,0.741179347038269,True,0.46344733238220215,False,0.3678933084011078,False
1756,168,2.0,0.5,12072.0,12.0,B-3,58,,0,0.35512661933898926,False,0.38382408022880554,False,0.29805245995521545,False
1757,168,2.5,0.5,12084.0,12.0,F3,53,,0,0.7364810109138489,True,0.5801307559013367,True,0.4166225790977478,False
1758,169,0.0,1.25,12096.0,30.0,A4,69,,0,0.90249103307724,True,0.3764533996582031,False,0.31647902727127075,False
1759,169,0.0,0.5,12096.0,12.0,C3,48,,0,0.4044020473957062,False,0.39562463760375977,False,0.30700406432151794,False
1760,169,0.5,0.5,12108.0,12.0,F3,53,,0,0.4923723042011261,False,0.3693775534629822,False,0.30659806728363037,False
1761,169,1.0,0.5,12120.0,12.0,A3,57,,0,0.8741098046302795,True,0.5711727738380432,True,0.3725099563598633,False
1762,169,1.25,0.25,12126.0,6.0,F4,65,,0,0.620335578918457,True,0.5139225125312805,True,0.3520965576171875,False
1763,169,1.5,0.25,12132.0,6.0,A4,69,,0,0.9340631365776062,True,0.2640937566757202,False,0.29330387711524963,False
1764,169,1.5,0.5,12132.0,12.0,F3,53,,0,0.6116200685501099,True,0.5679483413696289,True,0.520363986492157,True
1765,169,1.75,0.25,12138.0,6.0,F4,65,,0,0.6850718259811401,True,0.4488801658153534,False,0.29943516850471497,False
1766,169,2.0,0.25,12144.0,6.0,C5,72,,0,0.7695415616035461,True,0.6469555497169495,True,0.4420919418334961,False
1767,169,2.0,0.5,12144.0,12.0,A3,57,,0,0.8717606067657471,True,0.5879345536231995,True,0.33914774656295776,False
1768,169,2.25,0.25,12150.0,6.0,A4,69,,0,0.8357805013656616,True,0.3943023085594177,False,0.29980725049972534,False
1769,169,2.5,0.25,12156.0,6.0,C5,72,,0,0.8440374732017517,True,0.5724167227745056,True,0.3480640947818756,False
1770,169,2.5,0.5,12156.0,12.0,F3,53,,0,0.7436780333518982,True,0.5004419088363647,True,0.383623868227005,False
1771,169,2.75,0.25,12162.0,6.0,A4,69,,0,0.8166050314903259,True,0.2626308798789978,False,0.29136401414871216,False
1772,170,0.0,0.25,12168.0,6.0,F5,77,,0,0.8191856145858765,True,0.49948471784591675,False,0.3304774761199951,False
1773,170,0.0,0.5,12168.0,12.0,C3,48,,0,0.22939570248126984,False,0.3617837429046631,False,0.2992522716522217,False
1774,170,0.25,0.25,12174.0,6.0,C5,72,,0,0.7712041139602661,True,0.517725944519043,True,0.38799145817756653,False
1775,170,0.5,0.25,12180.0,6.0,F5,77,,0,0.33693429827690125,False,0.32055169343948364,False,0.29415225982666016,False
1776,170,0.5,0.5,12180.0,12.0,F3,53,,0,0.5113112926483154,True,0.5132091641426086,True,0.39336398243904114,False
1777,170,0.75,0.25,12186.0,6.0,C5,72,,0,0.7733752727508545,True,0.4570493698120117,False,0.3196078836917877,False
1778,170,1.0,1.0,12192.0,24.0,A5,81,,0,0.9620927572250366,True,0.5444819927215576,True,0.3610915541648865,False
1779,170,1.0,0.5,12192.0,12.0,A3,57,,0,0.9421852827072144,True,0.4727993905544281,False,0.30918341875076294,False
1780,170,1.5,0.5,12204.0,12.0,F3,53,,0,0.3726902902126312,False,0.34565240144729614,False,0.29961201548576355,False
1781,170,2.0,0.5,12216.0,12.0,A3,57,,0,0.6647921800613403,True,0.42982202768325806,False,0.2929735779762268,False
1782,170,2.5,0.5,12228.0,12.0,F3,53,,0,0.7051335573196411,True,0.5757858157157898,True,0.4606991410255432,False
1783,171,0.0,1.25,12240.0,30.0,A-4,68,,0,0.9497801065444946,True,0.6070193648338318,True,0.46458175778388977,False
1784,171,0.0,0.5,12240.0,12.0,B2,47,,0,0.740669846534729,True,0.7346315383911133,True,0.6451329588890076,True
1785,171,0.5,0.5,12252.0,12.0,F3,53,,0,0.6717498898506165,True,0.5554872751235962,True,0.45371055603027344,False
1786,171,1.0,0.5,12264.0,12.0,A-3,56,,0,0.924598217010498,True,0.649919867515564,True,0.494981050491333,False
1787,171,1.25,0.25,12270.0,6.0,F4,65,,0,0.45293989777565,False,0.33574986457824707,False,0.2885887622833252,False
1788,171,1.5,0.25,12276.0,6.0,A-4,68,,0,0.9125872850418091,True,0.4197804033756256,False,0.31321820616722107,False
1789,171,1.5,0.5,12276.0,12.0,F3,53,,0,0.5104771852493286,True,0.5389795899391174,True,0.46123823523521423,False
1790,171,1.75,0.25,12282.0,6.0,F4,65,,0,0.5712687969207764,True,0.4394989311695099,False,0.2955804765224457,False
1791,171,2.0,0.25,12288.0,6.0,D5,74,,0,0.7424790859222412,True,0.4209318161010742,False,0.31458327174186707,False
1792,171,2.0,0.5,12288.0,12.0,A-3,56,,0,0.9177898168563843,True,0.522901177406311,True,0.44805970788002014,False
1793,171,2.25,0.25,12294.0,6.0,A-4,68,,0,0.7704298496246338,True,0.2979777157306671,False,0.2960115373134613,False
1794,171,2.5,0.25,12300.0,6.0,D5,74,,0,0.808325469493866,True,0.38874298334121704,False,0.31546518206596375,False
1795,171,2.5,0.5,12300.0,12.0,F3,53,,0,0.445597767829895,False,0.3623512387275696,False,0.3036004602909088,False
1796,171,2.75,0.25,12306.0,6.0,A-4,68,,0,0.8331555128097534,True,0.3016827404499054,False,0.2968474328517914,False
1797,172,0.0,0.25,12312.0,6.0,F5,77,,0,0.6759197115898132,True,0.4288293123245239,False,0.318702757358551,False
1798,172,0.0,0.5,12312.0,12.0,B2,47,,0,0.6591576933860779,True,0.45696404576301575,False,0.32138803601264954,False
1799,172,0.25,0.25,12318.0,6.0,D5,74,,0,0.6487619876861572,True,0.3547966182231903,False,0.30812379717826843,False
1800,172,0.5,0.25,12324.0,6.0,F5,77,,0,0.5482010245323181,True,0.3396109640598297,False,0.30380672216415405,False
1801,172,0.5,0.5,12324.0,12.0,F3,53,,0,0.6546846628189087,True,0.4979746341705322,False,0.36287376284599304,False
1802,172,0.75,0.25,12330.0,6.0,D5,74,,0,0.7036787867546082,True,0.37709343433380127,False,0.30027973651885986,False
1803,172,1.0,1.0,12336.0,24.0,A-5,80,,0,0.948420524597168,True,0.5107590556144714,True,0.33191728591918945,False
1804,172,1.0,0.5,12336.0,12.0,A-3,56,,0,0.9772784113883972,True,0.5531641840934753,True,0.42397961020469666,False
1805,172,1.5,0.5,12348.0,12.0,F3,53,,0,0.28845810890197754,False,0.3308058977127075,False,0.2959247827529907,False
1806,172,2.0,1.0,12360.0,24.0,F5,77,,0,0.4529578983783722,False,0.3709961473941803,False,0.29877427220344543,False
1807,172,2.0,0.5,12360.0,12.0,A-3,56,,0,0.9412506222724915,True,0.5288326144218445,True,0.34062111377716064,False
1808,172,2.5,0.5,12372.0,12.0,F3,53,,0,0.3846094608306885,False,0.3558675944805145,False,0.30403125286102295,False
1809,173,0.0,2.0,12384.0,48.0,C6,84,,0,0.8069068193435669,True,0.44599995017051697,False,0.34028172492980957,False
1810,173,0.0,0.0,12384.0,0.0,G5,79,,0,0.03649415820837021,False,0.3458833694458008,False,0.29970207810401917,False
1811,173,0.0,0.0,12384.0,0.0,E5,76,,0,0.13316762447357178,False,0.33933764696121216,False,0.29344210028648376,False
1812,173,0.0,0.0,12384.0,0.0,C5,72,,0,0.33378976583480835,False,0.3899030387401581,False,0.3057698905467987,False
1813,173,0.0,0.5,12384.0,12.0,C3,48,,0,0.23070545494556427,False,0.3614380359649658,False,0.29909008741378784,False
1814,173,0.5,0.5,12396.0,12.0,E3,52,,0,0.7472324371337891,True,0.2857295572757721,False,0.30025455355644226,False
1815,173,1.0,0.5,12408.0,12.0,G3,55,,0,0.1567016839981079,False,0.36701902747154236,False,0.30001288652420044,False
1816,173,1.5,0.5,12420.0,12.0,C4,60,,0,0.8881863355636597,True,0.527190089225769,True,0.3693569004535675,False
1817,173,2.0,0.25,12432.0,6.0,B-5,82,,0,0.17966024577617645,False,0.3402881622314453,False,0.28905773162841797,False
1818,173,2.0,0.5,12432.0,12.0,F3,53,,0,0.43204715847969055,False,0.3923817276954651,False,0.30720287561416626,False
1819,173,2.25,0.25,12438.0,6.0,A-5,80,,0,0.8665951490402222,True,0.4341588020324707,False,0.2977830767631531,False
1820,173,2.5,0.25,12444.0,6.0,G5,79,,0,0.3524269163608551,False,0.38677555322647095,False,0.30675140023231506,False
1821,173,2.5,0.5,12444.0,12.0,A-3,56,,0,0.8511170744895935,True,0.5274416208267212,True,0.3444535434246063,False
1822,173,2.75,0.25,12450.0,6.0,F5,77,,0,0.5092489123344421,True,0.4612412750720978,False,0.30211886763572693,False
1823,174,0.0,2.0,12456.0,48.0,C6,84,,0,0.9017807245254517,True,0.48973196744918823,False,0.3355723023414612,False
1824,174,0.0,0.5,12456.0,12.0,C3,48,,0,0.3653407394886017,False,0.37608757615089417,False,0.3004196882247925,False
1825,174,0.5,0.5,12468.0,12.0,E3,52,,0,0.6816076636314392,True,0.31504344940185547,False,0.3091798722743988,False
1826,174,1.0,0.5,12480.0,12.0,G3,55,,0,0.5033405423164368,True,0.5326615571975708,True,0.38722798228263855,False
1827,174,1.5,0.5,12492.0,12.0,C4,60,,0,0.5166494250297546,True,0.5433271527290344,True,0.3382946252822876,False
1828,174,2.0,0.25,12504.0,6.0,B-5,82,,0,0.4746902883052826,False,0.3736022114753723,False,0.296592116355896,False
1829,174,2.0,0.5,12504.0,12.0,F3,53,,0,0.7516045570373535,True,0.5114220976829529,True,0.35785579681396484,False
1830,174,2.25,0.25,12510.0,6.0,A-5,80,,0,0.37538447976112366,False,0.33921149373054504,False,0.28742364048957825,False
1831,174,2.5,0.25,12516.0,6.0,G5,79,,0,0.28150269389152527,False,0.3599136769771576,False,0.3037097156047821,False
1832,174,2.5,0.5,12516.0,12.0,A-3,56,,0,0.8425771594047546,True,0.4582566022872925,False,0.3187958896160126,False
1833,174,2.75,0.25,12522.0,6.0,F5,77,,0,0.6450737118721008,True,0.2837606370449066,False,0.2971811890602112,False
1834,175,0.0,1.5,12528.0,36.0,C5,72,,0,0.7484685778617859,True,0.532188355922699,True,0.36945244669914246,False
1835,175,0.0,1.5,12528.0,36.0,C4,60,,0,0.47474950551986694,False,0.4234635829925537,False,0.3117414116859436,False
1836,175,1.5,0.25,12564.0,6.0,D-5,73,,0,0.23280423879623413,False,0.3324146568775177,False,0.2985439598560333,False
1837,175,1.5,0.25,12564.0,6.0,D-4,61,,0,0.4243738353252411,False,0.3599521517753601,False,0.30471211671829224,False
1838,175,1.75,0.25,12570.0,6.0,C5,72,,0,0.47905296087265015,False,0.3574352562427521,False,0.29442960023880005,False
1839,175,1.75,0.25,12570.0,6.0,C4,60,,0,0.6607415676116943,True,0.39941978454589844,False,0.29800114035606384,False
1840,175,2.0,0.25,12576.0,6.0,B-4,70,,0,0.08647646009922028,False,0.3243778944015503,False,0.2852829098701477,False
1841,175,2.0,0.25,12576.0,6.0,B-3,58,,0,0.11475096642971039,False,0.32436445355415344,False,0.2850278317928314,False
1842,175,2.25,0.25,12582.0,6.0,A-4,68,,0,0.46568095684051514,False,0.36760422587394714,False,0.2929706573486328,False
1843,175,2.25,0.25,12582.0,6.0,A-3,56,,0,0.7961636781692505,True,0.4176352918148041,False,0.3003063499927521,False
1844,175,2.5,0.25,12588.0,6.0,G4,67,,0,0.7018488049507141,True,0.4650616943836212,False,0.3304060697555542,False
1845,175,2.5,0.25,12588.0,6.0,G3,55,,0,0.19011104106903076,False,0.3391236662864685,False,0.29785385727882385,False
1846,175,2.75,0.25,12594.0,6.0,F4,65,,0,0.07333539426326752,False,0.29717475175857544,False,0.28261736035346985,False
1847,175,2.75,0.25,12594.0,6.0,F3,53,,0,0.6039530634880066,True,0.3784768283367157,False,0.3068876564502716,False
1848,176,0.0,1.0,12600.0,24.0,C5,72,,0,0.45410144329071045,False,0.43092644214630127,False,0.31512144207954407,False
1849,176,0.0,1.0,12600.0,24.0,C4,60,,0,0.3281955420970917,False,0.39072391390800476,False,0.30313974618911743,False
1850,176,1.0,1.0,12624.0,24.0,C4,60,,0,0.16006749868392944,False,0.35330167412757874,False,0.29352837800979614,False
1851,176,1.0,1.0,12624.0,24.0,C3,48,,0,0.17683202028274536,False,0.3622826337814331,False,0.2958661913871765,False
1852,176,1.0,1.0,12624.0,24.0,C2,36,,0,0.4843525290489197,False,0.4200185239315033,False,0.3080826699733734,False
1853,177,0.0,0.5,12672.0,12.0,A4,69,,0,0.3915511965751648,False,0.3957764506340027,False,0.3003900647163391,False
1854,177,0.0,0.0,12672.0,0.0,C4,60,,0,0.3262985646724701,False,0.38639721274375916,False,0.3021121323108673,False
1855,177,0.0,1.0,12672.0,24.0,F3,53,,0,0.41391342878341675,False,0.3823217749595642,False,0.3070136606693268,False
1856,177,0.0,0.0,12672.0,0.0,C3,48,,0,0.22304382920265198,False,0.36782392859458923,False,0.29991859197616577,False
1857,177,0.0,0.0,12672.0,0.0,F2,41,,0,0.43876299262046814,False,0.38522863388061523,False,0.306456983089447,False
1858,177,1.0,0.5,12696.0,12.0,A4,69,,0,0.7034624218940735,True,0.4218585193157196,False,0.3055088222026825,False
1859,177,2.0,0.5,12720.0,12.0,A4,69,,0,0.46147188544273376,False,0.3870883584022522,False,0.29318365454673767,False
1860,178,0.0,1.5,12744.0,36.0,C5,72,,0,0.7595992684364319,True,0.44940662384033203,False,0.36328139901161194,False
1861,178,0.0,0.0,12744.0,0.0,E4,64,,0,0.4968845546245575,False,0.41295236349105835,False,0.3105587661266327,False
1862,178,0.0,1.0,12744.0,24.0,B-3,58,,0,0.5397718548774719,True,0.39078289270401,False,0.3064520061016083,False
1863,178,0.0,0.0,12744.0,0.0,G3,55,,0,0.8142926096916199,True,0.4598238170146942,False,0.33142974972724915,False
1864,178,0.0,0.0,12744.0,0.0,C3,48,,0,0.5149912238121033,True,0.24426661431789398,False,0.2994036078453064,False
1865,178,1.5,0.5,12780.0,12.0,B-4,70,,0,0.06118888035416603,False,0.30664268136024475,False,0.28797411918640137,False
1866,178,2.0,1.0,12792.0,24.0,G4,67,,0,0.2882728576660156,False,0.38886839151382446,False,0.3040519058704376,False
1867,179,0.0,0.5,12816.0,12.0,G4,67,,0,0.08045220375061035,False,0.3540687561035156,False,0.3008829951286316,False
1868,179,0.0,1.0,12816.0,24.0,A3,57,,0,0.4396286904811859,False,0.382191926240921,False,0.3005464971065521,False
1869,179,0.0,1.0,12816.0,24.0,F2,41,,0,0.4050983786582947,False,0.36696991324424744,False,0.302803635597229,False
1870,179,0.5,0.5,12828.0,12.0,F4,65,,0,0.06641536951065063,False,0.29381063580513,False,0.28788313269615173,False
1871,179,1.0,1.5,12840.0,36.0,F4,65,,0,0.03130768612027168,False,0.31653663516044617,False,0.28842952847480774,False
1872,179,1.0,1.5,12840.0,36.0,C4,60,,0,0.6487890481948853,True,0.6766297221183777,True,0.3607000708580017,False
1873,179,1.0,1.0,12840.0,24.0,A2,45,,0,0.8244134783744812,True,0.28432318568229675,False,0.2931440770626068,False
1874,179,2.0,1.0,12864.0,24.0,C3,48,,0,0.8265352845191956,True,0.412200391292572,False,0.3198665380477905,False
1875,179,2.5,0.5,12876.0,12.0,G4,67,,0,0.6919406056404114,True,0.4289182722568512,False,0.3285263776779175,False
1876,179,2.5,0.5,12876.0,12.0,E4,64,,0,0.7315065264701843,True,0.3850250840187073,False,0.30991131067276,False
1877,180,0.0,2.0,12888.0,48.0,G4,67,,0,0.38620302081108093,False,0.4270852208137512,False,0.3150843679904938,False
1878,180,0.0,2.0,12888.0,48.0,E4,64,,0,0.507243275642395,True,0.36993345618247986,False,0.30628249049186707,False
1879,180,0.0,1.0,12888.0,24.0,F3,53,,0,0.8971086144447327,True,0.4403202533721924,False,0.3665551245212555,False
1880,180,1.0,1.0,12912.0,24.0,F2,41,,0,0.32413482666015625,False,0.3621184229850769,False,0.29788750410079956,False
1881,180,2.0,1.0,12936.0,24.0,A4,69,,0,0.6036990880966187,True,0.5293242931365967,True,0.32215502858161926,False
1882,180,2.0,1.0,12936.0,24.0,F4,65,,0,0.09437816590070724,False,0.320621132850647,False,0.2877095341682434,False
1883,181,0.0,1.5,12960.0,36.0,B-4,70,,0,0.29676511883735657,False,0.3858001232147217,False,0.30169644951820374,False
1884,181,0.0,1.0,12960.0,24.0,D3,50,,0,0.8370606303215027,True,0.4847479462623596,False,0.35831207036972046,False
1885,181,1.0,1.0,12984.0,24.0,B-3,58,,0,0.6982825398445129,True,0.5992891192436218,True,0.3871259391307831,False
1886,181,1.0,1.0,12984.0,24.0,F3,53,,0,0.5487537980079651,True,0.4694168269634247,False,0.35014989972114563,False
1887,181,1.5,0.0,12996.0,0.0,C5,72,,0,0.6382942199707031,True,0.45213499665260315,False,0.3609863221645355,False
1888,181,1.5,0.0,12996.0,0.0,B-4,70,,0,0.1517244279384613,False,0.31842392683029175,False,0.28941428661346436,False
1889,181,1.5,0.5,12996.0,12.0,B-4,70,,0,0.23806174099445343,False,0.3360866904258728,False,0.29307717084884644,False
1890,181,1.5,0.0,12996.0,0.0,A4,69,,0,0.27936387062072754,False,0.329152375459671,False,0.287921667098999,False
1891,181,2.0,0.5,13008.0,12.0,C5,72,,0,0.8095220327377319,True,0.49995994567871094,False,0.3743288218975067,False
1892,181,2.5,0.5,13020.0,12.0,D5,74,,0,0.11451934278011322,False,0.31352517008781433,False,0.29350024461746216,False
1893,182,0.0,0.5,13032.0,12.0,D5,74,,0,0.09393049031496048,False,0.34290066361427307,False,0.2981404960155487,False
1894,182,0.0,1.0,13032.0,24.0,E3,52,,0,0.6230311393737793,True,0.2741445004940033,False,0.31339284777641296,False
1895,182,0.5,0.5,13044.0,12.0,C5,72,,0,0.9250005483627319,True,0.35861045122146606,False,0.34472042322158813,False
1896,182,1.0,0.5,13056.0,12.0,B4,71,,0,0.30908632278442383,False,0.36072930693626404,False,0.29434260725975037,False
1897,182,1.0,1.0,13056.0,24.0,C4,60,,0,0.8218743205070496,True,0.25607770681381226,False,0.29329901933670044,False
1898,182,1.0,1.0,13056.0,24.0,G3,55,,0,0.522574245929718,True,0.5530426502227783,True,0.4187016785144806,False
1899,182,1.5,0.5,13068.0,12.0,C5,72,,0,0.6195765733718872,True,0.49895161390304565,False,0.3633461594581604,False
1900,182,2.0,0.5,13080.0,12.0,B-4,70,,0,0.08955151587724686,False,0.33003267645835876,False,0.2867589294910431,False
1901,182,2.5,0.5,13092.0,12.0,G4,67,,0,0.9687793254852295,True,0.5787827968597412,True,0.35369306802749634,False
1902,183,0.0,0.5,13104.0,12.0,G#4,68,,0,0.396378755569458,False,0.4236438274383545,False,0.3193854093551636,False
1903,183,0.0,1.0,13104.0,24.0,F3,53,,0,0.5068445801734924,True,0.3793722093105316,False,0.3246619403362274,False
1904,183,0.5,0.5,13116.0,12.0,A4,69,,0,0.5880022644996643,True,0.5335158109664917,True,0.3449496924877167,False
1905,183,1.0,0.5,13128.0,12.0,B-4,70,,0,0.1695268303155899,False,0.3493645489215851,False,0.29211631417274475,False
1906,183,1.0,1.0,13128.0,24.0,F3,53,,0,0.29068154096603394,False,0.34565040469169617,False,0.2948383390903473,False
1907,183,1.0,1.0,13128.0,24.0,D3,50,,0,0.629109263420105,True,0.577195942401886,True,0.4010302424430847,False
1908,183,1.5,0.5,13140.0,12.0,A4,69,,0,0.3802594244480133,False,0.35779044032096863,False,0.29497218132019043,False
1909,183,2.0,0.5,13152.0,12.0,C5,72,,0,0.3266819417476654,False,0.37866541743278503,False,0.2973875403404236,False
1910,183,2.0,1.0,13152.0,24.0,G3,55,,0,0.3194500803947449,False,0.3977067768573761,False,0.30571258068084717,False
1911,183,2.0,1.0,13152.0,24.0,B-2,46,,0,0.844927191734314,True,0.5888444185256958,True,0.37943628430366516,False
1912,183,2.5,0.5,13164.0,12.0,B-4,70,,0,0.3125248849391937,False,0.32982176542282104,False,0.29318898916244507,False
1913,184,0.0,0.5,13176.0,12.0,A4,69,,0,0.46063053607940674,False,0.4091022312641144,False,0.30172741413116455,False
1914,184,0.0,1.0,13176.0,24.0,E3,52,,0,0.3668608069419861,False,0.3641084134578705,False,0.30038881301879883,False
1915,184,0.0,1.0,13176.0,24.0,C3,48,,0,0.8130308389663696,True,0.7589159607887268,True,0.622728168964386,True
1916,184,0.5,0.5,13188.0,12.0,G4,67,,0,0.7877240180969238,True,0.4617931842803955,False,0.3275928199291229,False
1917,184,1.0,0.5,13200.0,12.0,F4,65,,0,0.031172454357147217,False,0.31357693672180176,False,0.2878255546092987,False
1918,184,1.5,0.5,13212.0,12.0,E4,64,,0,0.21746143698692322,False,0.30752748250961304,False,0.2879067063331604,False
1919,184,2.0,0.5,13224.0,12.0,D4,62,,0,0.2777467668056488,False,0.3485736548900604,False,0.29569441080093384,False
1920,184,2.5,0.5,13236.0,12.0,C4,60,,0,0.6854152679443359,True,0.320009708404541,False,0.29395055770874023,False
1921,185,0.0,0.5,13248.0,12.0,G#5,80,,0,0.5682030916213989,True,0.2686866223812103,False,0.3081778287887573,False
1922,185,0.0,0.5,13248.0,12.0,G#4,68,,0,0.8152405619621277,True,0.29591104388237,False,0.32102933526039124,False
1923,185,0.0,0.3333333333333333,13248.0,8.0,F3,53,,0,0.16376954317092896,False,0.3402990996837616,False,0.2963692247867584,False
1924,185,0.3333333333333333,0.3333333333333333,13256.0,8.0,A3,57,,0,0.8071274757385254,True,0.29038625955581665,False,0.2925575375556946,False
1925,185,0.5,0.5,13260.0,12.0,A5,81,,0,0.5279489755630493,True,0.4153762459754944,False,0.30354174971580505,False
1926,185,0.5,0.5,13260.0,12.0,A4,69,,0,0.34629547595977783,False,0.3529793918132782,False,0.29385051131248474,False
1927,185,0.6666666666666666,0.3333333333333333,13264.0,8.0,C4,60,,0,0.8890013694763184,True,0.32414212822914124,False,0.2895098328590393,False
1928,185,1.0,0.5,13272.0,12.0,G#5,80,,0,0.8126095533370972,True,0.42586973309516907,False,0.3287844657897949,False
1929,185,1.0,0.5,13272.0,12.0,G#4,68,,0,0.78399258852005,True,0.28275781869888306,False,0.3172960877418518,False
1930,185,1.0,0.3333333333333333,13272.0,8.0,F3,53,,0,0.17712241411209106,False,0.3388616442680359,False,0.29301193356513977,False
1931,185,1.3333333333333333,0.3333333333333333,13280.0,8.0,A3,57,,0,0.7311833500862122,True,0.27651554346084595,False,0.28513965010643005,False
1932,185,1.5,0.5,13284.0,12.0,A5,81,,0,0.3408319056034088,False,0.328899621963501,False,0.2882829010486603,False
1933,185,1.5,0.5,13284.0,12.0,A4,69,,0,0.2701556086540222,False,0.34406033158302307,False,0.2917766869068146,False
1934,185,1.6666666666666667,0.3333333333333333,13288.0,8.0,C4,60,,0,0.949979305267334,True,0.3241886794567108,False,0.2882308065891266,False
1935,185,2.0,0.5,13296.0,12.0,G#5,80,,0,0.5908223390579224,True,0.26615431904792786,False,0.2974441647529602,False
1936,185,2.0,0.5,13296.0,12.0,G#4,68,,0,0.784927248954773,True,0.255563348531723,False,0.3088234066963196,False
1937,185,2.0,0.3333333333333333,13296.0,8.0,F3,53,,0,0.16034644842147827,False,0.3263091444969177,False,0.28857535123825073,False
1938,185,2.3333333333333335,0.3333333333333333,13304.0,8.0,A3,57,,0,0.6642690300941467,True,0.2830212712287903,False,0.28363943099975586,False
1939,185,2.5,0.5,13308.0,12.0,A5,81,,0,0.41213512420654297,False,0.3362073600292206,False,0.2904490530490875,False
1940,185,2.5,0.5,13308.0,12.0,A4,69,,0,0.34136533737182617,False,0.3449634611606598,False,0.2921958565711975,False
1941,185,2.6666666666666665,0.3333333333333333,13312.0,8.0,C4,60,,0,0.97944176197052,True,0.4118318259716034,False,0.2998906970024109,False
1942,186,0.0,0.5,13320.0,12.0,B5,83,,0,0.8061113953590393,True,0.6767956018447876,True,0.43437686562538147,False
1943,186,0.0,0.5,13320.0,12.0,B4,71,,0,0.7899196147918701,True,0.6257264614105225,True,0.3988649547100067,False
1944,186,0.0,0.3333333333333333,13320.0,8.0,E3,52,,0,0.6083188652992249,True,0.589593768119812,True,0.39561545848846436,False
1945,186,0.3333333333333333,0.3333333333333333,13328.0,8.0,G3,55,,0,0.9463679194450378,True,0.7811134457588196,True,0.6574559211730957,True
1946,186,0.5,0.5,13332.0,12.0,C6,84,,0,0.9126997590065002,True,0.5318387150764465,True,0.33838528394699097,False
1947,186,0.5,0.5,13332.0,12.0,C5,72,,0,0.7663755416870117,True,0.4476402997970581,False,0.34896576404571533,False
1948,186,0.6666666666666666,0.3333333333333333,13336.0,8.0,C4,60,,0,0.9716579914093018,True,0.37124887108802795,False,0.2975660264492035,False
1949,186,1.0,0.5,13344.0,12.0,B5,83,,0,0.5548669099807739,True,0.432250440120697,False,0.30479303002357483,False
1950,186,1.0,0.5,13344.0,12.0,B4,71,,0,0.6653842329978943,True,0.4694667160511017,False,0.3180052638053894,False
1951,186,1.0,0.3333333333333333,13344.0,8.0,E3,52,,0,0.44159606099128723,False,0.3833557069301605,False,0.2992575764656067,False
1952,186,1.3333333333333333,0.3333333333333333,13352.0,8.0,G3,55,,0,0.8089138269424438,True,0.7251682281494141,True,0.5299892425537109,True
1953,186,1.5,0.5,13356.0,12.0,C6,84,,0,0.9326196908950806,True,0.4650436043739319,False,0.3361484110355377,False
1954,186,1.5,0.5,13356.0,12.0,C5,72,,0,0.7009924650192261,True,0.3743654489517212,False,0.3342466950416565,False
1955,186,1.6666666666666667,0.3333333333333333,13360.0,8.0,C4,60,,0,0.985173225402832,True,0.3216758072376251,False,0.293165385723114,False
1956,186,2.0,0.5,13368.0,12.0,B-5,82,,0,0.2775556147098541,False,0.3715076446533203,False,0.2960149645805359,False
1957,186,2.0,0.3333333333333333,13368.0,8.0,E3,52,,0,0.39752140641212463,False,0.3627815544605255,False,0.2934521436691284,False
1958,186,2.3333333333333335,0.3333333333333333,13376.0,8.0,B-3,58,,0,0.792804479598999,True,0.7389110922813416,True,0.5434015989303589,True
1959,186,2.5,0.5,13380.0,12.0,G5,79,,0,0.5881210565567017,True,0.2684371769428253,False,0.310378760099411,False
1960,186,2.6666666666666665,0.3333333333333333,13384.0,8.0,C4,60,,0,0.9535478949546814,True,0.26721298694610596,False,0.29685941338539124,False
1961,187,0.0,0.5,13392.0,12.0,G5,79,,0,0.12474247068166733,False,0.36502596735954285,False,0.30333998799324036,False
1962,187,0.0,1.0,13392.0,24.0,A3,57,,0,0.4947669804096222,False,0.3804663121700287,False,0.2995105981826782,False
1963,187,0.0,1.0,13392.0,24.0,F3,53,,0,0.37523555755615234,False,0.37950462102890015,False,0.30730530619621277,False
1964,187,0.5,0.5,13404.0,12.0,F5,77,,0,0.2264670580625534,False,0.3126101493835449,False,0.29300808906555176,False
1965,187,1.0,0.5,13416.0,12.0,G5,79,,0,0.5734723210334778,True,0.296311616897583,False,0.3070680499076843,False
1966,187,1.0,1.0,13416.0,24.0,C5,72,,0,0.4604873061180115,False,0.41964051127433777,False,0.3073078393936157,False
1967,187,1.0,1.0,13416.0,24.0,A3,57,,0,0.40130847692489624,False,0.36107543110847473,False,0.29083335399627686,False
1968,187,1.5,0.5,13428.0,12.0,F5,77,,0,0.10450147837400436,False,0.29818448424339294,False,0.2891611158847809,False
1969,187,2.0,0.5,13440.0,12.0,A5,81,,0,0.3775732219219208,False,0.3558594882488251,False,0.2912834882736206,False
1970,187,2.0,1.0,13440.0,24.0,E5,76,,0,0.7507704496383667,True,0.36480292677879333,False,0.31076157093048096,False
1971,187,2.0,1.0,13440.0,24.0,C4,60,,0,0.9189097881317139,True,0.5707982182502747,True,0.4038735032081604,False
1972,187,2.5,0.5,13452.0,12.0,G5,79,,0,0.8262543082237244,True,0.3904675841331482,False,0.3388698995113373,False
1973,188,0.0,1.5,13464.0,36.0,G5,79,,0,0.5304737091064453,True,0.25933289527893066,False,0.3058033585548401,False
1974,188,0.0,3.0,13464.0,72.0,E5,76,,0,0.7281457781791687,True,0.47301793098449707,False,0.3216627538204193,False
1975,188,0.0,1.0,13464.0,24.0,F4,65,,0,0.9035995602607727,True,0.6991713643074036,True,0.4993565082550049,False
1976,188,1.0,1.0,13488.0,24.0,C4,60,,0,0.7645718455314636,True,0.5881909132003784,True,0.46772366762161255,False
1977,188,1.5,0.5,13500.0,12.0,G#5,80,,0,0.2128952592611313,False,0.32722920179367065,False,0.2957276999950409,False
1978,188,2.0,1.0,13512.0,24.0,A5,81,,0,0.7072219252586365,True,0.5144816637039185,True,0.3306378126144409,False
1979,188,2.0,1.0,13512.0,24.0,F3,53,,0,0.3088120222091675,False,0.35424351692199707,False,0.29564279317855835,False
1980,189,0.0,1.5,13536.0,36.0,B-5,82,,0,0.689099133014679,True,0.3547686040401459,False,0.31906425952911377,False
1981,189,0.0,0.5,13536.0,12.0,D4,62,,0,0.6455032825469971,True,0.6946591734886169,True,0.5965309739112854,True
1982,189,0.5,0.5,13548.0,12.0,F4,65,,0,0.5729230046272278,True,0.7144812345504761,True,0.5503853559494019,True
1983,189,1.0,0.5,13560.0,12.0,B-4,70,,0,0.5982203483581543,True,0.7167902588844299,True,0.4360961616039276,False
1984,189,1.5,0.0,13572.0,0.0,C6,84,,0,0.5067762136459351,True,0.16237929463386536,False,0.2929849624633789,False
1985,189,1.5,0.0,13572.0,0.0,B-5,82,,0,0.531381368637085,True,0.42743638157844543,False,0.310737669467926,False
1986,189,1.5,0.5,13572.0,12.0,B-5,82,,0,0.6064984202384949,True,0.5369542837142944,True,0.38873687386512756,False
1987,189,1.5,0.0,13572.0,0.0,A5,81,,0,0.24344606697559357,False,0.32026436924934387,False,0.2876386046409607,False
1988,189,1.5,0.5,13572.0,12.0,F4,65,,0,0.3762507438659668,False,0.34314852952957153,False,0.29983898997306824,False
1989,189,2.0,0.5,13584.0,12.0,C6,84,,0,0.741968035697937,True,0.24129875004291534,False,0.2997105121612549,False
1990,189,2.0,0.5,13584.0,12.0,D4,62,,0,0.3279148042201996,False,0.36654338240623474,False,0.29800650477409363,False
1991,189,2.5,0.5,13596.0,12.0,D6,86,,0,0.6079714894294739,True,0.535923957824707,True,0.4621400833129883,False
1992,189,2.5,0.5,13596.0,12.0,F4,65,,0,0.3179492950439453,False,0.3289930820465088,False,0.29677751660346985,False
1993,190,0.0,0.5,13608.0,12.0,D6,86,,0,0.6803440451622009,True,0.5494097471237183,True,0.3927507698535919,False
1994,190,0.0,0.5,13608.0,12.0,E4,64,,0,0.49470630288124084,False,0.41111695766448975,False,0.3107887804508209,False
1995,190,0.5,0.5,13620.0,12.0,C6,84,,0,0.846741259098053,True,0.33807578682899475,False,0.3178098797798157,False
1996,190,0.5,0.5,13620.0,12.0,G4,67,,0,0.8137734532356262,True,0.7808070182800293,True,0.4067090153694153,False
1997,190,1.0,0.5,13632.0,12.0,B5,83,,0,0.32177555561065674,False,0.35215556621551514,False,0.29171860218048096,False
1998,190,1.0,0.5,13632.0,12.0,C5,72,,0,0.8427828550338745,True,0.8053873777389526,True,0.5080761313438416,True
1999,190,1.5,0.5,13644.0,12.0,C6,84,,0,0.84903484582901,True,0.586187481880188,True,0.3935346305370331,False
2000,190,1.5,0.5,13644.0,12.0,G4,67,,0,0.4207473397254944,False,0.38739845156669617,False,0.30674028396606445,False
2001,190,2.0,0.5,13656.0,12.0,B-5,82,,0,0.45964956283569336,False,0.39309045672416687,False,0.30065110325813293,False
2002,190,2.0,0.5,13656.0,12.0,E4,64,,0,0.45149344205856323,False,0.3795450031757355,False,0.295867383480072,False
2003,190,2.5,0.5,13668.0,12.0,G5,79,,0,0.8571668863296509,True,0.47475868463516235,False,0.34217333793640137,False
2004,190,2.5,0.5,13668.0,12.0,G4,67,,0,0.5374614596366882,True,0.40995651483535767,False,0.3110366463661194,False
2005,191,0.0,0.5,13680.0,12.0,G#5,80,,0,0.32024335861206055,False,0.39313721656799316,False,0.3087768256664276,False
2006,191,0.0,1.0,13680.0,24.0,F4,65,,0,0.2628067433834076,False,0.3505542576313019,False,0.3002679646015167,False
2007,191,0.5,0.5,13692.0,12.0,A5,81,,0,0.8153995275497437,True,0.4680700898170471,False,0.3183533847332001,False
2008,191,1.0,0.5,13704.0,12.0,C6,84,,0,0.4406873881816864,False,0.40879589319229126,False,0.30382195115089417,False
2009,191,1.0,1.0,13704.0,24.0,G4,67,,0,0.6435333490371704,True,0.5749268531799316,True,0.3335348665714264,False
2010,191,1.0,1.0,13704.0,24.0,B-3,58,,0,0.6034075617790222,True,0.5049370527267456,True,0.459961861371994,False
2011,191,1.5,0.5,13716.0,12.0,B-5,82,,0,0.23556983470916748,False,0.33818885684013367,False,0.2962464690208435,False
2012,191,2.0,0.5,13728.0,12.0,G5,79,,0,0.14350996911525726,False,0.35245293378829956,False,0.2959093749523163,False
2013,191,2.0,1.0,13728.0,24.0,B-4,70,,0,0.37336093187332153,False,0.3831319510936737,False,0.3010340631008148,False
2014,191,2.0,1.0,13728.0,24.0,C4,60,,0,0.8815999031066895,True,0.4917184114456177,False,0.3326190114021301,False
2015,191,2.5,0.5,13740.0,12.0,E5,76,,0,0.6570987701416016,True,0.4087027311325073,False,0.30301252007484436,False
2016,192,0.0,0.5,13752.0,12.0,F5,77,,0,0.3845697343349457,False,0.3910566568374634,False,0.3094870448112488,False
2017,192,0.0,1.0,13752.0,24.0,A4,69,,0,0.9141110777854919,True,0.5528079271316528,True,0.4149775207042694,False
2018,192,0.0,1.0,13752.0,24.0,F4,65,,0,0.5313022136688232,True,0.36600008606910706,False,0.31065696477890015,False
2019,192,0.5,0.5,13764.0,12.0,C5,72,,0,0.7766017317771912,True,0.3840755522251129,False,0.32104921340942383,False
2020,192,1.0,1.0,13776.0,24.0,A4,69,,0,0.8363699316978455,True,0.49348828196525574,False,0.33215370774269104,False
2021,192,1.5,0.5,13788.0,12.0,C5,72,,0,0.6148757338523865,True,0.3063475787639618,False,0.3077315092086792,False
2022,192,2.0,1.0,13800.0,24.0,F4,65,,0,0.23525135219097137,False,0.3427250385284424,False,0.2931542694568634,False
2023,192,2.5,0.5,13812.0,12.0,C5,72,,0,0.6646525263786316,True,0.34283676743507385,False,0.31278297305107117,False
2024,193,0.0,0.5,13824.0,12.0,C5,72,,0,0.40876802802085876,False,0.4071498215198517,False,0.3089149296283722,False
2025,193,0.0,0.5,13824.0,12.0,B-4,70,,0,0.1439937949180603,False,0.35760754346847534,False,0.2968825101852417,False
2026,193,0.0,1.0,13824.0,24.0,G4,67,,0,0.7355794310569763,True,0.4517362713813782,False,0.3325487971305847,False
2027,193,0.5,0.5,13836.0,12.0,C5,72,,0,0.8091546297073364,True,0.3083270788192749,False,0.30885663628578186,False
2028,193,0.5,0.5,13836.0,12.0,B-4,70,,0,0.3674566447734833,False,0.37688788771629333,False,0.3032457232475281,False
2029,193,1.0,1.0,13848.0,24.0,E4,64,,0,0.6008302569389343,True,0.3815644085407257,False,0.3080874979496002,False
2030,193,1.5,0.5,13860.0,12.0,C5,72,,0,0.6040117144584656,True,0.39139825105667114,False,0.31017446517944336,False
2031,193,1.5,0.5,13860.0,12.0,B-4,70,,0,0.17056456208229065,False,0.33254438638687134,False,0.29298150539398193,False
2032,193,2.0,1.0,13872.0,24.0,C4,60,,0,0.9236703515052795,True,0.5962178111076355,True,0.353420615196228,False
2033,193,2.5,0.5,13884.0,12.0,C5,72,,0,0.9224510788917542,True,0.5825408101081848,True,0.3435761332511902,False
2034,193,2.5,0.5,13884.0,12.0,B-4,70,,0,0.25074219703674316,False,0.3381129503250122,False,0.29529592394828796,False
2035,194,0.0,0.5,13896.0,12.0,C5,72,,0,0.9027240872383118,True,0.6240509152412415,True,0.3327065408229828,False
2036,194,0.0,0.5,13896.0,12.0,A-4,68,,0,0.8267019391059875,True,0.46967190504074097,False,0.34255197644233704,False
2037,194,0.0,1.0,13896.0,24.0,F3,53,,0,0.2886103391647339,False,0.3615228235721588,False,0.30153775215148926,False
2038,194,0.5,0.5,13908.0,12.0,C5,72,,0,0.9728780388832092,True,0.4813767671585083,False,0.32441362738609314,False
2039,194,0.5,0.5,13908.0,12.0,A-4,68,,0,0.9598094820976257,True,0.27217575907707214,False,0.3100717067718506,False
2040,194,1.0,1.0,13920.0,24.0,A-3,56,,0,0.870872437953949,True,0.5288546085357666,True,0.3633621037006378,False
2041,194,1.5,0.5,13932.0,12.0,C5,72,,0,0.6760113835334778,True,0.39597535133361816,False,0.30982717871665955,False
2042,194,1.5,0.5,13932.0,12.0,A-4,68,,0,0.6979217529296875,True,0.38853919506073,False,0.31659653782844543,False
2043,194,2.0,1.0,13944.0,24.0,F3,53,,0,0.42805081605911255,False,0.37039676308631897,False,0.29947683215141296,False
2044,194,2.5,0.5,13956.0,12.0,C5,72,,0,0.8585044145584106,True,0.43838608264923096,False,0.32659822702407837,False
2045,194,2.5,0.5,13956.0,12.0,A-4,68,,0,0.8357557058334351,True,0.4787959158420563,False,0.33993393182754517,False
2046,195,0.0,0.5,13968.0,12.0,C5,72,,0,0.4176545739173889,False,0.41046300530433655,False,0.30938276648521423,False
2047,195,0.0,0.5,13968.0,12.0,B-4,70,,0,0.1378934234380722,False,0.3572157025337219,False,0.2969205975532532,False
2048,195,0.0,1.0,13968.0,24.0,G3,55,,0,0.9492819309234619,True,0.5761799216270447,True,0.45297524333000183,False
2049,195,0.5,0.5,13980.0,12.0,C5,72,,0,0.8455951809883118,True,0.46917620301246643,False,0.32560107111930847,False
2050,195,0.5,0.5,13980.0,12.0,B-4,70,,0,0.3918561637401581,False,0.37889909744262695,False,0.3036581873893738,False
2051,195,1.0,1.0,13992.0,24.0,E3,52,,0,0.4439101815223694,False,0.4026336967945099,False,0.30569836497306824,False
2052,195,1.5,0.5,14004.0,12.0,C5,72,,0,0.6934685707092285,True,0.47201240062713623,False,0.3209124505519867,False
2053,195,1.5,0.5,14004.0,12.0,B-4,70,,0,0.23583100736141205,False,0.34714818000793457,False,0.2961205244064331,False
2054,195,2.0,1.0,14016.0,24.0,C3,48,,0,0.6922434568405151,True,0.4784791171550751,False,0.3186837434768677,False
2055,195,2.5,0.5,14028.0,12.0,C5,72,,0,0.9112887382507324,True,0.4921267330646515,False,0.33178335428237915,False
2056,195,2.5,0.5,14028.0,12.0,B-4,70,,0,0.40571263432502747,False,0.3672214150428772,False,0.3032711446285248,False
2057,196,0.0,0.5,14040.0,12.0,C5,72,,0,0.8322195410728455,True,0.5039710402488708,True,0.3222605288028717,False
2058,196,0.0,0.5,14040.0,12.0,A-4,68,,0,0.7602624297142029,True,0.504477858543396,True,0.34669384360313416,False
2059,196,0.0,1.0,14040.0,24.0,F3,53,,0,0.7202771306037903,True,0.47224485874176025,False,0.33695581555366516,False
2060,196,0.0,1.0,14040.0,24.0,F2,41,,0,0.504122257232666,True,0.44206735491752625,False,0.31578439474105835,False
2061,196,0.5,0.5,14052.0,12.0,C5,72,,0,0.9533494710922241,True,0.458061158657074,False,0.3162762224674225,False
2062,196,0.5,0.5,14052.0,12.0,A-4,68,,0,0.945637047290802,True,0.4491976499557495,False,0.3314163386821747,False
2063,196,1.0,1.0,14064.0,24.0,A-3,56,,0,0.4480324387550354,False,0.4147607386112213,False,0.3054695427417755,False
2064,196,1.5,0.5,14076.0,12.0,C5,72,,0,0.6209519505500793,True,0.44683772325515747,False,0.30816033482551575,False
2065,196,1.5,0.5,14076.0,12.0,A-4,68,,0,0.6309476494789124,True,0.39859601855278015,False,0.3132242262363434,False
2066,196,2.0,1.0,14088.0,24.0,C4,60,,0,0.8794991374015808,True,0.5611187219619751,True,0.38823020458221436,False
2067,196,2.5,0.5,14100.0,12.0,C5,72,,0,0.8931046724319458,True,0.5563141107559204,True,0.3939107358455658,False
2068,196,2.5,0.5,14100.0,12.0,A-4,68,,0,0.8717495799064636,True,0.5332266688346863,True,0.398078590631485,False
2069,197,0.0,0.5,14112.0,12.0,D-5,73,,0,0.9737794995307922,True,0.7142597436904907,True,0.40292465686798096,False
2070,197,0.0,0.5,14112.0,12.0,A-4,68,,0,0.7709401845932007,True,0.5697057843208313,True,0.3487933874130249,False
2071,197,0.0,1.0,14112.0,24.0,B-3,58,,0,0.3442029654979706,False,0.3800090253353119,False,0.2984229624271393,False
2072,197,0.0,1.0,14112.0,24.0,B-2,46,,0,0.225052148103714,False,0.34994789958000183,False,0.2945520281791687,False
2073,197,0.5,0.5,14124.0,12.0,D-5,73,,0,0.9401265382766724,True,0.5483338236808777,True,0.3729754388332367,False
2074,197,0.5,0.5,14124.0,12.0,A-4,68,,0,0.8898301720619202,True,0.45686426758766174,False,0.3316133916378021,False
2075,197,1.0,1.0,14136.0,24.0,D-4,61,,0,0.5399810075759888,True,0.4904540181159973,False,0.33428525924682617,False
2076,197,1.5,0.5,14148.0,12.0,D-5,73,,0,0.8106799721717834,True,0.4669514000415802,False,0.33338287472724915,False
2077,197,1.5,0.5,14148.0,12.0,A-4,68,,0,0.7414112091064453,True,0.4134589731693268,False,0.3231769800186157,False
2078,197,2.0,1.0,14160.0,24.0,F4,65,,0,0.3746553957462311,False,0.3730463981628418,False,0.30065205693244934,False
2079,197,2.5,0.5,14172.0,12.0,D-5,73,,0,0.9097847938537598,True,0.5080151557922363,True,0.4696783125400543,False
2080,197,2.5,0.5,14172.0,12.0,A-4,68,,0,0.9439302682876587,True,0.4664447009563446,False,0.3406781554222107,False
2081,198,0.0,0.5,14184.0,12.0,D-5,73,,0,0.7758359909057617,True,0.5170221924781799,True,0.3435489237308502,False
2082,198,0.0,0.5,14184.0,12.0,G4,67,,0,0.49495235085487366,False,0.46212664246559143,False,0.3266501724720001,False
2083,198,0.0,1.0,14184.0,24.0,E-3,51,,0,0.7935227155685425,True,0.41161224246025085,False,0.325234979391098,False
2084,198,0.0,1.0,14184.0,24.0,E-2,39,,0,0.704821765422821,True,0.42892950773239136,False,0.3271876573562622,False
2085,198,0.5,0.5,14196.0,12.0,D-5,73,,0,0.9227129817008972,True,0.513904333114624,True,0.38056516647338867,False
2086,198,0.5,0.5,14196.0,12.0,G4,67,,0,0.5521280169487,True,0.4697638154029846,False,0.32995229959487915,False
2087,198,1.0,1.0,14208.0,24.0,G3,55,,0,0.2905132472515106,False,0.39770209789276123,False,0.30691245198249817,False
2088,198,1.5,0.5,14220.0,12.0,D-5,73,,0,0.826134443283081,True,0.4778803884983063,False,0.33756598830223083,False
2089,198,1.5,0.5,14220.0,12.0,G4,67,,0,0.5495705604553223,True,0.44258713722229004,False,0.32322826981544495,False
2090,198,2.0,1.0,14232.0,24.0,B-3,58,,0,0.5725275874137878,True,0.43509557843208313,False,0.30558204650878906,False
2091,198,2.5,0.5,14244.0,12.0,D-5,73,,0,0.8486911058425903,True,0.484314501285553,False,0.3440589904785156,False
2092,198,2.5,0.5,14244.0,12.0,G4,67,,0,0.7571863532066345,True,0.47063735127449036,False,0.3362273871898651,False
2093,199,0.0,0.5,14256.0,12.0,C5,72,,0,0.7143393158912659,True,0.4645538032054901,False,0.32389888167381287,False
2094,199,0.0,0.5,14256.0,12.0,G4,67,,0,0.44367220997810364,False,0.44252508878707886,False,0.3226611018180847,False
2095,199,0.0,1.0,14256.0,24.0,A-3,56,,0,0.8551273941993713,True,0.5526548624038696,True,0.3473624885082245,False
2096,199,0.0,1.0,14256.0,24.0,A-2,44,,0,0.9112957119941711,True,0.5708934664726257,True,0.4941926598548889,False
2097,199,0.5,0.5,14268.0,12.0,C5,72,,0,0.8981332182884216,True,0.4742908775806427,False,0.32679885625839233,False
2098,199,0.5,0.5,14268.0,12.0,G4,67,,0,0.7590646743774414,True,0.4803563952445984,False,0.33900949358940125,False
2099,199,1.0,1.0,14280.0,24.0,C4,60,,0,0.16735698282718658,False,0.35908350348472595,False,0.2958967089653015,False
2100,199,1.5,0.5,14292.0,12.0,C5,72,,0,0.7004395127296448,True,0.43011537194252014,False,0.31370261311531067,False
2101,199,1.5,0.5,14292.0,12.0,G4,67,,0,0.6032936573028564,True,0.4420762360095978,False,0.3264879286289215,False
2102,199,2.0,1.0,14304.0,24.0,E-4,63,,0,0.4394078254699707,False,0.4301600456237793,False,0.3172714412212372,False
2103,199,2.5,0.5,14316.0,12.0,C5,72,,0,0.8729018568992615,True,0.5081918239593506,True,0.3299095928668976,False
2104,199,2.5,0.5,14316.0,12.0,G4,67,,0,0.8625790476799011,True,0.5384273529052734,True,0.3472042381763458,False
2105,200,0.0,0.5,14328.0,12.0,C5,72,,0,0.6324396133422852,True,0.518653154373169,True,0.3209856152534485,False
2106,200,0.0,0.5,14328.0,12.0,F4,65,,0,0.02594238892197609,False,0.3208892345428467,False,0.29135802388191223,False
2107,200,0.0,1.0,14328.0,24.0,D-3,49,,0,0.443494975566864,False,0.39298367500305176,False,0.3122268319129944,False
2108,200,0.0,1.0,14328.0,24.0,D-2,37,,0,0.6674492955207825,True,0.4723239839076996,False,0.33193641901016235,False
2109,200,0.5,0.5,14340.0,12.0,C5,72,,0,0.9331372380256653,True,0.4680648744106293,False,0.32130616903305054,False
2110,200,0.5,0.5,14340.0,12.0,F4,65,,0,0.095789335668087,False,0.29957258701324463,False,0.2884918451309204,False
2111,200,1.0,1.0,14352.0,24.0,D-4,61,,0,0.7879903316497803,True,0.5917661786079407,True,0.36957019567489624,False
2112,200,1.5,0.5,14364.0,12.0,C5,72,,0,0.923721194267273,True,0.4762215316295624,False,0.32897505164146423,False
2113,200,1.5,0.5,14364.0,12.0,F4,65,,0,0.057223137468099594,False,0.2943296730518341,False,0.2876914143562317,False
2114,200,2.0,0.5,14376.0,12.0,B-4,70,,0,0.029051287099719048,False,0.3219924867153168,False,0.2851218581199646,False
2115,200,2.0,0.5,14376.0,12.0,F4,65,,0,0.011125316843390465,False,0.30772972106933594,False,0.28442397713661194,False
2116,200,2.0,1.0,14376.0,24.0,G3,55,,0,0.14532507956027985,False,0.3598228096961975,False,0.2966323792934418,False
2117,200,2.0,1.0,14376.0,24.0,G2,43,,0,0.21259281039237976,False,0.37935277819633484,False,0.30174899101257324,False
2118,200,2.5,0.5,14388.0,12.0,B-4,70,,0,0.10744626075029373,False,0.3163606524467468,False,0.28959694504737854,False
2119,200,2.5,0.5,14388.0,12.0,F4,65,,0,0.05448809638619423,False,0.29406970739364624,False,0.2874388098716736,False
2120,201,0.0,1.0,14400.0,24.0,G4,67,,0,0.774754524230957,True,0.4879715144634247,False,0.3413982689380646,False
2121,201,0.5,0.5,14412.0,12.0,B-4,70,,0,0.2474958896636963,False,0.3386911153793335,False,0.2951340079307556,False
2122,201,0.5,0.5,14412.0,12.0,F4,65,,0,0.05069369822740555,False,0.29341307282447815,False,0.287345290184021,False
2123,201,1.0,0.5,14424.0,12.0,B-4,70,,0,0.06563946604728699,False,0.33448326587677,False,0.28936076164245605,False
2124,201,1.0,0.5,14424.0,12.0,E4,64,,0,0.48222941160202026,False,0.4079057574272156,False,0.30337756872177124,False
2125,201,1.0,1.0,14424.0,24.0,C3,48,,0,0.3989231288433075,False,0.3819020986557007,False,0.3023322820663452,False
2126,201,1.0,1.0,14424.0,24.0,C2,36,,0,0.6421663761138916,True,0.48170006275177,False,0.32398733496665955,False
2127,201,1.5,0.5,14436.0,12.0,B-4,70,,0,0.1642986536026001,False,0.32703232765197754,False,0.2916051149368286,False
2128,201,1.5,0.5,14436.0,12.0,E4,64,,0,0.5586947798728943,True,0.26212984323501587,False,0.2989600896835327,False
2129,201,2.0,1.0,14448.0,24.0,C4,60,,0,0.2864326536655426,False,0.36591243743896484,False,0.29504087567329407,False
2130,201,2.5,0.5,14460.0,12.0,B-4,70,,0,0.09018100053071976,False,0.31255608797073364,False,0.2889556884765625,False
2131,201,2.5,0.5,14460.0,12.0,E4,64,,0,0.35873544216156006,False,0.3348352313041687,False,0.2950706481933594,False
2132,202,0.0,1.0,14472.0,24.0,D-4,61,,0,0.4454417824745178,False,0.40036532282829285,False,0.3174402713775635,False
2133,202,0.5,0.5,14484.0,12.0,A-4,68,,0,0.9524989724159241,True,0.40332505106925964,False,0.31913843750953674,False
2134,202,0.5,0.5,14484.0,12.0,F4,65,,0,0.07681915909051895,False,0.29756319522857666,False,0.2883390784263611,False
2135,202,1.0,1.0,14496.0,24.0,C4,60,,0,0.09885753691196442,False,0.33901798725128174,False,0.2919232249259949,False
2136,202,1.5,0.5,14508.0,12.0,A-4,68,,0,0.852157711982727,True,0.41887882351875305,False,0.3199821412563324,False
2137,202,1.5,0.5,14508.0,12.0,F4,65,,0,0.02520134672522545,False,0.2905794680118561,False,0.2866794764995575,False
2138,202,2.0,1.0,14520.0,24.0,B3,59,,0,0.2577587962150574,False,0.33750689029693604,False,0.2870268225669861,False
2139,202,2.5,0.5,14532.0,12.0,A-4,68,,0,0.9574578404426575,True,0.4572265148162842,False,0.33227890729904175,False
2140,202,2.5,0.5,14532.0,12.0,F4,65,,0,0.07175171375274658,False,0.2982035279273987,False,0.28843897581100464,False
2141,203,0.0,0.5,14544.0,12.0,G4,67,,0,0.6287606358528137,True,0.5410717129707336,True,0.38768261671066284,False
2142,203,0.0,0.5,14544.0,12.0,E4,64,,0,0.539642333984375,True,0.38894230127334595,False,0.3146354556083679,False
2143,203,0.0,1.0,14544.0,24.0,C4,60,,0,0.14526185393333435,False,0.3466625213623047,False,0.29633888602256775,False
2144,203,0.5,0.5,14556.0,12.0,C5,72,,0,0.906615138053894,True,0.5633105039596558,True,0.34430253505706787,False
2145,203,0.5,0.5,14556.0,12.0,A-4,68,,0,0.8880165815353394,True,0.5303599834442139,True,0.3754841685295105,False
2146,203,1.0,0.5,14568.0,12.0,B-4,70,,0,0.08935489505529404,False,0.3373652398586273,False,0.28984495997428894,False
2147,203,1.0,0.5,14568.0,12.0,G4,67,,0,0.7668203115463257,True,0.532177209854126,True,0.3632091283798218,False
2148,203,1.5,0.5,14580.0,12.0,A-4,68,,0,0.8389362096786499,True,0.4839041531085968,False,0.3330402970314026,False
2149,203,1.5,0.5,14580.0,12.0,F4,65,,0,0.02738388068974018,False,0.2911372780799866,False,0.2867853045463562,False
2150,203,2.0,0.5,14592.0,12.0,G4,67,,0,0.6756713390350342,True,0.46601587533950806,False,0.32205256819725037,False
2151,203,2.0,0.5,14592.0,12.0,E4,64,,0,0.45425739884376526,False,0.3683916926383972,False,0.2953666150569916,False
2152,203,2.5,0.5,14604.0,12.0,A-4,68,,0,0.8696691989898682,True,0.5461138486862183,True,0.4217880368232727,False
2153,203,2.5,0.5,14604.0,12.0,F4,65,,0,0.06715705245733261,False,0.29753419756889343,False,0.28836455941200256,False
2154,203,2.5,0.5,14604.0,12.0,B3,59,,0,0.14316289126873016,False,0.29683399200439453,False,0.28512993454933167,False
2155,204,0.0,0.5,14616.0,12.0,G4,67,,0,0.7263386249542236,True,0.6020641326904297,True,0.4074649512767792,False
2156,204,0.0,0.5,14616.0,12.0,E4,64,,0,0.789589524269104,True,0.554141640663147,True,0.4051796495914459,False
2157,204,0.0,1.0,14616.0,24.0,C4,60,,0,0.18398961424827576,False,0.35141780972480774,False,0.2972301244735718,False
2158,204,0.5,0.5,14628.0,12.0,C5,72,,0,0.8194246888160706,True,0.5531436800956726,True,0.3717775046825409,False
2159,204,0.5,0.5,14628.0,12.0,A-4,68,,0,0.8468841910362244,True,0.5757590532302856,True,0.3687932789325714,False
2160,204,1.0,0.5,14640.0,12.0,B-4,70,,0,0.07523088902235031,False,0.33521002531051636,False,0.2896164357662201,False
2161,204,1.0,0.5,14640.0,12.0,G4,67,,0,0.6469928622245789,True,0.5280768871307373,True,0.35197028517723083,False
2162,204,1.5,0.5,14652.0,12.0,A-4,68,,0,0.7850726246833801,True,0.47716227173805237,False,0.32738354802131653,False
2163,204,1.5,0.5,14652.0,12.0,F4,65,,0,0.02904113382101059,False,0.29146772623062134,False,0.28684863448143005,False
2164,204,2.0,0.5,14664.0,12.0,G4,67,,0,0.5461853742599487,True,0.4747479259967804,False,0.32109856605529785,False
2165,204,2.0,0.5,14664.0,12.0,E4,64,,0,0.4142046570777893,False,0.3613283932209015,False,0.29380229115486145,False
2166,204,2.5,0.5,14676.0,12.0,A-4,68,,0,0.7519292235374451,True,0.5052048563957214,True,0.3659482002258301,False
2167,204,2.5,0.5,14676.0,12.0,F4,65,,0,0.08139752596616745,False,0.29933303594589233,False,0.2886803150177002,False
2168,204,2.5,0.5,14676.0,12.0,B3,59,,0,0.11543863266706467,False,0.29613757133483887,False,0.2848397493362427,False
2169,205,0.0,0.5,14688.0,12.0,G4,67,,0,0.7291008234024048,True,0.5768060684204102,True,0.3954616189002991,False
2170,205,0.0,0.5,14688.0,12.0,E4,64,,0,0.8191872239112854,True,0.47997239232063293,False,0.3307601809501648,False
2171,205,0.0,0.5,14688.0,12.0,C4,60,,0,0.18244986236095428,False,0.3526112735271454,False,0.29629838466644287,False
2172,205,0.5,0.5,14700.0,12.0,A-4,68,,0,0.7068620324134827,True,0.5279290676116943,True,0.34700673818588257,False
2173,205,0.5,0.5,14700.0,12.0,F4,65,,0,0.029542824253439903,False,0.2909245193004608,False,0.28678759932518005,False
2174,205,0.5,0.5,14700.0,12.0,B3,59,,0,0.07956854999065399,False,0.29125073552131653,False,0.28396064043045044,False
2175,205,1.0,0.5,14712.0,12.0,G4,67,,0,0.8648681044578552,True,0.5173794031143188,True,0.3558187484741211,False
2176,205,1.0,0.5,14712.0,12.0,E4,64,,0,0.6013868451118469,True,0.41179248690605164,False,0.3083966374397278,False
2177,205,1.0,0.5,14712.0,12.0,C4,60,,0,0.12078634649515152,False,0.33882686495780945,False,0.2912266254425049,False
2178,205,1.5,0.5,14724.0,12.0,A-4,68,,0,0.5356988906860352,True,0.43298089504241943,False,0.309917688369751,False
2179,205,1.5,0.5,14724.0,12.0,F4,65,,0,0.03879884257912636,False,0.29246705770492554,False,0.28706637024879456,False
2180,205,1.5,0.5,14724.0,12.0,B3,59,,0,0.0724676251411438,False,0.2900550067424774,False,0.2835904061794281,False
2181,205,2.0,0.5,14736.0,12.0,G4,67,,0,0.5230746269226074,True,0.4377487897872925,False,0.31027600169181824,False
2182,205,2.0,0.5,14736.0,12.0,E4,64,,0,0.34476152062416077,False,0.3474236726760864,False,0.29038259387016296,False
2183,205,2.0,0.5,14736.0,12.0,C4,60,,0,0.10773558169603348,False,0.3341350257396698,False,0.2889683246612549,False
2184,205,2.5,0.5,14748.0,12.0,A-4,68,,0,0.6234915852546692,True,0.448175847530365,False,0.3149906396865845,False
2185,205,2.5,0.5,14748.0,12.0,F4,65,,0,0.05777634680271149,False,0.29357731342315674,False,0.28760385513305664,False
2186,205,2.5,0.5,14748.0,12.0,B3,59,,0,0.16324664652347565,False,0.2993394732475281,False,0.28545162081718445,False
2187,206,0.0,0.5,14760.0,12.0,G4,67,,0,0.7027333378791809,True,0.4542483985424042,False,0.31656113266944885,False
2188,206,0.0,0.5,14760.0,12.0,E4,64,,0,0.6368657350540161,True,0.3884076476097107,False,0.31402507424354553,False
2189,206,0.0,1.0,14760.0,24.0,C4,60,,0,0.31241175532341003,False,0.36268284916877747,False,0.299596905708313,False
2190,206,0.5,0.5,14772.0,12.0,F#4,66,,0,0.16399742662906647,False,0.3244144320487976,False,0.293272465467453,False
2191,206,0.5,0.5,14772.0,12.0,D#4,63,,0,0.7387942671775818,True,0.48579642176628113,False,0.32555094361305237,False
2192,206,1.0,0.5,14784.0,12.0,G4,67,,0,0.8273009061813354,True,0.5121554136276245,True,0.33786141872406006,False
2193,206,1.0,0.5,14784.0,12.0,E4,64,,0,0.7780218124389648,True,0.44842714071273804,False,0.3185780346393585,False
2194,206,1.5,0.5,14796.0,12.0,A4,69,,0,0.7561827898025513,True,0.5141199827194214,True,0.3282438814640045,False
2195,206,1.5,0.5,14796.0,12.0,F#4,66,,0,0.11410751938819885,False,0.31638094782829285,False,0.2909950017929077,False
2196,206,2.0,0.5,14808.0,12.0,B-4,70,,0,0.24297669529914856,False,0.3580934703350067,False,0.2924814820289612,False
2197,206,2.0,0.5,14808.0,12.0,G4,67,,0,0.41530269384384155,False,0.4114137589931488,False,0.3080243766307831,False
2198,206,2.5,0.5,14820.0,12.0,C5,72,,0,0.4065117835998535,False,0.3662170469760895,False,0.305399090051651,False
2199,206,2.5,0.5,14820.0,12.0,A4,69,,0,0.8090732097625732,True,0.396464467048645,False,0.3124515116214752,False
2200,207,0.0,1.0,14832.0,24.0,D5,74,,0,0.38689693808555603,False,0.4017024040222168,False,0.3109566867351532,False
2201,207,0.0,1.0,14832.0,24.0,B-4,70,,0,0.6461858749389648,True,0.37998655438423157,False,0.3115655183792114,False
2202,207,0.0,1.0,14832.0,24.0,B-3,58,,0,0.22624967992305756,False,0.3536689579486847,False,0.2955783009529114,False
2203,207,1.0,1.0,14856.0,24.0,D5,74,,0,0.02401108667254448,False,0.3269801437854767,False,0.2922755181789398,False
2204,207,1.0,1.0,14856.0,24.0,B-4,70,,0,0.1369425356388092,False,0.3485686779022217,False,0.2923503816127777,False
2205,207,1.0,1.0,14856.0,24.0,F4,65,,0,0.0670098066329956,False,0.3206090033054352,False,0.28935524821281433,False
2206,207,1.0,1.0,14856.0,24.0,B-3,58,,0,0.08957824856042862,False,0.3337133824825287,False,0.28896382451057434,False
2207,207,2.0,1.0,14880.0,24.0,D5,74,,0,0.02231660857796669,False,0.32302290201187134,False,0.28948891162872314,False
2208,207,2.0,1.0,14880.0,24.0,B-4,70,,0,0.09172803163528442,False,0.33181506395339966,False,0.2874506413936615,False
2209,207,2.0,1.0,14880.0,24.0,F4,65,,0,0.04146783426403999,False,0.3122917115688324,False,0.2855664789676666,False
2210,207,2.0,1.0,14880.0,24.0,B-3,58,,0,0.13925667107105255,False,0.3329373002052307,False,0.28675705194473267,False
2211,208,0.0,2.0,14904.0,48.0,D5,74,,0,0.13432970643043518,False,0.3561255633831024,False,0.30104929208755493,False
2212,208,0.0,2.0,14904.0,48.0,B-4,70,,0,0.05480459704995155,False,0.33985278010368347,False,0.2933060824871063,False
2213,208,0.0,3.0,14904.0,72.0,F4,65,,0,0.10190562158823013,False,0.3394479751586914,False,0.2963036894798279,False
2214,208,0.0,2.0,14904.0,48.0,B-3,58,,0,0.22193437814712524,False,0.3528587818145752,False,0.2949616014957428,False
2215,208,2.0,1.0,14952.0,24.0,C5,72,,0,0.34530818462371826,False,0.38106420636177063,False,0.30035123229026794,False
2216,208,2.0,1.0,14952.0,24.0,A4,69,,0,0.7478397488594055,True,0.45975545048713684,False,0.31801459193229675,False
2217,208,2.0,1.0,14952.0,24.0,F3,53,,0,0.26503297686576843,False,0.35466325283050537,False,0.29733628034591675,False
2218,209,0.0,0.0,14976.0,0.0,C5,72,,0,0.12307204306125641,False,0.351749986410141,False,0.29701554775238037,False
2219,209,0.0,1.0,14976.0,24.0,B-4,70,,0,0.1762220561504364,False,0.3513934016227722,False,0.29559722542762756,False
2220,209,0.0,1.0,14976.0,24.0,G4,67,,0,0.8669378161430359,True,0.5736321806907654,True,0.38998207449913025,False
2221,209,0.0,1.0,14976.0,24.0,E4,64,,0,0.9054303765296936,True,0.48509225249290466,False,0.32652410864830017,False
2222,209,0.0,1.0,14976.0,24.0,C3,48,,0,0.5335003733634949,True,0.4332508444786072,False,0.31587404012680054,False
2223,209,1.0,1.0,15000.0,24.0,B-4,70,,0,0.07391899824142456,False,0.33346426486968994,False,0.28943926095962524,False
2224,209,1.0,1.0,15000.0,24.0,G4,67,,0,0.6551541686058044,True,0.5324894785881042,True,0.32954081892967224,False
2225,209,1.0,1.0,15000.0,24.0,E4,64,,0,0.813449501991272,True,0.5231430530548096,True,0.33645349740982056,False
2226,209,1.0,1.0,15000.0,24.0,C3,48,,0,0.4497033357620239,False,0.3919752836227417,False,0.30366772413253784,False
2227,209,2.0,1.0,15024.0,24.0,B-4,70,,0,0.18088498711585999,False,0.34343406558036804,False,0.2901209592819214,False
2228,209,2.0,1.0,15024.0,24.0,G4,67,,0,0.7176459431648254,True,0.4536252021789551,False,0.3193647265434265,False
2229,209,2.0,1.0,15024.0,24.0,E4,64,,0,0.8947064280509949,True,0.4370576739311218,False,0.31875327229499817,False
2230,209,2.0,1.0,15024.0,24.0,C3,48,,0,0.34950557351112366,False,0.3669837415218353,False,0.2971806526184082,False
2231,210,0.0,2.0,15048.0,48.0,B-4,70,,0,0.10397119075059891,False,0.3457763195037842,False,0.29392462968826294,False
2232,210,0.0,2.0,15048.0,48.0,G4,67,,0,0.4410855770111084,False,0.43209654092788696,False,0.3139123320579529,False
2233,210,0.0,2.0,15048.0,48.0,E4,64,,0,0.7510273456573486,True,0.46188175678253174,False,0.33007094264030457,False
2234,210,0.0,2.0,15048.0,48.0,C3,48,,0,0.44697847962379456,False,0.386516273021698,False,0.3056865632534027,False
2235,210,2.0,1.0,15096.0,24.0,A4,69,,0,0.4917280972003937,False,0.3850134611129761,False,0.2992438077926636,False
2236,210,2.0,1.0,15096.0,24.0,F4,65,,0,0.32871752977371216,False,0.3612670302391052,False,0.2993173897266388,False
2237,210,2.0,1.0,15096.0,24.0,D3,50,,0,0.40217533707618713,False,0.39882001280784607,False,0.30900153517723083,False
2238,211,0.0,0.5,15120.0,12.0,C5,72,,0,0.27491796016693115,False,0.3771059811115265,False,0.30270323157310486,False
2239,211,0.0,0.5,15120.0,12.0,A4,69,,0,0.5760357975959778,True,0.42877140641212463,False,0.3078751862049103,False
2240,211,0.0,1.0,15120.0,24.0,B-2,46,,0,0.755570650100708,True,0.4713778793811798,False,0.31770265102386475,False
2241,211,0.5,0.5,15132.0,12.0,B-4,70,,0,0.26783955097198486,False,0.3244142532348633,False,0.2909510135650635,False
2242,211,0.5,0.5,15132.0,12.0,G4,67,,0,0.5707330703735352,True,0.4000132381916046,False,0.3088003098964691,False
2243,211,1.0,1.0,15144.0,24.0,A4,69,,0,0.7465993762016296,True,0.4405287802219391,False,0.3065224587917328,False
2244,211,1.0,1.0,15144.0,24.0,F4,65,,0,0.16068148612976074,False,0.3325405418872833,False,0.2927064001560211,False
2245,211,1.0,1.0,15144.0,24.0,C3,48,,0,0.6811953186988831,True,0.4646495282649994,False,0.31040602922439575,False
2246,211,2.0,1.0,15168.0,24.0,G4,67,,0,0.29012760519981384,False,0.3758968114852905,False,0.29935941100120544,False
2247,211,2.0,1.0,15168.0,24.0,E4,64,,0,0.9429060220718384,True,0.45924869179725647,False,0.32201480865478516,False
2248,211,2.0,1.0,15168.0,24.0,C3,48,,0,0.5265303254127502,True,0.3915996551513672,False,0.2998081147670746,False
2249,212,0.0,0.5,15192.0,12.0,A4,69,,0,0.5513817071914673,True,0.43378517031669617,False,0.30902722477912903,False
2250,212,0.0,0.5,15192.0,12.0,F4,65,,0,0.2431536465883255,False,0.3574908971786499,False,0.30087587237358093,False
2251,212,0.0,1.0,15192.0,24.0,F3,53,,0,0.4057098925113678,False,0.38356828689575195,False,0.30982309579849243,False
2252,212,0.5,0.5,15204.0,12.0,F5,77,,0,0.08201968669891357,False,0.2944371998310089,False,0.28760793805122375,False
2253,212,1.0,0.5,15216.0,12.0,G5,79,,0,0.37286049127578735,False,0.4031062126159668,False,0.3056250512599945,False
2254,212,1.5,0.5,15228.0,12.0,A5,81,,0,0.5135023593902588,True,0.3341967761516571,False,0.29735103249549866,False
2255,212,2.0,0.5,15240.0,12.0,B-5,82,,0,0.29304495453834534,False,0.36255180835723877,False,0.2934594452381134,False
2256,212,2.5,0.5,15252.0,12.0,C6,84,,0,0.3224855959415436,False,0.3467831015586853,False,0.299220472574234,False
2257,213,0.0,1.0,15264.0,24.0,D6,86,,0,0.8508754372596741,True,0.5694283843040466,True,0.38535773754119873,False
2258,213,0.0,1.0,15264.0,24.0,B-4,70,,0,0.20899678766727448,False,0.35120445489883423,False,0.294754296541214,False
2259,213,0.0,1.0,15264.0,24.0,F4,65,,0,0.27955126762390137,False,0.3628428280353546,False,0.3027362823486328,False
2260,213,1.0,1.0,15288.0,24.0,D6,86,,0,0.7832592725753784,True,0.45672857761383057,False,0.3260663151741028,False
2261,213,1.0,1.0,15288.0,24.0,B-4,70,,0,0.1498643010854721,False,0.34304577112197876,False,0.2905699908733368,False
2262,213,1.0,1.0,15288.0,24.0,F4,65,,0,0.16062013804912567,False,0.33889123797416687,False,0.29355382919311523,False
2263,213,2.0,1.0,15312.0,24.0,D6,86,,0,0.5769161581993103,True,0.44196826219558716,False,0.3186475336551666,False
2264,213,2.0,1.0,15312.0,24.0,B-4,70,,0,0.12143036723136902,False,0.33294859528541565,False,0.28692710399627686,False
2265,213,2.0,1.0,15312.0,24.0,F4,65,,0,0.08047455549240112,False,0.319953590631485,False,0.28727978467941284,False
2266,214,0.0,1.5,15336.0,36.0,D6,86,,0,0.7608672380447388,True,0.48001766204833984,False,0.3352302312850952,False
2267,214,0.0,2.0,15336.0,48.0,B-4,70,,0,0.16037999093532562,False,0.3548288643360138,False,0.2957771122455597,False
2268,214,0.0,3.0,15336.0,72.0,F4,65,,0,0.24331116676330566,False,0.37146031856536865,False,0.305389940738678,False
2269,214,1.5,0.25,15372.0,6.0,E6,88,,0,0.3389602601528168,False,0.33063918352127075,False,0.29391807317733765,False
2270,214,1.75,0.25,15378.0,6.0,D6,86,,0,0.8170608282089233,True,0.4112875163555145,False,0.3085126280784607,False
2271,214,2.0,1.0,15384.0,24.0,C6,84,,0,0.308419406414032,False,0.36278536915779114,False,0.29628291726112366,False
2272,214,2.0,1.0,15384.0,24.0,A4,69,,0,0.7793576121330261,True,0.5200469493865967,True,0.36898618936538696,False
2273,215,0.0,0.0,15408.0,0.0,C6,84,,0,0.07711276412010193,False,0.3404676020145416,False,0.2952491343021393,False
2274,215,0.0,1.0,15408.0,24.0,B-5,82,,0,0.2798252999782562,False,0.36062347888946533,False,0.29706859588623047,False
2275,215,0.0,1.0,15408.0,24.0,E5,76,,0,0.7653768062591553,True,0.5826845765113831,True,0.37740740180015564,False
2276,215,0.0,1.0,15408.0,24.0,G4,67,,0,0.640760064125061,True,0.5771113634109497,True,0.33836665749549866,False
2277,215,0.0,1.0,15408.0,24.0,C4,60,,0,0.8203866481781006,True,0.6028606295585632,True,0.3795669972896576,False
2278,215,1.0,1.0,15432.0,24.0,B-5,82,,0,0.48262491822242737,False,0.4005308449268341,False,0.3031831979751587,False
2279,215,1.0,1.0,15432.0,24.0,E5,76,,0,0.8805528879165649,True,0.5328913927078247,True,0.3801993727684021,False
2280,215,1.0,1.0,15432.0,24.0,G4,67,,0,0.738787055015564,True,0.5870699882507324,True,0.38062044978141785,False
2281,215,1.0,1.0,15432.0,24.0,C4,60,,0,0.451060950756073,False,0.3795013129711151,False,0.30055588483810425,False
2282,215,2.0,1.0,15456.0,24.0,B-5,82,,0,0.3213964104652405,False,0.3599623739719391,False,0.29305705428123474,False
2283,215,2.0,1.0,15456.0,24.0,E5,76,,0,0.7863820791244507,True,0.41845715045928955,False,0.3162505328655243,False
2284,215,2.0,1.0,15456.0,24.0,G4,67,,0,0.4568665325641632,False,0.4249287545681,False,0.31042182445526123,False
2285,215,2.0,1.0,15456.0,24.0,C4,60,,0,0.5778677463531494,True,0.4418482184410095,False,0.31183478236198425,False
2286,216,0.0,2.0,15480.0,48.0,B-5,82,,0,0.38497665524482727,False,0.38618171215057373,False,0.3013712465763092,False
2287,216,0.0,2.0,15480.0,48.0,E5,76,,0,0.7959896922111511,True,0.46349501609802246,False,0.33393731713294983,False
2288,216,0.0,2.0,15480.0,48.0,G4,67,,0,0.33212098479270935,False,0.41301724314689636,False,0.3120790421962738,False
2289,216,0.0,2.0,15480.0,48.0,C#4,61,,0,0.8508700728416443,True,0.5243983268737793,True,0.3577326536178589,False
2290,216,2.0,1.0,15528.0,24.0,A5,81,,0,0.37721163034439087,False,0.3701525032520294,False,0.29477930068969727,False
2291,216,2.0,1.0,15528.0,24.0,F5,77,,0,0.023836104199290276,False,0.3105282485485077,False,0.28501731157302856,False
2292,216,2.0,1.0,15528.0,24.0,F4,65,,0,0.10149502009153366,False,0.3248199224472046,False,0.2882954180240631,False
2293,216,2.0,1.0,15528.0,24.0,D4,62,,0,0.2735322415828705,False,0.37623852491378784,False,0.30313682556152344,False
2294,217,0.0,0.5,15552.0,12.0,C6,84,,0,0.29763859510421753,False,0.3708082437515259,False,0.3021227717399597,False
2295,217,0.0,0.5,15552.0,12.0,A5,81,,0,0.7747888565063477,True,0.47074446082115173,False,0.3212997019290924,False
2296,217,0.0,1.0,15552.0,24.0,B-3,58,,0,0.4375143051147461,False,0.3716776967048645,False,0.2983119785785675,False
2297,217,0.5,0.5,15564.0,12.0,B-5,82,,0,0.5890951156616211,True,0.4398414194583893,False,0.3068952262401581,False
2298,217,0.5,0.5,15564.0,12.0,G5,79,,0,0.31683409214019775,False,0.35947081446647644,False,0.3015982210636139,False
2299,217,1.0,1.0,15576.0,24.0,A5,81,,0,0.8174566030502319,True,0.5485996007919312,True,0.4179317057132721,False
2300,217,1.0,1.0,15576.0,24.0,F5,77,,0,0.32223570346832275,False,0.35766494274139404,False,0.2969658374786377,False
2301,217,1.0,1.0,15576.0,24.0,C4,60,,0,0.37409645318984985,False,0.3732087314128876,False,0.30062058568000793,False
2302,217,2.0,1.0,15600.0,24.0,G5,79,,0,0.143562451004982,False,0.35332903265953064,False,0.29524287581443787,False
2303,217,2.0,1.0,15600.0,24.0,E5,76,,0,0.9539618492126465,True,0.6034820675849915,True,0.40960249304771423,False
2304,217,2.0,1.0,15600.0,24.0,B-3,58,,0,0.42519718408584595,False,0.35674434900283813,False,0.2930524945259094,False
2305,218,0.0,0.5,15624.0,12.0,C6,84,,0,0.5368887782096863,True,0.5623784065246582,True,0.349830687046051,False
2306,218,0.0,0.5,15624.0,12.0,A5,81,,0,0.5548208951950073,True,0.6190977692604065,True,0.3371473550796509,False
2307,218,0.0,0.5,15624.0,12.0,A3,57,,0,0.8167724013328552,True,0.49806341528892517,False,0.31892481446266174,False
2308,218,0.0,0.5,15624.0,12.0,A2,45,,0,0.6491767168045044,True,0.5657831430435181,True,0.3556925654411316,False
2309,218,0.5,0.5,15636.0,12.0,C6,84,,0,0.8357387185096741,True,0.5157821774482727,True,0.3588753342628479,False
2310,218,0.5,0.5,15636.0,12.0,A5,81,,0,0.8845743536949158,True,0.5575035214424133,True,0.36118966341018677,False
2311,218,1.0,0.5,15648.0,12.0,C#4,61,,0,0.8154968023300171,True,0.4275338649749756,False,0.33628901839256287,False
2312,218,1.5,0.5,15660.0,12.0,B-5,82,,0,0.5489939451217651,True,0.4257511794567108,False,0.3130273222923279,False
2313,218,1.5,0.5,15660.0,12.0,G5,79,,0,0.13361001014709473,False,0.3294747471809387,False,0.2956395447254181,False
2314,218,2.0,0.5,15672.0,12.0,D4,62,,0,0.11757925152778625,False,0.3403063118457794,False,0.29321667551994324,False
2315,218,2.5,0.5,15684.0,12.0,A5,81,,0,0.8249083757400513,True,0.42603960633277893,False,0.3091771602630615,False
2316,218,2.5,0.5,15684.0,12.0,F5,77,,0,0.1174294576048851,False,0.30253535509109497,False,0.2889529764652252,False
2317,219,0.0,0.5,15696.0,12.0,B-3,58,,0,0.4429684579372406,False,0.38027918338775635,False,0.3020227551460266,False
2318,219,0.5,0.5,15708.0,12.0,G5,79,,0,0.24093692004680634,False,0.34854522347450256,False,0.29868027567863464,False
2319,219,0.5,0.5,15708.0,12.0,B-4,70,,0,0.42644134163856506,False,0.34117352962493896,False,0.29322460293769836,False
2320,219,1.0,0.5,15720.0,12.0,C4,60,,0,0.6620578765869141,True,0.484113484621048,False,0.31338006258010864,False
2321,219,1.5,0.5,15732.0,12.0,F5,77,,0,0.1019267663359642,False,0.2989829480648041,False,0.2880498766899109,False
2322,219,1.5,0.5,15732.0,12.0,A4,69,,0,0.7599027752876282,True,0.41005954146385193,False,0.2998539209365845,False
2323,219,2.0,0.5,15744.0,12.0,B-3,58,,0,0.6888541579246521,True,0.3698655366897583,False,0.3045269846916199,False
2324,219,2.5,0.5,15756.0,12.0,E5,76,,0,0.929550051689148,True,0.3826659321784973,False,0.31696078181266785,False
2325,219,2.5,0.5,15756.0,12.0,G4,67,,0,0.43199270963668823,False,0.3889160454273224,False,0.3064890503883362,False
2326,220,0.0,0.5,15768.0,12.0,A3,57,,0,0.9272761344909668,True,0.3541881740093231,False,0.31212711334228516,False
2327,220,0.0,0.5,15768.0,12.0,A2,45,,0,0.891211748123169,True,0.47034701704978943,False,0.3133617341518402,False
2328,220,0.25,0.25,15774.0,6.0,A5,81,,0,0.5721047520637512,True,0.363420695066452,False,0.2874908745288849,False
2329,220,0.5,0.25,15780.0,6.0,C6,84,,0,0.11322065442800522,False,0.31224948167800903,False,0.2905898690223694,False
2330,220,0.75,0.25,15786.0,6.0,A5,81,,0,0.9057522416114807,True,0.38161981105804443,False,0.2982363700866699,False
2331,220,1.0,0.5,15792.0,12.0,C#4,61,,0,0.6517157554626465,True,0.36302024126052856,False,0.3097666800022125,False
2332,220,1.0,0.5,15792.0,12.0,C#3,49,,0,0.37540286779403687,False,0.40347984433174133,False,0.30027833580970764,False
2333,220,1.25,0.25,15798.0,6.0,G5,79,,0,0.09052610397338867,False,0.3221820890903473,False,0.28871574997901917,False
2334,220,1.5,0.25,15804.0,6.0,B-5,82,,0,0.12983004748821259,False,0.319366991519928,False,0.28977981209754944,False
2335,220,1.75,0.25,15810.0,6.0,G5,79,,0,0.6815821528434753,True,0.3724462389945984,False,0.2981984615325928,False
2336,220,2.0,0.5,15816.0,12.0,D4,62,,0,0.030174393206834793,False,0.3248690664768219,False,0.28965315222740173,False
2337,220,2.0,0.5,15816.0,12.0,D3,50,,0,0.1235712394118309,False,0.3425365686416626,False,0.2931273281574249,False
2338,220,2.25,0.25,15822.0,6.0,F5,77,,0,0.020252078771591187,False,0.292551189661026,False,0.28099238872528076,False
2339,220,2.5,0.25,15828.0,6.0,A5,81,,0,0.6007011532783508,True,0.3789611756801605,False,0.30202728509902954,False
2340,220,2.75,0.25,15834.0,6.0,F5,77,,0,0.12009754776954651,False,0.3023492693901062,False,0.2828846871852875,False
2341,221,0.0,0.5,15840.0,12.0,B-3,58,,0,0.1526220440864563,False,0.3532751202583313,False,0.29515406489372253,False
2342,221,0.0,0.5,15840.0,12.0,B-2,46,,0,0.3096407651901245,False,0.37977564334869385,False,0.29998359084129333,False
2343,221,0.25,0.25,15846.0,6.0,B-4,70,,0,0.20690706372261047,False,0.3211389183998108,False,0.2844701409339905,False
2344,221,0.5,0.25,15852.0,6.0,G5,79,,0,0.3895151913166046,False,0.370464950799942,False,0.3033231794834137,False
2345,221,0.75,0.25,15858.0,6.0,B-4,70,,0,0.4194929897785187,False,0.3416731655597687,False,0.290140300989151,False
2346,221,1.0,0.5,15864.0,12.0,C4,60,,0,0.4283236861228943,False,0.38711386919021606,False,0.30078810453414917,False
2347,221,1.0,0.5,15864.0,12.0,C3,48,,0,0.3907146751880646,False,0.37486857175827026,False,0.29824334383010864,False
2348,221,1.25,0.25,15870.0,6.0,A4,69,,0,0.47884243726730347,False,0.33404508233070374,False,0.28372278809547424,False
2349,221,1.5,0.25,15876.0,6.0,F5,77,,0,0.1032022163271904,False,0.29663699865341187,False,0.2875884473323822,False
2350,221,1.75,0.25,15882.0,6.0,A4,69,,0,0.5742329359054565,True,0.33585911989212036,False,0.2804432213306427,False
2351,221,2.0,0.5,15888.0,12.0,C3,48,,0,0.6242213249206543,True,0.37437522411346436,False,0.2970306873321533,False
2352,221,2.0,0.5,15888.0,12.0,C2,36,,0,0.7018924951553345,True,0.44424888491630554,False,0.31211236119270325,False
2353,221,2.25,0.25,15894.0,6.0,G4,67,,0,0.31837964057922363,False,0.3556753098964691,False,0.29400619864463806,False
2354,221,2.5,0.25,15900.0,6.0,E5,76,,0,0.8474180102348328,True,0.3881368041038513,False,0.3144369423389435,False
2355,221,2.75,0.25,15906.0,6.0,G4,67,,0,0.3050917983055115,False,0.3458291292190552,False,0.29363730549812317,False
2356,222,0.0,1.0,15912.0,24.0,F5,77,,0,0.10864854604005814,False,0.33153411746025085,False,0.2934623062610626,False
2357,222,0.0,1.0,15912.0,24.0,C5,72,,0,0.07602784037590027,False,0.34564271569252014,False,0.29601985216140747,False
2358,222,0.0,1.0,15912.0,24.0,A4,69,,0,0.7715241312980652,True,0.4079847037792206,False,0.301580548286438,False
2359,222,0.0,0.25,15912.0,6.0,F2,41,,0,0.30507680773735046,False,0.3543734550476074,False,0.29874077439308167,False
2360,222,0.25,0.25,15918.0,6.0,A2,45,,0,0.7716177105903625,True,0.33715614676475525,False,0.2878928780555725,False
2361,222,0.5,0.25,15924.0,6.0,C3,48,,0,0.5002360343933105,True,0.34615567326545715,False,0.2954697012901306,False
2362,222,0.75,0.25,15930.0,6.0,F3,53,,0,0.5236114859580994,True,0.3198593854904175,False,0.29503950476646423,False
2363,222,1.0,0.25,15936.0,6.0,F2,41,,0,0.24752219021320343,False,0.33973297476768494,False,0.2924608886241913,False
2364,222,1.25,0.25,15942.0,6.0,A2,45,,0,0.7004163861274719,True,0.3836858570575714,False,0.29239922761917114,False
2365,222,1.5,0.25,15948.0,6.0,C3,48,,0,0.6019014716148376,True,0.4321773946285248,False,0.3064049184322357,False
2366,222,1.75,0.25,15954.0,6.0,F3,53,,0,0.26495081186294556,False,0.31097695231437683,False,0.2857361137866974,False
2367,222,2.0,0.75,15960.0,18.0,A4,69,,0,0.8051340579986572,True,0.3861427903175354,False,0.29022106528282166,False
2368,222,2.0,0.25,15960.0,6.0,F2,41,,0,0.12039732933044434,False,0.3171212673187256,False,0.28595441579818726,False
2369,222,2.25,0.25,15966.0,6.0,A2,45,,0,0.7124942541122437,True,0.362342894077301,False,0.28905752301216125,False
2370,222,2.5,0.25,15972.0,6.0,C3,48,,0,0.6432454586029053,True,0.35878708958625793,False,0.3002396523952484,False
2371,222,2.75,0.125,15978.0,3.0,G4,67,,0,0.36965450644493103,False,0.360770046710968,False,0.2966653108596802,False
2372,222,2.75,0.25,15978.0,6.0,F3,53,,0,0.5331183075904846,True,0.3098021447658539,False,0.29507288336753845,False
2373,222,2.875,0.125,15981.0,3.0,F4,65,,0,0.6721716523170471,True,0.341631680727005,False,0.30363765358924866,False
2374,223,0.0,2.0,15984.0,48.0,C5,72,,0,0.25924932956695557,False,0.3760474622249603,False,0.3011428415775299,False
2375,223,0.0,0.25,15984.0,6.0,F2,41,,0,0.2949376404285431,False,0.3472115397453308,False,0.2975196838378906,False
2376,223,0.25,0.25,15990.0,6.0,A2,45,,0,0.7223710417747498,True,0.38448938727378845,False,0.2927374541759491,False
2377,223,0.5,0.25,15996.0,6.0,C3,48,,0,0.5558655261993408,True,0.3722987771034241,False,0.3000405728816986,False
2378,223,0.75,0.25,16002.0,6.0,F3,53,,0,0.35680535435676575,False,0.3185034692287445,False,0.28761404752731323,False
2379,223,1.0,0.25,16008.0,6.0,F2,41,,0,0.26254358887672424,False,0.34163331985473633,False,0.292505145072937,False
2380,223,1.25,0.25,16014.0,6.0,A2,45,,0,0.7299321293830872,True,0.3868834376335144,False,0.2928031086921692,False
2381,223,1.5,0.25,16020.0,6.0,C3,48,,0,0.6155228614807129,True,0.3871024549007416,False,0.3037099838256836,False
2382,223,1.75,0.25,16026.0,6.0,F3,53,,0,0.4062662720680237,False,0.32455259561538696,False,0.28898122906684875,False
2383,223,2.0,0.75,16032.0,18.0,E5,76,,0,0.19055692851543427,False,0.3275122344493866,False,0.2859208285808563,False
2384,223,2.0,0.25,16032.0,6.0,F2,41,,0,0.09430459886789322,False,0.31525954604148865,False,0.28555014729499817,False
2385,223,2.25,0.25,16038.0,6.0,B-2,46,,0,0.2340248078107834,False,0.33668452501296997,False,0.28689301013946533,False
2386,223,2.5,0.25,16044.0,6.0,C3,48,,0,0.4628290832042694,False,0.3477623760700226,False,0.29608336091041565,False
2387,223,2.75,0.125,16050.0,3.0,D5,74,,0,0.21626004576683044,False,0.3302994966506958,False,0.2916001081466675,False
2388,223,2.75,0.25,16050.0,6.0,F3,53,,0,0.39038726687431335,False,0.32332512736320496,False,0.28887856006622314,False
2389,223,2.875,0.125,16053.0,3.0,C5,72,,0,0.355499804019928,False,0.3463427722454071,False,0.28997763991355896,False
2390,224,0.0,2.0,16056.0,48.0,F5,77,,0,0.44588136672973633,False,0.3982408046722412,False,0.30831998586654663,False
2391,224,0.0,0.25,16056.0,6.0,F2,41,,0,0.32908475399017334,False,0.3543020188808441,False,0.29885950684547424,False
2392,224,0.25,0.25,16062.0,6.0,A2,45,,0,0.7596198320388794,True,0.38655945658683777,False,0.29337218403816223,False
2393,224,0.5,0.25,16068.0,6.0,C3,48,,0,0.6108685731887817,True,0.354434609413147,False,0.29754939675331116,False
2394,224,0.75,0.25,16074.0,6.0,F3,53,,0,0.3476013243198395,False,0.31747379899024963,False,0.28731343150138855,False
2395,224,1.0,0.25,16080.0,6.0,F2,41,,0,0.29665490984916687,False,0.3447839319705963,False,0.29308104515075684,False
2396,224,1.25,0.25,16086.0,6.0,A2,45,,0,0.7328065633773804,True,0.3886978030204773,False,0.2929060161113739,False
2397,224,1.5,0.25,16092.0,6.0,C3,48,,0,0.6759461760520935,True,0.3838084936141968,False,0.3040282130241394,False
2398,224,1.75,0.25,16098.0,6.0,F3,53,,0,0.2986468970775604,False,0.31612783670425415,False,0.2867124676704407,False
2399,224,2.0,0.75,16104.0,18.0,A5,81,,0,0.14873968064785004,False,0.33404040336608887,False,0.28401249647140503,False
2400,224,2.0,0.25,16104.0,6.0,F2,41,,0,0.10147462785243988,False,0.3157348036766052,False,0.28569746017456055,False
2401,224,2.25,0.25,16110.0,6.0,A2,45,,0,0.7486830949783325,True,0.37436407804489136,False,0.29029059410095215,False
2402,224,2.5,0.25,16116.0,6.0,C3,48,,0,0.6103135943412781,True,0.4189022481441498,False,0.3046914041042328,False
2403,224,2.75,0.125,16122.0,3.0,G5,79,,0,0.5545642375946045,True,0.37092745304107666,False,0.30059391260147095,False
2404,224,2.75,0.25,16122.0,6.0,F3,53,,0,0.42016568779945374,False,0.32536256313323975,False,0.2894711494445801,False
2405,224,2.875,0.125,16125.0,3.0,F5,77,,0,0.7160829305648804,True,0.39675378799438477,False,0.3039470314979553,False
2406,225,0.0,1.0,16128.0,24.0,C6,84,,0,0.5973401069641113,True,0.3735540807247162,False,0.3161841332912445,False
2407,225,0.0,0.25,16128.0,6.0,F2,41,,0,0.27811211347579956,False,0.3447715640068054,False,0.296800434589386,False
2408,225,0.25,0.25,16134.0,6.0,A2,45,,0,0.7373582720756531,True,0.35863545536994934,False,0.2890074849128723,False
2409,225,0.5,0.25,16140.0,6.0,C3,48,,0,0.4761214554309845,False,0.3557669222354889,False,0.2977030873298645,False
2410,225,0.75,0.25,16146.0,6.0,F3,53,,0,0.3513632118701935,False,0.3174269497394562,False,0.287418931722641,False
2411,225,1.0,1.0,16152.0,24.0,C6,84,,0,0.46903344988822937,False,0.4122965931892395,False,0.3085881769657135,False
2412,225,1.0,0.25,16152.0,6.0,F2,41,,0,0.3176496624946594,False,0.3464491069316864,False,0.29361197352409363,False
2413,225,1.25,0.25,16158.0,6.0,A2,45,,0,0.6759680509567261,True,0.3613499701023102,False,0.2887102961540222,False
2414,225,1.5,0.25,16164.0,6.0,C3,48,,0,0.7660366296768188,True,0.40824514627456665,False,0.31204214692115784,False
2415,225,1.75,0.25,16170.0,6.0,F3,53,,0,0.3651048541069031,False,0.31986120343208313,False,0.28754541277885437,False
2416,225,2.0,0.75,16176.0,18.0,E6,88,,0,0.34120070934295654,False,0.3423713147640228,False,0.28916001319885254,False
2417,225,2.0,0.25,16176.0,6.0,F2,41,,0,0.1505102515220642,False,0.3202696740627289,False,0.2865760922431946,False
2418,225,2.25,0.25,16182.0,6.0,B-2,46,,0,0.15335577726364136,False,0.32453325390815735,False,0.28454095125198364,False
2419,225,2.5,0.25,16188.0,6.0,C3,48,,0,0.6936246752738953,True,0.41075894236564636,False,0.3127124011516571,False
2420,225,2.75,0.125,16194.0,3.0,D6,86,,0,0.4759073257446289,False,0.3635026514530182,False,0.30054792761802673,False
2421,225,2.75,0.25,16194.0,6.0,F3,53,,0,0.32122594118118286,False,0.3140842020511627,False,0.2869512140750885,False
2422,225,2.875,0.125,16197.0,3.0,C6,84,,0,0.713134765625,True,0.39700156450271606,False,0.3092541992664337,False
2423,226,0.0,1.0,16200.0,24.0,F6,89,,0,0.5208212733268738,True,0.609039306640625,True,0.36221012473106384,False
2424,226,0.0,1.0,16200.0,24.0,F3,53,,0,0.21013931930065155,False,0.34602269530296326,False,0.2972729802131653,False
2425,226,0.0,1.0,16200.0,24.0,C3,48,,0,0.3349471390247345,False,0.40367284417152405,False,0.3096731901168823,False
2426,226,0.0,1.0,16200.0,24.0,A2,45,,0,0.5735080242156982,True,0.47666656970977783,False,0.30860844254493713,False
2427,226,0.0,1.0,16200.0,24.0,F2,41,,0,0.35214662551879883,False,0.36775127053260803,False,0.30331912636756897,False
2428,226,1.0,1.5,16224.0,36.0,A5,81,,0,0.80079585313797,True,0.4758904278278351,False,0.31398603320121765,False
2429,226,1.0,1.5,16224.0,36.0,A3,57,,0,0.9146960377693176,True,0.44944697618484497,False,0.31495401263237,False
2430,226,1.0,1.5,16224.0,36.0,A2,45,,0,0.5764820575714111,True,0.46392959356307983,False,0.30508285760879517,False
2431,226,2.5,0.5,16260.0,12.0,C#5,73,,0,0.303690105676651,False,0.3581356406211853,False,0.2976670265197754,False
2432,226,2.5,0.5,16260.0,12.0,C#4,61,,0,0.6688963770866394,True,0.4966720938682556,False,0.322780579328537,False
2433,226,2.5,0.5,16260.0,12.0,C#3,49,,0,0.7343673706054688,True,0.491141140460968,False,0.3253506124019623,False
2434,227,0.0,1.0,16272.0,24.0,D5,74,,0,0.8875158429145813,True,0.48533040285110474,False,0.3382716774940491,False
2435,227,0.0,1.0,16272.0,24.0,D4,62,,0,0.8128283619880676,True,0.4461554288864136,False,0.3307766318321228,False
2436,227,0.0,1.0,16272.0,24.0,D3,50,,0,0.7204146981239319,True,0.5029761791229248,True,0.3380935490131378,False
2437,227,1.0,1.5,16296.0,36.0,F5,77,,0,0.09878035634756088,False,0.32737410068511963,False,0.29042932391166687,False
2438,227,1.0,1.5,16296.0,36.0,F4,65,,0,0.050119273364543915,False,0.3212272524833679,False,0.28872790932655334,False
2439,227,1.0,1.5,16296.0,36.0,F3,53,,0,0.1294785439968109,False,0.33296242356300354,False,0.2912357449531555,False
2440,227,2.5,0.5,16332.0,12.0,A4,69,,0,0.6601682901382446,True,0.3228665888309479,False,0.29997965693473816,False
2441,227,2.5,0.5,16332.0,12.0,A3,57,,0,0.6981981992721558,True,0.3122076988220215,False,0.3009893596172333,False
2442,228,0.0,0.75,16344.0,18.0,B-4,70,,0,0.38528603315353394,False,0.3792262375354767,False,0.301839679479599,False
2443,228,0.0,0.75,16344.0,18.0,B-3,58,,0,0.24357596039772034,False,0.3575217127799988,False,0.29600685834884644,False
2444,228,0.75,0.125,16362.0,3.0,A4,69,,0,0.2949853539466858,False,0.32358673214912415,False,0.283227801322937,False
2445,228,0.75,0.125,16362.0,3.0,A3,57,,0,0.4156778156757355,False,0.3338755667209625,False,0.28616639971733093,False
2446,228,0.875,0.125,16365.0,3.0,G4,67,,0,0.8150487542152405,True,0.5367563366889954,True,0.32350435853004456,False
2447,228,0.875,0.125,16365.0,3.0,G3,55,,0,0.9608548879623413,True,0.5405274629592896,True,0.32963666319847107,False
2448,228,1.0,1.0,16368.0,24.0,C5,72,,0,0.5968502759933472,True,0.514572262763977,True,0.3288824260234833,False
2449,228,1.0,1.0,16368.0,24.0,C4,60,,0,0.44523748755455017,False,0.4163735508918762,False,0.30985406041145325,False
2450,228,2.0,1.0,16392.0,24.0,E5,76,,0,0.3086003065109253,False,0.3497508764266968,False,0.29207682609558105,False
2451,228,2.0,1.0,16392.0,24.0,C5,72,,0,0.2993045449256897,False,0.37578919529914856,False,0.2991252541542053,False
2452,228,2.0,1.0,16392.0,24.0,G4,67,,0,0.3782818913459778,False,0.3995921015739441,False,0.3072589039802551,False
2453,228,2.0,1.0,16392.0,24.0,C4,60,,0,0.508569061756134,True,0.4859570562839508,False,0.3152749836444855,False
2454,228,2.0,1.0,16392.0,24.0,C3,48,,0,0.5486510992050171,True,0.49710941314697266,False,0.3118396997451782,False
2455,229,0.0,1.0,16416.0,24.0,F5,77,,0,0.5182577967643738,True,0.4694938361644745,False,0.3266138732433319,False
2456,229,0.0,1.0,16416.0,24.0,C5,72,,0,0.5040455460548401,True,0.45595231652259827,False,0.32347774505615234,False
2457,229,0.0,1.0,16416.0,24.0,A4,69,,0,0.4489326775074005,False,0.39546412229537964,False,0.30292102694511414,False
2458,229,0.0,1.0,16416.0,24.0,F4,65,,0,0.5970571637153625,True,0.4870566129684448,False,0.3321249783039093,False
2459,229,0.0,1.0,16416.0,24.0,F3,53,,0,0.5250875949859619,True,0.459190309047699,False,0.32885023951530457,False
2460,229,1.0,1.0,16440.0,24.0,F4,65,,0,0.4587225615978241,False,0.38919657468795776,False,0.3053426444530487,False
2461,229,1.0,1.0,16440.0,24.0,F3,53,,0,0.51156085729599,True,0.436166912317276,False,0.3153110444545746,False
2462,229,1.0,1.0,16440.0,24.0,F2,41,,0,0.5913403034210205,True,0.4681563079357147,False,0.3206563889980316,False
