note_index,note_id,measure,measure_offset,quarter_length,time_position,duration_seconds,pitch_name,pitch_midi,staff,voice,layer_1_score,layer_1_mask,layer_2_score,layer_2_mask,layer_3_score,layer_3_mask
0,p0n1,1,0.0,0.5,0.0,240.0,E6,88,1,0,0.9636421203613281,True,0.9458649158477783,True,0.8014763593673706,True
1,p0n0,1,0.0,0.5,0.0,240.0,A5,81,1,0,0.9399690628051758,True,0.9856211543083191,True,0.8529262542724609,True
2,p0n2,1,0.0,0.08333333333333333,0.0,40.0,F#3,54,2,0,0.8455889821052551,True,0.7707000374794006,True,0.7374438643455505,True
3,p0n4,1,0.08333333333333333,0.08333333333333333,40.0,40.0,C#4,61,2,0,0.11522068828344345,False,0.15614886581897736,False,0.28688985109329224,False
4,p0n5,1,0.16666666666666666,0.08333333333333333,80.0,40.0,E4,64,2,0,0.6752801537513733,True,0.6516538262367249,True,0.23053047060966492,False
5,p0n6,1,0.25,0.08333333333333333,120.0,40.0,A4,69,2,0,0.9858255982398987,True,0.9878844618797302,True,0.7774235606193542,True
6,p0n7,1,0.3333333333333333,0.08333333333333333,160.0,40.0,C#5,73,2,0,0.5550347566604614,True,0.4872610867023468,False,0.39506566524505615,False
7,p0n8,1,0.4166666666666667,0.08333333333333333,200.0,40.0,E5,76,2,0,0.8291699886322021,True,0.04079780727624893,False,0.274593710899353,False
8,p0n10,1,0.5,0.8333333333333334,240.0,400.0,C#6,85,1,0,0.9578744173049927,True,0.9467743039131165,True,0.937326192855835,True
9,p0n11,1,0.5,0.08333333333333333,240.0,40.0,A5,81,2,0,0.9427371621131897,True,0.9476400017738342,True,0.8086881041526794,True
10,p0n9,1,0.5,0.8333333333333334,240.0,400.0,G#5,80,1,0,0.47392088174819946,False,0.34285926818847656,False,0.32741475105285645,False
11,p0n12,1,0.5833333333333334,0.08333333333333333,280.0,40.0,E5,76,2,0,0.85407954454422,True,0.027094677090644836,False,0.2757297158241272,False
12,p0n13,1,0.6666666666666666,0.08333333333333333,320.0,40.0,C#5,73,2,0,0.3998831510543823,False,0.34168148040771484,False,0.33714526891708374,False
13,p0n14,1,0.75,0.08333333333333333,360.0,40.0,A4,69,2,0,0.9778408408164978,True,0.9793809056282043,True,0.774163007736206,True
14,p0n15,1,0.8333333333333334,0.08333333333333333,400.0,40.0,E4,64,2,0,0.7933642268180847,True,0.4649534225463867,False,0.3007446527481079,False
15,p0n16,1,0.9166666666666666,0.08333333333333333,440.0,40.0,C#4,61,2,0,0.09157218784093857,False,0.14908412098884583,False,0.28555360436439514,False
16,p0n19,1,1.0,0.08333333333333333,480.0,40.0,F#3,54,2,0,0.615486741065979,True,0.5417411923408508,True,0.6076322793960571,True
17,p0n20,1,1.0833333333333333,0.08333333333333333,520.0,40.0,C#4,61,2,0,0.11886441707611084,False,0.1550230234861374,False,0.2866878807544708,False
18,p0n21,1,1.1666666666666667,0.08333333333333333,560.0,40.0,E4,64,2,0,0.766322135925293,True,0.70120769739151,True,0.2565002143383026,False
19,p0n22,1,1.25,0.08333333333333333,600.0,40.0,A4,69,2,0,0.9779241681098938,True,0.9757112264633179,True,0.7819806337356567,True
20,p0n23,1,1.3333333333333333,0.3333333333333333,640.0,160.0,C#5,73,1,0,0.31197014451026917,False,0.25805437564849854,False,0.31096145510673523,False
21,p0n24,1,1.3333333333333333,0.08333333333333333,640.0,40.0,E4,64,2,0,0.8110395669937134,True,0.4882134199142456,False,0.30515217781066895,False
22,p0n25,1,1.4166666666666667,0.08333333333333333,680.0,40.0,C#4,61,2,0,0.12961389124393463,False,0.15694276988506317,False,0.2867913246154785,False
23,p0n26,1,1.5,0.08333333333333333,720.0,40.0,F#3,54,2,0,0.3908931612968445,False,0.32042285799980164,False,0.3063320815563202,False
24,p0n27,1,1.5833333333333333,0.08333333333333333,760.0,40.0,C#4,61,2,0,0.15915165841579437,False,0.15840156376361847,False,0.2874886095523834,False
25,p0n29,1,1.6666666666666667,0.3333333333333333,800.0,160.0,F#5,78,1,0,0.8979303240776062,True,0.36946070194244385,False,0.34205326437950134,False
26,p0n28,1,1.6666666666666667,0.3333333333333333,800.0,160.0,E5,76,1,0,0.9476867914199829,True,0.1004975363612175,False,0.2775511145591736,False
27,p0n30,1,1.6666666666666667,0.08333333333333333,800.0,40.0,E4,64,2,0,0.5527684092521667,True,0.6442055106163025,True,0.2319074422121048,False
28,p0n31,1,1.75,0.08333333333333333,840.0,40.0,A4,69,2,0,0.9726391434669495,True,0.9748634099960327,True,0.7775389552116394,True
29,p0n32,1,1.8333333333333333,0.08333333333333333,880.0,40.0,E4,64,2,0,0.5190632939338684,True,0.3155052363872528,False,0.283444881439209,False
30,p0n33,1,1.9166666666666667,0.08333333333333333,920.0,40.0,C#4,61,2,0,0.08547002077102661,False,0.148728609085083,False,0.285407155752182,False
31,p0n35,2,0.0,0.5,960.0,240.0,E6,88,1,0,0.9344651103019714,True,0.9399586915969849,True,0.968946635723114,True
32,p0n34,2,0.0,0.5,960.0,240.0,A5,81,1,0,0.9465433359146118,True,0.9603751301765442,True,0.8442350029945374,True
33,p0n36,2,0.0,0.08333333333333333,960.0,40.0,F#3,54,2,0,0.7751504182815552,True,0.684918999671936,True,0.6610875725746155,True
34,p0n38,2,0.08333333333333333,0.08333333333333333,1000.0,40.0,C#4,61,2,0,0.09332646429538727,False,0.14966243505477905,False,0.28570058941841125,False
35,p0n39,2,0.16666666666666666,0.08333333333333333,1040.0,40.0,E4,64,2,0,0.5546786189079285,True,0.3326323926448822,False,0.28433945775032043,False
36,p0n40,2,0.25,0.08333333333333333,1080.0,40.0,A4,69,2,0,0.978832483291626,True,0.9647312164306641,True,0.7527453899383545,True
37,p0n41,2,0.3333333333333333,0.08333333333333333,1120.0,40.0,C#5,73,2,0,0.4212939441204071,False,0.3222476840019226,False,0.33127114176750183,False
38,p0n42,2,0.4166666666666667,0.08333333333333333,1160.0,40.0,E5,76,2,0,0.882532000541687,True,0.06869404762983322,False,0.2765437662601471,False
39,p0n44,2,0.5,0.08333333333333333,1200.0,40.0,A5,81,2,0,0.9402101039886475,True,0.9528363347053528,True,0.842117190361023,True
40,p0n43,2,0.5,0.8333333333333334,1200.0,400.0,G#5,80,1,0,0.2578103542327881,False,0.19032637774944305,False,0.28835445642471313,False
41,p0n45,2,0.5833333333333334,0.08333333333333333,1240.0,40.0,E5,76,2,0,0.8822982907295227,True,0.045602552592754364,False,0.27624955773353577,False
42,p0n46,2,0.6666666666666666,0.08333333333333333,1280.0,40.0,C#5,73,2,0,0.25426942110061646,False,0.24916833639144897,False,0.3076966106891632,False
43,p0n47,2,0.75,0.08333333333333333,1320.0,40.0,A4,69,2,0,0.9675419330596924,True,0.9729391932487488,True,0.7363831400871277,True
44,p0n48,2,0.8333333333333334,0.08333333333333333,1360.0,40.0,E4,64,2,0,0.7787936925888062,True,0.5132158398628235,True,0.24189887940883636,False
45,p0n49,2,0.9166666666666666,0.08333333333333333,1400.0,40.0,C#4,61,2,0,0.08285589516162872,False,0.14677420258522034,False,0.2851371467113495,False
46,p0n51,2,1.0,0.3333333333333333,1440.0,160.0,C#6,85,1,0,0.867457926273346,True,0.9525331258773804,True,0.9444897770881653,True
47,p0n52,2,1.0,0.08333333333333333,1440.0,40.0,F#3,54,2,0,0.6830265522003174,True,0.5704469680786133,True,0.6158480644226074,True
48,p0n53,2,1.0833333333333333,0.08333333333333333,1480.0,40.0,C#4,61,2,0,0.11952278017997742,False,0.15525197982788086,False,0.28667575120925903,False
49,p0n54,2,1.1666666666666667,0.08333333333333333,1520.0,40.0,E4,64,2,0,0.8283262848854065,True,0.7058044075965881,True,0.4765172600746155,False
50,p0n55,2,1.25,0.08333333333333333,1560.0,40.0,A4,69,2,0,0.9702182412147522,True,0.976000964641571,True,0.7334632277488708,True
51,p0n56,2,1.3333333333333333,0.3333333333333333,1600.0,160.0,C#5,73,1,0,0.34798556566238403,False,0.2866465151309967,False,0.31951165199279785,False
52,p0n57,2,1.3333333333333333,0.08333333333333333,1600.0,40.0,E4,64,2,0,0.8523567318916321,True,0.5077045559883118,True,0.2495499849319458,False
53,p0n58,2,1.4166666666666667,0.08333333333333333,1640.0,40.0,C#4,61,2,0,0.15174822509288788,False,0.162639319896698,False,0.2878135144710541,False
54,p0n59,2,1.5,0.08333333333333333,1680.0,40.0,F#3,54,2,0,0.3952431082725525,False,0.3245916962623596,False,0.3073248565196991,False
55,p0n60,2,1.5833333333333333,0.08333333333333333,1720.0,40.0,C#4,61,2,0,0.17950841784477234,False,0.162788987159729,False,0.28831636905670166,False
56,p0n62,2,1.6666666666666667,0.3333333333333333,1760.0,160.0,F#5,78,1,0,0.8707882761955261,True,0.7485998868942261,True,0.8398669362068176,True
57,p0n61,2,1.6666666666666667,0.3333333333333333,1760.0,160.0,E5,76,1,0,0.9674689769744873,True,0.09875160455703735,False,0.2782019078731537,False
58,p0n63,2,1.6666666666666667,0.08333333333333333,1760.0,40.0,E4,64,2,0,0.6055651307106018,True,0.6617280840873718,True,0.27996671199798584,False
59,p0n64,2,1.75,0.08333333333333333,1800.0,40.0,A4,69,2,0,0.9621663689613342,True,0.9728081226348877,True,0.7240465879440308,True
60,p0n65,2,1.8333333333333333,0.08333333333333333,1840.0,40.0,E4,64,2,0,0.5607813596725464,True,0.3345890939235687,False,0.2866359353065491,False
61,p0n66,2,1.9166666666666667,0.08333333333333333,1880.0,40.0,C#4,61,2,0,0.096702940762043,False,0.15133440494537354,False,0.28581273555755615,False
62,p0n68,3,0.0,0.5,1920.0,240.0,E6,88,1,0,0.9612494707107544,True,0.9706511497497559,True,0.9678400158882141,True
63,p0n67,3,0.0,0.5,1920.0,240.0,A5,81,1,0,0.951397180557251,True,0.9945800304412842,True,0.9111438393592834,True
64,p0n69,3,0.0,0.08333333333333333,1920.0,40.0,F#3,54,2,0,0.7650290727615356,True,0.6788232326507568,True,0.6450525522232056,True
65,p0n71,3,0.08333333333333333,0.08333333333333333,1960.0,40.0,C#4,61,2,0,0.09783191978931427,False,0.1504257172346115,False,0.28581172227859497,False
66,p0n72,3,0.16666666666666666,0.08333333333333333,2000.0,40.0,E4,64,2,0,0.6234803795814514,True,0.3446577191352844,False,0.2894335389137268,False
67,p0n73,3,0.25,0.08333333333333333,2040.0,40.0,A4,69,2,0,0.9499075412750244,True,0.9599912762641907,True,0.7309324741363525,True
68,p0n74,3,0.3333333333333333,0.08333333333333333,2080.0,40.0,C#5,73,2,0,0.462686687707901,False,0.3612390458583832,False,0.3459905683994293,False
69,p0n75,3,0.4166666666666667,0.08333333333333333,2120.0,40.0,E5,76,2,0,0.9103274345397949,True,0.0859779492020607,False,0.27579015493392944,False
70,p0n77,3,0.5,0.8333333333333334,2160.0,400.0,C#6,85,1,0,0.891077995300293,True,0.828787624835968,True,0.932915449142456,True
71,p0n78,3,0.5,0.08333333333333333,2160.0,40.0,A5,81,2,0,0.9124433398246765,True,0.9290370345115662,True,0.8124903440475464,True
72,p0n76,3,0.5,0.8333333333333334,2160.0,400.0,G#5,80,1,0,0.25598669052124023,False,0.2136339247226715,False,0.2918938398361206,False
73,p0n79,3,0.5833333333333334,0.08333333333333333,2200.0,40.0,E5,76,2,0,0.8911092877388,True,0.050028685480356216,False,0.27624455094337463,False
74,p0n80,3,0.6666666666666666,0.08333333333333333,2240.0,40.0,C#5,73,2,0,0.3750472664833069,False,0.34655576944351196,False,0.3401187062263489,False
75,p0n81,3,0.75,0.08333333333333333,2280.0,40.0,A4,69,2,0,0.9608818292617798,True,0.9726406335830688,True,0.729787290096283,True
76,p0n82,3,0.8333333333333334,0.08333333333333333,2320.0,40.0,E4,64,2,0,0.811446487903595,True,0.5121577382087708,True,0.23317788541316986,False
77,p0n83,3,0.9166666666666666,0.08333333333333333,2360.0,40.0,C#4,61,2,0,0.09235358238220215,False,0.14797107875347137,False,0.28534379601478577,False
78,p0n86,3,1.0,0.08333333333333333,2400.0,40.0,F#3,54,2,0,0.6836727261543274,True,0.5710617303848267,True,0.6159003376960754,True
79,p0n87,3,1.0833333333333333,0.08333333333333333,2440.0,40.0,C#4,61,2,0,0.12593846023082733,False,0.1571272313594818,False,0.28700530529022217,False
80,p0n88,3,1.1666666666666667,0.08333333333333333,2480.0,40.0,E4,64,2,0,0.823491632938385,True,0.6958112716674805,True,0.27210021018981934,False
81,p0n89,3,1.25,0.08333333333333333,2520.0,40.0,A4,69,2,0,0.9638198614120483,True,0.9713166356086731,True,0.7103106379508972,True
82,p0n91,3,1.3333333333333333,0.3333333333333333,2560.0,160.0,G#5,80,1,0,0.40366026759147644,False,0.11763454973697662,False,0.28158244490623474,False
83,p0n90,3,1.3333333333333333,0.3333333333333333,2560.0,160.0,C#5,73,1,0,0.40945756435394287,False,0.32281067967414856,False,0.3315553069114685,False
84,p0n92,3,1.3333333333333333,0.08333333333333333,2560.0,40.0,E4,64,2,0,0.8336088061332703,True,0.4593915343284607,False,0.3007733225822449,False
85,p0n93,3,1.4166666666666667,0.08333333333333333,2600.0,40.0,C#4,61,2,0,0.11511175334453583,False,0.15307043492794037,False,0.2860569953918457,False
86,p0n94,3,1.5,0.08333333333333333,2640.0,40.0,F#3,54,2,0,0.4019739627838135,False,0.3295184373855591,False,0.30855947732925415,False
87,p0n95,3,1.5833333333333333,0.08333333333333333,2680.0,40.0,C#4,61,2,0,0.13580796122550964,False,0.15300554037094116,False,0.2863978147506714,False
88,p0n97,3,1.6666666666666667,0.3333333333333333,2720.0,160.0,F#5,78,1,0,0.8707347512245178,True,0.619829535484314,True,0.8031821846961975,True
89,p0n96,3,1.6666666666666667,0.3333333333333333,2720.0,160.0,E5,76,1,0,0.9418640732765198,True,0.08707357197999954,False,0.27768194675445557,False
90,p0n98,3,1.6666666666666667,0.08333333333333333,2720.0,40.0,E4,64,2,0,0.6486061811447144,True,0.6224055886268616,True,0.24338893592357635,False
91,p0n99,3,1.75,0.08333333333333333,2760.0,40.0,A4,69,2,0,0.966188371181488,True,0.9552330374717712,True,0.713797926902771,True
92,p0n100,3,1.8333333333333333,0.08333333333333333,2800.0,40.0,E4,64,2,0,0.5094863772392273,True,0.2707550823688507,False,0.2755568325519562,False
93,p0n101,3,1.9166666666666667,0.08333333333333333,2840.0,40.0,C#4,61,2,0,0.088882215321064,False,0.14920464158058167,False,0.2854537069797516,False
94,p0n103,4,0.0,0.5,2880.0,240.0,E6,88,1,0,0.9601524472236633,True,0.9574314951896667,True,0.9844755530357361,True
95,p0n102,4,0.0,0.5,2880.0,240.0,A5,81,1,0,0.9705182909965515,True,0.9885607361793518,True,0.945323646068573,True
96,p0n104,4,0.0,0.08333333333333333,2880.0,40.0,F#3,54,2,0,0.765582263469696,True,0.6789024472236633,True,0.6456205248832703,True
97,p0n108,4,0.08333333333333333,0.08333333333333333,2920.0,40.0,C#4,61,2,0,0.10222818702459335,False,0.1517663300037384,False,0.2860884368419647,False
98,p0n109,4,0.16666666666666666,0.08333333333333333,2960.0,40.0,E4,64,2,0,0.4997502565383911,False,0.20507851243019104,False,0.29853349924087524,False
99,p0n110,4,0.25,0.08333333333333333,3000.0,40.0,G#4,68,2,0,0.5228723287582397,True,0.6273868680000305,True,0.41282957792282104,False
100,p0n111,4,0.25,0.6666666666666666,3000.0,320.0,G#4,68,2,0,0.5840505957603455,True,0.6745344400405884,True,0.4479396641254425,False
101,p0n112,4,0.3333333333333333,0.08333333333333333,3040.0,40.0,C#5,73,2,0,0.4894181191921234,False,0.3444896340370178,False,0.34039220213890076,False
102,p0n113,4,0.4166666666666667,0.08333333333333333,3080.0,40.0,E5,76,2,0,0.8850734829902649,True,0.07436969131231308,False,0.2749096155166626,False
103,p0n115,4,0.5,0.8333333333333334,3120.0,400.0,C#6,85,1,0,0.9209553003311157,True,0.8653551340103149,True,0.9419620037078857,True
104,p0n116,4,0.5,0.08333333333333333,3120.0,40.0,A5,81,2,0,0.8867401480674744,True,0.8990474343299866,True,0.7934471964836121,True
105,p0n114,4,0.5,0.8333333333333334,3120.0,400.0,G#5,80,1,0,0.34457314014434814,False,0.2823159992694855,False,0.3076733648777008,False
106,p0n117,4,0.5833333333333334,0.08333333333333333,3160.0,40.0,E5,76,2,0,0.9247777462005615,True,0.07746531814336777,False,0.27515220642089844,False
107,p0n118,4,0.6666666666666666,0.08333333333333333,3200.0,40.0,C#5,73,2,0,0.48047471046447754,False,0.3738453984260559,False,0.3585686683654785,False
108,p0n119,4,0.75,0.08333333333333333,3240.0,40.0,A4,69,2,0,0.9738690257072449,True,0.9880152344703674,True,0.7489834427833557,True
109,p0n120,4,0.8333333333333334,0.08333333333333333,3280.0,40.0,E4,64,2,0,0.6513293981552124,True,0.4471518397331238,False,0.2967664897441864,False
110,p0n121,4,0.9166666666666666,0.08333333333333333,3320.0,40.0,C#4,61,2,0,0.08198197185993195,False,0.1430259644985199,False,0.284451961517334,False
111,p0n125,4,1.0,1.0,3360.0,480.0,C#5,73,1,0,0.6651048064231873,True,0.9890602827072144,True,0.9362466335296631,True
112,p0n126,4,1.0,0.08333333333333333,3360.0,40.0,F#3,54,2,0,0.7029069066047668,True,0.5968640446662903,True,0.6260806322097778,True
113,p0n128,4,1.0833333333333333,0.08333333333333333,3400.0,40.0,C#4,61,2,0,0.12347905337810516,False,0.15559163689613342,False,0.286705881357193,False
114,p0n129,4,1.1666666666666667,0.08333333333333333,3440.0,40.0,E4,64,2,0,0.7943302989006042,True,0.5990335941314697,True,0.45510971546173096,False
115,p0n130,4,1.25,0.08333333333333333,3480.0,40.0,A4,69,2,0,0.9741064310073853,True,0.9682655334472656,True,0.7647437453269958,True
116,p0n133,4,1.3333333333333333,0.3333333333333333,3520.0,160.0,G#5,80,1,0,0.2102603018283844,False,0.10074317455291748,False,0.27872011065483093,False
117,p0n132,4,1.3333333333333333,0.3333333333333333,3520.0,160.0,C#5,73,1,0,0.5114275217056274,True,0.8098437786102295,True,0.5080679655075073,True
118,p0n134,4,1.3333333333333333,0.08333333333333333,3520.0,40.0,E4,64,2,0,0.7928754687309265,True,0.3582407236099243,False,0.2963164150714874,False
119,p0n135,4,1.4166666666666667,0.08333333333333333,3560.0,40.0,C#4,61,2,0,0.19481594860553741,False,0.17052219808101654,False,0.28959161043167114,False
120,p0n136,4,1.5,0.08333333333333333,3600.0,40.0,F#3,54,2,0,0.39557069540023804,False,0.3302488327026367,False,0.3088144063949585,False
121,p0n138,4,1.5833333333333333,0.08333333333333333,3640.0,40.0,C#4,61,2,0,0.22916467487812042,False,0.17015931010246277,False,0.290287047624588,False
122,p0n140,4,1.6666666666666667,0.3333333333333333,3680.0,160.0,F#5,78,1,0,0.8253636956214905,True,0.7236757874488831,True,0.8474834561347961,True
123,p0n139,4,1.6666666666666667,0.3333333333333333,3680.0,160.0,E5,76,1,0,0.9628270864486694,True,0.1271257847547531,False,0.2784251868724823,False
124,p0n141,4,1.6666666666666667,0.08333333333333333,3680.0,40.0,E4,64,2,0,0.575382649898529,True,0.32764434814453125,False,0.28552284836769104,False
125,p0n142,4,1.75,0.08333333333333333,3720.0,40.0,A4,69,2,0,0.9741271138191223,True,0.9842998385429382,True,0.7390652894973755,True
126,p0n143,4,1.8333333333333333,0.08333333333333333,3760.0,40.0,E4,64,2,0,0.486713707447052,False,0.24819430708885193,False,0.3097974956035614,False
127,p0n144,4,1.9166666666666667,0.08333333333333333,3800.0,40.0,C#4,61,2,0,0.1245630532503128,False,0.15695570409297943,False,0.2868953347206116,False
128,p0n146,5,0.0,0.5,3840.0,240.0,E6,88,1,0,0.9569242000579834,True,0.9763264060020447,True,0.9738986492156982,True
129,p0n145,5,0.0,0.5,3840.0,240.0,A5,81,1,0,0.9626304507255554,True,0.99828040599823,True,0.947365939617157,True
130,p0n147,5,0.0,1.0,3840.0,480.0,C#5,73,1,0,0.7106918096542358,True,0.9222139120101929,True,0.834116518497467,True
131,p0n148,5,0.0,0.08333333333333333,3840.0,40.0,F#3,54,2,0,0.7561795711517334,True,0.6797226667404175,True,0.6246683597564697,True
132,p0n150,5,0.08333333333333333,0.08333333333333333,3880.0,40.0,C#4,61,2,0,0.10508083552122116,False,0.15196768939495087,False,0.28605982661247253,False
133,p0n151,5,0.16666666666666666,0.08333333333333333,3920.0,40.0,E4,64,2,0,0.5960755348205566,True,0.6405820846557617,True,0.2107057273387909,False
134,p0n152,5,0.25,0.08333333333333333,3960.0,40.0,A4,69,2,0,0.9520843029022217,True,0.9957919120788574,True,0.8216922879219055,True
135,p0n153,5,0.3333333333333333,0.08333333333333333,4000.0,40.0,C#5,73,2,0,0.5223491787910461,True,0.3565313518047333,False,0.34406664967536926,False
136,p0n154,5,0.4166666666666667,0.08333333333333333,4040.0,40.0,E5,76,2,0,0.897151529788971,True,0.07197891920804977,False,0.27500391006469727,False
137,p0n156,5,0.5,0.8333333333333334,4080.0,400.0,C#6,85,1,0,0.9024550914764404,True,0.8451352715492249,True,0.9249642491340637,True
138,p0n157,5,0.5,0.08333333333333333,4080.0,40.0,A5,81,2,0,0.9172243475914001,True,0.9369834065437317,True,0.8190106153488159,True
139,p0n155,5,0.5,0.8333333333333334,4080.0,400.0,G#5,80,1,0,0.28194838762283325,False,0.23855659365653992,False,0.2969115972518921,False
140,p0n158,5,0.5833333333333334,0.08333333333333333,4120.0,40.0,E5,76,2,0,0.8928534388542175,True,0.05056589096784592,False,0.27605757117271423,False
141,p0n159,5,0.6666666666666666,0.08333333333333333,4160.0,40.0,C#5,73,2,0,0.3981175124645233,False,0.36304739117622375,False,0.34635990858078003,False
142,p0n160,5,0.75,0.08333333333333333,4200.0,40.0,A4,69,2,0,0.9572827816009521,True,0.9793657064437866,True,0.7707954049110413,True
143,p0n161,5,0.8333333333333334,0.08333333333333333,4240.0,40.0,E4,64,2,0,0.8216367363929749,True,0.4702891707420349,False,0.30574876070022583,False
144,p0n162,5,0.9166666666666666,0.08333333333333333,4280.0,40.0,C#4,61,2,0,0.09163877367973328,False,0.14763765037059784,False,0.28523385524749756,False
145,p0n165,5,1.0,0.08333333333333333,4320.0,40.0,F#3,54,2,0,0.678678572177887,True,0.5752029418945312,True,0.6063984632492065,True
146,p0n167,5,1.0833333333333333,0.08333333333333333,4360.0,40.0,C#4,61,2,0,0.1253676414489746,False,0.15691372752189636,False,0.2868870198726654,False
147,p0n168,5,1.1666666666666667,0.08333333333333333,4400.0,40.0,E4,64,2,0,0.8371574282646179,True,0.6942614316940308,True,0.2632049322128296,False
148,p0n169,5,1.25,0.08333333333333333,4440.0,40.0,A4,69,2,0,0.9568187594413757,True,0.9796895980834961,True,0.7520262002944946,True
149,p0n171,5,1.3333333333333333,0.3333333333333333,4480.0,160.0,G#5,80,1,0,0.37983033061027527,False,0.11563804745674133,False,0.28113409876823425,False
150,p0n170,5,1.3333333333333333,0.3333333333333333,4480.0,160.0,C#5,73,1,0,0.44571027159690857,False,0.3454117178916931,False,0.33983635902404785,False
151,p0n172,5,1.3333333333333333,0.08333333333333333,4480.0,40.0,E4,64,2,0,0.8443098068237305,True,0.4637582302093506,False,0.301897257566452,False
152,p0n174,5,1.4166666666666667,0.08333333333333333,4520.0,40.0,C#4,61,2,0,0.1022559106349945,False,0.14958155155181885,False,0.28540435433387756,False
153,p0n175,5,1.5,0.08333333333333333,4560.0,40.0,F#3,54,2,0,0.3981562852859497,False,0.32677239179611206,False,0.30777546763420105,False
154,p0n176,5,1.5833333333333333,0.08333333333333333,4600.0,40.0,C#4,61,2,0,0.12247709184885025,False,0.14985191822052002,False,0.2857624292373657,False
155,p0n178,5,1.6666666666666667,0.3333333333333333,4640.0,160.0,F#5,78,1,0,0.8803523182868958,True,0.608544647693634,True,0.7695915699005127,True
156,p0n177,5,1.6666666666666667,0.3333333333333333,4640.0,160.0,E5,76,1,0,0.9347226023674011,True,0.08873091638088226,False,0.2774204611778259,False
157,p0n179,5,1.6666666666666667,0.08333333333333333,4640.0,40.0,E4,64,2,0,0.6727138161659241,True,0.6212292909622192,True,0.2338055670261383,False
158,p0n180,5,1.75,0.08333333333333333,4680.0,40.0,A4,69,2,0,0.9585464596748352,True,0.9621399641036987,True,0.7395692467689514,True
159,p0n181,5,1.8333333333333333,0.08333333333333333,4720.0,40.0,E4,64,2,0,0.524827241897583,True,0.2736756205558777,False,0.2758445739746094,False
160,p0n182,5,1.9166666666666667,0.08333333333333333,4760.0,40.0,C#4,61,2,0,0.07787147909402847,False,0.14592796564102173,False,0.28484007716178894,False
161,p0n184,6,0.0,0.5,4800.0,240.0,E6,88,1,0,0.960682213306427,True,0.9619454741477966,True,0.9678031206130981,True
162,p0n183,6,0.0,0.5,4800.0,240.0,A5,81,1,0,0.9740018248558044,True,0.9910392165184021,True,0.907501220703125,True
163,p0n185,6,0.0,0.08333333333333333,4800.0,40.0,F#3,54,2,0,0.7652856111526489,True,0.6780486106872559,True,0.6481001377105713,True
164,p0n189,6,0.08333333333333333,0.08333333333333333,4840.0,40.0,C#4,61,2,0,0.10211604833602905,False,0.1515667736530304,False,0.28600090742111206,False
165,p0n190,6,0.16666666666666666,0.08333333333333333,4880.0,40.0,E4,64,2,0,0.4835609793663025,False,0.20341601967811584,False,0.2978222966194153,False
166,p0n191,6,0.25,0.08333333333333333,4920.0,40.0,G#4,68,2,0,0.3410681188106537,False,0.2579880654811859,False,0.3084508776664734,False
167,p0n192,6,0.25,0.6666666666666666,4920.0,320.0,G#4,68,2,0,0.38705509901046753,False,0.2844075560569763,False,0.31594738364219666,False
168,p0n193,6,0.3333333333333333,0.08333333333333333,4960.0,40.0,C#5,73,2,0,0.45591995120048523,False,0.31510674953460693,False,0.32942843437194824,False
169,p0n194,6,0.4166666666666667,0.08333333333333333,5000.0,40.0,E5,76,2,0,0.8690831065177917,True,0.0675119012594223,False,0.2744908034801483,False
170,p0n196,6,0.5,0.8333333333333334,5040.0,400.0,C#6,85,1,0,0.919099748134613,True,0.854651927947998,True,0.9341695308685303,True
171,p0n197,6,0.5,0.08333333333333333,5040.0,40.0,A5,81,2,0,0.8981882929801941,True,0.9093255400657654,True,0.7876268625259399,True
172,p0n195,6,0.5,0.8333333333333334,5040.0,400.0,G#5,80,1,0,0.39239558577537537,False,0.32700711488723755,False,0.31982898712158203,False
173,p0n198,6,0.5833333333333334,0.08333333333333333,5080.0,40.0,E5,76,2,0,0.9078139662742615,True,0.06536610424518585,False,0.2752165198326111,False
174,p0n199,6,0.6666666666666666,0.08333333333333333,5120.0,40.0,C#5,73,2,0,0.403255820274353,False,0.31335046887397766,False,0.33326515555381775,False
175,p0n200,6,0.75,0.08333333333333333,5160.0,40.0,A4,69,2,0,0.9850194454193115,True,0.9782699346542358,True,0.6958276033401489,True
176,p0n201,6,0.8333333333333334,0.08333333333333333,5200.0,40.0,E4,64,2,0,0.5387768149375916,True,0.39754584431648254,False,0.28289595246315,False
177,p0n202,6,0.9166666666666666,0.08333333333333333,5240.0,40.0,C#4,61,2,0,0.06836138665676117,False,0.14002156257629395,False,0.2838798761367798,False
178,p0n206,6,1.0,1.0,5280.0,480.0,C#5,73,1,0,0.6095384955406189,True,0.9352169632911682,True,0.9024679064750671,True
179,p0n207,6,1.0,0.08333333333333333,5280.0,40.0,F#3,54,2,0,0.723496675491333,True,0.6165491342544556,True,0.6344408988952637,True
180,p0n209,6,1.0833333333333333,0.08333333333333333,5320.0,40.0,C#4,61,2,0,0.09818136692047119,False,0.14901982247829437,False,0.28543922305107117,False
181,p0n210,6,1.1666666666666667,0.08333333333333333,5360.0,40.0,E4,64,2,0,0.7220155596733093,True,0.6264038681983948,True,0.27288123965263367,False
182,p0n211,6,1.25,0.08333333333333333,5400.0,40.0,A4,69,2,0,0.9855859875679016,True,0.9388112425804138,True,0.6347676515579224,True
183,p0n214,6,1.3333333333333333,0.3333333333333333,5440.0,160.0,G#5,80,1,0,0.2398461550474167,False,0.10338234156370163,False,0.2790306806564331,False
184,p0n213,6,1.3333333333333333,0.3333333333333333,5440.0,160.0,C#5,73,1,0,0.4352615475654602,False,0.25065988302230835,False,0.31256866455078125,False
185,p0n215,6,1.3333333333333333,0.08333333333333333,5440.0,40.0,E4,64,2,0,0.7008101344108582,True,0.31909602880477905,False,0.28646475076675415,False
186,p0n216,6,1.4166666666666667,0.08333333333333333,5480.0,40.0,C#4,61,2,0,0.15306657552719116,False,0.15990179777145386,False,0.28742465376853943,False
187,p0n217,6,1.5,0.08333333333333333,5520.0,40.0,F#3,54,2,0,0.41992801427841187,False,0.3484615385532379,False,0.31352460384368896,False
188,p0n219,6,1.5833333333333333,0.08333333333333333,5560.0,40.0,C#4,61,2,0,0.18246492743492126,False,0.16013512015342712,False,0.28803592920303345,False
189,p0n221,6,1.6666666666666667,0.3333333333333333,5600.0,160.0,F#5,78,1,0,0.8524717688560486,True,0.7016240358352661,True,0.8523594737052917,True
190,p0n220,6,1.6666666666666667,0.3333333333333333,5600.0,160.0,E5,76,1,0,0.9585570693016052,True,0.12140729278326035,False,0.279050350189209,False
191,p0n222,6,1.6666666666666667,0.08333333333333333,5600.0,40.0,E4,64,2,0,0.47787803411483765,False,0.24692998826503754,False,0.3102932870388031,False
192,p0n223,6,1.75,0.08333333333333333,5640.0,40.0,A4,69,2,0,0.9861242771148682,True,0.9754877090454102,True,0.6790565252304077,True
193,p0n224,6,1.8333333333333333,0.08333333333333333,5680.0,40.0,E4,64,2,0,0.3649815618991852,False,0.20691901445388794,False,0.297823041677475,False
194,p0n225,6,1.9166666666666667,0.08333333333333333,5720.0,40.0,C#4,61,2,0,0.09680574387311935,False,0.14945568144321442,False,0.2854657471179962,False
195,p0n227,7,0.0,0.5,5760.0,240.0,E6,88,1,0,0.958662211894989,True,0.9716079235076904,True,0.9735697507858276,True
196,p0n226,7,0.0,0.5,5760.0,240.0,A5,81,1,0,0.9650152325630188,True,0.9979766011238098,True,0.9411043524742126,True
197,p0n228,7,0.0,1.0,5760.0,480.0,C#5,73,1,0,0.6540732979774475,True,0.9031153917312622,True,0.8026720285415649,True
198,p0n229,7,0.0,0.08333333333333333,5760.0,40.0,F#3,54,2,0,0.7674202919006348,True,0.6882144212722778,True,0.6353293657302856,True
199,p0n231,7,0.08333333333333333,0.08333333333333333,5800.0,40.0,C#4,61,2,0,0.0803808867931366,False,0.14542394876480103,False,0.28481942415237427,False
200,p0n232,7,0.16666666666666666,0.08333333333333333,5840.0,40.0,E4,64,2,0,0.5012694001197815,True,0.27134019136428833,False,0.278341144323349,False
201,p0n233,7,0.25,0.08333333333333333,5880.0,40.0,A4,69,2,0,0.9725304245948792,True,0.9878779649734497,True,0.7660630345344543,True
202,p0n234,7,0.3333333333333333,0.08333333333333333,5920.0,40.0,C#5,73,2,0,0.42382609844207764,False,0.30155205726623535,False,0.3242519199848175,False
203,p0n235,7,0.4166666666666667,0.08333333333333333,5960.0,40.0,E5,76,2,0,0.8929694890975952,True,0.06171904876828194,False,0.2752591669559479,False
204,p0n237,7,0.5,0.8333333333333334,6000.0,400.0,C#6,85,1,0,0.9182003736495972,True,0.8498221635818481,True,0.8890954256057739,True
205,p0n238,7,0.5,0.08333333333333333,6000.0,40.0,A5,81,2,0,0.9227657914161682,True,0.9287289977073669,True,0.8132401704788208,True
206,p0n236,7,0.5,0.8333333333333334,6000.0,400.0,G#5,80,1,0,0.3033255338668823,False,0.25807246565818787,False,0.3011717200279236,False
207,p0n239,7,0.5833333333333334,0.08333333333333333,6040.0,40.0,E5,76,2,0,0.8925468921661377,True,0.046918123960494995,False,0.27591192722320557,False
208,p0n240,7,0.6666666666666666,0.08333333333333333,6080.0,40.0,C#5,73,2,0,0.2852054536342621,False,0.27243027091026306,False,0.31481361389160156,False
209,p0n241,7,0.75,0.08333333333333333,6120.0,40.0,A4,69,2,0,0.977540910243988,True,0.9685137867927551,True,0.7082598209381104,True
210,p0n242,7,0.8333333333333334,0.08333333333333333,6160.0,40.0,E4,64,2,0,0.696164608001709,True,0.38518357276916504,False,0.28867971897125244,False
211,p0n243,7,0.9166666666666666,0.08333333333333333,6200.0,40.0,C#4,61,2,0,0.07834725826978683,False,0.14428672194480896,False,0.2845812141895294,False
212,p0n246,7,1.0,0.08333333333333333,6240.0,40.0,F#3,54,2,0,0.700788676738739,True,0.5965443849563599,True,0.6163498759269714,True
213,p0n248,7,1.0833333333333333,0.08333333333333333,6280.0,40.0,C#4,61,2,0,0.1112523153424263,False,0.15312589704990387,False,0.2861155867576599,False
214,p0n249,7,1.1666666666666667,0.08333333333333333,6320.0,40.0,E4,64,2,0,0.7296749949455261,True,0.6319879293441772,True,0.25247126817703247,False
215,p0n250,7,1.25,0.08333333333333333,6360.0,40.0,A4,69,2,0,0.9781810641288757,True,0.9664363861083984,True,0.6834815740585327,True
216,p0n252,7,1.3333333333333333,0.3333333333333333,6400.0,160.0,G#5,80,1,0,0.3065645396709442,False,0.11546915769577026,False,0.28070908784866333,False
217,p0n251,7,1.3333333333333333,0.3333333333333333,6400.0,160.0,C#5,73,1,0,0.28395211696624756,False,0.2368014007806778,False,0.30498984456062317,False
218,p0n253,7,1.3333333333333333,0.08333333333333333,6400.0,40.0,E4,64,2,0,0.7233434319496155,True,0.3005308508872986,False,0.2828330099582672,False
219,p0n255,7,1.4166666666666667,0.08333333333333333,6440.0,40.0,C#4,61,2,0,0.1265924870967865,False,0.15620312094688416,False,0.28648918867111206,False
220,p0n256,7,1.5,0.08333333333333333,6480.0,40.0,F#3,54,2,0,0.4272601902484894,False,0.3481013774871826,False,0.31325486302375793,False
221,p0n257,7,1.5833333333333333,0.08333333333333333,6520.0,40.0,C#4,61,2,0,0.15516887605190277,False,0.1574041098356247,False,0.28711774945259094,False
222,p0n259,7,1.6666666666666667,0.3333333333333333,6560.0,160.0,F#5,78,1,0,0.7353836297988892,True,0.5867272615432739,True,0.7497069239616394,True
223,p0n258,7,1.6666666666666667,0.3333333333333333,6560.0,160.0,E5,76,1,0,0.9344311356544495,True,0.09912628680467606,False,0.27667099237442017,False
224,p0n260,7,1.6666666666666667,0.08333333333333333,6560.0,40.0,E4,64,2,0,0.4851894974708557,False,0.24419505894184113,False,0.30902549624443054,False
225,p0n261,7,1.75,0.08333333333333333,6600.0,40.0,A4,69,2,0,0.9760520458221436,True,0.937317967414856,True,0.6652312278747559,True
226,p0n262,7,1.8333333333333333,0.08333333333333333,6640.0,40.0,E4,64,2,0,0.33344247937202454,False,0.1961362510919571,False,0.29485267400741577,False
227,p0n263,7,1.9166666666666667,0.08333333333333333,6680.0,40.0,C#4,61,2,0,0.08729948103427887,False,0.14884276688098907,False,0.2852727472782135,False
228,p0n265,8,0.0,0.5,6720.0,240.0,E6,88,1,0,0.9518395662307739,True,0.9583004117012024,True,0.9662535786628723,True
229,p0n264,8,0.0,0.5,6720.0,240.0,A5,81,1,0,0.9873626232147217,True,0.9915510416030884,True,0.9049355983734131,True
230,p0n266,8,0.0,0.08333333333333333,6720.0,40.0,F#3,54,2,0,0.7955574989318848,True,0.7026455402374268,True,0.6614631414413452,True
231,p0n270,8,0.08333333333333333,0.08333333333333333,6760.0,40.0,C#4,61,2,0,0.08629367500543594,False,0.14822661876678467,False,0.2852560877799988,False
232,p0n271,8,0.16666666666666666,0.08333333333333333,6800.0,40.0,E4,64,2,0,0.48153531551361084,False,0.18329444527626038,False,0.2935201823711395,False
233,p0n272,8,0.25,0.08333333333333333,6840.0,40.0,G#4,68,2,0,0.6655954122543335,True,0.8794679641723633,True,0.6643624901771545,True
234,p0n273,8,0.25,0.6666666666666666,6840.0,320.0,G#4,68,2,0,0.6912631988525391,True,0.8008735775947571,True,0.563319206237793,True
235,p0n274,8,0.3333333333333333,0.08333333333333333,6880.0,40.0,C#5,73,2,0,0.4761657416820526,False,0.36765238642692566,False,0.34663647413253784,False
236,p0n275,8,0.4166666666666667,0.08333333333333333,6920.0,40.0,E5,76,2,0,0.8499919772148132,True,0.08733870089054108,False,0.272220641374588,False
237,p0n277,8,0.5,0.8333333333333334,6960.0,400.0,C#6,85,1,0,0.882771372795105,True,0.8177765607833862,True,0.9233823418617249,True
238,p0n278,8,0.5,0.08333333333333333,6960.0,40.0,A5,81,2,0,0.9619176983833313,True,0.9322662353515625,True,0.8016064763069153,True
239,p0n276,8,0.5,0.8333333333333334,6960.0,400.0,G#5,80,1,0,0.3798222541809082,False,0.28965356945991516,False,0.31085360050201416,False
240,p0n279,8,0.5833333333333334,0.08333333333333333,7000.0,40.0,E5,76,2,0,0.8494663238525391,True,0.025994131341576576,False,0.27608543634414673,False
241,p0n280,8,0.6666666666666666,0.08333333333333333,7040.0,40.0,C#5,73,2,0,0.38674676418304443,False,0.33292385935783386,False,0.33847081661224365,False
242,p0n281,8,0.75,0.08333333333333333,7080.0,40.0,A4,69,2,0,0.9797481894493103,True,0.9728751182556152,True,0.6375010013580322,True
243,p0n282,8,0.8333333333333334,0.08333333333333333,7120.0,40.0,E4,64,2,0,0.6496254205703735,True,0.38581445813179016,False,0.2843030095100403,False
244,p0n283,8,0.9166666666666666,0.08333333333333333,7160.0,40.0,C#4,61,2,0,0.0903441458940506,False,0.13961906731128693,False,0.2839200794696808,False
245,p0n287,8,1.0,1.0,7200.0,480.0,C#5,73,1,0,0.5997459888458252,True,0.9324360489845276,True,0.8770509958267212,True
246,p0n288,8,1.0,0.08333333333333333,7200.0,40.0,F#3,54,2,0,0.686307430267334,True,0.5609228014945984,True,0.6099036931991577,True
247,p0n290,8,1.0833333333333333,0.08333333333333333,7240.0,40.0,C#4,61,2,0,0.10265087336301804,False,0.14572171866893768,False,0.2849963307380676,False
248,p0n291,8,1.1666666666666667,0.08333333333333333,7280.0,40.0,E4,64,2,0,0.7901225686073303,True,0.5836704969406128,True,0.2707727253437042,False
249,p0n292,8,1.25,0.08333333333333333,7320.0,40.0,A4,69,2,0,0.9776855111122131,True,0.9536551237106323,True,0.6052761077880859,True
250,p0n295,8,1.3333333333333333,0.3333333333333333,7360.0,160.0,G#5,80,1,0,0.40827029943466187,False,0.10203495621681213,False,0.27994629740715027,False
251,p0n294,8,1.3333333333333333,0.3333333333333333,7360.0,160.0,C#5,73,1,0,0.33428069949150085,False,0.26950016617774963,False,0.31398096680641174,False
252,p0n296,8,1.3333333333333333,0.08333333333333333,7360.0,40.0,E4,64,2,0,0.800016462802887,True,0.37165236473083496,False,0.2825179100036621,False
253,p0n297,8,1.4166666666666667,0.08333333333333333,7400.0,40.0,C#4,61,2,0,0.12585590779781342,False,0.1498209536075592,False,0.28551676869392395,False
254,p0n298,8,1.5,0.08333333333333333,7440.0,40.0,F#3,54,2,0,0.4001208543777466,False,0.3201405704021454,False,0.3058661222457886,False
255,p0n300,8,1.5833333333333333,0.08333333333333333,7480.0,40.0,C#4,61,2,0,0.13823939859867096,False,0.1480364203453064,False,0.28554919362068176,False
256,p0n302,8,1.6666666666666667,0.3333333333333333,7520.0,160.0,F#5,78,1,0,0.9405847787857056,True,0.49537530541419983,False,0.3610003888607025,False
257,p0n301,8,1.6666666666666667,0.3333333333333333,7520.0,160.0,E5,76,1,0,0.9262041449546814,True,0.024071939289569855,False,0.2746553122997284,False
258,p0n303,8,1.6666666666666667,0.08333333333333333,7520.0,40.0,E4,64,2,0,0.8537305593490601,True,0.7178639769554138,True,0.24484874308109283,False
259,p0n304,8,1.75,0.08333333333333333,7560.0,40.0,A4,69,2,0,0.9714283347129822,True,0.9650800228118896,True,0.6231380105018616,True
260,p0n305,8,1.8333333333333333,0.08333333333333333,7600.0,40.0,E4,64,2,0,0.7935932278633118,True,0.38106560707092285,False,0.3059545159339905,False
261,p0n306,8,1.9166666666666667,0.08333333333333333,7640.0,40.0,C#4,61,2,0,0.09714380651712418,False,0.14658372104167938,False,0.2850033640861511,False
262,p0n308,9,0.0,0.5,7680.0,240.0,E6,88,1,0,0.9617435336112976,True,0.9663083553314209,True,0.9642439484596252,True
263,p0n307,9,0.0,0.5,7680.0,240.0,A5,81,1,0,0.9715185761451721,True,0.9945396780967712,True,0.9128674268722534,True
264,p0n309,9,0.0,1.0,7680.0,480.0,E5,76,1,0,0.9842660427093506,True,0.6822475790977478,True,0.6807597279548645,True
265,p0n310,9,0.0,0.08333333333333333,7680.0,40.0,F#3,54,2,0,0.7623798847198486,True,0.6660731434822083,True,0.6368287801742554,True
266,p0n312,9,0.08333333333333333,0.08333333333333333,7720.0,40.0,C#4,61,2,0,0.09465625137090683,False,0.14540626108646393,False,0.2849203646183014,False
267,p0n313,9,0.16666666666666666,0.08333333333333333,7760.0,40.0,E4,64,2,0,0.6065807938575745,True,0.33071717619895935,False,0.28035950660705566,False
268,p0n314,9,0.25,0.08333333333333333,7800.0,40.0,A4,69,2,0,0.9417992830276489,True,0.9440898895263672,True,0.6267338395118713,True
269,p0n315,9,0.3333333333333333,0.08333333333333333,7840.0,40.0,C#5,73,2,0,0.37406378984451294,False,0.3140449523925781,False,0.32765403389930725,False
270,p0n316,9,0.4166666666666667,0.08333333333333333,7880.0,40.0,E5,76,2,0,0.9314814209938049,True,0.04896111786365509,False,0.27349451184272766,False
271,p0n318,9,0.5,0.8333333333333334,7920.0,400.0,C#6,85,1,0,0.8655369281768799,True,0.8264151811599731,True,0.8576917052268982,True
272,p0n319,9,0.5,0.08333333333333333,7920.0,40.0,A5,81,2,0,0.9144587516784668,True,0.9208071231842041,True,0.7900561690330505,True
273,p0n317,9,0.5,0.8333333333333334,7920.0,400.0,G#5,80,1,0,0.43367505073547363,False,0.3110402822494507,False,0.31629911065101624,False
274,p0n320,9,0.5833333333333334,0.08333333333333333,7960.0,40.0,E5,76,2,0,0.918418824672699,True,0.04338749498128891,False,0.27562326192855835,False
275,p0n321,9,0.6666666666666666,0.08333333333333333,8000.0,40.0,C#5,73,2,0,0.29867279529571533,False,0.30073773860931396,False,0.3228049874305725,False
276,p0n322,9,0.75,0.08333333333333333,8040.0,40.0,A4,69,2,0,0.9664301872253418,True,0.9635062217712402,True,0.6539546251296997,True
277,p0n323,9,0.8333333333333334,0.08333333333333333,8080.0,40.0,E4,64,2,0,0.7808574438095093,True,0.4419838786125183,False,0.30057960748672485,False
278,p0n324,9,0.9166666666666666,0.08333333333333333,8120.0,40.0,C#4,61,2,0,0.05664219334721565,False,0.1356622874736786,False,0.2832464575767517,False
279,p0n327,9,1.0,2.0,8160.0,960.0,G#4,68,1,0,0.6826554536819458,True,0.9380475282669067,True,0.802567720413208,True
280,p0n328,9,1.0,0.08333333333333333,8160.0,40.0,F#3,54,2,0,0.6954602599143982,True,0.5827523469924927,True,0.6177020072937012,True
281,p0n329,9,1.0833333333333333,0.08333333333333333,8200.0,40.0,C#4,61,2,0,0.11890366673469543,False,0.1551133543252945,False,0.28653484582901,False
282,p0n330,9,1.1666666666666667,0.08333333333333333,8240.0,40.0,E4,64,2,0,0.8755130767822266,True,0.6413538455963135,True,0.4494650363922119,False
283,p0n331,9,1.25,0.08333333333333333,8280.0,40.0,A4,69,2,0,0.933801531791687,True,0.9359341859817505,True,0.674757182598114,True
284,p0n333,9,1.3333333333333333,0.3333333333333333,8320.0,160.0,G#5,80,1,0,0.3418254256248474,False,0.11162371933460236,False,0.28051337599754333,False
285,p0n332,9,1.3333333333333333,0.3333333333333333,8320.0,160.0,C#5,73,1,0,0.35243692994117737,False,0.2810625433921814,False,0.3171978294849396,False
286,p0n334,9,1.3333333333333333,0.08333333333333333,8320.0,40.0,E4,64,2,0,0.8409974575042725,True,0.4316665828227997,False,0.28378036618232727,False
287,p0n335,9,1.4166666666666667,0.08333333333333333,8360.0,40.0,C#4,61,2,0,0.16870678961277008,False,0.1658487319946289,False,0.2883487641811371,False
288,p0n336,9,1.5,0.08333333333333333,8400.0,40.0,F#3,54,2,0,0.39692455530166626,False,0.3281494975090027,False,0.30783456563949585,False
289,p0n337,9,1.5833333333333333,0.08333333333333333,8440.0,40.0,C#4,61,2,0,0.18863683938980103,False,0.16352352499961853,False,0.28842416405677795,False
290,p0n339,9,1.6666666666666667,0.3333333333333333,8480.0,160.0,F#5,78,1,0,0.8480615615844727,True,0.6649780869483948,True,0.8150627613067627,True
291,p0n338,9,1.6666666666666667,0.3333333333333333,8480.0,160.0,E5,76,1,0,0.9596866965293884,True,0.041930895298719406,False,0.2767777442932129,False
292,p0n340,9,1.6666666666666667,0.08333333333333333,8480.0,40.0,E4,64,2,0,0.6815110445022583,True,0.6324535012245178,True,0.42175817489624023,False
293,p0n341,9,1.75,0.08333333333333333,8520.0,40.0,A4,69,2,0,0.9224514961242676,True,0.9326236844062805,True,0.6591705083847046,True
294,p0n342,9,1.8333333333333333,0.08333333333333333,8560.0,40.0,E4,64,2,0,0.5683848857879639,True,0.257805198431015,False,0.2736204266548157,False
295,p0n343,9,1.9166666666666667,0.08333333333333333,8600.0,40.0,C#4,61,2,0,0.12172071635723114,False,0.15848146378993988,False,0.2869795858860016,False
296,p0n345,10,0.0,0.5,8640.0,240.0,E6,88,1,0,0.9526922702789307,True,0.9485820531845093,True,0.9782088994979858,True
297,p0n344,10,0.0,0.5,8640.0,240.0,A5,81,1,0,0.9598867893218994,True,0.9878913164138794,True,0.9178772568702698,True
298,p0n347,10,0.0,0.08333333333333333,8640.0,40.0,F#3,54,2,0,0.761663556098938,True,0.6750721335411072,True,0.643257737159729,True
299,p0n349,10,0.08333333333333333,0.08333333333333333,8680.0,40.0,C#4,61,2,0,0.11477313935756683,False,0.15439985692501068,False,0.2864476442337036,False
300,p0n350,10,0.16666666666666666,0.08333333333333333,8720.0,40.0,E4,64,2,0,0.6601160168647766,True,0.30035871267318726,False,0.27545666694641113,False
301,p0n351,10,0.25,0.08333333333333333,8760.0,40.0,A4,69,2,0,0.8881986141204834,True,0.8805550932884216,True,0.6480360627174377,True
302,p0n352,10,0.3333333333333333,0.08333333333333333,8800.0,40.0,C#5,73,2,0,0.45815309882164,False,0.37083736062049866,False,0.3486735224723816,False
303,p0n353,10,0.4166666666666667,0.08333333333333333,8840.0,40.0,E5,76,2,0,0.8746966123580933,True,0.04804426059126854,False,0.2755166292190552,False
304,p0n355,10,0.5,0.8333333333333334,8880.0,400.0,C#6,85,1,0,0.8938012719154358,True,0.8103379607200623,True,0.8879533410072327,True
305,p0n356,10,0.5,0.08333333333333333,8880.0,40.0,A5,81,2,0,0.8609537482261658,True,0.9431163668632507,True,0.8123923540115356,True
306,p0n354,10,0.5,0.8333333333333334,8880.0,400.0,G#5,80,1,0,0.2506861686706543,False,0.2122850865125656,False,0.29143601655960083,False
307,p0n357,10,0.5833333333333334,0.08333333333333333,8920.0,40.0,E5,76,2,0,0.8922695517539978,True,0.03967893868684769,False,0.2760343551635742,False
308,p0n358,10,0.6666666666666666,0.08333333333333333,8960.0,40.0,C#5,73,2,0,0.3648267686367035,False,0.3346305191516876,False,0.3352396786212921,False
309,p0n359,10,0.75,0.08333333333333333,9000.0,40.0,A4,69,2,0,0.9490516781806946,True,0.944877564907074,True,0.6526366472244263,True
310,p0n360,10,0.8333333333333334,0.08333333333333333,9040.0,40.0,E4,64,2,0,0.8728629946708679,True,0.5102946758270264,True,0.3961271047592163,False
311,p0n361,10,0.9166666666666666,0.08333333333333333,9080.0,40.0,C#4,61,2,0,0.06607702374458313,False,0.14087796211242676,False,0.2839861810207367,False
312,p0n364,10,1.0,1.0,9120.0,480.0,F#4,66,1,0,0.822844922542572,True,0.9448046684265137,True,0.9424656629562378,True
313,p0n365,10,1.0,0.08333333333333333,9120.0,40.0,F#3,54,2,0,0.5415900945663452,True,0.35681790113449097,False,0.31908491253852844,False
314,p0n366,10,1.0833333333333333,0.08333333333333333,9160.0,40.0,C#4,61,2,0,0.10223009437322617,False,0.15272611379623413,False,0.28605833649635315,False
315,p0n367,10,1.1666666666666667,0.08333333333333333,9200.0,40.0,E4,64,2,0,0.9405001997947693,True,0.76735919713974,True,0.4930506646633148,False
316,p0n368,10,1.25,0.08333333333333333,9240.0,40.0,A4,69,2,0,0.9470418691635132,True,0.9551291465759277,True,0.5869566202163696,True
317,p0n370,10,1.3333333333333333,0.3333333333333333,9280.0,160.0,G#5,80,1,0,0.3153253495693207,False,0.10617641359567642,False,0.2797698378562927,False
318,p0n369,10,1.3333333333333333,0.3333333333333333,9280.0,160.0,C#5,73,1,0,0.14546054601669312,False,0.1803538203239441,False,0.29123643040657043,False
319,p0n371,10,1.3333333333333333,0.08333333333333333,9280.0,40.0,E4,64,2,0,0.9330430030822754,True,0.5750716328620911,True,0.336019366979599,False
320,p0n372,10,1.4166666666666667,0.08333333333333333,9320.0,40.0,C#4,61,2,0,0.12255197018384933,False,0.15885311365127563,False,0.2869223952293396,False
321,p0n373,10,1.5,0.08333333333333333,9360.0,40.0,F#3,54,2,0,0.2816033959388733,False,0.24551396071910858,False,0.2898494005203247,False
322,p0n374,10,1.5833333333333333,0.08333333333333333,9400.0,40.0,C#4,61,2,0,0.17057301104068756,False,0.17125976085662842,False,0.28940579295158386,False
323,p0n376,10,1.6666666666666667,0.3333333333333333,9440.0,160.0,F#5,78,1,0,0.8130210638046265,True,0.4201143980026245,False,0.3385171890258789,False
324,p0n375,10,1.6666666666666667,0.3333333333333333,9440.0,160.0,E5,76,1,0,0.986311137676239,True,0.03073134459555149,False,0.2735203802585602,False
325,p0n377,10,1.6666666666666667,0.08333333333333333,9440.0,40.0,E4,64,2,0,0.8732165694236755,True,0.7319931387901306,True,0.5857961177825928,True
326,p0n378,10,1.75,0.08333333333333333,9480.0,40.0,A4,69,2,0,0.6811270117759705,True,0.8116579055786133,True,0.6436354517936707,True
327,p0n379,10,1.8333333333333333,0.08333333333333333,9520.0,40.0,E4,64,2,0,0.845754861831665,True,0.7943123579025269,True,0.62470543384552,True
328,p0n380,10,1.9166666666666667,0.08333333333333333,9560.0,40.0,C#4,61,2,0,0.11489229649305344,False,0.15592360496520996,False,0.286489874124527,False
329,p0n383,11,0.0,0.5,9600.0,240.0,F#5,78,1,0,0.8714640140533447,True,0.991080105304718,True,0.9150537848472595,True
330,p0n382,11,0.0,0.5,9600.0,240.0,B4,71,1,0,0.11130406707525253,False,0.2174985110759735,False,0.31274160742759705,False
331,p0n381,11,0.0,0.5,9600.0,240.0,G4,67,1,0,0.7491227984428406,True,0.997545063495636,True,0.9372209310531616,True
332,p0n384,11,0.0,0.08333333333333333,9600.0,40.0,E2,40,2,0,0.8321827054023743,True,0.9885070323944092,True,0.7589014768600464,True
333,p0n386,11,0.08333333333333333,0.08333333333333333,9640.0,40.0,B2,47,2,0,0.9202948212623596,True,0.2761421799659729,False,0.30376073718070984,False
334,p0n387,11,0.16666666666666666,0.08333333333333333,9680.0,40.0,D3,50,2,0,0.8668494820594788,True,0.33702534437179565,False,0.27232083678245544,False
335,p0n388,11,0.25,0.08333333333333333,9720.0,40.0,G3,55,2,0,0.6743272542953491,True,0.8680668473243713,True,0.7740979790687561,True
336,p0n389,11,0.3333333333333333,0.08333333333333333,9760.0,40.0,B3,59,2,0,0.4982573688030243,False,0.16020791232585907,False,0.2936737537384033,False
337,p0n390,11,0.4166666666666667,0.08333333333333333,9800.0,40.0,D4,62,2,0,0.9678696990013123,True,0.48896196484565735,False,0.31588974595069885,False
338,p0n392,11,0.5,0.5,9840.0,240.0,E5,76,1,0,0.9569448232650757,True,0.8388890027999878,True,0.4368322193622589,False
339,p0n391,11,0.5,0.5,9840.0,240.0,D5,74,1,0,0.9745495915412903,True,0.7445953488349915,True,0.5575026273727417,True
340,p0n393,11,0.5,0.08333333333333333,9840.0,40.0,G4,67,2,0,0.6411271691322327,True,0.9552013874053955,True,0.6330475807189941,True
341,p0n394,11,0.5833333333333334,0.08333333333333333,9880.0,40.0,D4,62,2,0,0.9334587454795837,True,0.2196372002363205,False,0.2833935618400574,False
342,p0n395,11,0.6666666666666666,0.08333333333333333,9920.0,40.0,B3,59,2,0,0.5328217148780823,True,0.3655646741390228,False,0.2650085985660553,False
343,p0n396,11,0.75,0.08333333333333333,9960.0,40.0,G3,55,2,0,0.8713037967681885,True,0.9306169152259827,True,0.8896097540855408,True
344,p0n397,11,0.8333333333333334,0.08333333333333333,10000.0,40.0,D3,50,2,0,0.8537144064903259,True,0.37745144963264465,False,0.2891654372215271,False
345,p0n398,11,0.9166666666666666,0.08333333333333333,10040.0,40.0,B2,47,2,0,0.894133448600769,True,0.2657977342605591,False,0.30038315057754517,False
346,p0n401,11,1.0,0.5,10080.0,240.0,F#4,66,1,0,0.6945362687110901,True,0.6111810207366943,True,0.8398587107658386,True
347,p0n400,11,1.0,0.5,10080.0,240.0,B3,59,1,0,0.3710908591747284,False,0.4114776849746704,False,0.3556548058986664,False
348,p0n399,11,1.0,0.5,10080.0,240.0,G3,55,1,0,0.6774364113807678,True,0.9514021873474121,True,0.8752272725105286,True
349,p0n402,11,1.0,0.16666666666666666,10080.0,80.0,E2,40,2,0,0.7287256121635437,True,0.9605506658554077,True,0.6695077419281006,True
350,p0n403,11,1.1666666666666667,0.16666666666666666,10160.0,80.0,B2,47,2,0,0.8831602931022644,True,0.4088304936885834,False,0.33774974942207336,False
351,p0n404,11,1.3333333333333333,0.16666666666666666,10240.0,80.0,D3,50,2,0,0.8185862898826599,True,0.5602422952651978,True,0.17878606915473938,False
352,p0n406,11,1.5,0.5,10320.0,240.0,E4,64,1,0,0.9356164336204529,True,0.9775958061218262,True,0.8267601132392883,True
353,p0n405,11,1.5,0.5,10320.0,240.0,D4,62,1,0,0.920076310634613,True,0.885583758354187,True,0.41790518164634705,False
354,p0n407,11,1.5,0.16666666666666666,10320.0,80.0,G3,55,2,0,0.80532306432724,True,0.8365967869758606,True,0.6849328279495239,True
355,p0n408,11,1.6666666666666667,0.16666666666666666,10400.0,80.0,D3,50,2,0,0.8837394714355469,True,0.3244844377040863,False,0.2919798493385315,False
356,p0n409,11,1.8333333333333333,0.16666666666666666,10480.0,80.0,B2,47,2,0,0.9055652618408203,True,0.417815625667572,False,0.33164501190185547,False
357,p0n412,11,2.0,0.5,10560.0,240.0,E5,76,1,0,0.9591200947761536,True,0.9766619205474854,True,0.7868737578392029,True
358,p0n411,11,2.0,0.5,10560.0,240.0,A4,69,1,0,0.8955246806144714,True,0.9930389523506165,True,0.918292760848999,True
359,p0n410,11,2.0,0.5,10560.0,240.0,F4,65,1,0,0.6408350467681885,True,0.3066387176513672,False,0.2966638505458832,False
360,p0n413,11,2.0,0.125,10560.0,60.0,E4,64,2,0,0.5225465893745422,True,0.591638445854187,True,0.2673225998878479,False
361,p0n414,11,2.125,0.125,10620.0,60.0,A3,57,2,0,0.6452010869979858,True,0.8629646301269531,True,0.5369420647621155,True
362,p0n415,11,2.25,0.125,10680.0,60.0,E3,52,2,0,0.9578254818916321,True,0.9814944267272949,True,0.7619511485099792,True
363,p0n416,11,2.375,0.125,10740.0,60.0,A2,45,2,0,0.7411218881607056,True,0.9427059888839722,True,0.5903821587562561,True
364,p0n418,11,2.5,0.5,10800.0,240.0,C5,72,1,0,0.976514458656311,True,0.9518487453460693,True,0.8946468830108643,True
365,p0n417,11,2.5,0.5,10800.0,240.0,B4,71,1,0,0.519325852394104,True,0.9611725807189941,True,0.8437336087226868,True
366,p0n419,11,2.5,0.125,10800.0,60.0,D2,38,2,0,0.7691657543182373,True,0.9799271821975708,True,0.8042915463447571,True
367,p0n420,11,2.625,0.125,10860.0,60.0,A2,45,2,0,0.8853588700294495,True,0.965351939201355,True,0.6567574739456177,True
368,p0n421,11,2.75,0.125,10920.0,60.0,E3,52,2,0,0.8942164778709412,True,0.9124018549919128,True,0.6465702652931213,True
369,p0n422,11,2.875,0.125,10980.0,60.0,A2,45,2,0,0.8797153830528259,True,0.9713326096534729,True,0.8309799432754517,True
370,p0n425,12,0.0,0.5,11040.0,240.0,F#5,78,1,0,0.8728390336036682,True,0.9952758550643921,True,0.9054029583930969,True
371,p0n424,12,0.0,0.5,11040.0,240.0,B4,71,1,0,0.733589768409729,True,0.9986739158630371,True,0.8982892632484436,True
372,p0n423,12,0.0,0.5,11040.0,240.0,G4,67,1,0,0.9057713150978088,True,0.9562474489212036,True,0.8897965550422668,True
373,p0n426,12,0.0,0.08333333333333333,11040.0,40.0,E2,40,2,0,0.6361876726150513,True,0.8709008693695068,True,0.684033989906311,True
374,p0n428,12,0.08333333333333333,0.08333333333333333,11080.0,40.0,B2,47,2,0,0.8490228652954102,True,0.5963770151138306,True,0.2791288495063782,False
375,p0n429,12,0.16666666666666666,0.08333333333333333,11120.0,40.0,D3,50,2,0,0.9380077719688416,True,0.2057761698961258,False,0.25559350848197937,False
376,p0n430,12,0.25,0.08333333333333333,11160.0,40.0,G3,55,2,0,0.6024576425552368,True,0.8452620506286621,True,0.7872269153594971,True
377,p0n431,12,0.3333333333333333,0.08333333333333333,11200.0,40.0,B3,59,2,0,0.3483145534992218,False,0.1312795728445053,False,0.288493275642395,False
378,p0n432,12,0.4166666666666667,0.08333333333333333,11240.0,40.0,D4,62,2,0,0.6377149224281311,True,0.34409162402153015,False,0.3041420876979828,False
379,p0n434,12,0.5,0.5,11280.0,240.0,E5,76,1,0,0.9275587797164917,True,0.9096745252609253,True,0.5770472288131714,True
380,p0n433,12,0.5,0.5,11280.0,240.0,D5,74,1,0,0.3796583414077759,False,0.3384636640548706,False,0.3190382719039917,False
381,p0n435,12,0.5,0.08333333333333333,11280.0,40.0,G4,67,2,0,0.7782245874404907,True,0.4685625433921814,False,0.4779493808746338,False
382,p0n436,12,0.5833333333333334,0.08333333333333333,11320.0,40.0,D4,62,2,0,0.767604649066925,True,0.06493334472179413,False,0.2831074595451355,False
383,p0n437,12,0.6666666666666666,0.08333333333333333,11360.0,40.0,B3,59,2,0,0.31322553753852844,False,0.12314575165510178,False,0.288336843252182,False
384,p0n438,12,0.75,0.08333333333333333,11400.0,40.0,G3,55,2,0,0.7955619692802429,True,0.9611850380897522,True,0.9001865386962891,True
385,p0n439,12,0.8333333333333334,0.08333333333333333,11440.0,40.0,D3,50,2,0,0.8477597236633301,True,0.43444809317588806,False,0.2504003942012787,False
386,p0n440,12,0.9166666666666666,0.08333333333333333,11480.0,40.0,B2,47,2,0,0.9093406200408936,True,0.46729010343551636,False,0.34303784370422363,False
387,p0n443,12,1.0,0.5,11520.0,240.0,F#4,66,1,0,0.6914287805557251,True,0.9385082125663757,True,0.9218761920928955,True
388,p0n442,12,1.0,0.5,11520.0,240.0,B3,59,1,0,0.5880589485168457,True,0.9762749075889587,True,0.7096338272094727,True
389,p0n441,12,1.0,0.5,11520.0,240.0,G3,55,1,0,0.8032943606376648,True,0.9895486831665039,True,0.9553580284118652,True
390,p0n444,12,1.0,0.16666666666666666,11520.0,80.0,E2,40,2,0,0.8413353562355042,True,0.9176825881004333,True,0.6444510817527771,True
391,p0n445,12,1.1666666666666667,0.16666666666666666,11600.0,80.0,B2,47,2,0,0.7659031748771667,True,0.27557533979415894,False,0.31364449858665466,False
392,p0n446,12,1.3333333333333333,0.16666666666666666,11680.0,80.0,D3,50,2,0,0.8710319995880127,True,0.3899989128112793,False,0.22882911562919617,False
393,p0n448,12,1.5,0.5,11760.0,240.0,E4,64,1,0,0.948915421962738,True,0.9980047345161438,True,0.9479249715805054,True
394,p0n447,12,1.5,0.5,11760.0,240.0,D4,62,1,0,0.8574416637420654,True,0.8507245182991028,True,0.8636355400085449,True
395,p0n449,12,1.5,0.16666666666666666,11760.0,80.0,G3,55,2,0,0.8364368081092834,True,0.8541216254234314,True,0.7610775828361511,True
396,p0n450,12,1.6666666666666667,0.16666666666666666,11840.0,80.0,D3,50,2,0,0.7135128378868103,True,0.3545384407043457,False,0.23405306041240692,False
397,p0n451,12,1.8333333333333333,0.16666666666666666,11920.0,80.0,B2,47,2,0,0.7494921088218689,True,0.2843855917453766,False,0.2841610610485077,False
398,p0n454,12,2.0,0.5,12000.0,240.0,E5,76,1,0,0.9241101741790771,True,0.7385954260826111,True,0.5930870771408081,True
399,p0n453,12,2.0,0.5,12000.0,240.0,A4,69,1,0,0.9908888339996338,True,0.9978741407394409,True,0.8924494385719299,True
400,p0n452,12,2.0,0.5,12000.0,240.0,F4,65,1,0,0.007602320984005928,False,0.15626679360866547,False,0.28120365738868713,False
401,p0n455,12,2.0,0.125,12000.0,60.0,E4,64,2,0,0.35028061270713806,False,0.4451882243156433,False,0.3651784658432007,False
402,p0n457,12,2.125,0.125,12060.0,60.0,A3,57,2,0,0.5785073041915894,True,0.8636406660079956,True,0.7045101523399353,True
403,p0n458,12,2.25,0.125,12120.0,60.0,E3,52,2,0,0.7383464574813843,True,0.9788822531700134,True,0.8607309460639954,True
404,p0n459,12,2.375,0.125,12180.0,60.0,A2,45,2,0,0.5449878573417664,True,0.9351741075515747,True,0.5149583220481873,True
405,p0n461,12,2.5,0.5,12240.0,240.0,C5,72,1,0,0.932463526725769,True,0.9288747310638428,True,0.6386910676956177,True
406,p0n460,12,2.5,0.5,12240.0,240.0,B4,71,1,0,0.847737729549408,True,0.588408350944519,True,0.6281567811965942,True
407,p0n462,12,2.5,0.125,12240.0,60.0,D2,38,2,0,0.9128595590591431,True,0.9421796798706055,True,0.7784210443496704,True
408,p0n463,12,2.625,0.125,12300.0,60.0,A2,45,2,0,0.7190620303153992,True,0.9190938472747803,True,0.5077807903289795,True
409,p0n464,12,2.75,0.125,12360.0,60.0,E3,52,2,0,0.6960561871528625,True,0.910339891910553,True,0.734701931476593,True
410,p0n465,12,2.875,0.125,12420.0,60.0,A2,45,2,0,0.6003508567810059,True,0.6882821917533875,True,0.317026823759079,False
411,p0n469,13,0.0,0.125,12480.0,60.0,D2,38,2,0,0.913330078125,True,0.8287838101387024,True,0.6193363666534424,True
412,p0n470,13,0.125,0.125,12540.0,60.0,A2,45,2,0,0.64045649766922,True,0.8202473521232605,True,0.30713146924972534,False
413,p0n471,13,0.25,0.125,12600.0,60.0,E3,52,2,0,0.7758033275604248,True,0.894279956817627,True,0.7665004134178162,True
414,p0n472,13,0.375,0.125,12660.0,60.0,F3,53,2,0,0.20931470394134521,False,0.23028622567653656,False,0.290812224149704,False
415,p0n473,13,0.5,0.125,12720.0,60.0,A3,57,2,0,0.709162712097168,True,0.8721312284469604,True,0.6562658548355103,True
416,p0n474,13,0.625,0.125,12780.0,60.0,F3,53,2,0,0.22066736221313477,False,0.2568354606628418,False,0.2958016097545624,False
417,p0n475,13,0.75,0.125,12840.0,60.0,E3,52,2,0,0.8561180830001831,True,0.909240186214447,True,0.7603741884231567,True
418,p0n476,13,0.875,0.125,12900.0,60.0,A2,45,2,0,0.3818361163139343,False,0.41247493028640747,False,0.3639492988586426,False
419,p0n479,13,1.0,0.11041666666666666,12960.0,53.0,D2,38,2,0,0.9735220670700073,True,0.9461745023727417,True,0.713019073009491,True
420,p0n480,13,1.1104166666666666,0.11041666666666666,13013.0,53.0,A2,45,2,0,0.4932918846607208,False,0.4051204025745392,False,0.37504124641418457,False
421,p0n481,13,1.2208333333333334,0.11041666666666666,13066.0,53.0,E3,52,2,0,0.6281267404556274,True,0.7173303961753845,True,0.557171642780304,True
422,p0n483,13,1.3333333333333333,0.3333333333333333,13120.0,160.0,E4,64,1,0,0.32155174016952515,False,0.1294575184583664,False,0.28207147121429443,False
423,p0n485,13,1.3333333333333333,0.3333333333333333,13120.0,160.0,A3,57,2,0,0.7744797468185425,True,0.7542631030082703,True,0.6702024340629578,True
424,p0n484,13,1.3333333333333333,0.3333333333333333,13120.0,160.0,F3,53,2,0,0.05400288105010986,False,0.13186052441596985,False,0.2766258418560028,False
425,p0n486,13,1.4145833333333333,0.08333333333333333,13159.0,40.0,E3,52,2,0,0.3003762364387512,False,0.21639032661914825,False,0.2980130612850189,False
426,p0n487,13,1.4979166666666666,0.08333333333333333,13199.0,40.0,A2,45,2,0,0.7357882261276245,True,0.6667746901512146,True,0.21505731344223022,False
427,p0n488,13,1.58125,0.08333333333333333,13239.0,40.0,D2,38,2,0,0.9581796526908875,True,0.3333607316017151,False,0.3033008873462677,False
428,p0n489,13,1.6645833333333333,0.08333333333333333,13279.0,40.0,A2,45,2,0,0.7084456086158752,True,0.527172863483429,True,0.2122458517551422,False
429,p0n491,13,1.6666666666666667,0.3333333333333333,13280.0,160.0,C4,60,1,0,0.9238306879997253,True,0.9618021845817566,True,0.9334166646003723,True
430,p0n490,13,1.6666666666666667,0.3333333333333333,13280.0,160.0,B3,59,1,0,0.9280781745910645,True,0.9462900757789612,True,0.8616436719894409,True
431,p0n492,13,1.6666666666666667,0.3333333333333333,13280.0,160.0,G#3,56,2,0,0.7578917145729065,True,0.9159584045410156,True,0.8429944515228271,True
432,p0n493,13,1.7479166666666666,0.08333333333333333,13319.0,40.0,E3,52,2,0,0.3217499852180481,False,0.22776350378990173,False,0.3004452586174011,False
433,p0n494,13,1.83125,0.08333333333333333,13359.0,40.0,F3,53,2,0,0.09852401912212372,False,0.14478462934494019,False,0.2785332202911377,False
434,p0n495,13,1.9145833333333333,0.08333333333333333,13399.0,40.0,A3,57,2,0,0.9835330247879028,True,0.7333900928497314,True,0.590493381023407,True
435,p0n497,14,0.0,0.5,13440.0,240.0,E6,88,1,0,0.9723373651504517,True,0.9908590912818909,True,0.9731441736221313,True
436,p0n496,14,0.0,0.5,13440.0,240.0,A5,81,1,0,0.9513722658157349,True,0.9982006549835205,True,0.9557936191558838,True
437,p0n498,14,0.0,0.08333333333333333,13440.0,40.0,F#3,54,2,0,0.9121211767196655,True,0.9962254762649536,True,0.8788227438926697,True
438,p0n500,14,0.08333333333333333,0.08333333333333333,13480.0,40.0,C#4,61,2,0,0.6302933096885681,True,0.52585768699646,True,0.4392286241054535,False
439,p0n501,14,0.16666666666666666,0.08333333333333333,13520.0,40.0,E4,64,2,0,0.09989035874605179,False,0.14081794023513794,False,0.2820916771888733,False
440,p0n502,14,0.25,0.08333333333333333,13560.0,40.0,A4,69,2,0,0.9871265292167664,True,0.9455409049987793,True,0.7795344591140747,True
441,p0n503,14,0.3333333333333333,0.08333333333333333,13600.0,40.0,C#5,73,2,0,0.6459206938743591,True,0.5613515973091125,True,0.43387913703918457,False
442,p0n504,14,0.4166666666666667,0.08333333333333333,13640.0,40.0,E5,76,2,0,0.8250575065612793,True,0.20729093253612518,False,0.2730106711387634,False
443,p0n506,14,0.5,0.8333333333333334,13680.0,400.0,C#6,85,1,0,0.8784170746803284,True,0.9316444993019104,True,0.9468604326248169,True
444,p0n507,14,0.5,0.08333333333333333,13680.0,40.0,A5,81,2,0,0.8766534328460693,True,0.9433509707450867,True,0.8258803486824036,True
445,p0n505,14,0.5,0.8333333333333334,13680.0,400.0,G#5,80,1,0,0.32922595739364624,False,0.2774335741996765,False,0.3064705729484558,False
446,p0n508,14,0.5833333333333334,0.08333333333333333,13720.0,40.0,E5,76,2,0,0.7626124024391174,True,0.1316729187965393,False,0.276897668838501,False
447,p0n509,14,0.6666666666666666,0.08333333333333333,13760.0,40.0,C#5,73,2,0,0.5575206279754639,True,0.3202674090862274,False,0.34431350231170654,False
448,p0n510,14,0.75,0.08333333333333333,13800.0,40.0,A4,69,2,0,0.9900888800621033,True,0.9522882103919983,True,0.7808140516281128,True
449,p0n511,14,0.8333333333333334,0.08333333333333333,13840.0,40.0,E4,64,2,0,0.23843343555927277,False,0.15761591494083405,False,0.28534170985221863,False
450,p0n512,14,0.9166666666666666,0.08333333333333333,13880.0,40.0,C#4,61,2,0,0.4794082045555115,False,0.29607346653938293,False,0.32144781947135925,False
451,p0n515,14,1.0,0.08333333333333333,13920.0,40.0,F#3,54,2,0,0.8844618797302246,True,0.9467155337333679,True,0.6920418739318848,True
452,p0n516,14,1.0833333333333333,0.08333333333333333,13960.0,40.0,C#4,61,2,0,0.619446337223053,True,0.4092642664909363,False,0.33412668108940125,False
453,p0n517,14,1.1666666666666667,0.08333333333333333,14000.0,40.0,E4,64,2,0,0.23484358191490173,False,0.16628029942512512,False,0.28755152225494385,False
454,p0n518,14,1.25,0.08333333333333333,14040.0,40.0,A4,69,2,0,0.9905593395233154,True,0.9464578032493591,True,0.7629018425941467,True
455,p0n520,14,1.3333333333333333,0.3333333333333333,14080.0,160.0,G#5,80,1,0,0.3739883005619049,False,0.11037489771842957,False,0.2803605794906616,False
456,p0n519,14,1.3333333333333333,0.3333333333333333,14080.0,160.0,C#5,73,1,0,0.579443097114563,True,0.2670816481113434,False,0.31702709197998047,False
457,p0n521,14,1.3333333333333333,0.08333333333333333,14080.0,40.0,E4,64,2,0,0.27103304862976074,False,0.16026456654071808,False,0.28625988960266113,False
458,p0n522,14,1.4166666666666667,0.08333333333333333,14120.0,40.0,C#4,61,2,0,0.5793207287788391,True,0.25741347670555115,False,0.30110660195350647,False
459,p0n523,14,1.5,0.08333333333333333,14160.0,40.0,F#3,54,2,0,0.6555560231208801,True,0.6657290458679199,True,0.5981764197349548,True
460,p0n524,14,1.5833333333333333,0.08333333333333333,14200.0,40.0,C#4,61,2,0,0.6691198348999023,True,0.32482680678367615,False,0.31219664216041565,False
461,p0n526,14,1.6666666666666667,0.3333333333333333,14240.0,160.0,F#5,78,1,0,0.7213973999023438,True,0.4364413022994995,False,0.33630749583244324,False
462,p0n525,14,1.6666666666666667,0.3333333333333333,14240.0,160.0,E5,76,1,0,0.8635164499282837,True,0.16068293154239655,False,0.27158108353614807,False
463,p0n527,14,1.6666666666666667,0.08333333333333333,14240.0,40.0,E4,64,2,0,0.11979430913925171,False,0.14957553148269653,False,0.2835295796394348,False
464,p0n528,14,1.75,0.08333333333333333,14280.0,40.0,A4,69,2,0,0.9900332093238831,True,0.9522705078125,True,0.7667116522789001,True
465,p0n529,14,1.8333333333333333,0.08333333333333333,14320.0,40.0,E4,64,2,0,0.09074617177248001,False,0.14330674707889557,False,0.28227338194847107,False
466,p0n530,14,1.9166666666666667,0.08333333333333333,14360.0,40.0,C#4,61,2,0,0.47311440110206604,False,0.3117917776107788,False,0.3254912495613098,False
467,p0n532,15,0.0,0.5,14400.0,240.0,E6,88,1,0,0.9713436365127563,True,0.9876279830932617,True,0.9785425662994385,True
468,p0n531,15,0.0,0.5,14400.0,240.0,A5,81,1,0,0.9666895270347595,True,0.995676577091217,True,0.9139625430107117,True
469,p0n533,15,0.0,0.08333333333333333,14400.0,40.0,F#3,54,2,0,0.9024488925933838,True,0.9606245756149292,True,0.7503154277801514,True
470,p0n535,15,0.08333333333333333,0.08333333333333333,14440.0,40.0,C#4,61,2,0,0.515633225440979,True,0.34881526231765747,False,0.3186834156513214,False
471,p0n536,15,0.16666666666666666,0.08333333333333333,14480.0,40.0,E4,64,2,0,0.10727939009666443,False,0.1451103538274765,False,0.2827054262161255,False
472,p0n537,15,0.25,0.08333333333333333,14520.0,40.0,A4,69,2,0,0.9855620265007019,True,0.9514357447624207,True,0.7837240695953369,True
473,p0n538,15,0.3333333333333333,0.08333333333333333,14560.0,40.0,C#5,73,2,0,0.6863924860954285,True,0.4415600597858429,False,0.37195536494255066,False
474,p0n539,15,0.4166666666666667,0.08333333333333333,14600.0,40.0,E5,76,2,0,0.6782918572425842,True,0.20581698417663574,False,0.27090996503829956,False
475,p0n541,15,0.5,0.8333333333333334,14640.0,400.0,C#6,85,1,0,0.8855865597724915,True,0.9153005480766296,True,0.8883853554725647,True
476,p0n542,15,0.5,0.08333333333333333,14640.0,40.0,A5,81,2,0,0.9075043201446533,True,0.9215547442436218,True,0.8283578157424927,True
477,p0n540,15,0.5,0.8333333333333334,14640.0,400.0,G#5,80,1,0,0.3736236095428467,False,0.3094715178012848,False,0.31552767753601074,False
478,p0n543,15,0.5833333333333334,0.08333333333333333,14680.0,40.0,E5,76,2,0,0.6536287069320679,True,0.07566909492015839,False,0.2732688784599304,False
479,p0n544,15,0.6666666666666666,0.08333333333333333,14720.0,40.0,C#5,73,2,0,0.5523086786270142,True,0.33524009585380554,False,0.34334635734558105,False
480,p0n545,15,0.75,0.08333333333333333,14760.0,40.0,A4,69,2,0,0.9907015562057495,True,0.9607986211776733,True,0.7942690253257751,True
481,p0n546,15,0.8333333333333334,0.08333333333333333,14800.0,40.0,E4,64,2,0,0.26893338561058044,False,0.16085201501846313,False,0.2860657572746277,False
482,p0n547,15,0.9166666666666666,0.08333333333333333,14840.0,40.0,C#4,61,2,0,0.4613572657108307,False,0.28694191575050354,False,0.3185182809829712,False
483,p0n550,15,1.0,0.08333333333333333,14880.0,40.0,F#3,54,2,0,0.8783366084098816,True,0.9465083479881287,True,0.7157835364341736,True
484,p0n551,15,1.0833333333333333,0.08333333333333333,14920.0,40.0,C#4,61,2,0,0.6058326363563538,True,0.31496870517730713,False,0.324133038520813,False
485,p0n552,15,1.1666666666666667,0.08333333333333333,14960.0,40.0,E4,64,2,0,0.25272372364997864,False,0.16917015612125397,False,0.2882351577281952,False
486,p0n553,15,1.25,0.08333333333333333,15000.0,40.0,A4,69,2,0,0.991262674331665,True,0.9554989337921143,True,0.7698570489883423,True
487,p0n555,15,1.3333333333333333,0.3333333333333333,15040.0,160.0,G#5,80,1,0,0.41892009973526,False,0.11873982846736908,False,0.28171294927597046,False
488,p0n554,15,1.3333333333333333,0.3333333333333333,15040.0,160.0,C#5,73,1,0,0.6341543793678284,True,0.35668709874153137,False,0.334458589553833,False
489,p0n556,15,1.3333333333333333,0.08333333333333333,15040.0,40.0,E4,64,2,0,0.28245455026626587,False,0.16149917244911194,False,0.2865321934223175,False
490,p0n557,15,1.4166666666666667,0.08333333333333333,15080.0,40.0,C#4,61,2,0,0.48858389258384705,False,0.2932763993740082,False,0.3189018666744232,False
491,p0n558,15,1.5,0.08333333333333333,15120.0,40.0,F#3,54,2,0,0.6542274951934814,True,0.6639642715454102,True,0.5951287150382996,True
492,p0n559,15,1.5833333333333333,0.08333333333333333,15160.0,40.0,C#4,61,2,0,0.5882920622825623,True,0.26268288493156433,False,0.30125150084495544,False
493,p0n561,15,1.6666666666666667,0.3333333333333333,15200.0,160.0,F#5,78,1,0,0.7300714254379272,True,0.5416609048843384,True,0.7347704172134399,True
494,p0n560,15,1.6666666666666667,0.3333333333333333,15200.0,160.0,E5,76,1,0,0.7290255427360535,True,0.07849138230085373,False,0.27088063955307007,False
495,p0n562,15,1.6666666666666667,0.08333333333333333,15200.0,40.0,E4,64,2,0,0.12572842836380005,False,0.1504523903131485,False,0.283689022064209,False
496,p0n563,15,1.75,0.08333333333333333,15240.0,40.0,A4,69,2,0,0.9922940731048584,True,0.9213056564331055,True,0.7551652789115906,True
497,p0n564,15,1.8333333333333333,0.08333333333333333,15280.0,40.0,E4,64,2,0,0.06335993111133575,False,0.1395302712917328,False,0.2814907431602478,False
498,p0n565,15,1.9166666666666667,0.08333333333333333,15320.0,40.0,C#4,61,2,0,0.4178723990917206,False,0.28446853160858154,False,0.31705242395401,False
499,p0n567,16,0.0,0.5,15360.0,240.0,E6,88,1,0,0.9591235518455505,True,0.9686324596405029,True,0.9570762515068054,True
500,p0n566,16,0.0,0.5,15360.0,240.0,A5,81,1,0,0.9795297980308533,True,0.9892691969871521,True,0.8974819183349609,True
501,p0n568,16,0.0,0.08333333333333333,15360.0,40.0,F#3,54,2,0,0.9014258980751038,True,0.9613462090492249,True,0.7564588189125061,True
502,p0n571,16,0.08333333333333333,0.08333333333333333,15400.0,40.0,C#4,61,2,0,0.518816351890564,True,0.36203745007514954,False,0.32143884897232056,False
503,p0n572,16,0.16666666666666666,0.08333333333333333,15440.0,40.0,E4,64,2,0,0.06213093176484108,False,0.1362445056438446,False,0.28095778822898865,False
504,p0n573,16,0.25,0.08333333333333333,15480.0,40.0,G#4,68,2,0,0.4085637032985687,False,0.27049171924591064,False,0.3124237060546875,False
505,p0n574,16,0.25,0.6666666666666666,15480.0,320.0,G#4,68,2,0,0.4129623472690582,False,0.2535225749015808,False,0.3088454306125641,False
506,p0n575,16,0.3333333333333333,0.08333333333333333,15520.0,40.0,C#5,73,2,0,0.7069275975227356,True,0.3441886901855469,False,0.3455045223236084,False
507,p0n576,16,0.4166666666666667,0.08333333333333333,15560.0,40.0,E5,76,2,0,0.44830596446990967,False,0.157058984041214,False,0.2894223630428314,False
508,p0n578,16,0.5,0.8333333333333334,15600.0,400.0,C#6,85,1,0,0.9161436557769775,True,0.9015406966209412,True,0.9012775421142578,True
509,p0n579,16,0.5,0.08333333333333333,15600.0,40.0,A5,81,2,0,0.9531043767929077,True,0.9023902416229248,True,0.7743620276451111,True
510,p0n577,16,0.5,0.8333333333333334,15600.0,400.0,G#5,80,1,0,0.4246331751346588,False,0.3607141971588135,False,0.3307850956916809,False
511,p0n580,16,0.5833333333333334,0.08333333333333333,15640.0,40.0,E5,76,2,0,0.5144277215003967,True,0.09433373808860779,False,0.2705156207084656,False
512,p0n581,16,0.6666666666666666,0.08333333333333333,15680.0,40.0,C#5,73,2,0,0.612576961517334,True,0.43601754307746887,False,0.3541554808616638,False
513,p0n582,16,0.75,0.08333333333333333,15720.0,40.0,A4,69,2,0,0.9977126121520996,True,0.9631043672561646,True,0.7853456139564514,True
514,p0n583,16,0.8333333333333334,0.08333333333333333,15760.0,40.0,E4,64,2,0,0.08013613522052765,False,0.13847339153289795,False,0.28140825033187866,False
515,p0n584,16,0.9166666666666666,0.08333333333333333,15800.0,40.0,C#4,61,2,0,0.35203316807746887,False,0.2271401733160019,False,0.301422119140625,False
516,p0n587,16,1.0,2.0,15840.0,960.0,C#5,73,1,0,0.806277871131897,True,0.9092221260070801,True,0.8230942487716675,True
517,p0n588,16,1.0,0.08333333333333333,15840.0,40.0,F#3,54,2,0,0.8873692154884338,True,0.9588830471038818,True,0.7374699711799622,True
518,p0n589,16,1.0833333333333333,0.08333333333333333,15880.0,40.0,C#4,61,2,0,0.4831206798553467,False,0.2942140996456146,False,0.32196080684661865,False
519,p0n590,16,1.1666666666666667,0.08333333333333333,15920.0,40.0,E4,64,2,0,0.11297252774238586,False,0.14591890573501587,False,0.2829296886920929,False
520,p0n591,16,1.25,0.08333333333333333,15960.0,40.0,A4,69,2,0,0.9968997240066528,True,0.9439285397529602,True,0.7687353491783142,True
521,p0n593,16,1.3333333333333333,0.3333333333333333,16000.0,160.0,G#5,80,1,0,0.28829070925712585,False,0.11214452981948853,False,0.27985748648643494,False
522,p0n592,16,1.3333333333333333,0.3333333333333333,16000.0,160.0,C#5,73,1,0,0.5924572944641113,True,0.12328461557626724,False,0.2903987467288971,False
523,p0n594,16,1.3333333333333333,0.08333333333333333,16000.0,40.0,E4,64,2,0,0.122971311211586,False,0.14246639609336853,False,0.2822580933570862,False
524,p0n595,16,1.4166666666666667,0.08333333333333333,16040.0,40.0,C#4,61,2,0,0.47300317883491516,False,0.2878571152687073,False,0.31712883710861206,False
525,p0n596,16,1.5,0.08333333333333333,16080.0,40.0,F#3,54,2,0,0.6746978163719177,True,0.747732937335968,True,0.6570634245872498,True
526,p0n597,16,1.5833333333333333,0.08333333333333333,16120.0,40.0,C#4,61,2,0,0.5661094784736633,True,0.32323721051216125,False,0.3367212414741516,False
527,p0n599,16,1.6666666666666667,0.3333333333333333,16160.0,160.0,F#5,78,1,0,0.8437706232070923,True,0.26740753650665283,False,0.30769968032836914,False
528,p0n598,16,1.6666666666666667,0.3333333333333333,16160.0,160.0,E5,76,1,0,0.7573409676551819,True,0.11186625808477402,False,0.272329181432724,False
529,p0n600,16,1.6666666666666667,0.08333333333333333,16160.0,40.0,E4,64,2,0,0.061585504561662674,False,0.13981463015079498,False,0.28152233362197876,False
530,p0n601,16,1.75,0.08333333333333333,16200.0,40.0,A4,69,2,0,0.9961246848106384,True,0.9514280557632446,True,0.7899875640869141,True
531,p0n602,16,1.8333333333333333,0.08333333333333333,16240.0,40.0,E4,64,2,0,0.04384603351354599,False,0.13664372265338898,False,0.280900239944458,False
532,p0n603,16,1.9166666666666667,0.08333333333333333,16280.0,40.0,C#4,61,2,0,0.36049315333366394,False,0.26184093952178955,False,0.3101400136947632,False
533,p0n605,17,0.0,0.5,16320.0,240.0,E6,88,1,0,0.9669601917266846,True,0.9587321281433105,True,0.964844286441803,True
534,p0n604,17,0.0,0.5,16320.0,240.0,A5,81,1,0,0.9491039514541626,True,0.9867138266563416,True,0.8754011988639832,True
535,p0n607,17,0.0,0.08333333333333333,16320.0,40.0,F#3,54,2,0,0.918342113494873,True,0.9668546915054321,True,0.7788883447647095,True
536,p0n609,17,0.08333333333333333,0.08333333333333333,16360.0,40.0,C#4,61,2,0,0.42522725462913513,False,0.2805066406726837,False,0.31759917736053467,False
537,p0n610,17,0.16666666666666666,0.08333333333333333,16400.0,40.0,E4,64,2,0,0.0554075762629509,False,0.1377270519733429,False,0.2811583876609802,False
538,p0n611,17,0.25,0.08333333333333333,16440.0,40.0,A4,69,2,0,0.9964240193367004,True,0.9370996952056885,True,0.7934208512306213,True
539,p0n612,17,0.3333333333333333,0.08333333333333333,16480.0,40.0,C#5,73,2,0,0.6424086689949036,True,0.2868957221508026,False,0.3280627131462097,False
540,p0n613,17,0.4166666666666667,0.08333333333333333,16520.0,40.0,E5,76,2,0,0.5701740980148315,True,0.10269111394882202,False,0.2730996012687683,False
541,p0n615,17,0.5,0.08333333333333333,16560.0,40.0,A5,81,2,0,0.9534187316894531,True,0.9336679577827454,True,0.8035924434661865,True
542,p0n614,17,0.5,0.8333333333333334,16560.0,400.0,G#5,80,1,0,0.24803537130355835,False,0.20268310606479645,False,0.2904055118560791,False
543,p0n616,17,0.5833333333333334,0.08333333333333333,16600.0,40.0,E5,76,2,0,0.525068461894989,True,0.07107178121805191,False,0.2720614969730377,False
544,p0n617,17,0.6666666666666666,0.08333333333333333,16640.0,40.0,C#5,73,2,0,0.4216194152832031,False,0.32519766688346863,False,0.33185216784477234,False
545,p0n618,17,0.75,0.08333333333333333,16680.0,40.0,A4,69,2,0,0.994576096534729,True,0.9597899317741394,True,0.795232892036438,True
546,p0n619,17,0.8333333333333334,0.08333333333333333,16720.0,40.0,E4,64,2,0,0.12581270933151245,False,0.14400513470172882,False,0.2824813723564148,False
547,p0n620,17,0.9166666666666666,0.08333333333333333,16760.0,40.0,C#4,61,2,0,0.38778412342071533,False,0.26704010367393494,False,0.3121306598186493,False
548,p0n622,17,1.0,0.3333333333333333,16800.0,160.0,C#6,85,1,0,0.9378315806388855,True,0.9443811178207397,True,0.8840008974075317,True
549,p0n623,17,1.0,0.08333333333333333,16800.0,40.0,F#3,54,2,0,0.8915044069290161,True,0.9633646011352539,True,0.793552577495575,True
550,p0n625,17,1.0833333333333333,0.08333333333333333,16840.0,40.0,C#4,61,2,0,0.5379772186279297,True,0.534469485282898,True,0.4557207226753235,False
551,p0n626,17,1.1666666666666667,0.08333333333333333,16880.0,40.0,E4,64,2,0,0.15489396452903748,False,0.15151844918727875,False,0.2841774821281433,False
552,p0n627,17,1.25,0.08333333333333333,16920.0,40.0,A4,69,2,0,0.9945717453956604,True,0.9532846808433533,True,0.7769700884819031,True
553,p0n628,17,1.3333333333333333,0.3333333333333333,16960.0,160.0,C#5,73,1,0,0.5295385122299194,True,0.2666272521018982,False,0.32053837180137634,False
554,p0n629,17,1.3333333333333333,0.08333333333333333,16960.0,40.0,E4,64,2,0,0.20379211008548737,False,0.15242323279380798,False,0.2844333052635193,False
555,p0n630,17,1.4166666666666667,0.08333333333333333,17000.0,40.0,C#4,61,2,0,0.5171366930007935,True,0.33381325006484985,False,0.33465269207954407,False
556,p0n631,17,1.5,0.08333333333333333,17040.0,40.0,F#3,54,2,0,0.6692191958427429,True,0.7362962365150452,True,0.656248927116394,True
557,p0n632,17,1.5833333333333333,0.08333333333333333,17080.0,40.0,C#4,61,2,0,0.623322606086731,True,0.37400174140930176,False,0.35251230001449585,False
558,p0n634,17,1.6666666666666667,0.3333333333333333,17120.0,160.0,F#5,78,1,0,0.6386450529098511,True,0.2090958207845688,False,0.28733813762664795,False
559,p0n633,17,1.6666666666666667,0.3333333333333333,17120.0,160.0,E5,76,1,0,0.7939069271087646,True,0.08948466926813126,False,0.2705997824668884,False
560,p0n635,17,1.6666666666666667,0.08333333333333333,17120.0,40.0,E4,64,2,0,0.06556328386068344,False,0.140655517578125,False,0.28165966272354126,False
561,p0n636,17,1.75,0.08333333333333333,17160.0,40.0,A4,69,2,0,0.9930205941200256,True,0.9158799648284912,True,0.743744432926178,True
562,p0n637,17,1.8333333333333333,0.08333333333333333,17200.0,40.0,E4,64,2,0,0.03687485307455063,False,0.13556240499019623,False,0.28067323565483093,False
563,p0n638,17,1.9166666666666667,0.08333333333333333,17240.0,40.0,C#4,61,2,0,0.39263656735420227,False,0.2755672335624695,False,0.3140830099582672,False
564,p0n640,18,0.0,0.5,17280.0,240.0,E6,88,1,0,0.9612752795219421,True,0.9643991589546204,True,0.9740872979164124,True
565,p0n639,18,0.0,0.5,17280.0,240.0,A5,81,1,0,0.9872488379478455,True,0.9946342706680298,True,0.8930545449256897,True
566,p0n641,18,0.0,0.08333333333333333,17280.0,40.0,F#3,54,2,0,0.9087929725646973,True,0.9657520055770874,True,0.7668235301971436,True
567,p0n645,18,0.08333333333333333,0.08333333333333333,17320.0,40.0,C#4,61,2,0,0.46453607082366943,False,0.30825239419937134,False,0.32617244124412537,False
568,p0n646,18,0.16666666666666666,0.08333333333333333,17360.0,40.0,E4,64,2,0,0.057783160358667374,False,0.13390929996967316,False,0.2805591821670532,False
569,p0n647,18,0.25,0.08333333333333333,17400.0,40.0,G#4,68,2,0,0.5024943351745605,True,0.985281765460968,True,0.9466575384140015,True
570,p0n648,18,0.25,0.6666666666666666,17400.0,320.0,G#4,68,2,0,0.5847839117050171,True,0.9655153751373291,True,0.9341698288917542,True
571,p0n649,18,0.3333333333333333,0.08333333333333333,17440.0,40.0,C#5,73,2,0,0.6868034601211548,True,0.3029440641403198,False,0.34984201192855835,False
572,p0n650,18,0.4166666666666667,0.08333333333333333,17480.0,40.0,E5,76,2,0,0.5994164347648621,True,0.10194600373506546,False,0.26834410429000854,False
573,p0n652,18,0.5,0.8333333333333334,17520.0,400.0,C#6,85,1,0,0.6738859415054321,True,0.6100023984909058,True,0.787597119808197,True
574,p0n653,18,0.5,0.08333333333333333,17520.0,40.0,A5,81,2,0,0.9625129103660583,True,0.8939152359962463,True,0.7703652381896973,True
575,p0n651,18,0.5,0.8333333333333334,17520.0,400.0,G#5,80,1,0,0.5468064546585083,True,0.879938542842865,True,0.2943783104419708,False
576,p0n654,18,0.5833333333333334,0.08333333333333333,17560.0,40.0,E5,76,2,0,0.4800260066986084,False,0.1359790712594986,False,0.2844991683959961,False
577,p0n655,18,0.6666666666666666,0.08333333333333333,17600.0,40.0,C#5,73,2,0,0.6388211250305176,True,0.6283474564552307,True,0.5338840484619141,True
578,p0n656,18,0.75,0.08333333333333333,17640.0,40.0,A4,69,2,0,0.9886748194694519,True,0.9598731398582458,True,0.7531070709228516,True
579,p0n657,18,0.8333333333333334,0.08333333333333333,17680.0,40.0,E4,64,2,0,0.13829724490642548,False,0.14587418735027313,False,0.2825077176094055,False
580,p0n658,18,0.9166666666666666,0.08333333333333333,17720.0,40.0,C#4,61,2,0,0.42253682017326355,False,0.22153954207897186,False,0.30065834522247314,False
581,p0n662,18,1.0,1.0,17760.0,480.0,C#5,73,1,0,0.8643795251846313,True,0.9788303971290588,True,0.893476128578186,True
582,p0n663,18,1.0,0.08333333333333333,17760.0,40.0,F#3,54,2,0,0.8786826729774475,True,0.9618586897850037,True,0.781674861907959,True
583,p0n665,18,1.0833333333333333,0.08333333333333333,17800.0,40.0,C#4,61,2,0,0.5333802700042725,True,0.3513604402542114,False,0.371072381734848,False
584,p0n666,18,1.1666666666666667,0.08333333333333333,17840.0,40.0,E4,64,2,0,0.21676155924797058,False,0.16058270633220673,False,0.2856711745262146,False
585,p0n667,18,1.25,0.08333333333333333,17880.0,40.0,A4,69,2,0,0.9862051606178284,True,0.9286656379699707,True,0.72240149974823,True
586,p0n670,18,1.3333333333333333,0.3333333333333333,17920.0,160.0,G#5,80,1,0,0.7578030228614807,True,0.7273821830749512,True,0.175109401345253,False
587,p0n669,18,1.3333333333333333,0.3333333333333333,17920.0,160.0,C#5,73,1,0,0.6922472715377808,True,0.10158813744783401,False,0.30081191658973694,False
588,p0n671,18,1.3333333333333333,0.08333333333333333,17920.0,40.0,E4,64,2,0,0.23403365910053253,False,0.15162968635559082,False,0.28386393189430237,False
589,p0n672,18,1.4166666666666667,0.08333333333333333,17960.0,40.0,C#4,61,2,0,0.4241500496864319,False,0.2409002184867859,False,0.3047177195549011,False
590,p0n673,18,1.5,0.08333333333333333,18000.0,40.0,F#3,54,2,0,0.6966447234153748,True,0.7243325710296631,True,0.640231728553772,True
591,p0n675,18,1.5833333333333333,0.08333333333333333,18040.0,40.0,C#4,61,2,0,0.5132504105567932,True,0.23622433841228485,False,0.3257311284542084,False
592,p0n677,18,1.6666666666666667,0.3333333333333333,18080.0,160.0,F#5,78,1,0,0.8770410418510437,True,0.16459032893180847,False,0.29424476623535156,False
593,p0n676,18,1.6666666666666667,0.3333333333333333,18080.0,160.0,E5,76,1,0,0.6506415009498596,True,0.034340616315603256,False,0.27171820402145386,False
594,p0n678,18,1.6666666666666667,0.08333333333333333,18080.0,40.0,E4,64,2,0,0.3204404413700104,False,0.17165791988372803,False,0.28871020674705505,False
595,p0n679,18,1.75,0.08333333333333333,18120.0,40.0,A4,69,2,0,0.9873591065406799,True,0.9436518549919128,True,0.7566037774085999,True
596,p0n680,18,1.8333333333333333,0.08333333333333333,18160.0,40.0,E4,64,2,0,0.19662751257419586,False,0.14969560503959656,False,0.28379353880882263,False
597,p0n681,18,1.9166666666666667,0.08333333333333333,18200.0,40.0,C#4,61,2,0,0.4355287551879883,False,0.24672503769397736,False,0.3069898784160614,False
598,p0n684,19,0.0,1.0,18240.0,480.0,E5,76,1,0,0.826357364654541,True,0.5872746109962463,True,0.6031596660614014,True
599,p0n685,19,0.0,0.08333333333333333,18240.0,40.0,F#3,54,2,0,0.862491250038147,True,0.9388023018836975,True,0.7429973483085632,True
600,p0n686,19,0.08333333333333333,0.08333333333333333,18280.0,40.0,C#4,61,2,0,0.41506215929985046,False,0.2455340176820755,False,0.30829858779907227,False
601,p0n687,19,0.16666666666666666,0.08333333333333333,18320.0,40.0,E4,64,2,0,0.09235221892595291,False,0.14276930689811707,False,0.28192827105522156,False
602,p0n688,19,0.25,0.08333333333333333,18360.0,40.0,A4,69,2,0,0.986129105091095,True,0.9613967537879944,True,0.7619737386703491,True
603,p0n689,19,0.3333333333333333,0.08333333333333333,18400.0,40.0,C#5,73,2,0,0.7356667518615723,True,0.24648916721343994,False,0.3519211411476135,False
604,p0n690,19,0.4166666666666667,0.08333333333333333,18440.0,40.0,E5,76,2,0,0.5973042249679565,True,0.09059471637010574,False,0.2668326497077942,False
605,p0n692,19,0.5,0.8333333333333334,18480.0,400.0,C#6,85,1,0,0.8963643908500671,True,0.8804196715354919,True,0.9192217588424683,True
606,p0n693,19,0.5,0.08333333333333333,18480.0,40.0,A5,81,2,0,0.9726850390434265,True,0.9877603650093079,True,0.7958417534828186,True
607,p0n691,19,0.5,0.8333333333333334,18480.0,400.0,G#5,80,1,0,0.8150032162666321,True,0.9425999522209167,True,0.47357529401779175,False
608,p0n694,19,0.5833333333333334,0.08333333333333333,18520.0,40.0,E5,76,2,0,0.5492321252822876,True,0.057846762239933014,False,0.27453452348709106,False
609,p0n695,19,0.6666666666666666,0.08333333333333333,18560.0,40.0,C#5,73,2,0,0.41190844774246216,False,0.3405451774597168,False,0.3372785151004791,False
610,p0n696,19,0.75,0.08333333333333333,18600.0,40.0,A4,69,2,0,0.9903404116630554,True,0.9657080769538879,True,0.7907626628875732,True
611,p0n697,19,0.8333333333333334,0.08333333333333333,18640.0,40.0,E4,64,2,0,0.1149127185344696,False,0.1434870809316635,False,0.28202977776527405,False
612,p0n698,19,0.9166666666666666,0.08333333333333333,18680.0,40.0,C#4,61,2,0,0.2090042233467102,False,0.17319299280643463,False,0.28987371921539307,False
613,p0n701,19,1.0,2.0,18720.0,960.0,G#4,68,1,0,0.8059505224227905,True,0.9968639612197876,True,0.9779276847839355,True
614,p0n702,19,1.0,0.08333333333333333,18720.0,40.0,F#3,54,2,0,0.8579009771347046,True,0.9376822113990784,True,0.7073936462402344,True
615,p0n703,19,1.0833333333333333,0.08333333333333333,18760.0,40.0,C#4,61,2,0,0.4188615083694458,False,0.2366994023323059,False,0.30505871772766113,False
616,p0n704,19,1.1666666666666667,0.08333333333333333,18800.0,40.0,E4,64,2,0,0.2160089910030365,False,0.16434156894683838,False,0.2865806519985199,False
617,p0n705,19,1.25,0.08333333333333333,18840.0,40.0,A4,69,2,0,0.9855746030807495,True,0.9578166604042053,True,0.7636580467224121,True
618,p0n707,19,1.3333333333333333,0.3333333333333333,18880.0,160.0,G#5,80,1,0,0.6202496290206909,True,0.45297256112098694,False,0.29551729559898376,False
619,p0n706,19,1.3333333333333333,0.3333333333333333,18880.0,160.0,C#5,73,1,0,0.29593777656555176,False,0.25262901186943054,False,0.30878010392189026,False
620,p0n708,19,1.3333333333333333,0.08333333333333333,18880.0,40.0,E4,64,2,0,0.1639566719532013,False,0.14521227777004242,False,0.282659113407135,False
621,p0n709,19,1.4166666666666667,0.08333333333333333,18920.0,40.0,C#4,61,2,0,0.40789809823036194,False,0.2296336442232132,False,0.30145108699798584,False
622,p0n710,19,1.5,0.08333333333333333,18960.0,40.0,F#3,54,2,0,0.6480139493942261,True,0.7525626420974731,True,0.6229578852653503,True
623,p0n711,19,1.5833333333333333,0.08333333333333333,19000.0,40.0,C#4,61,2,0,0.501761794090271,True,0.22280865907669067,False,0.31658869981765747,False
624,p0n713,19,1.6666666666666667,0.3333333333333333,19040.0,160.0,F#5,78,1,0,0.8760727643966675,True,0.2051824927330017,False,0.2994399070739746,False
625,p0n712,19,1.6666666666666667,0.3333333333333333,19040.0,160.0,E5,76,1,0,0.9159485101699829,True,0.13789032399654388,False,0.28013312816619873,False
626,p0n714,19,1.6666666666666667,0.08333333333333333,19040.0,40.0,E4,64,2,0,0.0940181165933609,False,0.14607584476470947,False,0.2825128138065338,False
627,p0n715,19,1.75,0.08333333333333333,19080.0,40.0,A4,69,2,0,0.9837419986724854,True,0.9576660990715027,True,0.7727298736572266,True
628,p0n716,19,1.8333333333333333,0.08333333333333333,19120.0,40.0,E4,64,2,0,0.07333545386791229,False,0.14114287495613098,False,0.28160908818244934,False
629,p0n717,19,1.9166666666666667,0.08333333333333333,19160.0,40.0,C#4,61,2,0,0.27989885210990906,False,0.20116400718688965,False,0.2951182723045349,False
630,p0n719,20,0.0,0.5,19200.0,240.0,E6,88,1,0,0.9383578896522522,True,0.9949206709861755,True,0.9730216264724731,True
631,p0n718,20,0.0,0.5,19200.0,240.0,A5,81,1,0,0.9124745726585388,True,0.9893589019775391,True,0.7399439811706543,True
632,p0n721,20,0.0,0.08333333333333333,19200.0,40.0,F#3,54,2,0,0.8467134833335876,True,0.878048837184906,True,0.6537505984306335,True
633,p0n723,20,0.08333333333333333,0.08333333333333333,19240.0,40.0,C#4,61,2,0,0.38771718740463257,False,0.2368066906929016,False,0.3053857088088989,False
634,p0n724,20,0.16666666666666666,0.08333333333333333,19280.0,40.0,E4,64,2,0,0.09347429871559143,False,0.1439322978258133,False,0.2821599245071411,False
635,p0n725,20,0.25,0.08333333333333333,19320.0,40.0,A4,69,2,0,0.9737354516983032,True,0.9242559671401978,True,0.7426207065582275,True
636,p0n726,20,0.3333333333333333,0.08333333333333333,19360.0,40.0,C#5,73,2,0,0.4186761975288391,False,0.3242592215538025,False,0.33144399523735046,False
637,p0n727,20,0.4166666666666667,0.08333333333333333,19400.0,40.0,E5,76,2,0,0.7012897729873657,True,0.17620784044265747,False,0.27121099829673767,False
638,p0n729,20,0.5,0.8333333333333334,19440.0,400.0,C#6,85,1,0,0.5197756886482239,True,0.6357026100158691,True,0.6664791107177734,True
639,p0n730,20,0.5,0.08333333333333333,19440.0,40.0,A5,81,2,0,0.9542410373687744,True,0.9043791890144348,True,0.6716655492782593,True
640,p0n728,20,0.5,0.8333333333333334,19440.0,400.0,G#5,80,1,0,0.5058769583702087,True,0.9257939457893372,True,0.46829691529273987,False
641,p0n731,20,0.5833333333333334,0.08333333333333333,19480.0,40.0,E5,76,2,0,0.5932838916778564,True,0.0860784724354744,False,0.2745788097381592,False
642,p0n732,20,0.6666666666666666,0.08333333333333333,19520.0,40.0,C#5,73,2,0,0.1758609414100647,False,0.18451523780822754,False,0.2920594811439514,False
643,p0n733,20,0.75,0.08333333333333333,19560.0,40.0,A4,69,2,0,0.9476484656333923,True,0.9459439516067505,True,0.8621792793273926,True
644,p0n734,20,0.8333333333333334,0.08333333333333333,19600.0,40.0,E4,64,2,0,0.4031706750392914,False,0.1897762417793274,False,0.2922321557998657,False
645,p0n735,20,0.9166666666666666,0.08333333333333333,19640.0,40.0,C#4,61,2,0,0.5827505588531494,True,0.49700385332107544,False,0.3483618497848511,False
646,p0n738,20,1.0,1.0,19680.0,480.0,F#4,66,1,0,0.18271596729755402,False,0.31176888942718506,False,0.3102097511291504,False
647,p0n739,20,1.0,0.08333333333333333,19680.0,40.0,F#3,54,2,0,0.6869492530822754,True,0.9182983636856079,True,0.7006145119667053,True
648,p0n740,20,1.0833333333333333,0.08333333333333333,19720.0,40.0,C#4,61,2,0,0.8080331087112427,True,0.4530978202819824,False,0.41926664113998413,False
649,p0n741,20,1.1666666666666667,0.08333333333333333,19760.0,40.0,E4,64,2,0,0.6717345714569092,True,0.3375782072544098,False,0.2800936996936798,False
650,p0n742,20,1.25,0.08333333333333333,19800.0,40.0,A4,69,2,0,0.9004590511322021,True,0.9059036374092102,True,0.8123624324798584,True
651,p0n744,20,1.3333333333333333,0.08333333333333333,19840.0,40.0,E4,64,2,0,0.7326191067695618,True,0.20256094634532928,False,0.2703911066055298,False
652,p0n745,20,1.4166666666666667,0.08333333333333333,19880.0,40.0,C#4,61,2,0,0.7095111608505249,True,0.35748687386512756,False,0.36226359009742737,False
653,p0n746,20,1.5,0.08333333333333333,19920.0,40.0,F#3,54,2,0,0.4651734232902527,False,0.4572868347167969,False,0.34867411851882935,False
654,p0n747,20,1.5833333333333333,0.08333333333333333,19960.0,40.0,C#4,61,2,0,0.7944154739379883,True,0.4056524634361267,False,0.37330371141433716,False
655,p0n749,20,1.6666666666666667,0.3333333333333333,20000.0,160.0,F#5,78,1,0,0.3744739890098572,False,0.14155375957489014,False,0.27855589985847473,False
656,p0n748,20,1.6666666666666667,0.3333333333333333,20000.0,160.0,E5,76,1,0,0.978966236114502,True,0.10135825723409653,False,0.2744424343109131,False
657,p0n750,20,1.6666666666666667,0.08333333333333333,20000.0,40.0,E4,64,2,0,0.6357372999191284,True,0.2995181381702423,False,0.2784937620162964,False
658,p0n751,20,1.75,0.08333333333333333,20040.0,40.0,A4,69,2,0,0.8756014108657837,True,0.9082220792770386,True,0.8749603629112244,True
659,p0n752,20,1.8333333333333333,0.08333333333333333,20080.0,40.0,E4,64,2,0,0.33396315574645996,False,0.20344488322734833,False,0.29504382610321045,False
660,p0n753,20,1.9166666666666667,0.08333333333333333,20120.0,40.0,C#4,61,2,0,0.8187371492385864,True,0.4207819104194641,False,0.36020389199256897,False
661,p0n756,21,0.0,0.5,20160.0,240.0,G#5,80,1,0,0.7318699955940247,True,0.9504744410514832,True,0.7320528030395508,True
662,p0n755,21,0.0,0.5,20160.0,240.0,C#5,73,1,0,0.5109460949897766,True,0.5984776616096497,True,0.7813178896903992,True
663,p0n754,21,0.0,0.5,20160.0,240.0,A4,69,1,0,0.9582729935646057,True,0.9954079985618591,True,0.90518718957901,True
664,p0n757,21,0.0,0.08333333333333333,20160.0,40.0,A2,45,2,0,0.7538233995437622,True,0.9454582929611206,True,0.48959532380104065,False
665,p0n759,21,0.08333333333333333,0.08333333333333333,20200.0,40.0,E3,52,2,0,0.2600463926792145,False,0.22228063642978668,False,0.29898273944854736,False
666,p0n760,21,0.16666666666666666,0.08333333333333333,20240.0,40.0,A3,57,2,0,0.9688969254493713,True,0.7955643534660339,True,0.4764661490917206,False
667,p0n761,21,0.25,0.08333333333333333,20280.0,40.0,C#4,61,2,0,0.40067970752716064,False,0.24152876436710358,False,0.3095962107181549,False
668,p0n762,21,0.3333333333333333,0.08333333333333333,20320.0,40.0,E4,64,2,0,0.15998247265815735,False,0.15954208374023438,False,0.28473037481307983,False
669,p0n763,21,0.4166666666666667,0.08333333333333333,20360.0,40.0,A4,69,2,0,0.9562556147575378,True,0.8976545929908752,True,0.7333526611328125,True
670,p0n765,21,0.5,0.5,20400.0,240.0,F#5,78,1,0,0.05879369378089905,False,0.1303468495607376,False,0.2725956439971924,False
671,p0n764,21,0.5,0.5,20400.0,240.0,E5,76,1,0,0.8058223128318787,True,0.5703604221343994,True,0.44195327162742615,False
672,p0n766,21,0.5,0.08333333333333333,20400.0,40.0,C#5,73,2,0,0.2823496162891388,False,0.28402820229530334,False,0.3104934096336365,False
673,p0n767,21,0.5833333333333334,0.08333333333333333,20440.0,40.0,A4,69,2,0,0.954468846321106,True,0.7775614857673645,True,0.7129347920417786,True
674,p0n768,21,0.6666666666666666,0.08333333333333333,20480.0,40.0,E4,64,2,0,0.05847536772489548,False,0.1383749544620514,False,0.2809988558292389,False
675,p0n769,21,0.75,0.08333333333333333,20520.0,40.0,C#4,61,2,0,0.3086070716381073,False,0.2619919180870056,False,0.31556931138038635,False
676,p0n770,21,0.8333333333333334,0.08333333333333333,20560.0,40.0,A3,57,2,0,0.9912348985671997,True,0.8867373466491699,True,0.6565567255020142,True
677,p0n771,21,0.9166666666666666,0.08333333333333333,20600.0,40.0,E3,52,2,0,0.12049351632595062,False,0.1651921272277832,False,0.2858889400959015,False
678,p0n774,21,1.0,0.5,20640.0,240.0,G#4,68,1,0,0.5053037405014038,True,0.9874947667121887,True,0.9799271821975708,True
679,p0n773,21,1.0,0.5,20640.0,240.0,C#4,61,1,0,0.6116712689399719,True,0.9852515459060669,True,0.928244411945343,True
680,p0n772,21,1.0,0.5,20640.0,240.0,A3,57,1,0,0.9936594367027283,True,0.9821893572807312,True,0.7564640641212463,True
681,p0n775,21,1.0,0.16666666666666666,20640.0,80.0,A2,45,2,0,0.8537457585334778,True,0.9427900910377502,True,0.5076112151145935,True
682,p0n776,21,1.1666666666666667,0.16666666666666666,20720.0,80.0,E3,52,2,0,0.10471276193857193,False,0.16242045164108276,False,0.2852535545825958,False
683,p0n777,21,1.3333333333333333,0.16666666666666666,20800.0,80.0,A3,57,2,0,0.990371584892273,True,0.5955765247344971,True,0.39602380990982056,False
684,p0n779,21,1.5,0.5,20880.0,240.0,F#4,66,1,0,0.12431099265813828,False,0.16329534351825714,False,0.27640068531036377,False
685,p0n778,21,1.5,0.5,20880.0,240.0,E4,64,1,0,0.1274517923593521,False,0.21038764715194702,False,0.28920063376426697,False
686,p0n780,21,1.5,0.16666666666666666,20880.0,80.0,C#4,61,2,0,0.35275983810424805,False,0.27834343910217285,False,0.30795496702194214,False
687,p0n781,21,1.6666666666666667,0.16666666666666666,20960.0,80.0,A3,57,2,0,0.9904327392578125,True,0.7908979654312134,True,0.4675599932670593,False
688,p0n782,21,1.8333333333333333,0.16666666666666666,21040.0,80.0,E3,52,2,0,0.10105951130390167,False,0.16303761303424835,False,0.28517720103263855,False
689,p0n785,21,2.0,0.5,21120.0,240.0,F#5,78,1,0,0.13361859321594238,False,0.2216677963733673,False,0.29912957549095154,False
690,p0n784,21,2.0,0.5,21120.0,240.0,B4,71,1,0,0.996090829372406,True,0.6860070824623108,True,0.5195046067237854,True
691,p0n783,21,2.0,0.5,21120.0,240.0,G4,67,1,0,0.3238469958305359,False,0.5367928147315979,True,0.43067705631256104,False
692,p0n786,21,2.0,0.11041666666666666,21120.0,53.0,G4,67,2,0,0.39572399854660034,False,0.5982965230941772,True,0.4643928110599518,False
693,p0n787,21,2.1104166666666666,0.11041666666666666,21173.0,53.0,D4,62,2,0,0.38853809237480164,False,0.17714819312095642,False,0.2846139669418335,False
694,p0n788,21,2.220833333333333,0.11041666666666666,21226.0,53.0,B3,59,2,0,0.9576568007469177,True,0.8096498250961304,True,0.5890321135520935,True
695,p0n789,21,2.33125,0.11041666666666666,21279.0,53.0,G3,55,2,0,0.8750093579292297,True,0.8764933943748474,True,0.8080325126647949,True
696,p0n790,21,2.441666666666667,0.11041666666666666,21332.0,53.0,D3,50,2,0,0.9639712572097778,True,0.7760016918182373,True,0.36063283681869507,False
697,p0n792,21,2.5,0.5,21360.0,240.0,D5,74,1,0,0.9579501748085022,True,0.9750933051109314,True,0.862135112285614,True
698,p0n791,21,2.5,0.5,21360.0,240.0,C#5,73,1,0,0.13286232948303223,False,0.2122485637664795,False,0.29150664806365967,False
699,p0n793,21,2.5520833333333335,0.11041666666666666,21385.0,53.0,G2,43,2,0,0.4209057092666626,False,0.24247203767299652,False,0.3133479654788971,False
700,p0n794,21,2.6625,0.11041666666666666,21438.0,53.0,D3,50,2,0,0.9739834666252136,True,0.7098884582519531,True,0.4141220152378082,False
701,p0n795,21,2.7729166666666667,0.11041666666666666,21491.0,53.0,G3,55,2,0,0.7191585898399353,True,0.8155495524406433,True,0.7479745745658875,True
702,p0n796,21,2.8833333333333333,0.11041666666666666,21544.0,53.0,B3,59,2,0,0.9174272418022156,True,0.5741451382637024,True,0.3480049669742584,False
703,p0n799,22,0.0,0.5,21600.0,240.0,G#5,80,1,0,0.823045015335083,True,0.9751667976379395,True,0.8004482388496399,True
704,p0n798,22,0.0,0.5,21600.0,240.0,C#5,73,1,0,0.6121625304222107,True,0.8821596503257751,True,0.7267491221427917,True
705,p0n797,22,0.0,0.5,21600.0,240.0,A4,69,1,0,0.9927589893341064,True,0.9962343573570251,True,0.8602637052536011,True
706,p0n800,22,0.0,0.08333333333333333,21600.0,40.0,A2,45,2,0,0.8670046329498291,True,0.9257153868675232,True,0.6529244780540466,True
707,p0n802,22,0.08333333333333333,0.08333333333333333,21640.0,40.0,E3,52,2,0,0.12271004915237427,False,0.1625816375017166,False,0.2853311598300934,False
708,p0n803,22,0.16666666666666666,0.08333333333333333,21680.0,40.0,A3,57,2,0,0.9906855225563049,True,0.7827101945877075,True,0.5149742364883423,True
709,p0n804,22,0.25,0.08333333333333333,21720.0,40.0,C#4,61,2,0,0.17495174705982208,False,0.1812453716993332,False,0.2956966161727905,False
710,p0n805,22,0.3333333333333333,0.08333333333333333,21760.0,40.0,E4,64,2,0,0.04135093837976456,False,0.13845746219158173,False,0.2809221148490906,False
711,p0n806,22,0.4166666666666667,0.08333333333333333,21800.0,40.0,A4,69,2,0,0.982451856136322,True,0.6350407600402832,True,0.5466396808624268,True
712,p0n808,22,0.5,0.5,21840.0,240.0,F#5,78,1,0,0.029924700036644936,False,0.1253064125776291,False,0.2718808352947235,False
713,p0n807,22,0.5,0.5,21840.0,240.0,E5,76,1,0,0.6420661807060242,True,0.5111731886863708,True,0.2524154484272003,False
714,p0n809,22,0.5,0.08333333333333333,21840.0,40.0,C#5,73,2,0,0.04483254253864288,False,0.14097867906093597,False,0.27960628271102905,False
715,p0n810,22,0.5833333333333334,0.08333333333333333,21880.0,40.0,A4,69,2,0,0.9544956684112549,True,0.7494747042655945,True,0.6860382556915283,True
716,p0n811,22,0.6666666666666666,0.08333333333333333,21920.0,40.0,E4,64,2,0,0.06276990473270416,False,0.13560940325260162,False,0.2805773615837097,False
717,p0n812,22,0.75,0.08333333333333333,21960.0,40.0,C#4,61,2,0,0.4274658262729645,False,0.35241934657096863,False,0.34085118770599365,False
718,p0n813,22,0.8333333333333334,0.08333333333333333,22000.0,40.0,A3,57,2,0,0.9717634320259094,True,0.617607593536377,True,0.28634729981422424,False
719,p0n814,22,0.9166666666666666,0.08333333333333333,22040.0,40.0,E3,52,2,0,0.0696096271276474,False,0.1513940393924713,False,0.28299015760421753,False
720,p0n817,22,1.0,0.5,22080.0,240.0,G#4,68,1,0,0.9007574319839478,True,0.9871139526367188,True,0.9172143936157227,True
721,p0n816,22,1.0,0.5,22080.0,240.0,C#4,61,1,0,0.8423271179199219,True,0.9688431024551392,True,0.9281212687492371,True
722,p0n815,22,1.0,0.5,22080.0,240.0,A3,57,1,0,0.9794116616249084,True,0.9591971635818481,True,0.6352928876876831,True
723,p0n818,22,1.0,0.16666666666666666,22080.0,80.0,A2,45,2,0,0.9081117510795593,True,0.9512780904769897,True,0.6621218919754028,True
724,p0n819,22,1.1666666666666667,0.16666666666666666,22160.0,80.0,E3,52,2,0,0.019386079162359238,False,0.13742676377296448,False,0.2804122865200043,False
725,p0n820,22,1.3333333333333333,0.16666666666666666,22240.0,80.0,A3,57,2,0,0.9554480910301208,True,0.36116644740104675,False,0.3790997862815857,False
726,p0n822,22,1.5,0.5,22320.0,240.0,F#4,66,1,0,0.11297467350959778,False,0.15425340831279755,False,0.2749037742614746,False
727,p0n821,22,1.5,0.5,22320.0,240.0,E4,64,1,0,0.0943419486284256,False,0.18641701340675354,False,0.28493234515190125,False
728,p0n823,22,1.5,0.16666666666666666,22320.0,80.0,C#4,61,2,0,0.047171127051115036,False,0.14250199496746063,False,0.2796582281589508,False
729,p0n824,22,1.6666666666666667,0.16666666666666666,22400.0,80.0,A3,57,2,0,0.7725335955619812,True,0.38033220171928406,False,0.29809054732322693,False
730,p0n825,22,1.8333333333333333,0.16666666666666666,22480.0,80.0,E3,52,2,0,0.38195669651031494,False,0.18626996874809265,False,0.29254379868507385,False
731,p0n828,22,2.0,0.5,22560.0,240.0,F#5,78,1,0,0.5612550377845764,True,0.9855585098266602,True,0.751044750213623,True
732,p0n827,22,2.0,0.5,22560.0,240.0,B4,71,1,0,0.8212676048278809,True,0.9959022402763367,True,0.6947237849235535,True
733,p0n826,22,2.0,0.5,22560.0,240.0,G4,67,1,0,0.9558717608451843,True,0.9901610612869263,True,0.9037517309188843,True
734,p0n829,22,2.0,0.11041666666666666,22560.0,53.0,G4,67,2,0,0.9392838478088379,True,0.9722387194633484,True,0.8617625832557678,True
735,p0n830,22,2.1104166666666666,0.11041666666666666,22613.0,53.0,D4,62,2,0,0.9074214100837708,True,0.321076363325119,False,0.28877249360084534,False
736,p0n831,22,2.220833333333333,0.11041666666666666,22666.0,53.0,B3,59,2,0,0.6260746717453003,True,0.9606537222862244,True,0.3766779899597168,False
737,p0n832,22,2.33125,0.11041666666666666,22719.0,53.0,G3,55,2,0,0.9926716089248657,True,0.8269376754760742,True,0.6909439563751221,True
738,p0n833,22,2.441666666666667,0.11041666666666666,22772.0,53.0,D3,50,2,0,0.8647457361221313,True,0.27285563945770264,False,0.29445648193359375,False
739,p0n835,22,2.5,0.5,22800.0,240.0,D5,74,1,0,0.7074853181838989,True,0.4209538400173187,False,0.31949347257614136,False
740,p0n834,22,2.5,0.5,22800.0,240.0,C#5,73,1,0,0.2704046368598938,False,0.23379303514957428,False,0.2988661229610443,False
741,p0n836,22,2.5520833333333335,0.11041666666666666,22825.0,53.0,G2,43,2,0,0.33682718873023987,False,0.1882859319448471,False,0.298559308052063,False
742,p0n837,22,2.6625,0.11041666666666666,22878.0,53.0,D3,50,2,0,0.594914972782135,True,0.6754323840141296,True,0.4212988317012787,False
743,p0n838,22,2.7729166666666667,0.11041666666666666,22931.0,53.0,G3,55,2,0,0.9965685606002808,True,0.9521710872650146,True,0.7366783618927002,True
744,p0n839,22,2.8833333333333333,0.11041666666666666,22984.0,53.0,B3,59,2,0,0.7531037926673889,True,0.7347154021263123,True,0.3531228303909302,False
745,p0n842,23,0.0,0.08333333333333333,23040.0,40.0,G2,43,2,0,0.6986139416694641,True,0.8594194054603577,True,0.63471519947052,True
746,p0n843,23,0.08333333333333333,0.08333333333333333,23080.0,40.0,D3,50,2,0,0.6642525792121887,True,0.411489874124527,False,0.3103867173194885,False
747,p0n844,23,0.16666666666666666,0.08333333333333333,23120.0,40.0,G3,55,2,0,0.9973777532577515,True,0.8985830545425415,True,0.7761241793632507,True
748,p0n845,23,0.25,0.08333333333333333,23160.0,40.0,B3,59,2,0,0.5074241757392883,True,0.91648930311203,True,0.4481636881828308,False
749,p0n846,23,0.3333333333333333,0.08333333333333333,23200.0,40.0,D4,62,2,0,0.9107105731964111,True,0.13279904425144196,False,0.2623457908630371,False
750,p0n847,23,0.4166666666666667,0.08333333333333333,23240.0,40.0,B3,59,2,0,0.5483548045158386,True,0.9437095522880554,True,0.43904250860214233,False
751,p0n849,23,0.5,0.08333333333333333,23280.0,40.0,G3,55,2,0,0.9922974705696106,True,0.9665956497192383,True,0.8633492588996887,True
752,p0n850,23,0.5833333333333334,0.08333333333333333,23320.0,40.0,D3,50,2,0,0.7600092887878418,True,0.05214845389127731,False,0.2735055983066559,False
753,p0n851,23,0.6666666666666666,0.08333333333333333,23360.0,40.0,G2,43,2,0,0.473450630903244,False,0.20177873969078064,False,0.3010772466659546,False
754,p0n852,23,0.75,0.08333333333333333,23400.0,40.0,D3,50,2,0,0.4384874105453491,False,0.3026701807975769,False,0.3159034550189972,False
755,p0n853,23,0.8333333333333334,0.08333333333333333,23440.0,40.0,G3,55,2,0,0.9975428581237793,True,0.9086592793464661,True,0.6963862776756287,True
756,p0n854,23,0.9166666666666666,0.08333333333333333,23480.0,40.0,B3,59,2,0,0.7454671859741211,True,0.8039028644561768,True,0.4521588683128357,False
757,p0n856,23,1.0,0.5,23520.0,240.0,F#4,66,1,0,0.5788499116897583,True,0.9877705574035645,True,0.8309306502342224,True
758,p0n855,23,1.0,0.5,23520.0,240.0,B3,59,1,0,0.7928289175033569,True,0.9591917991638184,True,0.559483528137207,True
759,p0n857,23,1.0,0.08333333333333333,23520.0,40.0,G2,43,2,0,0.699239194393158,True,0.9263838529586792,True,0.5688490271568298,True
760,p0n858,23,1.0833333333333333,0.08333333333333333,23560.0,40.0,D3,50,2,0,0.33823901414871216,False,0.19243085384368896,False,0.28675520420074463,False
761,p0n859,23,1.1666666666666667,0.08333333333333333,23600.0,40.0,G3,55,2,0,0.9958778619766235,True,0.9336830377578735,True,0.7274467945098877,True
762,p0n860,23,1.25,0.08333333333333333,23640.0,40.0,B3,59,2,0,0.8093461990356445,True,0.8521173596382141,True,0.37997981905937195,False
763,p0n861,23,1.3333333333333333,0.08333333333333333,23680.0,40.0,D4,62,2,0,0.8688750267028809,True,0.2914162874221802,False,0.2712090015411377,False
764,p0n862,23,1.4166666666666667,0.08333333333333333,23720.0,40.0,G4,67,2,0,0.892822265625,True,0.7156341671943665,True,0.6681183576583862,True
765,p0n865,23,1.6,0.1,23808.0,48.0,B3,59,2,0,0.7966911196708679,True,0.7817047238349915,True,0.556275486946106,True
766,p0n866,23,1.7,0.1,23856.0,48.0,G3,55,2,0,0.9926481246948242,True,0.7426060438156128,True,0.4613451659679413,False
767,p0n867,23,1.8,0.1,23904.0,48.0,D3,50,2,0,0.7546879053115845,True,0.5023443698883057,True,0.3582237660884857,False
768,p0n868,23,1.9,0.1,23952.0,48.0,G2,43,2,0,0.7153281569480896,True,0.6246245503425598,True,0.4655609726905823,False
769,p0n871,24,0.0,0.14375,24000.0,69.0,G2,43,2,0,0.6971428394317627,True,0.9323496222496033,True,0.6627652049064636,True
770,p0n872,24,0.14375,0.14375,24069.0,69.0,D3,50,2,0,0.5945419669151306,True,0.3440904915332794,False,0.2893555164337158,False
771,p0n873,24,0.2875,0.14375,24138.0,69.0,G3,55,2,0,0.9965331554412842,True,0.7969027757644653,True,0.5891304612159729,True
772,p0n874,24,0.43125,0.14375,24207.0,69.0,B3,59,2,0,0.7557777762413025,True,0.7574729323387146,True,0.35493773221969604,False
773,p0n875,24,0.575,0.14375,24276.0,69.0,G3,55,2,0,0.9961088299751282,True,0.7344614863395691,True,0.6349067091941833,True
774,p0n876,24,0.71875,0.14375,24345.0,69.0,D3,50,2,0,0.622181236743927,True,0.24420912563800812,False,0.28608784079551697,False
775,p0n877,24,0.8625,0.14375,24414.0,69.0,G2,43,2,0,0.6953706741333008,True,0.5145981907844543,True,0.3388579487800598,False
776,p0n878,24,1.00625,0.11041666666666666,24483.0,53.0,G2,43,2,0,0.566646933555603,True,0.3919193148612976,False,0.3201684057712555,False
777,p0n879,24,1.1166666666666667,0.11041666666666666,24536.0,53.0,D2,38,2,0,0.9139940142631531,True,0.5371435880661011,True,0.32091331481933594,False
778,p0n880,24,1.2270833333333333,0.11041666666666666,24589.0,53.0,G2,43,2,0,0.5957227349281311,True,0.24949391186237335,False,0.310737282037735,False
779,p0n881,24,1.3375,0.11041666666666666,24642.0,53.0,D2,38,2,0,0.916617751121521,True,0.2753326892852783,False,0.28924259543418884,False
780,p0n882,24,1.4479166666666667,0.11041666666666666,24695.0,53.0,D2,38,2,0,0.9614768624305725,True,0.4348738193511963,False,0.2796323597431183,False
781,p0n883,24,1.5583333333333333,0.11041666666666666,24748.0,53.0,G2,43,2,0,0.8422281742095947,True,0.21702292561531067,False,0.28079456090927124,False
782,p0n884,24,1.66875,0.11041666666666666,24801.0,53.0,D3,50,2,0,0.35883861780166626,False,0.16990715265274048,False,0.2823784649372101,False
783,p0n885,24,1.7791666666666666,0.11041666666666666,24854.0,53.0,G3,55,2,0,0.986069917678833,True,0.8663939237594604,True,0.7061728239059448,True
784,p0n886,24,1.8895833333333334,0.11041666666666666,24907.0,53.0,D3,50,2,0,0.6939773559570312,True,0.40347716212272644,False,0.2980486750602722,False
785,p0n889,25,0.0,0.125,24960.0,60.0,G1,31,2,0,0.8209596872329712,True,0.9474124908447266,True,0.8404325842857361,True
786,p0n890,25,0.125,0.125,25020.0,60.0,D2,38,2,0,0.80392986536026,True,0.7748531103134155,True,0.4804221987724304,False
787,p0n891,25,0.25,0.125,25080.0,60.0,G2,43,2,0,0.5031042695045471,True,0.39294692873954773,False,0.37922239303588867,False
788,p0n892,25,0.375,0.125,25140.0,60.0,D3,50,2,0,0.726571261882782,True,0.5371851325035095,True,0.5800668001174927,True
789,p0n894,25,0.5,1.0,25200.0,480.0,F#3,54,1,0,0.5821091532707214,True,0.9311381578445435,True,0.8362038731575012,True
790,p0n893,25,0.5,1.0,25200.0,480.0,B2,47,1,0,0.9628404974937439,True,0.9737580418586731,True,0.7348623871803284,True
791,p0n896,25,0.6,0.1,25248.0,48.0,D2,38,2,0,0.970750093460083,True,0.494273841381073,False,0.30185410380363464,False
792,p0n897,25,0.7,0.1,25296.0,48.0,G2,43,2,0,0.7625992894172668,True,0.22172971069812775,False,0.28731438517570496,False
793,p0n898,25,0.8,0.1,25344.0,48.0,D3,50,2,0,0.4231308400630951,False,0.1412121206521988,False,0.2796485722064972,False
794,p0n899,25,0.9,0.1,25392.0,48.0,G3,55,2,0,0.9964893460273743,True,0.7689313888549805,True,0.6069539189338684,True
795,p0n900,25,1.0,0.125,25440.0,60.0,B3,59,2,0,0.46240559220314026,False,0.3092271685600281,False,0.3286847174167633,False
796,p0n901,25,1.125,0.125,25500.0,60.0,G3,55,2,0,0.9823846220970154,True,0.9012194871902466,True,0.7667911648750305,True
797,p0n902,25,1.25,0.125,25560.0,60.0,D3,50,2,0,0.5946251153945923,True,0.8774390816688538,True,0.38394224643707275,False
798,p0n903,25,1.375,0.125,25620.0,60.0,G2,43,2,0,0.6569225788116455,True,0.23377807438373566,False,0.3202277719974518,False
799,p0n905,25,1.5,0.5,25680.0,240.0,D3,50,1,0,0.9008464217185974,True,0.9600819945335388,True,0.6807693839073181,True
800,p0n904,25,1.5,0.5,25680.0,240.0,C#3,49,1,0,0.8096036911010742,True,0.188950777053833,False,0.2811693847179413,False
801,p0n907,25,1.625,0.125,25740.0,60.0,D2,38,2,0,0.9452110528945923,True,0.906510591506958,True,0.5363807082176208,True
802,p0n908,25,1.75,0.125,25800.0,60.0,G2,43,2,0,0.5949914455413818,True,0.10518968105316162,False,0.2986694574356079,False
803,p0n909,25,1.875,0.125,25860.0,60.0,D3,50,2,0,0.9244838356971741,True,0.896871030330658,True,0.6407935619354248,True
804,p0n912,26,0.0,0.125,25920.0,60.0,G3,55,2,0,0.9981297850608826,True,0.9461241364479065,True,0.8690584301948547,True
805,p0n913,26,0.125,0.125,25980.0,60.0,D3,50,2,0,0.7185249328613281,True,0.8701933026313782,True,0.38570547103881836,False
806,p0n914,26,0.25,0.125,26040.0,60.0,G2,43,2,0,0.7374507188796997,True,0.16086862981319427,False,0.30763691663742065,False
807,p0n915,26,0.375,0.125,26100.0,60.0,D2,38,2,0,0.9117646813392639,True,0.8466892838478088,True,0.537424623966217,True
808,p0n916,26,0.5,0.125,26160.0,60.0,G1,31,2,0,0.68276447057724,True,0.7421944737434387,True,0.5590838193893433,True
809,p0n917,26,0.625,0.125,26220.0,60.0,D2,38,2,0,0.8940433859825134,True,0.9061852097511292,True,0.461330771446228,False
810,p0n918,26,0.75,0.125,26280.0,60.0,G2,43,2,0,0.8281189203262329,True,0.38607412576675415,False,0.34876033663749695,False
811,p0n919,26,0.875,0.125,26340.0,60.0,D2,38,2,0,0.8556337952613831,True,0.8783009052276611,True,0.43591609597206116,False
812,p0n920,26,1.0,0.0625,26400.0,30.0,G1,31,2,0,0.8906142115592957,True,0.9465994238853455,True,0.7812092900276184,True
813,p0n921,26,1.0625,0.0625,26430.0,30.0,D2,38,2,0,0.8768535256385803,True,0.4036913514137268,False,0.3301349878311157,False
814,p0n922,26,1.125,0.0625,26460.0,30.0,G2,43,2,0,0.5302920937538147,True,0.5572301745414734,True,0.3163847327232361,False
815,p0n923,26,1.1875,0.0625,26490.0,30.0,B2,47,2,0,0.6915619373321533,True,0.432468980550766,False,0.37093445658683777,False
816,p0n924,26,1.25,0.0625,26520.0,30.0,D3,50,2,0,0.8358154296875,True,0.7269901633262634,True,0.5162686705589294,True
817,p0n925,26,1.3125,0.0625,26550.0,30.0,B2,47,2,0,0.7511199712753296,True,0.46064651012420654,False,0.36004355549812317,False
818,p0n926,26,1.375,0.0625,26580.0,30.0,G2,43,2,0,0.5617777705192566,True,0.11268637329339981,False,0.29484596848487854,False
819,p0n927,26,1.4375,0.0625,26610.0,30.0,D2,38,2,0,0.9622324705123901,True,0.36574089527130127,False,0.2680366039276123,False
820,p0n928,26,1.5,0.125,26640.0,60.0,G1,31,2,0,0.7451398372650146,True,0.480830579996109,False,0.42701607942581177,False
821,p0n929,26,1.625,0.125,26700.0,60.0,D2,38,2,0,0.9401180744171143,True,0.8223268389701843,True,0.3902294635772705,False
822,p0n930,26,1.75,0.125,26760.0,60.0,G2,43,2,0,0.8551230430603027,True,0.13018307089805603,False,0.29578906297683716,False
823,p0n931,26,1.875,0.125,26820.0,60.0,D2,38,2,0,0.9190469980239868,True,0.7923124432563782,True,0.469576895236969,False
824,p0n934,27,0.0,0.125,26880.0,60.0,G1,31,2,0,0.8124182224273682,True,0.7772936820983887,True,0.6817734837532043,True
825,p0n935,27,0.125,0.125,26940.0,60.0,D2,38,2,0,0.8849742412567139,True,0.7983247637748718,True,0.3972315490245819,False
826,p0n936,27,0.25,0.125,27000.0,60.0,G2,43,2,0,0.8447315096855164,True,0.2958481013774872,False,0.34991520643234253,False
827,p0n937,27,0.375,0.125,27060.0,60.0,B2,47,2,0,0.5050241351127625,True,0.6677727103233337,True,0.466748982667923,False
828,p0n938,27,0.5,0.125,27120.0,60.0,G2,43,2,0,0.6724703311920166,True,0.17589852213859558,False,0.30833205580711365,False
829,p0n939,27,0.625,0.125,27180.0,60.0,D2,38,2,0,0.8921263813972473,True,0.8201366662979126,True,0.4187162518501282,False
830,p0n940,27,0.75,0.125,27240.0,60.0,G1,31,2,0,0.920994758605957,True,0.7492080926895142,True,0.6377939581871033,True
831,p0n941,27,0.875,0.125,27300.0,60.0,D2,38,2,0,0.8501879572868347,True,0.7909074425697327,True,0.42413005232810974,False
832,p0n942,27,1.0,0.16666666666666666,27360.0,80.0,G2,43,2,0,0.9319501519203186,True,0.6182268261909485,True,0.35755422711372375,False
833,p0n943,27,1.1666666666666667,0.16666666666666666,27440.0,80.0,D2,38,2,0,0.8973437547683716,True,0.5109313130378723,True,0.3475607931613922,False
834,p0n944,27,1.3333333333333333,0.16666666666666666,27520.0,80.0,G1,31,2,0,0.642125129699707,True,0.6174715161323547,True,0.6419574022293091,True
835,p0n945,27,1.5,0.16666666666666666,27600.0,80.0,D2,38,2,0,0.9182003736495972,True,0.9322050213813782,True,0.6047919392585754,True
836,p0n946,27,1.6666666666666667,0.16666666666666666,27680.0,80.0,G1,31,2,0,0.7911419868469238,True,0.5468790531158447,True,0.48895764350891113,False
837,p0n947,27,1.8333333333333333,0.16666666666666666,27760.0,80.0,D1,26,2,0,0.8251717686653137,True,0.5007502436637878,True,0.4355584383010864,False
838,p0n950,28,0.0,0.3333333333333333,27840.0,160.0,B-1,34,2,0,0.44124120473861694,False,0.6390571594238281,True,0.46337780356407166,False
839,p0n951,28,0.3333333333333333,0.3333333333333333,28000.0,160.0,B-1,34,2,0,0.2641083300113678,False,0.22020812332630157,False,0.2981204390525818,False
840,p0n952,28,0.6666666666666666,0.3333333333333333,28160.0,160.0,B-2,46,2,0,0.5766859650611877,True,0.308170884847641,False,0.3100414276123047,False
841,p0n953,29,0.0,0.125,28320.0,60.0,B-6,94,1,0,0.44317108392715454,False,0.37007996439933777,False,0.3457171320915222,False
842,p0n954,29,0.0,1.0,28320.0,480.0,B-6,94,1,0,0.3206203281879425,False,0.3063275218009949,False,0.3279446065425873,False
843,p0n957,29,0.0,1.0,28320.0,480.0,B3,59,2,0,0.7546207904815674,True,0.9667379856109619,True,0.9309858679771423,True
844,p0n956,29,0.0,1.0,28320.0,480.0,A-3,56,2,0,0.639211118221283,True,0.8619288802146912,True,0.8707002997398376,True
845,p0n955,29,0.0,1.0,28320.0,480.0,D3,50,2,0,0.6628232002258301,True,0.9182696342468262,True,0.819585382938385,True
846,p0n960,29,0.125,0.125,28380.0,60.0,F6,89,1,0,0.8020419478416443,True,0.3726423680782318,False,0.29070141911506653,False
847,p0n961,29,0.25,0.125,28440.0,60.0,D6,86,1,0,0.6055509448051453,True,0.36157897114753723,False,0.2937471866607666,False
848,p0n962,29,0.375,0.125,28500.0,60.0,B-5,82,1,0,0.3706778883934021,False,0.1298225224018097,False,0.287334680557251,False
849,p0n963,29,0.5,0.125,28560.0,60.0,B-6,94,1,0,0.7334986329078674,True,0.1592269390821457,False,0.28456515073776245,False
850,p0n964,29,0.625,0.125,28620.0,60.0,F6,89,1,0,0.9238581657409668,True,0.6596462726593018,True,0.8457799553871155,True
851,p0n965,29,0.75,0.125,28680.0,60.0,D6,86,1,0,0.9157736897468567,True,0.9622573256492615,True,0.8560988903045654,True
852,p0n966,29,0.875,0.125,28740.0,60.0,B-5,82,1,0,0.5820457935333252,True,0.8253878951072693,True,0.6294822096824646,True
853,p0n967,29,1.0,0.125,28800.0,60.0,A-6,92,1,0,0.9147098064422607,True,0.9929392337799072,True,0.989189624786377,True
854,p0n968,29,1.0,2.0,28800.0,960.0,A-6,92,1,0,0.8446994423866272,True,0.9265406131744385,True,0.9004069566726685,True
855,p0n971,29,1.0,2.0,28800.0,960.0,C4,60,2,0,0.9049999117851257,True,0.9996414184570312,True,0.9909952282905579,True
856,p0n970,29,1.0,2.0,28800.0,960.0,G-3,54,2,0,0.9443053603172302,True,0.799189031124115,True,0.9370782971382141,True
857,p0n969,29,1.0,2.0,28800.0,960.0,E-3,51,2,0,0.9815484881401062,True,0.9834088087081909,True,0.9176607728004456,True
858,p0n973,29,1.125,0.125,28860.0,60.0,E-6,87,1,0,0.7122626900672913,True,0.5647087097167969,True,0.44958043098449707,False
859,p0n974,29,1.25,0.125,28920.0,60.0,C6,84,1,0,0.8651314973831177,True,0.5077770352363586,True,0.46543431282043457,False
860,p0n975,29,1.375,0.125,28980.0,60.0,A-5,80,1,0,0.250495970249176,False,0.16408170759677887,False,0.27725037932395935,False
861,p0n976,29,1.5,0.16666666666666666,29040.0,80.0,A-5,80,1,0,0.23349983990192413,False,0.19089744985103607,False,0.2812298536300659,False
862,p0n977,29,1.5,0.5,29040.0,240.0,B-1,34,2,0,0.47943001985549927,False,0.5337697267532349,True,0.39363259077072144,False
863,p0n978,29,1.6666666666666667,0.16666666666666666,29120.0,80.0,E-5,75,1,0,0.9708561897277832,True,0.6365299224853516,True,0.6042770743370056,True
864,p0n979,29,1.8333333333333333,0.16666666666666666,29200.0,80.0,C5,72,1,0,0.866497814655304,True,0.5202047228813171,True,0.22831544280052185,False
865,p0n980,29,2.0,0.1,29280.0,48.0,A-4,68,1,0,0.9866965413093567,True,0.9877550005912781,True,0.8855574131011963,True
866,p0n981,29,2.0,0.5,29280.0,240.0,B-0,22,2,0,0.485465407371521,False,0.6861252188682556,True,0.4921506941318512,False
867,p0n982,29,2.1,0.1,29328.0,48.0,C5,72,1,0,0.7336449027061462,True,0.39512506127357483,False,0.24653419852256775,False
868,p0n983,29,2.2,0.1,29376.0,48.0,E-5,75,1,0,0.9920477271080017,True,0.43563908338546753,False,0.3329884111881256,False
869,p0n984,29,2.3,0.1,29424.0,48.0,A-5,80,1,0,0.15428650379180908,False,0.10798823088407516,False,0.2732918858528137,False
870,p0n985,29,2.4,0.1,29472.0,48.0,C6,84,1,0,0.8934695720672607,True,0.12153179943561554,False,0.29050877690315247,False
871,p0n986,29,2.5,0.1,29520.0,48.0,E-6,87,1,0,0.3443221151828766,False,0.26186665892601013,False,0.30946579575538635,False
872,p0n987,29,2.5,0.5,29520.0,240.0,B-1,34,2,0,0.4907727539539337,False,0.5159063935279846,True,0.3852579891681671,False
873,p0n988,29,2.6,0.1,29568.0,48.0,A-6,92,1,0,0.7666078805923462,True,0.24810990691184998,False,0.29249778389930725,False
874,p0n989,29,2.7,0.1,29616.0,48.0,E-6,87,1,0,0.5558041930198669,True,0.33066317439079285,False,0.2900812029838562,False
875,p0n990,29,2.8,0.1,29664.0,48.0,C6,84,1,0,0.7540677189826965,True,0.1086130365729332,False,0.27583685517311096,False
876,p0n991,29,2.9,0.1,29712.0,48.0,A-5,80,1,0,0.43275636434555054,False,0.10731544345617294,False,0.2750469446182251,False
877,p0n992,30,0.0,0.125,29760.0,60.0,F#6,90,1,0,0.7771381735801697,True,0.5358598828315735,True,0.6187305450439453,True
878,p0n993,30,0.0,1.0,29760.0,480.0,F#6,90,1,0,0.7699775099754333,True,0.6262333989143372,True,0.7941612005233765,True
879,p0n997,30,0.0,1.0,29760.0,480.0,C#4,61,2,0,0.9927487969398499,True,0.9975097179412842,True,0.985620379447937,True
880,p0n996,30,0.0,1.0,29760.0,480.0,A#3,58,2,0,0.36697396636009216,False,0.551889181137085,True,0.4122862219810486,False
881,p0n995,30,0.0,1.0,29760.0,480.0,F#3,54,2,0,0.857509195804596,True,0.5557968616485596,True,0.8036500215530396,True
882,p0n994,30,0.0,1.0,29760.0,480.0,E3,52,2,0,0.8748828768730164,True,0.9340621829032898,True,0.8528010845184326,True
883,p0n1000,30,0.125,0.125,29820.0,60.0,C#6,85,1,0,0.6313742995262146,True,0.6237686276435852,True,0.4366450309753418,False
884,p0n1001,30,0.25,0.125,29880.0,60.0,A#5,82,1,0,0.9517300724983215,True,0.8709560632705688,True,0.46620187163352966,False
885,p0n1002,30,0.375,0.125,29940.0,60.0,F#5,78,1,0,0.055484481155872345,False,0.11327969282865524,False,0.27157366275787354,False
886,p0n1003,30,0.5,0.125,30000.0,60.0,F#6,90,1,0,0.938169002532959,True,0.37687399983406067,False,0.3413970470428467,False
887,p0n1004,30,0.625,0.125,30060.0,60.0,C#6,85,1,0,0.30634820461273193,False,0.2982584834098816,False,0.31337809562683105,False
888,p0n1005,30,0.75,0.125,30120.0,60.0,A#5,82,1,0,0.9526160359382629,True,0.9119324088096619,True,0.4661993384361267,False
889,p0n1006,30,0.875,0.125,30180.0,60.0,F#5,78,1,0,0.18455323576927185,False,0.17706333100795746,False,0.2790461480617523,False
890,p0n1007,30,1.0,0.125,30240.0,60.0,E6,88,1,0,0.9748049378395081,True,0.9968175888061523,True,0.9361944794654846,True
891,p0n1008,30,1.0,2.0,30240.0,960.0,E6,88,1,0,0.9673413634300232,True,0.9958187937736511,True,0.9716840982437134,True
892,p0n1012,30,1.0,2.0,30240.0,960.0,D4,62,2,0,0.9990666508674622,True,0.9918803572654724,True,0.8872156739234924,True
893,p0n1011,30,1.0,2.0,30240.0,960.0,B-3,58,2,0,0.7212651968002319,True,0.9946683049201965,True,0.9796969294548035,True
894,p0n1010,30,1.0,2.0,30240.0,960.0,G3,55,2,0,0.8000892996788025,True,0.9822783470153809,True,0.9592866897583008,True
895,p0n1009,30,1.0,2.0,30240.0,960.0,E3,52,2,0,0.9280112981796265,True,0.979057788848877,True,0.7028931975364685,True
896,p0n1014,30,1.125,0.125,30300.0,60.0,B-5,82,1,0,0.784114420413971,True,0.9430695176124573,True,0.48074203729629517,False
897,p0n1015,30,1.25,0.125,30360.0,60.0,G5,79,1,0,0.13896413147449493,False,0.1995363086462021,False,0.3038477897644043,False
898,p0n1016,30,1.375,0.125,30420.0,60.0,E5,76,1,0,0.8155624866485596,True,0.7347360253334045,True,0.3763328790664673,False
899,p0n1017,30,1.5,0.125,30480.0,60.0,E5,76,1,0,0.8894148468971252,True,0.8240624666213989,True,0.5345105528831482,True
900,p0n1018,30,1.5,0.5,30480.0,240.0,B-1,34,2,0,0.7270122766494751,True,0.8697787523269653,True,0.6096774339675903,True
901,p0n1019,30,1.625,0.125,30540.0,60.0,B-4,70,1,0,0.8594177961349487,True,0.9228708148002625,True,0.4581574499607086,False
902,p0n1020,30,1.75,0.125,30600.0,60.0,G4,67,1,0,0.9663973450660706,True,0.6055481433868408,True,0.5956608057022095,True
903,p0n1021,30,1.875,0.125,30660.0,60.0,E4,64,1,0,0.8208538293838501,True,0.9965687990188599,True,0.8272262215614319,True
904,p0n1022,30,2.0,0.1,30720.0,48.0,G4,67,1,0,0.9244704842567444,True,0.9154527187347412,True,0.7342491149902344,True
905,p0n1023,30,2.0,0.5,30720.0,240.0,B-0,22,2,0,0.6090463995933533,True,0.9081518650054932,True,0.9158135056495667,True
906,p0n1024,30,2.1,0.1,30768.0,48.0,B-4,70,1,0,0.968690037727356,True,0.40016019344329834,False,0.31185218691825867,False
907,p0n1025,30,2.2,0.1,30816.0,48.0,E5,76,1,0,0.8692363500595093,True,0.13486690819263458,False,0.25561022758483887,False
908,p0n1026,30,2.3,0.1,30864.0,48.0,G5,79,1,0,0.29577749967575073,False,0.14513812959194183,False,0.29034924507141113,False
909,p0n1027,30,2.4,0.1,30912.0,48.0,B-5,82,1,0,0.9072197079658508,True,0.867475152015686,True,0.5967321991920471,True
910,p0n1028,30,2.5,0.125,30960.0,60.0,E6,88,1,0,0.948411762714386,True,0.8223402500152588,True,0.669276773929596,True
911,p0n1029,30,2.5,0.5,30960.0,240.0,B-1,34,2,0,0.3761651813983917,False,0.46083030104637146,False,0.359956830739975,False
912,p0n1030,30,2.625,0.125,31020.0,60.0,B-5,82,1,0,0.8594420552253723,True,0.7936825156211853,True,0.4473389983177185,False
913,p0n1031,30,2.75,0.125,31080.0,60.0,G5,79,1,0,0.5721651911735535,True,0.8283842206001282,True,0.5670053362846375,True
914,p0n1032,30,2.875,0.125,31140.0,60.0,E5,76,1,0,0.4780261814594269,False,0.2775146961212158,False,0.3077734112739563,False
915,p0n1033,31,0.0,0.125,31200.0,60.0,D6,86,1,0,0.9686229825019836,True,0.9987568855285645,True,0.981503963470459,True
916,p0n1034,31,0.0,1.0,31200.0,480.0,D6,86,1,0,0.9415255784988403,True,0.9980701804161072,True,0.9891759753227234,True
917,p0n1038,31,0.0,1.0,31200.0,480.0,E4,64,2,0,0.9737573266029358,True,0.9990549683570862,True,0.9804425835609436,True
918,p0n1037,31,0.0,1.0,31200.0,480.0,B-3,58,2,0,0.5403638482093811,True,0.9816785454750061,True,0.9512907266616821,True
919,p0n1036,31,0.0,1.0,31200.0,480.0,G3,55,2,0,0.9953444600105286,True,0.9888639450073242,True,0.9639807939529419,True
920,p0n1035,31,0.0,1.0,31200.0,480.0,E3,52,2,0,0.997068464756012,True,0.9860458970069885,True,0.745215117931366,True
921,p0n1041,31,0.125,0.125,31260.0,60.0,B-5,82,1,0,0.7236732840538025,True,0.8711060881614685,True,0.6084799766540527,True
922,p0n1042,31,0.25,0.125,31320.0,60.0,G5,79,1,0,0.76812344789505,True,0.6361780762672424,True,0.3390284478664398,False
923,p0n1043,31,0.375,0.125,31380.0,60.0,D5,74,1,0,0.9139426350593567,True,0.8644645810127258,True,0.29004451632499695,False
924,p0n1044,31,0.5,0.125,31440.0,60.0,D6,86,1,0,0.8791633248329163,True,0.9293262362480164,True,0.7233718633651733,True
925,p0n1045,31,0.625,0.125,31500.0,60.0,B-5,82,1,0,0.39735543727874756,False,0.24813345074653625,False,0.3075159192085266,False
926,p0n1046,31,0.75,0.125,31560.0,60.0,G5,79,1,0,0.8130040168762207,True,0.9446355104446411,True,0.7248662710189819,True
927,p0n1047,31,0.875,0.125,31620.0,60.0,D5,74,1,0,0.791050374507904,True,0.6643896698951721,True,0.7109987735748291,True
928,p0n1048,31,1.0,0.1,31680.0,48.0,C6,84,1,0,0.7272265553474426,True,0.9554100036621094,True,0.7791706919670105,True
929,p0n1049,31,1.0,1.0,31680.0,480.0,C6,84,1,0,0.7478150725364685,True,0.9089648127555847,True,0.845318078994751,True
930,p0n1053,31,1.0,1.0,31680.0,480.0,F4,65,2,0,0.05936969816684723,False,0.19775237143039703,False,0.2948262095451355,False
931,p0n1052,31,1.0,1.0,31680.0,480.0,C4,60,2,0,0.9989389777183533,True,0.9982099533081055,True,0.9780088663101196,True
932,p0n1051,31,1.0,1.0,31680.0,480.0,A-3,56,2,0,0.5267074108123779,True,0.765178382396698,True,0.5053351521492004,True
933,p0n1050,31,1.0,1.0,31680.0,480.0,F3,53,2,0,0.7381667494773865,True,0.7607076168060303,True,0.661342442035675,True
934,p0n1055,31,1.1,0.1,31728.0,48.0,A-5,80,1,0,0.6873428225517273,True,0.5112065076828003,True,0.44778376817703247,False
935,p0n1056,31,1.2,0.1,31776.0,48.0,F5,77,1,0,0.7739977836608887,True,0.7048770785331726,True,0.24988511204719543,False
936,p0n1057,31,1.3,0.1,31824.0,48.0,C5,72,1,0,0.7645989656448364,True,0.9665878415107727,True,0.44229575991630554,False
937,p0n1058,31,1.3333333333333333,0.3333333333333333,31840.0,160.0,B-2,46,2,0,0.696167528629303,True,0.6046266555786133,True,0.5886132121086121,True
938,p0n1059,31,1.4,0.1,31872.0,48.0,A-4,68,1,0,0.9869043231010437,True,0.47617730498313904,False,0.45218974351882935,False
939,p0n1060,31,1.5,0.1,31920.0,48.0,F4,65,1,0,0.01644347980618477,False,0.11439783126115799,False,0.2706984281539917,False
940,p0n1061,31,1.6,0.1,31968.0,48.0,A-4,68,1,0,0.9979401230812073,True,0.47449594736099243,False,0.40108522772789,False
941,p0n1062,31,1.6666666666666667,0.3333333333333333,32000.0,160.0,B-1,34,2,0,0.3671340048313141,False,0.284913569688797,False,0.3122502267360687,False
942,p0n1063,31,1.7,0.1,32016.0,48.0,C5,72,1,0,0.6827065348625183,True,0.8118157982826233,True,0.5143421292304993,True
943,p0n1064,31,1.8,0.1,32064.0,48.0,F5,77,1,0,0.7753663659095764,True,0.48939934372901917,False,0.3171095848083496,False
944,p0n1065,31,1.9,0.1,32112.0,48.0,A-5,80,1,0,0.7805338501930237,True,0.20927020907402039,False,0.313657283782959,False
945,p0n1066,31,2.0,0.1,32160.0,48.0,C-6,83,1,0,0.4955887496471405,False,0.6976144313812256,True,0.4799809455871582,False
946,p0n1067,31,2.0,1.0,32160.0,480.0,C-6,83,1,0,0.3686302602291107,False,0.5099515914916992,True,0.3916265666484833,False
947,p0n1071,31,2.0,1.0,32160.0,480.0,A-4,68,2,0,0.9859372973442078,True,0.9858306050300598,True,0.878739595413208,True
948,p0n1070,31,2.0,1.0,32160.0,480.0,E-4,63,2,0,0.39779549837112427,False,0.5689936280250549,True,0.42252254486083984,False
949,p0n1069,31,2.0,1.0,32160.0,480.0,C-4,59,2,0,0.5384035706520081,True,0.3630228340625763,False,0.3368736505508423,False
950,p0n1068,31,2.0,1.0,32160.0,480.0,A-3,56,2,0,0.2761058509349823,False,0.2707592248916626,False,0.3095169961452484,False
951,p0n1073,31,2.1,0.1,32208.0,48.0,A-5,80,1,0,0.40938666462898254,False,0.12417086213827133,False,0.2777974307537079,False
952,p0n1074,31,2.2,0.1,32256.0,48.0,E-5,75,1,0,0.979032039642334,True,0.8158660531044006,True,0.6778854727745056,True
953,p0n1075,31,2.3,0.1,32304.0,48.0,C-5,71,1,0,0.039908017963171005,False,0.13176970183849335,False,0.2822207808494568,False
954,p0n1076,31,2.4,0.1,32352.0,48.0,A-4,68,1,0,0.9851608276367188,True,0.3087250590324402,False,0.31889376044273376,False
955,p0n1077,31,2.5,0.1,32400.0,48.0,E-4,63,1,0,0.17067700624465942,False,0.2003144770860672,False,0.2945091426372528,False
956,p0n1078,31,2.6,0.1,32448.0,48.0,A-4,68,1,0,0.9823843836784363,True,0.8379212617874146,True,0.6091777086257935,True
957,p0n1079,31,2.7,0.1,32496.0,48.0,C-5,71,1,0,0.035473041236400604,False,0.12967145442962646,False,0.28195804357528687,False
958,p0n1080,31,2.8,0.1,32544.0,48.0,E-5,75,1,0,0.9822788238525391,True,0.8624621629714966,True,0.44747692346572876,False
959,p0n1081,31,2.9,0.1,32592.0,48.0,A-5,80,1,0,0.5957615375518799,True,0.16239023208618164,False,0.2877788841724396,False
960,p0n1082,32,0.0,0.125,32640.0,60.0,B-5,82,1,0,0.5852680206298828,True,0.664353609085083,True,0.40118521451950073,False
961,p0n1083,32,0.0,1.0,32640.0,480.0,B-5,82,1,0,0.47485676407814026,False,0.34502166509628296,False,0.35516536235809326,False
962,p0n1087,32,0.0,1.0,32640.0,480.0,B4,71,2,0,0.06461925804615021,False,0.18177606165409088,False,0.3053050637245178,False
963,p0n1086,32,0.0,1.0,32640.0,480.0,F4,65,2,0,0.8884278535842896,True,0.5143893361091614,True,0.6114728450775146,True
964,p0n1085,32,0.0,1.0,32640.0,480.0,D4,62,2,0,0.8903176188468933,True,0.41194188594818115,False,0.32324671745300293,False
965,p0n1084,32,0.0,1.0,32640.0,480.0,B3,59,2,0,0.23082296550273895,False,0.23292739689350128,False,0.3182309567928314,False
966,p0n1090,32,0.125,0.125,32700.0,60.0,F5,77,1,0,0.9138206839561462,True,0.9202199578285217,True,0.5066733956336975,True
967,p0n1091,32,0.25,0.125,32760.0,60.0,D5,74,1,0,0.7532160878181458,True,0.3831554055213928,False,0.27174118161201477,False
968,p0n1092,32,0.375,0.125,32820.0,60.0,B-4,70,1,0,0.1828107237815857,False,0.13087749481201172,False,0.2858300805091858,False
969,p0n1093,32,0.5,0.125,32880.0,60.0,B-4,70,1,0,0.33211857080459595,False,0.1606031209230423,False,0.29005885124206543,False
970,p0n1094,32,0.625,0.125,32940.0,60.0,F4,65,1,0,0.6451672911643982,True,0.25947433710098267,False,0.2616625130176544,False
971,p0n1095,32,0.75,0.125,33000.0,60.0,D4,62,1,0,0.9615208506584167,True,0.5408503413200378,True,0.39979666471481323,False
972,p0n1096,32,0.875,0.125,33060.0,60.0,B-3,58,1,0,0.3418722450733185,False,0.19295142590999603,False,0.2881651222705841,False
973,p0n1102,32,1.0,2.0,33120.0,960.0,C5,72,2,0,0.8765681385993958,True,0.8031398057937622,True,0.8780033588409424,True
974,p0n1097,32,1.0,0.125,33120.0,60.0,A-4,68,1,0,0.8873245120048523,True,0.967595636844635,True,0.9473193883895874,True
975,p0n1098,32,1.0,2.0,33120.0,960.0,A-4,68,1,0,0.9184131026268005,True,0.953781008720398,True,0.9237849116325378,True
976,p0n1101,32,1.0,2.0,33120.0,960.0,G-4,66,2,0,0.9706144332885742,True,0.404773086309433,False,0.2603796720504761,False
977,p0n1100,32,1.0,2.0,33120.0,960.0,E-4,63,2,0,0.897765040397644,True,0.9885176420211792,True,0.8485459089279175,True
978,p0n1099,32,1.0,2.0,33120.0,960.0,C4,60,2,0,0.9461488723754883,True,0.9508389234542847,True,0.9000015258789062,True
979,p0n1104,32,1.125,0.125,33180.0,60.0,E-4,63,1,0,0.8889819383621216,True,0.8716339468955994,True,0.6052387356758118,True
980,p0n1105,32,1.25,0.125,33240.0,60.0,C4,60,1,0,0.8328410983085632,True,0.5087174773216248,True,0.5821641683578491,True
981,p0n1106,32,1.375,0.125,33300.0,60.0,A-3,56,1,0,0.1415795534849167,False,0.1369970589876175,False,0.2782568335533142,False
982,p0n1107,32,1.5,0.125,33360.0,60.0,A-3,56,1,0,0.06607718765735626,False,0.12500014901161194,False,0.2758253812789917,False
983,p0n1108,32,1.5,0.5,33360.0,240.0,B-1,34,2,0,0.36451175808906555,False,0.43561139702796936,False,0.3528372049331665,False
984,p0n1109,32,1.625,0.125,33420.0,60.0,E-3,51,1,0,0.9971022009849548,True,0.9724583029747009,True,0.792091965675354,True
985,p0n1110,32,1.75,0.125,33480.0,60.0,C3,48,1,0,0.7585081458091736,True,0.8661672472953796,True,0.7990668416023254,True
986,p0n1111,32,1.875,0.125,33540.0,60.0,A-2,44,1,0,0.5637420415878296,True,0.7974260449409485,True,0.6178287863731384,True
987,p0n1112,32,2.0,0.125,33600.0,60.0,A-2,44,1,0,0.7325244545936584,True,0.7915436029434204,True,0.6576629281044006,True
988,p0n1113,32,2.0,0.5,33600.0,240.0,B-0,22,2,0,0.7439139485359192,True,0.9186146259307861,True,0.8865076899528503,True
989,p0n1114,32,2.125,0.125,33660.0,60.0,C3,48,1,0,0.4888220727443695,False,0.23913830518722534,False,0.2969765365123749,False
990,p0n1115,32,2.25,0.125,33720.0,60.0,E-3,51,1,0,0.9914905428886414,True,0.5832781791687012,True,0.35680991411209106,False
991,p0n1116,32,2.375,0.125,33780.0,60.0,A-3,56,1,0,0.10568881034851074,False,0.1369846910238266,False,0.2779851257801056,False
992,p0n1117,32,2.5,0.125,33840.0,60.0,A-3,56,1,0,0.22724758088588715,False,0.21232888102531433,False,0.2908042073249817,False
993,p0n1118,32,2.5,0.5,33840.0,240.0,B-1,34,2,0,0.2867956757545471,False,0.31620100140571594,False,0.3139086663722992,False
994,p0n1119,32,2.625,0.125,33900.0,60.0,C4,60,1,0,0.1619366556406021,False,0.11220193654298782,False,0.27685222029685974,False
995,p0n1120,32,2.75,0.125,33960.0,60.0,E-4,63,1,0,0.7317229509353638,True,0.7165625095367432,True,0.6930246353149414,True
996,p0n1121,32,2.875,0.125,34020.0,60.0,A-4,68,1,0,0.8674513101577759,True,0.6253897547721863,True,0.6353495717048645,True
997,p0n1124,33,0.0,1.0,34080.0,480.0,C#5,73,1,0,0.43077176809310913,False,0.6531367897987366,True,0.4680110812187195,False
998,p0n1123,33,0.0,1.0,34080.0,480.0,A#4,70,1,0,0.9893872737884521,True,0.9819761514663696,True,0.910499632358551,True
999,p0n1125,33,0.0,0.125,34080.0,60.0,F#4,66,2,0,0.6649580597877502,True,0.611813485622406,True,0.6040167212486267,True
1000,p0n1126,33,0.0,1.0,34080.0,480.0,F#4,66,2,0,0.5619545578956604,True,0.4429261386394501,False,0.3539886176586151,False
1001,p0n1122,33,0.0,1.0,34080.0,480.0,E4,64,1,0,0.9647560715675354,True,0.9593871831893921,True,0.9274110198020935,True
1002,p0n1130,33,0.125,0.125,34140.0,60.0,C#4,61,2,0,0.7139373421669006,True,0.807686984539032,True,0.5804639458656311,True
1003,p0n1131,33,0.25,0.125,34200.0,60.0,A#3,58,2,0,0.8333722352981567,True,0.2298850417137146,False,0.276944100856781,False
1004,p0n1132,33,0.375,0.125,34260.0,60.0,F#3,54,2,0,0.2303115725517273,False,0.19771097600460052,False,0.27987396717071533,False
1005,p0n1133,33,0.5,0.125,34320.0,60.0,C#4,61,2,0,0.6750013828277588,True,0.4642352759838104,False,0.3393312096595764,False
1006,p0n1134,33,0.625,0.125,34380.0,60.0,A#3,58,2,0,0.7243814468383789,True,0.47462978959083557,False,0.25612011551856995,False
1007,p0n1135,33,0.75,0.125,34440.0,60.0,F#3,54,2,0,0.18263134360313416,False,0.20453444123268127,False,0.29250138998031616,False
1008,p0n1136,33,0.875,0.125,34500.0,60.0,C#3,49,2,0,0.5655355453491211,True,0.8377851843833923,True,0.7074254155158997,True
1009,p0n1140,33,1.0,2.0,34560.0,960.0,D5,74,1,0,0.9904788732528687,True,0.9976342916488647,True,0.9587234854698181,True
1010,p0n1139,33,1.0,2.0,34560.0,960.0,B-4,70,1,0,0.964478075504303,True,0.9709472060203552,True,0.754393458366394,True
1011,p0n1138,33,1.0,2.0,34560.0,960.0,G4,67,1,0,0.8575088977813721,True,0.99192214012146,True,0.9747633934020996,True
1012,p0n1141,33,1.0,0.125,34560.0,60.0,E4,64,2,0,0.9573505520820618,True,0.9692248106002808,True,0.7967334389686584,True
1013,p0n1142,33,1.0,2.0,34560.0,960.0,E4,64,2,0,0.8755356073379517,True,0.9517589211463928,True,0.7247567772865295,True
1014,p0n1137,33,1.0,2.0,34560.0,960.0,D4,62,1,0,0.8606172204017639,True,0.9435121417045593,True,0.7693807482719421,True
1015,p0n1144,33,1.125,0.125,34620.0,60.0,B-3,58,2,0,0.7275779247283936,True,0.5593920350074768,True,0.8180416226387024,True
1016,p0n1145,33,1.25,0.125,34680.0,60.0,G3,55,2,0,0.8541077971458435,True,0.9545532464981079,True,0.7472601532936096,True
1017,p0n1146,33,1.375,0.125,34740.0,60.0,E3,52,2,0,0.7260019779205322,True,0.5019521117210388,True,0.3202227056026459,False
1018,p0n1147,33,1.5,0.125,34800.0,60.0,D3,50,1,0,0.9427753686904907,True,0.8892552256584167,True,0.5341978669166565,True
1019,p0n1148,33,1.625,0.125,34860.0,60.0,B-2,46,1,0,0.8155856132507324,True,0.7986466884613037,True,0.34884577989578247,False
1020,p0n1149,33,1.75,0.125,34920.0,60.0,G2,43,1,0,0.7340312600135803,True,0.337088406085968,False,0.32859528064727783,False
1021,p0n1150,33,1.875,0.125,34980.0,60.0,E2,40,1,0,0.7924250960350037,True,0.8909872174263,True,0.650067150592804,True
1022,p0n1152,33,2.0,0.5,35040.0,240.0,B-0,22,2,0,0.7449788451194763,True,0.9392271041870117,True,0.7833458185195923,True
1023,p0n1153,33,2.125,0.125,35100.0,60.0,G2,43,1,0,0.09942883253097534,False,0.16817715764045715,False,0.2877473533153534,False
1024,p0n1154,33,2.25,0.125,35160.0,60.0,B-2,46,1,0,0.7447072267532349,True,0.5216890573501587,True,0.23355993628501892,False
1025,p0n1155,33,2.375,0.125,35220.0,60.0,D3,50,1,0,0.9200202226638794,True,0.6622195839881897,True,0.2764040529727936,False
1026,p0n1156,33,2.5,0.125,35280.0,60.0,G3,55,1,0,0.9114221930503845,True,0.9148722290992737,True,0.67098468542099,True
1027,p0n1157,33,2.5,0.5,35280.0,240.0,B-1,34,2,0,0.1935737282037735,False,0.24837826192378998,False,0.29713743925094604,False
1028,p0n1158,33,2.625,0.125,35340.0,60.0,B-3,58,1,0,0.7507038712501526,True,0.24045917391777039,False,0.295845091342926,False
1029,p0n1159,33,2.75,0.125,35400.0,60.0,D4,62,1,0,0.6594775915145874,True,0.7797937393188477,True,0.6589264273643494,True
1030,p0n1160,33,2.875,0.125,35460.0,60.0,G4,67,1,0,0.3692033886909485,False,0.4665408134460449,False,0.37889882922172546,False
1031,p0n1164,34,0.0,1.0,35520.0,480.0,E5,76,1,0,0.8813542127609253,True,0.9895958304405212,True,0.8930867910385132,True
1032,p0n1163,34,0.0,1.0,35520.0,480.0,B-4,70,1,0,0.9882768988609314,True,0.8881264925003052,True,0.804714024066925,True
1033,p0n1162,34,0.0,1.0,35520.0,480.0,G4,67,1,0,0.5547682642936707,True,0.8612191677093506,True,0.9055163860321045,True
1034,p0n1161,34,0.0,1.0,35520.0,480.0,E4,64,1,0,0.7901437282562256,True,0.9548194408416748,True,0.8841710090637207,True
1035,p0n1165,34,0.0,0.125,35520.0,60.0,D4,62,2,0,0.909132182598114,True,0.586966335773468,True,0.40436387062072754,False
1036,p0n1167,34,0.00625,1.0,35523.0,480.0,D4,62,2,0,0.9476757645606995,True,0.1456167995929718,False,0.25442564487457275,False
1037,p0n1169,34,0.125,0.125,35580.0,60.0,B-3,58,2,0,0.4254159927368164,False,0.2161576896905899,False,0.2970220148563385,False
1038,p0n1170,34,0.25,0.125,35640.0,60.0,G3,55,2,0,0.9835967421531677,True,0.46706265211105347,False,0.4084913432598114,False
1039,p0n1171,34,0.375,0.125,35700.0,60.0,D3,50,2,0,0.6837983131408691,True,0.6013725996017456,True,0.2503574788570404,False
1040,p0n1172,34,0.5,0.125,35760.0,60.0,G3,55,1,0,0.9478839635848999,True,0.9382804036140442,True,0.8481302857398987,True
1041,p0n1173,34,0.625,0.125,35820.0,60.0,B-3,58,1,0,0.27009424567222595,False,0.183641716837883,False,0.2873581349849701,False
1042,p0n1174,34,0.75,0.125,35880.0,60.0,D4,62,1,0,0.9869383573532104,True,0.36680251359939575,False,0.29689326882362366,False
1043,p0n1175,34,0.875,0.125,35940.0,60.0,G4,67,1,0,0.38399988412857056,False,0.3295761048793793,False,0.32696908712387085,False
1044,p0n1179,34,1.0,1.0,36000.0,480.0,F5,77,1,0,0.6283204555511475,True,0.9885975122451782,True,0.8216406106948853,True
1045,p0n1178,34,1.0,1.0,36000.0,480.0,E-5,75,1,0,0.5881636738777161,True,0.9950661659240723,True,0.7723906636238098,True
1046,p0n1177,34,1.0,1.0,36000.0,480.0,A4,69,1,0,0.8815342783927917,True,0.9989193677902222,True,0.8569306135177612,True
1047,p0n1176,34,1.0,1.0,36000.0,480.0,F4,65,1,0,0.6769721508026123,True,0.7772582769393921,True,0.3268955647945404,False
1048,p0n1180,34,1.0,0.125,36000.0,60.0,C4,60,2,0,0.6294624209403992,True,0.9394979476928711,True,0.5698177814483643,True
1049,p0n1182,34,1.00625,1.0,36003.0,480.0,C4,60,2,0,0.5567064881324768,True,0.3064981997013092,False,0.28166693449020386,False
1050,p0n1183,34,1.125,0.125,36060.0,60.0,A3,57,2,0,0.5826787352561951,True,0.934819221496582,True,0.6768164038658142,True
1051,p0n1184,34,1.25,0.125,36120.0,60.0,E-3,51,2,0,0.8373579382896423,True,0.8592645525932312,True,0.6576204895973206,True
1052,p0n1185,34,1.375,0.125,36180.0,60.0,C3,48,2,0,0.8092884421348572,True,0.868259608745575,True,0.7206583023071289,True
1053,p0n1186,34,1.5,0.125,36240.0,60.0,A3,57,1,0,0.5018408298492432,True,0.7392558455467224,True,0.5296262502670288,True
1054,p0n1187,34,1.5,0.25,36240.0,120.0,B-1,34,2,0,0.15267543494701385,False,0.21277926862239838,False,0.28884357213974,False
1055,p0n1188,34,1.625,0.125,36300.0,60.0,E-4,63,1,0,0.9106957316398621,True,0.9187033772468567,True,0.7108984589576721,True
1056,p0n1189,34,1.75,0.125,36360.0,60.0,F4,65,1,0,0.5613786578178406,True,0.4638286232948303,False,0.29580771923065186,False
1057,p0n1190,34,1.75,0.25,36360.0,120.0,B-0,22,2,0,0.7793103456497192,True,0.6211646199226379,True,0.643027663230896,True
1058,p0n1191,34,1.875,0.125,36420.0,60.0,A4,69,1,0,0.9106454253196716,True,0.7420893907546997,True,0.6520197987556458,True
1059,p0n1194,34,2.0,1.0,36480.0,480.0,G#5,80,1,0,0.6002464890480042,True,0.6587687134742737,True,0.515587568283081,True
1060,p0n1193,34,2.0,1.0,36480.0,480.0,C#5,73,1,0,0.38865354657173157,False,0.5998399257659912,True,0.46116936206817627,False
1061,p0n1192,34,2.0,1.0,36480.0,480.0,G#4,68,1,0,0.49486640095710754,False,0.48518499732017517,False,0.39703574776649475,False
1062,p0n1200,34,2.00625,1.0,36483.0,480.0,B3,59,2,0,0.9113123416900635,True,0.5541073083877563,True,0.3568378984928131,False
1063,p0n1199,34,2.00625,1.0,36483.0,480.0,A3,57,2,0,0.766197681427002,True,0.8248851895332336,True,0.5802391767501831,True
1064,p0n1198,34,2.00625,1.0,36483.0,480.0,F#3,54,2,0,0.5556111335754395,True,0.4970337152481079,False,0.3086429238319397,False
1065,p0n1197,34,2.00625,1.0,36483.0,480.0,B2,47,2,0,0.9183400273323059,True,0.48516973853111267,False,0.33691877126693726,False
1066,p0n1201,34,2.14375,0.14375,36549.0,69.0,A4,69,1,0,0.9316807985305786,True,0.6985009908676147,True,0.5321595668792725,True
1067,p0n1202,34,2.2875,0.14375,36618.0,69.0,D#4,63,1,0,0.8004807829856873,True,0.7089210152626038,True,0.5231040120124817,True
1068,p0n1203,34,2.43125,0.14375,36687.0,69.0,B3,59,1,0,0.9570258259773254,True,0.5151656866073608,True,0.3765561282634735,False
1069,p0n1204,34,2.575,0.14375,36756.0,69.0,D#4,63,2,0,0.4632878601551056,False,0.2391303926706314,False,0.2983817160129547,False
1070,p0n1205,34,2.71875,0.14375,36825.0,69.0,A3,57,2,0,0.9372949600219727,True,0.9134084582328796,True,0.7432075142860413,True
1071,p0n1206,34,2.8625,0.14375,36894.0,69.0,D#3,51,2,0,0.8124996423721313,True,0.8278926014900208,True,0.46718069911003113,False
1072,p0n1210,35,0.0,1.0,36963.0,480.0,B5,83,1,0,0.3313736617565155,False,0.08657752722501755,False,0.28455543518066406,False
1073,p0n1209,35,0.0,1.0,36963.0,480.0,A-5,80,1,0,0.386075496673584,False,0.11351101100444794,False,0.2750445306301117,False
1074,p0n1208,35,0.0,1.0,36963.0,480.0,F5,77,1,0,0.5763012766838074,True,0.21042382717132568,False,0.27611392736434937,False
1075,p0n1207,35,0.0,1.0,36963.0,480.0,B4,71,1,0,0.5155131816864014,True,0.2077188342809677,False,0.2854449152946472,False
1076,p0n1213,35,0.0,1.0,36963.0,480.0,B-3,58,2,0,0.27370575070381165,False,0.1954309195280075,False,0.29342806339263916,False
1077,p0n1212,35,0.0,1.0,36963.0,480.0,F3,53,2,0,0.41215601563453674,False,0.28162503242492676,False,0.3084821105003357,False
1078,p0n1211,35,0.0,1.0,36963.0,480.0,B-2,46,2,0,0.7250009775161743,True,0.5507577657699585,True,0.3739880621433258,False
1079,p0n1217,35,0.5,0.08333333333333333,37203.0,40.0,F#3,54,2,0,0.43370330333709717,False,0.3009534478187561,False,0.30998972058296204,False
1080,p0n1218,35,0.5833333333333334,0.08333333333333333,37243.0,40.0,A-3,56,2,0,0.608606219291687,True,0.7772459983825684,True,0.4633341431617737,False
1081,p0n1219,35,0.6666666666666666,0.08333333333333333,37283.0,40.0,D4,62,2,0,0.8918338418006897,True,0.508604109287262,True,0.28740936517715454,False
1082,p0n1220,35,0.75,0.08333333333333333,37323.0,40.0,F4,65,1,0,0.7301419973373413,True,0.7145603895187378,True,0.2700129747390747,False
1083,p0n1221,35,0.8333333333333334,0.08333333333333333,37363.0,40.0,A-4,68,1,0,0.7764272093772888,True,0.24331340193748474,False,0.3063434064388275,False
1084,p0n1222,35,0.9166666666666666,0.08333333333333333,37403.0,40.0,D5,74,1,0,0.9188545346260071,True,0.29939496517181396,False,0.29560336470603943,False
1085,p0n1226,35,1.0,1.0,37443.0,480.0,C6,84,1,0,0.4160323441028595,False,0.11180979758501053,False,0.2800569236278534,False
1086,p0n1225,35,1.0,1.0,37443.0,480.0,A-5,80,1,0,0.5312220454216003,True,0.17671898007392883,False,0.2886444330215454,False
1087,p0n1224,35,1.0,1.0,37443.0,480.0,E-5,75,1,0,0.7992231845855713,True,0.32476863265037537,False,0.2895120680332184,False
1088,p0n1223,35,1.0,1.0,37443.0,480.0,C5,72,1,0,0.4445388913154602,False,0.10265833884477615,False,0.2793666124343872,False
1089,p0n1228,35,1.0,2.0,37443.0,960.0,A-3,56,2,0,0.3461042046546936,False,0.2319461703300476,False,0.30041879415512085,False
1090,p0n1227,35,1.0,2.0,37443.0,960.0,A-2,44,2,0,0.8987081050872803,True,0.9176064133644104,True,0.6009155511856079,True
1091,p0n1231,35,1.25,0.125,37563.0,60.0,E-3,51,2,0,0.9127357006072998,True,0.7389307022094727,True,0.4843291640281677,False
1092,p0n1232,35,1.375,0.125,37623.0,60.0,A-3,56,2,0,0.3756154179573059,False,0.22063973546028137,False,0.29589954018592834,False
1093,p0n1233,35,1.5,0.125,37683.0,60.0,C4,60,2,0,0.7002099752426147,True,0.3104574978351593,False,0.2983572781085968,False
1094,p0n1234,35,1.625,0.125,37743.0,60.0,E-4,63,2,0,0.41390061378479004,False,0.17465615272521973,False,0.29529425501823425,False
1095,p0n1235,35,1.75,0.125,37803.0,60.0,A-4,68,2,0,0.7576236128807068,True,0.27405840158462524,False,0.317704439163208,False
1096,p0n1236,35,1.875,0.125,37863.0,60.0,C5,72,2,0,0.506859540939331,True,0.40679892897605896,False,0.26163095235824585,False
1097,p0n1240,35,2.0,1.0,37923.0,480.0,D6,86,1,0,0.9562244415283203,True,0.5419253706932068,True,0.3612087368965149,False
1098,p0n1239,35,2.0,1.0,37923.0,480.0,B-5,82,1,0,0.7889124751091003,True,0.3806823492050171,False,0.2688125967979431,False
1099,p0n1238,35,2.0,1.0,37923.0,480.0,F5,77,1,0,0.8891309499740601,True,0.29418879747390747,False,0.29187995195388794,False
1100,p0n1237,35,2.0,1.0,37923.0,480.0,D5,74,1,0,0.9544614553451538,True,0.35356563329696655,False,0.2905409038066864,False
1101,p0n1242,35,2.0,0.25,37923.0,120.0,B-4,70,2,0,0.764470636844635,True,0.5737725496292114,True,0.24624034762382507,False
1102,p0n1241,35,2.0,0.25,37923.0,120.0,F4,65,2,0,0.6408142447471619,True,0.5577631592750549,True,0.2766888737678528,False
1103,p0n1244,35,2.25,0.125,38043.0,60.0,D4,62,1,0,0.9244814515113831,True,0.38247445225715637,False,0.2955193817615509,False
1104,p0n1246,35,2.375,0.125,38103.0,60.0,F4,65,1,0,0.7069105505943298,True,0.5135709047317505,True,0.2589934766292572,False
1105,p0n1247,35,2.5,0.125,38163.0,60.0,B-4,70,1,0,0.7123735547065735,True,0.6004995107650757,True,0.28795698285102844,False
1106,p0n1248,35,2.5,0.25,38163.0,120.0,B-1,34,2,0,0.44636401534080505,False,0.25782522559165955,False,0.3044782876968384,False
1107,p0n1249,35,2.625,0.125,38223.0,60.0,D5,74,1,0,0.952994704246521,True,0.5896735787391663,True,0.3503674268722534,False
1108,p0n1250,35,2.75,0.125,38283.0,60.0,F5,77,1,0,0.5362030863761902,True,0.3287329077720642,False,0.3005506098270416,False
1109,p0n1251,35,2.75,0.25,38283.0,120.0,B-0,22,2,0,0.6220269203186035,True,0.43730589747428894,False,0.352414071559906,False
1110,p0n1252,35,2.875,0.125,38343.0,60.0,B-5,82,1,0,0.9021161198616028,True,0.6036525964736938,True,0.3269538879394531,False
1111,p0n1256,36,0.0,1.0,38403.0,480.0,E6,88,1,0,0.6718384027481079,True,0.21517562866210938,False,0.28754428029060364,False
1112,p0n1255,36,0.0,1.0,38403.0,480.0,C#6,85,1,0,0.23011887073516846,False,0.1615772396326065,False,0.2874486744403839,False
1113,p0n1254,36,0.0,1.0,38403.0,480.0,G#5,80,1,0,0.4591993987560272,False,0.12908737361431122,False,0.28001904487609863,False
1114,p0n1253,36,0.0,1.0,38403.0,480.0,E5,76,1,0,0.3507280945777893,False,0.1303102821111679,False,0.28146395087242126,False
1115,p0n1259,36,0.0,1.0,38403.0,480.0,F#3,54,2,0,0.1607315093278885,False,0.14982260763645172,False,0.2778710722923279,False
1116,p0n1258,36,0.0,1.0,38403.0,480.0,C#3,49,2,0,0.31136223673820496,False,0.2484515905380249,False,0.30662038922309875,False
1117,p0n1257,36,0.0,1.0,38403.0,480.0,F#2,42,2,0,0.4421205520629883,False,0.23773376643657684,False,0.29386991262435913,False
1118,p0n1262,36,0.14375,0.14375,38472.0,69.0,C#3,49,2,0,0.5234169960021973,True,0.49217021465301514,False,0.37946686148643494,False
1119,p0n1263,36,0.2875,0.14375,38541.0,69.0,A#3,58,2,0,0.7774016261100769,True,0.560240626335144,True,0.24685096740722656,False
1120,p0n1264,36,0.43125,0.14375,38610.0,69.0,E4,64,1,0,0.5680530071258545,True,0.1648811250925064,False,0.2758544087409973,False
1121,p0n1265,36,0.575,0.14375,38679.0,69.0,G#4,68,1,0,0.48343974351882935,False,0.12461530417203903,False,0.2791575491428375,False
1122,p0n1266,36,0.71875,0.14375,38748.0,69.0,A#3,58,2,0,0.5770367383956909,True,0.23553550243377686,False,0.2839793264865875,False
1123,p0n1267,36,0.8625,0.14375,38817.0,69.0,C#3,49,2,0,0.46381282806396484,False,0.33998358249664307,False,0.337982177734375,False
1124,p0n1270,36,1.0,1.0,38883.0,480.0,F#6,90,1,0,0.30730053782463074,False,0.1403186321258545,False,0.27754661440849304,False
1125,p0n1269,36,1.0,1.0,38883.0,480.0,D6,86,1,0,0.9270956516265869,True,0.5957157015800476,True,0.46615710854530334,False
1126,p0n1268,36,1.0,1.0,38883.0,480.0,F#5,78,1,0,0.29911211133003235,False,0.17247003316879272,False,0.28237587213516235,False
1127,p0n1273,36,1.0,2.0,38883.0,960.0,E3,52,2,0,0.47963055968284607,False,0.20266489684581757,False,0.29680201411247253,False
1128,p0n1272,36,1.0,2.0,38883.0,960.0,B2,47,2,0,0.7130853533744812,True,0.5877612233161926,True,0.37647414207458496,False
1129,p0n1271,36,1.0,2.0,38883.0,960.0,E2,40,2,0,0.8754756450653076,True,0.5381446480751038,True,0.346099853515625,False
1130,p0n1275,36,1.1166666666666667,0.11041666666666666,38939.0,53.0,G#3,56,2,0,0.9124000668525696,True,0.6498327851295471,True,0.3689862787723541,False
1131,p0n1276,36,1.2270833333333333,0.11041666666666666,38992.0,53.0,D4,62,2,0,0.9498845338821411,True,0.6568060517311096,True,0.36982905864715576,False
1132,p0n1277,36,1.3375,0.11041666666666666,39045.0,53.0,F#4,66,1,0,0.11967037618160248,False,0.13612356781959534,False,0.27667707204818726,False
1133,p0n1278,36,1.4479166666666667,0.11041666666666666,39098.0,53.0,G#4,68,1,0,0.45170801877975464,False,0.14410002529621124,False,0.28211161494255066,False
1134,p0n1279,36,1.5583333333333333,0.11041666666666666,39151.0,53.0,D5,74,1,0,0.82398521900177,True,0.4365187883377075,False,0.31402841210365295,False
1135,p0n1280,36,1.66875,0.11041666666666666,39204.0,53.0,F#4,66,2,0,0.1353549361228943,False,0.13742314279079437,False,0.2767897844314575,False
1136,p0n1281,36,1.7791666666666666,0.11041666666666666,39257.0,53.0,G#4,68,2,0,0.4499039351940155,False,0.15683338046073914,False,0.2845191955566406,False
1137,p0n1282,36,1.8895833333333334,0.11041666666666666,39310.0,53.0,D5,74,2,0,0.7628402709960938,True,0.5040880441665649,True,0.33005291223526,False
1138,p0n1285,36,2.0,1.0,39363.0,480.0,G#6,92,1,0,0.8379166126251221,True,0.32773515582084656,False,0.276124507188797,False
1139,p0n1284,36,2.0,1.0,39363.0,480.0,E6,88,1,0,0.4199352562427521,False,0.2176664173603058,False,0.3016846776008606,False
1140,p0n1283,36,2.0,1.0,39363.0,480.0,G#5,80,1,0,0.3827713131904602,False,0.16717463731765747,False,0.2866309881210327,False
1141,p0n1287,36,2.125,0.125,39423.0,60.0,D5,74,2,0,0.7595670223236084,True,0.611179769039154,True,0.36437785625457764,False
1142,p0n1288,36,2.25,0.125,39483.0,60.0,B4,71,2,0,0.8236227035522461,True,0.3400162160396576,False,0.34257641434669495,False
1143,p0n1289,36,2.375,0.125,39543.0,60.0,G#4,68,2,0,0.6495193839073181,True,0.6244999170303345,True,0.4094049334526062,False
1144,p0n1290,36,2.5,0.125,39603.0,60.0,F#4,66,2,0,0.20395700633525848,False,0.15822833776474,False,0.27974987030029297,False
1145,p0n1291,36,2.625,0.125,39663.0,60.0,D4,62,2,0,0.9441623687744141,True,0.5933986306190491,True,0.35675907135009766,False
1146,p0n1292,36,2.75,0.125,39723.0,60.0,B3,59,2,0,0.5088014006614685,True,0.20168855786323547,False,0.2862946093082428,False
1147,p0n1293,36,2.875,0.125,39783.0,60.0,G#3,56,2,0,0.868800163269043,True,0.689032256603241,True,0.3503400385379791,False
1148,p0n1297,37,0.0,1.0,39843.0,480.0,B6,95,1,0,0.8646920323371887,True,0.5165983438491821,True,0.4628336429595947,False
1149,p0n1296,37,0.0,1.0,39843.0,480.0,F6,89,1,0,0.6730482578277588,True,0.4512341022491455,False,0.3023569881916046,False
1150,p0n1295,37,0.0,1.0,39843.0,480.0,D6,86,1,0,0.8550332188606262,True,0.7729993462562561,True,0.5667431354522705,True
1151,p0n1294,37,0.0,1.0,39843.0,480.0,B-5,82,1,0,0.7866623401641846,True,0.3773806095123291,False,0.2792675197124481,False
1152,p0n1302,37,0.016666666666666666,1.0,39851.0,480.0,D3,50,2,0,0.8560428619384766,True,0.5794325470924377,True,0.42615339159965515,False
1153,p0n1301,37,0.016666666666666666,1.0,39851.0,480.0,B-2,46,2,0,0.6458306312561035,True,0.6744973659515381,True,0.3337450623512268,False
1154,p0n1300,37,0.016666666666666666,1.0,39851.0,480.0,D2,38,2,0,0.9025775194168091,True,0.37733981013298035,False,0.3229408264160156,False
1155,p0n1304,37,0.10833333333333334,0.1,39895.0,48.0,F3,53,2,0,0.21468770503997803,False,0.18441227078437805,False,0.2847798466682434,False
1156,p0n1305,37,0.20833333333333334,0.1,39943.0,48.0,B-3,58,2,0,0.6881770491600037,True,0.5457534193992615,True,0.2649647891521454,False
1157,p0n1306,37,0.30833333333333335,0.1,39991.0,48.0,D4,62,2,0,0.9138599038124084,True,0.4563051462173462,False,0.3302828371524811,False
1158,p0n1307,37,0.4083333333333333,0.1,40039.0,48.0,F4,65,1,0,0.20500697195529938,False,0.14452698826789856,False,0.27892452478408813,False
1159,p0n1308,37,0.5083333333333333,0.1,40087.0,48.0,B-4,70,1,0,0.4444364309310913,False,0.1573592722415924,False,0.29398733377456665,False
1160,p0n1309,37,0.6083333333333333,0.1,40135.0,48.0,F4,65,1,0,0.3717927634716034,False,0.17292185127735138,False,0.2831266224384308,False
1161,p0n1310,37,0.7083333333333334,0.1,40183.0,48.0,D4,62,2,0,0.8953246474266052,True,0.5082643032073975,True,0.35101786255836487,False
1162,p0n1311,37,0.8083333333333333,0.1,40231.0,48.0,B-3,58,2,0,0.3979432284832001,False,0.26761218905448914,False,0.31007906794548035,False
1163,p0n1312,37,0.9083333333333333,0.1,40279.0,48.0,F3,53,2,0,0.33563491702079773,False,0.2562686502933502,False,0.30067113041877747,False
1164,p0n1316,37,1.0,1.0,40323.0,480.0,C7,96,1,0,0.14334826171398163,False,0.09215505421161652,False,0.2782374918460846,False
1165,p0n1315,37,1.0,1.0,40323.0,480.0,G6,91,1,0,0.32050371170043945,False,0.22277072072029114,False,0.3090752959251404,False
1166,p0n1314,37,1.0,1.0,40323.0,480.0,E6,88,1,0,0.6618994474411011,True,0.25553441047668457,False,0.3110904097557068,False
1167,p0n1313,37,1.0,1.0,40323.0,480.0,C6,84,1,0,0.5373997688293457,True,0.199583500623703,False,0.2937338948249817,False
1168,p0n1320,37,1.0166666666666666,1.0,40331.0,480.0,C3,48,2,0,0.7688899636268616,True,0.352957546710968,False,0.32740411162376404,False
1169,p0n1319,37,1.0166666666666666,1.0,40331.0,480.0,G2,43,2,0,0.46166977286338806,False,0.23186908662319183,False,0.3095853924751282,False
1170,p0n1318,37,1.0166666666666666,1.0,40331.0,480.0,C2,36,2,0,0.7273252010345459,True,0.7794942259788513,True,0.4361056983470917,False
1171,p0n1321,37,1.1083333333333334,0.1,40375.0,48.0,E3,52,2,0,0.5789912343025208,True,0.29566100239753723,False,0.2930793762207031,False
1172,p0n1322,37,1.2083333333333333,0.1,40423.0,48.0,G3,55,2,0,0.24011056125164032,False,0.19795648753643036,False,0.29863718152046204,False
1173,p0n1323,37,1.3083333333333333,0.1,40471.0,48.0,C4,60,2,0,0.3267710506916046,False,0.18393686413764954,False,0.289522260427475,False
1174,p0n1324,37,1.4083333333333334,0.1,40519.0,48.0,E4,64,1,0,0.24758538603782654,False,0.1665891408920288,False,0.28732815384864807,False
1175,p0n1325,37,1.5083333333333333,0.1,40567.0,48.0,B-4,70,1,0,0.38670018315315247,False,0.15627224743366241,False,0.29347360134124756,False
1176,p0n1326,37,1.6083333333333334,0.1,40615.0,48.0,E4,64,1,0,0.3109668791294098,False,0.17400720715522766,False,0.28914719820022583,False
1177,p0n1327,37,1.7083333333333333,0.1,40663.0,48.0,C4,60,2,0,0.33722397685050964,False,0.15430474281311035,False,0.2850576937198639,False
1178,p0n1328,37,1.8083333333333333,0.1,40711.0,48.0,G3,55,2,0,0.24043098092079163,False,0.23214948177337646,False,0.30666953325271606,False
1179,p0n1329,37,1.9083333333333334,0.1,40759.0,48.0,E3,52,2,0,0.30927687883377075,False,0.21453559398651123,False,0.29749131202697754,False
1180,p0n1333,37,2.0,1.0,40803.0,480.0,D7,98,1,0,0.37761563062667847,False,0.10901802033185959,False,0.2767411172389984,False
1181,p0n1332,37,2.0,1.0,40803.0,480.0,B-6,94,1,0,0.6992159485816956,True,0.17714156210422516,False,0.2936539053916931,False
1182,p0n1331,37,2.0,1.0,40803.0,480.0,F6,89,1,0,0.8122053742408752,True,0.2056952714920044,False,0.2867050766944885,False
1183,p0n1330,37,2.0,1.0,40803.0,480.0,D6,86,1,0,0.6284080743789673,True,0.8312717080116272,True,0.6343053579330444,True
1184,p0n1338,37,2.0166666666666666,1.0,40811.0,480.0,B-2,46,2,0,0.38604316115379333,False,0.20793882012367249,False,0.2944628894329071,False
1185,p0n1337,37,2.0166666666666666,1.0,40811.0,480.0,F2,41,2,0,0.17961475253105164,False,0.17456991970539093,False,0.2827988564968109,False
1186,p0n1336,37,2.0166666666666666,1.0,40811.0,480.0,B-1,34,2,0,0.3530276119709015,False,0.23030667006969452,False,0.29883521795272827,False
1187,p0n1341,37,2.1,0.09166666666666666,40851.0,44.0,D3,50,2,0,0.7768393158912659,True,0.669309139251709,True,0.3451401889324188,False
1188,p0n1343,37,2.191666666666667,0.09166666666666666,40895.0,44.0,A-3,56,2,0,0.707647979259491,True,0.7200928330421448,True,0.3839070796966553,False
1189,p0n1345,37,2.283333333333333,0.09166666666666666,40939.0,44.0,C4,60,2,0,0.29285189509391785,False,0.12864884734153748,False,0.28157714009284973,False
1190,p0n1347,37,2.375,0.09166666666666666,40983.0,44.0,F4,65,1,0,0.2588995099067688,False,0.15784312784671783,False,0.2806541323661804,False
1191,p0n1349,37,2.466666666666667,0.09166666666666666,41027.0,44.0,B-4,70,1,0,0.41926881670951843,False,0.12981875240802765,False,0.2885531783103943,False
1192,p0n1351,37,2.558333333333333,0.09166666666666666,41071.0,44.0,F4,65,1,0,0.3451582193374634,False,0.1656196415424347,False,0.28227078914642334,False
1193,p0n1353,37,2.65,0.09166666666666666,41115.0,44.0,C4,60,1,0,0.24043147265911102,False,0.13493023812770844,False,0.28242433071136475,False
1194,p0n1355,37,2.7416666666666667,0.09166666666666666,41159.0,44.0,B-3,58,1,0,0.4529193341732025,False,0.2826003134250641,False,0.3114491105079651,False
1195,p0n1357,37,2.8333333333333335,0.09166666666666666,41203.0,44.0,F3,53,1,0,0.7608351707458496,True,0.4578976035118103,False,0.35713887214660645,False
1196,p0n1359,37,2.925,0.09166666666666666,41247.0,44.0,C3,48,1,0,0.48112407326698303,False,0.1735362410545349,False,0.2894318103790283,False
1197,p0n1361,38,0.0,1.5,41291.0,720.0,D#7,99,1,0,0.7168570160865784,True,0.4188225567340851,False,0.32940614223480225,False
1198,p0n1360,38,0.0,1.5,41291.0,720.0,B6,95,1,0,0.20068858563899994,False,0.12228354066610336,False,0.2879219651222229,False
1199,p0n1362,38,0.0,0.11041666666666666,41291.0,53.0,G#1,32,2,0,0.8640796542167664,True,0.4831047058105469,False,0.34169918298721313,False
1200,p0n1364,38,0.11041666666666666,0.11041666666666666,41344.0,53.0,D#2,39,2,0,0.8001307249069214,True,0.7698458433151245,True,0.4278525412082672,False
1201,p0n1365,38,0.22083333333333333,0.11041666666666666,41397.0,53.0,G#2,44,2,0,0.9197722673416138,True,0.5985126495361328,True,0.3720357418060303,False
1202,p0n1366,38,0.33125,0.11041666666666666,41450.0,53.0,B2,47,2,0,0.7620409727096558,True,0.26562774181365967,False,0.3031034469604492,False
1203,p0n1367,38,0.44166666666666665,0.11041666666666666,41503.0,53.0,D#3,51,2,0,0.803914487361908,True,0.832065999507904,True,0.41065093874931335,False
1204,p0n1368,38,0.5520833333333334,0.11041666666666666,41556.0,53.0,G#3,56,2,0,0.861713707447052,True,0.6779291033744812,True,0.3552175760269165,False
1205,p0n1369,38,0.6625,0.11041666666666666,41609.0,53.0,B3,59,2,0,0.5946484208106995,True,0.3144240975379944,False,0.31020015478134155,False
1206,p0n1370,38,0.7729166666666667,0.11041666666666666,41662.0,53.0,G#3,56,2,0,0.8944879174232483,True,0.5452050566673279,True,0.323403000831604,False
1207,p0n1371,38,0.8833333333333333,0.11041666666666666,41715.0,53.0,D#3,51,2,0,0.7385832071304321,True,0.724065363407135,True,0.3697566092014313,False
1208,p0n1372,38,0.99375,0.11041666666666666,41768.0,53.0,G#2,44,2,0,0.9228647351264954,True,0.2814754247665405,False,0.2970350682735443,False
1209,p0n1373,38,1.1041666666666667,0.11041666666666666,41821.0,53.0,D#3,51,2,0,0.7363259196281433,True,0.7203066945075989,True,0.3669595718383789,False
1210,p0n1374,38,1.2145833333333333,0.11041666666666666,41874.0,53.0,G#3,56,2,0,0.9230335354804993,True,0.6070420742034912,True,0.3512050211429596,False
1211,p0n1375,38,1.325,0.11041666666666666,41927.0,53.0,B3,59,2,0,0.6122592687606812,True,0.17821858823299408,False,0.2969689965248108,False
1212,p0n1376,38,1.4354166666666666,0.11041666666666666,41980.0,53.0,D#4,63,2,0,0.8117441534996033,True,0.8780521154403687,True,0.47344598174095154,False
1213,p0n1377,38,1.5,1.5,42011.0,720.0,E#7,101,1,0,0.4906035363674164,False,0.22959254682064056,False,0.3044041097164154,False
1214,p0n1378,38,1.5458333333333334,0.11041666666666666,42033.0,53.0,G#4,68,2,0,0.6717677116394043,True,0.7907665371894836,True,0.4791201055049896,False
1215,p0n1379,38,1.65625,0.11041666666666666,42086.0,53.0,B4,71,2,0,0.7571249008178711,True,0.25722429156303406,False,0.30996519327163696,False
1216,p0n1380,38,1.7666666666666666,0.11041666666666666,42139.0,53.0,G#4,68,2,0,0.6855937242507935,True,0.6497244238853455,True,0.4496634900569916,False
1217,p0n1381,38,1.8770833333333334,0.11041666666666666,42192.0,53.0,D#4,63,2,0,0.8179202675819397,True,0.7726811170578003,True,0.40553173422813416,False
1218,p0n1382,38,1.9875,0.07708333333333334,42245.0,37.0,G#3,56,2,0,0.9101915955543518,True,0.4684305787086487,False,0.3365592062473297,False
1219,p0n1383,38,2.064583333333333,0.07708333333333334,42282.0,37.0,D#4,63,2,0,0.8191596865653992,True,0.7954575419425964,True,0.4310232102870941,False
1220,p0n1384,38,2.1416666666666666,0.07708333333333334,42319.0,37.0,G#4,68,2,0,0.7309219241142273,True,0.5554069876670837,True,0.4313443601131439,False
1221,p0n1385,38,2.21875,0.07708333333333334,42356.0,37.0,B4,71,2,0,0.7876523733139038,True,0.21373149752616882,False,0.30622637271881104,False
1222,p0n1386,38,2.2958333333333334,0.07708333333333334,42393.0,37.0,D#5,75,2,0,0.8935096263885498,True,0.8393172025680542,True,0.490729421377182,False
1223,p0n1387,38,2.372916666666667,0.07708333333333334,42430.0,37.0,G#5,80,2,0,0.6591188311576843,True,0.7038354277610779,True,0.4336082935333252,False
1224,p0n1388,38,2.45,0.07708333333333334,42467.0,37.0,B5,83,2,0,0.7224352955818176,True,0.17760144174098969,False,0.29303330183029175,False
1225,p0n1389,38,2.527083333333333,0.07708333333333334,42504.0,37.0,G#5,80,2,0,0.6084772944450378,True,0.5161956548690796,True,0.36859095096588135,False
1226,p0n1390,38,2.6041666666666665,0.07708333333333334,42541.0,37.0,D#5,75,2,0,0.844280481338501,True,0.7008660435676575,True,0.42248210310935974,False
1227,p0n1391,38,2.68125,0.07708333333333334,42578.0,37.0,G#5,80,2,0,0.6217313408851624,True,0.4882345497608185,False,0.38622429966926575,False
1228,p0n1392,38,2.7583333333333333,0.07708333333333334,42615.0,37.0,B5,83,2,0,0.7545334100723267,True,0.1398562639951706,False,0.2873167395591736,False
1229,p0n1393,38,2.8354166666666667,0.07708333333333334,42652.0,37.0,D#6,87,2,0,0.9360573291778564,True,0.8961387872695923,True,0.5835909247398376,True
1230,p0n1394,38,2.9125,0.07708333333333334,42689.0,37.0,G#6,92,2,0,0.677397608757019,True,0.3415270149707794,False,0.302133172750473,False
1231,p0n1395,39,0.0,0.05625,42731.0,27.0,F#6,90,1,0,0.5279185175895691,True,0.3264448344707489,False,0.2980585992336273,False
1232,p0n1396,39,0.025,0.5,42743.0,240.0,B5,83,2,0,0.7435873746871948,True,0.29047533869743347,False,0.3223433196544647,False
1233,p0n1398,39,0.05625,0.05625,42758.0,27.0,D6,86,1,0,0.8000209927558899,True,0.7461580038070679,True,0.5695018172264099,True
1234,p0n1399,39,0.1125,0.05625,42785.0,27.0,B5,83,1,0,0.7395256161689758,True,0.2244945764541626,False,0.3007539212703705,False
1235,p0n1400,39,0.16875,0.05625,42812.0,27.0,F#5,78,1,0,0.1579362154006958,False,0.1389332413673401,False,0.2769523859024048,False
1236,p0n1401,39,0.225,0.05625,42839.0,27.0,D6,86,2,0,0.8314363360404968,True,0.7239208221435547,True,0.5459726452827454,True
1237,p0n1402,39,0.28125,0.05625,42866.0,27.0,B5,83,2,0,0.6769470572471619,True,0.2042117714881897,False,0.30008429288864136,False
1238,p0n1403,39,0.3375,0.05625,42893.0,27.0,G#5,80,2,0,0.6827255487442017,True,0.48082083463668823,False,0.32701975107192993,False
1239,p0n1404,39,0.39375,0.05625,42920.0,27.0,F#5,78,2,0,0.15488040447235107,False,0.1405719369649887,False,0.2770925462245941,False
1240,p0n1405,39,0.45,0.05625,42947.0,27.0,D5,74,2,0,0.8830183148384094,True,0.5842770338058472,True,0.37923675775527954,False
1241,p0n1406,39,0.50625,0.05625,42974.0,27.0,B4,71,2,0,0.6301055550575256,True,0.16724443435668945,False,0.29761603474617004,False
1242,p0n1408,39,0.5625,0.05625,43001.0,27.0,G#4,68,2,0,0.8158529996871948,True,0.5389857888221741,True,0.4122034013271332,False
1243,p0n1409,39,0.61875,0.05625,43028.0,27.0,F#4,66,2,0,0.33487367630004883,False,0.15956111252307892,False,0.2803173363208771,False
1244,p0n1410,39,0.675,0.05625,43055.0,27.0,G#4,68,2,0,0.7463997602462769,True,0.6120473146438599,True,0.454166054725647,False
1245,p0n1411,39,0.73125,0.05625,43082.0,27.0,B4,71,2,0,0.6329854726791382,True,0.17206323146820068,False,0.29941850900650024,False
1246,p0n1412,39,0.7875,0.05625,43109.0,27.0,D5,74,2,0,0.8823970556259155,True,0.509972870349884,True,0.35264912247657776,False
1247,p0n1413,39,0.84375,0.05625,43136.0,27.0,F#5,78,1,0,0.1533546894788742,False,0.1494770348072052,False,0.2785877585411072,False
1248,p0n1414,39,0.9,0.05625,43163.0,27.0,B5,83,1,0,0.7125958800315857,True,0.2433387190103531,False,0.31595420837402344,False
1249,p0n1415,39,0.95625,0.05625,43190.0,27.0,D6,86,1,0,0.7636454701423645,True,0.6616663932800293,True,0.5221065878868103,True
1250,p0n1417,39,1.025,0.05625,43223.0,27.0,F#6,90,1,0,0.5837844014167786,True,0.2896406352519989,False,0.2988201975822449,False
1251,p0n1418,39,1.08125,0.05625,43250.0,27.0,D6,86,1,0,0.7510904669761658,True,0.7122424840927124,True,0.5390724539756775,True
1252,p0n1419,39,1.1375,0.05625,43277.0,27.0,B5,83,1,0,0.8017346262931824,True,0.2796139419078827,False,0.30701208114624023,False
1253,p0n1420,39,1.19375,0.05625,43304.0,27.0,F#5,78,1,0,0.1799383908510208,False,0.14788971841335297,False,0.27820226550102234,False
1254,p0n1421,39,1.25,0.05625,43331.0,27.0,D5,74,2,0,0.9213861227035522,True,0.6736246943473816,True,0.4112279713153839,False
1255,p0n1422,39,1.30625,0.05625,43358.0,27.0,B4,71,2,0,0.6037905216217041,True,0.2078438103199005,False,0.3023582994937897,False
1256,p0n1423,39,1.3625,0.05625,43385.0,27.0,G#4,68,2,0,0.7986505031585693,True,0.5484282374382019,True,0.41817721724510193,False
1257,p0n1424,39,1.41875,0.05625,43412.0,27.0,F#4,66,2,0,0.36377495527267456,False,0.16679967939853668,False,0.28131532669067383,False
1258,p0n1425,39,1.475,0.05625,43439.0,27.0,D4,62,2,0,0.9044068455696106,True,0.6748060584068298,True,0.39213865995407104,False
1259,p0n1426,39,1.53125,0.05625,43466.0,27.0,B3,59,2,0,0.5433840155601501,True,0.13327941298484802,False,0.2914814352989197,False
1260,p0n1427,39,1.5875,0.05625,43493.0,27.0,G#3,56,2,0,0.9574221968650818,True,0.3625115156173706,False,0.29511964321136475,False
1261,p0n1428,39,1.64375,0.05625,43520.0,27.0,F#3,54,2,0,0.4578976631164551,False,0.22267456352710724,False,0.2909902334213257,False
1262,p0n1429,39,1.7,0.05625,43547.0,27.0,G#3,56,2,0,0.9378986954689026,True,0.48625704646110535,False,0.3425971269607544,False
1263,p0n1430,39,1.75625,0.05625,43574.0,27.0,B3,59,2,0,0.4851720929145813,False,0.146409809589386,False,0.2924461364746094,False
1264,p0n1431,39,1.8125,0.05625,43601.0,27.0,D4,62,2,0,0.8947290182113647,True,0.5260568857192993,True,0.36088547110557556,False
1265,p0n1432,39,1.86875,0.05625,43628.0,27.0,F#4,66,1,0,0.4018217921257019,False,0.19953553378582,False,0.28845110535621643,False
1266,p0n1433,39,1.925,0.05625,43655.0,27.0,B4,71,1,0,0.6096588969230652,True,0.2971596121788025,False,0.32668372988700867,False
1267,p0n1434,39,1.98125,0.05625,43682.0,27.0,D5,74,1,0,0.8980217576026917,True,0.6386733651161194,True,0.4106312394142151,False
1268,p0n1437,39,2.06875,0.05625,43724.0,27.0,D5,74,1,0,0.9075034260749817,True,0.6434557437896729,True,0.37265312671661377,False
1269,p0n1438,39,2.125,0.05625,43751.0,27.0,B4,71,1,0,0.730815589427948,True,0.2902492582798004,False,0.3156709372997284,False
1270,p0n1439,39,2.18125,0.05625,43778.0,27.0,F#4,66,1,0,0.3880099952220917,False,0.18048588931560516,False,0.28403252363204956,False
1271,p0n1440,39,2.2375,0.05625,43805.0,27.0,D4,62,2,0,0.9226439595222473,True,0.6986821889877319,True,0.43467578291893005,False
1272,p0n1441,39,2.29375,0.05625,43832.0,27.0,B3,59,2,0,0.5211734771728516,True,0.28662189841270447,False,0.30555036664009094,False
1273,p0n1442,39,2.35,0.05625,43859.0,27.0,G#3,56,2,0,0.9541612863540649,True,0.46698492765426636,False,0.30809083580970764,False
1274,p0n1443,39,2.40625,0.05625,43886.0,27.0,F#3,54,2,0,0.6022465229034424,True,0.23577238619327545,False,0.29091116786003113,False
1275,p0n1444,39,2.4625,0.05625,43913.0,27.0,D3,50,2,0,0.8209813833236694,True,0.6854344606399536,True,0.33250629901885986,False
1276,p0n1445,39,2.51875,0.05625,43940.0,27.0,B2,47,2,0,0.7821136116981506,True,0.23058243095874786,False,0.2987311780452728,False
1277,p0n1446,39,2.575,0.05625,43967.0,27.0,G#2,44,2,0,0.9604446291923523,True,0.3959755003452301,False,0.2923453152179718,False
1278,p0n1447,39,2.63125,0.05625,43994.0,27.0,F#2,42,2,0,0.4973161816596985,False,0.2198856621980667,False,0.29059094190597534,False
1279,p0n1448,39,2.6875,0.05625,44021.0,27.0,G#2,44,2,0,0.9245610237121582,True,0.5457849502563477,True,0.36657029390335083,False
1280,p0n1449,39,2.74375,0.05625,44048.0,27.0,B2,47,2,0,0.7782301902770996,True,0.263393759727478,False,0.3031448721885681,False
1281,p0n1450,39,2.8,0.05625,44075.0,27.0,D3,50,2,0,0.857124388217926,True,0.5347037315368652,True,0.28844255208969116,False
1282,p0n1451,39,2.85625,0.05625,44102.0,27.0,F#3,54,1,0,0.4698199927806854,False,0.23230533301830292,False,0.29435133934020996,False
1283,p0n1452,39,2.9125,0.05625,44129.0,27.0,B3,59,1,0,0.5232094526290894,True,0.24952587485313416,False,0.3108213245868683,False
1284,p0n1453,39,2.96875,0.05625,44156.0,27.0,D4,62,1,0,0.8971155285835266,True,0.7105711698532104,True,0.45209071040153503,False
1285,p0n1455,39,3.0375,0.05625,44189.0,27.0,F#4,66,1,0,0.409403532743454,False,0.19961661100387573,False,0.2883055508136749,False
1286,p0n1456,39,3.09375,0.05625,44216.0,27.0,D4,62,1,0,0.8902590274810791,True,0.7059020400047302,True,0.4065505266189575,False
1287,p0n1457,39,3.15,0.05625,44243.0,27.0,B3,59,1,0,0.6686971783638,True,0.3007153570652008,False,0.3037157952785492,False
1288,p0n1458,39,3.20625,0.05625,44270.0,27.0,F#3,54,1,0,0.5204781889915466,True,0.2285284698009491,False,0.2886418104171753,False
1289,p0n1459,39,3.2625,0.05625,44297.0,27.0,D3,50,2,0,0.8473422527313232,True,0.7199450135231018,True,0.33899936079978943,False
1290,p0n1460,39,3.31875,0.05625,44324.0,27.0,B2,47,2,0,0.8290762305259705,True,0.29353174567222595,False,0.30755236744880676,False
1291,p0n1461,39,3.375,0.05625,44351.0,27.0,G#2,44,2,0,0.9461426734924316,True,0.2820686399936676,False,0.2908860445022583,False
1292,p0n1462,39,3.43125,0.05625,44378.0,27.0,F#2,42,2,0,0.45462146401405334,False,0.20384879410266876,False,0.28673791885375977,False
1293,p0n1463,39,3.4875,0.05625,44405.0,27.0,D2,38,2,0,0.8956975340843201,True,0.49031561613082886,False,0.32836389541625977,False
1294,p0n1464,39,3.54375,0.05625,44432.0,27.0,B1,35,2,0,0.7337561249732971,True,0.3661179840564728,False,0.29102692008018494,False
1295,p0n1465,39,3.6,0.05625,44459.0,27.0,G#1,32,2,0,0.9176363945007324,True,0.3665666878223419,False,0.291545033454895,False
1296,p0n1466,39,3.65625,0.05625,44486.0,27.0,F#1,30,2,0,0.7227547764778137,True,0.5897152423858643,True,0.35739728808403015,False
1297,p0n1467,39,3.7125,0.05625,44513.0,27.0,D3,50,1,0,0.7444474697113037,True,0.6483312845230103,True,0.29825836420059204,False
1298,p0n1468,39,3.76875,0.05625,44540.0,27.0,G#2,44,1,0,0.9453397989273071,True,0.5829196572303772,True,0.3161636292934418,False
1299,p0n1469,39,3.825,0.05625,44567.0,27.0,F#2,42,1,0,0.537794828414917,True,0.1472979485988617,False,0.2753232717514038,False
1300,p0n1470,39,3.88125,0.05625,44594.0,27.0,D2,38,1,0,0.8596731424331665,True,0.23284758627414703,False,0.28692826628685,False
1301,p0n1471,39,3.9375,0.05625,44621.0,27.0,G#1,32,1,0,0.7983273267745972,True,0.5557035803794861,True,0.3753882944583893,False
1302,p0n1472,39,3.99375,0.05625,44648.0,27.0,F#1,30,1,0,0.5536763668060303,True,0.4089530110359192,False,0.33582696318626404,False
1303,p0n1474,40,0.0,1.5,44903.0,720.0,D#6,87,1,0,0.8343867063522339,True,0.6640806794166565,True,0.42712104320526123,False
1304,p0n1473,40,0.0,1.5,44903.0,720.0,B5,83,1,0,0.7935216426849365,True,0.3020855188369751,False,0.3297104239463806,False
1305,p0n1475,40,0.0,0.11041666666666666,44903.0,53.0,G#1,32,2,0,0.8101199865341187,True,0.35743680596351624,False,0.31998056173324585,False
1306,p0n1477,40,0.11041666666666666,0.11041666666666666,44956.0,53.0,D#2,39,2,0,0.7029665112495422,True,0.6392449140548706,True,0.3880130350589752,False
1307,p0n1478,40,0.22083333333333333,0.11041666666666666,45009.0,53.0,G#2,44,2,0,0.9315391778945923,True,0.5462502837181091,True,0.3566874861717224,False
1308,p0n1479,40,0.33125,0.11041666666666666,45062.0,53.0,B2,47,2,0,0.7323551177978516,True,0.20865783095359802,False,0.2923668920993805,False
1309,p0n1480,40,0.44166666666666665,0.11041666666666666,45115.0,53.0,D#3,51,2,0,0.7728668451309204,True,0.7411261200904846,True,0.38544440269470215,False
1310,p0n1481,40,0.5520833333333334,0.11041666666666666,45168.0,53.0,G#3,56,2,0,0.9071182012557983,True,0.6403637528419495,True,0.36239662766456604,False
1311,p0n1482,40,0.6625,0.11041666666666666,45221.0,53.0,B3,59,2,0,0.6589611768722534,True,0.31795400381088257,False,0.30961400270462036,False
1312,p0n1483,40,0.7729166666666667,0.11041666666666666,45274.0,53.0,G#3,56,2,0,0.9078370928764343,True,0.5382962822914124,True,0.3214099407196045,False
1313,p0n1484,40,0.8833333333333333,0.11041666666666666,45327.0,53.0,D#3,51,2,0,0.7171565890312195,True,0.7087448239326477,True,0.34775814414024353,False
1314,p0n1485,40,0.99375,0.11041666666666666,45380.0,53.0,G#2,44,2,0,0.880678653717041,True,0.2907833755016327,False,0.2948930561542511,False
1315,p0n1486,40,1.1041666666666667,0.11041666666666666,45433.0,53.0,D#3,51,2,0,0.6653237342834473,True,0.635127067565918,True,0.3316652774810791,False
1316,p0n1487,40,1.2145833333333333,0.11041666666666666,45486.0,53.0,G#3,56,2,0,0.9125810861587524,True,0.5555140376091003,True,0.34900370240211487,False
1317,p0n1488,40,1.325,0.11041666666666666,45539.0,53.0,B3,59,2,0,0.560597836971283,True,0.17419737577438354,False,0.29607686400413513,False
1318,p0n1489,40,1.4354166666666666,0.11041666666666666,45592.0,53.0,D#4,63,2,0,0.8690226674079895,True,0.7441745400428772,True,0.4603692293167114,False
1319,p0n1490,40,1.5,1.5,45623.0,720.0,E#6,89,1,0,0.502881646156311,True,0.27843236923217773,False,0.29751819372177124,False
1320,p0n1491,40,1.5458333333333334,0.11041666666666666,45645.0,53.0,G#4,68,2,0,0.6806921362876892,True,0.7110392451286316,True,0.42679864168167114,False
1321,p0n1492,40,1.65625,0.11041666666666666,45698.0,53.0,B4,71,2,0,0.7293514013290405,True,0.2379416972398758,False,0.30519843101501465,False
1322,p0n1493,40,1.7666666666666666,0.11041666666666666,45751.0,53.0,G#4,68,2,0,0.6613735556602478,True,0.6243631839752197,True,0.3958721160888672,False
1323,p0n1494,40,1.8770833333333334,0.11041666666666666,45804.0,53.0,D#4,63,2,0,0.8419104814529419,True,0.7177550196647644,True,0.44235023856163025,False
1324,p0n1495,40,1.9875,0.07708333333333334,45857.0,37.0,G#3,56,2,0,0.8766154050827026,True,0.375481516122818,False,0.3193456828594208,False
1325,p0n1496,40,2.064583333333333,0.07708333333333334,45894.0,37.0,D#4,63,2,0,0.8089210391044617,True,0.6976529955863953,True,0.4254114329814911,False
1326,p0n1497,40,2.1416666666666666,0.07708333333333334,45931.0,37.0,G#4,68,2,0,0.6479825973510742,True,0.4901238977909088,False,0.36362162232398987,False
1327,p0n1498,40,2.21875,0.07708333333333334,45968.0,37.0,B4,71,2,0,0.7799792289733887,True,0.21360158920288086,False,0.30683237314224243,False
1328,p0n1499,40,2.2958333333333334,0.07708333333333334,46005.0,37.0,D#5,75,2,0,0.7848182320594788,True,0.7073094248771667,True,0.4077281653881073,False
1329,p0n1500,40,2.372916666666667,0.07708333333333334,46042.0,37.0,G#5,80,2,0,0.7001307606697083,True,0.6055014729499817,True,0.4033927917480469,False
1330,p0n1501,40,2.45,0.07708333333333334,46079.0,37.0,B5,83,2,0,0.7284011244773865,True,0.20549063384532928,False,0.2974969148635864,False
1331,p0n1502,40,2.527083333333333,0.07708333333333334,46116.0,37.0,G#5,80,2,0,0.6036210656166077,True,0.41280317306518555,False,0.32652002573013306,False
1332,p0n1503,40,2.6041666666666665,0.07708333333333334,46153.0,37.0,D#5,75,2,0,0.6802334785461426,True,0.5944342017173767,True,0.37351641058921814,False
1333,p0n1504,40,2.68125,0.07708333333333334,46190.0,37.0,G#5,80,2,0,0.5635514259338379,True,0.5006580948829651,True,0.3613409996032715,False
1334,p0n1505,40,2.7583333333333333,0.07708333333333334,46227.0,37.0,B5,83,2,0,0.8117045164108276,True,0.21460510790348053,False,0.3003906011581421,False
1335,p0n1506,40,2.8354166666666667,0.07708333333333334,46264.0,37.0,D#6,87,2,0,0.7867744565010071,True,0.6852834224700928,True,0.473299503326416,False
1336,p0n1507,40,2.9125,0.07708333333333334,46301.0,37.0,G#6,92,2,0,0.6828002333641052,True,0.22572001814842224,False,0.2845487594604492,False
1337,p0n1509,41,0.025,0.5,46355.0,240.0,B5,83,2,0,0.6301540732383728,True,0.2546209692955017,False,0.31602951884269714,False
1338,p0n1511,41,0.05625,0.05625,46370.0,27.0,D6,86,1,0,0.6416535973548889,True,0.727755069732666,True,0.5492308139801025,True
1339,p0n1512,41,0.1125,0.05625,46397.0,27.0,B5,83,1,0,0.7363430261611938,True,0.22762654721736908,False,0.3047098219394684,False
1340,p0n1513,41,0.16875,0.05625,46424.0,27.0,F#5,78,1,0,0.19776146113872528,False,0.15068386495113373,False,0.27872470021247864,False
1341,p0n1514,41,0.225,0.05625,46451.0,27.0,D6,86,2,0,0.7719271779060364,True,0.7614383101463318,True,0.5706997513771057,True
1342,p0n1515,41,0.28125,0.05625,46478.0,27.0,B5,83,2,0,0.6183380484580994,True,0.2118394374847412,False,0.29994943737983704,False
1343,p0n1516,41,0.3375,0.05625,46505.0,27.0,G#5,80,2,0,0.5999133586883545,True,0.2719757556915283,False,0.30697861313819885,False
1344,p0n1517,41,0.39375,0.05625,46532.0,27.0,F#5,78,2,0,0.1334541290998459,False,0.13696788251399994,False,0.27650123834609985,False
1345,p0n1518,41,0.45,0.05625,46559.0,27.0,D5,74,2,0,0.8132341504096985,True,0.5757243633270264,True,0.3593462109565735,False
1346,p0n1519,41,0.50625,0.05625,46586.0,27.0,B4,71,2,0,0.6396300196647644,True,0.16815847158432007,False,0.2979239523410797,False
1347,p0n1521,41,0.5625,0.05625,46613.0,27.0,G#4,68,2,0,0.7597688436508179,True,0.4848053753376007,False,0.35480380058288574,False
1348,p0n1522,41,0.61875,0.05625,46640.0,27.0,F#4,66,2,0,0.28862836956977844,False,0.15519967675209045,False,0.279584139585495,False
1349,p0n1523,41,0.675,0.05625,46667.0,27.0,G#4,68,2,0,0.7346457242965698,True,0.5936510562896729,True,0.4337068200111389,False
1350,p0n1524,41,0.73125,0.05625,46694.0,27.0,B4,71,2,0,0.6084292531013489,True,0.17219741642475128,False,0.29957517981529236,False
1351,p0n1525,41,0.7875,0.05625,46721.0,27.0,D5,74,2,0,0.7930883169174194,True,0.4852658212184906,False,0.314466267824173,False
1352,p0n1526,41,0.84375,0.05625,46748.0,27.0,F#5,78,1,0,0.2296833097934723,False,0.16894221305847168,False,0.2816968560218811,False
1353,p0n1527,41,0.9,0.05625,46775.0,27.0,B5,83,1,0,0.6414602398872375,True,0.1750764548778534,False,0.3051159679889679,False
1354,p0n1528,41,0.95625,0.05625,46802.0,27.0,D6,86,1,0,0.792220950126648,True,0.7268694043159485,True,0.5622140765190125,True
1355,p0n1530,41,1.025,0.05625,46835.0,27.0,F#6,90,1,0,0.44626912474632263,False,0.1933465600013733,False,0.28648877143859863,False
1356,p0n1531,41,1.08125,0.05625,46862.0,27.0,D6,86,1,0,0.7996695041656494,True,0.653087854385376,True,0.4517834782600403,False
1357,p0n1532,41,1.1375,0.05625,46889.0,27.0,B5,83,1,0,0.7704699039459229,True,0.09833123534917831,False,0.288926899433136,False
1358,p0n1533,41,1.19375,0.05625,46916.0,27.0,F#5,78,1,0,0.23047855496406555,False,0.16290324926376343,False,0.2804185152053833,False
1359,p0n1534,41,1.25,0.05625,46943.0,27.0,D5,74,2,0,0.7577570676803589,True,0.6362075209617615,True,0.34398746490478516,False
1360,p0n1535,41,1.30625,0.05625,46970.0,27.0,B4,71,2,0,0.689846396446228,True,0.2071746587753296,False,0.30354127287864685,False
1361,p0n1536,41,1.3625,0.05625,46997.0,27.0,G#4,68,2,0,0.7628235816955566,True,0.5164263248443604,True,0.35748469829559326,False
1362,p0n1537,41,1.41875,0.05625,47024.0,27.0,F#4,66,2,0,0.331261545419693,False,0.1615362912416458,False,0.2803844213485718,False
1363,p0n1538,41,1.475,0.05625,47051.0,27.0,D4,62,2,0,0.8592811226844788,True,0.5929448008537292,True,0.39438483119010925,False
1364,p0n1539,41,1.53125,0.05625,47078.0,27.0,B3,59,2,0,0.5412387847900391,True,0.13118647038936615,False,0.2906855046749115,False
1365,p0n1540,41,1.5875,0.05625,47105.0,27.0,G#3,56,2,0,0.9351063370704651,True,0.3026779592037201,False,0.28595757484436035,False
1366,p0n1541,41,1.64375,0.05625,47132.0,27.0,F#3,54,2,0,0.45850327610969543,False,0.20138610899448395,False,0.2873246669769287,False
1367,p0n1542,41,1.7,0.05625,47159.0,27.0,G#3,56,2,0,0.9432350397109985,True,0.4300440549850464,False,0.3265758752822876,False
1368,p0n1543,41,1.75625,0.05625,47186.0,27.0,B3,59,2,0,0.43688535690307617,False,0.13297916948795319,False,0.29041483998298645,False
1369,p0n1544,41,1.8125,0.05625,47213.0,27.0,D4,62,2,0,0.8372790813446045,True,0.44913026690483093,False,0.3197909891605377,False
1370,p0n1545,41,1.86875,0.05625,47240.0,27.0,F#4,66,1,0,0.4156714975833893,False,0.1984701156616211,False,0.28795307874679565,False
1371,p0n1546,41,1.925,0.05625,47267.0,27.0,B4,71,1,0,0.7169814109802246,True,0.3061903715133667,False,0.3303011655807495,False
1372,p0n1547,41,1.98125,0.05625,47294.0,27.0,D5,74,1,0,0.7717594504356384,True,0.56620854139328,True,0.3556266725063324,False
1373,p0n1548,41,2.0125,0.05625,47309.0,27.0,F#5,78,1,0,0.20630453526973724,False,0.16776596009731293,False,0.2813910245895386,False
1374,p0n1550,41,2.06875,0.05625,47336.0,27.0,D5,74,1,0,0.7229642868041992,True,0.3822852373123169,False,0.3130339980125427,False
1375,p0n1551,41,2.125,0.05625,47363.0,27.0,B4,71,1,0,0.7948667407035828,True,0.24177546799182892,False,0.30478277802467346,False
1376,p0n1552,41,2.18125,0.05625,47390.0,27.0,F#4,66,1,0,0.43456849455833435,False,0.1902422457933426,False,0.28571346402168274,False
1377,p0n1553,41,2.2375,0.05625,47417.0,27.0,D4,62,2,0,0.8871075510978699,True,0.6154685020446777,True,0.3925674855709076,False
1378,p0n1554,41,2.29375,0.05625,47444.0,27.0,B3,59,2,0,0.4825143814086914,False,0.14856714010238647,False,0.2933194935321808,False
1379,p0n1555,41,2.35,0.05625,47471.0,27.0,G#3,56,2,0,0.9387418031692505,True,0.4289530813694,False,0.27023202180862427,False
1380,p0n1556,41,2.40625,0.05625,47498.0,27.0,F#3,54,2,0,0.6555925011634827,True,0.2921920418739319,False,0.2892882227897644,False
1381,p0n1557,41,2.4625,0.05625,47525.0,27.0,D3,50,2,0,0.740639328956604,True,0.6075707674026489,True,0.3339797556400299,False
1382,p0n1558,41,2.51875,0.05625,47552.0,27.0,B2,47,2,0,0.8306761384010315,True,0.2554920017719269,False,0.2940414249897003,False
1383,p0n1559,41,2.575,0.05625,47579.0,27.0,G#2,44,2,0,0.9119794964790344,True,0.4694509506225586,False,0.29669108986854553,False
1384,p0n1560,41,2.63125,0.05625,47606.0,27.0,F#2,42,2,0,0.512857973575592,True,0.15153010189533234,False,0.2747533321380615,False
1385,p0n1561,41,2.6875,0.05625,47633.0,27.0,G#2,44,2,0,0.8618269562721252,True,0.5873560905456543,True,0.3246495723724365,False
1386,p0n1562,41,2.74375,0.05625,47660.0,27.0,B2,47,2,0,0.8285062313079834,True,0.24623338878154755,False,0.3050534427165985,False
1387,p0n1563,41,2.8,0.05625,47687.0,27.0,D3,50,2,0,0.6826643347740173,True,0.29171493649482727,False,0.28029075264930725,False
1388,p0n1564,41,2.85625,0.05625,47714.0,27.0,F#3,54,1,0,0.5758810639381409,True,0.3450297713279724,False,0.30259838700294495,False
1389,p0n1565,41,2.9125,0.05625,47741.0,27.0,B3,59,1,0,0.5003271102905273,True,0.2027054876089096,False,0.30551692843437195,False
1390,p0n1566,41,2.96875,0.05625,47768.0,27.0,D4,62,1,0,0.8485196828842163,True,0.6556621193885803,True,0.3985896706581116,False
1391,p0n1568,41,3.0375,0.05625,47801.0,27.0,F#4,66,1,0,0.36431777477264404,False,0.18547172844409943,False,0.285146027803421,False
1392,p0n1569,41,3.09375,0.05625,47828.0,27.0,D4,62,1,0,0.9096854329109192,True,0.5570704340934753,True,0.3916216492652893,False
1393,p0n1570,41,3.15,0.05625,47855.0,27.0,B3,59,1,0,0.586136519908905,True,0.19741956889629364,False,0.29179084300994873,False
1394,p0n1571,41,3.20625,0.05625,47882.0,27.0,F#3,54,1,0,0.5792155265808105,True,0.28649789094924927,False,0.28101593255996704,False
1395,p0n1572,41,3.2625,0.05625,47909.0,27.0,D3,50,2,0,0.5742226839065552,True,0.49410462379455566,False,0.3137485086917877,False
1396,p0n1573,41,3.31875,0.05625,47936.0,27.0,B2,47,2,0,0.8220632672309875,True,0.19193097949028015,False,0.2981167733669281,False
1397,p0n1574,41,3.375,0.05625,47963.0,27.0,G#2,44,2,0,0.8948637247085571,True,0.28448647260665894,False,0.28845837712287903,False
1398,p0n1575,41,3.43125,0.05625,47990.0,27.0,F#2,42,2,0,0.4867900609970093,False,0.2241543084383011,False,0.2911466360092163,False
1399,p0n1576,41,3.4875,0.05625,48017.0,27.0,D2,38,2,0,0.7994978427886963,True,0.290522962808609,False,0.28986087441444397,False
1400,p0n1577,41,3.54375,0.05625,48044.0,27.0,B1,35,2,0,0.768122673034668,True,0.2502913773059845,False,0.28142690658569336,False
1401,p0n1578,41,3.6,0.05625,48071.0,27.0,G#1,32,2,0,0.8864060044288635,True,0.449639230966568,False,0.3224456310272217,False
1402,p0n1579,41,3.65625,0.05625,48098.0,27.0,F#1,30,2,0,0.6986690759658813,True,0.4647006094455719,False,0.32794854044914246,False
1403,p0n1580,41,3.7125,0.05625,48125.0,27.0,D3,50,1,0,0.49807411432266235,False,0.14760033786296844,False,0.27970507740974426,False
1404,p0n1581,41,3.76875,0.05625,48152.0,27.0,G#2,44,1,0,0.9180768728256226,True,0.6154038310050964,True,0.2990928590297699,False
1405,p0n1582,41,3.825,0.05625,48179.0,27.0,F#2,42,1,0,0.4589855968952179,False,0.20710419118404388,False,0.2864373028278351,False
1406,p0n1583,41,3.88125,0.05625,48206.0,27.0,D2,38,1,0,0.4367750883102417,False,0.1086411103606224,False,0.27426910400390625,False
1407,p0n1584,41,3.9375,0.05625,48233.0,27.0,G#1,32,1,0,0.8286035060882568,True,0.6362887024879456,True,0.4825987219810486,False
1408,p0n1585,41,3.99375,0.05625,48260.0,27.0,F#1,30,1,0,0.6540065407752991,True,0.5425195097923279,True,0.3617187440395355,False
1409,p0n1587,42,0.0,1.5,48515.0,720.0,D#7,99,1,0,0.7002099752426147,True,0.2689301073551178,False,0.2866595983505249,False
1410,p0n1586,42,0.0,1.5,48515.0,720.0,B6,95,1,0,0.3145391047000885,False,0.1325814574956894,False,0.2909851670265198,False
1411,p0n1588,42,0.0,0.11041666666666666,48515.0,53.0,G#1,32,2,0,0.8053605556488037,True,0.6368807554244995,True,0.41569408774375916,False
1412,p0n1590,42,0.11041666666666666,0.11041666666666666,48568.0,53.0,D#2,39,2,0,0.8111806511878967,True,0.6516281962394714,True,0.3998987078666687,False
1413,p0n1591,42,0.22083333333333333,0.11041666666666666,48621.0,53.0,G#2,44,2,0,0.8231331706047058,True,0.5149900317192078,True,0.30483028292655945,False
1414,p0n1592,42,0.33125,0.11041666666666666,48674.0,53.0,B2,47,2,0,0.7605339884757996,True,0.40567538142204285,False,0.3111202120780945,False
1415,p0n1593,42,0.44166666666666665,0.11041666666666666,48727.0,53.0,D#3,51,2,0,0.7127912640571594,True,0.4651673138141632,False,0.2921083867549896,False
1416,p0n1594,42,0.5520833333333334,0.11041666666666666,48780.0,53.0,G#3,56,2,0,0.8686035871505737,True,0.8788929581642151,True,0.5313164591789246,True
1417,p0n1595,42,0.6625,0.11041666666666666,48833.0,53.0,B3,59,2,0,0.7822861075401306,True,0.36970871686935425,False,0.3203109800815582,False
1418,p0n1596,42,0.7729166666666667,0.11041666666666666,48886.0,53.0,G#3,56,2,0,0.9114450812339783,True,0.5313567519187927,True,0.3721728026866913,False
1419,p0n1597,42,0.8833333333333333,0.11041666666666666,48939.0,53.0,D#3,51,2,0,0.627328634262085,True,0.5296317338943481,True,0.3069400489330292,False
1420,p0n1598,42,0.99375,0.11041666666666666,48992.0,53.0,G#2,44,2,0,0.8423846364021301,True,0.2806565761566162,False,0.2894938588142395,False
1421,p0n1599,42,1.1041666666666667,0.11041666666666666,49045.0,53.0,D#3,51,2,0,0.5598798394203186,True,0.43823131918907166,False,0.3000029921531677,False
1422,p0n1600,42,1.2145833333333333,0.11041666666666666,49098.0,53.0,G#3,56,2,0,0.909006655216217,True,0.7130892276763916,True,0.4552764594554901,False
1423,p0n1601,42,1.325,0.11041666666666666,49151.0,53.0,B3,59,2,0,0.5946106314659119,True,0.2815092206001282,False,0.3023129105567932,False
1424,p0n1602,42,1.4354166666666666,0.11041666666666666,49204.0,53.0,D#4,63,2,0,0.8182260990142822,True,0.6650497913360596,True,0.39969101548194885,False
1425,p0n1603,42,1.5,1.5,49235.0,720.0,E#7,101,1,0,0.12552140653133392,False,0.1389182209968567,False,0.28379589319229126,False
1426,p0n1604,42,1.5458333333333334,0.11041666666666666,49257.0,53.0,G#4,68,2,0,0.623627781867981,True,0.5381052494049072,True,0.3953063488006592,False
1427,p0n1605,42,1.65625,0.11041666666666666,49310.0,53.0,B4,71,2,0,0.7895325422286987,True,0.2147315889596939,False,0.30598458647727966,False
1428,p0n1606,42,1.7666666666666666,0.11041666666666666,49363.0,53.0,G#4,68,2,0,0.6623203754425049,True,0.4538702666759491,False,0.355233758687973,False
1429,p0n1607,42,1.8770833333333334,0.11041666666666666,49416.0,53.0,D#4,63,2,0,0.7889819741249084,True,0.6046658754348755,True,0.421207994222641,False
1430,p0n1608,42,1.9875,0.07708333333333334,49469.0,37.0,G#3,56,2,0,0.8736100196838379,True,0.6558549404144287,True,0.4502418041229248,False
1431,p0n1609,42,2.064583333333333,0.07708333333333334,49506.0,37.0,D#4,63,2,0,0.7853912711143494,True,0.5758475065231323,True,0.39113718271255493,False
1432,p0n1610,42,2.1416666666666666,0.07708333333333334,49543.0,37.0,G#4,68,2,0,0.46065977215766907,False,0.19445326924324036,False,0.2910696566104889,False
1433,p0n1611,42,2.21875,0.07708333333333334,49580.0,37.0,B4,71,2,0,0.753821849822998,True,0.21207770705223083,False,0.30029550194740295,False
1434,p0n1612,42,2.2958333333333334,0.07708333333333334,49617.0,37.0,D#5,75,2,0,0.8251551389694214,True,0.5667005777359009,True,0.3496929705142975,False
1435,p0n1613,42,2.372916666666667,0.07708333333333334,49654.0,37.0,G#5,80,2,0,0.5440968871116638,True,0.28494420647621155,False,0.3253765106201172,False
1436,p0n1614,42,2.45,0.07708333333333334,49691.0,37.0,B5,83,2,0,0.7624909281730652,True,0.12931609153747559,False,0.2905733287334442,False
1437,p0n1615,42,2.527083333333333,0.07708333333333334,49728.0,37.0,G#5,80,2,0,0.462077260017395,False,0.1878204047679901,False,0.2895771265029907,False
1438,p0n1616,42,2.6041666666666665,0.07708333333333334,49765.0,37.0,D#5,75,2,0,0.764737069606781,True,0.5726808309555054,True,0.3756410777568817,False
1439,p0n1617,42,2.68125,0.07708333333333334,49802.0,37.0,G#5,80,2,0,0.3456287682056427,False,0.16326281428337097,False,0.2856960594654083,False
1440,p0n1618,42,2.7583333333333333,0.07708333333333334,49839.0,37.0,B5,83,2,0,0.8433632850646973,True,0.13274839520454407,False,0.29097163677215576,False
1441,p0n1619,42,2.8354166666666667,0.07708333333333334,49876.0,37.0,D#6,87,2,0,0.7694115042686462,True,0.6053907871246338,True,0.4328096807003021,False
1442,p0n1620,42,2.9125,0.07708333333333334,49913.0,37.0,G#6,92,2,0,0.7392347455024719,True,0.17461636662483215,False,0.28195637464523315,False
1443,p0n1621,43,0.0,0.05625,49955.0,27.0,F#6,90,1,0,0.5300686359405518,True,0.4143320322036743,False,0.31041091680526733,False
1444,p0n1622,43,0.025,0.5,49967.0,240.0,C#6,85,2,0,0.38438111543655396,False,0.2210298478603363,False,0.3014806807041168,False
1445,p0n1624,43,0.05625,0.05625,49982.0,27.0,C#6,85,1,0,0.3499208688735962,False,0.1541881263256073,False,0.2870410680770874,False
1446,p0n1625,43,0.1125,0.05625,50009.0,27.0,A#5,82,1,0,0.7850459814071655,True,0.23437045514583588,False,0.275624543428421,False
1447,p0n1626,43,0.16875,0.05625,50036.0,27.0,F#5,78,1,0,0.42852455377578735,False,0.2691136300563812,False,0.3019524812698364,False
1448,p0n1627,43,0.225,0.05625,50063.0,27.0,D#6,87,2,0,0.8633790612220764,True,0.7634443044662476,True,0.4225117862224579,False
1449,p0n1628,43,0.28125,0.05625,50090.0,27.0,C#6,85,2,0,0.41318029165267944,False,0.1687477082014084,False,0.28995636105537415,False
1450,p0n1629,43,0.3375,0.05625,50117.0,27.0,A#5,82,2,0,0.7736510634422302,True,0.1393440067768097,False,0.26700353622436523,False
1451,p0n1630,43,0.39375,0.05625,50144.0,27.0,F#5,78,2,0,0.23390157520771027,False,0.18056336045265198,False,0.28330501914024353,False
1452,p0n1631,43,0.45,0.05625,50171.0,27.0,D#5,75,2,0,0.9577090740203857,True,0.8134784698486328,True,0.51512211561203,True
1453,p0n1632,43,0.50625,0.05625,50198.0,27.0,C#5,73,2,0,0.19903075695037842,False,0.15228645503520966,False,0.28577911853790283,False
1454,p0n1634,43,0.5625,0.05625,50225.0,27.0,A#4,70,2,0,0.356134295463562,False,0.13239999115467072,False,0.2762269377708435,False
1455,p0n1635,43,0.61875,0.05625,50252.0,27.0,F#4,66,2,0,0.42703670263290405,False,0.21762852370738983,False,0.28955233097076416,False
1456,p0n1636,43,0.675,0.05625,50279.0,27.0,A#4,70,2,0,0.25683388113975525,False,0.1243395134806633,False,0.2748831510543823,False
1457,p0n1637,43,0.73125,0.05625,50306.0,27.0,C#5,73,2,0,0.1646396666765213,False,0.15517041087150574,False,0.28663170337677,False
1458,p0n1638,43,0.7875,0.05625,50333.0,27.0,D#5,75,2,0,0.945267915725708,True,0.8148199319839478,True,0.5282618999481201,True
1459,p0n1639,43,0.84375,0.05625,50360.0,27.0,F#5,78,1,0,0.2399418205022812,False,0.1674497127532959,False,0.2808593511581421,False
1460,p0n1640,43,0.9,0.05625,50387.0,27.0,A#5,82,1,0,0.6374952793121338,True,0.1663399636745453,False,0.2726098299026489,False
1461,p0n1641,43,0.95625,0.05625,50414.0,27.0,C#6,85,1,0,0.28575918078422546,False,0.18072351813316345,False,0.2918764650821686,False
1462,p0n1643,43,1.025,0.05625,50447.0,27.0,F#6,90,1,0,0.44177985191345215,False,0.19829806685447693,False,0.28486040234565735,False
1463,p0n1644,43,1.08125,0.05625,50474.0,27.0,C#6,85,1,0,0.4268275201320648,False,0.2380957305431366,False,0.3041916787624359,False
1464,p0n1645,43,1.1375,0.05625,50501.0,27.0,A#5,82,1,0,0.699366569519043,True,0.10054304450750351,False,0.2656332850456238,False
1465,p0n1646,43,1.19375,0.05625,50528.0,27.0,F#5,78,1,0,0.13802123069763184,False,0.1465587466955185,False,0.2776782810688019,False
1466,p0n1647,43,1.25,0.05625,50555.0,27.0,D#5,75,2,0,0.9588221907615662,True,0.830592155456543,True,0.5521400570869446,True
1467,p0n1648,43,1.30625,0.05625,50582.0,27.0,C#5,73,2,0,0.27511417865753174,False,0.1631707400083542,False,0.2884460389614105,False
1468,p0n1649,43,1.3625,0.05625,50609.0,27.0,A#4,70,2,0,0.262721985578537,False,0.11796605587005615,False,0.2740931510925293,False
1469,p0n1650,43,1.41875,0.05625,50636.0,27.0,F#4,66,2,0,0.3734477162361145,False,0.22837762534618378,False,0.29313454031944275,False
1470,p0n1651,43,1.475,0.05625,50663.0,27.0,D#4,63,2,0,0.9584589600563049,True,0.7441915273666382,True,0.4077129662036896,False
1471,p0n1652,43,1.53125,0.05625,50690.0,27.0,C#4,61,2,0,0.09471745043992996,False,0.1379329264163971,False,0.2824937701225281,False
1472,p0n1653,43,1.5875,0.05625,50717.0,27.0,A#3,58,2,0,0.47509780526161194,False,0.17984788119792938,False,0.2840880751609802,False
1473,p0n1654,43,1.64375,0.05625,50744.0,27.0,F#3,54,2,0,0.8447200059890747,True,0.6060041189193726,True,0.4002329111099243,False
1474,p0n1655,43,1.7,0.05625,50771.0,27.0,A#3,58,2,0,0.3735029697418213,False,0.17472241818904877,False,0.28328821063041687,False
1475,p0n1656,43,1.75625,0.05625,50798.0,27.0,C#4,61,2,0,0.043245431035757065,False,0.13372641801834106,False,0.2816790044307709,False
1476,p0n1657,43,1.8125,0.05625,50825.0,27.0,D#4,63,2,0,0.9320774078369141,True,0.7160987257957458,True,0.4020739793777466,False
1477,p0n1658,43,1.86875,0.05625,50852.0,27.0,F#4,66,1,0,0.3175535500049591,False,0.1854979544878006,False,0.2839527726173401,False
1478,p0n1659,43,1.925,0.05625,50879.0,27.0,A#4,70,1,0,0.18511159718036652,False,0.12962330877780914,False,0.27569013833999634,False
1479,p0n1660,43,1.98125,0.05625,50906.0,27.0,C#5,73,1,0,0.2021430879831314,False,0.172484889626503,False,0.29004862904548645,False
1480,p0n1661,43,2.0125,0.05625,50921.0,27.0,F#5,78,1,0,0.3397720158100128,False,0.22119969129562378,False,0.2896502614021301,False
1481,p0n1663,43,2.06875,0.05625,50948.0,27.0,C#5,73,1,0,0.27859941124916077,False,0.17587243020534515,False,0.2906559407711029,False
1482,p0n1664,43,2.125,0.05625,50975.0,27.0,A#4,70,1,0,0.2426292449235916,False,0.11691436171531677,False,0.2738633453845978,False
1483,p0n1665,43,2.18125,0.05625,51002.0,27.0,F#4,66,1,0,0.13593122363090515,False,0.1489979475736618,False,0.27786728739738464,False
1484,p0n1666,43,2.2375,0.05625,51029.0,27.0,D#4,63,2,0,0.917178213596344,True,0.7092466950416565,True,0.40236493945121765,False
1485,p0n1667,43,2.29375,0.05625,51056.0,27.0,C#4,61,2,0,0.07556172460317612,False,0.13636477291584015,False,0.28218206763267517,False
1486,p0n1668,43,2.35,0.05625,51083.0,27.0,A#3,58,2,0,0.4525282680988312,False,0.1778755486011505,False,0.2843339145183563,False
1487,p0n1669,43,2.40625,0.05625,51110.0,27.0,F#3,54,2,0,0.8275957107543945,True,0.6044704914093018,True,0.39654213190078735,False
1488,p0n1670,43,2.4625,0.05625,51137.0,27.0,D#3,51,2,0,0.8796511888504028,True,0.6821773648262024,True,0.38463664054870605,False
1489,p0n1671,43,2.51875,0.05625,51164.0,27.0,C#3,49,2,0,0.12234034389257431,False,0.14717106521129608,False,0.2837888300418854,False
1490,p0n1672,43,2.575,0.05625,51191.0,27.0,A#2,46,2,0,0.7160378098487854,True,0.38780835270881653,False,0.30157214403152466,False
1491,p0n1673,43,2.63125,0.05625,51218.0,27.0,F#2,42,2,0,0.82497239112854,True,0.3065780699253082,False,0.2930550277233124,False
1492,p0n1674,43,2.6875,0.05625,51245.0,27.0,A#2,46,2,0,0.6779402494430542,True,0.2590391933917999,False,0.28759101033210754,False
1493,p0n1675,43,2.74375,0.05625,51272.0,27.0,C#3,49,2,0,0.07298111170530319,False,0.14002792537212372,False,0.28257137537002563,False
1494,p0n1676,43,2.8,0.05625,51299.0,27.0,D#3,51,2,0,0.8359379172325134,True,0.6563297510147095,True,0.3371906876564026,False
1495,p0n1677,43,2.85625,0.05625,51326.0,27.0,F#3,54,1,0,0.7787060141563416,True,0.5537819266319275,True,0.3663935959339142,False
1496,p0n1678,43,2.9125,0.05625,51353.0,27.0,A#3,58,1,0,0.5406545400619507,True,0.2155030518770218,False,0.27732720971107483,False
1497,p0n1679,43,2.96875,0.05625,51380.0,27.0,C#4,61,1,0,0.07161030173301697,False,0.13474172353744507,False,0.2819972038269043,False
1498,p0n1680,43,3.025,0.08333333333333333,51407.0,40.0,F#4,66,1,0,0.36918506026268005,False,0.23272953927516937,False,0.29227176308631897,False
1499,p0n1682,43,3.1083333333333334,0.08333333333333333,51447.0,40.0,C#4,61,1,0,0.08602536469697952,False,0.13727188110351562,False,0.28236061334609985,False
1500,p0n1683,43,3.191666666666667,0.08333333333333333,51487.0,40.0,A#3,58,1,0,0.45976522564888,False,0.1765459030866623,False,0.28414854407310486,False
1501,p0n1684,43,3.275,0.08333333333333333,51527.0,40.0,F#3,54,1,0,0.6573940515518188,True,0.4391511380672455,False,0.3225482106208801,False
1502,p0n1685,43,3.3583333333333334,0.08333333333333333,51567.0,40.0,D#3,51,2,0,0.8220521211624146,True,0.5883882641792297,True,0.3686084449291229,False
1503,p0n1686,43,3.441666666666667,0.08333333333333333,51607.0,40.0,A#2,46,2,0,0.5578376054763794,True,0.24352309107780457,False,0.2747002840042114,False
1504,p0n1687,43,3.525,0.08333333333333333,51647.0,40.0,F#2,42,2,0,0.7705979943275452,True,0.2506396174430847,False,0.29461756348609924,False
1505,p0n1688,43,3.6083333333333334,0.08333333333333333,51687.0,40.0,D#2,39,2,0,0.9522929787635803,True,0.6800161004066467,True,0.4266292452812195,False
1506,p0n1689,43,3.691666666666667,0.08333333333333333,51727.0,40.0,C#3,49,1,0,0.1141553744673729,False,0.14349637925624847,False,0.2832569181919098,False
1507,p0n1690,43,3.775,0.08333333333333333,51767.0,40.0,F#3,54,1,0,0.7855892181396484,True,0.491057813167572,False,0.31434139609336853,False
1508,p0n1691,43,3.8583333333333334,0.08333333333333333,51807.0,40.0,A#3,58,1,0,0.5477313995361328,True,0.16768896579742432,False,0.2801089584827423,False
1509,p0n1692,43,3.941666666666667,0.08333333333333333,51847.0,40.0,C#4,61,1,0,0.09757773578166962,False,0.1388886421918869,False,0.2826583683490753,False
1510,p0n1693,43,4.025,0.08333333333333333,51887.0,40.0,A#2,46,2,0,0.5901187658309937,True,0.24138034880161285,False,0.2787165343761444,False
1511,p0n1694,43,4.108333333333333,0.08333333333333333,51927.0,40.0,F#2,42,2,0,0.5028993487358093,True,0.20491118729114532,False,0.27793821692466736,False
1512,p0n1695,43,4.191666666666666,0.08333333333333333,51967.0,40.0,D#2,39,2,0,0.9245744943618774,True,0.6399732828140259,True,0.41472578048706055,False
1513,p0n1696,43,4.275,0.08333333333333333,52007.0,40.0,A#1,34,2,0,0.4695388972759247,False,0.1482383757829666,False,0.2776215970516205,False
1514,p0n1697,43,4.358333333333333,0.08333333333333333,52047.0,40.0,G#2,44,1,0,0.7876108884811401,True,0.35321852564811707,False,0.28827300667762756,False
1515,p0n1698,43,4.441666666666666,0.08333333333333333,52087.0,40.0,A#2,46,1,0,0.7744390368461609,True,0.3199501633644104,False,0.2966770529747009,False
1516,p0n1699,43,4.525,0.08333333333333333,52127.0,40.0,C#3,49,1,0,0.05847345292568207,False,0.13804078102111816,False,0.28208181262016296,False
1517,p0n1700,43,4.608333333333333,0.08333333333333333,52167.0,40.0,G#3,56,1,0,0.82907634973526,True,0.6076359152793884,True,0.40047645568847656,False
1518,p0n1701,43,4.691666666666666,0.08333333333333333,52207.0,40.0,F#2,42,2,0,0.7903767228126526,True,0.22773775458335876,False,0.29002711176872253,False
1519,p0n1702,43,4.775,0.08333333333333333,52247.0,40.0,C#2,37,2,0,0.527305543422699,True,0.6225250959396362,True,0.3727289140224457,False
1520,p0n1703,43,4.858333333333333,0.08333333333333333,52287.0,40.0,A#1,34,2,0,0.2845143973827362,False,0.15875831246376038,False,0.2789876163005829,False
1521,p0n1704,43,4.941666666666666,0.08333333333333333,52327.0,40.0,F#1,30,2,0,0.569075345993042,True,0.21178163588047028,False,0.3124579191207886,False
1522,p0n1706,44,0.008333333333333333,0.3333333333333333,52377.0,160.0,G#0,20,2,0,0.8079583048820496,True,0.282382071018219,False,0.2821999192237854,False
1523,p0n1708,44,0.25,0.0625,52493.0,30.0,G#3,56,1,0,0.8917153477668762,True,0.5911781787872314,True,0.40551555156707764,False
1524,p0n1709,44,0.3125,0.0625,52523.0,30.0,A#3,58,1,0,0.5948368310928345,True,0.19288621842861176,False,0.282944917678833,False
1525,p0n1710,44,0.3416666666666667,0.3333333333333333,52537.0,160.0,G#1,32,2,0,0.6887329816818237,True,0.6062594056129456,True,0.42417111992836,False
1526,p0n1711,44,0.375,0.0625,52553.0,30.0,C#4,61,1,0,0.0468517504632473,False,0.13430972397327423,False,0.2817167341709137,False
1527,p0n1712,44,0.4375,0.0625,52583.0,30.0,D#4,63,1,0,0.9227617383003235,True,0.6592162847518921,True,0.3812349736690521,False
1528,p0n1713,44,0.5,0.0625,52613.0,30.0,F#4,66,1,0,0.19907772541046143,False,0.16034595668315887,False,0.27955886721611023,False
1529,p0n1714,44,0.5625,0.0625,52643.0,30.0,G#4,68,1,0,0.6101115345954895,True,0.27121081948280334,False,0.29636695981025696,False
1530,p0n1715,44,0.625,0.0625,52673.0,30.0,A#4,70,1,0,0.29190972447395325,False,0.1275419145822525,False,0.2751101553440094,False
1531,p0n1716,44,0.675,0.3333333333333333,52697.0,160.0,G#2,44,2,0,0.6571553945541382,True,0.23673750460147858,False,0.26733553409576416,False
1532,p0n1717,44,0.6875,0.0625,52703.0,30.0,C#5,73,1,0,0.20414867997169495,False,0.16469120979309082,False,0.2886183559894562,False
1533,p0n1718,44,0.75,0.0625,52733.0,30.0,D#5,75,1,0,0.9455875754356384,True,0.8099551796913147,True,0.5650102496147156,True
1534,p0n1719,44,0.8125,0.0625,52763.0,30.0,F#5,78,1,0,0.241215780377388,False,0.1687638908624649,False,0.2809641659259796,False
1535,p0n1720,44,0.875,0.0625,52793.0,30.0,G#5,80,1,0,0.5340626835823059,True,0.3367888629436493,False,0.3264926075935364,False
1536,p0n1721,44,0.9375,0.0625,52823.0,30.0,A#5,82,1,0,0.43111535906791687,False,0.12807242572307587,False,0.27765700221061707,False
1537,p0n1723,44,1.0083333333333333,0.5,52857.0,240.0,G#3,56,2,0,0.8869554400444031,True,0.41369685530662537,False,0.3432075083255768,False
1538,p0n1724,44,1.25,0.058333333333333334,52973.0,28.0,A#5,82,1,0,0.5287220478057861,True,0.19926442205905914,False,0.27490517497062683,False
1539,p0n1725,44,1.3083333333333333,0.058333333333333334,53001.0,28.0,G#5,80,1,0,0.2689530551433563,False,0.15397228300571442,False,0.2833043038845062,False
1540,p0n1726,44,1.3666666666666667,0.058333333333333334,53029.0,28.0,F#5,78,1,0,0.25317203998565674,False,0.1964426338672638,False,0.2851578891277313,False
1541,p0n1727,44,1.425,0.058333333333333334,53057.0,28.0,D#5,75,1,0,0.941859245300293,True,0.9192312359809875,True,0.6002268195152283,True
1542,p0n1728,44,1.4833333333333334,0.058333333333333334,53085.0,28.0,C#5,73,1,0,0.19072070717811584,False,0.1520422399044037,False,0.2856453061103821,False
1543,p0n1729,44,1.5083333333333333,0.5,53097.0,240.0,G#2,44,2,0,0.6772079467773438,True,0.245140939950943,False,0.26926255226135254,False
1544,p0n1730,44,1.5416666666666667,0.058333333333333334,53113.0,28.0,A#4,70,1,0,0.40496739745140076,False,0.08005540072917938,False,0.27132874727249146,False
1545,p0n1731,44,1.6,0.058333333333333334,53141.0,28.0,G#4,68,1,0,0.49082881212234497,False,0.17522619664669037,False,0.2866014242172241,False
1546,p0n1732,44,1.6583333333333334,0.058333333333333334,53169.0,28.0,F#4,66,1,0,0.21025094389915466,False,0.17013326287269592,False,0.28046953678131104,False
1547,p0n1733,44,1.7166666666666666,0.058333333333333334,53197.0,28.0,D#4,63,1,0,0.7996551990509033,True,0.7282688021659851,True,0.3720335364341736,False
1548,p0n1734,44,1.775,0.058333333333333334,53225.0,28.0,C#4,61,1,0,0.20439563691616058,False,0.1505274623632431,False,0.285309761762619,False
1549,p0n1735,44,1.8333333333333333,0.058333333333333334,53253.0,28.0,A#3,58,1,0,0.15561579167842865,False,0.1307433396577835,False,0.27480873465538025,False
1550,p0n1736,44,1.8916666666666666,0.058333333333333334,53281.0,28.0,G#3,56,1,0,0.9096753001213074,True,0.3868648111820221,False,0.33735278248786926,False
1551,p0n1737,44,1.95,0.058333333333333334,53309.0,28.0,F#3,54,1,0,0.9142736792564392,True,0.6861047148704529,True,0.44080671668052673,False
1552,p0n1740,45,0.0,0.5,53337.0,240.0,G#1,32,2,0,0.7371185421943665,True,0.40238237380981445,False,0.333650678396225,False
1553,p0n1741,45,0.3333333333333333,0.08333333333333333,53497.0,40.0,F#3,54,1,0,0.9451489448547363,True,0.5467012524604797,True,0.41378456354141235,False
1554,p0n1742,45,0.4166666666666667,0.08333333333333333,53537.0,40.0,A#3,58,1,0,0.14669755101203918,False,0.13180093467235565,False,0.27467572689056396,False
1555,p0n1743,45,0.5,0.08333333333333333,53577.0,40.0,C#4,61,1,0,0.17262987792491913,False,0.15134607255458832,False,0.28488650918006897,False
1556,p0n1744,45,0.5,0.5,53577.0,240.0,G#2,44,2,0,0.6321934461593628,True,0.15298476815223694,False,0.26682692766189575,False
1557,p0n1745,45,0.5833333333333334,0.08333333333333333,53617.0,40.0,A#3,58,1,0,0.0989677831530571,False,0.1268932968378067,False,0.2740926146507263,False
1558,p0n1746,45,0.6666666666666666,0.08333333333333333,53657.0,40.0,D#3,51,1,0,0.7335926294326782,True,0.47446566820144653,False,0.35137319564819336,False
1559,p0n1747,45,0.75,0.08333333333333333,53697.0,40.0,F#3,54,1,0,0.9188669323921204,True,0.6960903406143188,True,0.4728083908557892,False
1560,p0n1748,45,0.8333333333333334,0.08333333333333333,53737.0,40.0,A#3,58,1,0,0.052643146365880966,False,0.1192055344581604,False,0.272867888212204,False
1561,p0n1749,45,0.9166666666666666,0.08333333333333333,53777.0,40.0,F#3,54,1,0,0.9414990544319153,True,0.6034564971923828,True,0.45878979563713074,False
1562,p0n1751,45,1.0,0.5,53817.0,240.0,G#3,56,2,0,0.6623898148536682,True,0.5827341079711914,True,0.35279396176338196,False
1563,p0n1752,45,1.0833333333333333,0.08333333333333333,53857.0,40.0,D#3,51,1,0,0.4776560068130493,False,0.2797168493270874,False,0.30444076657295227,False
1564,p0n1753,45,1.1666666666666667,0.08333333333333333,53897.0,40.0,F#3,54,1,0,0.9146549701690674,True,0.6023262739181519,True,0.45979082584381104,False
1565,p0n1754,45,1.25,0.08333333333333333,53937.0,40.0,D#3,51,1,0,0.6539472341537476,True,0.4815855026245117,False,0.3245201110839844,False
1566,p0n1755,45,1.3333333333333333,0.08333333333333333,53977.0,40.0,A#2,46,1,0,0.4949715733528137,False,0.19565260410308838,False,0.28812238574028015,False
1567,p0n1756,45,1.4166666666666667,0.08333333333333333,54017.0,40.0,C#3,49,1,0,0.31142422556877136,False,0.17098815739154816,False,0.2904607653617859,False
1568,p0n1757,45,1.5,0.08333333333333333,54057.0,40.0,D#3,51,1,0,0.5686559081077576,True,0.628119707107544,True,0.3649784028530121,False
1569,p0n1758,45,1.5,0.5,54057.0,240.0,G#2,44,2,0,0.49951422214508057,False,0.16409379243850708,False,0.284329354763031,False
1570,p0n1759,45,1.5833333333333333,0.08333333333333333,54097.0,40.0,C#3,49,1,0,0.28040260076522827,False,0.19973115622997284,False,0.2960171699523926,False
1571,p0n1761,45,1.75,0.08333333333333333,54177.0,40.0,A#2,46,1,0,0.4435157775878906,False,0.18353377282619476,False,0.28426381945610046,False
1572,p0n1762,45,1.8333333333333333,0.08333333333333333,54217.0,40.0,C#3,49,1,0,0.4511335492134094,False,0.1943238377571106,False,0.2950325608253479,False
1573,p0n1763,45,1.9166666666666667,0.08333333333333333,54257.0,40.0,A#2,46,1,0,0.24845917522907257,False,0.1319427639245987,False,0.2749929428100586,False
1574,p0n1766,46,0.0,0.3333333333333333,54297.0,160.0,G#1,32,2,0,0.5770196914672852,True,0.40957948565483093,False,0.33688345551490784,False
1575,p0n1767,46,0.3333333333333333,0.3333333333333333,54457.0,160.0,G#2,44,2,0,0.2949734628200531,False,0.12647730112075806,False,0.2791180908679962,False
1576,p0n1768,46,0.6666666666666666,0.8333333333333334,54617.0,400.0,G#3,56,2,0,0.8555055856704712,True,0.6968640089035034,True,0.44767701625823975,False
1577,p0n1772,46,1.0,1.0,54777.0,480.0,F#4,66,1,0,0.30803900957107544,False,0.15200994908809662,False,0.2762864828109741,False
1578,p0n1771,46,1.0,1.0,54777.0,480.0,C#4,61,1,0,0.6900362968444824,True,0.588783323764801,True,0.34571999311447144,False
1579,p0n1770,46,1.0,1.0,54777.0,480.0,A#3,58,1,0,0.29686811566352844,False,0.13266496360301971,False,0.27547478675842285,False
1580,p0n1769,46,1.0,1.0,54777.0,480.0,F#3,54,1,0,0.4219403564929962,False,0.21590054035186768,False,0.28728991746902466,False
1581,p0n1774,46,1.5,0.5,55017.0,240.0,G#2,44,2,0,0.7359781265258789,True,0.3018219470977783,False,0.249017596244812,False
1582,p0n1778,47,0.0,2.0,55257.0,960.0,E#4,65,1,0,0.009833104908466339,False,0.1134323850274086,False,0.2791655361652374,False
1583,p0n1777,47,0.0,2.0,55257.0,960.0,B#3,60,1,0,0.7073034644126892,True,0.3703620135784149,False,0.2720749080181122,False
1584,p0n1776,47,0.0,2.0,55257.0,960.0,G#3,56,1,0,0.5651280879974365,True,0.31495001912117004,False,0.3071669638156891,False
1585,p0n1775,47,0.0,2.0,55257.0,960.0,E#3,53,1,0,0.28875672817230225,False,0.21134649217128754,False,0.29850268363952637,False
1586,p0n1779,47,0.0,0.5,55257.0,240.0,G#1,32,2,0,0.5782161355018616,True,0.47411730885505676,False,0.3475516438484192,False
1587,p0n1781,47,0.5,0.5,55497.0,240.0,G#2,44,2,0,0.5411483645439148,True,0.24249885976314545,False,0.2638838291168213,False
1588,p0n1782,47,1.0,0.5,55737.0,240.0,G#4,68,2,0,0.5374709963798523,True,0.4011538326740265,False,0.3569924235343933,False
1589,p0n1783,47,1.5,0.5,55977.0,240.0,G#3,56,2,0,0.5146868824958801,True,0.26540982723236084,False,0.3057214319705963,False
1590,p0n1786,48,0.0,0.3333333333333333,56217.0,160.0,G#1,32,2,0,0.7114704251289368,True,0.4286527931690216,False,0.3424692153930664,False
1591,p0n1787,48,0.3333333333333333,0.3333333333333333,56377.0,160.0,G#2,44,2,0,0.5271432399749756,True,0.13869471848011017,False,0.26758378744125366,False
1592,p0n1788,48,0.6666666666666666,0.8333333333333334,56537.0,400.0,G#3,56,2,0,0.47416380047798157,False,0.2128526270389557,False,0.29643192887306213,False
1593,p0n1792,48,1.0,1.0,56697.0,480.0,B#3,60,1,0,0.8979783058166504,True,0.6978652477264404,True,0.34420761466026306,False
1594,p0n1791,48,1.0,1.0,56697.0,480.0,F##3,55,1,0,0.39618566632270813,False,0.21431495249271393,False,0.2887114882469177,False
1595,p0n1790,48,1.0,1.0,56697.0,480.0,E3,52,1,0,0.25820404291152954,False,0.1730966717004776,False,0.28729793429374695,False
1596,p0n1789,48,1.0,1.0,56697.0,480.0,B#2,48,1,0,0.6983008980751038,True,0.73685622215271,True,0.49708807468414307,False
1597,p0n1794,48,1.5,0.5,56937.0,240.0,G#2,44,2,0,0.634588897228241,True,0.3143478333950043,False,0.25669875741004944,False
1598,p0n1795,49,0.0,0.3333333333333333,57177.0,160.0,D#4,63,1,0,0.6279106140136719,True,0.7581685185432434,True,0.3467382490634918,False
1599,p0n1798,49,0.0,1.0,57177.0,480.0,A3,57,1,0,0.7776645421981812,True,0.8528140187263489,True,0.46779605746269226,False
1600,p0n1797,49,0.0,1.0,57177.0,480.0,F##3,55,1,0,0.7075830698013306,True,0.8897034525871277,True,0.4800097346305847,False
1601,p0n1796,49,0.0,1.0,57177.0,480.0,E3,52,1,0,0.36932283639907837,False,0.12741324305534363,False,0.2814854383468628,False
1602,p0n1799,49,0.0,0.25,57177.0,120.0,C#1,25,2,0,0.8734064102172852,True,0.8424907326698303,True,0.7453745603561401,True
1603,p0n1801,49,0.25,0.25,57297.0,120.0,G#1,32,2,0,0.6072707772254944,True,0.49936094880104065,False,0.3707555830478668,False
1604,p0n1802,49,0.3333333333333333,0.3333333333333333,57337.0,160.0,B#3,60,1,0,0.8744282722473145,True,0.7381072640419006,True,0.3833887577056885,False
1605,p0n1803,49,0.5,0.25,57417.0,120.0,G#2,44,2,0,0.49457842111587524,False,0.1311967372894287,False,0.2797755300998688,False
1606,p0n1806,49,0.75,0.035416666666666666,57537.0,17.0,A3,57,1,0,0.8159765601158142,True,0.6465712785720825,True,0.3622362017631531,False
1607,p0n1807,49,0.75,0.25,57537.0,120.0,G#3,56,2,0,0.6178929805755615,True,0.4607582092285156,False,0.33371561765670776,False
1608,p0n1805,49,0.75,0.035416666666666666,57537.0,17.0,F##3,55,1,0,0.711990237236023,True,0.6311145424842834,True,0.37467601895332336,False
1609,p0n1808,49,0.7854166666666667,0.035416666666666666,57554.0,17.0,C#4,61,1,0,0.77079176902771,True,0.429912805557251,False,0.4001044034957886,False
1610,p0n1809,49,0.8208333333333333,0.035416666666666666,57571.0,17.0,E4,64,1,0,0.021926267072558403,False,0.1374247968196869,False,0.2796231806278229,False
1611,p0n1811,49,0.85625,0.035416666666666666,57588.0,17.0,A4,69,1,0,0.7956252694129944,True,0.7869677543640137,True,0.506401538848877,True
1612,p0n1810,49,0.85625,0.035416666666666666,57588.0,17.0,F##4,67,1,0,0.43232831358909607,False,0.22816215455532074,False,0.2909809350967407,False
1613,p0n1813,49,0.8916666666666667,0.035416666666666666,57605.0,17.0,A4,69,1,0,0.595145583152771,True,0.48379290103912354,False,0.38143303990364075,False
1614,p0n1812,49,0.8916666666666667,0.035416666666666666,57605.0,17.0,F##4,67,1,0,0.2342924326658249,False,0.1588292270898819,False,0.27902907133102417,False
1615,p0n1814,49,0.9270833333333334,0.035416666666666666,57622.0,17.0,C#5,73,1,0,0.5512283444404602,True,0.7748680114746094,True,0.4874003231525421,False
1616,p0n1815,49,0.9625,0.36875,57639.0,177.0,E5,76,1,0,0.05007060617208481,False,0.13523101806640625,False,0.27996358275413513,False
1617,p0n1818,49,0.9979166666666667,0.3333333333333333,57656.0,160.0,C#5,73,1,0,0.5732765793800354,True,0.4891371428966522,False,0.4022235870361328,False
1618,p0n1817,49,0.9979166666666667,0.3333333333333333,57656.0,160.0,A4,69,1,0,0.603958249092102,True,0.42333024740219116,False,0.3630354702472687,False
1619,p0n1816,49,0.9979166666666667,0.3333333333333333,57656.0,160.0,F##4,67,1,0,0.4209860563278198,False,0.20464475452899933,False,0.28783461451530457,False
1620,p0n1821,49,1.0,1.0,57657.0,480.0,A5,81,1,0,0.9022419452667236,True,0.5096355080604553,True,0.29063791036605835,False
1621,p0n1820,49,1.0,1.0,57657.0,480.0,F##5,79,1,0,0.19735614955425262,False,0.13864585757255554,False,0.2766396105289459,False
1622,p0n1822,49,1.0,0.3333333333333333,57657.0,160.0,G#4,68,2,0,0.5491439700126648,True,0.3328748047351837,False,0.3397000730037689,False
1623,p0n1823,49,1.33125,0.06666666666666667,57816.0,32.0,F##5,79,1,0,0.20634597539901733,False,0.14358969032764435,False,0.2779726982116699,False
1624,p0n1824,49,1.3333333333333333,0.3333333333333333,57817.0,160.0,G#5,80,2,0,0.7127400040626526,True,0.30595657229423523,False,0.321465402841568,False
1625,p0n1825,49,1.3979166666666667,0.06666666666666667,57848.0,32.0,F##5,79,1,0,0.5539900660514832,True,0.33142149448394775,False,0.33286580443382263,False
1626,p0n1826,49,1.4645833333333333,0.06666666666666667,57880.0,32.0,E5,76,1,0,0.04388615861535072,False,0.13728545606136322,False,0.28007271885871887,False
1627,p0n1827,49,1.53125,0.06666666666666667,57912.0,32.0,C#5,73,1,0,0.5448679327964783,True,0.6386497616767883,True,0.5063518285751343,True
1628,p0n1829,49,1.5979166666666667,0.06666666666666667,57944.0,32.0,A4,69,1,0,0.6417170763015747,True,0.5479077696800232,True,0.37641260027885437,False
1629,p0n1828,49,1.5979166666666667,0.06666666666666667,57944.0,32.0,F##4,67,1,0,0.3379680812358856,False,0.20110608637332916,False,0.2861761748790741,False
1630,p0n1835,49,1.6645833333333333,0.3333333333333333,57976.0,160.0,B5,83,1,0,0.29305586218833923,False,0.1176801472902298,False,0.2874346673488617,False
1631,p0n1834,49,1.6645833333333333,0.3333333333333333,57976.0,160.0,A5,81,1,0,0.770024299621582,True,0.6672127842903137,True,0.3556676506996155,False
1632,p0n1833,49,1.6645833333333333,0.3333333333333333,57976.0,160.0,F#5,78,1,0,0.30501794815063477,False,0.22026681900024414,False,0.2884051203727722,False
1633,p0n1832,49,1.6645833333333333,0.3333333333333333,57976.0,160.0,D#5,75,1,0,0.8689411878585815,True,0.8094921112060547,True,0.5007877349853516,True
1634,p0n1831,49,1.6645833333333333,0.3333333333333333,57976.0,160.0,B4,71,1,0,0.8014892935752869,True,0.3741634488105774,False,0.3360857665538788,False
1635,p0n1830,49,1.6645833333333333,0.3333333333333333,57976.0,160.0,A4,69,1,0,0.4113312363624573,False,0.3423810601234436,False,0.34687474370002747,False
1636,p0n1836,49,1.6666666666666667,0.3333333333333333,57977.0,160.0,G#4,68,2,0,0.40517252683639526,False,0.14027906954288483,False,0.2802053391933441,False
1637,p0n1842,50,0.0,0.1,58137.0,48.0,B5,83,1,0,0.4258163571357727,False,0.10073451697826385,False,0.285844624042511,False
1638,p0n1841,50,0.0,0.1,58137.0,48.0,A5,81,1,0,0.8010404109954834,True,0.41041409969329834,False,0.3397359549999237,False
1639,p0n1840,50,0.0,0.1,58137.0,48.0,F#5,78,1,0,0.4548758864402771,False,0.23717866837978363,False,0.2908817231655121,False
1640,p0n1839,50,0.0,0.1,58137.0,48.0,D#5,75,1,0,0.8341302871704102,True,0.60566246509552,True,0.41338619589805603,False
1641,p0n1838,50,0.0,0.1,58137.0,48.0,B4,71,1,0,0.8435153365135193,True,0.1572290062904358,False,0.2927604019641876,False
1642,p0n1837,50,0.0,0.1,58137.0,48.0,A4,69,1,0,0.29144272208213806,False,0.24718743562698364,False,0.3154464066028595,False
1643,p0n1843,50,0.0,0.5,58137.0,240.0,G#3,56,2,0,0.5107642412185669,True,0.2678946554660797,False,0.2982061505317688,False
1644,p0n1845,50,0.1,0.1,58185.0,48.0,A5,81,1,0,0.7194703817367554,True,0.4709964096546173,False,0.3739185333251953,False
1645,p0n1846,50,0.2,0.1,58233.0,48.0,F#5,78,1,0,0.37962380051612854,False,0.29200029373168945,False,0.3058980107307434,False
1646,p0n1847,50,0.3,0.1,58281.0,48.0,D#5,75,1,0,0.8917314410209656,True,0.8571986556053162,True,0.5198485851287842,True
1647,p0n1849,50,0.4,0.1,58329.0,48.0,B4,71,1,0,0.8907172679901123,True,0.20231996476650238,False,0.2981550693511963,False
1648,p0n1848,50,0.4,0.1,58329.0,48.0,A4,69,1,0,0.5778674483299255,True,0.47590339183807373,False,0.37208297848701477,False
1649,p0n1851,50,0.5,0.5,58377.0,240.0,G#4,68,2,0,0.33261197805404663,False,0.1442561149597168,False,0.28202974796295166,False
1650,p0n1852,50,0.6,0.1,58425.0,48.0,A4,69,1,0,0.7141047716140747,True,0.5929785370826721,True,0.4462784230709076,False
1651,p0n1853,50,0.7,0.1,58473.0,48.0,F#4,66,1,0,0.11282569169998169,False,0.16667556762695312,False,0.2795411944389343,False
1652,p0n1854,50,0.8,0.1,58521.0,48.0,D#4,63,1,0,0.6090722680091858,True,0.8525429368019104,True,0.3955130875110626,False
1653,p0n1856,50,0.9,0.1,58569.0,48.0,B3,59,1,0,0.9527364373207092,True,0.308896541595459,False,0.31030890345573425,False
1654,p0n1855,50,0.9,0.1,58569.0,48.0,A3,57,1,0,0.9240344166755676,True,0.767195463180542,True,0.48064351081848145,False
1655,p0n1858,50,1.0,0.5,58617.0,240.0,G#2,44,2,0,0.5134019255638123,True,0.2024165838956833,False,0.2654770612716675,False
1656,p0n1860,50,1.1104166666666666,0.11041666666666666,58670.0,53.0,B3,59,1,0,0.9286713004112244,True,0.19230018556118011,False,0.2944568991661072,False
1657,p0n1859,50,1.1104166666666666,0.11041666666666666,58670.0,53.0,A3,57,1,0,0.8024166226387024,True,0.7215874791145325,True,0.4576762020587921,False
1658,p0n1861,50,1.2208333333333334,0.11041666666666666,58723.0,53.0,F#3,54,1,0,0.2951795756816864,False,0.2469068169593811,False,0.29534634947776794,False
1659,p0n1862,50,1.33125,0.11041666666666666,58776.0,53.0,D#3,51,1,0,0.7577487826347351,True,0.8890376687049866,True,0.5294187664985657,True
1660,p0n1864,50,1.4416666666666667,0.11041666666666666,58829.0,53.0,B2,47,1,0,0.8392902612686157,True,0.4219021499156952,False,0.31257593631744385,False
1661,p0n1863,50,1.4416666666666667,0.11041666666666666,58829.0,53.0,A2,45,1,0,0.5323927998542786,True,0.7697507739067078,True,0.44365832209587097,False
1662,p0n1865,50,1.5,0.5,58857.0,240.0,G#1,32,2,0,0.5877479314804077,True,0.6108981370925903,True,0.5665931701660156,True
1663,p0n1867,50,1.5520833333333333,0.11041666666666666,58882.0,53.0,B2,47,1,0,0.8042545914649963,True,0.2600719630718231,False,0.2781173288822174,False
1664,p0n1866,50,1.5520833333333333,0.11041666666666666,58882.0,53.0,A2,45,1,0,0.3214476406574249,False,0.23105034232139587,False,0.30990511178970337,False
1665,p0n1868,50,1.6625,0.11041666666666666,58935.0,53.0,F#2,42,1,0,0.731005072593689,True,0.34418627619743347,False,0.3050161600112915,False
1666,p0n1869,50,1.7729166666666667,0.11041666666666666,58988.0,53.0,D#2,39,1,0,0.9154156446456909,True,0.886511504650116,True,0.5471256375312805,True
1667,p0n1871,50,1.8833333333333333,0.11041666666666666,59041.0,53.0,B1,35,1,0,0.927987277507782,True,0.33250346779823303,False,0.3075450360774994,False
1668,p0n1870,50,1.8833333333333333,0.11041666666666666,59041.0,53.0,A1,33,1,0,0.7398080229759216,True,0.8854243755340576,True,0.6802836656570435,True
1669,p0n1875,51,0.0,0.3333333333333333,59097.0,160.0,C#1,25,2,0,0.8680043816566467,True,0.8713390827178955,True,0.7357073426246643,True
1670,p0n1877,51,0.3333333333333333,0.3333333333333333,59257.0,160.0,G#1,32,2,0,0.7509607076644897,True,0.5872597694396973,True,0.4735009968280792,False
1671,p0n1879,51,0.5,0.07083333333333333,59337.0,34.0,A3,57,1,0,0.7667996287345886,True,0.5881745219230652,True,0.4151535630226135,False
1672,p0n1878,51,0.5,0.07083333333333333,59337.0,34.0,F##3,55,1,0,0.6530433297157288,True,0.572912335395813,True,0.378020703792572,False
1673,p0n1880,51,0.5708333333333333,0.07083333333333333,59371.0,34.0,C#4,61,1,0,0.5930448770523071,True,0.27386945486068726,False,0.31956055760383606,False
1674,p0n1881,51,0.6416666666666667,0.07083333333333333,59405.0,34.0,E4,64,1,0,0.029310276731848717,False,0.1371692270040512,False,0.2796286940574646,False
1675,p0n1882,51,0.6666666666666666,0.3333333333333333,59417.0,160.0,G#2,44,2,0,0.3886765241622925,False,0.14432498812675476,False,0.282181054353714,False
1676,p0n1884,51,0.7125,0.07083333333333333,59439.0,34.0,A4,69,1,0,0.801740288734436,True,0.643192708492279,True,0.4423464238643646,False
1677,p0n1883,51,0.7125,0.07083333333333333,59439.0,34.0,F##4,67,1,0,0.2730250954627991,False,0.17967402935028076,False,0.282173216342926,False
1678,p0n1886,51,0.7833333333333333,0.07083333333333333,59473.0,34.0,A4,69,1,0,0.7322501540184021,True,0.5832533240318298,True,0.4384755790233612,False
1679,p0n1885,51,0.7833333333333333,0.07083333333333333,59473.0,34.0,F##4,67,1,0,0.14832930266857147,False,0.1396447718143463,False,0.2762543261051178,False
1680,p0n1887,51,0.8541666666666666,0.07083333333333333,59507.0,34.0,C#5,73,1,0,0.48665541410446167,False,0.3238982856273651,False,0.3305678367614746,False
1681,p0n1888,51,0.925,0.4041666666666667,59541.0,194.0,E5,76,1,0,0.020350074395537376,False,0.13478240370750427,False,0.2794649302959442,False
1682,p0n1891,51,0.9958333333333333,0.3333333333333333,59575.0,160.0,C#5,73,1,0,0.4511156976222992,False,0.2352612316608429,False,0.30585977435112,False
1683,p0n1890,51,0.9958333333333333,0.3333333333333333,59575.0,160.0,A4,69,1,0,0.6777392625808716,True,0.44695791602134705,False,0.3686571717262268,False
1684,p0n1889,51,0.9958333333333333,0.3333333333333333,59575.0,160.0,F##4,67,1,0,0.34954705834388733,False,0.19068290293216705,False,0.28475430607795715,False
1685,p0n1894,51,1.0,1.0,59577.0,480.0,A5,81,1,0,0.8747673630714417,True,0.5941211581230164,True,0.3144795596599579,False
1686,p0n1893,51,1.0,1.0,59577.0,480.0,F##5,79,1,0,0.16339176893234253,False,0.1322261393070221,False,0.27612072229385376,False
1687,p0n1895,51,1.0,0.3333333333333333,59577.0,160.0,G#4,68,2,0,0.3083254098892212,False,0.14694146811962128,False,0.28242960572242737,False
1688,p0n1896,51,1.3291666666666666,0.06666666666666667,59735.0,32.0,F##5,79,1,0,0.2870870530605316,False,0.16075754165649414,False,0.28080999851226807,False
1689,p0n1897,51,1.3333333333333333,0.3333333333333333,59737.0,160.0,G#5,80,2,0,0.885711133480072,True,0.47609686851501465,False,0.3761669397354126,False
1690,p0n1898,51,1.3958333333333333,0.06666666666666667,59767.0,32.0,F##5,79,1,0,0.8255969882011414,True,0.6868225336074829,True,0.5258641242980957,True
1691,p0n1899,51,1.4625,0.06666666666666667,59799.0,32.0,E5,76,1,0,0.012229247950017452,False,0.13405822217464447,False,0.27929067611694336,False
1692,p0n1900,51,1.5291666666666666,0.06666666666666667,59831.0,32.0,C#5,73,1,0,0.3921329379081726,False,0.2675924599170685,False,0.3123708665370941,False
1693,p0n1902,51,1.5958333333333334,0.06666666666666667,59863.0,32.0,A4,69,1,0,0.6215466856956482,True,0.5391248464584351,True,0.3951067328453064,False
1694,p0n1901,51,1.5958333333333334,0.06666666666666667,59863.0,32.0,F##4,67,1,0,0.6858751177787781,True,0.8343759179115295,True,0.5189881324768066,True
1695,p0n1908,51,1.6625,0.3333333333333333,59895.0,160.0,B5,83,1,0,0.5251393914222717,True,0.20031437277793884,False,0.29604634642601013,False
1696,p0n1907,51,1.6625,0.3333333333333333,59895.0,160.0,A5,81,1,0,0.883339524269104,True,0.7016054391860962,True,0.3572429120540619,False
1697,p0n1906,51,1.6625,0.3333333333333333,59895.0,160.0,F#5,78,1,0,0.1029735878109932,False,0.1438426524400711,False,0.2765434682369232,False
1698,p0n1905,51,1.6625,0.3333333333333333,59895.0,160.0,D#5,75,1,0,0.8495861291885376,True,0.8012400269508362,True,0.5054308772087097,True
1699,p0n1904,51,1.6625,0.3333333333333333,59895.0,160.0,B4,71,1,0,0.7377883791923523,True,0.319579541683197,False,0.3360802233219147,False
1700,p0n1903,51,1.6625,0.3333333333333333,59895.0,160.0,A4,69,1,0,0.2595861852169037,False,0.24922898411750793,False,0.3162241280078888,False
1701,p0n1909,51,1.6666666666666667,0.3333333333333333,59897.0,160.0,G#4,68,2,0,0.2779252827167511,False,0.12185809761285782,False,0.2778966724872589,False
1702,p0n1915,52,0.0,0.1,60057.0,48.0,B5,83,1,0,0.5532332062721252,True,0.103353351354599,False,0.2863723039627075,False
1703,p0n1914,52,0.0,0.1,60057.0,48.0,A5,81,1,0,0.8384402990341187,True,0.490451455116272,False,0.3563671112060547,False
1704,p0n1913,52,0.0,0.1,60057.0,48.0,F#5,78,1,0,0.2567939758300781,False,0.17178988456726074,False,0.28039294481277466,False
1705,p0n1912,52,0.0,0.1,60057.0,48.0,D#5,75,1,0,0.9158684611320496,True,0.6852366328239441,True,0.435910701751709,False
1706,p0n1911,52,0.0,0.1,60057.0,48.0,B4,71,1,0,0.8871619701385498,True,0.13177724182605743,False,0.2902788519859314,False
1707,p0n1910,52,0.0,0.1,60057.0,48.0,A4,69,1,0,0.1512070596218109,False,0.18040180206298828,False,0.29877758026123047,False
1708,p0n1916,52,0.0,0.5,60057.0,240.0,G#3,56,2,0,0.5411396622657776,True,0.5112806558609009,True,0.32659912109375,False
1709,p0n1918,52,0.1,0.1,60105.0,48.0,A5,81,1,0,0.6304853558540344,True,0.621394693851471,True,0.35217952728271484,False
1710,p0n1919,52,0.2,0.1,60153.0,48.0,F#5,78,1,0,0.1793331652879715,False,0.16556021571159363,False,0.2805967628955841,False
1711,p0n1920,52,0.3,0.1,60201.0,48.0,D#5,75,1,0,0.9405295252799988,True,0.911412239074707,True,0.6392112374305725,True
1712,p0n1922,52,0.4,0.1,60249.0,48.0,B4,71,1,0,0.9252994060516357,True,0.10578107833862305,False,0.29108989238739014,False
1713,p0n1921,52,0.4,0.1,60249.0,48.0,A4,69,1,0,0.934650719165802,True,0.6546719670295715,True,0.4367866814136505,False
1714,p0n1924,52,0.5,0.5,60297.0,240.0,G#4,68,2,0,0.16531579196453094,False,0.11326298117637634,False,0.27750730514526367,False
1715,p0n1925,52,0.6,0.1,60345.0,48.0,A4,69,1,0,0.9388959407806396,True,0.6688389778137207,True,0.49290731549263,False
1716,p0n1926,52,0.7,0.1,60393.0,48.0,F#4,66,1,0,0.14717711508274078,False,0.15974703431129456,False,0.27885183691978455,False
1717,p0n1927,52,0.8,0.1,60441.0,48.0,D#4,63,1,0,0.8670274019241333,True,0.8672711253166199,True,0.44952481985092163,False
1718,p0n1929,52,0.9,0.1,60489.0,48.0,B3,59,1,0,0.9775295257568359,True,0.11558809131383896,False,0.2910846471786499,False
1719,p0n1928,52,0.9,0.1,60489.0,48.0,A3,57,1,0,0.7181999683380127,True,0.5531853437423706,True,0.3469727635383606,False
1720,p0n1931,52,1.0,0.5,60537.0,240.0,G#2,44,2,0,0.24693217873573303,False,0.11732930690050125,False,0.27773043513298035,False
1721,p0n1933,52,1.1104166666666666,0.11041666666666666,60590.0,53.0,B3,59,1,0,0.9810835719108582,True,0.10352107882499695,False,0.28653839230537415,False
1722,p0n1932,52,1.1104166666666666,0.11041666666666666,60590.0,53.0,A3,57,1,0,0.8335590362548828,True,0.7013630270957947,True,0.47058865427970886,False
1723,p0n1934,52,1.2208333333333334,0.11041666666666666,60643.0,53.0,F#3,54,1,0,0.3443272113800049,False,0.24657560884952545,False,0.29571229219436646,False
1724,p0n1935,52,1.33125,0.11041666666666666,60696.0,53.0,D#3,51,1,0,0.863308846950531,True,0.8908833861351013,True,0.48561564087867737,False
1725,p0n1937,52,1.4416666666666667,0.11041666666666666,60749.0,53.0,B2,47,1,0,0.6986304521560669,True,0.25310054421424866,False,0.2972155809402466,False
1726,p0n1936,52,1.4416666666666667,0.11041666666666666,60749.0,53.0,A2,45,1,0,0.17404985427856445,False,0.18297302722930908,False,0.29866674542427063,False
1727,p0n1938,52,1.5,0.5,60777.0,240.0,G#1,32,2,0,0.7565457224845886,True,0.6651387810707092,True,0.5133414268493652,True
1728,p0n1940,52,1.5520833333333333,0.11041666666666666,60802.0,53.0,B2,47,1,0,0.77989262342453,True,0.2462090700864792,False,0.28394222259521484,False
1729,p0n1939,52,1.5520833333333333,0.11041666666666666,60802.0,53.0,A2,45,1,0,0.1675213724374771,False,0.17498324811458588,False,0.2965990900993347,False
1730,p0n1941,52,1.6625,0.11041666666666666,60855.0,53.0,F#2,42,1,0,0.3907163441181183,False,0.2370745986700058,False,0.2939068078994751,False
1731,p0n1942,52,1.7729166666666667,0.11041666666666666,60908.0,53.0,D#2,39,1,0,0.9265435934066772,True,0.8522316217422485,True,0.5277873873710632,True
1732,p0n1944,52,1.8833333333333333,0.11041666666666666,60961.0,53.0,B1,35,1,0,0.9583927989006042,True,0.3524762690067291,False,0.3044179379940033,False
1733,p0n1943,52,1.8833333333333333,0.11041666666666666,60961.0,53.0,A1,33,1,0,0.7288240790367126,True,0.7163110971450806,True,0.5692869424819946,True
1734,p0n1948,53,0.0,0.3333333333333333,61017.0,160.0,C#1,25,2,0,0.8421586751937866,True,0.7141173481941223,True,0.6577754616737366,True
1735,p0n1949,53,0.3333333333333333,0.3333333333333333,61177.0,160.0,G#1,32,2,0,0.7120141983032227,True,0.4903189539909363,False,0.3332425653934479,False
1736,p0n1952,53,0.6666666666666666,0.3333333333333333,61337.0,160.0,G#2,44,2,0,0.5619634985923767,True,0.6015057563781738,True,0.3184775412082672,False
1737,p0n1953,53,0.75,2.0,61377.0,960.0,A3,57,1,0,0.9268156290054321,True,0.8938025832176208,True,0.6078555583953857,True
1738,p0n1954,53,0.75,3.25,61377.0,1560.0,E#3,53,1,0,0.789540708065033,True,0.9595445394515991,True,0.7566713690757751,True
1739,p0n1957,53,1.0,0.5,61497.0,240.0,G#3,56,2,0,0.8702741265296936,True,0.4503941833972931,False,0.33431559801101685,False
1740,p0n1958,53,1.5,0.5,61737.0,240.0,G#2,44,2,0,0.6232956051826477,True,0.38167718052864075,False,0.28276798129081726,False
1741,p0n1961,54,0.0,0.5,61977.0,240.0,G#1,32,2,0,0.7732269763946533,True,0.32185792922973633,False,0.300521582365036,False
1742,p0n1963,54,0.5,0.5,62217.0,240.0,G#2,44,2,0,0.6445059180259705,True,0.33788207173347473,False,0.2782047688961029,False
1743,p0n1964,54,0.75,1.25,62337.0,600.0,B3,59,1,0,0.9099299907684326,True,0.40303006768226624,False,0.35014018416404724,False
1744,p0n1966,54,1.0,0.5,62457.0,240.0,G#3,56,2,0,0.9011614918708801,True,0.49778205156326294,False,0.30998101830482483,False
1745,p0n1967,54,1.5,0.5,62697.0,240.0,G#2,44,2,0,0.47251129150390625,False,0.17729739844799042,False,0.28913944959640503,False
1746,p0n1969,55,0.00625,0.3333333333333333,62940.0,160.0,C#1,25,2,0,0.8230555057525635,True,0.898135781288147,True,0.7904817461967468,True
1747,p0n1971,55,0.11041666666666666,0.11041666666666666,62990.0,53.0,E#2,41,1,0,0.7702683210372925,True,0.6656681895256042,True,0.5101782083511353,True
1748,p0n1972,55,0.22083333333333333,0.11041666666666666,63043.0,53.0,G#2,44,1,0,0.36824434995651245,False,0.12068381160497665,False,0.27825990319252014,False
1749,p0n1973,55,0.33125,0.11041666666666666,63096.0,53.0,A#2,46,1,0,0.56006920337677,True,0.49090591073036194,False,0.30570200085639954,False
1750,p0n1974,55,0.33958333333333335,0.3333333333333333,63100.0,160.0,G#1,32,2,0,0.8175001740455627,True,0.4386054277420044,False,0.32223284244537354,False
1751,p0n1975,55,0.44166666666666665,0.11041666666666666,63149.0,53.0,D#3,51,1,0,0.8685022592544556,True,0.6521154642105103,True,0.39113345742225647,False
1752,p0n1976,55,0.5520833333333334,0.11041666666666666,63202.0,53.0,E#3,53,1,0,0.5205119252204895,True,0.24778123199939728,False,0.3196238577365875,False
1753,p0n1977,55,0.6625,0.11041666666666666,63255.0,53.0,A#3,58,1,0,0.06758080422878265,False,0.11459269374608994,False,0.2721691429615021,False
1754,p0n1978,55,0.6729166666666667,0.3333333333333333,63260.0,160.0,G#2,44,2,0,0.2454950213432312,False,0.1314627081155777,False,0.2806094288825989,False
1755,p0n1979,55,0.7729166666666667,0.11041666666666666,63308.0,53.0,D#4,63,1,0,0.8325934410095215,True,0.7473687529563904,True,0.45683959126472473,False
1756,p0n1980,55,0.8833333333333333,0.11041666666666666,63361.0,53.0,C#4,61,1,0,0.2087567299604416,False,0.15520624816417694,False,0.286720335483551,False
1757,p0n1982,55,1.00625,0.5,63420.0,240.0,G#3,56,2,0,0.8253688812255859,True,0.9162192940711975,True,0.6070241928100586,True
1758,p0n1983,55,1.1375,0.14375,63483.0,69.0,E#3,53,1,0,0.5931081175804138,True,0.46806037425994873,False,0.3968258798122406,False
1759,p0n1984,55,1.28125,0.14375,63552.0,69.0,G#3,56,1,0,0.9250854253768921,True,0.6110199689865112,True,0.41590583324432373,False
1760,p0n1985,55,1.425,0.14375,63621.0,69.0,D#4,63,1,0,0.852378785610199,True,0.685232937335968,True,0.401472806930542,False
1761,p0n1987,55,1.56875,0.14375,63690.0,69.0,C#4,61,1,0,0.19119136035442352,False,0.14285816252231598,False,0.28365132212638855,False
1762,p0n1988,55,1.7125,0.14375,63759.0,69.0,A#3,58,1,0,0.1854558289051056,False,0.12517422437667847,False,0.27478525042533875,False
1763,p0n1989,55,1.85625,0.14375,63828.0,69.0,E#3,53,1,0,0.49130162596702576,False,0.337584525346756,False,0.33240559697151184,False
1764,p0n1991,55,2.00625,0.5,63900.0,240.0,A#4,70,2,0,0.11038384586572647,False,0.14258968830108643,False,0.27325254678726196,False
1765,p0n1992,55,2.14375,0.14375,63966.0,69.0,E#3,53,1,0,0.5566380023956299,True,0.43266376852989197,False,0.3833729326725006,False
1766,p0n1993,55,2.2875,0.14375,64035.0,69.0,G#3,56,1,0,0.9323189854621887,True,0.6593214869499207,True,0.43868741393089294,False
1767,p0n1994,55,2.43125,0.14375,64104.0,69.0,D#4,63,1,0,0.9103233814239502,True,0.801600992679596,True,0.471673846244812,False
1768,p0n1996,55,2.575,0.14375,64173.0,69.0,C#4,61,1,0,0.2030756026506424,False,0.14361092448234558,False,0.2840054929256439,False
1769,p0n1997,55,2.71875,0.14375,64242.0,69.0,A#3,58,1,0,0.3513317108154297,False,0.1392173320055008,False,0.27831754088401794,False
1770,p0n1998,55,2.8625,0.14375,64311.0,69.0,E#3,53,1,0,0.46225133538246155,False,0.3200950622558594,False,0.326702743768692,False
1771,p0n2002,56,0.01875,1.0,64389.0,480.0,G#1,32,2,0,0.7713539600372314,True,0.5219720602035522,True,0.45563191175460815,False
1772,p0n2003,56,0.14375,0.14375,64449.0,69.0,E#3,53,1,0,0.5639920830726624,True,0.4327234625816345,False,0.3838191330432892,False
1773,p0n2004,56,0.2875,0.14375,64518.0,69.0,G#3,56,1,0,0.9341016411781311,True,0.6296298503875732,True,0.4332501292228699,False
1774,p0n2005,56,0.43125,0.14375,64587.0,69.0,D#4,63,1,0,0.9271954298019409,True,0.7894439101219177,True,0.4669225811958313,False
1775,p0n2006,56,0.575,0.14375,64656.0,69.0,C#4,61,1,0,0.2134476900100708,False,0.14417701959609985,False,0.28415942192077637,False
1776,p0n2007,56,0.71875,0.14375,64725.0,69.0,A#3,58,1,0,0.3322739899158478,False,0.1377294957637787,False,0.27782416343688965,False
1777,p0n2008,56,0.8625,0.14375,64794.0,69.0,E#3,53,1,0,0.478991836309433,False,0.33025267720222473,False,0.33010536432266235,False
1778,p0n2010,56,1.01875,0.5,64869.0,240.0,G#4,68,2,0,0.5019435286521912,True,0.6280016303062439,True,0.4498441815376282,False
1779,p0n2012,56,1.15,0.14375,64932.0,69.0,E#3,53,1,0,0.5988759994506836,True,0.4531412422657013,False,0.3939726650714874,False
1780,p0n2013,56,1.29375,0.14375,65001.0,69.0,G#3,56,1,0,0.9332482218742371,True,0.6696041226387024,True,0.4584168791770935,False
1781,p0n2014,56,1.4375,0.14375,65070.0,69.0,D#4,63,1,0,0.9347690343856812,True,0.7955883741378784,True,0.4658215641975403,False
1782,p0n2016,56,1.58125,0.14375,65139.0,69.0,C#4,61,1,0,0.20715290307998657,False,0.14721105992794037,False,0.2845039367675781,False
1783,p0n2017,56,1.725,0.14375,65208.0,69.0,A#3,58,1,0,0.3987765610218048,False,0.14579613506793976,False,0.27963998913764954,False
1784,p0n2018,56,1.86875,0.14375,65277.0,69.0,E#3,53,1,0,0.44393253326416016,False,0.3038964569568634,False,0.32098060846328735,False
1785,p0n2020,56,2.01875,0.5,65349.0,240.0,A#3,58,2,0,0.2241828441619873,False,0.1301712691783905,False,0.27559274435043335,False
1786,p0n2021,56,2.15625,0.14375,65415.0,69.0,E#3,53,1,0,0.5207955837249756,True,0.3562784194946289,False,0.3561454713344574,False
1787,p0n2022,56,2.3,0.14375,65484.0,69.0,G#3,56,1,0,0.9482852220535278,True,0.7438775897026062,True,0.4904254674911499,False
1788,p0n2023,56,2.44375,0.14375,65553.0,69.0,D#4,63,1,0,0.9198604226112366,True,0.7853894233703613,True,0.4761056900024414,False
1789,p0n2025,56,2.5875,0.14375,65622.0,69.0,C#4,61,1,0,0.21427597105503082,False,0.1429753303527832,False,0.28394120931625366,False
1790,p0n2026,56,2.73125,0.14375,65691.0,69.0,A#3,58,1,0,0.3455572724342346,False,0.13962166011333466,False,0.27810046076774597,False
1791,p0n2027,56,2.875,0.14375,65760.0,69.0,E#3,53,1,0,0.44023483991622925,False,0.6473726630210876,True,0.46509355306625366,False
1792,p0n2031,57,0.01875,1.0,65838.0,480.0,C#2,37,2,0,0.8206890821456909,True,0.8538556098937988,True,0.7141464948654175,True
1793,p0n2032,57,0.14375,0.14375,65898.0,69.0,E#3,53,1,0,0.5669227242469788,True,0.5644693374633789,True,0.4561023414134979,False
1794,p0n2033,57,0.2875,0.14375,65967.0,69.0,G#3,56,1,0,0.9544703364372253,True,0.6263889074325562,True,0.4336468279361725,False
1795,p0n2034,57,0.43125,0.14375,66036.0,69.0,D#4,63,1,0,0.926600992679596,True,0.8188889026641846,True,0.4802868664264679,False
1796,p0n2035,57,0.575,0.14375,66105.0,69.0,C#4,61,1,0,0.19117459654808044,False,0.14231133460998535,False,0.28368332982063293,False
1797,p0n2036,57,0.71875,0.14375,66174.0,69.0,A#3,58,1,0,0.2776886820793152,False,0.13248556852340698,False,0.27633383870124817,False
1798,p0n2037,57,0.8625,0.14375,66243.0,69.0,E#3,53,1,0,0.5043929815292358,True,0.36496874690055847,False,0.3668772280216217,False
1799,p0n2039,57,1.01875,0.5,66318.0,240.0,G#3,56,2,0,0.9626704454421997,True,0.7004677653312683,True,0.47486478090286255,False
1800,p0n2041,57,1.15,0.14375,66381.0,69.0,E#3,53,1,0,0.5961155295372009,True,0.48832523822784424,False,0.40804821252822876,False
1801,p0n2042,57,1.29375,0.14375,66450.0,69.0,G#3,56,1,0,0.9258977770805359,True,0.6163867115974426,True,0.4180864095687866,False
1802,p0n2043,57,1.4375,0.14375,66519.0,69.0,D#4,63,1,0,0.9519963264465332,True,0.8075733780860901,True,0.4560585618019104,False
1803,p0n2045,57,1.58125,0.14375,66588.0,69.0,C#4,61,1,0,0.3167163133621216,False,0.15876762568950653,False,0.2876219153404236,False
1804,p0n2046,57,1.725,0.14375,66657.0,69.0,A#3,58,1,0,0.3671377897262573,False,0.10450846701860428,False,0.27405205368995667,False
1805,p0n2047,57,1.86875,0.14375,66726.0,69.0,E#3,53,1,0,0.4640272259712219,False,0.24972397089004517,False,0.3069245517253876,False
1806,p0n2049,57,2.01875,0.5,66798.0,240.0,A#4,70,2,0,0.10980813205242157,False,0.11477119475603104,False,0.27296847105026245,False
1807,p0n2050,57,2.15625,0.14375,66864.0,69.0,E#3,53,1,0,0.5525646805763245,True,0.46340852975845337,False,0.365832656621933,False
1808,p0n2051,57,2.3,0.14375,66933.0,69.0,G#3,56,1,0,0.9750033617019653,True,0.5650076270103455,True,0.3917653560638428,False
1809,p0n2052,57,2.44375,0.14375,67002.0,69.0,D#4,63,1,0,0.9465935826301575,True,0.669560432434082,True,0.3949374854564667,False
1810,p0n2054,57,2.5875,0.14375,67071.0,69.0,C#4,61,1,0,0.1934385597705841,False,0.13902582228183746,False,0.28289878368377686,False
1811,p0n2055,57,2.73125,0.14375,67140.0,69.0,A#3,58,1,0,0.34180396795272827,False,0.2804564833641052,False,0.30055370926856995,False
1812,p0n2056,57,2.875,0.14375,67209.0,69.0,E#3,53,1,0,0.5420470237731934,True,0.3725545406341553,False,0.369630366563797,False
1813,p0n2060,58,0.01875,1.0,67287.0,480.0,G#2,44,2,0,0.5624217987060547,True,0.6240861415863037,True,0.3968585133552551,False
1814,p0n2061,58,0.14375,0.14375,67347.0,69.0,E#3,53,1,0,0.5574437975883484,True,0.43624386191368103,False,0.382218599319458,False
1815,p0n2062,58,0.2875,0.14375,67416.0,69.0,G#3,56,1,0,0.9645618200302124,True,0.5848277807235718,True,0.3787764608860016,False
1816,p0n2063,58,0.43125,0.14375,67485.0,69.0,D#4,63,1,0,0.9290473461151123,True,0.8103997111320496,True,0.47424131631851196,False
1817,p0n2064,58,0.575,0.14375,67554.0,69.0,C#4,61,1,0,0.24050983786582947,False,0.1484399437904358,False,0.2850419580936432,False
1818,p0n2065,58,0.71875,0.14375,67623.0,69.0,A#3,58,1,0,0.4668132960796356,False,0.15320414304733276,False,0.28206974267959595,False
1819,p0n2066,58,0.8625,0.14375,67692.0,69.0,E#3,53,1,0,0.44833672046661377,False,0.3082888424396515,False,0.3227916359901428,False
1820,p0n2068,58,1.01875,0.5,67767.0,240.0,G#4,68,2,0,0.5509251952171326,True,0.6152610182762146,True,0.39226895570755005,False
1821,p0n2070,58,1.15,0.14375,67830.0,69.0,E#3,53,1,0,0.537688136100769,True,0.4858049154281616,False,0.3846761882305145,False
1822,p0n2071,58,1.29375,0.14375,67899.0,69.0,G#3,56,1,0,0.9620648622512817,True,0.5997632741928101,True,0.39724424481391907,False
1823,p0n2072,58,1.4375,0.14375,67968.0,69.0,D#4,63,1,0,0.9000146389007568,True,0.7924929857254028,True,0.47682929039001465,False
1824,p0n2074,58,1.58125,0.14375,68037.0,69.0,C#4,61,1,0,0.1790122091770172,False,0.12591895461082458,False,0.28129586577415466,False
1825,p0n2075,58,1.725,0.14375,68106.0,69.0,A#3,58,1,0,0.5614354014396667,True,0.25645366311073303,False,0.2895241677761078,False
1826,p0n2076,58,1.86875,0.14375,68175.0,69.0,E#3,53,1,0,0.4277452528476715,False,0.3000020384788513,False,0.3196859359741211,False
1827,p0n2078,58,2.01875,0.5,68247.0,240.0,A#3,58,2,0,0.3675166964530945,False,0.15475410223007202,False,0.28149911761283875,False
1828,p0n2079,58,2.15625,0.14375,68313.0,69.0,E#3,53,1,0,0.5594401955604553,True,0.5168820023536682,True,0.41098570823669434,False
1829,p0n2080,58,2.3,0.14375,68382.0,69.0,G#3,56,1,0,0.9585061073303223,True,0.4257504642009735,False,0.3271371126174927,False
1830,p0n2081,58,2.44375,0.14375,68451.0,69.0,D#4,63,1,0,0.9104249477386475,True,0.8480421900749207,True,0.5047299861907959,True
1831,p0n2083,58,2.5875,0.14375,68520.0,69.0,C#4,61,1,0,0.14021386206150055,False,0.16227367520332336,False,0.2915915250778198,False
1832,p0n2084,58,2.73125,0.14375,68589.0,69.0,A#3,58,1,0,0.5604029297828674,True,0.1785825937986374,False,0.2774793803691864,False
1833,p0n2085,58,2.875,0.14375,68658.0,69.0,E#3,53,1,0,0.4681936502456665,False,0.32704463601112366,False,0.3286866843700409,False
1834,p0n2089,59,0.01875,1.0,68736.0,480.0,C#3,49,2,0,0.3708368241786957,False,0.28179338574409485,False,0.3194449543952942,False
1835,p0n2090,59,0.14375,0.14375,68796.0,69.0,E#3,53,1,0,0.4983544945716858,False,0.2917301654815674,False,0.31631723046302795,False
1836,p0n2091,59,0.2875,0.14375,68865.0,69.0,G#3,56,1,0,0.9645185470581055,True,0.5946055054664612,True,0.3942771852016449,False
1837,p0n2092,59,0.43125,0.14375,68934.0,69.0,D#4,63,1,0,0.9452912211418152,True,0.8346772193908691,True,0.5064595937728882,True
1838,p0n2093,59,0.575,0.14375,69003.0,69.0,C#4,61,1,0,0.13105793297290802,False,0.14363355934619904,False,0.2831633687019348,False
1839,p0n2094,59,0.71875,0.14375,69072.0,69.0,A#3,58,1,0,0.4868744909763336,False,0.15476888418197632,False,0.282845675945282,False
1840,p0n2095,59,0.8625,0.14375,69141.0,69.0,E#3,53,1,0,0.4083520472049713,False,0.2857843041419983,False,0.31571701169013977,False
1841,p0n2097,59,1.01875,0.5,69216.0,240.0,G#3,56,2,0,0.9715443253517151,True,0.6189742088317871,True,0.38595056533813477,False
1842,p0n2099,59,1.15,0.14375,69279.0,69.0,E#3,53,1,0,0.47185128927230835,False,0.27705177664756775,False,0.3123658299446106,False
1843,p0n2100,59,1.29375,0.14375,69348.0,69.0,G#3,56,1,0,0.9767990708351135,True,0.5458777546882629,True,0.3700008690357208,False
1844,p0n2101,59,1.4375,0.14375,69417.0,69.0,D#4,63,1,0,0.9474092721939087,True,0.7813478112220764,True,0.45678430795669556,False
1845,p0n2103,59,1.58125,0.14375,69486.0,69.0,C#4,61,1,0,0.476809024810791,False,0.14572712779045105,False,0.2860819697380066,False
1846,p0n2104,59,1.725,0.14375,69555.0,69.0,A#3,58,1,0,0.3433913290500641,False,0.1106472760438919,False,0.27400195598602295,False
1847,p0n2105,59,1.86875,0.14375,69624.0,69.0,E#3,53,1,0,0.45173895359039307,False,0.309368371963501,False,0.32236626744270325,False
1848,p0n2107,59,2.01875,0.5,69696.0,240.0,A#4,70,2,0,0.29745540022850037,False,0.11347226798534393,False,0.2745155990123749,False
1849,p0n2108,59,2.15625,0.14375,69762.0,69.0,E#3,53,1,0,0.5492345690727234,True,0.38270288705825806,False,0.3615930378437042,False
1850,p0n2109,59,2.3,0.14375,69831.0,69.0,G#3,56,1,0,0.9294629693031311,True,0.46004632115364075,False,0.3230030834674835,False
1851,p0n2110,59,2.44375,0.14375,69900.0,69.0,D#4,63,1,0,0.9088248610496521,True,0.9263591170310974,True,0.6006556749343872,True
1852,p0n2112,59,2.5875,0.14375,69969.0,69.0,C#4,61,1,0,0.33594876527786255,False,0.1493917554616928,False,0.28573179244995117,False
1853,p0n2113,59,2.73125,0.14375,70038.0,69.0,A#3,58,1,0,0.39609721302986145,False,0.13611458241939545,False,0.2781572937965393,False
1854,p0n2114,59,2.875,0.14375,70107.0,69.0,E#3,53,1,0,0.35415777564048767,False,0.2576426565647125,False,0.307285338640213,False
1855,p0n2118,60,0.0125,1.0,70182.0,480.0,G#3,56,2,0,0.9812331199645996,True,0.5864488482475281,True,0.4005519151687622,False
1856,p0n2119,60,0.14375,0.14375,70245.0,69.0,E#3,53,1,0,0.46068137884140015,False,0.27536115050315857,False,0.31129610538482666,False
1857,p0n2120,60,0.2875,0.14375,70314.0,69.0,G#3,56,1,0,0.9781405925750732,True,0.5259137749671936,True,0.368060827255249,False
1858,p0n2121,60,0.43125,0.14375,70383.0,69.0,D#4,63,1,0,0.8957221508026123,True,0.7741231322288513,True,0.4875997304916382,False
1859,p0n2122,60,0.575,0.14375,70452.0,69.0,C#4,61,1,0,0.17849281430244446,False,0.1423189491033554,False,0.2832871973514557,False
1860,p0n2123,60,0.71875,0.14375,70521.0,69.0,A#3,58,1,0,0.23355968296527863,False,0.12760135531425476,False,0.2752592861652374,False
1861,p0n2124,60,0.8625,0.14375,70590.0,69.0,E#3,53,1,0,0.42142412066459656,False,0.29702019691467285,False,0.3185935616493225,False
1862,p0n2126,60,1.0125,0.5,70662.0,240.0,G#3,56,2,0,0.97359699010849,True,0.6004714369773865,True,0.4230843782424927,False
1863,p0n2128,60,1.15,0.14375,70728.0,69.0,E#3,53,1,0,0.5387318134307861,True,0.41734716296195984,False,0.3752670884132385,False
1864,p0n2129,60,1.29375,0.14375,70797.0,69.0,G#3,56,1,0,0.9483215808868408,True,0.54079669713974,True,0.3897680342197418,False
1865,p0n2130,60,1.4375,0.14375,70866.0,69.0,D#4,63,1,0,0.9419484734535217,True,0.8828282952308655,True,0.5268654227256775,True
1866,p0n2132,60,1.58125,0.14375,70935.0,69.0,C#4,61,1,0,0.4373307526111603,False,0.18141308426856995,False,0.29185301065444946,False
1867,p0n2133,60,1.725,0.14375,71004.0,69.0,A#3,58,1,0,0.39569684863090515,False,0.12789306044578552,False,0.2760273218154907,False
1868,p0n2134,60,1.86875,0.14375,71073.0,69.0,E#3,53,1,0,0.4002476632595062,False,0.2829030752182007,False,0.31463488936424255,False
1869,p0n2136,60,2.0125,0.5,71142.0,240.0,A#4,70,2,0,0.07701056450605392,False,0.11258631199598312,False,0.272378534078598,False
1870,p0n2137,60,2.1375,0.125,71202.0,60.0,E#3,53,1,0,0.5055269002914429,True,0.29747700691223145,False,0.33596065640449524,False
1871,p0n2138,60,2.2625,0.125,71262.0,60.0,A#3,58,1,0,0.33269816637039185,False,0.14242887496948242,False,0.2787845730781555,False
1872,p0n2139,60,2.3875,0.125,71322.0,60.0,C#4,61,1,0,0.4270755648612976,False,0.25869128108024597,False,0.31066226959228516,False
1873,p0n2146,61,0.0,0.5,71622.0,240.0,B5,83,1,0,0.6623286008834839,True,0.1100265383720398,False,0.2869367003440857,False
1874,p0n2145,61,0.0,0.5,71622.0,240.0,E5,76,1,0,0.08311225473880768,False,0.14622379839420319,False,0.2814274728298187,False
1875,p0n2147,61,0.0,0.08333333333333333,71622.0,40.0,C#3,49,2,0,0.48609259724617004,False,0.2699233293533325,False,0.3140764832496643,False
1876,p0n2150,61,0.08333333333333333,0.08333333333333333,71662.0,40.0,G#3,56,2,0,0.9592213034629822,True,0.5312204360961914,True,0.40716323256492615,False
1877,p0n2151,61,0.16666666666666666,0.08333333333333333,71702.0,40.0,B3,59,2,0,0.32955530285835266,False,0.2023666352033615,False,0.29997920989990234,False
1878,p0n2152,61,0.25,0.08333333333333333,71742.0,40.0,E4,64,2,0,0.026404624804854393,False,0.1358344554901123,False,0.2791271507740021,False
1879,p0n2153,61,0.3333333333333333,0.08333333333333333,71782.0,40.0,G#4,68,1,0,0.8213186860084534,True,0.6020599007606506,True,0.40256133675575256,False
1880,p0n2154,61,0.4166666666666667,0.08333333333333333,71822.0,40.0,B4,71,1,0,0.745425820350647,True,0.22698703408241272,False,0.3106151521205902,False
1881,p0n2156,61,0.5,0.8333333333333334,71862.0,400.0,G#5,80,1,0,0.31314244866371155,False,0.14448054134845734,False,0.2818818688392639,False
1882,p0n2157,61,0.5,0.08333333333333333,71862.0,40.0,E5,76,1,0,0.1393386870622635,False,0.15400443971157074,False,0.28310510516166687,False
1883,p0n2155,61,0.5,0.8333333333333334,71862.0,400.0,D#5,75,1,0,0.8442909121513367,True,0.9462265968322754,True,0.7003432512283325,True
1884,p0n2158,61,0.5833333333333334,0.08333333333333333,71902.0,40.0,B4,71,1,0,0.8628237247467041,True,0.20200036466121674,False,0.3079249858856201,False
1885,p0n2159,61,0.6666666666666666,0.08333333333333333,71942.0,40.0,G#4,68,1,0,0.7727352380752563,True,0.44089287519454956,False,0.3467058539390564,False
1886,p0n2160,61,0.75,0.08333333333333333,71982.0,40.0,E4,64,2,0,0.038355518132448196,False,0.13654343783855438,False,0.27921271324157715,False
1887,p0n2161,61,0.8333333333333334,0.08333333333333333,72022.0,40.0,B3,59,2,0,0.8876140713691711,True,0.3765092194080353,False,0.3239172697067261,False
1888,p0n2162,61,0.9166666666666666,0.08333333333333333,72062.0,40.0,G#3,56,2,0,0.9656972289085388,True,0.5090476870536804,True,0.39634713530540466,False
1889,p0n2165,61,1.0,0.08333333333333333,72102.0,40.0,C#3,49,2,0,0.40867868065834045,False,0.23274506628513336,False,0.3023393750190735,False
1890,p0n2167,61,1.0833333333333333,0.08333333333333333,72142.0,40.0,G#3,56,2,0,0.9426074624061584,True,0.5956286787986755,True,0.4249555766582489,False
1891,p0n2168,61,1.1666666666666667,0.08333333333333333,72182.0,40.0,B3,59,2,0,0.8117854595184326,True,0.3650454878807068,False,0.32738804817199707,False
1892,p0n2169,61,1.25,0.08333333333333333,72222.0,40.0,E4,64,2,0,0.057145241647958755,False,0.1375443935394287,False,0.27946916222572327,False
1893,p0n2170,61,1.3333333333333333,0.3333333333333333,72262.0,160.0,G#4,68,1,0,0.76065993309021,True,0.5400345325469971,True,0.3410074710845947,False
1894,p0n2171,61,1.3333333333333333,0.08333333333333333,72262.0,40.0,B3,59,2,0,0.8179304003715515,True,0.38185960054397583,False,0.3207803964614868,False
1895,p0n2172,61,1.4166666666666667,0.08333333333333333,72302.0,40.0,G#3,56,2,0,0.9504477381706238,True,0.5349920988082886,True,0.40057194232940674,False
1896,p0n2173,61,1.5,0.08333333333333333,72342.0,40.0,C#3,49,2,0,0.3889625668525696,False,0.24415172636508942,False,0.30502089858055115,False
1897,p0n2174,61,1.5833333333333333,0.08333333333333333,72382.0,40.0,G#3,56,2,0,0.9508688449859619,True,0.5133321285247803,True,0.3848661184310913,False
1898,p0n2176,61,1.6666666666666667,0.3333333333333333,72422.0,160.0,C#5,73,1,0,0.30614686012268066,False,0.20224930346012115,False,0.2947461009025574,False
1899,p0n2175,61,1.6666666666666667,0.3333333333333333,72422.0,160.0,B4,71,1,0,0.8153657913208008,True,0.21180231869220734,False,0.30992579460144043,False
1900,p0n2177,61,1.6666666666666667,0.08333333333333333,72422.0,40.0,B3,59,2,0,0.8248425722122192,True,0.3674514591693878,False,0.3196573257446289,False
1901,p0n2178,61,1.75,0.08333333333333333,72462.0,40.0,E4,64,2,0,0.04778994992375374,False,0.13806268572807312,False,0.27947118878364563,False
1902,p0n2179,61,1.8333333333333333,0.08333333333333333,72502.0,40.0,B3,59,2,0,0.8663448095321655,True,0.3898484706878662,False,0.3247961699962616,False
1903,p0n2180,61,1.9166666666666667,0.08333333333333333,72542.0,40.0,G#3,56,2,0,0.958721399307251,True,0.5532468557357788,True,0.4060767590999603,False
1904,p0n2184,62,0.0,0.08333333333333333,72582.0,40.0,C#3,49,2,0,0.4080319404602051,False,0.23067502677440643,False,0.30158722400665283,False
1905,p0n2185,62,0.08333333333333333,0.08333333333333333,72622.0,40.0,G#3,56,2,0,0.9344882965087891,True,0.5829276442527771,True,0.4218909442424774,False
1906,p0n2186,62,0.16666666666666666,0.08333333333333333,72662.0,40.0,B3,59,2,0,0.8278717398643494,True,0.46718621253967285,False,0.3320068418979645,False
1907,p0n2187,62,0.25,0.08333333333333333,72702.0,40.0,E4,64,2,0,0.05178850144147873,False,0.13582569360733032,False,0.27918216586112976,False
1908,p0n2188,62,0.3333333333333333,0.08333333333333333,72742.0,40.0,G#4,68,1,0,0.7684729695320129,True,0.5730937123298645,True,0.37108466029167175,False
1909,p0n2189,62,0.4166666666666667,0.08333333333333333,72782.0,40.0,B4,71,1,0,0.8398202657699585,True,0.2150823175907135,False,0.30712372064590454,False
1910,p0n2191,62,0.5,0.08333333333333333,72822.0,40.0,E5,76,1,0,0.14736376702785492,False,0.1508217751979828,False,0.28271281719207764,False
1911,p0n2190,62,0.5,0.8333333333333334,72822.0,400.0,D#5,75,1,0,0.9103130102157593,True,0.9305610060691833,True,0.6689575910568237,True
1912,p0n2192,62,0.5833333333333334,0.08333333333333333,72862.0,40.0,B4,71,1,0,0.8600471019744873,True,0.23252612352371216,False,0.3106077015399933,False
1913,p0n2193,62,0.6666666666666666,0.08333333333333333,72902.0,40.0,G#4,68,1,0,0.7501272559165955,True,0.4473986327648163,False,0.3431597352027893,False
1914,p0n2194,62,0.75,0.08333333333333333,72942.0,40.0,E4,64,2,0,0.04022672772407532,False,0.13583116233348846,False,0.27910563349723816,False
1915,p0n2195,62,0.8333333333333334,0.08333333333333333,72982.0,40.0,B3,59,2,0,0.8892307281494141,True,0.5890879034996033,True,0.42924562096595764,False
1916,p0n2196,62,0.9166666666666666,0.08333333333333333,73022.0,40.0,G#3,56,2,0,0.9536229372024536,True,0.5557581186294556,True,0.3962542712688446,False
1917,p0n2198,62,1.0,0.3333333333333333,73062.0,160.0,G#5,80,1,0,0.5461324453353882,True,0.2550966143608093,False,0.2909478545188904,False
1918,p0n2199,62,1.0,0.08333333333333333,73062.0,40.0,C#3,49,2,0,0.4202909767627716,False,0.2370837777853012,False,0.3035047948360443,False
1919,p0n2201,62,1.0833333333333333,0.08333333333333333,73102.0,40.0,G#3,56,2,0,0.9381635189056396,True,0.5682023763656616,True,0.4156169593334198,False
1920,p0n2202,62,1.1666666666666667,0.08333333333333333,73142.0,40.0,B3,59,2,0,0.8426821827888489,True,0.38102012872695923,False,0.3290424346923828,False
1921,p0n2203,62,1.25,0.08333333333333333,73182.0,40.0,E4,64,2,0,0.044601041823625565,False,0.13653036952018738,False,0.27918317914009094,False
1922,p0n2204,62,1.3333333333333333,0.3333333333333333,73222.0,160.0,G#4,68,1,0,0.7964757680892944,True,0.5671036839485168,True,0.3530905842781067,False
1923,p0n2205,62,1.3333333333333333,0.08333333333333333,73222.0,40.0,B3,59,2,0,0.8368710279464722,True,0.3374616801738739,False,0.3118446469306946,False
1924,p0n2206,62,1.4166666666666667,0.08333333333333333,73262.0,40.0,G#3,56,2,0,0.955328106880188,True,0.5154143571853638,True,0.3935893774032593,False
1925,p0n2207,62,1.5,0.08333333333333333,73302.0,40.0,C#3,49,2,0,0.36997881531715393,False,0.23659434914588928,False,0.30301907658576965,False
1926,p0n2208,62,1.5833333333333333,0.08333333333333333,73342.0,40.0,G#3,56,2,0,0.9444077014923096,True,0.5200968980789185,True,0.39203858375549316,False
1927,p0n2210,62,1.6666666666666667,0.3333333333333333,73382.0,160.0,C#5,73,1,0,0.36445924639701843,False,0.20831821858882904,False,0.29632142186164856,False
1928,p0n2209,62,1.6666666666666667,0.3333333333333333,73382.0,160.0,B4,71,1,0,0.8433328866958618,True,0.25304245948791504,False,0.31452566385269165,False
1929,p0n2211,62,1.6666666666666667,0.08333333333333333,73382.0,40.0,B3,59,2,0,0.8468613624572754,True,0.4108782708644867,False,0.32411620020866394,False
1930,p0n2212,62,1.75,0.08333333333333333,73422.0,40.0,E4,64,2,0,0.05314015597105026,False,0.13817672431468964,False,0.27949613332748413,False
1931,p0n2213,62,1.8333333333333333,0.08333333333333333,73462.0,40.0,B3,59,2,0,0.8823528289794922,True,0.4398617446422577,False,0.3472011685371399,False
1932,p0n2214,62,1.9166666666666667,0.08333333333333333,73502.0,40.0,G#3,56,2,0,0.9685417413711548,True,0.5655437707901001,True,0.37146517634391785,False
1933,p0n2215,63,0.0,0.5,73542.0,240.0,E5,76,1,0,0.11760932207107544,False,0.1489708423614502,False,0.28209176659584045,False
1934,p0n2216,63,0.0,0.08333333333333333,73542.0,40.0,C#3,49,2,0,0.39437511563301086,False,0.2288222759962082,False,0.3011164963245392,False
1935,p0n2219,63,0.08333333333333333,0.08333333333333333,73582.0,40.0,G#3,56,2,0,0.9405264258384705,True,0.5617828965187073,True,0.402471661567688,False
1936,p0n2220,63,0.16666666666666666,0.08333333333333333,73622.0,40.0,B3,59,2,0,0.7546680569648743,True,0.37205037474632263,False,0.3030019700527191,False
1937,p0n2221,63,0.25,0.08333333333333333,73662.0,40.0,D#4,63,2,0,0.9290615320205688,True,0.8820642828941345,True,0.48605677485466003,False
1938,p0n2222,63,0.25,0.6666666666666666,73662.0,320.0,D#4,63,2,0,0.9430317878723145,True,0.8684679865837097,True,0.45992645621299744,False
1939,p0n2223,63,0.3333333333333333,0.08333333333333333,73702.0,40.0,G#4,68,1,0,0.7437573671340942,True,0.5132461190223694,True,0.3726292848587036,False
1940,p0n2224,63,0.4166666666666667,0.08333333333333333,73742.0,40.0,B4,71,1,0,0.8512767553329468,True,0.23623040318489075,False,0.3109825551509857,False
1941,p0n2226,63,0.5,0.08333333333333333,73782.0,40.0,E5,76,1,0,0.1760290563106537,False,0.15743479132652283,False,0.2840576171875,False
1942,p0n2225,63,0.5,0.8333333333333334,73782.0,400.0,D#5,75,1,0,0.925258457660675,True,0.9141706228256226,True,0.6613192558288574,True
1943,p0n2227,63,0.5833333333333334,0.08333333333333333,73822.0,40.0,B4,71,1,0,0.8677552938461304,True,0.23403029143810272,False,0.3111586570739746,False
1944,p0n2228,63,0.6666666666666666,0.08333333333333333,73862.0,40.0,G#4,68,1,0,0.7812891006469727,True,0.41012847423553467,False,0.3390747904777527,False
1945,p0n2229,63,0.75,0.08333333333333333,73902.0,40.0,E4,64,2,0,0.024792209267616272,False,0.13538259267807007,False,0.27889493107795715,False
1946,p0n2230,63,0.8333333333333334,0.08333333333333333,73942.0,40.0,B3,59,2,0,0.8793742060661316,True,0.5716298222541809,True,0.39378273487091064,False
1947,p0n2231,63,0.9166666666666666,0.08333333333333333,73982.0,40.0,G#3,56,2,0,0.9648558497428894,True,0.4286288619041443,False,0.3291527032852173,False
1948,p0n2234,63,1.0,0.3333333333333333,74022.0,160.0,G#5,80,1,0,0.5482118725776672,True,0.19671913981437683,False,0.282940536737442,False
1949,p0n2235,63,1.0,1.0,74022.0,480.0,G#4,68,1,0,0.7582663297653198,True,0.49182450771331787,False,0.3544406592845917,False
1950,p0n2236,63,1.0,0.08333333333333333,74022.0,40.0,C#3,49,2,0,0.44058042764663696,False,0.243666410446167,False,0.3054909408092499,False
1951,p0n2237,63,1.0833333333333333,0.08333333333333333,74062.0,40.0,G#3,56,2,0,0.9439412951469421,True,0.5648746490478516,True,0.38553330302238464,False
1952,p0n2238,63,1.1666666666666667,0.08333333333333333,74102.0,40.0,B3,59,2,0,0.8186300992965698,True,0.37078428268432617,False,0.3267049193382263,False
1953,p0n2239,63,1.25,0.08333333333333333,74142.0,40.0,E4,64,2,0,0.03590281307697296,False,0.1362437605857849,False,0.2790549099445343,False
1954,p0n2240,63,1.3333333333333333,0.3333333333333333,74182.0,160.0,G#4,68,1,0,0.7921285629272461,True,0.4979199767112732,False,0.34428533911705017,False
1955,p0n2241,63,1.3333333333333333,0.08333333333333333,74182.0,40.0,B3,59,2,0,0.813825249671936,True,0.35012421011924744,False,0.3137111961841583,False
1956,p0n2242,63,1.4166666666666667,0.08333333333333333,74222.0,40.0,G#3,56,2,0,0.9568358659744263,True,0.4715445637702942,False,0.36500832438468933,False
1957,p0n2243,63,1.5,0.08333333333333333,74262.0,40.0,C#3,49,2,0,0.39489054679870605,False,0.24609792232513428,False,0.3054644763469696,False
1958,p0n2244,63,1.5833333333333333,0.08333333333333333,74302.0,40.0,G#3,56,2,0,0.9555491209030151,True,0.4739032983779907,False,0.3534214496612549,False
1959,p0n2246,63,1.6666666666666667,0.3333333333333333,74342.0,160.0,C#5,73,1,0,0.2681141793727875,False,0.1863526999950409,False,0.29109787940979004,False
1960,p0n2245,63,1.6666666666666667,0.3333333333333333,74342.0,160.0,B4,71,1,0,0.8129871487617493,True,0.2208334356546402,False,0.3122963011264801,False
1961,p0n2247,63,1.6666666666666667,0.08333333333333333,74342.0,40.0,B3,59,2,0,0.8122031688690186,True,0.3567725419998169,False,0.3191129267215729,False
1962,p0n2248,63,1.75,0.08333333333333333,74382.0,40.0,E4,64,2,0,0.03157641738653183,False,0.1367100030183792,False,0.2790897786617279,False
1963,p0n2249,63,1.8333333333333333,0.08333333333333333,74422.0,40.0,B3,59,2,0,0.8603573441505432,True,0.37714287638664246,False,0.3244257867336273,False
1964,p0n2250,63,1.9166666666666667,0.08333333333333333,74462.0,40.0,G#3,56,2,0,0.9612676501274109,True,0.5163400769233704,True,0.38671398162841797,False
1965,p0n2254,64,0.0,0.08333333333333333,74502.0,40.0,C#3,49,2,0,0.3915289640426636,False,0.2196466028690338,False,0.2987646162509918,False
1966,p0n2255,64,0.08333333333333333,0.08333333333333333,74542.0,40.0,G#3,56,2,0,0.940445065498352,True,0.5483565926551819,True,0.4059557616710663,False
1967,p0n2256,64,0.16666666666666666,0.08333333333333333,74582.0,40.0,B3,59,2,0,0.8160071969032288,True,0.37076717615127563,False,0.322298139333725,False
1968,p0n2257,64,0.25,0.08333333333333333,74622.0,40.0,E4,64,2,0,0.03418276458978653,False,0.13523276150226593,False,0.27889731526374817,False
1969,p0n2258,64,0.3333333333333333,0.08333333333333333,74662.0,40.0,G#4,68,1,0,0.8229264616966248,True,0.5308583378791809,True,0.36378005146980286,False
1970,p0n2259,64,0.4166666666666667,0.08333333333333333,74702.0,40.0,B4,71,1,0,0.8019043207168579,True,0.19615331292152405,False,0.3059009313583374,False
1971,p0n2261,64,0.5,0.08333333333333333,74742.0,40.0,E5,76,1,0,0.14064212143421173,False,0.1529882401227951,False,0.28299733996391296,False
1972,p0n2260,64,0.5,0.8333333333333334,74742.0,400.0,D#5,75,1,0,0.9200902581214905,True,0.8946084380149841,True,0.6893240213394165,True
1973,p0n2262,64,0.5833333333333334,0.08333333333333333,74782.0,40.0,B4,71,1,0,0.8443652987480164,True,0.23559346795082092,False,0.31225526332855225,False
1974,p0n2263,64,0.6666666666666666,0.08333333333333333,74822.0,40.0,G#4,68,1,0,0.7619327306747437,True,0.46550652384757996,False,0.33907437324523926,False
1975,p0n2264,64,0.75,0.08333333333333333,74862.0,40.0,E4,64,2,0,0.030628185719251633,False,0.13549154996871948,False,0.27892741560935974,False
1976,p0n2265,64,0.8333333333333334,0.08333333333333333,74902.0,40.0,B3,59,2,0,0.9028773307800293,True,0.4478859007358551,False,0.3391827344894409,False
1977,p0n2266,64,0.9166666666666666,0.08333333333333333,74942.0,40.0,G#3,56,2,0,0.9571869969367981,True,0.5403576493263245,True,0.40093445777893066,False
1978,p0n2268,64,1.0,0.3333333333333333,74982.0,160.0,G#5,80,1,0,0.4901333749294281,False,0.18790003657341003,False,0.28969770669937134,False
1979,p0n2269,64,1.0,0.08333333333333333,74982.0,40.0,C#3,49,2,0,0.42406389117240906,False,0.2380852997303009,False,0.30372413992881775,False
1980,p0n2271,64,1.0833333333333333,0.08333333333333333,75022.0,40.0,G#3,56,2,0,0.9402541518211365,True,0.6200165152549744,True,0.4307388961315155,False
1981,p0n2272,64,1.1666666666666667,0.08333333333333333,75062.0,40.0,B3,59,2,0,0.8508469462394714,True,0.4058246314525604,False,0.33641889691352844,False
1982,p0n2273,64,1.25,0.08333333333333333,75102.0,40.0,E4,64,2,0,0.03415810316801071,False,0.13593006134033203,False,0.2789759039878845,False
1983,p0n2275,64,1.3333333333333333,0.3333333333333333,75142.0,160.0,D#5,75,1,0,0.9601653218269348,True,0.8852657079696655,True,0.6060168743133545,True
1984,p0n2274,64,1.3333333333333333,0.3333333333333333,75142.0,160.0,G#4,68,1,0,0.7647972106933594,True,0.6178101897239685,True,0.3621219992637634,False
1985,p0n2276,64,1.3333333333333333,0.08333333333333333,75142.0,40.0,B3,59,2,0,0.8630070686340332,True,0.3314773738384247,False,0.3098773956298828,False
1986,p0n2277,64,1.4166666666666667,0.08333333333333333,75182.0,40.0,G#3,56,2,0,0.9574791789054871,True,0.5733282566070557,True,0.39828529953956604,False
1987,p0n2278,64,1.5,0.08333333333333333,75222.0,40.0,C#3,49,2,0,0.36358726024627686,False,0.23461860418319702,False,0.3024360239505768,False
1988,p0n2279,64,1.5833333333333333,0.08333333333333333,75262.0,40.0,G#3,56,2,0,0.9447462558746338,True,0.6485929489135742,True,0.418429970741272,False
1989,p0n2281,64,1.6666666666666667,0.3333333333333333,75302.0,160.0,C#5,73,1,0,0.33333346247673035,False,0.19321265816688538,False,0.2930152118206024,False
1990,p0n2280,64,1.6666666666666667,0.3333333333333333,75302.0,160.0,B4,71,1,0,0.8496285080909729,True,0.30060961842536926,False,0.3180243670940399,False
1991,p0n2282,64,1.6666666666666667,0.08333333333333333,75302.0,40.0,B3,59,2,0,0.862493634223938,True,0.506830096244812,True,0.35436663031578064,False
1992,p0n2283,64,1.75,0.08333333333333333,75342.0,40.0,E4,64,2,0,0.03636796399950981,False,0.13686653971672058,False,0.279130756855011,False
1993,p0n2284,64,1.8333333333333333,0.08333333333333333,75382.0,40.0,B3,59,2,0,0.890130341053009,True,0.5933454632759094,True,0.41530394554138184,False
1994,p0n2285,64,1.9166666666666667,0.08333333333333333,75422.0,40.0,G#3,56,2,0,0.9711222052574158,True,0.6192262172698975,True,0.4152238368988037,False
1995,p0n2287,65,0.0,0.5,75462.0,240.0,B5,83,1,0,0.6710817217826843,True,0.08238335698843002,False,0.2827407121658325,False
1996,p0n2286,65,0.0,0.5,75462.0,240.0,E5,76,1,0,0.11390765756368637,False,0.14934469759464264,False,0.2820375859737396,False
1997,p0n2288,65,0.0,0.08333333333333333,75462.0,40.0,C#3,49,2,0,0.31569844484329224,False,0.20587193965911865,False,0.29519030451774597,False
1998,p0n2291,65,0.08333333333333333,0.08333333333333333,75502.0,40.0,G#3,56,2,0,0.9399362802505493,True,0.6131955981254578,True,0.4389229714870453,False
1999,p0n2292,65,0.16666666666666666,0.08333333333333333,75542.0,40.0,B3,59,2,0,0.7779126167297363,True,0.33482760190963745,False,0.30028989911079407,False
2000,p0n2293,65,0.25,0.08333333333333333,75582.0,40.0,D#4,63,2,0,0.9517048001289368,True,0.6973084211349487,True,0.4197445809841156,False
2001,p0n2294,65,0.25,0.6666666666666666,75582.0,320.0,D#4,63,2,0,0.9519550800323486,True,0.7298866510391235,True,0.46326664090156555,False
2002,p0n2295,65,0.3333333333333333,0.08333333333333333,75622.0,40.0,G#4,68,1,0,0.7522573471069336,True,0.4881991147994995,False,0.36055421829223633,False
2003,p0n2296,65,0.4166666666666667,0.08333333333333333,75662.0,40.0,B4,71,1,0,0.768713653087616,True,0.21457317471504211,False,0.3071805536746979,False
2004,p0n2298,65,0.5,0.08333333333333333,75702.0,40.0,E5,76,1,0,0.1393691748380661,False,0.1543666124343872,False,0.28312477469444275,False
2005,p0n2297,65,0.5,0.8333333333333334,75702.0,400.0,D#5,75,1,0,0.943721354007721,True,0.8649522662162781,True,0.6187644600868225,True
2006,p0n2299,65,0.5833333333333334,0.08333333333333333,75742.0,40.0,B4,71,1,0,0.7566538453102112,True,0.2665693461894989,False,0.31904515624046326,False
2007,p0n2300,65,0.6666666666666666,0.08333333333333333,75782.0,40.0,G#4,68,1,0,0.7376154661178589,True,0.4507441222667694,False,0.3383030891418457,False
2008,p0n2301,65,0.75,0.08333333333333333,75822.0,40.0,E4,64,2,0,0.03206023573875427,False,0.13561497628688812,False,0.2789219617843628,False
2009,p0n2302,65,0.8333333333333334,0.08333333333333333,75862.0,40.0,B3,59,2,0,0.8964356184005737,True,0.5727000832557678,True,0.4012211263179779,False
2010,p0n2303,65,0.9166666666666666,0.08333333333333333,75902.0,40.0,G#3,56,2,0,0.9672709703445435,True,0.5938261151313782,True,0.4214147627353668,False
2011,p0n2306,65,1.0,0.3333333333333333,75942.0,160.0,G#5,80,1,0,0.6094504594802856,True,0.1547238826751709,False,0.2768898606300354,False
2012,p0n2307,65,1.0,1.0,75942.0,480.0,G#4,68,1,0,0.684059739112854,True,0.5473845601081848,True,0.33114123344421387,False
2013,p0n2308,65,1.0,0.08333333333333333,75942.0,40.0,C#3,49,2,0,0.4399086833000183,False,0.24476081132888794,False,0.3055739998817444,False
2014,p0n2309,65,1.0833333333333333,0.08333333333333333,75982.0,40.0,G#3,56,2,0,0.9433444142341614,True,0.5886934995651245,True,0.44321173429489136,False
2015,p0n2310,65,1.1666666666666667,0.08333333333333333,76022.0,40.0,B3,59,2,0,0.8310744762420654,True,0.36032938957214355,False,0.32692310214042664,False
2016,p0n2311,65,1.25,0.08333333333333333,76062.0,40.0,E4,64,2,0,0.043279681354761124,False,0.1365043818950653,False,0.2790887653827667,False
2017,p0n2313,65,1.3333333333333333,0.3333333333333333,76102.0,160.0,D#5,75,1,0,0.9612286686897278,True,0.8793432116508484,True,0.6078372597694397,True
2018,p0n2312,65,1.3333333333333333,0.3333333333333333,76102.0,160.0,G#4,68,1,0,0.7291846871376038,True,0.5447423458099365,True,0.34917518496513367,False
2019,p0n2314,65,1.3333333333333333,0.08333333333333333,76102.0,40.0,B3,59,2,0,0.8478080630302429,True,0.3184535801410675,False,0.3067218065261841,False
2020,p0n2315,65,1.4166666666666667,0.08333333333333333,76142.0,40.0,G#3,56,2,0,0.9571364521980286,True,0.5700380206108093,True,0.42860668897628784,False
2021,p0n2316,65,1.5,0.08333333333333333,76182.0,40.0,C#3,49,2,0,0.36424317955970764,False,0.2355804294347763,False,0.30255767703056335,False
2022,p0n2317,65,1.5833333333333333,0.08333333333333333,76222.0,40.0,G#3,56,2,0,0.9452496767044067,True,0.6345419883728027,True,0.4469851553440094,False
2023,p0n2319,65,1.6666666666666667,0.3333333333333333,76262.0,160.0,C#5,73,1,0,0.32246166467666626,False,0.1936422884464264,False,0.29292818903923035,False
2024,p0n2318,65,1.6666666666666667,0.3333333333333333,76262.0,160.0,B4,71,1,0,0.6000823378562927,True,0.2832372784614563,False,0.31747913360595703,False
2025,p0n2320,65,1.6666666666666667,0.08333333333333333,76262.0,40.0,B3,59,2,0,0.8620728254318237,True,0.467292457818985,False,0.32846835255622864,False
2026,p0n2321,65,1.75,0.08333333333333333,76302.0,40.0,E4,64,2,0,0.03540889173746109,False,0.1368909776210785,False,0.2790975272655487,False
2027,p0n2322,65,1.8333333333333333,0.08333333333333333,76342.0,40.0,B3,59,2,0,0.8810266256332397,True,0.549953818321228,True,0.3705931603908539,False
2028,p0n2323,65,1.9166666666666667,0.08333333333333333,76382.0,40.0,G#3,56,2,0,0.9603897929191589,True,0.6139388680458069,True,0.43539905548095703,False
2029,p0n2324,66,0.0,0.5,76422.0,240.0,E5,76,1,0,0.19003933668136597,False,0.14437103271484375,False,0.28154289722442627,False
2030,p0n2326,66,0.0,1.0,76422.0,480.0,B4,71,1,0,0.5803503394126892,True,0.11013004183769226,False,0.2906608581542969,False
2031,p0n2325,66,0.0,0.08333333333333333,76422.0,40.0,C#3,49,2,0,0.4009764492511749,False,0.22377771139144897,False,0.2996846139431,False
2032,p0n2329,66,0.08333333333333333,0.08333333333333333,76462.0,40.0,G#3,56,2,0,0.9365212321281433,True,0.6078887581825256,True,0.4274248778820038,False
2033,p0n2330,66,0.16666666666666666,0.08333333333333333,76502.0,40.0,B3,59,2,0,0.842142641544342,True,0.38176584243774414,False,0.3184995949268341,False
2034,p0n2331,66,0.25,0.08333333333333333,76542.0,40.0,E4,64,2,0,0.04243326932191849,False,0.1355254054069519,False,0.27894890308380127,False
2035,p0n2332,66,0.3333333333333333,0.08333333333333333,76582.0,40.0,G#4,68,1,0,0.758794367313385,True,0.4526621401309967,False,0.361630916595459,False
2036,p0n2333,66,0.4166666666666667,0.08333333333333333,76622.0,40.0,B4,71,1,0,0.6581361293792725,True,0.16719229519367218,False,0.2979772388935089,False
2037,p0n2335,66,0.5,0.08333333333333333,76662.0,40.0,E5,76,1,0,0.18332673609256744,False,0.16704829037189484,False,0.2853394150733948,False
2038,p0n2334,66,0.5,0.8333333333333334,76662.0,400.0,D#5,75,1,0,0.9752644896507263,True,0.9177162051200867,True,0.6615440845489502,True
2039,p0n2336,66,0.5833333333333334,0.08333333333333333,76702.0,40.0,B4,71,1,0,0.6780052781105042,True,0.1771707385778427,False,0.3021777272224426,False
2040,p0n2337,66,0.6666666666666666,0.08333333333333333,76742.0,40.0,G#4,68,1,0,0.6820270419120789,True,0.44419950246810913,False,0.3318469822406769,False
2041,p0n2338,66,0.75,0.08333333333333333,76782.0,40.0,E4,64,2,0,0.023922905325889587,False,0.1357274204492569,False,0.2788419723510742,False
2042,p0n2339,66,0.8333333333333334,0.08333333333333333,76822.0,40.0,B3,59,2,0,0.889843225479126,True,0.6219905018806458,True,0.4034630358219147,False
2043,p0n2340,66,0.9166666666666666,0.08333333333333333,76862.0,40.0,G#3,56,2,0,0.9439186453819275,True,0.5128290057182312,True,0.38532036542892456,False
2044,p0n2342,66,1.0,0.3333333333333333,76902.0,160.0,G#5,80,1,0,0.32674089074134827,False,0.13668008148670197,False,0.28078722953796387,False
2045,p0n2343,66,1.0,2.0,76902.0,960.0,D#4,63,1,0,0.9608657956123352,True,0.6165956854820251,True,0.35760974884033203,False
2046,p0n2344,66,1.0,0.08333333333333333,76902.0,40.0,C#3,49,2,0,0.4095803499221802,False,0.24005547165870667,False,0.30384349822998047,False
2047,p0n2346,66,1.0833333333333333,0.08333333333333333,76942.0,40.0,G#3,56,2,0,0.9446873068809509,True,0.4969574511051178,False,0.34403422474861145,False
2048,p0n2347,66,1.1666666666666667,0.08333333333333333,76982.0,40.0,B3,59,2,0,0.8079472184181213,True,0.40703898668289185,False,0.34374651312828064,False
2049,p0n2348,66,1.25,0.08333333333333333,77022.0,40.0,E4,64,2,0,0.02596183493733406,False,0.13599462807178497,False,0.2788594365119934,False
2050,p0n2350,66,1.3333333333333333,0.3333333333333333,77062.0,160.0,D#5,75,1,0,0.9691381454467773,True,0.8336337208747864,True,0.625244677066803,True
2051,p0n2349,66,1.3333333333333333,0.3333333333333333,77062.0,160.0,G#4,68,1,0,0.8645294308662415,True,0.40955236554145813,False,0.3586949408054352,False
2052,p0n2351,66,1.3333333333333333,0.08333333333333333,77062.0,40.0,B3,59,2,0,0.8392014503479004,True,0.40896445512771606,False,0.3341461420059204,False
2053,p0n2352,66,1.4166666666666667,0.08333333333333333,77102.0,40.0,G#3,56,2,0,0.9549353718757629,True,0.3440396189689636,False,0.3036266267299652,False
2054,p0n2353,66,1.5,0.08333333333333333,77142.0,40.0,C#3,49,2,0,0.36516082286834717,False,0.24408680200576782,False,0.3046377897262573,False
2055,p0n2354,66,1.5833333333333333,0.08333333333333333,77182.0,40.0,G#3,56,2,0,0.9439445734024048,True,0.3766835629940033,False,0.30413925647735596,False
2056,p0n2356,66,1.6666666666666667,0.3333333333333333,77222.0,160.0,C#5,73,1,0,0.3854631781578064,False,0.23875026404857635,False,0.30232179164886475,False
2057,p0n2355,66,1.6666666666666667,0.3333333333333333,77222.0,160.0,B4,71,1,0,0.42367520928382874,False,0.137567400932312,False,0.2896726429462433,False
2058,p0n2357,66,1.6666666666666667,0.08333333333333333,77222.0,40.0,B3,59,2,0,0.8203487992286682,True,0.4418814778327942,False,0.34219422936439514,False
2059,p0n2358,66,1.75,0.08333333333333333,77262.0,40.0,E4,64,2,0,0.02226288802921772,False,0.13629001379013062,False,0.278864324092865,False
2060,p0n2359,66,1.8333333333333333,0.08333333333333333,77302.0,40.0,B3,59,2,0,0.8707267045974731,True,0.4397026300430298,False,0.3445103168487549,False
2061,p0n2360,66,1.9166666666666667,0.08333333333333333,77342.0,40.0,G#3,56,2,0,0.9577198624610901,True,0.4052354097366333,False,0.313082218170166,False
2062,p0n2364,67,0.0,0.08333333333333333,77382.0,40.0,C#3,49,2,0,0.3687858581542969,False,0.2233557105064392,False,0.29933667182922363,False
2063,p0n2366,67,0.08333333333333333,0.08333333333333333,77422.0,40.0,G#3,56,2,0,0.9298772811889648,True,0.4879690706729889,False,0.32571083307266235,False
2064,p0n2367,67,0.16666666666666666,0.08333333333333333,77462.0,40.0,B3,59,2,0,0.8276358842849731,True,0.3624034523963928,False,0.3357207179069519,False
2065,p0n2368,67,0.25,0.08333333333333333,77502.0,40.0,E4,64,2,0,0.024389177560806274,False,0.1354200690984726,False,0.2787493169307709,False
2066,p0n2369,67,0.3333333333333333,0.08333333333333333,77542.0,40.0,G#4,68,1,0,0.8730129599571228,True,0.4733584225177765,False,0.39450278878211975,False
2067,p0n2370,67,0.4166666666666667,0.08333333333333333,77582.0,40.0,B4,71,1,0,0.5971947312355042,True,0.2961672246456146,False,0.3085497319698334,False
2068,p0n2372,67,0.5,0.08333333333333333,77622.0,40.0,E5,76,1,0,0.15295758843421936,False,0.15235817432403564,False,0.2824479043483734,False
2069,p0n2371,67,0.5,0.8333333333333334,77622.0,400.0,D#5,75,1,0,0.9600781798362732,True,0.9117063283920288,True,0.6404929757118225,True
2070,p0n2373,67,0.5833333333333334,0.08333333333333333,77662.0,40.0,B4,71,1,0,0.7145068645477295,True,0.24017757177352905,False,0.3144051730632782,False
2071,p0n2374,67,0.6666666666666666,0.08333333333333333,77702.0,40.0,G#4,68,1,0,0.896693229675293,True,0.8149531483650208,True,0.6174106597900391,True
2072,p0n2375,67,0.75,0.08333333333333333,77742.0,40.0,E4,64,2,0,0.009103643707931042,False,0.13496269285678864,False,0.2785567343235016,False
2073,p0n2376,67,0.8333333333333334,0.08333333333333333,77782.0,40.0,B3,59,2,0,0.8609330654144287,True,0.5312889218330383,True,0.3590491712093353,False
2074,p0n2377,67,0.9166666666666666,0.08333333333333333,77822.0,40.0,G#3,56,2,0,0.9828064441680908,True,0.5039278268814087,True,0.32373979687690735,False
2075,p0n2379,67,1.0,1.0,77862.0,480.0,C#4,61,1,0,0.15139350295066833,False,0.1669510304927826,False,0.2863103747367859,False
2076,p0n2380,67,1.0,0.08333333333333333,77862.0,40.0,C#3,49,2,0,0.6690067052841187,True,0.6496248245239258,True,0.3515861928462982,False
2077,p0n2382,67,1.0833333333333333,0.08333333333333333,77902.0,40.0,G#3,56,2,0,0.9775503873825073,True,0.6044814586639404,True,0.36207395792007446,False
2078,p0n2383,67,1.1666666666666667,0.08333333333333333,77942.0,40.0,B3,59,2,0,0.3969250023365021,False,0.17871837317943573,False,0.2955043613910675,False
2079,p0n2384,67,1.25,0.08333333333333333,77982.0,40.0,E4,64,2,0,0.046938542276620865,False,0.1341738998889923,False,0.27864566445350647,False
2080,p0n2385,67,1.3333333333333333,0.3333333333333333,78022.0,160.0,G#4,68,1,0,0.8459944725036621,True,0.7256467342376709,True,0.5071967244148254,True
2081,p0n2386,67,1.3333333333333333,0.08333333333333333,78022.0,40.0,B3,59,2,0,0.44229114055633545,False,0.1730625331401825,False,0.29461634159088135,False
2082,p0n2387,67,1.4166666666666667,0.08333333333333333,78062.0,40.0,G#3,56,2,0,0.9932394027709961,True,0.7019233107566833,True,0.4194427728652954,False
2083,p0n2388,67,1.5,0.08333333333333333,78102.0,40.0,C#3,49,2,0,0.5309447050094604,True,0.6745122671127319,True,0.38278621435165405,False
2084,p0n2389,67,1.5833333333333333,0.08333333333333333,78142.0,40.0,G#3,56,2,0,0.993532657623291,True,0.6381162405014038,True,0.40361925959587097,False
2085,p0n2390,67,1.6666666666666667,0.3333333333333333,78182.0,160.0,B4,71,1,0,0.749973475933075,True,0.3237926959991455,False,0.3128887414932251,False
2086,p0n2391,67,1.6666666666666667,0.08333333333333333,78182.0,40.0,B3,59,2,0,0.22440406680107117,False,0.1388031393289566,False,0.28819018602371216,False
2087,p0n2392,67,1.75,0.08333333333333333,78222.0,40.0,E4,64,2,0,0.021237174049019814,False,0.13497108221054077,False,0.2785991132259369,False
2088,p0n2393,67,1.8333333333333333,0.08333333333333333,78262.0,40.0,B3,59,2,0,0.41895684599876404,False,0.1893690973520279,False,0.29763132333755493,False
2089,p0n2394,67,1.9166666666666667,0.08333333333333333,78302.0,40.0,G#3,56,2,0,0.9909624457359314,True,0.6854996085166931,True,0.5033060908317566,True
2090,p0n2395,68,0.0,1.0,78342.0,480.0,F6,89,1,0,0.2997254431247711,False,0.14760202169418335,False,0.27710238099098206,False
2091,p0n2396,68,0.0,0.125,78342.0,60.0,B-0,22,2,0,0.8590898513793945,True,0.5990563035011292,True,0.47949182987213135,False
2092,p0n2398,68,0.125,0.125,78402.0,60.0,B-1,34,2,0,0.947424054145813,True,0.6850424408912659,True,0.45315927267074585,False
2093,p0n2399,68,0.25,0.125,78462.0,60.0,F2,41,2,0,0.2959538996219635,False,0.2037912756204605,False,0.2870534062385559,False
2094,p0n2400,68,0.375,0.125,78522.0,60.0,B-2,46,2,0,0.7536089420318604,True,0.29198431968688965,False,0.2969640791416168,False
2095,p0n2401,68,0.5,0.125,78582.0,60.0,D3,50,2,0,0.8455367088317871,True,0.6021233797073364,True,0.3527028560638428,False
2096,p0n2402,68,0.625,0.125,78642.0,60.0,F3,53,2,0,0.24969163537025452,False,0.1646406203508377,False,0.2794528901576996,False
2097,p0n2403,68,0.75,0.125,78702.0,60.0,D3,50,2,0,0.7286607623100281,True,0.3916644752025604,False,0.316246896982193,False
2098,p0n2404,68,0.875,0.125,78762.0,60.0,B-2,46,2,0,0.7806047201156616,True,0.3247823417186737,False,0.2909616231918335,False
2099,p0n2406,68,1.0,1.0,78822.0,480.0,G7,103,1,0,0.8271550536155701,True,0.2852057218551636,False,0.3223119080066681,False
2100,p0n2405,68,1.0,1.0,78822.0,480.0,F7,101,1,0,0.21680514514446259,False,0.15562206506729126,False,0.2786833941936493,False
2101,p0n2407,68,1.0,0.11041666666666666,78822.0,53.0,F2,41,2,0,0.44749915599823,False,0.26182493567466736,False,0.3003174960613251,False
2102,p0n2408,68,1.1104166666666666,0.11041666666666666,78875.0,53.0,B-2,46,2,0,0.6504373550415039,True,0.3046708405017853,False,0.2924458980560303,False
2103,p0n2409,68,1.2208333333333334,0.11041666666666666,78928.0,53.0,D3,50,2,0,0.8143031001091003,True,0.2588205933570862,False,0.29113271832466125,False
2104,p0n2410,68,1.33125,0.11041666666666666,78981.0,53.0,F3,53,2,0,0.3952144980430603,False,0.2086259424686432,False,0.2871626019477844,False
2105,p0n2411,68,1.4416666666666667,0.11041666666666666,79034.0,53.0,B-3,58,2,0,0.158552348613739,False,0.16476856172084808,False,0.28606823086738586,False
2106,p0n2412,68,1.5520833333333333,0.11041666666666666,79087.0,53.0,D4,62,2,0,0.9098617434501648,True,0.22309429943561554,False,0.2992473244667053,False
2107,p0n2413,68,1.6625,0.11041666666666666,79140.0,53.0,F4,65,2,0,0.02916005626320839,False,0.10942453145980835,False,0.2698375880718231,False
2108,p0n2414,68,1.7729166666666667,0.11041666666666666,79193.0,53.0,D4,62,2,0,0.8944824934005737,True,0.14789031445980072,False,0.2817160189151764,False
2109,p0n2415,68,1.8833333333333333,0.11041666666666666,79246.0,53.0,B-3,58,2,0,0.33011117577552795,False,0.2226477414369583,False,0.29904308915138245,False
2110,p0n2416,68,1.99375,0.08333333333333333,79299.0,40.0,F3,53,2,0,0.436154842376709,False,0.23528584837913513,False,0.292726993560791,False
2111,p0n2419,68,2.0,0.3333333333333333,79302.0,160.0,D7,98,1,0,0.5611554384231567,True,0.23409076035022736,False,0.2811643183231354,False
2112,p0n2418,68,2.0,0.3333333333333333,79302.0,160.0,G6,91,1,0,0.19799268245697021,False,0.18803831934928894,False,0.29618075489997864,False
2113,p0n2417,68,2.0,0.3333333333333333,79302.0,160.0,F6,89,1,0,0.2658686339855194,False,0.14213675260543823,False,0.27621451020240784,False
2114,p0n2420,68,2.0770833333333334,0.08333333333333333,79339.0,40.0,B-3,58,2,0,0.1855563074350357,False,0.17403365671634674,False,0.28802070021629333,False
2115,p0n2421,68,2.160416666666667,0.08333333333333333,79379.0,40.0,D4,62,2,0,0.9687731862068176,True,0.18137790262699127,False,0.2878226339817047,False
2116,p0n2422,68,2.24375,0.08333333333333333,79419.0,40.0,F4,65,2,0,0.022397812455892563,False,0.11264155805110931,False,0.2726164162158966,False
2117,p0n2423,68,2.3270833333333334,0.08333333333333333,79459.0,40.0,B-4,70,2,0,0.8587011098861694,True,0.10906340181827545,False,0.2884524464607239,False
2118,p0n2424,68,2.3333333333333335,0.3333333333333333,79462.0,160.0,F7,101,1,0,0.1560286283493042,False,0.14233613014221191,False,0.27692362666130066,False
2119,p0n2425,68,2.410416666666667,0.08333333333333333,79499.0,40.0,D5,74,2,0,0.7701672911643982,True,0.20782358944416046,False,0.2853725254535675,False
2120,p0n2426,68,2.49375,0.08333333333333333,79539.0,40.0,F5,77,2,0,0.12230773270130157,False,0.13370858132839203,False,0.27510058879852295,False
2121,p0n2427,68,2.5770833333333334,0.08333333333333333,79579.0,40.0,B-5,82,2,0,0.9094724059104919,True,0.1530448943376541,False,0.28681379556655884,False
2122,p0n2428,68,2.660416666666667,0.08333333333333333,79619.0,40.0,D6,86,2,0,0.5208866000175476,True,0.5468742251396179,True,0.40615546703338623,False
2123,p0n2429,68,2.6666666666666665,0.08333333333333333,79622.0,40.0,D7,98,1,0,0.5281919836997986,True,0.27652567625045776,False,0.2939682900905609,False
2124,p0n2430,68,2.74375,0.08333333333333333,79659.0,40.0,F6,89,2,0,0.3907920718193054,False,0.16502900421619415,False,0.2808317542076111,False
2125,p0n2431,68,2.75,0.08333333333333333,79662.0,40.0,G7,103,1,0,0.7717826962471008,True,0.31849440932273865,False,0.3309550881385803,False
2126,p0n2432,68,2.8270833333333334,0.08333333333333333,79699.0,40.0,B-6,94,2,0,0.7472143769264221,True,0.5562717914581299,True,0.3824641704559326,False
2127,p0n2433,68,2.8333333333333335,0.08333333333333333,79702.0,40.0,F7,101,1,0,0.14552703499794006,False,0.15171870589256287,False,0.27844610810279846,False
2128,p0n2434,68,2.910416666666667,0.08333333333333333,79739.0,40.0,D7,98,2,0,0.5922032594680786,True,0.2132139950990677,False,0.29082849621772766,False
2129,p0n2435,68,2.9166666666666665,0.08333333333333333,79742.0,40.0,G7,103,1,0,0.6138888001441956,True,0.2578582167625427,False,0.3168261647224426,False
2130,p0n2437,69,0.05,0.5,79806.0,240.0,F6,89,2,0,0.3401435613632202,False,0.17574205994606018,False,0.28274109959602356,False
2131,p0n2438,69,0.05625,0.05625,79809.0,27.0,E-6,87,1,0,0.8368436098098755,True,0.5631812810897827,True,0.4030981957912445,False
2132,p0n2440,69,0.1125,0.05625,79836.0,27.0,C-6,83,1,0,0.5953139662742615,True,0.2724013030529022,False,0.31072109937667847,False
2133,p0n2441,69,0.16875,0.05625,79863.0,27.0,A-5,80,1,0,0.79946368932724,True,0.22576190531253815,False,0.30249547958374023,False
2134,p0n2442,69,0.225,0.05625,79890.0,27.0,F6,89,2,0,0.16567270457744598,False,0.13696320354938507,False,0.27572956681251526,False
2135,p0n2443,69,0.28125,0.05625,79917.0,27.0,E-6,87,2,0,0.7413654327392578,True,0.4237765371799469,False,0.34003955125808716,False
2136,p0n2444,69,0.3375,0.05625,79944.0,27.0,C-6,83,2,0,0.6146888136863708,True,0.1931196004152298,False,0.2934572696685791,False
2137,p0n2445,69,0.39375,0.05625,79971.0,27.0,A-5,80,2,0,0.907058835029602,True,0.11049114912748337,False,0.27867206931114197,False
2138,p0n2446,69,0.45,0.05625,79998.0,27.0,F5,77,2,0,0.29144033789634705,False,0.1397320181131363,False,0.27742016315460205,False
2139,p0n2447,69,0.50625,0.05625,80025.0,27.0,E-5,75,2,0,0.8769356608390808,True,0.6191129088401794,True,0.49992311000823975,False
2140,p0n2449,69,0.5625,0.05625,80052.0,27.0,C-5,71,2,0,0.6412222385406494,True,0.6036834716796875,True,0.47262313961982727,False
2141,p0n2451,69,0.675,0.05625,80106.0,27.0,C-5,71,2,0,0.6023074388504028,True,0.31440117955207825,False,0.3374745547771454,False
2142,p0n2452,69,0.73125,0.05625,80133.0,27.0,E-5,75,2,0,0.8921626806259155,True,0.7148756980895996,True,0.5002928972244263,True
2143,p0n2453,69,0.7875,0.05625,80160.0,27.0,F5,77,2,0,0.340742290019989,False,0.39208775758743286,False,0.3293808698654175,False
2144,p0n2454,69,0.84375,0.05625,80187.0,27.0,A-5,80,1,0,0.9655394554138184,True,0.2682684361934662,False,0.3048998713493347,False
2145,p0n2455,69,0.9,0.05625,80214.0,27.0,C-6,83,1,0,0.41372087597846985,False,0.18660008907318115,False,0.2930302619934082,False
2146,p0n2456,69,0.95625,0.05625,80241.0,27.0,E-6,87,1,0,0.5724824070930481,True,0.3027031719684601,False,0.30148252844810486,False
2147,p0n2457,69,1.0125,0.05625,80268.0,27.0,A-6,92,1,0,0.8755373358726501,True,0.14559237658977509,False,0.2860777974128723,False
2148,p0n2458,69,1.06875,0.05625,80295.0,27.0,E-6,87,1,0,0.5650085210800171,True,0.36654913425445557,False,0.32787761092185974,False
2149,p0n2459,69,1.125,0.05625,80322.0,27.0,C-6,83,1,0,0.3216102421283722,False,0.14859481155872345,False,0.285244345664978,False
2150,p0n2460,69,1.18125,0.05625,80349.0,27.0,A-5,80,1,0,0.9252124428749084,True,0.16035784780979156,False,0.2773977816104889,False
2151,p0n2461,69,1.2375,0.05625,80376.0,27.0,F5,77,2,0,0.5490065217018127,True,0.15000762045383453,False,0.27431178092956543,False
2152,p0n2462,69,1.29375,0.05625,80403.0,27.0,E-5,75,2,0,0.8912756443023682,True,0.4539826512336731,False,0.3354252576828003,False
2153,p0n2463,69,1.35,0.05625,80430.0,27.0,C-5,71,2,0,0.8492727279663086,True,0.2959573268890381,False,0.33299902081489563,False
2154,p0n2464,69,1.40625,0.05625,80457.0,27.0,A-4,68,2,0,0.9794101715087891,True,0.5640124678611755,True,0.42566895484924316,False
2155,p0n2465,69,1.4625,0.05625,80484.0,27.0,F4,65,2,0,0.024722332134842873,False,0.11289502680301666,False,0.2726125717163086,False
2156,p0n2466,69,1.51875,0.05625,80511.0,27.0,E-4,63,2,0,0.48625364899635315,False,0.223783478140831,False,0.3067622780799866,False
2157,p0n2468,69,1.575,0.05625,80538.0,27.0,C-4,59,2,0,0.407053142786026,False,0.21303972601890564,False,0.30165284872055054,False
2158,p0n2469,69,1.63125,0.05625,80565.0,27.0,A-3,56,2,0,0.9579315185546875,True,0.7740707397460938,True,0.5319692492485046,True
2159,p0n2470,69,1.6875,0.05625,80592.0,27.0,C-4,59,2,0,0.6043298244476318,True,0.702518105506897,True,0.4097205102443695,False
2160,p0n2471,69,1.74375,0.05625,80619.0,27.0,E-4,63,2,0,0.610169529914856,True,0.29657530784606934,False,0.3161117136478424,False
2161,p0n2472,69,1.8,0.05625,80646.0,27.0,F4,65,2,0,0.050467297434806824,False,0.11406756192445755,False,0.2726524770259857,False
2162,p0n2473,69,1.85625,0.05625,80673.0,27.0,A-4,68,1,0,0.9851442575454712,True,0.2651366591453552,False,0.32274168729782104,False
2163,p0n2474,69,1.9125,0.05625,80700.0,27.0,C-5,71,1,0,0.33823472261428833,False,0.29461339116096497,False,0.3099188208580017,False
2164,p0n2475,69,1.96875,0.05625,80727.0,27.0,E-5,75,1,0,0.8907475471496582,True,0.3221675455570221,False,0.3190810978412628,False
2165,p0n2476,69,2.025,0.05625,80754.0,27.0,A-5,80,1,0,0.4838831424713135,False,0.1454029679298401,False,0.27875515818595886,False
2166,p0n2478,69,2.08125,0.05625,80781.0,27.0,E-5,75,1,0,0.8761700391769409,True,0.5197352766990662,True,0.4630948603153229,False
2167,p0n2479,69,2.1375,0.05625,80808.0,27.0,C-5,71,1,0,0.440134733915329,False,0.21180397272109985,False,0.29672619700431824,False
2168,p0n2480,69,2.19375,0.05625,80835.0,27.0,A-4,68,1,0,0.9746251106262207,True,0.36152973771095276,False,0.3236265778541565,False
2169,p0n2481,69,2.25,0.05625,80862.0,27.0,F4,65,2,0,0.05941199138760567,False,0.11667775362730026,False,0.2731205224990845,False
2170,p0n2482,69,2.30625,0.05625,80889.0,27.0,E-4,63,2,0,0.50726318359375,True,0.18331462144851685,False,0.2934305667877197,False
2171,p0n2483,69,2.3625,0.05625,80916.0,27.0,C-4,59,2,0,0.8912873864173889,True,0.8562483191490173,True,0.5326232314109802,True
2172,p0n2484,69,2.41875,0.05625,80943.0,27.0,A-3,56,2,0,0.9662147760391235,True,0.6589645147323608,True,0.45284825563430786,False
2173,p0n2485,69,2.475,0.05625,80970.0,27.0,F3,53,2,0,0.5621374845504761,True,0.30135586857795715,False,0.3197360932826996,False
2174,p0n2486,69,2.53125,0.05625,80997.0,27.0,E-3,51,2,0,0.6959049701690674,True,0.46613016724586487,False,0.3342393636703491,False
2175,p0n2488,69,2.5875,0.05625,81024.0,27.0,C-3,47,2,0,0.8774718642234802,True,0.7063839435577393,True,0.32974639534950256,False
2176,p0n2489,69,2.64375,0.05625,81051.0,27.0,A-2,44,2,0,0.812024712562561,True,0.590507447719574,True,0.33214303851127625,False
2177,p0n2490,69,2.7,0.05625,81078.0,27.0,C-3,47,2,0,0.8615375757217407,True,0.530166506767273,True,0.29092466831207275,False
2178,p0n2491,69,2.75625,0.05625,81105.0,27.0,E-3,51,2,0,0.8416448831558228,True,0.4774433374404907,False,0.32308655977249146,False
2179,p0n2492,69,2.8125,0.05625,81132.0,27.0,F3,53,2,0,0.3868890702724457,False,0.23180009424686432,False,0.2925662100315094,False
2180,p0n2493,69,2.86875,0.05625,81159.0,27.0,A-3,56,1,0,0.9181958436965942,True,0.8162631988525391,True,0.5496188402175903,True
2181,p0n2494,69,2.925,0.05625,81186.0,27.0,C-4,59,1,0,0.9064204096794128,True,0.7027647495269775,True,0.46683433651924133,False
2182,p0n2495,69,2.98125,0.05625,81213.0,27.0,E-4,63,1,0,0.5354277491569519,True,0.22959528863430023,False,0.29605430364608765,False
2183,p0n2496,69,3.0375,0.05625,81240.0,27.0,A-4,68,1,0,0.9634700417518616,True,0.8742978572845459,True,0.7023037672042847,True
2184,p0n2498,69,3.09375,0.05625,81267.0,27.0,E-4,63,1,0,0.47324326634407043,False,0.2309117168188095,False,0.30608946084976196,False
2185,p0n2500,69,3.15,0.05625,81294.0,27.0,C-4,59,1,0,0.9325289726257324,True,0.7097112536430359,True,0.4655798375606537,False
2186,p0n2502,69,3.20625,0.05625,81321.0,27.0,A-3,56,1,0,0.942698061466217,True,0.831204354763031,True,0.7822902798652649,True
2187,p0n2504,69,3.2625,0.05625,81348.0,27.0,F3,53,2,0,0.48791447281837463,False,0.24878375232219696,False,0.29791519045829773,False
2188,p0n2506,69,3.31875,0.05625,81375.0,27.0,E-3,51,2,0,0.6548733711242676,True,0.6489119529724121,True,0.16981549561023712,False
2189,p0n2508,69,3.375,0.05625,81402.0,27.0,C-3,47,2,0,0.7899434566497803,True,0.5851259827613831,True,0.32819846272468567,False
2190,p0n2510,69,3.43125,0.05625,81429.0,27.0,A-2,44,2,0,0.8906508088111877,True,0.6251040101051331,True,0.27604711055755615,False
2191,p0n2512,69,3.4875,0.05625,81456.0,27.0,F2,41,2,0,0.4809527099132538,False,0.23725628852844238,False,0.2950595021247864,False
2192,p0n2514,69,3.54375,0.05625,81483.0,27.0,E-2,39,2,0,0.7851102948188782,True,0.6068285703659058,True,0.35245203971862793,False
2193,p0n2516,69,3.6,0.05625,81510.0,27.0,C-2,35,2,0,0.8529950976371765,True,0.5470126271247864,True,0.3587913513183594,False
2194,p0n2518,69,3.65625,0.05625,81537.0,27.0,A-1,32,2,0,0.884004533290863,True,0.680252194404602,True,0.585003674030304,True
2195,p0n2520,69,3.7125,0.05625,81564.0,27.0,F3,53,1,0,0.14298957586288452,False,0.15906406939029694,False,0.27846506237983704,False
2196,p0n2522,69,3.76875,0.05625,81591.0,27.0,C-3,47,1,0,0.8167685866355896,True,0.40872877836227417,False,0.32903119921684265,False
2197,p0n2526,69,3.88125,0.05625,81645.0,27.0,F2,41,1,0,0.40766724944114685,False,0.2948616147041321,False,0.31032034754753113,False
2198,p0n2530,69,3.99375,0.05625,81699.0,27.0,A-1,32,1,0,0.8060560822486877,True,0.6603968739509583,True,0.5572179555892944,True
2199,p0n2531,69,4.00625,0.05625,81705.0,27.0,B-0,22,2,0,0.8602325320243835,True,0.7010026574134827,True,0.5081620812416077,True
2200,p0n2534,70,0.0,1.0,81732.0,480.0,D7,98,1,0,0.6978949904441833,True,0.1787721961736679,False,0.27824652194976807,False
2201,p0n2533,70,0.0,1.0,81732.0,480.0,G6,91,1,0,0.10648088157176971,False,0.16959477961063385,False,0.2911749482154846,False
2202,p0n2532,70,0.0,1.0,81732.0,480.0,F6,89,1,0,0.1403718888759613,False,0.14053653180599213,False,0.2757243514060974,False
2203,p0n2535,70,0.0,0.125,81732.0,60.0,B-0,22,2,0,0.8011348843574524,True,0.5896592736244202,True,0.4984790086746216,False
2204,p0n2537,70,0.125,0.125,81792.0,60.0,B-1,34,2,0,0.7062831521034241,True,0.264687716960907,False,0.3160150349140167,False
2205,p0n2538,70,0.25,0.125,81852.0,60.0,F2,41,2,0,0.38138020038604736,False,0.22668573260307312,False,0.2914819121360779,False
2206,p0n2539,70,0.375,0.125,81912.0,60.0,B-2,46,2,0,0.522861123085022,True,0.37588992714881897,False,0.3007148802280426,False
2207,p0n2540,70,0.5,0.125,81972.0,60.0,D3,50,2,0,0.8582246899604797,True,0.3688507080078125,False,0.3004392087459564,False
2208,p0n2541,70,0.625,0.125,82032.0,60.0,F3,53,2,0,0.1779979020357132,False,0.16966283321380615,False,0.27985823154449463,False
2209,p0n2542,70,0.75,0.125,82092.0,60.0,D3,50,2,0,0.6640229821205139,True,0.28637444972991943,False,0.29181599617004395,False
2210,p0n2543,70,0.875,0.125,82152.0,60.0,B-2,46,2,0,0.5230302810668945,True,0.3005138337612152,False,0.28885412216186523,False
2211,p0n2545,70,1.0,1.0,82212.0,480.0,G7,103,1,0,0.7616482973098755,True,0.16072483360767365,False,0.2896377444267273,False
2212,p0n2544,70,1.0,1.0,82212.0,480.0,F7,101,1,0,0.20608320832252502,False,0.15128740668296814,False,0.2779926657676697,False
2213,p0n2546,70,1.0,0.11041666666666666,82212.0,53.0,F2,41,2,0,0.5137332081794739,True,0.5360084176063538,True,0.3219977617263794,False
2214,p0n2547,70,1.1104166666666666,0.11041666666666666,82265.0,53.0,B-2,46,2,0,0.5903521776199341,True,0.3271966576576233,False,0.3038688004016876,False
2215,p0n2548,70,1.2208333333333334,0.11041666666666666,82318.0,53.0,D3,50,2,0,0.6509577035903931,True,0.24097833037376404,False,0.28129714727401733,False
2216,p0n2549,70,1.33125,0.11041666666666666,82371.0,53.0,F3,53,2,0,0.3197941482067108,False,0.19716554880142212,False,0.2850847840309143,False
2217,p0n2550,70,1.4416666666666667,0.11041666666666666,82424.0,53.0,B-3,58,2,0,0.12166272848844528,False,0.15828344225883484,False,0.2845473289489746,False
2218,p0n2551,70,1.5520833333333333,0.11041666666666666,82477.0,53.0,D4,62,2,0,0.977948009967804,True,0.1915910392999649,False,0.2868066728115082,False
2219,p0n2552,70,1.6625,0.11041666666666666,82530.0,53.0,F4,65,2,0,0.0252357330173254,False,0.113629549741745,False,0.27259624004364014,False
2220,p0n2553,70,1.7729166666666667,0.11041666666666666,82583.0,53.0,D4,62,2,0,0.9694869518280029,True,0.17767836153507233,False,0.2868732213973999,False
2221,p0n2554,70,1.8833333333333333,0.11041666666666666,82636.0,53.0,B-3,58,2,0,0.2243412584066391,False,0.1850721836090088,False,0.28969064354896545,False
2222,p0n2555,70,1.99375,0.08333333333333333,82689.0,40.0,F3,53,2,0,0.3647674322128296,False,0.2062787264585495,False,0.2862820029258728,False
2223,p0n2558,70,2.0,0.3333333333333333,82692.0,160.0,D7,98,1,0,0.6303760409355164,True,0.1749527007341385,False,0.2804284989833832,False
2224,p0n2557,70,2.0,0.3333333333333333,82692.0,160.0,G6,91,1,0,0.2316405326128006,False,0.207544207572937,False,0.3001861274242401,False
2225,p0n2556,70,2.0,0.3333333333333333,82692.0,160.0,F6,89,1,0,0.2689446210861206,False,0.1748512238264084,False,0.2807482182979584,False
2226,p0n2559,70,2.0770833333333334,0.08333333333333333,82729.0,40.0,B-3,58,2,0,0.2195911854505539,False,0.1870984435081482,False,0.2901226580142975,False
2227,p0n2560,70,2.160416666666667,0.08333333333333333,82769.0,40.0,D4,62,2,0,0.9313256740570068,True,0.23708704113960266,False,0.2917601466178894,False
2228,p0n2561,70,2.24375,0.08333333333333333,82809.0,40.0,F4,65,2,0,0.04729154706001282,False,0.11376138776540756,False,0.272634893655777,False
2229,p0n2562,70,2.3270833333333334,0.08333333333333333,82849.0,40.0,B-4,70,2,0,0.19265098869800568,False,0.12529215216636658,False,0.28689149022102356,False
2230,p0n2563,70,2.3333333333333335,0.3333333333333333,82852.0,160.0,F7,101,1,0,0.23750634491443634,False,0.1604205220937729,False,0.2797165513038635,False
2231,p0n2564,70,2.410416666666667,0.08333333333333333,82889.0,40.0,D5,74,2,0,0.9617307782173157,True,0.21698270738124847,False,0.2916131615638733,False
2232,p0n2565,70,2.49375,0.08333333333333333,82929.0,40.0,F5,77,2,0,0.29001134634017944,False,0.1869705468416214,False,0.28371283411979675,False
2233,p0n2566,70,2.5770833333333334,0.08333333333333333,82969.0,40.0,B-5,82,2,0,0.7837425470352173,True,0.15175071358680725,False,0.28571832180023193,False
2234,p0n2567,70,2.660416666666667,0.08333333333333333,83009.0,40.0,D6,86,2,0,0.8888645172119141,True,0.42987802624702454,False,0.37396758794784546,False
2235,p0n2569,70,2.6666666666666665,0.08333333333333333,83012.0,40.0,D7,98,1,0,0.37841564416885376,False,0.13420864939689636,False,0.27886512875556946,False
2236,p0n2568,70,2.6666666666666665,0.08333333333333333,83012.0,40.0,B-6,94,1,0,0.35819441080093384,False,0.1724003553390503,False,0.2951205372810364,False
2237,p0n2570,70,2.74375,0.08333333333333333,83049.0,40.0,F6,89,2,0,0.42389583587646484,False,0.2207181751728058,False,0.2888216972351074,False
2238,p0n2571,70,2.75,0.08333333333333333,83052.0,40.0,G7,103,1,0,0.7140696048736572,True,0.24082490801811218,False,0.30519241094589233,False
2239,p0n2572,70,2.8270833333333334,0.08333333333333333,83089.0,40.0,B-6,94,2,0,0.12959550321102142,False,0.12427729368209839,False,0.2872791290283203,False
2240,p0n2573,70,2.8333333333333335,0.08333333333333333,83092.0,40.0,F7,101,1,0,0.18441027402877808,False,0.16568662226200104,False,0.28068166971206665,False
2241,p0n2574,70,2.910416666666667,0.08333333333333333,83129.0,40.0,D7,98,2,0,0.6584495306015015,True,0.18646307289600372,False,0.2864215075969696,False
2242,p0n2575,70,2.9166666666666665,0.08333333333333333,83132.0,40.0,G7,103,1,0,0.5454176068305969,True,0.3325798213481903,False,0.32917869091033936,False
2243,p0n2577,71,0.05,0.25,83196.0,120.0,F-7,100,2,0,0.12802357971668243,False,0.1552637368440628,False,0.279255211353302,False
2244,p0n2579,71,0.05625,0.05625,83199.0,27.0,F-7,100,1,0,0.09115727245807648,False,0.1296466737985611,False,0.27531537413597107,False
2245,p0n2580,71,0.1125,0.05625,83226.0,27.0,D-7,97,1,0,0.1525004506111145,False,0.11969345808029175,False,0.27753904461860657,False
2246,p0n2581,71,0.16875,0.05625,83253.0,27.0,A-6,92,1,0,0.5371319055557251,True,0.1536366492509842,False,0.2752917408943176,False
2247,p0n2582,71,0.225,0.05625,83280.0,27.0,F-6,88,2,0,0.47823014855384827,False,0.5620669722557068,True,0.40321147441864014,False
2248,p0n2583,71,0.28125,0.05625,83307.0,27.0,D-6,85,2,0,0.26222723722457886,False,0.1581908017396927,False,0.28303226828575134,False
2249,p0n2585,71,0.3375,0.05625,83334.0,27.0,B-5,82,2,0,0.6971778869628906,True,0.14301587641239166,False,0.27703237533569336,False
2250,p0n2586,71,0.39375,0.05625,83361.0,27.0,A-5,80,2,0,0.5459691882133484,True,0.21916818618774414,False,0.28227704763412476,False
2251,p0n2587,71,0.45,0.05625,83388.0,27.0,F-5,76,2,0,0.060910437256097794,False,0.13001485168933868,False,0.27439334988594055,False
2252,p0n2588,71,0.50625,0.05625,83415.0,27.0,D-5,73,2,0,0.3012825548648834,False,0.1729705035686493,False,0.28584280610084534,False
2253,p0n2590,71,0.5625,0.05625,83442.0,27.0,B-4,70,2,0,0.12392767518758774,False,0.11547490209341049,False,0.2850240468978882,False
2254,p0n2591,71,0.61875,0.05625,83469.0,27.0,A-4,68,2,0,0.5616783499717712,True,0.5790303349494934,True,0.47228094935417175,False
2255,p0n2592,71,0.675,0.05625,83496.0,27.0,B-4,70,2,0,0.16269038617610931,False,0.11333023756742477,False,0.2855304479598999,False
2256,p0n2593,71,0.73125,0.05625,83523.0,27.0,D-5,73,2,0,0.3305269777774811,False,0.17168278992176056,False,0.2847619950771332,False
2257,p0n2594,71,0.7875,0.05625,83550.0,27.0,F-5,76,1,0,0.10407251864671707,False,0.13779625296592712,False,0.2755548357963562,False
2258,p0n2595,71,0.84375,0.05625,83577.0,27.0,A-5,80,1,0,0.6582165360450745,True,0.17276158928871155,False,0.28412309288978577,False
2259,p0n2596,71,0.9,0.05625,83604.0,27.0,D-6,85,1,0,0.14288580417633057,False,0.13240943849086761,False,0.2795737385749817,False
2260,p0n2597,71,0.95625,0.05625,83631.0,27.0,F-6,88,1,0,0.6413290500640869,True,0.4870443344116211,False,0.33810684084892273,False
2261,p0n2600,71,1.06875,0.05625,83685.0,27.0,F-6,88,1,0,0.465364009141922,False,0.26927730441093445,False,0.30479466915130615,False
2262,p0n2601,71,1.125,0.05625,83712.0,27.0,D-6,85,1,0,0.22150607407093048,False,0.1334805190563202,False,0.27945104241371155,False
2263,p0n2602,71,1.18125,0.05625,83739.0,27.0,A-5,80,1,0,0.6119343638420105,True,0.19738724827766418,False,0.2778449058532715,False
2264,p0n2603,71,1.2375,0.05625,83766.0,27.0,F-5,76,2,0,0.22084732353687286,False,0.1747158318758011,False,0.2820351719856262,False
2265,p0n2604,71,1.29375,0.05625,83793.0,27.0,D-5,73,2,0,0.32364362478256226,False,0.15617921948432922,False,0.28310123085975647,False
2266,p0n2605,71,1.35,0.05625,83820.0,27.0,B-4,70,2,0,0.09746108949184418,False,0.12091486155986786,False,0.2829200029373169,False
2267,p0n2606,71,1.40625,0.05625,83847.0,27.0,A-4,68,2,0,0.8897995352745056,True,0.6571497917175293,True,0.5162835121154785,True
2268,p0n2607,71,1.4625,0.05625,83874.0,27.0,F-4,64,2,0,0.012139355763792992,False,0.11775576323270798,False,0.2725597023963928,False
2269,p0n2608,71,1.51875,0.05625,83901.0,27.0,D-4,61,2,0,0.6155010461807251,True,0.5056052207946777,True,0.3909463882446289,False
2270,p0n2609,71,1.575,0.05625,83928.0,27.0,B-3,58,2,0,0.04611319303512573,False,0.14058153331279755,False,0.2814086079597473,False
2271,p0n2610,71,1.63125,0.05625,83955.0,27.0,A-3,56,2,0,0.9024611115455627,True,0.8759523630142212,True,0.8247345685958862,True
2272,p0n2611,71,1.6875,0.05625,83982.0,27.0,B-3,58,2,0,0.07188248634338379,False,0.14402684569358826,False,0.2819364666938782,False
2273,p0n2612,71,1.74375,0.05625,84009.0,27.0,D-4,61,2,0,0.8305440545082092,True,0.6286557912826538,True,0.3554444909095764,False
2274,p0n2613,71,1.8,0.05625,84036.0,27.0,F-4,64,1,0,0.013284333050251007,False,0.11811421066522598,False,0.27262091636657715,False
2275,p0n2614,71,1.85625,0.05625,84063.0,27.0,A-4,68,1,0,0.7190093398094177,True,0.6216932535171509,True,0.4964327812194824,False
2276,p0n2615,71,1.9125,0.05625,84090.0,27.0,D-5,73,1,0,0.12160614877939224,False,0.13220134377479553,False,0.2793859839439392,False
2277,p0n2616,71,1.96875,0.05625,84117.0,27.0,F-5,76,1,0,0.16646608710289001,False,0.17246197164058685,False,0.28161290287971497,False
2278,p0n2619,71,2.08125,0.05625,84171.0,27.0,F-5,76,1,0,0.14325909316539764,False,0.15369640290737152,False,0.27816832065582275,False
2279,p0n2620,71,2.1375,0.05625,84198.0,27.0,D-5,73,1,0,0.36997488141059875,False,0.13985569775104523,False,0.28044018149375916,False
2280,p0n2621,71,2.19375,0.05625,84225.0,27.0,A-4,68,1,0,0.5926971435546875,True,0.5659385919570923,True,0.4729364514350891,False
2281,p0n2622,71,2.25,0.05625,84252.0,27.0,F-4,64,2,0,0.03564982861280441,False,0.12057085335254669,False,0.27295589447021484,False
2282,p0n2623,71,2.30625,0.05625,84279.0,27.0,D-4,61,2,0,0.6886655688285828,True,0.6213648319244385,True,0.4527382552623749,False
2283,p0n2624,71,2.3625,0.05625,84306.0,27.0,B-3,58,2,0,0.04220021888613701,False,0.14034923911094666,False,0.28136947751045227,False
2284,p0n2625,71,2.41875,0.05625,84333.0,27.0,A-3,56,2,0,0.9152773022651672,True,0.8359906077384949,True,0.7893571853637695,True
2285,p0n2626,71,2.475,0.05625,84360.0,27.0,F-3,52,2,0,0.11290107667446136,False,0.15072953701019287,False,0.28227096796035767,False
2286,p0n2627,71,2.53125,0.05625,84387.0,27.0,D-3,49,2,0,0.794880211353302,True,0.18606629967689514,False,0.28622767329216003,False
2287,p0n2629,71,2.5875,0.05625,84414.0,27.0,B-2,46,2,0,0.2838422358036041,False,0.20216229557991028,False,0.29252952337265015,False
2288,p0n2630,71,2.64375,0.05625,84441.0,27.0,A-2,44,2,0,0.8115771412849426,True,0.668870747089386,True,0.3718090355396271,False
2289,p0n2631,71,2.7,0.05625,84468.0,27.0,B-2,46,2,0,0.39820384979248047,False,0.21801218390464783,False,0.29539188742637634,False
2290,p0n2632,71,2.75625,0.05625,84495.0,27.0,D-3,49,2,0,0.9113267660140991,True,0.24691234529018402,False,0.29825329780578613,False
2291,p0n2633,71,2.8125,0.05625,84522.0,27.0,F-3,52,2,0,0.08579722046852112,False,0.1342788189649582,False,0.2746785283088684,False
2292,p0n2634,71,2.86875,0.05625,84549.0,27.0,A-3,56,1,0,0.7761695981025696,True,0.7422523498535156,True,0.7207987308502197,True
2293,p0n2635,71,2.925,0.05625,84576.0,27.0,D-4,61,1,0,0.824474573135376,True,0.4064633250236511,False,0.351421982049942,False
2294,p0n2636,71,2.98125,0.05625,84603.0,27.0,F-4,64,1,0,0.03286305069923401,False,0.12023089826107025,False,0.27293023467063904,False
2295,p0n2637,71,3.0375,0.05625,84630.0,27.0,A-4,68,1,0,0.8717220425605774,True,0.6489325761795044,True,0.5274565815925598,True
2296,p0n2639,71,3.09375,0.05625,84657.0,27.0,F-4,64,1,0,0.013203230686485767,False,0.1175476461648941,False,0.27256008982658386,False
2297,p0n2640,71,3.15,0.05625,84684.0,27.0,D-4,61,1,0,0.7674205899238586,True,0.5235593914985657,True,0.41637545824050903,False
2298,p0n2641,71,3.20625,0.05625,84711.0,27.0,A-3,56,1,0,0.7239919304847717,True,0.756130576133728,True,0.7181901335716248,True
2299,p0n2642,71,3.2625,0.05625,84738.0,27.0,F-3,52,2,0,0.19594806432724,False,0.1286710500717163,False,0.2744058072566986,False
2300,p0n2643,71,3.31875,0.05625,84765.0,27.0,D-3,49,2,0,0.33572039008140564,False,0.12130841612815857,False,0.2740823030471802,False
2301,p0n2644,71,3.375,0.05625,84792.0,27.0,B-2,46,2,0,0.5314703583717346,True,0.49893927574157715,False,0.3235466778278351,False
2302,p0n2645,71,3.43125,0.05625,84819.0,27.0,A-2,44,2,0,0.9162940382957458,True,0.7559587359428406,True,0.4198511242866516,False
2303,p0n2646,71,3.4875,0.05625,84846.0,27.0,F-2,40,2,0,0.7466379404067993,True,0.47138145565986633,False,0.3349889814853668,False
2304,p0n2647,71,3.54375,0.05625,84873.0,27.0,D-2,37,2,0,0.6833699345588684,True,0.47633856534957886,False,0.29854723811149597,False
2305,p0n2649,71,3.6,0.05625,84900.0,27.0,B-1,34,2,0,0.2606065571308136,False,0.27815988659858704,False,0.30383169651031494,False
2306,p0n2652,71,3.65625,0.05625,84927.0,27.0,A-1,32,2,0,0.9147598147392273,True,0.6766588687896729,True,0.4709620177745819,False
2307,p0n2656,71,3.76875,0.05625,84981.0,27.0,B-2,46,1,0,0.63265460729599,True,0.5200294852256775,True,0.4232008755207062,False
2308,p0n2660,71,3.88125,0.05625,85035.0,27.0,F-2,40,1,0,0.7562319040298462,True,0.43599697947502136,False,0.35555633902549744,False
2309,p0n2664,71,3.99375,0.05625,85089.0,27.0,A-1,32,1,0,0.8668108582496643,True,0.45136988162994385,False,0.3392484784126282,False
2310,p0n2665,71,4.0,0.05,85092.0,24.0,B-0,22,2,0,0.8005359172821045,True,0.6895389556884766,True,0.5263492465019226,True
2311,p0n2668,72,0.0,1.5,85116.0,720.0,D7,98,1,0,0.13759426772594452,False,0.11109526455402374,False,0.27412980794906616,False
2312,p0n2667,72,0.0,1.5,85116.0,720.0,G6,91,1,0,0.14336034655570984,False,0.1672021746635437,False,0.29181256890296936,False
2313,p0n2666,72,0.0,1.5,85116.0,720.0,F6,89,1,0,0.5991447567939758,True,0.22341932356357574,False,0.29312437772750854,False
2314,p0n2669,72,0.0,0.125,85116.0,60.0,B-0,22,2,0,0.776667058467865,True,0.6866856217384338,True,0.5332177877426147,True
2315,p0n2671,72,0.125,0.125,85176.0,60.0,B-1,34,2,0,0.5007361173629761,True,0.45238232612609863,False,0.3537466526031494,False
2316,p0n2672,72,0.25,0.125,85236.0,60.0,F2,41,2,0,0.6558933258056641,True,0.6297731995582581,True,0.39035463333129883,False
2317,p0n2673,72,0.375,0.125,85296.0,60.0,B-2,46,2,0,0.600633442401886,True,0.4749542772769928,False,0.31786873936653137,False
2318,p0n2674,72,0.5,0.125,85356.0,60.0,D3,50,2,0,0.8852299451828003,True,0.3726253807544708,False,0.29186519980430603,False
2319,p0n2675,72,0.625,0.125,85416.0,60.0,F3,53,2,0,0.5370270013809204,True,0.5866860151290894,True,0.5259850025177002,True
2320,p0n2676,72,0.75,0.125,85476.0,60.0,D3,50,2,0,0.7554789781570435,True,0.2435162216424942,False,0.2835751175880432,False
2321,p0n2677,72,0.875,0.125,85536.0,60.0,B-2,46,2,0,0.6051857471466064,True,0.562073826789856,True,0.37179720401763916,False
2322,p0n2678,72,1.0,0.11041666666666666,85596.0,53.0,F2,41,2,0,0.6358304619789124,True,0.6327806115150452,True,0.3582870364189148,False
2323,p0n2679,72,1.1104166666666666,0.11041666666666666,85649.0,53.0,B-2,46,2,0,0.5848220586776733,True,0.5690985321998596,True,0.3968185782432556,False
2324,p0n2680,72,1.2208333333333334,0.11041666666666666,85702.0,53.0,D3,50,2,0,0.8599230051040649,True,0.41939324140548706,False,0.28862252831459045,False
2325,p0n2681,72,1.33125,0.11041666666666666,85755.0,53.0,F3,53,2,0,0.6503589749336243,True,0.34627386927604675,False,0.33534830808639526,False
2326,p0n2682,72,1.4416666666666667,0.11041666666666666,85808.0,53.0,B-3,58,2,0,0.22618606686592102,False,0.19256094098091125,False,0.2911064624786377,False
2327,p0n2684,72,1.5,1.5,85836.0,720.0,G7,103,1,0,0.9793106913566589,True,0.34672874212265015,False,0.33678287267684937,False
2328,p0n2683,72,1.5,1.5,85836.0,720.0,F7,101,1,0,0.6627525091171265,True,0.4216241240501404,False,0.31573599576950073,False
2329,p0n2685,72,1.5520833333333333,0.11041666666666666,85861.0,53.0,D4,62,2,0,0.9128310680389404,True,0.4808797240257263,False,0.3189811110496521,False
2330,p0n2686,72,1.6625,0.11041666666666666,85914.0,53.0,F4,65,2,0,0.16584457457065582,False,0.13160227239131927,False,0.27468371391296387,False
2331,p0n2687,72,1.7729166666666667,0.11041666666666666,85967.0,53.0,D4,62,2,0,0.9002800583839417,True,0.42019692063331604,False,0.3074493408203125,False
2332,p0n2688,72,1.8833333333333333,0.11041666666666666,86020.0,53.0,B-3,58,2,0,0.332447350025177,False,0.22649860382080078,False,0.2984705865383148,False
2333,p0n2689,72,1.99375,0.08333333333333333,86073.0,40.0,F3,53,2,0,0.6800339818000793,True,0.3375403881072998,False,0.33415791392326355,False
2334,p0n2690,72,2.0770833333333334,0.08333333333333333,86113.0,40.0,B-3,58,2,0,0.2517196238040924,False,0.19885091483592987,False,0.29253074526786804,False
2335,p0n2691,72,2.160416666666667,0.08333333333333333,86153.0,40.0,D4,62,2,0,0.9252945184707642,True,0.42531877756118774,False,0.3108559548854828,False
2336,p0n2692,72,2.24375,0.08333333333333333,86193.0,40.0,F4,65,2,0,0.2115468978881836,False,0.13234391808509827,False,0.2751176059246063,False
2337,p0n2693,72,2.3270833333333334,0.08333333333333333,86233.0,40.0,B-4,70,2,0,0.24542810022830963,False,0.13275481760501862,False,0.2881067097187042,False
2338,p0n2694,72,2.410416666666667,0.08333333333333333,86273.0,40.0,D5,74,2,0,0.7955841422080994,True,0.11286477744579315,False,0.2772505283355713,False
2339,p0n2695,72,2.49375,0.08333333333333333,86313.0,40.0,F5,77,2,0,0.5506942272186279,True,0.24901410937309265,False,0.29114651679992676,False
2340,p0n2696,72,2.5770833333333334,0.08333333333333333,86353.0,40.0,D5,74,2,0,0.7807696461677551,True,0.08134261518716812,False,0.27675122022628784,False
2341,p0n2697,72,2.660416666666667,0.08333333333333333,86393.0,40.0,B-4,70,2,0,0.35424602031707764,False,0.1456579864025116,False,0.2901575565338135,False
2342,p0n2698,72,2.74375,0.08333333333333333,86433.0,40.0,F4,65,2,0,0.2806767523288727,False,0.1433708518743515,False,0.2759992778301239,False
2343,p0n2699,72,2.8270833333333334,0.08333333333333333,86473.0,40.0,D4,62,2,0,0.9011660814285278,True,0.35819491744041443,False,0.3006810247898102,False
2344,p0n2700,72,2.910416666666667,0.08333333333333333,86513.0,40.0,B-3,58,2,0,0.28117501735687256,False,0.2093101590871811,False,0.2941792905330658,False
2345,p0n2701,72,2.99375,0.08333333333333333,86553.0,40.0,F3,53,2,0,0.6319205164909363,True,0.2454977184534073,False,0.3135018050670624,False
2346,p0n2703,72,3.0,0.3333333333333333,86556.0,160.0,G6,91,1,0,0.12955132126808167,False,0.16743846237659454,False,0.29126521944999695,False
2347,p0n2702,72,3.0,0.3333333333333333,86556.0,160.0,F6,89,1,0,0.46463918685913086,False,0.23240873217582703,False,0.2927576005458832,False
2348,p0n2704,72,3.0770833333333334,0.08333333333333333,86593.0,40.0,B-3,58,2,0,0.2303408980369568,False,0.1902976781129837,False,0.29050204157829285,False
2349,p0n2705,72,3.160416666666667,0.08333333333333333,86633.0,40.0,D4,62,2,0,0.9283390641212463,True,0.5035685896873474,True,0.3185887336730957,False
2350,p0n2706,72,3.24375,0.08333333333333333,86673.0,40.0,F4,65,2,0,0.12499257922172546,False,0.12178084999322891,False,0.2735133171081543,False
2351,p0n2707,72,3.3270833333333334,0.08333333333333333,86713.0,40.0,B-4,70,2,0,0.3174642324447632,False,0.13910900056362152,False,0.2889959216117859,False
2352,p0n2708,72,3.3333333333333335,0.3333333333333333,86716.0,160.0,F7,101,1,0,0.8622527718544006,True,0.4703902304172516,False,0.3107474446296692,False
2353,p0n2709,72,3.410416666666667,0.08333333333333333,86753.0,40.0,D5,74,2,0,0.700431227684021,True,0.16362716257572174,False,0.27439284324645996,False
2354,p0n2710,72,3.49375,0.08333333333333333,86793.0,40.0,F5,77,2,0,0.22872230410575867,False,0.16801771521568298,False,0.27996182441711426,False
2355,p0n2711,72,3.5770833333333334,0.08333333333333333,86833.0,40.0,B-5,82,2,0,0.5692676901817322,True,0.18758907914161682,False,0.27947020530700684,False
2356,p0n2712,72,3.660416666666667,0.08333333333333333,86873.0,40.0,D6,86,2,0,0.7688429355621338,True,0.6527050137519836,True,0.4560511112213135,False
2357,p0n2714,72,3.6666666666666665,0.08333333333333333,86876.0,40.0,F7,101,1,0,0.6081522703170776,True,0.261393278837204,False,0.3031361401081085,False
2358,p0n2713,72,3.6666666666666665,0.08333333333333333,86876.0,40.0,D7,98,1,0,0.05767252296209335,False,0.1109284982085228,False,0.27415862679481506,False
2359,p0n2715,72,3.74375,0.08333333333333333,86913.0,40.0,F6,89,2,0,0.5749956965446472,True,0.15407013893127441,False,0.279977023601532,False
2360,p0n2716,72,3.75,0.08333333333333333,86916.0,40.0,G7,103,1,0,0.9776929020881653,True,0.30019891262054443,False,0.3289165794849396,False
2361,p0n2717,72,3.8270833333333334,0.08333333333333333,86953.0,40.0,B-6,94,2,0,0.6517164707183838,True,0.17490865290164948,False,0.2937685251235962,False
2362,p0n2719,72,3.910416666666667,0.08333333333333333,86993.0,40.0,D7,98,2,0,0.2965150475502014,False,0.13142190873622894,False,0.278730571269989,False
2363,p0n2720,72,3.9166666666666665,0.08333333333333333,86996.0,40.0,G7,103,1,0,0.9644533395767212,True,0.17498165369033813,False,0.30508971214294434,False
2364,p0n2721,73,0.0,0.05625,87036.0,27.0,A-6,92,1,0,0.20735518634319305,False,0.13044311106204987,False,0.2751993238925934,False
2365,p0n2722,73,0.0375,0.25,87054.0,120.0,F6,89,2,0,0.3975796103477478,False,0.21610942482948303,False,0.29297423362731934,False
2366,p0n2724,73,0.05625,0.05625,87063.0,27.0,E-6,87,1,0,0.7244347333908081,True,0.24270935356616974,False,0.3058399260044098,False
2367,p0n2725,73,0.1125,0.05625,87090.0,27.0,C6,84,1,0,0.17696571350097656,False,0.10038518160581589,False,0.2775961458683014,False
2368,p0n2726,73,0.16875,0.05625,87117.0,27.0,A-5,80,1,0,0.3023838400840759,False,0.12559375166893005,False,0.27440062165260315,False
2369,p0n2727,73,0.225,0.05625,87144.0,27.0,F6,89,2,0,0.3401649296283722,False,0.15286946296691895,False,0.27874088287353516,False
2370,p0n2728,73,0.28125,0.05625,87171.0,27.0,E-6,87,2,0,0.9245467782020569,True,0.1717434823513031,False,0.2975103259086609,False
2371,p0n2730,73,0.3375,0.05625,87198.0,27.0,C6,84,2,0,0.2429482340812683,False,0.10122007131576538,False,0.2779579758644104,False
2372,p0n2731,73,0.39375,0.05625,87225.0,27.0,A-5,80,2,0,0.3837001621723175,False,0.1278514266014099,False,0.2749859392642975,False
2373,p0n2732,73,0.45,0.05625,87252.0,27.0,F5,77,2,0,0.37691056728363037,False,0.172318696975708,False,0.28211304545402527,False
2374,p0n2733,73,0.50625,0.05625,87279.0,27.0,E-5,75,2,0,0.8993605375289917,True,0.8368688225746155,True,0.6178556680679321,True
2375,p0n2734,73,0.5625,0.05625,87306.0,27.0,C5,72,2,0,0.7685188055038452,True,0.7419264912605286,True,0.587338924407959,True
2376,p0n2735,73,0.61875,0.05625,87333.0,27.0,A-4,68,2,0,0.9303451776504517,True,0.6991552710533142,True,0.7275048494338989,True
2377,p0n2736,73,0.675,0.05625,87360.0,27.0,C5,72,2,0,0.7520211338996887,True,0.8809449672698975,True,0.7128406763076782,True
2378,p0n2737,73,0.73125,0.05625,87387.0,27.0,E-5,75,2,0,0.9374480843544006,True,0.8509055376052856,True,0.608381450176239,True
2379,p0n2738,73,0.7875,0.05625,87414.0,27.0,F5,77,2,0,0.3055498003959656,False,0.1626039296388626,False,0.2790347635746002,False
2380,p0n2739,73,0.84375,0.05625,87441.0,27.0,A-5,80,1,0,0.36414843797683716,False,0.14131546020507812,False,0.27717718482017517,False
2381,p0n2740,73,0.9,0.05625,87468.0,27.0,C6,84,1,0,0.251740425825119,False,0.10614291578531265,False,0.27882200479507446,False
2382,p0n2741,73,0.95625,0.05625,87495.0,27.0,E-6,87,1,0,0.8631659746170044,True,0.11405008286237717,False,0.2864261269569397,False
2383,p0n2742,73,1.0125,0.05625,87522.0,27.0,A-6,92,1,0,0.22403794527053833,False,0.1255636215209961,False,0.2745133936405182,False
2384,p0n2743,73,1.06875,0.05625,87549.0,27.0,E-6,87,1,0,0.8683423399925232,True,0.2481173723936081,False,0.28613030910491943,False
2385,p0n2744,73,1.125,0.05625,87576.0,27.0,C6,84,1,0,0.36453256011009216,False,0.11075957119464874,False,0.2796323001384735,False
2386,p0n2745,73,1.18125,0.05625,87603.0,27.0,A-5,80,1,0,0.4201003313064575,False,0.12619906663894653,False,0.2748337984085083,False
2387,p0n2746,73,1.2375,0.05625,87630.0,27.0,F5,77,2,0,0.32577061653137207,False,0.17323419451713562,False,0.28183433413505554,False
2388,p0n2748,73,1.29375,0.05625,87657.0,27.0,E-5,75,2,0,0.9228439331054688,True,0.6913637518882751,True,0.4439734220504761,False
2389,p0n2749,73,1.35,0.05625,87684.0,27.0,C5,72,2,0,0.9195184707641602,True,0.469118595123291,False,0.37302690744400024,False
2390,p0n2750,73,1.40625,0.05625,87711.0,27.0,A-4,68,2,0,0.8408021926879883,True,0.5216552019119263,True,0.4024384915828705,False
2391,p0n2751,73,1.4625,0.05625,87738.0,27.0,F4,65,2,0,0.09533219039440155,False,0.10954378545284271,False,0.27240532636642456,False
2392,p0n2752,73,1.51875,0.05625,87765.0,27.0,E-4,63,2,0,0.8565439581871033,True,0.8746668696403503,True,0.6611087322235107,True
2393,p0n2753,73,1.575,0.05625,87792.0,27.0,C4,60,2,0,0.8664556741714478,True,0.9008498787879944,True,0.7515406608581543,True
2394,p0n2755,73,1.6875,0.05625,87846.0,27.0,C4,60,2,0,0.919406533241272,True,0.8555939197540283,True,0.7081122994422913,True
2395,p0n2756,73,1.74375,0.05625,87873.0,27.0,E-4,63,2,0,0.9293025732040405,True,0.889460027217865,True,0.6587806940078735,True
2396,p0n2758,73,1.8,0.05625,87900.0,27.0,F4,65,2,0,0.03188110142946243,False,0.11003939807415009,False,0.2696107029914856,False
2397,p0n2759,73,1.85625,0.05625,87927.0,27.0,A-4,68,1,0,0.8952549695968628,True,0.7701368927955627,True,0.5347105860710144,True
2398,p0n2760,73,1.9125,0.05625,87954.0,27.0,C5,72,1,0,0.7711269855499268,True,0.5688109993934631,True,0.3431282341480255,False
2399,p0n2761,73,1.96875,0.05625,87981.0,27.0,E-5,75,1,0,0.8268789052963257,True,0.5990862250328064,True,0.39908352494239807,False
2400,p0n2762,73,2.025,0.05625,88008.0,27.0,A-5,80,1,0,0.1979401409626007,False,0.12181931734085083,False,0.2732413411140442,False
2401,p0n2764,73,2.08125,0.05625,88035.0,27.0,E-5,75,1,0,0.791815996170044,True,0.7129992842674255,True,0.45378559827804565,False
2402,p0n2765,73,2.1375,0.05625,88062.0,27.0,C5,72,1,0,0.8650420904159546,True,0.6746500134468079,True,0.47659164667129517,False
2403,p0n2766,73,2.19375,0.05625,88089.0,27.0,A-4,68,1,0,0.8560684323310852,True,0.8020315170288086,True,0.6299947500228882,True
2404,p0n2767,73,2.25,0.05625,88116.0,27.0,A-4,68,2,0,0.789853572845459,True,0.7039229869842529,True,0.6432027816772461,True
2405,p0n2768,73,2.30625,0.05625,88143.0,27.0,E-4,63,2,0,0.7751941084861755,True,0.9277135729789734,True,0.7652724981307983,True
2406,p0n2769,73,2.3625,0.05625,88170.0,27.0,C4,60,2,0,0.9346487522125244,True,0.9281948208808899,True,0.7642341256141663,True
2407,p0n2770,73,2.41875,0.05625,88197.0,27.0,A-3,56,2,0,0.9646897315979004,True,0.8590147495269775,True,0.8400070667266846,True
2408,p0n2771,73,2.475,0.05625,88224.0,27.0,F3,53,2,0,0.5969536900520325,True,0.45550552010536194,False,0.38504740595817566,False
2409,p0n2772,73,2.53125,0.05625,88251.0,27.0,E-3,51,2,0,0.532566249370575,True,0.779732882976532,True,0.5287635922431946,True
2410,p0n2774,73,2.5875,0.05625,88278.0,27.0,C3,48,2,0,0.8996955156326294,True,0.8473920226097107,True,0.6380250453948975,True
2411,p0n2775,73,2.64375,0.05625,88305.0,27.0,A-2,44,2,0,0.6937676668167114,True,0.8660575151443481,True,0.44656121730804443,False
2412,p0n2776,73,2.7,0.05625,88332.0,27.0,C3,48,2,0,0.9411309361457825,True,0.6085699200630188,True,0.48983970284461975,False
2413,p0n2777,73,2.75625,0.05625,88359.0,27.0,E-3,51,2,0,0.7665004730224609,True,0.6601170301437378,True,0.4115334749221802,False
2414,p0n2778,73,2.8125,0.05625,88386.0,27.0,F3,53,2,0,0.49349457025527954,False,0.28597599267959595,False,0.3047129511833191,False
2415,p0n2779,73,2.86875,0.05625,88413.0,27.0,A-3,56,1,0,0.8834902048110962,True,0.8699796199798584,True,0.9277065992355347,True
2416,p0n2780,73,2.925,0.05625,88440.0,27.0,C4,60,1,0,0.905243992805481,True,0.9647308588027954,True,0.9389168620109558,True
2417,p0n2781,73,2.98125,0.05625,88467.0,27.0,E-4,63,1,0,0.8422242403030396,True,0.9311188459396362,True,0.7451192736625671,True
2418,p0n2782,73,3.0375,0.08333333333333333,88494.0,40.0,A-4,68,1,0,0.7911179661750793,True,0.7531419992446899,True,0.596117377281189,True
2419,p0n2784,73,3.120833333333333,0.08333333333333333,88534.0,40.0,E-4,63,1,0,0.8160554766654968,True,0.9209230542182922,True,0.8093278408050537,True
2420,p0n2785,73,3.2041666666666666,0.08333333333333333,88574.0,40.0,C4,60,1,0,0.927787184715271,True,0.9494588971138,True,0.8133211135864258,True
2421,p0n2786,73,3.2875,0.08333333333333333,88614.0,40.0,A-3,56,1,0,0.936663031578064,True,0.842952311038971,True,0.7601592540740967,True
2422,p0n2787,73,3.370833333333333,0.08333333333333333,88654.0,40.0,F3,53,2,0,0.46578845381736755,False,0.24714305996894836,False,0.29589271545410156,False
2423,p0n2788,73,3.4541666666666666,0.08333333333333333,88694.0,40.0,C3,48,2,0,0.9438445568084717,True,0.7777108550071716,True,0.5241644382476807,True
2424,p0n2789,73,3.5375,0.08333333333333333,88734.0,40.0,A-2,44,2,0,0.7928834557533264,True,0.7811284065246582,True,0.30698361992836,False
2425,p0n2790,73,3.620833333333333,0.08333333333333333,88774.0,40.0,F2,41,2,0,0.7498471140861511,True,0.576543390750885,True,0.4438474178314209,False
2426,p0n2791,73,3.7041666666666666,0.08333333333333333,88814.0,40.0,E-3,51,1,0,0.5100005865097046,True,0.5813928246498108,True,0.48209771513938904,False
2427,p0n2792,73,3.7875,0.08333333333333333,88854.0,40.0,A-3,56,1,0,0.9421248435974121,True,0.8843926787376404,True,0.8940575122833252,True
2428,p0n2793,73,3.870833333333333,0.08333333333333333,88894.0,40.0,C4,60,1,0,0.8502054214477539,True,0.9123640656471252,True,0.8456991314888,True
2429,p0n2794,73,3.9541666666666666,0.08333333333333333,88934.0,40.0,E-4,63,1,0,0.6710201501846313,True,0.8091486096382141,True,0.6487951874732971,True
2430,p0n2795,73,4.0375,0.08333333333333333,88974.0,40.0,C3,48,2,0,0.9569776654243469,True,0.6980025768280029,True,0.47931212186813354,False
2431,p0n2796,73,4.120833333333334,0.08333333333333333,89014.0,40.0,A-2,44,2,0,0.77027827501297,True,0.8505999445915222,True,0.3659983277320862,False
2432,p0n2797,73,4.204166666666667,0.08333333333333333,89054.0,40.0,F2,41,2,0,0.7066069841384888,True,0.7516202330589294,True,0.5239264369010925,True
2433,p0n2798,73,4.2875,0.08333333333333333,89094.0,40.0,C2,36,2,0,0.8999850153923035,True,0.929856538772583,True,0.5568628907203674,True
2434,p0n2799,73,4.370833333333334,0.08333333333333333,89134.0,40.0,A-2,44,1,0,0.6789537668228149,True,0.84621262550354,True,0.31515324115753174,False
2435,p0n2800,73,4.454166666666667,0.08333333333333333,89174.0,40.0,C3,48,1,0,0.8436793684959412,True,0.5428650975227356,True,0.3881244957447052,False
2436,p0n2801,73,4.5375,0.08333333333333333,89214.0,40.0,E-3,51,1,0,0.6367468237876892,True,0.38436657190322876,False,0.3138725459575653,False
2437,p0n2802,73,4.620833333333334,0.08333333333333333,89254.0,40.0,A-3,56,1,0,0.8885679841041565,True,0.8482071757316589,True,0.8223100304603577,True
2438,p0n2803,73,4.704166666666667,0.08333333333333333,89294.0,40.0,F2,41,2,0,0.8029096126556396,True,0.6895449757575989,True,0.5129678845405579,True
2439,p0n2804,73,4.7875,0.08333333333333333,89334.0,40.0,C2,36,2,0,0.9044424891471863,True,0.8500346541404724,True,0.5026640295982361,True
2440,p0n2805,73,4.870833333333334,0.08333333333333333,89374.0,40.0,A-1,32,2,0,0.8902764916419983,True,0.509693443775177,True,0.33139389753341675,False
2441,p0n2806,73,4.954166666666667,0.08333333333333333,89414.0,40.0,F1,29,2,0,0.5553510785102844,True,0.6922667026519775,True,0.4745043218135834,False
2442,p0n2809,74,0.0,0.3333333333333333,89454.0,160.0,B-0,22,2,0,0.7899778485298157,True,0.7658959627151489,True,0.49315986037254333,False
2443,p0n2810,74,0.23333333333333334,0.058333333333333334,89566.0,28.0,C3,48,1,0,0.8963879346847534,True,0.4870481789112091,False,0.35599398612976074,False
2444,p0n2811,74,0.2916666666666667,0.058333333333333334,89594.0,28.0,E-3,51,1,0,0.6886109113693237,True,0.4813153147697449,False,0.32515475153923035,False
2445,p0n2812,74,0.3333333333333333,0.3333333333333333,89614.0,160.0,B-1,34,2,0,0.6654729247093201,True,0.4297494888305664,False,0.3545859456062317,False
2446,p0n2813,74,0.35,0.058333333333333334,89622.0,28.0,F3,53,1,0,0.6422110199928284,True,0.8182304501533508,True,0.7904576063156128,True
2447,p0n2814,74,0.4083333333333333,0.058333333333333334,89650.0,28.0,A-3,56,1,0,0.8615466356277466,True,0.7616977691650391,True,0.8573294878005981,True
2448,p0n2815,74,0.4666666666666667,0.058333333333333334,89678.0,28.0,C4,60,1,0,0.7789624929428101,True,0.7873955965042114,True,0.7937960624694824,True
2449,p0n2816,74,0.525,0.058333333333333334,89706.0,28.0,E-4,63,1,0,0.873180091381073,True,0.8231009840965271,True,0.6470599174499512,True
2450,p0n2817,74,0.5833333333333334,0.058333333333333334,89734.0,28.0,F4,65,1,0,0.0917322039604187,False,0.1189642921090126,False,0.27289342880249023,False
2451,p0n2818,74,0.6416666666666667,0.058333333333333334,89762.0,28.0,A-4,68,1,0,0.7291126847267151,True,0.5354486107826233,True,0.42279210686683655,False
2452,p0n2819,74,0.6666666666666666,0.3333333333333333,89774.0,160.0,B-2,46,2,0,0.5489553213119507,True,0.36684131622314453,False,0.3246442377567291,False
2453,p0n2820,74,0.7,0.058333333333333334,89790.0,28.0,C5,72,1,0,0.7917511463165283,True,0.4061073064804077,False,0.36270976066589355,False
2454,p0n2821,74,0.7583333333333333,0.058333333333333334,89818.0,28.0,E-5,75,1,0,0.8619723320007324,True,0.38473260402679443,False,0.3395291864871979,False
2455,p0n2822,74,0.8166666666666667,0.058333333333333334,89846.0,28.0,F5,77,1,0,0.4760483503341675,False,0.1822919249534607,False,0.2827928364276886,False
2456,p0n2823,74,0.875,0.058333333333333334,89874.0,28.0,A-5,80,1,0,0.24698056280612946,False,0.14197416603565216,False,0.2771994173526764,False
2457,p0n2824,74,0.9333333333333333,0.058333333333333334,89902.0,28.0,C6,84,1,0,0.28354018926620483,False,0.12109921127557755,False,0.2814392149448395,False
2458,p0n2826,74,1.0,0.5,89934.0,240.0,B-3,58,2,0,0.08583487570285797,False,0.15122127532958984,False,0.28289854526519775,False
2459,p0n2827,74,1.2270833333333333,0.058333333333333334,90043.0,28.0,C6,84,1,0,0.2974070906639099,False,0.10809127241373062,False,0.27897632122039795,False
2460,p0n2828,74,1.2854166666666667,0.058333333333333334,90071.0,28.0,A-5,80,1,0,0.2837233245372772,False,0.11823543161153793,False,0.27365970611572266,False
2461,p0n2829,74,1.34375,0.058333333333333334,90099.0,28.0,F5,77,1,0,0.3843362629413605,False,0.19803519546985626,False,0.2854495048522949,False
2462,p0n2830,74,1.4020833333333333,0.058333333333333334,90127.0,28.0,E-5,75,1,0,0.8549754619598389,True,0.37159910798072815,False,0.31836917996406555,False
2463,p0n2831,74,1.4604166666666667,0.058333333333333334,90155.0,28.0,C5,72,1,0,0.8490151762962341,True,0.5315879583358765,True,0.3862215280532837,False
2464,p0n2832,74,1.5,0.5,90174.0,240.0,B-2,46,2,0,0.6374727487564087,True,0.36187416315078735,False,0.32304003834724426,False
2465,p0n2833,74,1.51875,0.058333333333333334,90183.0,28.0,A-4,68,1,0,0.9194077253341675,True,0.18819449841976166,False,0.2813994884490967,False
2466,p0n2834,74,1.5770833333333334,0.058333333333333334,90211.0,28.0,F4,65,1,0,0.14891782402992249,False,0.12200640887022018,False,0.2731643617153168,False
2467,p0n2835,74,1.6354166666666667,0.058333333333333334,90239.0,28.0,E-4,63,1,0,0.7553707957267761,True,0.7761401534080505,True,0.7585813403129578,True
2468,p0n2836,74,1.69375,0.058333333333333334,90267.0,28.0,C4,60,1,0,0.9083622097969055,True,0.9484705924987793,True,0.8773074150085449,True
2469,p0n2837,74,1.7520833333333334,0.058333333333333334,90295.0,28.0,A-3,56,1,0,0.9081882834434509,True,0.7821856737136841,True,0.7380363345146179,True
2470,p0n2838,74,1.8104166666666666,0.058333333333333334,90323.0,28.0,F3,53,1,0,0.8024599552154541,True,0.683237612247467,True,0.6405918598175049,True
2471,p0n2839,74,1.86875,0.058333333333333334,90351.0,28.0,E-3,51,1,0,0.4608153998851776,False,0.23624153435230255,False,0.30678343772888184,False
2472,p0n2840,74,1.9270833333333333,0.058333333333333334,90379.0,28.0,C3,48,1,0,0.5921720266342163,True,0.39207810163497925,False,0.3190871477127075,False
2473,p0n2843,75,0.0,0.5,90414.0,240.0,B-0,22,2,0,0.9089885354042053,True,0.6074636578559875,True,0.5945939421653748,True
2474,p0n2844,75,0.3333333333333333,0.08333333333333333,90574.0,40.0,F3,53,1,0,0.8406233191490173,True,0.6866025328636169,True,0.7173001170158386,True
2475,p0n2845,75,0.4166666666666667,0.08333333333333333,90614.0,40.0,A-3,56,1,0,0.7275541424751282,True,0.7751584053039551,True,0.8023298382759094,True
2476,p0n2846,75,0.5,0.08333333333333333,90654.0,40.0,C4,60,1,0,0.8896040916442871,True,0.8081393837928772,True,0.7945366501808167,True
2477,p0n2847,75,0.5,0.5,90654.0,240.0,B-1,34,2,0,0.7065148949623108,True,0.35347655415534973,False,0.328992635011673,False
2478,p0n2848,75,0.5833333333333334,0.08333333333333333,90694.0,40.0,A-3,56,1,0,0.7842196226119995,True,0.7905709743499756,True,0.5685404539108276,True
2479,p0n2849,75,0.6666666666666666,0.08333333333333333,90734.0,40.0,E-3,51,1,0,0.7315137386322021,True,0.5241888761520386,True,0.38641709089279175,False
2480,p0n2850,75,0.75,0.08333333333333333,90774.0,40.0,F3,53,1,0,0.6744740605354309,True,0.5776143074035645,True,0.541584312915802,True
2481,p0n2851,75,0.8333333333333334,0.08333333333333333,90814.0,40.0,A-3,56,1,0,0.9150426983833313,True,0.746850311756134,True,0.5788000226020813,True
2482,p0n2852,75,0.9166666666666666,0.08333333333333333,90854.0,40.0,F3,53,1,0,0.8688370585441589,True,0.4803829789161682,False,0.3940174877643585,False
2483,p0n2853,75,1.0,0.08333333333333333,90894.0,40.0,C3,48,1,0,0.407710999250412,False,0.19706347584724426,False,0.2894376218318939,False
2484,p0n2854,75,1.0,0.5,90894.0,240.0,B-2,46,2,0,0.33944061398506165,False,0.20175236463546753,False,0.2926384210586548,False
2485,p0n2855,75,1.0833333333333333,0.08333333333333333,90934.0,40.0,E-3,51,1,0,0.9071394801139832,True,0.6255641579627991,True,0.4015749990940094,False
2486,p0n2856,75,1.1666666666666667,0.08333333333333333,90974.0,40.0,F3,53,1,0,0.5661110281944275,True,0.5549067854881287,True,0.42330026626586914,False
2487,p0n2857,75,1.25,0.08333333333333333,91014.0,40.0,E-3,51,1,0,0.8348995447158813,True,0.6823809742927551,True,0.42677241563796997,False
2488,p0n2859,75,1.4166666666666667,0.08333333333333333,91094.0,40.0,C3,48,1,0,0.52561354637146,True,0.3480300307273865,False,0.296026349067688,False
2489,p0n2860,75,1.5,0.08333333333333333,91134.0,40.0,E-3,51,1,0,0.9279621243476868,True,0.6212487816810608,True,0.40557804703712463,False
2490,p0n2861,75,1.5,0.5,91134.0,240.0,B-1,34,2,0,0.7394720315933228,True,0.4422340989112854,False,0.3550044894218445,False
2491,p0n2862,75,1.5833333333333333,0.08333333333333333,91174.0,40.0,C3,48,1,0,0.692021369934082,True,0.4788356125354767,False,0.310813844203949,False
2492,p0n2863,75,1.6666666666666667,0.08333333333333333,91214.0,40.0,F2,41,1,0,0.5548077821731567,True,0.5237804651260376,True,0.38670840859413147,False
2493,p0n2864,75,1.75,0.08333333333333333,91254.0,40.0,A-2,44,1,0,0.7396212220191956,True,0.7332373857498169,True,0.4498395621776581,False
2494,p0n2865,75,1.8333333333333333,0.08333333333333333,91294.0,40.0,C3,48,1,0,0.729440450668335,True,0.6158227324485779,True,0.4327436685562134,False
2495,p0n2866,75,1.9166666666666667,0.08333333333333333,91334.0,40.0,A-2,44,1,0,0.5980401635169983,True,0.6509752869606018,True,0.29883822798728943,False
2496,p0n2869,76,0.0,0.3333333333333333,91374.0,160.0,B-0,22,2,0,0.8571814894676208,True,0.543419361114502,True,0.4130588173866272,False
2497,p0n2870,76,0.3333333333333333,0.3333333333333333,91534.0,160.0,B-1,34,2,0,0.6519372463226318,True,0.3745056092739105,False,0.32671257853507996,False
2498,p0n2871,76,0.6666666666666666,0.3333333333333333,91694.0,160.0,B-2,46,2,0,0.7528751492500305,True,0.4982767105102539,False,0.323142945766449,False
2499,p0n2874,76,1.0,1.0,91854.0,480.0,E-4,63,1,0,0.6230152249336243,True,0.6789785027503967,True,0.41442015767097473,False
2500,p0n2873,76,1.0,1.0,91854.0,480.0,C4,60,1,0,0.8244339227676392,True,0.643310010433197,True,0.4384687542915344,False
2501,p0n2875,76,1.0,0.5,91854.0,240.0,B-3,58,2,0,0.45726853609085083,False,0.2916615605354309,False,0.3173392117023468,False
2502,p0n2872,76,1.0,1.0,91854.0,480.0,A-3,56,1,0,0.7275184392929077,True,0.4109043776988983,False,0.28234028816223145,False
2503,p0n2876,76,1.5,0.5,92094.0,240.0,B-2,46,2,0,0.7209473848342896,True,0.27748188376426697,False,0.28208404779434204,False
2504,p0n2879,77,0.0,3.0,92334.0,1440.0,D4,62,1,0,0.5297247171401978,True,0.5778098106384277,True,0.33319956064224243,False
2505,p0n2878,77,0.0,3.0,92334.0,1440.0,B-3,58,1,0,0.2717701196670532,False,0.17844350636005402,False,0.2896563708782196,False
2506,p0n2877,77,0.0,3.0,92334.0,1440.0,G3,55,1,0,0.2895432114601135,False,0.328551322221756,False,0.33322662115097046,False
2507,p0n2880,77,0.0,0.5,92334.0,240.0,B-1,34,2,0,0.7731165289878845,True,0.30902934074401855,False,0.3067725598812103,False
2508,p0n2882,77,0.5,0.5,92574.0,240.0,B-2,46,2,0,0.655451238155365,True,0.2107284665107727,False,0.28491947054862976,False
2509,p0n2883,77,1.0,0.5,92814.0,240.0,B-4,70,2,0,0.7500522136688232,True,0.1732504516839981,False,0.29176974296569824,False
2510,p0n2884,77,1.5,0.5,93054.0,240.0,B-3,58,2,0,0.40852248668670654,False,0.18725477159023285,False,0.290753036737442,False
2511,p0n2888,78,0.0,1.0,93294.0,480.0,G4,67,1,0,0.6668729782104492,True,0.8573656678199768,True,0.6882420182228088,True
2512,p0n2889,78,0.0,0.3333333333333333,93294.0,160.0,B-1,34,2,0,0.711940348148346,True,0.23168759047985077,False,0.30214953422546387,False
2513,p0n2891,78,0.3333333333333333,0.3333333333333333,93454.0,160.0,B-2,46,2,0,0.7900370359420776,True,0.26882797479629517,False,0.2833823263645172,False
2514,p0n2892,78,0.6666666666666666,0.8333333333333334,93614.0,400.0,B-3,58,2,0,0.15234112739562988,False,0.15857750177383423,False,0.28467127680778503,False
2515,p0n2894,78,1.0,1.0,93774.0,480.0,F#3,54,1,0,0.2031705528497696,False,0.20406460762023926,False,0.2855415940284729,False
2516,p0n2893,78,1.0,1.0,93774.0,480.0,D3,50,1,0,0.5513013601303101,True,0.567306637763977,True,0.38263198733329773,False
2517,p0n2896,78,1.5,0.5,94014.0,240.0,B-2,46,2,0,0.738671600818634,True,0.3671472668647766,False,0.3056411147117615,False
2518,p0n2899,79,0.004166666666666667,1.0,94256.0,480.0,A3,57,1,0,0.9422089457511902,True,0.826029360294342,True,0.5969845056533813,True
2519,p0n2898,79,0.004166666666666667,1.0,94256.0,480.0,F#3,54,1,0,0.1369534730911255,False,0.16158854961395264,False,0.27822309732437134,False
2520,p0n2900,79,0.004166666666666667,0.3333333333333333,94256.0,160.0,B0,23,2,0,0.8571711182594299,True,0.5667899250984192,True,0.37179863452911377,False
2521,p0n2902,79,0.3375,0.3333333333333333,94416.0,160.0,B1,35,2,0,0.7247069478034973,True,0.19555285573005676,False,0.2886219024658203,False
2522,p0n2903,79,0.5,0.5,94494.0,240.0,D4,62,1,0,0.7601456642150879,True,0.5892283916473389,True,0.5062150359153748,True
2523,p0n2904,79,0.6708333333333333,0.3333333333333333,94576.0,160.0,B2,47,2,0,0.67702716588974,True,0.19323427975177765,False,0.29837730526924133,False
2524,p0n2906,79,1.0,0.07708333333333334,94734.0,37.0,A3,57,2,0,0.9567789435386658,True,0.773627758026123,True,0.5141911506652832,True
2525,p0n2905,79,1.0,0.07708333333333334,94734.0,37.0,F#3,54,2,0,0.23535694181919098,False,0.19099152088165283,False,0.28243863582611084,False
2526,p0n2909,79,1.0770833333333334,0.07708333333333334,94771.0,37.0,A3,57,1,0,0.9442399740219116,True,0.6555859446525574,True,0.40022122859954834,False
2527,p0n2910,79,1.1541666666666666,0.07708333333333334,94808.0,37.0,F#4,66,1,0,0.30250030755996704,False,0.24077735841274261,False,0.29182976484298706,False
2528,p0n2911,79,1.23125,0.07708333333333334,94845.0,37.0,A4,69,1,0,0.8506186604499817,True,0.8491563200950623,True,0.5465725064277649,True
2529,p0n2912,79,1.3083333333333333,0.07708333333333334,94882.0,37.0,A4,69,1,0,0.8801808953285217,True,0.7826176881790161,True,0.533361554145813,True
2530,p0n2914,79,1.3854166666666667,0.07708333333333334,94919.0,37.0,A5,81,1,0,0.8305384516716003,True,0.9038764238357544,True,0.6008200645446777,True
2531,p0n2913,79,1.3854166666666667,0.07708333333333334,94919.0,37.0,F#5,78,1,0,0.6418876051902771,True,0.7860686182975769,True,0.6318215131759644,True
2532,p0n2916,79,1.4625,0.07708333333333334,94956.0,37.0,A4,69,2,0,0.8659458756446838,True,0.7517543435096741,True,0.4863409399986267,False
2533,p0n2915,79,1.4625,0.07708333333333334,94956.0,37.0,F#4,66,2,0,0.48518410325050354,False,0.2741355001926422,False,0.2992764115333557,False
2534,p0n2917,79,1.5395833333333333,0.07708333333333334,94993.0,37.0,A5,81,1,0,0.9190072417259216,True,0.7197681665420532,True,0.5348702073097229,True
2535,p0n2918,79,1.6166666666666667,0.07708333333333334,95030.0,37.0,F#5,78,1,0,0.569929301738739,True,0.7105764150619507,True,0.535515546798706,True
2536,p0n2919,79,1.69375,0.07708333333333334,95067.0,37.0,A4,69,1,0,0.8862462639808655,True,0.617003858089447,True,0.3641073405742645,False
2537,p0n2920,79,1.7708333333333333,0.07708333333333334,95104.0,37.0,A4,69,1,0,0.861371636390686,True,0.6009166836738586,True,0.353239506483078,False
2538,p0n2921,79,1.8479166666666667,0.07708333333333334,95141.0,37.0,F#4,66,1,0,0.3931581676006317,False,0.24091023206710815,False,0.29243209958076477,False
2539,p0n2922,79,1.925,0.07708333333333334,95178.0,37.0,A3,57,1,0,0.9734945297241211,True,0.8115388751029968,True,0.5407368540763855,True
2540,p0n2924,79,2.002083333333333,0.07708333333333334,95215.0,37.0,A3,57,2,0,0.955544650554657,True,0.6670234799385071,True,0.4557269513607025,False
2541,p0n2923,79,2.002083333333333,0.07708333333333334,95215.0,37.0,F#3,54,2,0,0.19492509961128235,False,0.17168419063091278,False,0.27916380763053894,False
2542,p0n2926,79,2.0791666666666666,0.07708333333333334,95252.0,37.0,A3,57,1,0,0.9654594659805298,True,0.5394911766052246,True,0.3931899964809418,False
2543,p0n2927,79,2.15625,0.07708333333333334,95289.0,37.0,F#4,66,1,0,0.46853435039520264,False,0.2637118399143219,False,0.29714930057525635,False
2544,p0n2928,79,2.2333333333333334,0.07708333333333334,95326.0,37.0,A4,69,1,0,0.8608897924423218,True,0.7186967134475708,True,0.3770677149295807,False
2545,p0n2929,79,2.310416666666667,0.07708333333333334,95363.0,37.0,F#4,66,1,0,0.42319342494010925,False,0.25644728541374207,False,0.2950500547885895,False
2546,p0n2930,79,2.3875,0.07708333333333334,95400.0,37.0,A3,57,1,0,0.9750508069992065,True,0.8449965715408325,True,0.6025934219360352,True
2547,p0n2931,79,2.464583333333333,0.07708333333333334,95437.0,37.0,F#3,54,1,0,0.17352670431137085,False,0.1648855209350586,False,0.2780255377292633,False
2548,p0n2932,79,2.5416666666666665,0.07708333333333334,95474.0,37.0,A2,45,1,0,0.913411557674408,True,0.8777226805686951,True,0.6049069166183472,True
2549,p0n2933,79,2.61875,0.07708333333333334,95511.0,37.0,F#3,54,1,0,0.15828634798526764,False,0.16021308302879333,False,0.27750155329704285,False
2550,p0n2934,79,2.6958333333333333,0.07708333333333334,95548.0,37.0,A3,57,1,0,0.9601335525512695,True,0.6685407757759094,True,0.48903927206993103,False
2551,p0n2935,79,2.7729166666666667,0.07708333333333334,95585.0,37.0,F#3,54,1,0,0.1339598298072815,False,0.15453952550888062,False,0.2766872048377991,False
2552,p0n2936,79,2.85,0.07708333333333334,95622.0,37.0,A2,45,1,0,0.9258037805557251,True,0.8331263661384583,True,0.534044623374939,True
2553,p0n2937,79,2.9270833333333335,0.07708333333333334,95659.0,37.0,F#2,42,1,0,0.5555751323699951,True,0.4015270471572876,False,0.2976420223712921,False
2554,p0n2940,80,0.0,0.3333333333333333,95696.0,160.0,B1,35,2,0,0.7783283591270447,True,0.30858150124549866,False,0.30695784091949463,False
2555,p0n2941,80,0.3333333333333333,0.3333333333333333,95856.0,160.0,B2,47,2,0,0.5123156309127808,True,0.2547660171985626,False,0.2926346957683563,False
2556,p0n2942,80,0.6666666666666666,0.8333333333333334,96016.0,400.0,B3,59,2,0,0.9802038669586182,True,0.17592853307724,False,0.3123962879180908,False
2557,p0n2943,80,1.0,0.6666666666666666,96176.0,320.0,E#4,65,1,0,0.49679240584373474,False,0.27688950300216675,False,0.3122749626636505,False
2558,p0n2945,80,1.0,1.0,96176.0,480.0,A3,57,1,0,0.9327702522277832,True,0.8321496844291687,True,0.5857847929000854,True
2559,p0n2944,80,1.0,1.0,96176.0,480.0,F#3,54,1,0,0.2749171555042267,False,0.20598851144313812,False,0.2851996123790741,False
2560,p0n2947,80,1.5,0.5,96416.0,240.0,B2,47,2,0,0.7749768495559692,True,0.28336209058761597,False,0.2974685728549957,False
2561,p0n2948,80,1.6666666666666667,0.3333333333333333,96496.0,160.0,D4,62,1,0,0.9112217426300049,True,0.6950933337211609,True,0.4554890990257263,False
2562,p0n2950,81,0.0,0.07083333333333333,96656.0,34.0,A4,69,2,0,0.8429833054542542,True,0.6302511096000671,True,0.3980885148048401,False
2563,p0n2949,81,0.0,0.07083333333333333,96656.0,34.0,F#4,66,2,0,0.4262390434741974,False,0.25018003582954407,False,0.29447633028030396,False
2564,p0n2953,81,0.07083333333333333,0.07083333333333333,96690.0,34.0,A4,69,1,0,0.845907986164093,True,0.5837303996086121,True,0.39217162132263184,False
2565,p0n2954,81,0.14166666666666666,0.07083333333333333,96724.0,34.0,F#5,78,1,0,0.6414839029312134,True,0.6575675010681152,True,0.5846645832061768,True
2566,p0n2955,81,0.2125,0.07083333333333333,96758.0,34.0,A5,81,1,0,0.9399245977401733,True,0.8367637991905212,True,0.5410371422767639,True
2567,p0n2956,81,0.2833333333333333,0.07083333333333333,96792.0,34.0,A5,81,1,0,0.9098779559135437,True,0.8085347414016724,True,0.5000538229942322,True
2568,p0n2957,81,0.3541666666666667,0.07083333333333333,96826.0,34.0,F#6,90,1,0,0.3947505056858063,False,0.2216312736272812,False,0.28923720121383667,False
2569,p0n2958,81,0.425,0.07083333333333333,96860.0,34.0,A6,93,1,0,0.8041222095489502,True,0.847181499004364,True,0.6733882427215576,True
2570,p0n2960,81,0.49583333333333335,0.07083333333333333,96894.0,34.0,A5,81,2,0,0.7747399210929871,True,0.800081729888916,True,0.5246062874794006,True
2571,p0n2959,81,0.49583333333333335,0.07083333333333333,96894.0,34.0,F#5,78,2,0,0.5939144492149353,True,0.6659929752349854,True,0.4951399862766266,False
2572,p0n2961,81,0.5666666666666667,0.07083333333333333,96928.0,34.0,A6,93,1,0,0.871042788028717,True,0.8517661690711975,True,0.5110870599746704,True
2573,p0n2962,81,0.6375,0.07083333333333333,96962.0,34.0,F#6,90,1,0,0.46024399995803833,False,0.2558616101741791,False,0.29524344205856323,False
2574,p0n2963,81,0.7083333333333334,0.07083333333333333,96996.0,34.0,A5,81,1,0,0.861682116985321,True,0.8378827571868896,True,0.5917484164237976,True
2575,p0n2964,81,0.7791666666666667,0.07083333333333333,97030.0,34.0,A5,81,1,0,0.8459489345550537,True,0.6952787637710571,True,0.5074605345726013,True
2576,p0n2965,81,0.85,0.07083333333333333,97064.0,34.0,F#5,78,1,0,0.6376312375068665,True,0.7845213413238525,True,0.5751104354858398,True
2577,p0n2966,81,0.9208333333333333,0.07083333333333333,97098.0,34.0,A4,69,1,0,0.9325616955757141,True,0.8002216219902039,True,0.3827570080757141,False
2578,p0n2968,81,0.9916666666666667,0.07708333333333334,97132.0,37.0,A4,69,2,0,0.7855324149131775,True,0.5574861764907837,True,0.32637619972229004,False
2579,p0n2967,81,0.9916666666666667,0.07708333333333334,97132.0,37.0,F#4,66,2,0,0.4568231999874115,False,0.25299379229545593,False,0.29446274042129517,False
2580,p0n2970,81,1.06875,0.07708333333333334,97169.0,37.0,A4,69,1,0,0.8866304755210876,True,0.4824395179748535,False,0.3670354187488556,False
2581,p0n2971,81,1.1458333333333333,0.07708333333333334,97206.0,37.0,F#5,78,1,0,0.594457745552063,True,0.6486548185348511,True,0.5429442524909973,True
2582,p0n2972,81,1.2229166666666667,0.07708333333333334,97243.0,37.0,A5,81,1,0,0.8955919146537781,True,0.735007107257843,True,0.48767903447151184,False
2583,p0n2973,81,1.3,0.07708333333333334,97280.0,37.0,F#5,78,1,0,0.507454514503479,True,0.5639150738716125,True,0.45428580045700073,False
2584,p0n2974,81,1.3770833333333334,0.07708333333333334,97317.0,37.0,A4,69,1,0,0.7551553845405579,True,0.43395546078681946,False,0.3725956380367279,False
2585,p0n2975,81,1.4541666666666666,0.07708333333333334,97354.0,37.0,F#4,66,1,0,0.5096345543861389,True,0.5902743339538574,True,0.34635668992996216,False
2586,p0n2977,81,1.6083333333333334,0.07708333333333334,97428.0,37.0,F#4,66,1,0,0.622765302658081,True,0.691886842250824,True,0.37793219089508057,False
2587,p0n2978,81,1.6854166666666666,0.07708333333333334,97465.0,37.0,A4,69,1,0,0.8646726012229919,True,0.5076674818992615,True,0.3155125677585602,False
2588,p0n2979,81,1.7625,0.07708333333333334,97502.0,37.0,F#4,66,1,0,0.603761613368988,True,0.46278390288352966,False,0.3312470614910126,False
2589,p0n2980,81,1.8395833333333333,0.07708333333333334,97539.0,37.0,A3,57,1,0,0.9446941018104553,True,0.6443260908126831,True,0.4405615031719208,False
2590,p0n2981,81,1.9166666666666667,0.07708333333333334,97576.0,37.0,F#3,54,1,0,0.23748449981212616,False,0.17480100691318512,False,0.2795060873031616,False
2591,p0n2982,81,1.99375,0.08333333333333333,97613.0,40.0,F#3,54,2,0,0.2525506913661957,False,0.18987123668193817,False,0.28232303261756897,False
2592,p0n2984,81,2.0770833333333334,0.08333333333333333,97653.0,40.0,A3,57,1,0,0.944206714630127,True,0.6659560799598694,True,0.4554058611392975,False
2593,p0n2985,81,2.160416666666667,0.08333333333333333,97693.0,40.0,F#4,66,1,0,0.574567437171936,True,0.33059167861938477,False,0.3174145519733429,False
2594,p0n2986,81,2.24375,0.08333333333333333,97733.0,40.0,A4,69,1,0,0.9504081010818481,True,0.745999276638031,True,0.4467400312423706,False
2595,p0n2989,81,2.410416666666667,0.08333333333333333,97813.0,40.0,C#3,49,1,0,0.3232088088989258,False,0.2471679449081421,False,0.3042681813240051,False
2596,p0n2990,81,2.49375,0.08333333333333333,97853.0,40.0,A3,57,1,0,0.9126071333885193,True,0.7872852683067322,True,0.46444597840309143,False
2597,p0n2991,81,2.5770833333333334,0.08333333333333333,97893.0,40.0,C#4,61,1,0,0.4936330318450928,False,0.33839207887649536,False,0.3294731080532074,False
2598,p0n2992,81,2.660416666666667,0.08333333333333333,97933.0,40.0,F#5,78,2,0,0.9395717978477478,True,0.6974107623100281,True,0.5138283967971802,True
2599,p0n2994,81,2.74375,0.08333333333333333,97973.0,40.0,C#4,61,1,0,0.20485325157642365,False,0.18486778438091278,False,0.2892943024635315,False
2600,p0n2995,81,2.8270833333333334,0.08333333333333333,98013.0,40.0,A4,69,1,0,0.9571959972381592,True,0.7118843793869019,True,0.45939797163009644,False
2601,p0n2996,81,2.910416666666667,0.08333333333333333,98053.0,40.0,C#5,73,1,0,0.14974646270275116,False,0.19038164615631104,False,0.28876492381095886,False
2602,p0n2998,82,0.0,0.125,98096.0,60.0,A6,93,2,0,0.8565155267715454,True,0.8430168032646179,True,0.6069242358207703,True
2603,p0n2997,82,0.0,0.125,98096.0,60.0,F#6,90,2,0,0.5373048186302185,True,0.5346658229827881,True,0.43769264221191406,False
2604,p0n3000,82,0.0,0.125,98096.0,60.0,A5,81,2,0,0.8137841820716858,True,0.8317014575004578,True,0.5954478979110718,True
2605,p0n2999,82,0.0,0.125,98096.0,60.0,F#5,78,2,0,0.7619797587394714,True,0.7082474231719971,True,0.5831653475761414,True
2606,p0n3003,82,0.125,0.125,98156.0,60.0,A7,105,1,0,0.9076385498046875,True,0.8623664975166321,True,0.6550589203834534,True
2607,p0n3002,82,0.125,0.125,98156.0,60.0,F#7,102,1,0,0.9242326021194458,True,0.7376246452331543,True,0.454112708568573,False
2608,p0n3005,82,0.25,0.125,98216.0,60.0,A6,93,1,0,0.8415680527687073,True,0.7338007092475891,True,0.45547249913215637,False
2609,p0n3007,82,0.375,0.125,98276.0,60.0,F#6,90,1,0,0.6106424331665039,True,0.49242353439331055,False,0.31418710947036743,False
2610,p0n3008,82,0.5,0.125,98336.0,60.0,A5,81,1,0,0.8108145594596863,True,0.7114336490631104,True,0.4722556471824646,False
2611,p0n3010,82,0.625,0.125,98396.0,60.0,F#5,78,1,0,0.7015855312347412,True,0.6258085370063782,True,0.4808003306388855,False
2612,p0n3011,82,0.75,0.125,98456.0,60.0,A5,81,1,0,0.8421688675880432,True,0.7142000794410706,True,0.44613856077194214,False
2613,p0n3012,82,0.875,0.125,98516.0,60.0,F#6,90,1,0,0.4974016845226288,False,0.2746333181858063,False,0.3000933825969696,False
2614,p0n3013,82,1.0,0.125,98576.0,60.0,A6,93,1,0,0.8229066133499146,True,0.7880652546882629,True,0.551189661026001,True
2615,p0n3016,82,1.125,0.125,98636.0,60.0,A7,105,1,0,0.8902679681777954,True,0.724320650100708,True,0.5816159844398499,True
2616,p0n3015,82,1.125,0.125,98636.0,60.0,F#7,102,1,0,0.8932157754898071,True,0.6875737905502319,True,0.44187304377555847,False
2617,p0n3017,82,1.25,0.125,98696.0,60.0,A6,93,1,0,0.7768179178237915,True,0.678784191608429,True,0.4416995644569397,False
2618,p0n3018,82,1.375,0.125,98756.0,60.0,F#6,90,1,0,0.6006819605827332,True,0.7205504179000854,True,0.3771286904811859,False
2619,p0n3019,82,1.5,0.125,98816.0,60.0,A5,81,1,0,0.8109196424484253,True,0.6611554026603699,True,0.4545217454433441,False
2620,p0n3020,82,1.625,0.125,98876.0,60.0,F#5,78,1,0,0.7043816447257996,True,0.679622232913971,True,0.4886828660964966,False
2621,p0n3021,82,1.75,0.125,98936.0,60.0,A5,81,1,0,0.8353040814399719,True,0.6654434204101562,True,0.41505032777786255,False
2622,p0n3022,82,1.875,0.125,98996.0,60.0,F#6,90,1,0,0.5077723264694214,True,0.46333059668540955,False,0.31131401658058167,False
2623,p0n3023,82,2.0,0.125,99056.0,60.0,A6,93,1,0,0.8102449774742126,True,0.8213366270065308,True,0.5314236283302307,True
2624,p0n3026,82,2.125,0.125,99116.0,60.0,A7,105,1,0,0.9033037424087524,True,0.6313841938972473,True,0.4967218041419983,False
2625,p0n3025,82,2.125,0.125,99116.0,60.0,F#7,102,1,0,0.910691499710083,True,0.5213805437088013,True,0.37087225914001465,False
2626,p0n3027,82,2.25,0.125,99176.0,60.0,A6,93,1,0,0.7838685512542725,True,0.7040425539016724,True,0.4406263828277588,False
2627,p0n3028,82,2.375,0.125,99236.0,60.0,F#6,90,1,0,0.600845992565155,True,0.4525199234485626,False,0.3056163191795349,False
2628,p0n3029,82,2.5,0.125,99296.0,60.0,A5,81,1,0,0.8120349645614624,True,0.7136774659156799,True,0.4700467884540558,False
2629,p0n3030,82,2.625,0.125,99356.0,60.0,F#5,78,1,0,0.7085046172142029,True,0.5707827210426331,True,0.47857826948165894,False
2630,p0n3031,82,2.75,0.125,99416.0,60.0,A5,81,1,0,0.8311440348625183,True,0.7278256416320801,True,0.4513842463493347,False
2631,p0n3032,82,2.875,0.125,99476.0,60.0,F#6,90,1,0,0.4994399845600128,False,0.2754901647567749,False,0.3002532422542572,False
2632,p0n3033,82,3.0,0.125,99536.0,60.0,A6,93,1,0,0.8110756278038025,True,0.8251486420631409,True,0.5388432145118713,True
2633,p0n3035,82,3.125,0.125,99596.0,60.0,A7,105,1,0,0.8986740112304688,True,0.6580250263214111,True,0.5122413039207458,True
2634,p0n3034,82,3.125,0.125,99596.0,60.0,F#7,102,1,0,0.911016583442688,True,0.5688680410385132,True,0.38403254747390747,False
2635,p0n3036,82,3.25,0.125,99656.0,60.0,A6,93,1,0,0.7801203727722168,True,0.6955579519271851,True,0.43959298729896545,False
2636,p0n3037,82,3.375,0.125,99716.0,60.0,F#6,90,1,0,0.5923870205879211,True,0.49763646721839905,False,0.31367984414100647,False
2637,p0n3038,82,3.5,0.125,99776.0,60.0,A5,81,1,0,0.8141061067581177,True,0.7049461603164673,True,0.46092671155929565,False
2638,p0n3039,82,3.625,0.125,99836.0,60.0,F#5,78,1,0,0.7154870629310608,True,0.6334404945373535,True,0.4845257103443146,False
2639,p0n3040,82,3.75,0.125,99896.0,60.0,A5,81,1,0,0.7757313251495361,True,0.7006934285163879,True,0.4284650981426239,False
2640,p0n3041,82,3.875,0.125,99956.0,60.0,F#6,90,1,0,0.4723866581916809,False,0.26335805654525757,False,0.29737475514411926,False
2641,p0n3042,83,0.0,0.125,100016.0,60.0,A6,93,1,0,0.855617880821228,True,0.8313611745834351,True,0.5710575580596924,True
2642,p0n3046,83,0.125,0.125,100076.0,60.0,A7,105,1,0,0.8916540145874023,True,0.6726661920547485,True,0.5652322173118591,True
2643,p0n3045,83,0.125,0.125,100076.0,60.0,F#7,102,1,0,0.9162703156471252,True,0.6150108575820923,True,0.439144104719162,False
2644,p0n3047,83,0.25,0.125,100136.0,60.0,A6,93,1,0,0.8135625720024109,True,0.7030574083328247,True,0.46873974800109863,False
2645,p0n3048,83,0.375,0.125,100196.0,60.0,F#6,90,1,0,0.6598969101905823,True,0.701933741569519,True,0.3804002106189728,False
2646,p0n3049,83,0.5,0.125,100256.0,60.0,A5,81,1,0,0.7928306460380554,True,0.6816052198410034,True,0.45763716101646423,False
2647,p0n3050,83,0.5,1.0,100256.0,480.0,F5,77,2,0,0.723383367061615,True,0.6535449624061584,True,0.44306930899620056,False
2648,p0n3051,83,0.625,0.125,100316.0,60.0,F#5,78,1,0,0.575168251991272,True,0.7058293223381042,True,0.530921995639801,True
2649,p0n3052,83,0.75,0.125,100376.0,60.0,A5,81,1,0,0.8378743529319763,True,0.6818585395812988,True,0.4380981922149658,False
2650,p0n3053,83,0.875,0.125,100436.0,60.0,F#6,90,1,0,0.5045548677444458,True,0.6582522988319397,True,0.3733329176902771,False
2651,p0n3054,83,1.0,0.125,100496.0,60.0,A6,93,1,0,0.8252639770507812,True,0.8106012940406799,True,0.5483857989311218,True
2652,p0n3057,83,1.125,0.125,100556.0,60.0,A7,105,1,0,0.8934824466705322,True,0.6561027765274048,True,0.5515816807746887,True
2653,p0n3056,83,1.125,0.125,100556.0,60.0,F#7,102,1,0,0.9043760895729065,True,0.576092541217804,True,0.4241931438446045,False
2654,p0n3058,83,1.25,0.125,100616.0,60.0,A6,93,1,0,0.7842124700546265,True,0.7138530015945435,True,0.45598092675209045,False
2655,p0n3059,83,1.375,0.125,100676.0,60.0,F#6,90,1,0,0.5876222252845764,True,0.6236019134521484,True,0.3787986636161804,False
2656,p0n3060,83,1.5,0.125,100736.0,60.0,A5,81,1,0,0.8631923794746399,True,0.7230085134506226,True,0.5106201767921448,True
2657,p0n3061,83,1.5,2.5,100736.0,1200.0,D5,74,2,0,0.6561359763145447,True,0.6174134016036987,True,0.45889168977737427,False
2658,p0n3062,83,1.625,0.125,100796.0,60.0,F#5,78,1,0,0.6888566017150879,True,0.7309694290161133,True,0.5775793790817261,True
2659,p0n3063,83,1.75,0.125,100856.0,60.0,A5,81,1,0,0.8620966076850891,True,0.7752094864845276,True,0.5278796553611755,True
2660,p0n3064,83,1.875,0.125,100916.0,60.0,F#6,90,1,0,0.5039114356040955,True,0.6728179454803467,True,0.3651583194732666,False
2661,p0n3065,83,2.0,0.125,100976.0,60.0,A6,93,1,0,0.8117440938949585,True,0.8080276846885681,True,0.5478752255439758,True
2662,p0n3068,83,2.125,0.125,101036.0,60.0,A7,105,1,0,0.9010874629020691,True,0.6573792099952698,True,0.5480965375900269,True
2663,p0n3067,83,2.125,0.125,101036.0,60.0,F#7,102,1,0,0.9086284041404724,True,0.6040884256362915,True,0.4204786419868469,False
2664,p0n3069,83,2.25,0.125,101096.0,60.0,A6,93,1,0,0.786055862903595,True,0.6978346705436707,True,0.44436758756637573,False
2665,p0n3070,83,2.375,0.125,101156.0,60.0,F#6,90,1,0,0.6066978573799133,True,0.6665933132171631,True,0.37934768199920654,False
2666,p0n3071,83,2.5,0.125,101216.0,60.0,A5,81,1,0,0.8245460987091064,True,0.6588577032089233,True,0.45694226026535034,False
2667,p0n3072,83,2.625,0.125,101276.0,60.0,F#5,78,1,0,0.7049394845962524,True,0.675347089767456,True,0.4870946705341339,False
2668,p0n3073,83,2.75,0.125,101336.0,60.0,A5,81,1,0,0.839169442653656,True,0.6651343703269958,True,0.41649889945983887,False
2669,p0n3074,83,2.875,0.125,101396.0,60.0,F#6,90,1,0,0.504137396812439,True,0.43025434017181396,False,0.3043622672557831,False
2670,p0n3075,83,3.0,0.125,101456.0,60.0,A6,93,1,0,0.8106953501701355,True,0.8326540589332581,True,0.5380644202232361,True
2671,p0n3077,83,3.125,0.125,101516.0,60.0,A7,105,1,0,0.8998538851737976,True,0.6556534171104431,True,0.5032199621200562,True
2672,p0n3076,83,3.125,0.125,101516.0,60.0,F#7,102,1,0,0.9091925621032715,True,0.5549961924552917,True,0.3757723867893219,False
2673,p0n3078,83,3.25,0.125,101576.0,60.0,A6,93,1,0,0.7872247695922852,True,0.7102482318878174,True,0.4390663206577301,False
2674,p0n3079,83,3.375,0.125,101636.0,60.0,F#6,90,1,0,0.6014646887779236,True,0.46045345067977905,False,0.3056376278400421,False
2675,p0n3080,83,3.5,0.125,101696.0,60.0,A5,81,1,0,0.8145591020584106,True,0.7079702615737915,True,0.477523535490036,False
2676,p0n3081,83,3.625,0.125,101756.0,60.0,F#5,78,1,0,0.6984492540359497,True,0.6332606673240662,True,0.4958322048187256,False
2677,p0n3082,83,3.75,0.125,101816.0,60.0,A5,81,1,0,0.7547731399536133,True,0.7167100310325623,True,0.4216165542602539,False
2678,p0n3083,83,3.875,0.125,101876.0,60.0,F#6,90,1,0,0.4939376413822174,False,0.2735616862773895,False,0.29965606331825256,False
2679,p0n3084,84,0.0,0.125,101936.0,60.0,A6,93,1,0,0.8133426904678345,True,0.8173576593399048,True,0.5477576851844788,True
2680,p0n3088,84,0.125,0.125,101996.0,60.0,A7,105,1,0,0.8979635834693909,True,0.6559263467788696,True,0.5607931613922119,True
2681,p0n3087,84,0.125,0.125,101996.0,60.0,F#7,102,1,0,0.9109790921211243,True,0.58356112241745,True,0.43170881271362305,False
2682,p0n3089,84,0.25,0.125,102056.0,60.0,A6,93,1,0,0.7930103540420532,True,0.719629168510437,True,0.4676022231578827,False
2683,p0n3090,84,0.375,0.125,102116.0,60.0,F#6,90,1,0,0.62965989112854,True,0.6841220259666443,True,0.3817913830280304,False
2684,p0n3091,84,0.5,0.125,102176.0,60.0,A5,81,1,0,0.8155921101570129,True,0.6724153757095337,True,0.478590726852417,False
2685,p0n3092,84,0.5,0.5,102176.0,240.0,F5,77,2,0,0.7068578600883484,True,0.4605195224285126,False,0.3244461715221405,False
2686,p0n3093,84,0.625,0.125,102236.0,60.0,F#5,78,1,0,0.7353785037994385,True,0.76076340675354,True,0.5677250027656555,True
2687,p0n3094,84,0.75,0.125,102296.0,60.0,A5,81,1,0,0.840943455696106,True,0.6721624732017517,True,0.4341546297073364,False
2688,p0n3095,84,0.875,0.125,102356.0,60.0,F#6,90,1,0,0.508368194103241,True,0.6669692993164062,True,0.35820290446281433,False
2689,p0n3096,84,1.0,0.125,102416.0,60.0,A6,93,1,0,0.8489943742752075,True,0.8097557425498962,True,0.5537278652191162,True
2690,p0n3097,84,1.0,2.5,102416.0,1200.0,D5,74,2,0,0.7596615552902222,True,0.5130229592323303,True,0.44218581914901733,False
2691,p0n3099,84,1.125,0.125,102476.0,60.0,A7,105,1,0,0.9031996726989746,True,0.6642606854438782,True,0.5541085600852966,True
2692,p0n3098,84,1.125,0.125,102476.0,60.0,F#7,102,1,0,0.9090556502342224,True,0.6082913875579834,True,0.42280250787734985,False
2693,p0n3100,84,1.25,0.125,102536.0,60.0,A6,93,1,0,0.783980667591095,True,0.6858890056610107,True,0.44456589221954346,False
2694,p0n3101,84,1.375,0.125,102596.0,60.0,F#6,90,1,0,0.5940897464752197,True,0.6831504702568054,True,0.3959801495075226,False
2695,p0n3102,84,1.5,0.125,102656.0,60.0,A5,81,1,0,0.8136126399040222,True,0.685878574848175,True,0.46788451075553894,False
2696,p0n3103,84,1.625,0.125,102716.0,60.0,F#5,78,1,0,0.6739716529846191,True,0.7211751341819763,True,0.5445466637611389,True
2697,p0n3104,84,1.75,0.125,102776.0,60.0,A5,81,1,0,0.8359700441360474,True,0.6866405606269836,True,0.45568200945854187,False
2698,p0n3105,84,1.875,0.125,102836.0,60.0,F#6,90,1,0,0.5026091933250427,True,0.6588741540908813,True,0.37873008847236633,False
2699,p0n3106,84,2.0,0.125,102896.0,60.0,A6,93,1,0,0.8069639205932617,True,0.8006817102432251,True,0.5418145656585693,True
2700,p0n3108,84,2.125,0.125,102956.0,60.0,A7,105,1,0,0.8998375535011292,True,0.6489216089248657,True,0.5449591279029846,True
2701,p0n3107,84,2.125,0.125,102956.0,60.0,F#7,102,1,0,0.9104949831962585,True,0.5907464027404785,True,0.41692110896110535,False
2702,p0n3109,84,2.25,0.125,103016.0,60.0,A6,93,1,0,0.7753486633300781,True,0.6775645017623901,True,0.44292885065078735,False
2703,p0n3110,84,2.375,0.125,103076.0,60.0,F#6,90,1,0,0.5954306125640869,True,0.6819531917572021,True,0.39419111609458923,False
2704,p0n3111,84,2.5,0.125,103136.0,60.0,A5,81,1,0,0.8156595230102539,True,0.6742921471595764,True,0.456408828496933,False
2705,p0n3112,84,2.625,0.125,103196.0,60.0,F#5,78,1,0,0.6692981719970703,True,0.7157110571861267,True,0.5357117652893066,True
2706,p0n3113,84,2.75,0.125,103256.0,60.0,A5,81,1,0,0.8474283218383789,True,0.6669408082962036,True,0.41916388273239136,False
2707,p0n3114,84,2.875,0.125,103316.0,60.0,F#6,90,1,0,0.5047268867492676,True,0.6896799802780151,True,0.3860052525997162,False
2708,p0n3115,84,3.0,0.125,103376.0,60.0,A6,93,1,0,0.8064606189727783,True,0.8168589472770691,True,0.552078902721405,True
2709,p0n3118,84,3.125,0.125,103436.0,60.0,A7,105,1,0,0.8941563367843628,True,0.6559361815452576,True,0.5530678033828735,True
2710,p0n3117,84,3.125,0.125,103436.0,60.0,F#7,102,1,0,0.8951230645179749,True,0.5949519872665405,True,0.42589038610458374,False
2711,p0n3119,84,3.25,0.125,103496.0,60.0,A6,93,1,0,0.7658423185348511,True,0.7101187705993652,True,0.46816977858543396,False
2712,p0n3120,84,3.375,0.125,103556.0,60.0,F#6,90,1,0,0.580420196056366,True,0.7154101133346558,True,0.42639288306236267,False
2713,p0n3121,84,3.5,0.125,103616.0,60.0,A5,81,1,0,0.8076050281524658,True,0.6947361826896667,True,0.4802797734737396,False
2714,p0n3122,84,3.5,0.5,103616.0,240.0,A4,69,2,0,0.8831272125244141,True,0.7684732675552368,True,0.4762360155582428,False
2715,p0n3123,84,3.625,0.125,103676.0,60.0,F#5,78,1,0,0.6969453692436218,True,0.7329160571098328,True,0.5586609244346619,True
2716,p0n3124,84,3.75,0.125,103736.0,60.0,A5,81,1,0,0.840576171875,True,0.6972887516021729,True,0.4427116811275482,False
2717,p0n3125,84,3.875,0.125,103796.0,60.0,F#6,90,1,0,0.5154313445091248,True,0.6469033360481262,True,0.3547237515449524,False
2718,p0n3126,85,0.0,0.125,103856.0,60.0,A6,93,1,0,0.799216091632843,True,0.7901191115379333,True,0.5359362363815308,True
2719,p0n3127,85,0.0,3.0,103856.0,1440.0,C5,72,2,0,0.28564420342445374,False,0.17820729315280914,False,0.2896522283554077,False
2720,p0n3131,85,0.125,0.125,103916.0,60.0,A7,105,1,0,0.9048458933830261,True,0.6650513410568237,True,0.5543323159217834,True
2721,p0n3130,85,0.125,0.125,103916.0,60.0,F#7,102,1,0,0.9107331037521362,True,0.6098055243492126,True,0.42333245277404785,False
2722,p0n3132,85,0.25,0.125,103976.0,60.0,A6,93,1,0,0.7726219296455383,True,0.6867920756340027,True,0.4404613673686981,False
2723,p0n3133,85,0.375,0.125,104036.0,60.0,F#6,90,1,0,0.5980774760246277,True,0.6750140190124512,True,0.3821573555469513,False
2724,p0n3134,85,0.5,0.125,104096.0,60.0,A5,81,1,0,0.8302749395370483,True,0.6922873258590698,True,0.47011762857437134,False
2725,p0n3135,85,0.625,0.125,104156.0,60.0,F#5,78,1,0,0.6895446181297302,True,0.6631408929824829,True,0.4725358188152313,False
2726,p0n3136,85,0.75,0.125,104216.0,60.0,A5,81,1,0,0.8519082069396973,True,0.688162088394165,True,0.4316983222961426,False
2727,p0n3137,85,0.875,0.125,104276.0,60.0,F#6,90,1,0,0.5075657367706299,True,0.42663899064064026,False,0.3040747344493866,False
2728,p0n3138,85,1.0,0.125,104336.0,60.0,A6,93,1,0,0.8087776899337769,True,0.8224315047264099,True,0.5316654443740845,True
2729,p0n3140,85,1.125,0.125,104396.0,60.0,A7,105,1,0,0.9012041091918945,True,0.6473231315612793,True,0.4968451261520386,False
2730,p0n3139,85,1.125,0.125,104396.0,60.0,F#7,102,1,0,0.909619152545929,True,0.5327964425086975,True,0.3699776232242584,False
2731,p0n3141,85,1.25,0.125,104456.0,60.0,A6,93,1,0,0.7798346281051636,True,0.7011832594871521,True,0.4383604824542999,False
2732,p0n3142,85,1.375,0.125,104516.0,60.0,F#6,90,1,0,0.5967210531234741,True,0.46118056774139404,False,0.30497631430625916,False
2733,p0n3143,85,1.5,0.125,104576.0,60.0,A5,81,1,0,0.8295642733573914,True,0.7294428944587708,True,0.4838413894176483,False
2734,p0n3144,85,1.625,0.125,104636.0,60.0,F#5,78,1,0,0.6958263516426086,True,0.5519686937332153,True,0.4657955467700958,False
2735,p0n3145,85,1.75,0.125,104696.0,60.0,A5,81,1,0,0.8399844765663147,True,0.7388075590133667,True,0.46695706248283386,False
2736,p0n3146,85,1.875,0.125,104756.0,60.0,F#6,90,1,0,0.4991522431373596,False,0.2743137776851654,False,0.2997146546840668,False
2737,p0n3147,85,2.0,0.125,104816.0,60.0,A6,93,1,0,0.8037880063056946,True,0.8148348331451416,True,0.5172792077064514,True
2738,p0n3149,85,2.125,0.125,104876.0,60.0,A7,105,1,0,0.8992767333984375,True,0.6589268445968628,True,0.4642721712589264,False
2739,p0n3148,85,2.125,0.125,104876.0,60.0,F#7,102,1,0,0.9043083786964417,True,0.5582778453826904,True,0.36220547556877136,False
2740,p0n3150,85,2.25,0.125,104936.0,60.0,A6,93,1,0,0.7747445106506348,True,0.6658191084861755,True,0.42921310663223267,False
2741,p0n3151,85,2.375,0.125,104996.0,60.0,F#6,90,1,0,0.568397581577301,True,0.47675076127052307,False,0.3088797926902771,False
2742,p0n3152,85,2.5,0.125,105056.0,60.0,A5,81,1,0,0.8245944976806641,True,0.7260188460350037,True,0.4829142093658447,False
2743,p0n3153,85,2.625,0.125,105116.0,60.0,F#5,78,1,0,0.6565069556236267,True,0.5758776664733887,True,0.4626547396183014,False
2744,p0n3154,85,2.75,0.125,105176.0,60.0,A5,81,1,0,0.8600866794586182,True,0.7145273685455322,True,0.4594668745994568,False
2745,p0n3155,85,2.875,0.125,105236.0,60.0,F#6,90,1,0,0.4693741500377655,False,0.2602851688861847,False,0.2961118221282959,False
2746,p0n3156,85,3.0,0.125,105296.0,60.0,A6,93,1,0,0.8475129008293152,True,0.7892093658447266,True,0.5242591500282288,True
2747,p0n3157,85,3.0,1.0,105296.0,480.0,A4,69,2,0,0.9515738487243652,True,0.7346428632736206,True,0.4668967127799988,False
2748,p0n3160,85,3.125,0.125,105356.0,60.0,A7,105,1,0,0.8900377154350281,True,0.6375192999839783,True,0.5015126466751099,True
2749,p0n3159,85,3.125,0.125,105356.0,60.0,F#7,102,1,0,0.9013082981109619,True,0.5215597152709961,True,0.40867528319358826,False
2750,p0n3161,85,3.25,0.125,105416.0,60.0,A6,93,1,0,0.7420324087142944,True,0.6781182885169983,True,0.4765212833881378,False
2751,p0n3162,85,3.375,0.125,105476.0,60.0,F#6,90,1,0,0.5283676981925964,True,0.5105285048484802,True,0.349455326795578,False
2752,p0n3163,85,3.5,0.125,105536.0,60.0,A5,81,1,0,0.8847298622131348,True,0.6450574398040771,True,0.5237782597541809,True
2753,p0n3167,85,3.5,0.5,105536.0,240.0,A4,69,2,0,0.8426271677017212,True,0.5147894024848938,True,0.399491548538208,False
2754,p0n3166,85,3.5,0.5,105536.0,240.0,F#4,66,2,0,0.5191230773925781,True,0.46097370982170105,False,0.3000452518463135,False
2755,p0n3165,85,3.5,0.5,105536.0,240.0,D4,62,2,0,0.9585980176925659,True,0.5663412809371948,True,0.48035353422164917,False
2756,p0n3164,85,3.5,1.5,105536.0,720.0,A3,57,2,0,0.8981884121894836,True,0.7290189266204834,True,0.47657206654548645,False
2757,p0n3168,85,3.625,0.125,105596.0,60.0,F#5,78,1,0,0.5354559421539307,True,0.6133183240890503,True,0.4535371661186218,False
2758,p0n3169,85,3.75,0.125,105656.0,60.0,A5,81,1,0,0.903560221195221,True,0.7693455219268799,True,0.5545920729637146,True
2759,p0n3170,85,3.875,0.125,105716.0,60.0,F#6,90,1,0,0.5202564001083374,True,0.28668585419654846,False,0.28226542472839355,False
2760,p0n3171,86,0.0,0.125,105776.0,60.0,A5,81,1,0,0.90255206823349,True,0.7321338653564453,True,0.5587206482887268,True
2761,p0n3175,86,0.0,1.0,105776.0,480.0,F#3,54,2,0,0.4409729838371277,False,0.18087995052337646,False,0.2779655158519745,False
2762,p0n3174,86,0.0,1.0,105776.0,480.0,D3,50,2,0,0.8569262623786926,True,0.19095027446746826,False,0.2618717849254608,False
2763,p0n3173,86,0.0,1.0,105776.0,480.0,A2,45,2,0,0.9291670322418213,True,0.89683598279953,True,0.7320351600646973,True
2764,p0n3172,86,0.0,0.3333333333333333,105776.0,160.0,B0,23,2,0,0.9268350601196289,True,0.4946100413799286,False,0.33724451065063477,False
2765,p0n3179,86,0.125,0.125,105836.0,60.0,A6,93,1,0,0.8092274069786072,True,0.8561551570892334,True,0.6156949400901794,True
2766,p0n3178,86,0.125,0.125,105836.0,60.0,F#6,90,1,0,0.5167752504348755,True,0.367581844329834,False,0.2936598062515259,False
2767,p0n3180,86,0.25,0.125,105896.0,60.0,A5,81,1,0,0.8488545417785645,True,0.7091679573059082,True,0.5666449069976807,True
2768,p0n3181,86,0.3333333333333333,0.3333333333333333,105936.0,160.0,B1,35,2,0,0.8684902787208557,True,0.3367229998111725,False,0.317320317029953,False
2769,p0n3182,86,0.375,0.125,105956.0,60.0,F#5,78,1,0,0.6490082144737244,True,0.5793752074241638,True,0.4746919870376587,False
2770,p0n3183,86,0.5,0.125,106016.0,60.0,A4,69,1,0,0.8629093766212463,True,0.5408616662025452,True,0.3163020610809326,False
2771,p0n3184,86,0.625,0.125,106076.0,60.0,F#4,66,1,0,0.34843552112579346,False,0.2493966519832611,False,0.2934301495552063,False
2772,p0n3185,86,0.6666666666666666,0.3333333333333333,106096.0,160.0,B2,47,2,0,0.7610816359519958,True,0.3406582176685333,False,0.2977733612060547,False
2773,p0n3186,86,0.75,0.125,106136.0,60.0,A4,69,1,0,0.8717295527458191,True,0.5591678619384766,True,0.3662281632423401,False
2774,p0n3187,86,0.875,0.125,106196.0,60.0,F#5,78,1,0,0.7140476703643799,True,0.6530471444129944,True,0.5384582281112671,True
2775,p0n3188,86,1.0,0.125,106256.0,60.0,A4,69,1,0,0.8565542697906494,True,0.6115332245826721,True,0.42906996607780457,False
2776,p0n3189,86,1.0,0.5,106256.0,240.0,C2,36,2,0,0.7475557327270508,True,0.7322701215744019,True,0.4877702295780182,False
2777,p0n3190,86,1.0,1.0,106256.0,480.0,C2,36,2,0,0.745453953742981,True,0.5983208417892456,True,0.3943834602832794,False
2778,p0n3192,86,1.125,0.125,106316.0,60.0,A5,81,1,0,0.8598031997680664,True,0.819549560546875,True,0.6356953382492065,True
2779,p0n3191,86,1.125,0.125,106316.0,60.0,F#5,78,1,0,0.6365598440170288,True,0.5135774612426758,True,0.46447598934173584,False
2780,p0n3193,86,1.25,0.125,106376.0,60.0,A4,69,1,0,0.8516235947608948,True,0.5932061672210693,True,0.3538024425506592,False
2781,p0n3194,86,1.375,0.125,106436.0,60.0,F#4,66,1,0,0.473015695810318,False,0.30735644698143005,False,0.305703729391098,False
2782,p0n3195,86,1.5,0.125,106496.0,60.0,A3,57,1,0,0.8461039662361145,True,0.49549925327301025,False,0.39069297909736633,False
2783,p0n3196,86,1.5,0.5,106496.0,240.0,C3,48,2,0,0.8316962122917175,True,0.7473073601722717,True,0.513184130191803,True
2784,p0n3197,86,1.625,0.125,106556.0,60.0,F#3,54,1,0,0.24808643758296967,False,0.18099156022071838,False,0.280017226934433,False
2785,p0n3198,86,1.75,0.125,106616.0,60.0,A3,57,1,0,0.851403534412384,True,0.5543286204338074,True,0.35786497592926025,False
2786,p0n3199,86,1.875,0.125,106676.0,60.0,F#4,66,1,0,0.4460878074169159,False,0.2836085557937622,False,0.2995162904262543,False
2787,p0n3201,86,2.0,0.5,106736.0,240.0,D2,38,2,0,0.7647022604942322,True,0.3540402948856354,False,0.29011771082878113,False
2788,p0n3202,86,2.0,1.0,106736.0,480.0,D2,38,2,0,0.8333320021629333,True,0.18369445204734802,False,0.2779195010662079,False
2789,p0n3204,86,2.125,0.125,106796.0,60.0,A4,69,1,0,0.8272433876991272,True,0.6172669529914856,True,0.36481040716171265,False
2790,p0n3203,86,2.125,0.125,106796.0,60.0,F#4,66,1,0,0.4824206531047821,False,0.34360992908477783,False,0.3173680305480957,False
2791,p0n3205,86,2.25,0.125,106856.0,60.0,A3,57,1,0,0.8455707430839539,True,0.5226667523384094,True,0.3358362317085266,False
2792,p0n3206,86,2.375,0.125,106916.0,60.0,F#3,54,1,0,0.28394636511802673,False,0.18437430262565613,False,0.2798979580402374,False
2793,p0n3208,86,2.5,0.5,106976.0,240.0,D3,50,2,0,0.9019794464111328,True,0.15749338269233704,False,0.2696637511253357,False
2794,p0n3207,86,2.5,0.125,106976.0,60.0,A2,45,1,0,0.9373335242271423,True,0.7360550761222839,True,0.6083613634109497,True
2795,p0n3209,86,2.625,0.125,107036.0,60.0,F#2,42,1,0,0.8013890981674194,True,0.4912126958370209,False,0.3751909136772156,False
2796,p0n3210,86,2.75,0.125,107096.0,60.0,A2,45,1,0,0.8542969226837158,True,0.6845637559890747,True,0.6089854836463928,True
2797,p0n3211,86,2.875,0.125,107156.0,60.0,F#3,54,1,0,0.16623733937740326,False,0.1639356166124344,False,0.2770284116268158,False
2798,p0n3214,87,0.0,0.5,107216.0,240.0,F2,41,2,0,0.48987478017807007,False,0.29463592171669006,False,0.3080732524394989,False
2799,p0n3215,87,0.0,1.0,107216.0,480.0,F2,41,2,0,0.45927494764328003,False,0.3364868462085724,False,0.32027798891067505,False
2800,p0n3216,87,0.125,0.125,107276.0,60.0,A2,45,1,0,0.8992176651954651,True,0.7463957667350769,True,0.6478020548820496,True
2801,p0n3217,87,0.25,0.125,107336.0,60.0,F#3,54,1,0,0.15266521275043488,False,0.16751211881637573,False,0.27790775895118713,False
2802,p0n3218,87,0.375,0.125,107396.0,60.0,A3,57,1,0,0.8510661721229553,True,0.5672487020492554,True,0.360372930765152,False
2803,p0n3219,87,0.5,0.125,107456.0,60.0,F#3,54,1,0,0.2082975208759308,False,0.17952671647071838,False,0.2792016267776489,False
2804,p0n3220,87,0.5,0.5,107456.0,240.0,F3,53,2,0,0.5628122687339783,True,0.3406403660774231,False,0.3064897656440735,False
2805,p0n3221,87,0.625,0.125,107516.0,60.0,A2,45,1,0,0.9055402278900146,True,0.7983283996582031,True,0.6651872396469116,True
2806,p0n3222,87,0.75,0.125,107576.0,60.0,F#2,42,1,0,0.47620412707328796,False,0.21642498672008514,False,0.2855909466743469,False
2807,p0n3223,87,0.875,0.125,107636.0,60.0,A2,45,1,0,0.8894818425178528,True,0.8422755599021912,True,0.7169472575187683,True
2808,p0n3225,87,1.0,0.5,107696.0,240.0,C#2,37,2,0,0.8748292326927185,True,0.7901820540428162,True,0.489882230758667,False
2809,p0n3226,87,1.0,1.0,107696.0,480.0,C#2,37,2,0,0.8404294848442078,True,0.671048104763031,True,0.39370977878570557,False
2810,p0n3227,87,1.125,0.125,107756.0,60.0,A3,57,1,0,0.8042826056480408,True,0.6170538067817688,True,0.38069581985473633,False
2811,p0n3228,87,1.25,0.125,107816.0,60.0,F#4,66,1,0,0.4900176227092743,False,0.3545401692390442,False,0.3211514949798584,False
2812,p0n3229,87,1.375,0.125,107876.0,60.0,A4,69,1,0,0.8586494326591492,True,0.6738862991333008,True,0.42386046051979065,False
2813,p0n3230,87,1.5,0.125,107936.0,60.0,F#4,66,1,0,0.45174843072891235,False,0.311640202999115,False,0.3079795837402344,False
2814,p0n3231,87,1.5,0.5,107936.0,240.0,C#3,49,2,0,0.8630288243293762,True,0.7072469592094421,True,0.6001670360565186,True
2815,p0n3232,87,1.625,0.125,107996.0,60.0,A3,57,1,0,0.754700243473053,True,0.5920041799545288,True,0.3754608631134033,False
2816,p0n3233,87,1.75,0.125,108056.0,60.0,F#3,54,1,0,0.15118038654327393,False,0.17097370326519012,False,0.2784384489059448,False
2817,p0n3234,87,1.875,0.125,108116.0,60.0,A3,57,1,0,0.8406232595443726,True,0.7357823848724365,True,0.4482973515987396,False
2818,p0n3236,87,2.0,0.5,108176.0,240.0,C2,36,2,0,0.8013413548469543,True,0.5213871002197266,True,0.4076170027256012,False
2819,p0n3237,87,2.0,1.0,108176.0,480.0,C2,36,2,0,0.7327063679695129,True,0.5753629207611084,True,0.4185311794281006,False
2820,p0n3239,87,2.125,0.125,108236.0,60.0,A4,69,1,0,0.8143795132637024,True,0.6825364828109741,True,0.368556946516037,False
2821,p0n3238,87,2.125,0.125,108236.0,60.0,F#4,66,1,0,0.5902720093727112,True,0.43933799862861633,False,0.3482072949409485,False
2822,p0n3240,87,2.25,0.125,108296.0,60.0,A3,57,1,0,0.7624775767326355,True,0.6397542953491211,True,0.4110106825828552,False
2823,p0n3241,87,2.375,0.125,108356.0,60.0,F#3,54,1,0,0.179159477353096,False,0.1745067983865738,False,0.2785395383834839,False
2824,p0n3243,87,2.5,0.5,108416.0,240.0,C3,48,2,0,0.9637940526008606,True,0.8685162663459778,True,0.5843803286552429,True
2825,p0n3242,87,2.5,0.125,108416.0,60.0,A2,45,1,0,0.9398829936981201,True,0.8211406469345093,True,0.5767161250114441,True
2826,p0n3244,87,2.625,0.125,108476.0,60.0,F#3,54,1,0,0.1471756249666214,False,0.16652248799800873,False,0.2777458131313324,False
2827,p0n3245,87,2.75,0.125,108536.0,60.0,A3,57,1,0,0.8382527232170105,True,0.7146116495132446,True,0.4374186396598816,False
2828,p0n3247,87,2.875,0.125,108596.0,60.0,A4,69,1,0,0.7253989577293396,True,0.6321623921394348,True,0.3321424722671509,False
2829,p0n3246,87,2.875,0.125,108596.0,60.0,F#4,66,1,0,0.41417500376701355,False,0.26888659596443176,False,0.29628029465675354,False
2830,p0n3250,88,0.0,0.3333333333333333,108656.0,160.0,B1,35,2,0,0.8629865646362305,True,0.23244044184684753,False,0.28711599111557007,False
2831,p0n3251,88,0.0,1.0,108656.0,480.0,B1,35,2,0,0.8883733749389648,True,0.15638229250907898,False,0.2793636918067932,False
2832,p0n3253,88,0.125,0.125,108716.0,60.0,A5,81,1,0,0.8865153193473816,True,0.8454182744026184,True,0.6324405670166016,True
2833,p0n3252,88,0.125,0.125,108716.0,60.0,F#5,78,1,0,0.7747127413749695,True,0.6298897862434387,True,0.49918583035469055,False
2834,p0n3254,88,0.25,0.125,108776.0,60.0,A4,69,1,0,0.829377293586731,True,0.5429848432540894,True,0.3316992223262787,False
2835,p0n3255,88,0.3333333333333333,0.3333333333333333,108816.0,160.0,B2,47,2,0,0.905522346496582,True,0.27831074595451355,False,0.30879098176956177,False
2836,p0n3256,88,0.375,0.125,108836.0,60.0,F#4,66,1,0,0.4290448725223541,False,0.3025292456150055,False,0.3052287995815277,False
2837,p0n3257,88,0.5,0.125,108896.0,60.0,A3,57,1,0,0.9132400155067444,True,0.664983332157135,True,0.4666931629180908,False
2838,p0n3258,88,0.625,0.125,108956.0,60.0,F#4,66,1,0,0.38447698950767517,False,0.2717837691307068,False,0.2980581223964691,False
2839,p0n3259,88,0.6666666666666666,0.3333333333333333,108976.0,160.0,B3,59,2,0,0.9613018035888672,True,0.1553097665309906,False,0.2870257496833801,False
2840,p0n3260,88,0.75,0.125,109016.0,60.0,A4,69,1,0,0.8542081713676453,True,0.5358240604400635,True,0.33627456426620483,False
2841,p0n3261,88,0.875,0.125,109076.0,60.0,F#5,78,1,0,0.7217848300933838,True,0.5816993117332458,True,0.4864583909511566,False
2842,p0n3263,88,1.0,0.125,109136.0,60.0,A4,69,2,0,0.7930105328559875,True,0.5253210067749023,True,0.35512468218803406,False
2843,p0n3262,88,1.0,0.125,109136.0,60.0,F#4,66,2,0,0.5312251448631287,True,0.3494492173194885,False,0.3001568615436554,False
2844,p0n3267,88,1.125,0.125,109196.0,60.0,A5,81,1,0,0.8479645252227783,True,0.760513186454773,True,0.5522428154945374,True
2845,p0n3266,88,1.125,0.125,109196.0,60.0,F#5,78,1,0,0.704784095287323,True,0.5492885708808899,True,0.45697280764579773,False
2846,p0n3268,88,1.25,0.125,109256.0,60.0,A4,69,1,0,0.8255526423454285,True,0.5393275618553162,True,0.3282265067100525,False
2847,p0n3269,88,1.375,0.125,109316.0,60.0,F#4,66,1,0,0.42578041553497314,False,0.29245224595069885,False,0.30295228958129883,False
2848,p0n3270,88,1.5,0.125,109376.0,60.0,A3,57,1,0,0.96602463722229,True,0.8151804804801941,True,0.5437217950820923,True
2849,p0n3271,88,1.625,0.125,109436.0,60.0,F#4,66,1,0,0.30156397819519043,False,0.22214068472385406,False,0.2877320647239685,False
2850,p0n3272,88,1.75,0.125,109496.0,60.0,A4,69,1,0,0.939849853515625,True,0.5942883491516113,True,0.38789838552474976,False
2851,p0n3273,88,1.875,0.125,109556.0,60.0,F#5,78,1,0,0.7086296677589417,True,0.5615003705024719,True,0.5145837068557739,True
2852,p0n3275,88,2.0,0.125,109616.0,60.0,A5,81,2,0,0.8916844725608826,True,0.6450332403182983,True,0.5286529064178467,True
2853,p0n3274,88,2.0,0.125,109616.0,60.0,F#5,78,2,0,0.7800887823104858,True,0.6152775287628174,True,0.5265480875968933,True
2854,p0n3277,88,2.125,0.125,109676.0,60.0,F#6,90,1,0,0.47231525182724,False,0.25063928961753845,False,0.2932504415512085,False
2855,p0n3276,88,2.125,0.125,109676.0,60.0,D6,86,1,0,0.7215709090232849,True,0.7877726554870605,True,0.5236340761184692,True
2856,p0n3278,88,2.25,0.125,109736.0,60.0,A5,81,1,0,0.8568851351737976,True,0.6693402528762817,True,0.40479230880737305,False
2857,p0n3279,88,2.375,0.125,109796.0,60.0,F#5,78,1,0,0.7670778632164001,True,0.6740429997444153,True,0.547693133354187,True
2858,p0n3280,88,2.5,0.125,109856.0,60.0,A4,69,1,0,0.9350135922431946,True,0.5977452993392944,True,0.4385290741920471,False
2859,p0n3281,88,2.625,0.125,109916.0,60.0,F#5,78,1,0,0.7124402523040771,True,0.5541448593139648,True,0.4645451605319977,False
2860,p0n3282,88,2.75,0.125,109976.0,60.0,A5,81,1,0,0.8705525994300842,True,0.8164142966270447,True,0.4315245747566223,False
2861,p0n3283,88,2.875,0.125,110036.0,60.0,F#6,90,1,0,0.43638554215431213,False,0.21949341893196106,False,0.2864888608455658,False
2862,p0n3285,89,0.0,0.125,110096.0,60.0,A6,93,2,0,0.8333837985992432,True,0.832463264465332,True,0.4702426493167877,False
2863,p0n3284,89,0.0,0.125,110096.0,60.0,F#6,90,2,0,0.36994093656539917,False,0.1672244369983673,False,0.27803751826286316,False
2864,p0n3287,89,0.0,0.125,110096.0,60.0,A5,81,2,0,0.7254887819290161,True,0.7614799737930298,True,0.312254935503006,False
2865,p0n3286,89,0.0,0.125,110096.0,60.0,F#5,78,2,0,0.6590310335159302,True,0.6262635588645935,True,0.4718647599220276,False
2866,p0n3290,89,0.125,0.125,110156.0,60.0,A7,105,1,0,0.8979161381721497,True,0.4818193018436432,False,0.4070213735103607,False
2867,p0n3289,89,0.125,0.125,110156.0,60.0,F#7,102,1,0,0.9030727744102478,True,0.2862999439239502,False,0.3049052953720093,False
2868,p0n3292,89,0.25,0.125,110216.0,60.0,A6,93,1,0,0.8149959444999695,True,0.7559082508087158,True,0.49750012159347534,False
2869,p0n3294,89,0.375,0.125,110276.0,60.0,F#6,90,1,0,0.4969336688518524,False,0.25279101729393005,False,0.29382431507110596,False
2870,p0n3295,89,0.5,0.125,110336.0,60.0,A5,81,1,0,0.7606135010719299,True,0.6920748949050903,True,0.3315696120262146,False
2871,p0n3297,89,0.625,0.125,110396.0,60.0,F#5,78,1,0,0.6475465893745422,True,0.5177676677703857,True,0.4599579870700836,False
2872,p0n3298,89,0.75,0.125,110456.0,60.0,A5,81,1,0,0.7978256940841675,True,0.7078233361244202,True,0.3157411515712738,False
2873,p0n3299,89,0.875,0.125,110516.0,60.0,F#6,90,1,0,0.3820350766181946,False,0.22421491146087646,False,0.28874993324279785,False
2874,p0n3300,89,1.0,0.125,110576.0,60.0,A6,93,1,0,0.7848225235939026,True,0.7881620526313782,True,0.5156564116477966,True
2875,p0n3303,89,1.125,0.125,110636.0,60.0,A7,105,1,0,0.8986475467681885,True,0.5127695202827454,True,0.4246615171432495,False
2876,p0n3302,89,1.125,0.125,110636.0,60.0,F#7,102,1,0,0.9057148694992065,True,0.3246905505657196,False,0.31457218527793884,False
2877,p0n3304,89,1.25,0.125,110696.0,60.0,A6,93,1,0,0.7437620162963867,True,0.7181388735771179,True,0.46468669176101685,False
2878,p0n3305,89,1.375,0.125,110756.0,60.0,F#6,90,1,0,0.4763009250164032,False,0.24882176518440247,False,0.2929057478904724,False
2879,p0n3306,89,1.5,0.125,110816.0,60.0,A5,81,1,0,0.7697384357452393,True,0.6860283613204956,True,0.3253282308578491,False
2880,p0n3307,89,1.625,0.125,110876.0,60.0,F#5,78,1,0,0.6474520564079285,True,0.5143247246742249,True,0.45927539467811584,False
2881,p0n3308,89,1.75,0.125,110936.0,60.0,A5,81,1,0,0.7990530729293823,True,0.7108058929443359,True,0.3165004849433899,False
2882,p0n3309,89,1.875,0.125,110996.0,60.0,F#6,90,1,0,0.3821667432785034,False,0.22426550090312958,False,0.2887415885925293,False
2883,p0n3310,89,2.0,0.125,111056.0,60.0,A6,93,1,0,0.7839146256446838,True,0.794156551361084,True,0.5195876955986023,True
2884,p0n3313,89,2.125,0.125,111116.0,60.0,A7,105,1,0,0.8992130160331726,True,0.5160294771194458,True,0.42810094356536865,False
2885,p0n3312,89,2.125,0.125,111116.0,60.0,F#7,102,1,0,0.9063540101051331,True,0.319359689950943,False,0.3131474256515503,False
2886,p0n3314,89,2.25,0.125,111176.0,60.0,A6,93,1,0,0.749369740486145,True,0.7202801704406738,True,0.4659724831581116,False
2887,p0n3315,89,2.375,0.125,111236.0,60.0,F#6,90,1,0,0.4768863320350647,False,0.24902047216892242,False,0.2929258644580841,False
2888,p0n3316,89,2.5,0.125,111296.0,60.0,A5,81,1,0,0.7698041796684265,True,0.6853906512260437,True,0.32534104585647583,False
2889,p0n3317,89,2.625,0.125,111356.0,60.0,F#5,78,1,0,0.6551973223686218,True,0.5235824584960938,True,0.462380975484848,False
2890,p0n3318,89,2.75,0.125,111416.0,60.0,A5,81,1,0,0.7879406809806824,True,0.7052397131919861,True,0.3125663697719574,False
2891,p0n3319,89,2.875,0.125,111476.0,60.0,F#6,90,1,0,0.37072014808654785,False,0.22018490731716156,False,0.2879270613193512,False
2892,p0n3320,89,3.0,0.125,111536.0,60.0,A6,93,1,0,0.7834706902503967,True,0.792361319065094,True,0.5243688225746155,True
2893,p0n3322,89,3.125,0.125,111596.0,60.0,A7,105,1,0,0.8942562341690063,True,0.5104835033416748,True,0.4478350579738617,False
2894,p0n3321,89,3.125,0.125,111596.0,60.0,F#7,102,1,0,0.9089740514755249,True,0.32479384541511536,False,0.3139590620994568,False
2895,p0n3323,89,3.25,0.125,111656.0,60.0,A6,93,1,0,0.7453209161758423,True,0.7137277722358704,True,0.4655841290950775,False
2896,p0n3324,89,3.375,0.125,111716.0,60.0,F#6,90,1,0,0.4647526741027832,False,0.24462810158729553,False,0.2920074164867401,False
2897,p0n3325,89,3.5,0.125,111776.0,60.0,A5,81,1,0,0.7618802785873413,True,0.6876587867736816,True,0.31996849179267883,False
2898,p0n3326,89,3.625,0.125,111836.0,60.0,F#5,78,1,0,0.6659424304962158,True,0.5273512005805969,True,0.4646643102169037,False
2899,p0n3327,89,3.75,0.125,111896.0,60.0,A5,81,1,0,0.755984365940094,True,0.7100666165351868,True,0.3072107434272766,False
2900,p0n3328,89,3.875,0.125,111956.0,60.0,F#6,90,1,0,0.3408578336238861,False,0.20976783335208893,False,0.28594082593917847,False
2901,p0n3329,90,0.0,0.125,112016.0,60.0,A6,93,1,0,0.8089292049407959,True,0.807295024394989,True,0.5262689590454102,True
2902,p0n3333,90,0.125,0.125,112076.0,60.0,A7,105,1,0,0.8896589279174805,True,0.5186908841133118,True,0.4095176160335541,False
2903,p0n3332,90,0.125,0.125,112076.0,60.0,F#7,102,1,0,0.9019977450370789,True,0.32774463295936584,False,0.3139234185218811,False
2904,p0n3334,90,0.25,0.125,112136.0,60.0,A6,93,1,0,0.7607113122940063,True,0.7318349480628967,True,0.48469844460487366,False
2905,p0n3335,90,0.375,0.125,112196.0,60.0,F#6,90,1,0,0.46418529748916626,False,0.23320108652114868,False,0.2888830602169037,False
2906,p0n3336,90,0.5,0.125,112256.0,60.0,A5,81,1,0,0.7263761758804321,True,0.6846712231636047,True,0.3225950002670288,False
2907,p0n3337,90,0.5,0.5,112256.0,240.0,F5,77,2,0,0.7784446477890015,True,0.5676649212837219,True,0.4174453616142273,False
2908,p0n3338,90,0.625,0.125,112316.0,60.0,F#5,78,1,0,0.6593645811080933,True,0.5333506464958191,True,0.46995529532432556,False
2909,p0n3339,90,0.75,0.125,112376.0,60.0,A5,81,1,0,0.7714628577232361,True,0.7180922031402588,True,0.3094826340675354,False
2910,p0n3340,90,0.875,0.125,112436.0,60.0,F#6,90,1,0,0.3426128327846527,False,0.19059203565120697,False,0.28172367811203003,False
2911,p0n3341,90,1.0,0.125,112496.0,60.0,A6,93,1,0,0.8211290836334229,True,0.7970154881477356,True,0.5267028212547302,True
2912,p0n3342,90,1.0,1.0,112496.0,480.0,D5,74,2,0,0.6568080186843872,True,0.555212676525116,True,0.3793755769729614,False
2913,p0n3344,90,1.125,0.125,112556.0,60.0,A7,105,1,0,0.8999201059341431,True,0.5160888433456421,True,0.41278278827667236,False
2914,p0n3343,90,1.125,0.125,112556.0,60.0,F#7,102,1,0,0.9046028852462769,True,0.3154768645763397,False,0.31128522753715515,False
2915,p0n3345,90,1.25,0.125,112616.0,60.0,A6,93,1,0,0.7637606859207153,True,0.721905529499054,True,0.4707058072090149,False
2916,p0n3346,90,1.375,0.125,112676.0,60.0,F#6,90,1,0,0.44472992420196533,False,0.23690609633922577,False,0.29046350717544556,False
2917,p0n3347,90,1.5,0.125,112736.0,60.0,A5,81,1,0,0.7343095541000366,True,0.6534559726715088,True,0.3727641701698303,False
2918,p0n3348,90,1.625,0.125,112796.0,60.0,F#5,78,1,0,0.7111712098121643,True,0.5886296033859253,True,0.4556499719619751,False
2919,p0n3349,90,1.75,0.125,112856.0,60.0,A5,81,1,0,0.7613245844841003,True,0.6940993070602417,True,0.37900328636169434,False
2920,p0n3350,90,1.875,0.125,112916.0,60.0,F#6,90,1,0,0.34494683146476746,False,0.21195152401924133,False,0.28626468777656555,False
2921,p0n3351,90,2.0,0.125,112976.0,60.0,A6,93,1,0,0.7403915524482727,True,0.7593883872032166,True,0.45657894015312195,False
2922,p0n3354,90,2.125,0.125,113036.0,60.0,A7,105,1,0,0.9004904627799988,True,0.4981285333633423,False,0.4168888330459595,False
2923,p0n3353,90,2.125,0.125,113036.0,60.0,F#7,102,1,0,0.9073112607002258,True,0.31007203459739685,False,0.31045952439308167,False
2924,p0n3355,90,2.25,0.125,113096.0,60.0,A6,93,1,0,0.7331490516662598,True,0.7034870982170105,True,0.4647912383079529,False
2925,p0n3356,90,2.375,0.125,113156.0,60.0,F#6,90,1,0,0.40770289301872253,False,0.22375072538852692,False,0.2878631055355072,False
2926,p0n3357,90,2.5,0.125,113216.0,60.0,A5,81,1,0,0.7466163039207458,True,0.6470134258270264,True,0.31699424982070923,False
2927,p0n3358,90,2.625,0.125,113276.0,60.0,F#5,78,1,0,0.7094833850860596,True,0.5715717077255249,True,0.4572928845882416,False
2928,p0n3359,90,2.75,0.125,113336.0,60.0,A5,81,1,0,0.7901157736778259,True,0.6690946221351624,True,0.3154021203517914,False
2929,p0n3360,90,2.875,0.125,113396.0,60.0,F#6,90,1,0,0.34354478120803833,False,0.19965457916259766,False,0.283475399017334,False
2930,p0n3361,90,3.0,0.125,113456.0,60.0,A6,93,1,0,0.7792773246765137,True,0.7920014262199402,True,0.5178217887878418,True
2931,p0n3362,90,3.0,0.5,113456.0,240.0,D5,74,2,0,0.7420129776000977,True,0.40745866298675537,False,0.29137122631073,False
2932,p0n3364,90,3.125,0.125,113516.0,60.0,A7,105,1,0,0.8916404843330383,True,0.5227790474891663,True,0.4240562617778778,False
2933,p0n3363,90,3.125,0.125,113516.0,60.0,F#7,102,1,0,0.8926525712013245,True,0.31957677006721497,False,0.3119356334209442,False
2934,p0n3365,90,3.25,0.125,113576.0,60.0,A6,93,1,0,0.7360951900482178,True,0.7172274589538574,True,0.47414684295654297,False
2935,p0n3366,90,3.375,0.125,113636.0,60.0,F#6,90,1,0,0.43016380071640015,False,0.2308773249387741,False,0.28892841935157776,False
2936,p0n3367,90,3.5,0.125,113696.0,60.0,A5,81,1,0,0.7241359949111938,True,0.6579689383506775,True,0.2914874255657196,False
2937,p0n3368,90,3.5,0.5,113696.0,240.0,A4,69,2,0,0.8567290902137756,True,0.8204567432403564,True,0.5512953400611877,True
2938,p0n3369,90,3.625,0.125,113756.0,60.0,F#5,78,1,0,0.6317510604858398,True,0.48917073011398315,False,0.3197984993457794,False
2939,p0n3370,90,3.75,0.125,113816.0,60.0,A5,81,1,0,0.7961562275886536,True,0.7573305368423462,True,0.37588855624198914,False
2940,p0n3371,90,3.875,0.125,113876.0,60.0,F#6,90,1,0,0.34275686740875244,False,0.19960515201091766,False,0.28368639945983887,False
2941,p0n3372,91,0.0,0.125,113936.0,60.0,A6,93,1,0,0.773875892162323,True,0.7652468681335449,True,0.5021365880966187,True
2942,p0n3373,91,0.0,3.0,113936.0,1440.0,C5,72,2,0,0.26600685715675354,False,0.16657757759094238,False,0.286753386259079,False
2943,p0n3377,91,0.125,0.125,113996.0,60.0,A7,105,1,0,0.9016717076301575,True,0.5028108954429626,True,0.4211653769016266,False
2944,p0n3376,91,0.125,0.125,113996.0,60.0,F#7,102,1,0,0.9089953303337097,True,0.3081448972225189,False,0.3105526566505432,False
2945,p0n3378,91,0.25,0.125,114056.0,60.0,A6,93,1,0,0.739892840385437,True,0.7099942564964294,True,0.46187663078308105,False
2946,p0n3379,91,0.375,0.125,114116.0,60.0,F#6,90,1,0,0.43931862711906433,False,0.23511967062950134,False,0.29004040360450745,False
2947,p0n3380,91,0.5,0.125,114176.0,60.0,A5,81,1,0,0.7872649431228638,True,0.6896536350250244,True,0.3350162208080292,False
2948,p0n3381,91,0.625,0.125,114236.0,60.0,F#5,78,1,0,0.6486724019050598,True,0.5108431577682495,True,0.42502260208129883,False
2949,p0n3382,91,0.75,0.125,114296.0,60.0,A5,81,1,0,0.8202293515205383,True,0.720680832862854,True,0.3364456593990326,False
2950,p0n3383,91,0.875,0.125,114356.0,60.0,F#6,90,1,0,0.34463226795196533,False,0.21095366775989532,False,0.28605327010154724,False
2951,p0n3384,91,1.0,0.125,114416.0,60.0,A6,93,1,0,0.7847791314125061,True,0.7932831645011902,True,0.5258730053901672,True
2952,p0n3386,91,1.125,0.125,114476.0,60.0,A7,105,1,0,0.8978548049926758,True,0.5151063203811646,True,0.44858309626579285,False
2953,p0n3385,91,1.125,0.125,114476.0,60.0,F#7,102,1,0,0.9067044258117676,True,0.3186461329460144,False,0.31227508187294006,False
2954,p0n3387,91,1.25,0.125,114536.0,60.0,A6,93,1,0,0.7488223314285278,True,0.7177424430847168,True,0.4644525647163391,False
2955,p0n3388,91,1.375,0.125,114596.0,60.0,F#6,90,1,0,0.438569575548172,False,0.23508226871490479,False,0.28999030590057373,False
2956,p0n3389,91,1.5,0.125,114656.0,60.0,A5,81,1,0,0.7856295108795166,True,0.6963948607444763,True,0.33828437328338623,False
2957,p0n3390,91,1.625,0.125,114716.0,60.0,F#5,78,1,0,0.6552388072013855,True,0.5254986882209778,True,0.4279612898826599,False
2958,p0n3391,91,1.75,0.125,114776.0,60.0,A5,81,1,0,0.8079801201820374,True,0.7118027210235596,True,0.3252623379230499,False
2959,p0n3392,91,1.875,0.125,114836.0,60.0,F#6,90,1,0,0.33748921751976013,False,0.20852182805538177,False,0.2855854332447052,False
2960,p0n3393,91,2.0,0.125,114896.0,60.0,A6,93,1,0,0.7800942659378052,True,0.783561646938324,True,0.5208620429039001,True
2961,p0n3395,91,2.125,0.125,114956.0,60.0,A7,105,1,0,0.8966169953346252,True,0.5163118243217468,True,0.448467493057251,False
2962,p0n3394,91,2.125,0.125,114956.0,60.0,F#7,102,1,0,0.9037680625915527,True,0.32099485397338867,False,0.3131636679172516,False
2963,p0n3396,91,2.25,0.125,115016.0,60.0,A6,93,1,0,0.744683563709259,True,0.6938220858573914,True,0.45795759558677673,False
2964,p0n3397,91,2.375,0.125,115076.0,60.0,F#6,90,1,0,0.4128894805908203,False,0.22703750431537628,False,0.2884180545806885,False
2965,p0n3398,91,2.5,0.125,115136.0,60.0,A5,81,1,0,0.7843028903007507,True,0.6986287236213684,True,0.30746808648109436,False
2966,p0n3399,91,2.625,0.125,115196.0,60.0,F#5,78,1,0,0.6274111866950989,True,0.481410950422287,False,0.32164186239242554,False
2967,p0n3400,91,2.75,0.125,115256.0,60.0,A5,81,1,0,0.8156352639198303,True,0.7076863646507263,True,0.328101247549057,False
2968,p0n3401,91,2.875,0.125,115316.0,60.0,F#6,90,1,0,0.3315047025680542,False,0.2069585919380188,False,0.28509676456451416,False
2969,p0n3402,91,3.0,0.125,115376.0,60.0,A6,93,1,0,0.8289169669151306,True,0.7937960624694824,True,0.5271463394165039,True
2970,p0n3403,91,3.0,1.0,115376.0,480.0,A4,69,2,0,0.9314731955528259,True,0.8290205001831055,True,0.6202483773231506,True
2971,p0n3406,91,3.125,0.125,115436.0,60.0,A7,105,1,0,0.8802497982978821,True,0.515084445476532,True,0.4398917853832245,False
2972,p0n3405,91,3.125,0.125,115436.0,60.0,F#7,102,1,0,0.8926057815551758,True,0.3096667230129242,False,0.31016188859939575,False
2973,p0n3407,91,3.25,0.125,115496.0,60.0,A6,93,1,0,0.7089143991470337,True,0.7373162508010864,True,0.49959638714790344,False
2974,p0n3408,91,3.375,0.125,115556.0,60.0,F#6,90,1,0,0.3879687786102295,False,0.21952909231185913,False,0.2866979241371155,False
2975,p0n3409,91,3.5,0.125,115616.0,60.0,A5,81,1,0,0.8486753106117249,True,0.6693271994590759,True,0.3086860775947571,False
2976,p0n3413,91,3.5,0.5,115616.0,240.0,A4,69,2,0,0.7518645524978638,True,0.6449299454689026,True,0.49563074111938477,False
2977,p0n3412,91,3.5,0.5,115616.0,240.0,F#4,66,2,0,0.4612404704093933,False,0.2074054479598999,False,0.2832038104534149,False
2978,p0n3411,91,3.5,0.5,115616.0,240.0,D#4,63,2,0,0.8467506766319275,True,0.7965142726898193,True,0.5391085743904114,True
2979,p0n3410,91,3.5,0.5,115616.0,240.0,A3,57,2,0,0.9801866412162781,True,0.8985331058502197,True,0.6960130929946899,True
2980,p0n3414,91,3.625,0.125,115676.0,60.0,F#5,78,1,0,0.5085331201553345,True,0.4745711088180542,False,0.31054314970970154,False
2981,p0n3415,91,3.75,0.125,115736.0,60.0,A5,81,1,0,0.8797497153282166,True,0.7843641042709351,True,0.37907886505126953,False
2982,p0n3416,91,3.875,0.125,115796.0,60.0,F#6,90,1,0,0.4179542660713196,False,0.21277235448360443,False,0.2847929894924164,False
2983,p0n3417,92,0.0,0.125,115856.0,60.0,A5,81,1,0,0.8325911164283752,True,0.8062044382095337,True,0.47502151131629944,False
2984,p0n3422,92,0.0,1.0,115856.0,480.0,A3,57,2,0,0.9541875123977661,True,0.8614619374275208,True,0.7063692212104797,True
2985,p0n3421,92,0.0,1.0,115856.0,480.0,F#3,54,2,0,0.18829399347305298,False,0.14866723120212555,False,0.2744626998901367,False
2986,p0n3420,92,0.0,1.0,115856.0,480.0,D#3,51,2,0,0.7771213054656982,True,0.8093010783195496,True,0.6426684856414795,True
2987,p0n3419,92,0.0,1.0,115856.0,480.0,A2,45,2,0,0.7887325882911682,True,0.8706116676330566,True,0.7092642784118652,True
2988,p0n3418,92,0.0,0.3333333333333333,115856.0,160.0,A0,21,2,0,0.9127357006072998,True,0.9328515529632568,True,0.6673117280006409,True
2989,p0n3425,92,0.125,0.125,115916.0,60.0,A6,93,1,0,0.7657276391983032,True,0.8282192349433899,True,0.5371946096420288,True
2990,p0n3424,92,0.125,0.125,115916.0,60.0,F#6,90,1,0,0.37806934118270874,False,0.21861879527568817,False,0.28701251745224,False
2991,p0n3426,92,0.25,0.125,115976.0,60.0,A5,81,1,0,0.8142303824424744,True,0.6142086982727051,True,0.31227803230285645,False
2992,p0n3427,92,0.3333333333333333,0.3333333333333333,116016.0,160.0,G#1,32,2,0,0.6551448106765747,True,0.6519018411636353,True,0.4122929871082306,False
2993,p0n3428,92,0.375,0.125,116036.0,60.0,F#5,78,1,0,0.6764516234397888,True,0.6183440685272217,True,0.4778198301792145,False
2994,p0n3429,92,0.5,0.125,116096.0,60.0,A4,69,1,0,0.840045154094696,True,0.5792409181594849,True,0.37726157903671265,False
2995,p0n3430,92,0.625,0.125,116156.0,60.0,F#4,66,1,0,0.2994668185710907,False,0.21032659709453583,False,0.28606680035591125,False
2996,p0n3431,92,0.6666666666666666,0.3333333333333333,116176.0,160.0,G#2,44,2,0,0.5888704657554626,True,0.6093059182167053,True,0.43548476696014404,False
2997,p0n3432,92,0.75,0.125,116216.0,60.0,A4,69,1,0,0.7738184332847595,True,0.5147439241409302,True,0.38855496048927307,False
2998,p0n3433,92,0.875,0.125,116276.0,60.0,F#5,78,1,0,0.6698839068412781,True,0.6490394473075867,True,0.579719066619873,True
2999,p0n3434,92,1.0,0.125,116336.0,60.0,A4,69,1,0,0.8219810128211975,True,0.6485280394554138,True,0.4270666837692261,False
3000,p0n3435,92,1.0,0.5,116336.0,240.0,A1,33,2,0,0.9100019335746765,True,0.7814944982528687,True,0.5515121817588806,True
3001,p0n3436,92,1.0,1.0,116336.0,480.0,A1,33,2,0,0.9137433171272278,True,0.8504994511604309,True,0.5267750024795532,True
3002,p0n3438,92,1.125,0.125,116396.0,60.0,A5,81,1,0,0.7659297585487366,True,0.7240816950798035,True,0.35536080598831177,False
3003,p0n3437,92,1.125,0.125,116396.0,60.0,F#5,78,1,0,0.5790994763374329,True,0.502261221408844,True,0.4562303125858307,False
3004,p0n3439,92,1.25,0.125,116456.0,60.0,A4,69,1,0,0.8219389915466309,True,0.6021113395690918,True,0.359790563583374,False
3005,p0n3440,92,1.375,0.125,116516.0,60.0,F#4,66,1,0,0.43942520022392273,False,0.25745877623558044,False,0.2955353260040283,False
3006,p0n3441,92,1.5,0.125,116576.0,60.0,A3,57,1,0,0.9345605373382568,True,0.7043808698654175,True,0.503921389579773,True
3007,p0n3442,92,1.5,0.5,116576.0,240.0,A2,45,2,0,0.8118339776992798,True,0.8206943273544312,True,0.5846243500709534,True
3008,p0n3443,92,1.625,0.125,116636.0,60.0,F#3,54,1,0,0.13455429673194885,False,0.1523715853691101,False,0.27544930577278137,False
3009,p0n3444,92,1.75,0.125,116696.0,60.0,A3,57,1,0,0.928952157497406,True,0.7509129643440247,True,0.5520225167274475,True
3010,p0n3445,92,1.875,0.125,116756.0,60.0,F#4,66,1,0,0.3924037218093872,False,0.22739744186401367,False,0.2886742949485779,False
3011,p0n3446,92,2.0,0.125,116816.0,60.0,A3,57,1,0,0.9510716795921326,True,0.6979649066925049,True,0.46257904171943665,False
3012,p0n3447,92,2.0,0.5,116816.0,240.0,B1,35,2,0,0.8275353312492371,True,0.43910929560661316,False,0.2930789589881897,False
3013,p0n3448,92,2.0,1.0,116816.0,480.0,B1,35,2,0,0.8668963313102722,True,0.1637369990348816,False,0.27735379338264465,False
3014,p0n3450,92,2.125,0.125,116876.0,60.0,A4,69,1,0,0.6775326132774353,True,0.44290536642074585,False,0.36128708720207214,False
3015,p0n3449,92,2.125,0.125,116876.0,60.0,F#4,66,1,0,0.35526758432388306,False,0.2266804575920105,False,0.28917235136032104,False
3016,p0n3451,92,2.25,0.125,116936.0,60.0,A3,57,1,0,0.9395440220832825,True,0.6609699726104736,True,0.4840502440929413,False
3017,p0n3452,92,2.375,0.125,116996.0,60.0,F#3,54,1,0,0.18973706662654877,False,0.1633683443069458,False,0.2766227424144745,False
3018,p0n3454,92,2.5,0.5,117056.0,240.0,B2,47,2,0,0.9567060470581055,True,0.24278651177883148,False,0.26950758695602417,False
3019,p0n3453,92,2.5,0.125,117056.0,60.0,A2,45,1,0,0.9755887985229492,True,0.7912675142288208,True,0.5687624216079712,True
3020,p0n3455,92,2.625,0.125,117116.0,60.0,F#2,42,1,0,0.7324060201644897,True,0.688749372959137,True,0.35185202956199646,False
3021,p0n3456,92,2.75,0.125,117176.0,60.0,A2,45,1,0,0.9629238247871399,True,0.8239216208457947,True,0.6309080719947815,True
3022,p0n3457,92,2.875,0.125,117236.0,60.0,F#3,54,1,0,0.19234904646873474,False,0.16027654707431793,False,0.27623695135116577,False
3023,p0n3460,93,0.0,0.5,117296.0,240.0,D2,38,2,0,0.7131953835487366,True,0.17525964975357056,False,0.273643434047699,False
3024,p0n3461,93,0.0,1.0,117296.0,480.0,D2,38,2,0,0.49027419090270996,False,0.09763094782829285,False,0.27106261253356934,False
3025,p0n3462,93,0.125,0.125,117356.0,60.0,A2,45,1,0,0.9596145749092102,True,0.8673850893974304,True,0.672129213809967,True
3026,p0n3463,93,0.25,0.125,117416.0,60.0,F#3,54,1,0,0.23823508620262146,False,0.18793722987174988,False,0.28123939037323,False
3027,p0n3464,93,0.375,0.125,117476.0,60.0,A3,57,1,0,0.9285929799079895,True,0.6323519945144653,True,0.4458203911781311,False
3028,p0n3465,93,0.5,0.125,117536.0,60.0,F#3,54,1,0,0.25444337725639343,False,0.18507994711399078,False,0.2804924547672272,False
3029,p0n3466,93,0.5,0.5,117536.0,240.0,D3,50,2,0,0.2610485553741455,False,0.10358409583568573,False,0.2709992527961731,False
3030,p0n3467,93,0.625,0.125,117596.0,60.0,A2,45,1,0,0.9560375213623047,True,0.8687358498573303,True,0.6250039339065552,True
3031,p0n3468,93,0.75,0.125,117656.0,60.0,F#2,42,1,0,0.5815706849098206,True,0.34894877672195435,False,0.28768470883369446,False
3032,p0n3469,93,0.875,0.125,117716.0,60.0,A2,45,1,0,0.9132013320922852,True,0.847778856754303,True,0.5453224778175354,True
3033,p0n3471,93,1.0,0.5,117776.0,240.0,A#1,34,2,0,0.739170491695404,True,0.0957888513803482,False,0.26245930790901184,False
3034,p0n3472,93,1.0,1.0,117776.0,480.0,A#1,34,2,0,0.689297616481781,True,0.2343083918094635,False,0.2745252847671509,False
3035,p0n3473,93,1.125,0.125,117836.0,60.0,A3,57,1,0,0.9273841381072998,True,0.6502596735954285,True,0.5249812602996826,True
3036,p0n3474,93,1.25,0.125,117896.0,60.0,F#4,66,1,0,0.46327337622642517,False,0.2893754839897156,False,0.30471938848495483,False
3037,p0n3475,93,1.375,0.125,117956.0,60.0,A4,69,1,0,0.8111234307289124,True,0.5987845063209534,True,0.3289850354194641,False
3038,p0n3476,93,1.5,0.125,118016.0,60.0,F#4,66,1,0,0.42516016960144043,False,0.253134548664093,False,0.29519930481910706,False
3039,p0n3477,93,1.5,0.5,118016.0,240.0,A#2,46,2,0,0.501380980014801,True,0.2013838291168213,False,0.25657162070274353,False
3040,p0n3478,93,1.625,0.125,118076.0,60.0,A3,57,1,0,0.9297424554824829,True,0.7018606662750244,True,0.5315598249435425,True
3041,p0n3479,93,1.75,0.125,118136.0,60.0,F#3,54,1,0,0.18529990315437317,False,0.16341206431388855,False,0.27766352891921997,False
3042,p0n3480,93,1.875,0.125,118196.0,60.0,A3,57,1,0,0.9216492176055908,True,0.8098251819610596,True,0.6614911556243896,True
3043,p0n3482,93,2.0,0.5,118256.0,240.0,A1,33,2,0,0.8375394940376282,True,0.751096248626709,True,0.5835755467414856,True
3044,p0n3483,93,2.0,1.0,118256.0,480.0,A1,33,2,0,0.7089992165565491,True,0.6339176297187805,True,0.4790096580982208,False
3045,p0n3485,93,2.125,0.125,118316.0,60.0,A4,69,1,0,0.7433494925498962,True,0.6291191577911377,True,0.3545849621295929,False
3046,p0n3484,93,2.125,0.125,118316.0,60.0,F#4,66,1,0,0.6021695137023926,True,0.37966251373291016,False,0.3263264298439026,False
3047,p0n3486,93,2.25,0.125,118376.0,60.0,A3,57,1,0,0.879830539226532,True,0.6463002562522888,True,0.504058301448822,True
3048,p0n3487,93,2.375,0.125,118436.0,60.0,F#3,54,1,0,0.19868145883083344,False,0.16011695563793182,False,0.2766604721546173,False
3049,p0n3488,93,2.5,0.125,118496.0,60.0,A2,45,1,0,0.8617416024208069,True,0.5524422526359558,True,0.450840562582016,False
3050,p0n3489,93,2.5,0.5,118496.0,240.0,A2,45,2,0,0.7798770666122437,True,0.5931339263916016,True,0.4361741542816162,False
3051,p0n3490,93,2.625,0.125,118556.0,60.0,F#3,54,1,0,0.18785879015922546,False,0.15875303745269775,False,0.27663350105285645,False
3052,p0n3491,93,2.75,0.125,118616.0,60.0,A3,57,1,0,0.9200668334960938,True,0.6154986023902893,True,0.4616898000240326,False
3053,p0n3493,93,2.875,0.125,118676.0,60.0,A4,69,1,0,0.5797938108444214,True,0.45301464200019836,False,0.3355095386505127,False
3054,p0n3492,93,2.875,0.125,118676.0,60.0,F#4,66,1,0,0.31372660398483276,False,0.16637544333934784,False,0.2784590721130371,False
3055,p0n3496,94,0.0,0.3333333333333333,118736.0,160.0,G#1,32,2,0,0.9255872964859009,True,0.6675597429275513,True,0.4491789937019348,False
3056,p0n3497,94,0.0,1.0,118736.0,480.0,G#1,32,2,0,0.9268273711204529,True,0.5369250774383545,True,0.396647572517395,False
3057,p0n3499,94,0.125,0.125,118796.0,60.0,A5,81,1,0,0.8234216570854187,True,0.7529535293579102,True,0.3927985429763794,False
3058,p0n3498,94,0.125,0.125,118796.0,60.0,F#5,78,1,0,0.7769019603729248,True,0.659152090549469,True,0.5055689215660095,True
3059,p0n3500,94,0.25,0.125,118856.0,60.0,A4,69,1,0,0.8164796233177185,True,0.5562087297439575,True,0.3672477900981903,False
3060,p0n3501,94,0.3333333333333333,0.3333333333333333,118896.0,160.0,G#2,44,2,0,0.8988713622093201,True,0.465461790561676,False,0.2913255989551544,False
3061,p0n3502,94,0.375,0.125,118916.0,60.0,F#4,66,1,0,0.4210053086280823,False,0.23961709439754486,False,0.29275959730148315,False
3062,p0n3503,94,0.5,0.125,118976.0,60.0,A3,57,1,0,0.9561299681663513,True,0.5396952629089355,True,0.4329632818698883,False
3063,p0n3504,94,0.625,0.125,119036.0,60.0,F#4,66,1,0,0.394623726606369,False,0.22332040965557098,False,0.2893666923046112,False
3064,p0n3505,94,0.6666666666666666,0.3333333333333333,119056.0,160.0,G#3,56,2,0,0.90582275390625,True,0.4132523536682129,False,0.3210676610469818,False
3065,p0n3506,94,0.75,0.125,119096.0,60.0,A4,69,1,0,0.8676736354827881,True,0.5215484499931335,True,0.34832116961479187,False
3066,p0n3507,94,0.875,0.125,119156.0,60.0,F#5,78,1,0,0.7277377247810364,True,0.6331650614738464,True,0.47879427671432495,False
3067,p0n3509,94,1.0,0.125,119216.0,60.0,A4,69,2,0,0.7706671357154846,True,0.48734018206596375,False,0.342854768037796,False
3068,p0n3508,94,1.0,0.125,119216.0,60.0,F#4,66,2,0,0.47187453508377075,False,0.21606937050819397,False,0.2869633138179779,False
3069,p0n3513,94,1.125,0.125,119276.0,60.0,A5,81,1,0,0.7892701625823975,True,0.7144352197647095,True,0.34476438164711,False
3070,p0n3512,94,1.125,0.125,119276.0,60.0,F#5,78,1,0,0.6853164434432983,True,0.5562610030174255,True,0.4688073396682739,False
3071,p0n3514,94,1.25,0.125,119336.0,60.0,A4,69,1,0,0.8646370768547058,True,0.601014256477356,True,0.37814661860466003,False
3072,p0n3515,94,1.375,0.125,119396.0,60.0,F#4,66,1,0,0.49877288937568665,False,0.27417999505996704,False,0.3008898198604584,False
3073,p0n3516,94,1.5,0.125,119456.0,60.0,A3,57,1,0,0.9519221186637878,True,0.6698418259620667,True,0.5215259790420532,True
3074,p0n3517,94,1.625,0.125,119516.0,60.0,F#4,66,1,0,0.2154419869184494,False,0.16663849353790283,False,0.2785322964191437,False
3075,p0n3518,94,1.75,0.125,119576.0,60.0,A4,69,1,0,0.8293404579162598,True,0.42636170983314514,False,0.3591175675392151,False
3076,p0n3519,94,1.875,0.125,119636.0,60.0,F#5,78,1,0,0.8334163427352905,True,0.826245129108429,True,0.5322215557098389,True
3077,p0n3521,94,2.0,0.125,119696.0,60.0,A5,81,2,0,0.8458303809165955,True,0.6289488077163696,True,0.3930383026599884,False
3078,p0n3520,94,2.0,0.125,119696.0,60.0,F#5,78,2,0,0.894112765789032,True,0.8594939112663269,True,0.5898877382278442,True
3079,p0n3523,94,2.125,0.125,119756.0,60.0,A6,93,1,0,0.7902846336364746,True,0.8084657788276672,True,0.5606851577758789,True
3080,p0n3522,94,2.125,0.125,119756.0,60.0,F#6,90,1,0,0.5242030620574951,True,0.4561426341533661,False,0.30112674832344055,False
3081,p0n3524,94,2.25,0.125,119816.0,60.0,A5,81,1,0,0.7882988452911377,True,0.5414683222770691,True,0.30817627906799316,False
3082,p0n3525,94,2.375,0.125,119876.0,60.0,F#5,78,1,0,0.8367252349853516,True,0.8469763398170471,True,0.5331072211265564,True
3083,p0n3526,94,2.5,0.125,119936.0,60.0,A4,69,1,0,0.7822179198265076,True,0.4107745289802551,False,0.3456059396266937,False
3084,p0n3527,94,2.625,0.125,119996.0,60.0,F#5,78,1,0,0.7774263620376587,True,0.7891690135002136,True,0.5112847685813904,True
3085,p0n3528,94,2.75,0.125,120056.0,60.0,A5,81,1,0,0.8858116269111633,True,0.7977880239486694,True,0.41255030035972595,False
3086,p0n3529,94,2.875,0.125,120116.0,60.0,F#6,90,1,0,0.4381304681301117,False,0.22469662129878998,False,0.2873699963092804,False
3087,p0n3531,95,0.0,0.125,120176.0,60.0,A5,81,2,0,0.8500876426696777,True,0.8460693955421448,True,0.4660470485687256,False
3088,p0n3530,95,0.0,0.125,120176.0,60.0,F#5,78,2,0,0.8589856028556824,True,0.876305878162384,True,0.5987690687179565,True
3089,p0n3535,95,0.125,0.125,120236.0,60.0,A6,93,1,0,0.8198081851005554,True,0.8000218868255615,True,0.5278829336166382,True
3090,p0n3534,95,0.125,0.125,120236.0,60.0,F#6,90,1,0,0.40937304496765137,False,0.21658968925476074,False,0.28628572821617126,False
3091,p0n3536,95,0.25,0.125,120296.0,60.0,A5,81,1,0,0.8054940104484558,True,0.6922433972358704,True,0.335040420293808,False
3092,p0n3537,95,0.375,0.125,120356.0,60.0,F#6,90,1,0,0.45478197932243347,False,0.23973578214645386,False,0.2908302843570709,False
3093,p0n3538,95,0.5,0.125,120416.0,60.0,A5,81,1,0,0.8102204203605652,True,0.6808029413223267,True,0.37231194972991943,False
3094,p0n3539,95,0.625,0.125,120476.0,60.0,F#5,78,1,0,0.8005062341690063,True,0.77128666639328,True,0.503950834274292,True
3095,p0n3540,95,0.75,0.125,120536.0,60.0,A5,81,1,0,0.850093424320221,True,0.7132815718650818,True,0.34408995509147644,False
3096,p0n3541,95,0.875,0.125,120596.0,60.0,F#6,90,1,0,0.3611724078655243,False,0.21623627841472626,False,0.2868090271949768,False
3097,p0n3542,95,1.0,0.125,120656.0,60.0,A6,93,1,0,0.7793712615966797,True,0.7924520969390869,True,0.5298059582710266,True
3098,p0n3545,95,1.125,0.125,120716.0,60.0,A7,105,1,0,0.8956567049026489,True,0.5186392664909363,True,0.44706404209136963,False
3099,p0n3544,95,1.125,0.125,120716.0,60.0,F#7,102,1,0,0.9072675108909607,True,0.33007463812828064,False,0.3151063323020935,False
3100,p0n3546,95,1.25,0.125,120776.0,60.0,A6,93,1,0,0.7416995167732239,True,0.7183619141578674,True,0.4639076292514801,False
3101,p0n3547,95,1.375,0.125,120836.0,60.0,F#6,90,1,0,0.45758217573165894,False,0.2411072701215744,False,0.29089564085006714,False
3102,p0n3548,95,1.5,0.125,120896.0,60.0,A5,81,1,0,0.8207686543464661,True,0.6863991022109985,True,0.3763069212436676,False
3103,p0n3549,95,1.625,0.125,120956.0,60.0,F#5,78,1,0,0.7913557887077332,True,0.7739751935005188,True,0.5085024833679199,True
3104,p0n3550,95,1.75,0.125,121016.0,60.0,A5,81,1,0,0.8534361124038696,True,0.7114395499229431,True,0.34833601117134094,False
3105,p0n3551,95,1.875,0.125,121076.0,60.0,F#6,90,1,0,0.361416757106781,False,0.21631188690662384,False,0.2868041396141052,False
3106,p0n3552,95,2.0,0.125,121136.0,60.0,A6,93,1,0,0.7834530472755432,True,0.7863594889640808,True,0.5213807821273804,True
3107,p0n3555,95,2.125,0.125,121196.0,60.0,A7,105,1,0,0.8957038521766663,True,0.5104588866233826,True,0.44473153352737427,False
3108,p0n3554,95,2.125,0.125,121196.0,60.0,F#7,102,1,0,0.9070351719856262,True,0.3193475902080536,False,0.31245410442352295,False
3109,p0n3556,95,2.25,0.125,121256.0,60.0,A6,93,1,0,0.7436525225639343,True,0.7107959985733032,True,0.46453550457954407,False
3110,p0n3557,95,2.375,0.125,121316.0,60.0,F#6,90,1,0,0.4587889015674591,False,0.24152080714702606,False,0.29095757007598877,False
3111,p0n3558,95,2.5,0.125,121376.0,60.0,A5,81,1,0,0.8269758224487305,True,0.6892419457435608,True,0.37305933237075806,False
3112,p0n3559,95,2.625,0.125,121436.0,60.0,F#5,78,1,0,0.7885645627975464,True,0.7763579487800598,True,0.510411262512207,True
3113,p0n3560,95,2.75,0.125,121496.0,60.0,A5,81,1,0,0.8589720726013184,True,0.7192521691322327,True,0.341214120388031,False
3114,p0n3561,95,2.875,0.125,121556.0,60.0,F#6,90,1,0,0.3464704155921936,False,0.21250608563423157,False,0.28608474135398865,False
3115,p0n3562,95,3.0,0.125,121616.0,60.0,A6,93,1,0,0.8061984777450562,True,0.8148713707923889,True,0.5380823016166687,True
3116,p0n3565,95,3.125,0.125,121676.0,60.0,A7,105,1,0,0.8853796124458313,True,0.5088569521903992,True,0.43954503536224365,False
3117,p0n3564,95,3.125,0.125,121676.0,60.0,F#7,102,1,0,0.9046359062194824,True,0.31351861357688904,False,0.3111266791820526,False
3118,p0n3566,95,3.25,0.125,121736.0,60.0,A6,93,1,0,0.7411433458328247,True,0.7330137491226196,True,0.4834182560443878,False
3119,p0n3567,95,3.375,0.125,121796.0,60.0,F#6,90,1,0,0.47340694069862366,False,0.24793502688407898,False,0.2919197976589203,False
3120,p0n3568,95,3.5,0.125,121856.0,60.0,A5,81,1,0,0.7536247372627258,True,0.6885398626327515,True,0.3613349497318268,False
3121,p0n3569,95,3.5,3.0,121856.0,1440.0,A4,69,2,0,0.8610516786575317,True,0.7914434671401978,True,0.5036851763725281,True
3122,p0n3570,95,3.625,0.125,121916.0,60.0,F#5,78,1,0,0.7960145473480225,True,0.7948921322822571,True,0.5195097327232361,True
3123,p0n3571,95,3.75,0.125,121976.0,60.0,A5,81,1,0,0.7975291609764099,True,0.7198106050491333,True,0.3326452076435089,False
3124,p0n3572,95,3.875,0.125,122036.0,60.0,F#6,90,1,0,0.36074796319007874,False,0.2155224084854126,False,0.2866781949996948,False
3125,p0n3573,96,0.0,0.125,122096.0,60.0,A6,93,1,0,0.7845590114593506,True,0.7871032357215881,True,0.5157300233840942,True
3126,p0n3577,96,0.125,0.125,122156.0,60.0,A7,105,1,0,0.8924005627632141,True,0.5127052068710327,True,0.4096895456314087,False
3127,p0n3576,96,0.125,0.125,122156.0,60.0,F#7,102,1,0,0.9037982821464539,True,0.31524187326431274,False,0.3111720681190491,False
3128,p0n3578,96,0.25,0.125,122216.0,60.0,A6,93,1,0,0.7474544644355774,True,0.7227646708488464,True,0.4702833592891693,False
3129,p0n3579,96,0.375,0.125,122276.0,60.0,F#6,90,1,0,0.4635598063468933,False,0.2431556135416031,False,0.29124316573143005,False
3130,p0n3580,96,0.5,0.125,122336.0,60.0,A5,81,1,0,0.7528135776519775,True,0.6901113390922546,True,0.3623526990413666,False
3131,p0n3581,96,0.625,0.125,122396.0,60.0,F#5,78,1,0,0.7965905666351318,True,0.7895811200141907,True,0.5185381770133972,True
3132,p0n3582,96,0.75,0.125,122456.0,60.0,A5,81,1,0,0.7897629737854004,True,0.7138806581497192,True,0.33159124851226807,False
3133,p0n3583,96,0.875,0.125,122516.0,60.0,F#6,90,1,0,0.36170509457588196,False,0.21642281115055084,False,0.28677114844322205,False
3134,p0n3584,96,1.0,0.125,122576.0,60.0,A6,93,1,0,0.7822614908218384,True,0.7863538861274719,True,0.5171098113059998,True
3135,p0n3586,96,1.125,0.125,122636.0,60.0,A7,105,1,0,0.8972377777099609,True,0.5296733379364014,True,0.4182067811489105,False
3136,p0n3585,96,1.125,0.125,122636.0,60.0,F#7,102,1,0,0.9055470824241638,True,0.29661884903907776,False,0.30888158082962036,False
3137,p0n3587,96,1.25,0.125,122696.0,60.0,A6,93,1,0,0.7378394603729248,True,0.7086215615272522,True,0.4668634533882141,False
3138,p0n3588,96,1.375,0.125,122756.0,60.0,F#6,90,1,0,0.4575006663799286,False,0.24100954830646515,False,0.29079508781433105,False
3139,p0n3589,96,1.5,0.125,122816.0,60.0,A5,81,1,0,0.7631044983863831,True,0.6900790929794312,True,0.41671234369277954,False
3140,p0n3590,96,1.625,0.125,122876.0,60.0,F#5,78,1,0,0.7805153131484985,True,0.782431960105896,True,0.5151182413101196,True
3141,p0n3591,96,1.75,0.125,122936.0,60.0,A5,81,1,0,0.8269904851913452,True,0.7321673035621643,True,0.3852986991405487,False
3142,p0n3592,96,1.875,0.125,122996.0,60.0,F#6,90,1,0,0.357540488243103,False,0.2164299637079239,False,0.2867751121520996,False
3143,p0n3593,96,2.0,0.125,123056.0,60.0,A6,93,1,0,0.7815766334533691,True,0.8062413930892944,True,0.5032637715339661,True
3144,p0n3596,96,2.125,0.125,123116.0,60.0,A7,105,1,0,0.8759362697601318,True,0.4692279100418091,False,0.4050717353820801,False
3145,p0n3595,96,2.125,0.125,123116.0,60.0,F#7,102,1,0,0.9043761491775513,True,0.3399617075920105,False,0.3129986524581909,False
3146,p0n3597,96,2.25,0.125,123176.0,60.0,A6,93,1,0,0.7151473164558411,True,0.7237580418586731,True,0.4970581531524658,False
3147,p0n3598,96,2.375,0.125,123236.0,60.0,F#6,90,1,0,0.46200376749038696,False,0.24023647606372833,False,0.2903882563114166,False
3148,p0n3599,96,2.5,0.125,123296.0,60.0,A5,81,1,0,0.7293457984924316,True,0.6316731572151184,True,0.40824729204177856,False
3149,p0n3600,96,2.5,3.0,123296.0,1440.0,A4,69,2,0,0.7625253200531006,True,0.6297283172607422,True,0.432238906621933,False
3150,p0n3601,96,2.625,0.125,123356.0,60.0,F#5,78,1,0,0.8139533400535583,True,0.8106569647789001,True,0.5223400592803955,True
3151,p0n3602,96,2.75,0.125,123416.0,60.0,A5,81,1,0,0.785513162612915,True,0.6722316741943359,True,0.37923672795295715,False
3152,p0n3603,96,2.875,0.125,123476.0,60.0,F#6,90,1,0,0.3504282534122467,False,0.21184679865837097,False,0.28593525290489197,False
3153,p0n3604,96,3.0,0.125,123536.0,60.0,A6,93,1,0,0.7873414158821106,True,0.7925576567649841,True,0.4990367293357849,False
3154,p0n3606,96,3.125,0.125,123596.0,60.0,A7,105,1,0,0.8058613538742065,True,0.436246395111084,False,0.3812437653541565,False
3155,p0n3605,96,3.125,0.125,123596.0,60.0,F#7,102,1,0,0.9253087639808655,True,0.4094986617565155,False,0.3243301510810852,False
3156,p0n3607,96,3.25,0.125,123656.0,60.0,A6,93,1,0,0.7440441250801086,True,0.7165849208831787,True,0.4867234230041504,False
3157,p0n3608,96,3.375,0.125,123716.0,60.0,F#6,90,1,0,0.44607144594192505,False,0.23695963621139526,False,0.2899496555328369,False
3158,p0n3609,96,3.5,0.125,123776.0,60.0,A5,81,1,0,0.7710769176483154,True,0.6585716605186462,True,0.4166408181190491,False
3159,p0n3610,96,3.625,0.125,123836.0,60.0,F#5,78,1,0,0.8213380575180054,True,0.8206774592399597,True,0.5130608081817627,True
3160,p0n3611,96,3.75,0.125,123896.0,60.0,A5,81,1,0,0.7406297922134399,True,0.6319968700408936,True,0.3550705909729004,False
3161,p0n3612,96,3.875,0.125,123956.0,60.0,F#6,90,1,0,0.2752586603164673,False,0.18799805641174316,False,0.28165701031684875,False
3162,p0n3613,97,0.0,0.125,124016.0,60.0,A6,93,1,0,0.8139339685440063,True,0.7611128091812134,True,0.4956456422805786,False
3163,p0n3617,97,0.125,0.125,124076.0,60.0,A7,105,1,0,0.8173568248748779,True,0.4199032187461853,False,0.37935346364974976,False
3164,p0n3616,97,0.125,0.125,124076.0,60.0,F#7,102,1,0,0.8666526079177856,True,0.19021569192409515,False,0.29641762375831604,False
3165,p0n3618,97,0.25,0.125,124136.0,60.0,A6,93,1,0,0.7878396511077881,True,0.7164326906204224,True,0.48288339376449585,False
3166,p0n3619,97,0.375,0.125,124196.0,60.0,F#6,90,1,0,0.35488161444664,False,0.20633843541145325,False,0.2842434048652649,False
3167,p0n3620,97,0.5,0.125,124256.0,60.0,A5,81,1,0,0.7101873159408569,True,0.5441756248474121,True,0.38332879543304443,False
3168,p0n3621,97,0.625,0.125,124316.0,60.0,F#5,78,1,0,0.5648795366287231,True,0.74130779504776,True,0.4460650384426117,False
3169,p0n3622,97,0.75,0.125,124376.0,60.0,A5,81,1,0,0.9014578461647034,True,0.777373194694519,True,0.41119611263275146,False
3170,p0n3623,97,0.875,0.125,124436.0,60.0,F#6,90,1,0,0.653174102306366,True,0.47182124853134155,False,0.3191819190979004,False
3171,p0n3624,97,1.0,0.125,124496.0,60.0,A6,93,1,0,0.6633292436599731,True,0.7438929080963135,True,0.4486345946788788,False
3172,p0n3626,97,1.125,0.125,124556.0,60.0,A7,105,1,0,0.7636976838111877,True,0.40309369564056396,False,0.3603696823120117,False
3173,p0n3625,97,1.125,0.125,124556.0,60.0,F#7,102,1,0,0.8019962906837463,True,0.20522090792655945,False,0.2977257966995239,False
3174,p0n3627,97,1.25,0.125,124616.0,60.0,A6,93,1,0,0.6311519145965576,True,0.6764416098594666,True,0.46374523639678955,False
3175,p0n3628,97,1.375,0.125,124676.0,60.0,F#6,90,1,0,0.4804648160934448,False,0.266228049993515,False,0.2976033389568329,False
3176,p0n3629,97,1.5,0.125,124736.0,60.0,A5,81,1,0,0.793640673160553,True,0.7876763343811035,True,0.445594847202301,False
3177,p0n3630,97,1.5,4.5,124736.0,2160.0,A4,69,2,0,0.6650263071060181,True,0.4554740786552429,False,0.35548684000968933,False
3178,p0n3635,98,0.0,0.125,124976.0,60.0,G5,79,1,0,0.6835193634033203,True,0.9006602168083191,True,0.671013593673706,True
3179,p0n3634,98,0.0,0.125,124976.0,60.0,D5,74,1,0,0.7275676727294922,True,0.5838387608528137,True,0.3635038733482361,False
3180,p0n3637,98,0.0,4.0,124976.0,1920.0,D4,62,2,0,0.9082773327827454,True,0.624699056148529,True,0.38155773282051086,False
3181,p0n3636,98,0.0,4.0,124976.0,1920.0,G3,55,2,0,0.8979654908180237,True,0.8834565281867981,True,0.7175978422164917,True
3182,p0n3642,98,0.25,0.125,125096.0,60.0,G4,67,1,0,0.670307993888855,True,0.7789736390113831,True,0.5776914358139038,True
3183,p0n3643,98,0.375,0.125,125156.0,60.0,A4,69,1,0,0.4249465763568878,False,0.3435177206993103,False,0.34110724925994873,False
3184,p0n3645,98,0.5,0.125,125216.0,60.0,G5,79,1,0,0.6590136289596558,True,0.6586255431175232,True,0.5337360501289368,True
3185,p0n3644,98,0.5,0.125,125216.0,60.0,D5,74,1,0,0.8066142201423645,True,0.26611852645874023,False,0.2884259521961212,False
3186,p0n3648,98,0.5,0.5,125216.0,240.0,D5,74,2,0,0.7742536664009094,True,0.16454048454761505,False,0.2720308303833008,False
3187,p0n3647,98,0.5,0.5,125216.0,240.0,B-4,70,2,0,0.31790101528167725,False,0.1506301313638687,False,0.28939175605773926,False
3188,p0n3646,98,0.5,0.5,125216.0,240.0,D4,62,2,0,0.8996474742889404,True,0.7511026859283447,True,0.3882051110267639,False
3189,p0n3649,98,0.625,0.125,125276.0,60.0,A5,81,1,0,0.6635687351226807,True,0.7677686214447021,True,0.47098851203918457,False
3190,p0n3652,98,0.75,0.125,125336.0,60.0,A6,93,1,0,0.7729772925376892,True,0.7605197429656982,True,0.5196987986564636,True
3191,p0n3651,98,0.75,0.125,125336.0,60.0,G6,91,1,0,0.4180909991264343,False,0.2750602662563324,False,0.32033273577690125,False
3192,p0n3650,98,0.75,0.125,125336.0,60.0,D6,86,1,0,0.6912251114845276,True,0.6724123954772949,True,0.5388208627700806,True
3193,p0n3653,98,0.875,0.125,125396.0,60.0,A5,81,1,0,0.7795959711074829,True,0.665195643901825,True,0.35573649406433105,False
3194,p0n3656,98,1.0,0.125,125456.0,60.0,A5,81,1,0,0.8149405717849731,True,0.6224980354309082,True,0.3658493459224701,False
3195,p0n3660,98,1.0,1.0,125456.0,480.0,A5,81,2,0,0.8166166543960571,True,0.6830888986587524,True,0.35857686400413513,False
3196,p0n3655,98,1.0,0.125,125456.0,60.0,G5,79,1,0,0.6134543418884277,True,0.5612110495567322,True,0.4162866473197937,False
3197,p0n3654,98,1.0,0.125,125456.0,60.0,D5,74,1,0,0.7411447167396545,True,0.1725316196680069,False,0.27258217334747314,False
3198,p0n3659,98,1.0,1.0,125456.0,480.0,D5,74,2,0,0.7020143866539001,True,0.21129056811332703,False,0.26696306467056274,False
3199,p0n3658,98,1.0,1.0,125456.0,480.0,B-4,70,2,0,0.14724266529083252,False,0.1185835674405098,False,0.2842162847518921,False
3200,p0n3657,98,1.0,1.0,125456.0,480.0,A4,69,2,0,0.5326427817344666,True,0.5987526178359985,True,0.38002482056617737,False
3201,p0n3661,98,1.125,0.125,125516.0,60.0,A4,69,1,0,0.47394582629203796,False,0.4078785181045532,False,0.3660246431827545,False
3202,p0n3662,98,1.25,0.125,125576.0,60.0,G4,67,1,0,0.2979675531387329,False,0.22640299797058105,False,0.3042873740196228,False
3203,p0n3663,98,1.375,0.125,125636.0,60.0,A4,69,1,0,0.6976128816604614,True,0.6836609244346619,True,0.4367535412311554,False
3204,p0n3666,98,1.5,0.125,125696.0,60.0,A5,81,1,0,0.8151004314422607,True,0.8733775615692139,True,0.4806797206401825,False
3205,p0n3665,98,1.5,0.125,125696.0,60.0,G5,79,1,0,0.6530444622039795,True,0.5471023321151733,True,0.493061900138855,False
3206,p0n3664,98,1.5,0.125,125696.0,60.0,D5,74,1,0,0.784339964389801,True,0.33034220337867737,False,0.3013624846935272,False
3207,p0n3667,98,1.625,0.125,125756.0,60.0,A5,81,1,0,0.6821964383125305,True,0.760317862033844,True,0.4764556586742401,False
3208,p0n3670,98,1.75,0.125,125816.0,60.0,A6,93,1,0,0.7380355000495911,True,0.8620007038116455,True,0.592397153377533,True
3209,p0n3669,98,1.75,0.125,125816.0,60.0,G6,91,1,0,0.529553234577179,True,0.5776682496070862,True,0.4155452251434326,False
3210,p0n3668,98,1.75,0.125,125816.0,60.0,D6,86,1,0,0.7031323909759521,True,0.652371883392334,True,0.5311683416366577,True
3211,p0n3671,98,1.875,0.125,125876.0,60.0,A5,81,1,0,0.7780449986457825,True,0.7082839012145996,True,0.36135682463645935,False
3212,p0n3674,98,2.0,0.125,125936.0,60.0,A5,81,1,0,0.8334471583366394,True,0.5452794432640076,True,0.32498347759246826,False
3213,p0n3673,98,2.0,0.125,125936.0,60.0,G5,79,1,0,0.6656864881515503,True,0.4166427254676819,False,0.38230547308921814,False
3214,p0n3678,98,2.0,0.5,125936.0,240.0,G5,79,2,0,0.7166114449501038,True,0.31203919649124146,False,0.34378716349601746,False
3215,p0n3672,98,2.0,0.125,125936.0,60.0,D5,74,1,0,0.7858307361602783,True,0.15247660875320435,False,0.2750289738178253,False
3216,p0n3677,98,2.0,0.5,125936.0,240.0,D5,74,2,0,0.7602728009223938,True,0.1309981495141983,False,0.2680125832557678,False
3217,p0n3676,98,2.0,0.5,125936.0,240.0,B-4,70,2,0,0.21518070995807648,False,0.12709899246692657,False,0.2854851484298706,False
3218,p0n3675,98,2.0,0.5,125936.0,240.0,G4,67,2,0,0.5924029350280762,True,0.4653652012348175,False,0.34700480103492737,False
3219,p0n3679,98,2.125,0.125,125996.0,60.0,A4,69,1,0,0.5496645569801331,True,0.4421754777431488,False,0.36803480982780457,False
3220,p0n3680,98,2.25,0.125,126056.0,60.0,G4,67,1,0,0.3063338100910187,False,0.2288862019777298,False,0.3052951395511627,False
3221,p0n3681,98,2.375,0.125,126116.0,60.0,A4,69,1,0,0.7547363638877869,True,0.5123305320739746,True,0.37625324726104736,False
3222,p0n3684,98,2.5,0.125,126176.0,60.0,A5,81,1,0,0.7830554246902466,True,0.5205729603767395,True,0.3177083134651184,False
3223,p0n3683,98,2.5,0.125,126176.0,60.0,G5,79,1,0,0.4618452489376068,False,0.213706374168396,False,0.3015456199645996,False
3224,p0n3688,98,2.5,1.0,126176.0,480.0,F5,77,2,0,0.4423542618751526,False,0.1709112524986267,False,0.27776119112968445,False
3225,p0n3682,98,2.5,0.125,126176.0,60.0,D5,74,1,0,0.6681665778160095,True,0.2763884663581848,False,0.28123775124549866,False
3226,p0n3687,98,2.5,1.0,126176.0,480.0,D5,74,2,0,0.6425341963768005,True,0.2509268820285797,False,0.2684667408466339,False
3227,p0n3686,98,2.5,1.0,126176.0,480.0,B-4,70,2,0,0.19558343291282654,False,0.1277327686548233,False,0.2853820025920868,False
3228,p0n3685,98,2.5,1.0,126176.0,480.0,F4,65,2,0,0.6682004332542419,True,0.5061041712760925,True,0.32882383465766907,False
3229,p0n3689,98,2.625,0.125,126236.0,60.0,A5,81,1,0,0.7241471409797668,True,0.6960561871528625,True,0.46115612983703613,False
3230,p0n3692,98,2.75,0.125,126296.0,60.0,A6,93,1,0,0.7923385500907898,True,0.8467500805854797,True,0.5858856439590454,True
3231,p0n3691,98,2.75,0.125,126296.0,60.0,G6,91,1,0,0.5114867687225342,True,0.5391541719436646,True,0.3936174511909485,False
3232,p0n3690,98,2.75,0.125,126296.0,60.0,D6,86,1,0,0.7169480323791504,True,0.6855010390281677,True,0.5376415848731995,True
3233,p0n3693,98,2.875,0.125,126356.0,60.0,A5,81,1,0,0.7278544902801514,True,0.5265976190567017,True,0.3696632981300354,False
3234,p0n3696,98,3.0,0.125,126416.0,60.0,A5,81,1,0,0.8541264533996582,True,0.7465599775314331,True,0.40231382846832275,False
3235,p0n3695,98,3.0,0.125,126416.0,60.0,G5,79,1,0,0.5972302556037903,True,0.7575002908706665,True,0.5781975388526917,True
3236,p0n3694,98,3.0,0.125,126416.0,60.0,D5,74,1,0,0.766080915927887,True,0.33761146664619446,False,0.3038930594921112,False
3237,p0n3697,98,3.125,0.125,126476.0,60.0,A4,69,1,0,0.2829333543777466,False,0.2648451030254364,False,0.31649133563041687,False
3238,p0n3698,98,3.25,0.125,126536.0,60.0,G4,67,1,0,0.1556416004896164,False,0.1821393370628357,False,0.29274460673332214,False
3239,p0n3699,98,3.375,0.125,126596.0,60.0,A4,69,1,0,0.5677902698516846,True,0.5906686186790466,True,0.4260050654411316,False
3240,p0n3702,98,3.5,0.125,126656.0,60.0,A5,81,1,0,0.8467684984207153,True,0.6117027997970581,True,0.3348824381828308,False
3241,p0n3701,98,3.5,0.125,126656.0,60.0,G5,79,1,0,0.7045785784721375,True,0.6623106598854065,True,0.5157663226127625,True
3242,p0n3700,98,3.5,0.125,126656.0,60.0,D5,74,1,0,0.616205632686615,True,0.2376556098461151,False,0.2750231921672821,False
3243,p0n3705,98,3.5,0.5,126656.0,240.0,C5,72,2,0,0.2003641575574875,False,0.11596649140119553,False,0.27731063961982727,False
3244,p0n3704,98,3.5,0.5,126656.0,240.0,B-4,70,2,0,0.6121749877929688,True,0.24608758091926575,False,0.29185041785240173,False
3245,p0n3703,98,3.5,0.5,126656.0,240.0,C4,60,2,0,0.27183666825294495,False,0.15333177149295807,False,0.2806508243083954,False
3246,p0n3706,98,3.625,0.125,126716.0,60.0,A5,81,1,0,0.7092472314834595,True,0.5695260167121887,True,0.3865105211734772,False
3247,p0n3708,98,3.75,0.125,126776.0,60.0,G6,91,1,0,0.5972430109977722,True,0.5835674405097961,True,0.419129878282547,False
3248,p0n3707,98,3.75,0.125,126776.0,60.0,D6,86,1,0,0.638677179813385,True,0.6767973899841309,True,0.5477553009986877,True
3249,p0n3709,98,3.875,0.125,126836.0,60.0,A5,81,1,0,0.767417311668396,True,0.5522058606147766,True,0.39775776863098145,False
3250,p0n3712,99,0.0,0.125,126896.0,60.0,A5,81,1,0,0.8813502788543701,True,0.6386708617210388,True,0.41286778450012207,False
3251,p0n3711,99,0.0,0.125,126896.0,60.0,G5,79,1,0,0.7592856287956238,True,0.7674525380134583,True,0.5391427874565125,True
3252,p0n3710,99,0.0,0.125,126896.0,60.0,D5,74,1,0,0.5765036940574646,True,0.365027517080307,False,0.29857736825942993,False
3253,p0n3714,99,0.0,4.0,126896.0,1920.0,D4,62,2,0,0.9479559063911438,True,0.49412983655929565,False,0.362440288066864,False
3254,p0n3713,99,0.0,4.0,126896.0,1920.0,G3,55,2,0,0.8075792789459229,True,0.8417777419090271,True,0.6124305129051208,True
3255,p0n3717,99,0.125,0.125,126956.0,60.0,A4,69,1,0,0.4992425739765167,False,0.4303668737411499,False,0.37723445892333984,False
3256,p0n3718,99,0.25,0.125,127016.0,60.0,G4,67,1,0,0.3909517824649811,False,0.27577418088912964,False,0.31928178668022156,False
3257,p0n3719,99,0.375,0.125,127076.0,60.0,A4,69,1,0,0.43005892634391785,False,0.3159405589103699,False,0.3307405114173889,False
3258,p0n3722,99,0.5,0.125,127136.0,60.0,A5,81,1,0,0.8531588912010193,True,0.6516625285148621,True,0.33873090147972107,False
3259,p0n3721,99,0.5,0.125,127136.0,60.0,G5,79,1,0,0.8053205013275146,True,0.6203547716140747,True,0.4764532744884491,False
3260,p0n3720,99,0.5,0.125,127136.0,60.0,D5,74,1,0,0.7514916062355042,True,0.19932399690151215,False,0.28215575218200684,False
3261,p0n3725,99,0.5,0.5,127136.0,240.0,D5,74,2,0,0.6889219284057617,True,0.11139732599258423,False,0.270733505487442,False
3262,p0n3724,99,0.5,0.5,127136.0,240.0,B-4,70,2,0,0.5758946537971497,True,0.25067657232284546,False,0.29749348759651184,False
3263,p0n3723,99,0.5,0.5,127136.0,240.0,D4,62,2,0,0.9374476671218872,True,0.4674912691116333,False,0.33247867226600647,False
3264,p0n3726,99,0.625,0.125,127196.0,60.0,A5,81,1,0,0.6124079823493958,True,0.5948290824890137,True,0.37905019521713257,False
3265,p0n3729,99,0.75,0.125,127256.0,60.0,A6,93,1,0,0.7566986083984375,True,0.8793160319328308,True,0.5988946557044983,True
3266,p0n3728,99,0.75,0.125,127256.0,60.0,G6,91,1,0,0.5681345462799072,True,0.5806864500045776,True,0.3938935101032257,False
3267,p0n3727,99,0.75,0.125,127256.0,60.0,D6,86,1,0,0.6367294788360596,True,0.7429237961769104,True,0.5002452731132507,True
3268,p0n3730,99,0.875,0.125,127316.0,60.0,A5,81,1,0,0.7530107498168945,True,0.5235341191291809,True,0.42967742681503296,False
3269,p0n3733,99,1.0,0.125,127376.0,60.0,A5,81,1,0,0.8511929512023926,True,0.4578109383583069,False,0.33655351400375366,False
3270,p0n3737,99,1.0,1.0,127376.0,480.0,A5,81,2,0,0.8436369895935059,True,0.4634116291999817,False,0.3362698256969452,False
3271,p0n3732,99,1.0,0.125,127376.0,60.0,G5,79,1,0,0.6559240221977234,True,0.4805222749710083,False,0.3808625042438507,False
3272,p0n3731,99,1.0,0.125,127376.0,60.0,D5,74,1,0,0.6805710196495056,True,0.13947612047195435,False,0.2721748948097229,False
3273,p0n3736,99,1.0,1.0,127376.0,480.0,D5,74,2,0,0.5943331718444824,True,0.11932728439569473,False,0.26973575353622437,False
3274,p0n3735,99,1.0,1.0,127376.0,480.0,B-4,70,2,0,0.47616541385650635,False,0.1365748792886734,False,0.2876903712749481,False
3275,p0n3734,99,1.0,1.0,127376.0,480.0,A4,69,2,0,0.3921802043914795,False,0.3371681869029999,False,0.3358710706233978,False
3276,p0n3738,99,1.125,0.125,127436.0,60.0,A4,69,1,0,0.3564251661300659,False,0.3332347571849823,False,0.3375081717967987,False
3277,p0n3739,99,1.25,0.125,127496.0,60.0,G4,67,1,0,0.25843292474746704,False,0.20332792401313782,False,0.29793161153793335,False
3278,p0n3740,99,1.375,0.125,127556.0,60.0,A4,69,1,0,0.49721500277519226,False,0.40713274478912354,False,0.36179155111312866,False
3279,p0n3743,99,1.5,0.125,127616.0,60.0,A5,81,1,0,0.836105227470398,True,0.79090416431427,True,0.5065802931785583,True
3280,p0n3742,99,1.5,0.125,127616.0,60.0,G5,79,1,0,0.7478320002555847,True,0.7511304020881653,True,0.5935426950454712,True
3281,p0n3741,99,1.5,0.125,127616.0,60.0,D5,74,1,0,0.7320700883865356,True,0.23350776731967926,False,0.2873220145702362,False
3282,p0n3744,99,1.625,0.125,127676.0,60.0,A5,81,1,0,0.6055504679679871,True,0.6000896692276001,True,0.4874478578567505,False
3283,p0n3747,99,1.75,0.125,127736.0,60.0,A6,93,1,0,0.7641569972038269,True,0.84260493516922,True,0.6182460188865662,True
3284,p0n3746,99,1.75,0.125,127736.0,60.0,G6,91,1,0,0.5512781739234924,True,0.5427778959274292,True,0.3888738453388214,False
3285,p0n3745,99,1.75,0.125,127736.0,60.0,D6,86,1,0,0.6139784455299377,True,0.721141517162323,True,0.5042931437492371,True
3286,p0n3748,99,1.875,0.125,127796.0,60.0,A5,81,1,0,0.7366583943367004,True,0.6217862963676453,True,0.48521918058395386,False
3287,p0n3751,99,2.0,0.125,127856.0,60.0,A5,81,1,0,0.822169303894043,True,0.5429667830467224,True,0.47441747784614563,False
3288,p0n3750,99,2.0,0.125,127856.0,60.0,G5,79,1,0,0.6995993852615356,True,0.5547136068344116,True,0.44598832726478577,False
3289,p0n3755,99,2.0,0.5,127856.0,240.0,G5,79,2,0,0.7280186414718628,True,0.5235830545425415,True,0.5089338421821594,True
3290,p0n3749,99,2.0,0.125,127856.0,60.0,D5,74,1,0,0.7673959136009216,True,0.11001383513212204,False,0.27303367853164673,False
3291,p0n3754,99,2.0,0.5,127856.0,240.0,D5,74,2,0,0.7135092616081238,True,0.12678255140781403,False,0.266578733921051,False
3292,p0n3753,99,2.0,0.5,127856.0,240.0,B-4,70,2,0,0.5916187763214111,True,0.25713860988616943,False,0.2878732979297638,False
3293,p0n3752,99,2.0,0.5,127856.0,240.0,G4,67,2,0,0.39376533031463623,False,0.18503053486347198,False,0.2936207354068756,False
3294,p0n3756,99,2.125,0.125,127916.0,60.0,A4,69,1,0,0.41277316212654114,False,0.37759828567504883,False,0.35358861088752747,False
3295,p0n3757,99,2.25,0.125,127976.0,60.0,G4,67,1,0,0.20420357584953308,False,0.19290055334568024,False,0.2951565086841583,False
3296,p0n3758,99,2.375,0.125,128036.0,60.0,A4,69,1,0,0.45669180154800415,False,0.36052942276000977,False,0.344206839799881,False
3297,p0n3761,99,2.5,0.125,128096.0,60.0,A5,81,1,0,0.8957182168960571,True,0.7959614992141724,True,0.6230695843696594,True
3298,p0n3760,99,2.5,0.125,128096.0,60.0,G5,79,1,0,0.5770353674888611,True,0.7079780101776123,True,0.58737713098526,True
3299,p0n3765,99,2.5,1.0,128096.0,480.0,F5,77,2,0,0.6654883623123169,True,0.48661091923713684,False,0.2972567081451416,False
3300,p0n3759,99,2.5,0.125,128096.0,60.0,D5,74,1,0,0.3717382550239563,False,0.10335142910480499,False,0.2717919945716858,False
3301,p0n3764,99,2.5,1.0,128096.0,480.0,D5,74,2,0,0.32207179069519043,False,0.08177598565816879,False,0.26933038234710693,False
3302,p0n3763,99,2.5,1.0,128096.0,480.0,B-4,70,2,0,0.4981878101825714,False,0.13896173238754272,False,0.2884822189807892,False
3303,p0n3762,99,2.5,1.0,128096.0,480.0,F4,65,2,0,0.5602577328681946,True,0.28823158144950867,False,0.28202369809150696,False
3304,p0n3766,99,2.625,0.125,128156.0,60.0,A5,81,1,0,0.8612793684005737,True,0.8025175333023071,True,0.6249104738235474,True
3305,p0n3769,99,2.75,0.125,128216.0,60.0,A6,93,1,0,0.7860656380653381,True,0.8696183562278748,True,0.5777672529220581,True
3306,p0n3768,99,2.75,0.125,128216.0,60.0,G6,91,1,0,0.6515354514122009,True,0.41564661264419556,False,0.3552567958831787,False
3307,p0n3767,99,2.75,0.125,128216.0,60.0,D6,86,1,0,0.5047271847724915,True,0.3630589544773102,False,0.34883609414100647,False
3308,p0n3770,99,2.875,0.125,128276.0,60.0,A5,81,1,0,0.8383787274360657,True,0.7556939125061035,True,0.5528075695037842,True
3309,p0n3773,99,3.0,0.125,128336.0,60.0,A5,81,1,0,0.9040517807006836,True,0.6462231278419495,True,0.5318880677223206,True
3310,p0n3772,99,3.0,0.125,128336.0,60.0,G5,79,1,0,0.7477476000785828,True,0.7098921537399292,True,0.47849583625793457,False
3311,p0n3771,99,3.0,0.125,128336.0,60.0,D5,74,1,0,0.42162248492240906,False,0.1346604973077774,False,0.27694326639175415,False
3312,p0n3774,99,3.125,0.125,128396.0,60.0,A4,69,1,0,0.5492240190505981,True,0.4603656530380249,False,0.38691607117652893,False
3313,p0n3775,99,3.25,0.125,128456.0,60.0,G4,67,1,0,0.323495090007782,False,0.2236895114183426,False,0.30432379245758057,False
3314,p0n3776,99,3.375,0.125,128516.0,60.0,A4,69,1,0,0.6100024580955505,True,0.6152641177177429,True,0.43798190355300903,False
3315,p0n3779,99,3.5,0.125,128576.0,60.0,A5,81,1,0,0.7557099461555481,True,0.6469809412956238,True,0.46141359210014343,False
3316,p0n3778,99,3.5,0.125,128576.0,60.0,G5,79,1,0,0.680677056312561,True,0.5437954664230347,True,0.41843485832214355,False
3317,p0n3777,99,3.5,0.125,128576.0,60.0,D5,74,1,0,0.394370973110199,False,0.09738947451114655,False,0.2715798318386078,False
3318,p0n3782,99,3.5,0.5,128576.0,240.0,C5,72,2,0,0.1956082433462143,False,0.12354286760091782,False,0.2782275080680847,False
3319,p0n3781,99,3.5,0.5,128576.0,240.0,B-4,70,2,0,0.45893731713294983,False,0.18342332541942596,False,0.2967984080314636,False
3320,p0n3780,99,3.5,0.5,128576.0,240.0,C4,60,2,0,0.21254941821098328,False,0.13824230432510376,False,0.27911752462387085,False
3321,p0n3783,99,3.625,0.125,128636.0,60.0,A5,81,1,0,0.7685844898223877,True,0.6891930103302002,True,0.5094910860061646,True
3322,p0n3785,99,3.75,0.125,128696.0,60.0,G6,91,1,0,0.5660658478736877,True,0.4172588884830475,False,0.3480982482433319,False
3323,p0n3784,99,3.75,0.125,128696.0,60.0,D6,86,1,0,0.505664587020874,True,0.3954406678676605,False,0.3563135862350464,False
3324,p0n3786,99,3.875,0.125,128756.0,60.0,A5,81,1,0,0.77349853515625,True,0.7433984279632568,True,0.5993672609329224,True
3325,p0n3789,100,0.0,0.125,128816.0,60.0,A5,81,1,0,0.819313645362854,True,0.6132426857948303,True,0.4933854341506958,False
3326,p0n3788,100,0.0,0.125,128816.0,60.0,E-5,75,1,0,0.4090385437011719,False,0.1908126026391983,False,0.2963348627090454,False
3327,p0n3787,100,0.0,0.125,128816.0,60.0,D-5,73,1,0,0.15876558423042297,False,0.13543343544006348,False,0.27786433696746826,False
3328,p0n3791,100,0.0,2.0,128816.0,960.0,D-4,61,2,0,0.48826342821121216,False,0.12555885314941406,False,0.2703588008880615,False
3329,p0n3790,100,0.0,2.0,128816.0,960.0,G3,55,2,0,0.5833287239074707,True,0.6137058734893799,True,0.4358948767185211,False
3330,p0n3795,100,0.25,0.125,128936.0,60.0,G4,67,1,0,0.3776993751525879,False,0.2544715702533722,False,0.3116471767425537,False
3331,p0n3796,100,0.375,0.125,128996.0,60.0,A4,69,1,0,0.26351138949394226,False,0.253958523273468,False,0.3148632049560547,False
3332,p0n3799,100,0.5,0.125,129056.0,60.0,A5,81,1,0,0.7817928791046143,True,0.5933131575584412,True,0.523568868637085,True
3333,p0n3798,100,0.5,0.125,129056.0,60.0,E-5,75,1,0,0.19211481511592865,False,0.13011875748634338,False,0.28516748547554016,False
3334,p0n3803,100,0.5,0.5,129056.0,240.0,E-5,75,2,0,0.2241232842206955,False,0.1115407794713974,False,0.28270673751831055,False
3335,p0n3797,100,0.5,0.125,129056.0,60.0,D-5,73,1,0,0.1859074980020523,False,0.13381214439868927,False,0.27765393257141113,False
3336,p0n3802,100,0.5,0.5,129056.0,240.0,D-5,73,2,0,0.18984170258045197,False,0.12068986892700195,False,0.2756657004356384,False
3337,p0n3801,100,0.5,0.5,129056.0,240.0,B-4,70,2,0,0.29932528734207153,False,0.13508211076259613,False,0.2866634130477905,False
3338,p0n3800,100,0.5,0.5,129056.0,240.0,E-4,63,2,0,0.7510531544685364,True,0.6965454816818237,True,0.4472142159938812,False
3339,p0n3804,100,0.625,0.125,129116.0,60.0,A5,81,1,0,0.7130520343780518,True,0.5960465669631958,True,0.5269251465797424,True
3340,p0n3807,100,0.75,0.125,129176.0,60.0,A6,93,1,0,0.6517366766929626,True,0.7345219850540161,True,0.5016432404518127,True
3341,p0n3806,100,0.75,0.125,129176.0,60.0,E-6,87,1,0,0.6445581912994385,True,0.356524795293808,False,0.2960170805454254,False
3342,p0n3805,100,0.75,0.125,129176.0,60.0,D-6,85,1,0,0.555881142616272,True,0.3324039876461029,False,0.3218526840209961,False
3343,p0n3808,100,0.875,0.125,129236.0,60.0,A5,81,1,0,0.8300505876541138,True,0.6582037806510925,True,0.5463358163833618,True
3344,p0n3811,100,1.0,0.125,129296.0,60.0,A5,81,1,0,0.8768801093101501,True,0.6887151002883911,True,0.5053600668907166,True
3345,p0n3816,100,1.0,1.0,129296.0,480.0,A5,81,2,0,0.8921418190002441,True,0.63465416431427,True,0.4727465808391571,False
3346,p0n3810,100,1.0,0.125,129296.0,60.0,E-5,75,1,0,0.3748948276042938,False,0.13239698112010956,False,0.285213440656662,False
3347,p0n3815,100,1.0,1.0,129296.0,480.0,E-5,75,2,0,0.32186493277549744,False,0.09841074794530869,False,0.2811325490474701,False
3348,p0n3809,100,1.0,0.125,129296.0,60.0,D-5,73,1,0,0.3463686406612396,False,0.14586275815963745,False,0.2783545255661011,False
3349,p0n3814,100,1.0,1.0,129296.0,480.0,D-5,73,2,0,0.4055766463279724,False,0.12342892587184906,False,0.27493754029273987,False
3350,p0n3813,100,1.0,1.0,129296.0,480.0,B-4,70,2,0,0.5366589426994324,True,0.2190280705690384,False,0.2928292155265808,False
3351,p0n3812,100,1.0,1.0,129296.0,480.0,A4,69,2,0,0.40841710567474365,False,0.29652950167655945,False,0.3255634307861328,False
3352,p0n3817,100,1.125,0.125,129356.0,60.0,A4,69,1,0,0.42370763421058655,False,0.3473978042602539,False,0.3458825647830963,False
3353,p0n3818,100,1.25,0.125,129416.0,60.0,G4,67,1,0,0.14688721299171448,False,0.19355955719947815,False,0.29426273703575134,False
3354,p0n3819,100,1.375,0.125,129476.0,60.0,A4,69,1,0,0.6220194697380066,True,0.5446292757987976,True,0.4874213933944702,False
3355,p0n3822,100,1.5,0.125,129536.0,60.0,A5,81,1,0,0.7978594303131104,True,0.7504787445068359,True,0.5669072270393372,True
3356,p0n3821,100,1.5,0.125,129536.0,60.0,E-5,75,1,0,0.29315492510795593,False,0.16689294576644897,False,0.2916799783706665,False
3357,p0n3820,100,1.5,0.125,129536.0,60.0,D-5,73,1,0,0.17650818824768066,False,0.14598411321640015,False,0.27941271662712097,False
3358,p0n3823,100,1.625,0.125,129596.0,60.0,A5,81,1,0,0.7415698766708374,True,0.6160658001899719,True,0.4938279390335083,False
3359,p0n3826,100,1.75,0.125,129656.0,60.0,A6,93,1,0,0.6203713417053223,True,0.4727602005004883,False,0.36747726798057556,False
3360,p0n3825,100,1.75,0.125,129656.0,60.0,E-6,87,1,0,0.6580326557159424,True,0.26149895787239075,False,0.2949141263961792,False
3361,p0n3824,100,1.75,0.125,129656.0,60.0,D-6,85,1,0,0.45429518818855286,False,0.24810533225536346,False,0.3005730211734772,False
3362,p0n3827,100,1.875,0.125,129716.0,60.0,A5,81,1,0,0.7996962070465088,True,0.659171462059021,True,0.5120784044265747,True
3363,p0n3830,100,2.0,0.125,129776.0,60.0,A5,81,1,0,0.819468080997467,True,0.7022385001182556,True,0.5191766023635864,True
3364,p0n3834,100,2.0,0.5,129776.0,240.0,G5,79,2,0,0.7537159323692322,True,0.3729950189590454,False,0.3055320382118225,False
3365,p0n3829,100,2.0,0.125,129776.0,60.0,E-5,75,1,0,0.29731592535972595,False,0.13428077101707458,False,0.2856239378452301,False
3366,p0n3833,100,2.0,0.5,129776.0,240.0,E-5,75,2,0,0.2987181842327118,False,0.10627374798059464,False,0.282144695520401,False
3367,p0n3828,100,2.0,0.125,129776.0,60.0,D-5,73,1,0,0.23951974511146545,False,0.14656369388103485,False,0.278951495885849,False
3368,p0n3832,100,2.0,0.5,129776.0,240.0,D-5,73,2,0,0.27631914615631104,False,0.13844043016433716,False,0.2777426838874817,False
3369,p0n3831,100,2.0,0.5,129776.0,240.0,G4,67,2,0,0.2994508445262909,False,0.18260115385055542,False,0.2920439541339874,False
3370,p0n3836,100,2.125,0.125,129836.0,60.0,A4,69,1,0,0.4505264461040497,False,0.361320436000824,False,0.3512088656425476,False
3371,p0n3837,100,2.25,0.125,129896.0,60.0,G4,67,1,0,0.26508766412734985,False,0.21453751623630524,False,0.2994954288005829,False
3372,p0n3838,100,2.375,0.125,129956.0,60.0,A4,69,1,0,0.5549030900001526,True,0.4271962642669678,False,0.36525559425354004,False
3373,p0n3841,100,2.5,0.125,130016.0,60.0,A5,81,1,0,0.7593798637390137,True,0.7459847927093506,True,0.6245624423027039,True
3374,p0n3843,100,2.5,1.0,130016.0,480.0,F5,77,2,0,0.5152307152748108,True,0.5262701511383057,True,0.35753685235977173,False
3375,p0n3840,100,2.5,0.125,130016.0,60.0,E-5,75,1,0,0.6428719162940979,True,0.29484158754348755,False,0.30103084444999695,False
3376,p0n3839,100,2.5,0.125,130016.0,60.0,D-5,73,1,0,0.3146810829639435,False,0.18851543962955475,False,0.28703123331069946,False
3377,p0n3842,100,2.5,1.0,130016.0,480.0,F4,65,2,0,0.629167377948761,True,0.36088696122169495,False,0.3135416507720947,False
3378,p0n3844,100,2.625,0.125,130076.0,60.0,A5,81,1,0,0.7076467275619507,True,0.7369958758354187,True,0.5774967074394226,True
3379,p0n3847,100,2.75,0.125,130136.0,60.0,A6,93,1,0,0.6510077714920044,True,0.5590606927871704,True,0.45771336555480957,False
3380,p0n3846,100,2.75,0.125,130136.0,60.0,E-6,87,1,0,0.6490491032600403,True,0.2777024805545807,False,0.29558199644088745,False
3381,p0n3845,100,2.75,0.125,130136.0,60.0,D-6,85,1,0,0.4713561236858368,False,0.2480541169643402,False,0.30008962750434875,False
3382,p0n3848,100,2.875,0.125,130196.0,60.0,A5,81,1,0,0.7149335145950317,True,0.6529973745346069,True,0.5239123106002808,True
3383,p0n3851,100,3.0,0.11041666666666666,130256.0,53.0,A5,81,1,0,0.6773693561553955,True,0.6832667589187622,True,0.5400177836418152,True
3384,p0n3850,100,3.0,0.11041666666666666,130256.0,53.0,E5,76,1,0,0.08711044490337372,False,0.16372543573379517,False,0.282392293214798,False
3385,p0n3849,100,3.0,0.11041666666666666,130256.0,53.0,C5,72,1,0,0.1877722293138504,False,0.13132067024707794,False,0.27902448177337646,False
3386,p0n3852,100,3.0,1.0,130256.0,480.0,B-3,58,2,0,0.26533621549606323,False,0.19439055025577545,False,0.28858545422554016,False
3387,p0n3853,100,3.1104166666666666,0.11041666666666666,130309.0,53.0,A4,69,1,0,0.400309681892395,False,0.3219560980796814,False,0.33723220229148865,False
3388,p0n3854,100,3.220833333333333,0.11041666666666666,130362.0,53.0,G4,67,1,0,0.11728132516145706,False,0.1781376451253891,False,0.29074034094810486,False
3389,p0n3855,100,3.33125,0.11041666666666666,130415.0,53.0,A4,69,1,0,0.6328970789909363,True,0.585375189781189,True,0.5092900991439819,True
3390,p0n3858,100,3.441666666666667,0.11041666666666666,130468.0,53.0,A5,81,1,0,0.56952303647995,True,0.7342154383659363,True,0.6266021728515625,True
3391,p0n3857,100,3.441666666666667,0.11041666666666666,130468.0,53.0,E5,76,1,0,0.13886915147304535,False,0.17413902282714844,False,0.28486260771751404,False
3392,p0n3856,100,3.441666666666667,0.11041666666666666,130468.0,53.0,C5,72,1,0,0.10095714777708054,False,0.10533780604600906,False,0.27579668164253235,False
3393,p0n3861,100,3.5,0.5,130496.0,240.0,C5,72,2,0,0.1983642429113388,False,0.11179990321397781,False,0.27663275599479675,False
3394,p0n3860,100,3.5,0.5,130496.0,240.0,G4,67,2,0,0.4490260183811188,False,0.19158856570720673,False,0.29486775398254395,False
3395,p0n3859,100,3.5,0.5,130496.0,240.0,E4,64,2,0,0.11796674877405167,False,0.16371117532253265,False,0.28247109055519104,False
3396,p0n3862,100,3.5520833333333335,0.11041666666666666,130521.0,53.0,A5,81,1,0,0.7073208689689636,True,0.7135063409805298,True,0.5671362280845642,True
3397,p0n3863,100,3.6625,0.11041666666666666,130574.0,53.0,A5,81,1,0,0.6316081881523132,True,0.5129546523094177,True,0.4694184958934784,False
3398,p0n3866,100,3.7729166666666667,0.11041666666666666,130627.0,53.0,A6,93,1,0,0.4727240800857544,False,0.3341458737850189,False,0.3432775139808655,False
3399,p0n3865,100,3.7729166666666667,0.11041666666666666,130627.0,53.0,E6,88,1,0,0.3808903098106384,False,0.2655629515647888,False,0.3102074861526489,False
3400,p0n3864,100,3.7729166666666667,0.11041666666666666,130627.0,53.0,C6,84,1,0,0.39334750175476074,False,0.22208015620708466,False,0.2994518578052521,False
3401,p0n3867,100,3.8833333333333333,0.11041666666666666,130680.0,53.0,A5,81,1,0,0.6537535786628723,True,0.8064967393875122,True,0.6405864953994751,True
3402,p0n3870,101,0.0,0.125,130736.0,60.0,A5,81,1,0,0.8267648220062256,True,0.7215373516082764,True,0.5432079434394836,True
3403,p0n3869,101,0.0,0.125,130736.0,60.0,E-5,75,1,0,0.4416584074497223,False,0.1619374006986618,False,0.29016464948654175,False
3404,p0n3868,101,0.0,0.125,130736.0,60.0,D-5,73,1,0,0.4582347273826599,False,0.18187282979488373,False,0.2842741906642914,False
3405,p0n3872,101,0.0,2.0,130736.0,960.0,D-4,61,2,0,0.48115068674087524,False,0.11332181096076965,False,0.2696813941001892,False
3406,p0n3871,101,0.0,2.0,130736.0,960.0,G3,55,2,0,0.5544325113296509,True,0.46970173716545105,False,0.36421331763267517,False
3407,p0n3875,101,0.125,0.125,130796.0,60.0,A4,69,1,0,0.2723895013332367,False,0.2366301268339157,False,0.3110576272010803,False
3408,p0n3876,101,0.25,0.125,130856.0,60.0,G4,67,1,0,0.33285781741142273,False,0.21216292679309845,False,0.3000728189945221,False
3409,p0n3877,101,0.375,0.125,130916.0,60.0,A4,69,1,0,0.3743553161621094,False,0.277566522359848,False,0.3219378888607025,False
3410,p0n3880,101,0.5,0.125,130976.0,60.0,A5,81,1,0,0.7129865884780884,True,0.7446590662002563,True,0.5927723050117493,True
3411,p0n3879,101,0.5,0.125,130976.0,60.0,E-5,75,1,0,0.2267947494983673,False,0.13202767074108124,False,0.28548431396484375,False
3412,p0n3884,101,0.5,0.5,130976.0,240.0,E-5,75,2,0,0.24164919555187225,False,0.11350224912166595,False,0.283069908618927,False
3413,p0n3878,101,0.5,0.125,130976.0,60.0,D-5,73,1,0,0.22271406650543213,False,0.14101991057395935,False,0.27869558334350586,False
3414,p0n3883,101,0.5,0.5,130976.0,240.0,D-5,73,2,0,0.2612994909286499,False,0.1330292969942093,False,0.2773643732070923,False
3415,p0n3882,101,0.5,0.5,130976.0,240.0,B-4,70,2,0,0.31477242708206177,False,0.14894691109657288,False,0.289137065410614,False
3416,p0n3881,101,0.5,0.5,130976.0,240.0,E-4,63,2,0,0.574384868144989,True,0.4503905177116394,False,0.3157344460487366,False
3417,p0n3885,101,0.625,0.125,131036.0,60.0,A5,81,1,0,0.7525167465209961,True,0.8005275130271912,True,0.5850367546081543,True
3418,p0n3888,101,0.75,0.125,131096.0,60.0,A6,93,1,0,0.5779704451560974,True,0.7314329147338867,True,0.4632353186607361,False
3419,p0n3887,101,0.75,0.125,131096.0,60.0,E-6,87,1,0,0.42088067531585693,False,0.15497389435768127,False,0.2907903492450714,False
3420,p0n3886,101,0.75,0.125,131096.0,60.0,D-6,85,1,0,0.42049333453178406,False,0.2254629284143448,False,0.29466304183006287,False
3421,p0n3889,101,0.875,0.125,131156.0,60.0,A5,81,1,0,0.8124566674232483,True,0.786726176738739,True,0.5488188862800598,True
3422,p0n3895,101,1.0,1.0,131216.0,480.0,A5,81,2,0,0.869748055934906,True,0.7101954221725464,True,0.5044072866439819,True
3423,p0n3894,101,1.0,1.0,131216.0,480.0,E-5,75,2,0,0.38008221983909607,False,0.11552359163761139,False,0.2827227711677551,False
3424,p0n3890,101,1.0,0.125,131216.0,60.0,D-5,73,1,0,0.3329852223396301,False,0.14258171617984772,False,0.27790841460227966,False
3425,p0n3893,101,1.0,1.0,131216.0,480.0,D-5,73,2,0,0.38457560539245605,False,0.12274213880300522,False,0.27509579062461853,False
3426,p0n3892,101,1.0,1.0,131216.0,480.0,B-4,70,2,0,0.571351170539856,True,0.1630634069442749,False,0.28367850184440613,False
3427,p0n3891,101,1.0,1.0,131216.0,480.0,A4,69,2,0,0.5175994038581848,True,0.623050332069397,True,0.3193548023700714,False
3428,p0n3896,101,1.125,0.125,131276.0,60.0,A4,69,1,0,0.5278106331825256,True,0.42373305559158325,False,0.37745770812034607,False
3429,p0n3897,101,1.25,0.125,131336.0,60.0,G4,67,1,0,0.2696782946586609,False,0.22821298241615295,False,0.30311647057533264,False
3430,p0n3898,101,1.375,0.125,131396.0,60.0,A4,69,1,0,0.6244952082633972,True,0.5444560647010803,True,0.41110172867774963,False
3431,p0n3901,101,1.5,0.125,131456.0,60.0,A5,81,1,0,0.7765781283378601,True,0.7788771390914917,True,0.6469869017601013,True
3432,p0n3900,101,1.5,0.125,131456.0,60.0,E-5,75,1,0,0.43607667088508606,False,0.20865245163440704,False,0.30025091767311096,False
3433,p0n3899,101,1.5,0.125,131456.0,60.0,D-5,73,1,0,0.21226604282855988,False,0.15453743934631348,False,0.2807190716266632,False
3434,p0n3902,101,1.625,0.125,131516.0,60.0,A5,81,1,0,0.7396676540374756,True,0.6970787644386292,True,0.541733980178833,True
3435,p0n3905,101,1.75,0.125,131576.0,60.0,A6,93,1,0,0.6149019002914429,True,0.5550922751426697,True,0.38503846526145935,False
3436,p0n3904,101,1.75,0.125,131576.0,60.0,E-6,87,1,0,0.49284636974334717,False,0.1722995787858963,False,0.2943064570426941,False
3437,p0n3903,101,1.75,0.125,131576.0,60.0,D-6,85,1,0,0.3637551963329315,False,0.2109379917383194,False,0.29155972599983215,False
3438,p0n3906,101,1.875,0.125,131636.0,60.0,A5,81,1,0,0.8328630328178406,True,0.80885910987854,True,0.5733081698417664,True
3439,p0n3912,101,2.0,0.5,131696.0,240.0,G5,79,2,0,0.7649782299995422,True,0.36492788791656494,False,0.3054001033306122,False
3440,p0n3908,101,2.0,0.125,131696.0,60.0,E-5,75,1,0,0.4511513113975525,False,0.1604410856962204,False,0.28943774104118347,False
3441,p0n3911,101,2.0,0.5,131696.0,240.0,E-5,75,2,0,0.46739649772644043,False,0.10498936474323273,False,0.28204089403152466,False
3442,p0n3907,101,2.0,0.125,131696.0,60.0,D-5,73,1,0,0.18937130272388458,False,0.1368921399116516,False,0.27766919136047363,False
3443,p0n3910,101,2.0,0.5,131696.0,240.0,D-5,73,2,0,0.22505156695842743,False,0.13153702020645142,False,0.276887446641922,False
3444,p0n3909,101,2.0,0.5,131696.0,240.0,G4,67,2,0,0.34777718782424927,False,0.18228918313980103,False,0.2924000918865204,False
3445,p0n3914,101,2.125,0.125,131756.0,60.0,A4,69,1,0,0.430861234664917,False,0.3397689163684845,False,0.3437165319919586,False
3446,p0n3915,101,2.25,0.125,131816.0,60.0,G4,67,1,0,0.27509862184524536,False,0.21504579484462738,False,0.30011290311813354,False
3447,p0n3916,101,2.375,0.125,131876.0,60.0,A4,69,1,0,0.6017767786979675,True,0.5151422023773193,True,0.39668187499046326,False
3448,p0n3919,101,2.5,0.125,131936.0,60.0,A5,81,1,0,0.7501305341720581,True,0.7241176962852478,True,0.5975571274757385,True
3449,p0n3921,101,2.5,1.0,131936.0,480.0,F5,77,2,0,0.3599712550640106,False,0.17609679698944092,False,0.27901849150657654,False
3450,p0n3918,101,2.5,0.125,131936.0,60.0,E-5,75,1,0,0.7999077439308167,True,0.3775293529033661,False,0.31281670928001404,False
3451,p0n3917,101,2.5,0.125,131936.0,60.0,D-5,73,1,0,0.4148830473423004,False,0.22377122938632965,False,0.2944851815700531,False
3452,p0n3920,101,2.5,1.0,131936.0,480.0,F4,65,2,0,0.41942474246025085,False,0.16561293601989746,False,0.27844080328941345,False
3453,p0n3922,101,2.625,0.125,131996.0,60.0,A5,81,1,0,0.6662610769271851,True,0.7124852538108826,True,0.5531215071678162,True
3454,p0n3925,101,2.75,0.125,132056.0,60.0,A6,93,1,0,0.5557267069816589,True,0.5553367137908936,True,0.4706323742866516,False
3455,p0n3924,101,2.75,0.125,132056.0,60.0,E-6,87,1,0,0.580524742603302,True,0.35188165307044983,False,0.301338255405426,False
3456,p0n3923,101,2.75,0.125,132056.0,60.0,D-6,85,1,0,0.4324336051940918,False,0.22830379009246826,False,0.2950657308101654,False
3457,p0n3926,101,2.875,0.125,132116.0,60.0,A5,81,1,0,0.8024396896362305,True,0.7416717410087585,True,0.5608853697776794,True
3458,p0n3929,101,3.0,0.11041666666666666,132176.0,53.0,A5,81,1,0,0.7358678579330444,True,0.7185651063919067,True,0.5627728700637817,True
3459,p0n3928,101,3.0,0.11041666666666666,132176.0,53.0,E5,76,1,0,0.12567642331123352,False,0.17204760015010834,False,0.28429946303367615,False
3460,p0n3927,101,3.0,0.11041666666666666,132176.0,53.0,C5,72,1,0,0.20396868884563446,False,0.13033483922481537,False,0.2790588140487671,False
3461,p0n3930,101,3.0,1.0,132176.0,480.0,B-3,58,2,0,0.19921444356441498,False,0.1861461102962494,False,0.2878759801387787,False
3462,p0n3931,101,3.1104166666666666,0.11041666666666666,132229.0,53.0,A4,69,1,0,0.5077586770057678,True,0.4044107496738434,False,0.3687395453453064,False
3463,p0n3932,101,3.220833333333333,0.11041666666666666,132282.0,53.0,G4,67,1,0,0.29803064465522766,False,0.23129084706306458,False,0.30342742800712585,False
3464,p0n3933,101,3.33125,0.11041666666666666,132335.0,53.0,A4,69,1,0,0.4791280925273895,False,0.357394814491272,False,0.34945565462112427,False
3465,p0n3936,101,3.441666666666667,0.11041666666666666,132388.0,53.0,A5,81,1,0,0.6543629169464111,True,0.7528459429740906,True,0.6415969729423523,True
3466,p0n3935,101,3.441666666666667,0.11041666666666666,132388.0,53.0,E5,76,1,0,0.16362009942531586,False,0.17922909557819366,False,0.2862483561038971,False
3467,p0n3934,101,3.441666666666667,0.11041666666666666,132388.0,53.0,C5,72,1,0,0.16983528435230255,False,0.11993224173784256,False,0.27764755487442017,False
3468,p0n3939,101,3.5,0.5,132416.0,240.0,C5,72,2,0,0.2715166509151459,False,0.1394820362329483,False,0.28093287348747253,False
3469,p0n3938,101,3.5,0.5,132416.0,240.0,G4,67,2,0,0.4023372530937195,False,0.22374992072582245,False,0.3029516935348511,False
3470,p0n3937,101,3.5,0.5,132416.0,240.0,E4,64,2,0,0.21645262837409973,False,0.1845899224281311,False,0.28734931349754333,False
3471,p0n3940,101,3.5520833333333335,0.11041666666666666,132441.0,53.0,A5,81,1,0,0.7632901668548584,True,0.686802864074707,True,0.5616349577903748,True
3472,p0n3941,101,3.6625,0.11041666666666666,132494.0,53.0,A5,81,1,0,0.7314406633377075,True,0.5618831515312195,True,0.3963611423969269,False
3473,p0n3943,101,3.7729166666666667,0.11041666666666666,132547.0,53.0,E6,88,1,0,0.19090260565280914,False,0.17789365351200104,False,0.2863136827945709,False
3474,p0n3942,101,3.7729166666666667,0.11041666666666666,132547.0,53.0,C6,84,1,0,0.3336923122406006,False,0.15829092264175415,False,0.2856595814228058,False
3475,p0n3944,101,3.8833333333333333,0.11041666666666666,132600.0,53.0,A5,81,1,0,0.7563629150390625,True,0.848835825920105,True,0.6225792765617371,True
3476,p0n3947,102,0.0,0.125,132656.0,60.0,A5,81,1,0,0.695945143699646,True,0.4947984516620636,False,0.3908875584602356,False
3477,p0n3946,102,0.0,0.125,132656.0,60.0,E-5,75,1,0,0.7197513580322266,True,0.2547287940979004,False,0.3018093407154083,False
3478,p0n3945,102,0.0,0.125,132656.0,60.0,D-5,73,1,0,0.4019260108470917,False,0.1867406815290451,False,0.2866101861000061,False
3479,p0n3949,102,0.0,1.5,132656.0,720.0,D-4,61,2,0,0.4365392327308655,False,0.10311665385961533,False,0.26844948530197144,False
3480,p0n3948,102,0.0,1.5,132656.0,720.0,G3,55,2,0,0.70609050989151,True,0.46184036135673523,False,0.36377593874931335,False
3481,p0n3953,102,0.25,0.125,132776.0,60.0,G4,67,1,0,0.2905144691467285,False,0.20695948600769043,False,0.2980533242225647,False
3482,p0n3954,102,0.375,0.125,132836.0,60.0,A4,69,1,0,0.339739590883255,False,0.2664264440536499,False,0.320571631193161,False
3483,p0n3956,102,0.5,0.125,132896.0,60.0,E-5,75,1,0,0.6265329122543335,True,0.1752372682094574,False,0.28814902901649475,False
3484,p0n3960,102,0.5,0.5,132896.0,240.0,E-5,75,2,0,0.6325722336769104,True,0.1320655643939972,False,0.281236469745636,False
3485,p0n3955,102,0.5,0.125,132896.0,60.0,D-5,73,1,0,0.19243258237838745,False,0.13929910957813263,False,0.27856823801994324,False
3486,p0n3959,102,0.5,0.5,132896.0,240.0,D-5,73,2,0,0.20198044180870056,False,0.12607638537883759,False,0.27647072076797485,False
3487,p0n3958,102,0.5,0.5,132896.0,240.0,B-4,70,2,0,0.2446283996105194,False,0.1273747682571411,False,0.2854420244693756,False
3488,p0n3957,102,0.5,0.5,132896.0,240.0,E-4,63,2,0,0.7262004613876343,True,0.32139089703559875,False,0.3081129193305969,False
3489,p0n3961,102,0.625,0.125,132956.0,60.0,A5,81,1,0,0.6347859501838684,True,0.41608500480651855,False,0.3499687612056732,False
3490,p0n3964,102,0.75,0.125,133016.0,60.0,A6,93,1,0,0.48501041531562805,False,0.2817348539829254,False,0.3248741924762726,False
3491,p0n3963,102,0.75,0.125,133016.0,60.0,E-6,87,1,0,0.5646297931671143,True,0.20802298188209534,False,0.29453569650650024,False
3492,p0n3962,102,0.75,0.125,133016.0,60.0,D-6,85,1,0,0.6903582215309143,True,0.3997749090194702,False,0.31788671016693115,False
3493,p0n3965,102,0.875,0.125,133076.0,60.0,A5,81,1,0,0.744625985622406,True,0.5682764053344727,True,0.42543601989746094,False
3494,p0n3968,102,1.0,0.125,133136.0,60.0,A5,81,1,0,0.8318045735359192,True,0.6172254085540771,True,0.4408000707626343,False
3495,p0n3973,102,1.0,1.0,133136.0,480.0,A5,81,2,0,0.8468191027641296,True,0.5388723015785217,True,0.42116838693618774,False
3496,p0n3967,102,1.0,0.125,133136.0,60.0,E-5,75,1,0,0.7129380106925964,True,0.20200185477733612,False,0.28300371766090393,False
3497,p0n3972,102,1.0,1.0,133136.0,480.0,E-5,75,2,0,0.7176005244255066,True,0.12574085593223572,False,0.2775834798812866,False
3498,p0n3966,102,1.0,0.125,133136.0,60.0,D-5,73,1,0,0.28975751996040344,False,0.1424729973077774,False,0.27834078669548035,False
3499,p0n3971,102,1.0,1.0,133136.0,480.0,D-5,73,2,0,0.28677159547805786,False,0.1239723190665245,False,0.2759476900100708,False
3500,p0n3970,102,1.0,1.0,133136.0,480.0,B-4,70,2,0,0.36770686507225037,False,0.11768125742673874,False,0.2846360504627228,False
3501,p0n3969,102,1.0,1.0,133136.0,480.0,A4,69,2,0,0.44778552651405334,False,0.3229585587978363,False,0.3359319567680359,False
3502,p0n3974,102,1.125,0.125,133196.0,60.0,A4,69,1,0,0.38468432426452637,False,0.32667994499206543,False,0.338463693857193,False
3503,p0n3975,102,1.25,0.125,133256.0,60.0,G4,67,1,0,0.20106220245361328,False,0.19060736894607544,False,0.29412364959716797,False
3504,p0n3976,102,1.375,0.125,133316.0,60.0,A4,69,1,0,0.47621169686317444,False,0.3519359230995178,False,0.3458670377731323,False
3505,p0n3979,102,1.5,0.125,133376.0,60.0,A5,81,1,0,0.7495332360267639,True,0.6433954834938049,True,0.4789305329322815,False
3506,p0n3978,102,1.5,0.125,133376.0,60.0,E-5,75,1,0,0.6894062161445618,True,0.2415829300880432,False,0.29079145193099976,False
3507,p0n3977,102,1.5,0.125,133376.0,60.0,D-5,73,1,0,0.15944603085517883,False,0.13081414997577667,False,0.2774127721786499,False
3508,p0n3982,102,1.5,1.5,133376.0,720.0,B-3,58,2,0,0.18266426026821136,False,0.14846841990947723,False,0.28074613213539124,False
3509,p0n3981,102,1.5,1.5,133376.0,720.0,E-3,51,2,0,0.3104630708694458,False,0.12318021059036255,False,0.2828800678253174,False
3510,p0n3980,102,1.5,1.5,133376.0,720.0,B-2,46,2,0,0.564716637134552,True,0.31762680411338806,False,0.2952076196670532,False
3511,p0n3983,102,1.625,0.125,133436.0,60.0,A5,81,1,0,0.7187932133674622,True,0.6249126195907593,True,0.43319693207740784,False
3512,p0n3986,102,1.75,0.125,133496.0,60.0,A6,93,1,0,0.3763411045074463,False,0.24048921465873718,False,0.3121010959148407,False
3513,p0n3985,102,1.75,0.125,133496.0,60.0,E-6,87,1,0,0.5465570092201233,True,0.2849395275115967,False,0.29980581998825073,False
3514,p0n3984,102,1.75,0.125,133496.0,60.0,D-6,85,1,0,0.3377588391304016,False,0.19017761945724487,False,0.2867986559867859,False
3515,p0n3987,102,1.875,0.125,133556.0,60.0,A5,81,1,0,0.7991625666618347,True,0.6138150691986084,True,0.44428154826164246,False
3516,p0n3989,102,2.0,0.125,133616.0,60.0,E-5,75,1,0,0.6664711833000183,True,0.12442100048065186,False,0.28545430302619934,False
3517,p0n3993,102,2.0,0.5,133616.0,240.0,E-5,75,2,0,0.6439982652664185,True,0.11156307905912399,False,0.28039413690567017,False
3518,p0n3988,102,2.0,0.125,133616.0,60.0,D-5,73,1,0,0.4203752279281616,False,0.1736702024936676,False,0.2830175459384918,False
3519,p0n3992,102,2.0,0.5,133616.0,240.0,D-5,73,2,0,0.40360406041145325,False,0.13754010200500488,False,0.27749374508857727,False
3520,p0n3991,102,2.0,0.5,133616.0,240.0,B-4,70,2,0,0.2380530834197998,False,0.11703118681907654,False,0.28426966071128845,False
3521,p0n3990,102,2.0,0.5,133616.0,240.0,E-4,63,2,0,0.7672743797302246,True,0.2296583652496338,False,0.2923816740512848,False
3522,p0n3994,102,2.125,0.125,133676.0,60.0,A4,69,1,0,0.39150306582450867,False,0.3244017958641052,False,0.33789998292922974,False
3523,p0n3995,102,2.25,0.125,133736.0,60.0,G4,67,1,0,0.10424686968326569,False,0.16498200595378876,False,0.28839021921157837,False
3524,p0n3996,102,2.375,0.125,133796.0,60.0,A4,69,1,0,0.5313207507133484,True,0.3945790231227875,False,0.36139827966690063,False
3525,p0n4003,102,2.5,1.0,133856.0,480.0,A5,81,2,0,0.7181661128997803,True,0.40749233961105347,False,0.34652426838874817,False
3526,p0n3998,102,2.5,0.125,133856.0,60.0,E-5,75,1,0,0.6827840805053711,True,0.17792636156082153,False,0.2897917628288269,False
3527,p0n4002,102,2.5,1.0,133856.0,480.0,E-5,75,2,0,0.6059335470199585,True,0.1132810190320015,False,0.2807602882385254,False
3528,p0n3997,102,2.5,0.125,133856.0,60.0,D-5,73,1,0,0.49269723892211914,False,0.18861493468284607,False,0.28653210401535034,False
3529,p0n4001,102,2.5,1.0,133856.0,480.0,D-5,73,2,0,0.5367372632026672,True,0.22629331052303314,False,0.27499210834503174,False
3530,p0n4000,102,2.5,1.0,133856.0,480.0,B-4,70,2,0,0.2316008359193802,False,0.11833257973194122,False,0.2845613956451416,False
3531,p0n3999,102,2.5,1.0,133856.0,480.0,A4,69,2,0,0.2998083531856537,False,0.2670753002166748,False,0.3191603124141693,False
3532,p0n4004,102,2.625,0.125,133916.0,60.0,A5,81,1,0,0.6752289533615112,True,0.611674964427948,True,0.4473806917667389,False
3533,p0n4007,102,2.75,0.125,133976.0,60.0,A6,93,1,0,0.6241202354431152,True,0.4725381135940552,False,0.36816439032554626,False
3534,p0n4006,102,2.75,0.125,133976.0,60.0,E-6,87,1,0,0.49655938148498535,False,0.2025405913591385,False,0.2990591824054718,False
3535,p0n4005,102,2.75,0.125,133976.0,60.0,D-6,85,1,0,0.6661335825920105,True,0.3063812553882599,False,0.2937092185020447,False
3536,p0n4008,102,2.875,0.125,134036.0,60.0,A5,81,1,0,0.6505988836288452,True,0.6470722556114197,True,0.46834975481033325,False
3537,p0n4010,102,3.0,0.11041666666666666,134096.0,53.0,E5,76,1,0,0.11886309832334518,False,0.16065289080142975,False,0.2820311188697815,False
3538,p0n4009,102,3.0,0.11041666666666666,134096.0,53.0,C5,72,1,0,0.5147924423217773,True,0.30345597863197327,False,0.2951829135417938,False
3539,p0n4013,102,3.0,1.0,134096.0,480.0,G3,55,2,0,0.43913230299949646,False,0.24458467960357666,False,0.30751854181289673,False
3540,p0n4012,102,3.0,1.0,134096.0,480.0,D-3,49,2,0,0.2820243239402771,False,0.12419674545526505,False,0.27172818779945374,False
3541,p0n4011,102,3.0,1.0,134096.0,480.0,G2,43,2,0,0.5957393646240234,True,0.5335077047348022,True,0.3777126967906952,False
3542,p0n4014,102,3.1104166666666666,0.11041666666666666,134149.0,53.0,A4,69,1,0,0.38659679889678955,False,0.33014774322509766,False,0.33997678756713867,False
3543,p0n4015,102,3.220833333333333,0.11041666666666666,134202.0,53.0,G4,67,1,0,0.18145637214183807,False,0.17847833037376404,False,0.2913220524787903,False
3544,p0n4016,102,3.33125,0.11041666666666666,134255.0,53.0,A4,69,1,0,0.2876729667186737,False,0.290103018283844,False,0.32658448815345764,False
3545,p0n4018,102,3.441666666666667,0.11041666666666666,134308.0,53.0,E5,76,1,0,0.11017917841672897,False,0.1670045703649521,False,0.28353190422058105,False
3546,p0n4017,102,3.441666666666667,0.11041666666666666,134308.0,53.0,C5,72,1,0,0.5343805551528931,True,0.36468833684921265,False,0.31334367394447327,False
3547,p0n4022,102,3.5,0.5,134336.0,240.0,E-5,75,2,0,0.08586356043815613,False,0.10750915110111237,False,0.2820642292499542,False
3548,p0n4021,102,3.5,0.5,134336.0,240.0,D-5,73,2,0,0.3166385591030121,False,0.14028801023960114,False,0.27790743112564087,False
3549,p0n4020,102,3.5,0.5,134336.0,240.0,B-4,70,2,0,0.46760764718055725,False,0.13743999600410461,False,0.28671935200691223,False
3550,p0n4019,102,3.5,0.5,134336.0,240.0,E-4,63,2,0,0.47057196497917175,False,0.16184276342391968,False,0.2888109087944031,False
3551,p0n4023,102,3.5479166666666666,0.11041666666666666,134359.0,53.0,A5,81,1,0,0.6264596581459045,True,0.6339148879051208,True,0.5239900946617126,True
3552,p0n4024,102,3.658333333333333,0.11041666666666666,134412.0,53.0,A5,81,1,0,0.6794539093971252,True,0.6211081147193909,True,0.5042420029640198,True
3553,p0n4027,102,3.76875,0.11041666666666666,134465.0,53.0,A6,93,1,0,0.32200661301612854,False,0.21266309916973114,False,0.30539026856422424,False
3554,p0n4026,102,3.76875,0.11041666666666666,134465.0,53.0,E-6,87,1,0,0.38077273964881897,False,0.17571067810058594,False,0.29416584968566895,False
3555,p0n4025,102,3.76875,0.11041666666666666,134465.0,53.0,C#6,85,1,0,0.3469311594963074,False,0.2991756200790405,False,0.3138134479522705,False
3556,p0n4028,102,3.879166666666667,0.11041666666666666,134518.0,53.0,A5,81,1,0,0.7260696887969971,True,0.7043123245239258,True,0.555245578289032,True
3557,p0n4029,103,0.0,0.052083333333333336,134576.0,25.0,A6,93,1,0,0.35474851727485657,False,0.2184608429670334,False,0.30637097358703613,False
3558,p0n4030,103,0.0,0.07083333333333333,134576.0,34.0,B-1,34,2,0,0.8761212825775146,True,0.5722853541374207,True,0.47078409790992737,False
3559,p0n4032,103,0.052083333333333336,0.052083333333333336,134601.0,25.0,E-6,87,1,0,0.36455807089805603,False,0.1657092273235321,False,0.29139989614486694,False
3560,p0n4033,103,0.07083333333333333,0.07083333333333333,134610.0,34.0,E-2,39,2,0,0.8728442788124084,True,0.5545483231544495,True,0.42318233847618103,False
3561,p0n4034,103,0.10416666666666667,0.052083333333333336,134626.0,25.0,D-6,85,1,0,0.4472092390060425,False,0.18804076313972473,False,0.28467893600463867,False
3562,p0n4035,103,0.14166666666666666,0.07083333333333333,134644.0,34.0,G2,43,2,0,0.3745100200176239,False,0.15992845594882965,False,0.2887662351131439,False
3563,p0n4036,103,0.15625,0.052083333333333336,134651.0,25.0,A5,81,1,0,0.7810905575752258,True,0.6532638669013977,True,0.5267981886863708,True
3564,p0n4037,103,0.20833333333333334,0.052083333333333336,134676.0,25.0,A5,81,1,0,0.7013989686965942,True,0.6282196640968323,True,0.5096569657325745,True
3565,p0n4038,103,0.2125,0.07083333333333333,134678.0,34.0,D-3,49,2,0,0.31393516063690186,False,0.12541261315345764,False,0.2724308967590332,False
3566,p0n4039,103,0.2604166666666667,0.052083333333333336,134701.0,25.0,E-5,75,1,0,0.19762635231018066,False,0.1326996237039566,False,0.2858903408050537,False
3567,p0n4040,103,0.2833333333333333,0.07083333333333333,134712.0,34.0,E-3,51,2,0,0.18415209650993347,False,0.12949956953525543,False,0.28414785861968994,False
3568,p0n4041,103,0.3125,0.052083333333333336,134726.0,25.0,D-5,73,1,0,0.445880651473999,False,0.18166890740394592,False,0.28473469614982605,False
3569,p0n4042,103,0.3541666666666667,0.07083333333333333,134746.0,34.0,G3,55,2,0,0.4045632779598236,False,0.2334175854921341,False,0.3024146258831024,False
3570,p0n4043,103,0.3645833333333333,0.052083333333333336,134751.0,25.0,A4,69,1,0,0.3420671224594116,False,0.2778500020503998,False,0.3217434287071228,False
3571,p0n4044,103,0.4166666666666667,0.052083333333333336,134776.0,25.0,D-5,73,1,0,0.38983941078186035,False,0.16916228830814362,False,0.2831594944000244,False
3572,p0n4045,103,0.425,0.07083333333333333,134780.0,34.0,D-4,61,2,0,0.525850236415863,True,0.15867328643798828,False,0.2681664526462555,False
3573,p0n4046,103,0.46875,0.052083333333333336,134801.0,25.0,E-5,75,1,0,0.1560467630624771,False,0.12632130086421967,False,0.28480103611946106,False
3574,p0n4047,103,0.49583333333333335,0.1,134814.0,48.0,G3,55,2,0,0.4713839292526245,False,0.25140440464019775,False,0.30978915095329285,False
3575,p0n4048,103,0.5208333333333334,0.052083333333333336,134826.0,25.0,A5,81,1,0,0.7230616807937622,True,0.7606382966041565,True,0.5442017912864685,True
3576,p0n4049,103,0.5729166666666666,0.052083333333333336,134851.0,25.0,A5,81,1,0,0.7126821875572205,True,0.6262369751930237,True,0.5114209651947021,True
3577,p0n4050,103,0.5958333333333333,0.1,134862.0,48.0,E-3,51,2,0,0.29613110423088074,False,0.13231763243675232,False,0.28435632586479187,False
3578,p0n4051,103,0.625,0.052083333333333336,134876.0,25.0,D-6,85,1,0,0.5650803446769714,True,0.4615679681301117,False,0.30063900351524353,False
3579,p0n4052,103,0.6770833333333334,0.052083333333333336,134901.0,25.0,E-6,87,1,0,0.5912336707115173,True,0.27461111545562744,False,0.29596444964408875,False
3580,p0n4053,103,0.6958333333333333,0.1,134910.0,48.0,D-3,49,2,0,0.17479532957077026,False,0.12517176568508148,False,0.2713037133216858,False
3581,p0n4054,103,0.7291666666666666,0.052083333333333336,134926.0,25.0,A6,93,1,0,0.40893277525901794,False,0.2691553831100464,False,0.3198140859603882,False
3582,p0n4055,103,0.78125,0.052083333333333336,134951.0,25.0,A6,93,1,0,0.4294669032096863,False,0.29568010568618774,False,0.3281261920928955,False
3583,p0n4056,103,0.7958333333333333,0.1,134958.0,48.0,G2,43,2,0,0.3563563823699951,False,0.1651078760623932,False,0.2902320921421051,False
3584,p0n4057,103,0.8333333333333334,0.052083333333333336,134976.0,25.0,D-7,97,1,0,0.45089009404182434,False,0.17716087400913239,False,0.2837682366371155,False
3585,p0n4058,103,0.8854166666666666,0.052083333333333336,135001.0,25.0,E-7,99,1,0,0.9249513745307922,True,0.8109100461006165,True,0.5160096883773804,True
3586,p0n4059,103,0.8958333333333334,0.1,135006.0,48.0,E-2,39,2,0,0.7391775846481323,True,0.47278884053230286,False,0.34445664286613464,False
3587,p0n4060,103,0.9375,0.052083333333333336,135026.0,25.0,A7,105,1,0,0.714968740940094,True,0.4481734335422516,False,0.36783409118652344,False
3588,p0n4061,103,0.9895833333333334,0.125,135051.0,60.0,A7,105,1,0,0.6276417970657349,True,0.25173473358154297,False,0.31202664971351624,False
3589,p0n4062,103,0.9958333333333333,0.16666666666666666,135054.0,80.0,B-1,34,2,0,0.8041149973869324,True,0.5184355974197388,True,0.4569241404533386,False
3590,p0n4063,103,1.1145833333333333,0.125,135111.0,60.0,E-7,99,1,0,0.8091510534286499,True,0.20990633964538574,False,0.29844599962234497,False
3591,p0n4064,103,1.1625,0.16666666666666666,135134.0,80.0,E-2,39,2,0,0.7613564729690552,True,0.4643280506134033,False,0.34444284439086914,False
3592,p0n4065,103,1.2395833333333333,0.125,135171.0,60.0,D-7,97,1,0,0.22801774740219116,False,0.14708203077316284,False,0.27945390343666077,False
3593,p0n4066,103,1.3291666666666666,0.16666666666666666,135214.0,80.0,G2,43,2,0,0.335863322019577,False,0.1653604656457901,False,0.28975632786750793,False
3594,p0n4067,103,1.3645833333333333,0.125,135231.0,60.0,A6,93,1,0,0.3753584921360016,False,0.25864091515541077,False,0.3167976438999176,False
3595,p0n4068,103,1.4895833333333333,0.125,135291.0,60.0,A7,105,1,0,0.5999062657356262,True,0.18008269369602203,False,0.3039025068283081,False
3596,p0n4069,103,1.4958333333333333,0.16666666666666666,135294.0,80.0,D3,50,2,0,0.851603627204895,True,0.23412589728832245,False,0.2906334102153778,False
3597,p0n4070,103,1.6145833333333333,0.125,135351.0,60.0,E-7,99,1,0,0.8569815158843994,True,0.2386753261089325,False,0.30415353178977966,False
3598,p0n4071,103,1.6625,0.16666666666666666,135374.0,80.0,G2,43,2,0,0.32756006717681885,False,0.16331468522548676,False,0.28972327709198,False
3599,p0n4072,103,1.7395833333333333,0.125,135411.0,60.0,D-7,97,1,0,0.21974220871925354,False,0.14510135352611542,False,0.2791735827922821,False
3600,p0n4073,103,1.8291666666666666,0.16666666666666666,135454.0,80.0,E-2,39,2,0,0.7086874842643738,True,0.518822193145752,True,0.39148351550102234,False
3601,p0n4074,103,1.8645833333333333,0.125,135471.0,60.0,A6,93,1,0,0.3796447217464447,False,0.25912919640541077,False,0.31690287590026855,False
3602,p0n4075,103,1.9895833333333333,0.125,135531.0,60.0,A7,105,1,0,0.5817951560020447,True,0.21352000534534454,False,0.3099319040775299,False
3603,p0n4076,103,1.9958333333333333,0.16666666666666666,135534.0,80.0,B-1,34,2,0,0.7926462888717651,True,0.5005853772163391,True,0.4513446092605591,False
3604,p0n4077,103,2.1145833333333335,0.125,135591.0,60.0,E-7,99,1,0,0.852382242679596,True,0.27489128708839417,False,0.30519700050354004,False
3605,p0n4078,103,2.1625,0.16666666666666666,135614.0,80.0,E-2,39,2,0,0.7030475735664368,True,0.4203217029571533,False,0.33388984203338623,False
3606,p0n4079,103,2.2395833333333335,0.125,135651.0,60.0,D-7,97,1,0,0.22383973002433777,False,0.14550268650054932,False,0.27915284037590027,False
3607,p0n4080,103,2.3291666666666666,0.16666666666666666,135694.0,80.0,G2,43,2,0,0.3994227945804596,False,0.1818588823080063,False,0.2931174337863922,False
3608,p0n4081,103,2.3645833333333335,0.125,135711.0,60.0,A6,93,1,0,0.3931275010108948,False,0.2536796033382416,False,0.3152376115322113,False
3609,p0n4082,103,2.4895833333333335,0.125,135771.0,60.0,G7,103,1,0,0.8492185473442078,True,0.4111689329147339,False,0.368388295173645,False
3610,p0n4083,103,2.495833333333333,0.16666666666666666,135774.0,80.0,D3,50,2,0,0.8554205298423767,True,0.18138347566127777,False,0.28243833780288696,False
3611,p0n4084,103,2.6145833333333335,0.125,135831.0,60.0,E-7,99,1,0,0.8747925758361816,True,0.35843923687934875,False,0.31062161922454834,False
3612,p0n4085,103,2.6625,0.16666666666666666,135854.0,80.0,G2,43,2,0,0.4163401126861572,False,0.1865740418434143,False,0.29378119111061096,False
3613,p0n4086,103,2.7395833333333335,0.125,135891.0,60.0,D-7,97,1,0,0.3051231801509857,False,0.1623898595571518,False,0.28134939074516296,False
3614,p0n4087,103,2.8291666666666666,0.16666666666666666,135934.0,80.0,E-2,39,2,0,0.6576567888259888,True,0.44449153542518616,False,0.34656041860580444,False
3615,p0n4088,103,2.8645833333333335,0.125,135951.0,60.0,G6,91,1,0,0.36282944679260254,False,0.23165766894817352,False,0.3057752549648285,False
3616,p0n4089,103,2.9895833333333335,0.125,136011.0,60.0,F7,101,1,0,0.8880152702331543,True,0.48624396324157715,False,0.38487303256988525,False
3617,p0n4090,103,2.995833333333333,0.16666666666666666,136014.0,80.0,D-2,37,2,0,0.716221809387207,True,0.37727561593055725,False,0.2879369258880615,False
3618,p0n4091,103,3.1145833333333335,0.125,136071.0,60.0,E-7,99,1,0,0.8243125081062317,True,0.18584483861923218,False,0.2963818311691284,False
3619,p0n4092,103,3.1625,0.16666666666666666,136094.0,80.0,G2,43,2,0,0.5873643159866333,True,0.45910289883613586,False,0.3208686411380768,False
3620,p0n4093,103,3.2395833333333335,0.125,136131.0,60.0,D-7,97,1,0,0.4499056935310364,False,0.1817132532596588,False,0.2837778329849243,False
3621,p0n4094,103,3.3291666666666666,0.16666666666666666,136174.0,80.0,B-2,46,2,0,0.5507210493087769,True,0.24529892206192017,False,0.29335451126098633,False
3622,p0n4095,103,3.3645833333333335,0.125,136191.0,60.0,F6,89,1,0,0.12925255298614502,False,0.1514732837677002,False,0.27649596333503723,False
3623,p0n4096,103,3.4895833333333335,0.125,136251.0,60.0,E-7,99,1,0,0.8516683578491211,True,0.23708002269268036,False,0.30531904101371765,False
3624,p0n4097,103,3.495833333333333,0.16666666666666666,136254.0,80.0,E-3,51,2,0,0.33950498700141907,False,0.14088663458824158,False,0.2859441637992859,False
3625,p0n4098,103,3.6145833333333335,0.125,136311.0,60.0,D-7,97,1,0,0.6141645908355713,True,0.27822744846343994,False,0.26793748140335083,False
3626,p0n4099,103,3.6625,0.16666666666666666,136334.0,80.0,B-2,46,2,0,0.3876100778579712,False,0.2348136305809021,False,0.2982407808303833,False
3627,p0n4100,103,3.7395833333333335,0.125,136371.0,60.0,G6,91,1,0,0.171834796667099,False,0.1780877560377121,False,0.29215195775032043,False
3628,p0n4101,103,3.8291666666666666,0.16666666666666666,136414.0,80.0,G2,43,2,0,0.6169321537017822,True,0.4217885732650757,False,0.3397354185581207,False
3629,p0n4102,103,3.8645833333333335,0.125,136431.0,60.0,E-6,87,1,0,0.6038118004798889,True,0.2579939663410187,False,0.30154362320899963,False
3630,p0n4103,104,0.0,0.125,136496.0,60.0,A6,93,1,0,0.12477044016122818,False,0.15664198994636536,False,0.292317658662796,False
3631,p0n4104,104,0.0,0.16666666666666666,136496.0,80.0,E-2,39,2,0,0.6851157546043396,True,0.2282359004020691,False,0.3010382652282715,False
3632,p0n4106,104,0.125,0.125,136556.0,60.0,E-6,87,1,0,0.6684966683387756,True,0.21323442459106445,False,0.2908587157726288,False
3633,p0n4107,104,0.16666666666666666,0.16666666666666666,136576.0,80.0,B-2,46,2,0,0.4294723570346832,False,0.2405768781900406,False,0.29755085706710815,False
3634,p0n4108,104,0.25,0.125,136616.0,60.0,D-6,85,1,0,0.6422914862632751,True,0.4070470929145813,False,0.3119376003742218,False
3635,p0n4109,104,0.3333333333333333,0.16666666666666666,136656.0,80.0,D-3,49,2,0,0.4751361310482025,False,0.141071155667305,False,0.27495479583740234,False
3636,p0n4110,104,0.375,0.125,136676.0,60.0,A5,81,1,0,0.8237826824188232,True,0.6717119812965393,True,0.5093059539794922,True
3637,p0n4111,104,0.5,0.125,136736.0,60.0,A6,93,1,0,0.06752972304821014,False,0.13866989314556122,False,0.2890890836715698,False
3638,p0n4112,104,0.5,0.16666666666666666,136736.0,80.0,G3,55,2,0,0.44570502638816833,False,0.20938818156719208,False,0.29809290170669556,False
3639,p0n4113,104,0.625,0.125,136796.0,60.0,E-6,87,1,0,0.7066264748573303,True,0.2336207777261734,False,0.29264605045318604,False
3640,p0n4114,104,0.6666666666666666,0.16666666666666666,136816.0,80.0,D-3,49,2,0,0.3663795292377472,False,0.13784047961235046,False,0.27446919679641724,False
3641,p0n4115,104,0.75,0.125,136856.0,60.0,D-6,85,1,0,0.6415367722511292,True,0.5139483213424683,True,0.3230932950973511,False
3642,p0n4116,104,0.8333333333333334,0.16666666666666666,136896.0,80.0,B-2,46,2,0,0.5862030386924744,True,0.387984037399292,False,0.3043069541454315,False
3643,p0n4117,104,0.875,0.125,136916.0,60.0,A5,81,1,0,0.8428127765655518,True,0.5917577743530273,True,0.4644707441329956,False
3644,p0n4118,104,1.0,0.125,136976.0,60.0,A6,93,1,0,0.0791468620300293,False,0.14148010313510895,False,0.28963565826416016,False
3645,p0n4119,104,1.0,0.16666666666666666,136976.0,80.0,G2,43,2,0,0.6690695285797119,True,0.43490180373191833,False,0.3127366900444031,False
3646,p0n4120,104,1.125,0.125,137036.0,60.0,E-6,87,1,0,0.6476674675941467,True,0.2133631557226181,False,0.2920744717121124,False
3647,p0n4121,104,1.1666666666666667,0.16666666666666666,137056.0,80.0,D-3,49,2,0,0.23856224119663239,False,0.12911953032016754,False,0.27258822321891785,False
3648,p0n4122,104,1.25,0.125,137096.0,60.0,D-6,85,1,0,0.3995923101902008,False,0.20355021953582764,False,0.2881518006324768,False
3649,p0n4123,104,1.3333333333333333,0.16666666666666666,137136.0,80.0,E-3,51,2,0,0.2798992991447449,False,0.1303679645061493,False,0.2842116355895996,False
3650,p0n4124,104,1.375,0.125,137156.0,60.0,A5,81,1,0,0.8773863315582275,True,0.5344347357749939,True,0.4312300980091095,False
3651,p0n4125,104,1.5,0.125,137216.0,60.0,G6,91,1,0,0.31451234221458435,False,0.1941988170146942,False,0.29775822162628174,False
3652,p0n4126,104,1.5,0.16666666666666666,137216.0,80.0,B-3,58,2,0,0.16600753366947174,False,0.16210399568080902,False,0.2832377851009369,False
3653,p0n4127,104,1.625,0.125,137276.0,60.0,E-6,87,1,0,0.7176145315170288,True,0.2602226138114929,False,0.29865893721580505,False
3654,p0n4128,104,1.6666666666666667,0.16666666666666666,137296.0,80.0,E-3,51,2,0,0.3532339334487915,False,0.14743217825889587,False,0.28689172863960266,False
3655,p0n4129,104,1.75,0.125,137336.0,60.0,D-6,85,1,0,0.1213068887591362,False,0.13372860848903656,False,0.2773273289203644,False
3656,p0n4130,104,1.8333333333333333,0.16666666666666666,137376.0,80.0,D-3,49,2,0,0.40098708868026733,False,0.11979473382234573,False,0.2711127698421478,False
3657,p0n4131,104,1.875,0.125,137396.0,60.0,G5,79,1,0,0.7966108918190002,True,0.32816043496131897,False,0.3247584104537964,False
3658,p0n4132,104,2.0,0.125,137456.0,60.0,F6,89,1,0,0.11815683543682098,False,0.13905373215675354,False,0.2750024199485779,False
3659,p0n4133,104,2.0,0.16666666666666666,137456.0,80.0,B-2,46,2,0,0.5469951629638672,True,0.2318526804447174,False,0.28969141840934753,False
3660,p0n4134,104,2.125,0.125,137516.0,60.0,E-6,87,1,0,0.3741486072540283,False,0.15918275713920593,False,0.29050928354263306,False
3661,p0n4135,104,2.1666666666666665,0.16666666666666666,137536.0,80.0,E-3,51,2,0,0.1941005438566208,False,0.13246537744998932,False,0.2846279740333557,False
3662,p0n4136,104,2.25,0.125,137576.0,60.0,D-6,85,1,0,0.08570274710655212,False,0.12797652184963226,False,0.27657899260520935,False
3663,p0n4137,104,2.3333333333333335,0.16666666666666666,137616.0,80.0,G3,55,2,0,0.3683125972747803,False,0.19256159663200378,False,0.2932318449020386,False
3664,p0n4138,104,2.375,0.125,137636.0,60.0,F5,77,1,0,0.4302610158920288,False,0.2152349203824997,False,0.2868427336215973,False
3665,p0n4139,104,2.5,0.125,137696.0,60.0,E-6,87,1,0,0.315353661775589,False,0.13480624556541443,False,0.2858261168003082,False
3666,p0n4140,104,2.5,0.16666666666666666,137696.0,80.0,D-4,61,2,0,0.44900980591773987,False,0.13457290828227997,False,0.2727612555027008,False
3667,p0n4141,104,2.625,0.125,137756.0,60.0,D-6,85,1,0,0.05005667731165886,False,0.11737044155597687,False,0.27540773153305054,False
3668,p0n4142,104,2.6666666666666665,0.16666666666666666,137776.0,80.0,G3,55,2,0,0.5593977570533752,True,0.48204973340034485,False,0.34459546208381653,False
3669,p0n4143,104,2.75,0.125,137816.0,60.0,G5,79,1,0,0.6733564734458923,True,0.3157299757003784,False,0.3205421566963196,False
3670,p0n4144,104,2.8333333333333335,0.16666666666666666,137856.0,80.0,E-3,51,2,0,0.14319610595703125,False,0.11712642759084702,False,0.2824191451072693,False
3671,p0n4145,104,2.875,0.125,137876.0,60.0,E-5,75,1,0,0.3750341236591339,False,0.14053280651569366,False,0.28668856620788574,False
3672,p0n4148,105,0.0,0.16666666666666666,137936.0,80.0,D-3,49,2,0,0.23851996660232544,False,0.1167091429233551,False,0.27047625184059143,False
3673,p0n4149,105,0.125,0.125,137996.0,60.0,E-5,75,1,0,0.3658258616924286,False,0.1476248800754547,False,0.28917407989501953,False
3674,p0n4150,105,0.16666666666666666,0.16666666666666666,138016.0,80.0,G3,55,2,0,0.5643008351325989,True,0.44979584217071533,False,0.3446383476257324,False
3675,p0n4151,105,0.25,0.125,138056.0,60.0,D-5,73,1,0,0.6384387016296387,True,0.650436520576477,True,0.3427871763706207,False
3676,p0n4152,105,0.3333333333333333,0.16666666666666666,138096.0,80.0,B-3,58,2,0,0.2893868088722229,False,0.18980921804904938,False,0.28834083676338196,False
3677,p0n4153,105,0.375,0.125,138116.0,60.0,A4,69,1,0,0.6579446792602539,True,0.5019938945770264,True,0.404308021068573,False
3678,p0n4154,105,0.5,0.125,138176.0,60.0,A5,81,1,0,0.4501621723175049,False,0.2957390248775482,False,0.3294638395309448,False
3679,p0n4155,105,0.5,0.16666666666666666,138176.0,80.0,E-4,63,2,0,0.6425971984863281,True,0.27161404490470886,False,0.2905181050300598,False
3680,p0n4156,105,0.625,0.125,138236.0,60.0,E-5,75,1,0,0.38883304595947266,False,0.14938145875930786,False,0.289232075214386,False
3681,p0n4157,105,0.6666666666666666,0.16666666666666666,138256.0,80.0,B-3,58,2,0,0.27920711040496826,False,0.20527927577495575,False,0.29119306802749634,False
3682,p0n4158,105,0.75,0.125,138296.0,60.0,D-5,73,1,0,0.7140223383903503,True,0.349872350692749,False,0.3011075556278229,False
3683,p0n4159,105,0.8333333333333334,0.16666666666666666,138336.0,80.0,G3,55,2,0,0.6096262335777283,True,0.4715091586112976,False,0.33979859948158264,False
3684,p0n4160,105,0.875,0.125,138356.0,60.0,A4,69,1,0,0.6617518663406372,True,0.5116870999336243,True,0.4114684462547302,False
3685,p0n4161,105,1.0,0.125,138416.0,60.0,A5,81,1,0,0.3620428442955017,False,0.26086097955703735,False,0.31805700063705444,False
3686,p0n4162,105,1.0,0.16666666666666666,138416.0,80.0,E-3,51,2,0,0.10325529426336288,False,0.11346929520368576,False,0.2820792496204376,False
3687,p0n4163,105,1.125,0.125,138476.0,60.0,E-5,75,1,0,0.3202735483646393,False,0.1384875625371933,False,0.28723329305648804,False
3688,p0n4164,105,1.1666666666666667,0.16666666666666666,138496.0,80.0,B-3,58,2,0,0.27883434295654297,False,0.19747623801231384,False,0.2891240417957306,False
3689,p0n4165,105,1.25,0.125,138536.0,60.0,D-5,73,1,0,0.6752000451087952,True,0.3763597309589386,False,0.3019883334636688,False
3690,p0n4166,105,1.3333333333333333,0.16666666666666666,138576.0,80.0,D-4,61,2,0,0.7442519664764404,True,0.23458202183246613,False,0.27312415838241577,False
3691,p0n4167,105,1.375,0.125,138596.0,60.0,A4,69,1,0,0.7014949321746826,True,0.5129750967025757,True,0.41506335139274597,False
3692,p0n4168,105,1.5,0.125,138656.0,60.0,G5,79,1,0,0.14348897337913513,False,0.1586056798696518,False,0.2877557575702667,False
3693,p0n4169,105,1.5,0.16666666666666666,138656.0,80.0,G4,67,2,0,0.14184261858463287,False,0.16544866561889648,False,0.28847259283065796,False
3694,p0n4170,105,1.625,0.125,138716.0,60.0,E-5,75,1,0,0.29861676692962646,False,0.13303597271442413,False,0.2862352728843689,False
3695,p0n4171,105,1.6666666666666667,0.16666666666666666,138736.0,80.0,D-4,61,2,0,0.7109404802322388,True,0.25879785418510437,False,0.27484869956970215,False
3696,p0n4172,105,1.75,0.125,138776.0,60.0,D-5,73,1,0,0.45328861474990845,False,0.2047806829214096,False,0.29044288396835327,False
3697,p0n4173,105,1.8333333333333333,0.16666666666666666,138816.0,80.0,B-3,58,2,0,0.391142874956131,False,0.20587505400180817,False,0.2904888093471527,False
3698,p0n4174,105,1.875,0.125,138836.0,60.0,G4,67,1,0,0.2345070242881775,False,0.17117075622081757,False,0.29015132784843445,False
3699,p0n4175,105,2.0,0.125,138896.0,60.0,F5,77,1,0,0.3348134458065033,False,0.1921853870153427,False,0.2840322256088257,False
3700,p0n4176,105,2.0,0.16666666666666666,138896.0,80.0,G3,55,2,0,0.7181608080863953,True,0.329787015914917,False,0.31411799788475037,False
3701,p0n4177,105,2.125,0.125,138956.0,60.0,E-5,75,1,0,0.6209861636161804,True,0.15062165260314941,False,0.2868891656398773,False
3702,p0n4178,105,2.1666666666666665,0.16666666666666666,138976.0,80.0,D-4,61,2,0,0.5651214718818665,True,0.3241232931613922,False,0.2789885103702545,False
3703,p0n4179,105,2.25,0.125,139016.0,60.0,D-5,73,1,0,0.5974467992782593,True,0.2832435071468353,False,0.2883966863155365,False
3704,p0n4180,105,2.3333333333333335,0.16666666666666666,139056.0,80.0,E-4,63,2,0,0.6300234794616699,True,0.33972346782684326,False,0.2932651937007904,False
3705,p0n4181,105,2.375,0.125,139076.0,60.0,F4,65,1,0,0.3932168483734131,False,0.12900638580322266,False,0.2727051377296448,False
3706,p0n4182,105,2.5,0.125,139136.0,60.0,E-5,75,1,0,0.7968431711196899,True,0.10161387920379639,False,0.2842071056365967,False
3707,p0n4183,105,2.5,0.16666666666666666,139136.0,80.0,B-4,70,2,0,0.6701748371124268,True,0.1615561842918396,False,0.2868047058582306,False
3708,p0n4184,105,2.625,0.125,139196.0,60.0,D-5,73,1,0,0.3207143247127533,False,0.1910390704870224,False,0.2870769798755646,False
3709,p0n4185,105,2.6666666666666665,0.16666666666666666,139216.0,80.0,E-4,63,2,0,0.7168118357658386,True,0.3408387005329132,False,0.2914378046989441,False
3710,p0n4186,105,2.75,0.125,139256.0,60.0,G4,67,1,0,0.21197623014450073,False,0.16995063424110413,False,0.29046446084976196,False
3711,p0n4187,105,2.8333333333333335,0.16666666666666666,139296.0,80.0,D-4,61,2,0,0.6498149633407593,True,0.486844539642334,False,0.279143750667572,False
3712,p0n4188,105,2.875,0.125,139316.0,60.0,E-4,63,1,0,0.6094852089881897,True,0.36536288261413574,False,0.29238441586494446,False
3713,p0n4189,106,0.0,0.125,139376.0,60.0,A4,69,1,0,0.7447130084037781,True,0.5338974595069885,True,0.4335726797580719,False
3714,p0n4190,106,0.0,0.25,139376.0,120.0,B-3,58,2,0,0.3362681269645691,False,0.1781303733587265,False,0.28592804074287415,False
3715,p0n4192,106,0.125,0.125,139436.0,60.0,E-4,63,1,0,0.5671005845069885,True,0.22678761184215546,False,0.280936598777771,False
3716,p0n4193,106,0.25,0.125,139496.0,60.0,D-4,61,1,0,0.6763041615486145,True,0.29095458984375,False,0.27125200629234314,False
3717,p0n4194,106,0.25,0.25,139496.0,120.0,D-4,61,2,0,0.7653236985206604,True,0.1941274106502533,False,0.26590031385421753,False
3718,p0n4195,106,0.375,0.125,139556.0,60.0,A3,57,1,0,0.8700352311134338,True,0.8743459582328796,True,0.6853276491165161,True
3719,p0n4197,106,0.5,0.25,139616.0,120.0,B-4,70,2,0,0.5715151429176331,True,0.14585153758525848,False,0.28578561544418335,False
3720,p0n4196,106,0.5,0.125,139616.0,60.0,A4,69,1,0,0.3242596387863159,False,0.2509464919567108,False,0.31524237990379333,False
3721,p0n4198,106,0.625,0.125,139676.0,60.0,E-4,63,1,0,0.5587245225906372,True,0.2301131635904312,False,0.2839629054069519,False
3722,p0n4200,106,0.75,0.25,139736.0,120.0,D-5,73,2,0,0.48296990990638733,False,0.18757730722427368,False,0.2865672707557678,False
3723,p0n4199,106,0.75,0.125,139736.0,60.0,D-4,61,1,0,0.6414507627487183,True,0.15494322776794434,False,0.2691122591495514,False
3724,p0n4201,106,0.875,0.125,139796.0,60.0,A3,57,1,0,0.8062060475349426,True,0.5998385548591614,True,0.4988348186016083,False
3725,p0n4203,106,1.0,0.25,139856.0,120.0,G5,79,2,0,0.3296245038509369,False,0.19624553620815277,False,0.29500386118888855,False
3726,p0n4202,106,1.0,0.125,139856.0,60.0,A4,69,1,0,0.3843393623828888,False,0.29951050877571106,False,0.33165356516838074,False
3727,p0n4204,106,1.125,0.125,139916.0,60.0,E-4,63,1,0,0.4645864963531494,False,0.1314934641122818,False,0.28487908840179443,False
3728,p0n4206,106,1.25,0.25,139976.0,120.0,B-5,82,2,0,0.8189822435379028,True,0.26922059059143066,False,0.29346922039985657,False
3729,p0n4205,106,1.25,0.125,139976.0,60.0,D-4,61,1,0,0.5061283111572266,True,0.21155419945716858,False,0.26958420872688293,False
3730,p0n4207,106,1.375,0.125,140036.0,60.0,A3,57,1,0,0.8492954969406128,True,0.6089209914207458,True,0.42711299657821655,False
3731,p0n4209,106,1.5,0.5,140096.0,240.0,E-6,87,2,0,0.8080664277076721,True,0.09172049164772034,False,0.2809583842754364,False
3732,p0n4208,106,1.5,0.125,140096.0,60.0,G4,67,1,0,0.15355558693408966,False,0.1775495558977127,False,0.29092687368392944,False
3733,p0n4210,106,1.625,0.125,140156.0,60.0,E-4,63,1,0,0.4371626675128937,False,0.12664209306240082,False,0.2839302718639374,False
3734,p0n4211,106,1.75,0.125,140216.0,60.0,D-4,61,1,0,0.4253198802471161,False,0.15131555497646332,False,0.27543896436691284,False
3735,p0n4212,106,1.875,0.125,140276.0,60.0,G3,55,1,0,0.8974530696868896,True,0.2323879897594452,False,0.3048097789287567,False
3736,p0n4213,106,2.0,0.125,140336.0,60.0,F4,65,1,0,0.0890766978263855,False,0.12192104756832123,False,0.2721748948097229,False
3737,p0n4215,106,2.125,0.125,140396.0,60.0,E-4,63,1,0,0.7393191456794739,True,0.18494568765163422,False,0.2821126878261566,False
3738,p0n4216,106,2.25,0.125,140456.0,60.0,D-4,61,1,0,0.39208534359931946,False,0.1583525836467743,False,0.2757863700389862,False
3739,p0n4217,106,2.375,0.125,140516.0,60.0,F3,53,1,0,0.9373858571052551,True,0.6502807140350342,True,0.38846367597579956,False
3740,p0n4218,106,2.5,0.125,140576.0,60.0,E-4,63,1,0,0.7548577785491943,True,0.20704452693462372,False,0.28199073672294617,False
3741,p0n4219,106,2.625,0.125,140636.0,60.0,D-4,61,1,0,0.5237758755683899,True,0.26502540707588196,False,0.27870771288871765,False
3742,p0n4220,106,2.75,0.125,140696.0,60.0,G3,55,1,0,0.5180209875106812,True,0.4225388169288635,False,0.3367963433265686,False
3743,p0n4221,106,2.875,0.125,140756.0,60.0,E-3,51,1,0,0.8100540637969971,True,0.5902919769287109,True,0.35063809156417847,False
3744,p0n4222,107,0.0,3.0,140816.0,1440.0,A3,57,1,0,0.3382224440574646,False,0.3347454369068146,False,0.3382526934146881,False
3745,p0n4223,107,0.0,0.08333333333333333,140816.0,40.0,A3,57,1,0,0.37610048055648804,False,0.3270427882671356,False,0.3377249836921692,False
3746,p0n4224,107,0.0,0.25,140816.0,120.0,B-1,34,2,0,0.782892107963562,True,0.640766441822052,True,0.5631532669067383,True
3747,p0n4227,107,0.08333333333333333,0.08333333333333333,140856.0,40.0,E-3,51,1,0,0.7745251655578613,True,0.42953917384147644,False,0.3287631571292877,False
3748,p0n4228,107,0.16666666666666666,0.08333333333333333,140896.0,40.0,D-3,49,1,0,0.20446805655956268,False,0.11478989571332932,False,0.270001620054245,False
3749,p0n4229,107,0.25,0.08333333333333333,140936.0,40.0,A2,45,1,0,0.49077558517456055,False,0.39012354612350464,False,0.35555097460746765,False
3750,p0n4230,107,0.25,0.25,140936.0,120.0,E-2,39,2,0,0.7552048563957214,True,0.3258468210697174,False,0.3017123341560364,False
3751,p0n4231,107,0.3333333333333333,0.08333333333333333,140976.0,40.0,D-3,49,1,0,0.26201313734054565,False,0.1250612884759903,False,0.27215078473091125,False
3752,p0n4232,107,0.4166666666666667,0.08333333333333333,141016.0,40.0,E-3,51,1,0,0.7656553983688354,True,0.4651414155960083,False,0.3333002030849457,False
3753,p0n4233,107,0.5,0.08333333333333333,141056.0,40.0,A3,57,1,0,0.3461913466453552,False,0.3017010986804962,False,0.3290203809738159,False
3754,p0n4234,107,0.5,0.25,141056.0,120.0,B-2,46,2,0,0.7196539044380188,True,0.2949807643890381,False,0.28499630093574524,False
3755,p0n4235,107,0.5833333333333334,0.08333333333333333,141096.0,40.0,E-3,51,1,0,0.7693005800247192,True,0.4734441339969635,False,0.33566462993621826,False
3756,p0n4236,107,0.6666666666666666,0.08333333333333333,141136.0,40.0,D-3,49,1,0,0.26895108819007874,False,0.11496318876743317,False,0.27019551396369934,False
3757,p0n4237,107,0.75,0.08333333333333333,141176.0,40.0,A2,45,1,0,0.6102358102798462,True,0.4419611692428589,False,0.37682339549064636,False
3758,p0n4238,107,0.75,0.25,141176.0,120.0,E-2,39,2,0,0.7699941396713257,True,0.42815059423446655,False,0.32220712304115295,False
3759,p0n4239,107,0.8333333333333334,0.08333333333333333,141216.0,40.0,D-3,49,1,0,0.2356513887643814,False,0.11931717395782471,False,0.2711455821990967,False
3760,p0n4240,107,0.9166666666666666,0.08333333333333333,141256.0,40.0,E-3,51,1,0,0.7538732290267944,True,0.5327797532081604,True,0.333225280046463,False
3761,p0n4241,107,1.0,0.08333333333333333,141296.0,40.0,A3,57,1,0,0.3265315294265747,False,0.28750818967819214,False,0.32440102100372314,False
3762,p0n4242,107,1.0,0.25,141296.0,120.0,B-1,34,2,0,0.7810025215148926,True,0.5826768279075623,True,0.5398415327072144,True
3763,p0n4243,107,1.0833333333333333,0.08333333333333333,141336.0,40.0,E-3,51,1,0,0.7548912167549133,True,0.43571317195892334,False,0.3304890990257263,False
3764,p0n4244,107,1.1666666666666667,0.08333333333333333,141376.0,40.0,D-3,49,1,0,0.1821451336145401,False,0.11472505331039429,False,0.26989883184432983,False
3765,p0n4245,107,1.25,0.08333333333333333,141416.0,40.0,A2,45,1,0,0.49359920620918274,False,0.4068857431411743,False,0.36238595843315125,False
3766,p0n4246,107,1.25,0.25,141416.0,120.0,E-2,39,2,0,0.7728598117828369,True,0.3197231590747833,False,0.3092154562473297,False
3767,p0n4247,107,1.3333333333333333,0.08333333333333333,141456.0,40.0,D-3,49,1,0,0.24501091241836548,False,0.1246245950460434,False,0.2719603478908539,False
3768,p0n4248,107,1.4166666666666667,0.08333333333333333,141496.0,40.0,E-3,51,1,0,0.7760940194129944,True,0.46634888648986816,False,0.3330366611480713,False
3769,p0n4249,107,1.5,0.08333333333333333,141536.0,40.0,A3,57,1,0,0.2904459536075592,False,0.265058308839798,False,0.3174184262752533,False
3770,p0n4250,107,1.5,0.25,141536.0,120.0,B-2,46,2,0,0.69709312915802,True,0.2597235143184662,False,0.280422568321228,False
3771,p0n4251,107,1.5833333333333333,0.08333333333333333,141576.0,40.0,E-3,51,1,0,0.7586181163787842,True,0.4410621225833893,False,0.3323739469051361,False
3772,p0n4252,107,1.6666666666666667,0.08333333333333333,141616.0,40.0,D-3,49,1,0,0.24023523926734924,False,0.11482779681682587,False,0.27006304264068604,False
3773,p0n4253,107,1.75,0.08333333333333333,141656.0,40.0,A2,45,1,0,0.5607354640960693,True,0.5321891903877258,True,0.4244479835033417,False
3774,p0n4254,107,1.75,0.25,141656.0,120.0,E-2,39,2,0,0.7780871987342834,True,0.31541338562965393,False,0.30902913212776184,False
3775,p0n4255,107,1.8333333333333333,0.08333333333333333,141696.0,40.0,D-3,49,1,0,0.2317422479391098,False,0.12076890468597412,False,0.27129459381103516,False
3776,p0n4256,107,1.9166666666666667,0.08333333333333333,141736.0,40.0,E-3,51,1,0,0.7973837852478027,True,0.42338284850120544,False,0.3316396176815033,False
3777,p0n4258,107,2.0,0.5,141776.0,240.0,B-3,58,2,0,0.6146885752677917,True,0.4726704955101013,False,0.31724444031715393,False
3778,p0n4257,107,2.0,0.08333333333333333,141776.0,40.0,A3,57,1,0,0.3721604347229004,False,0.3140873908996582,False,0.33278974890708923,False
3779,p0n4260,107,2.0833333333333335,0.08333333333333333,141816.0,40.0,E-3,51,1,0,0.7556798458099365,True,0.43776869773864746,False,0.314878910779953,False
3780,p0n4261,107,2.1666666666666665,0.08333333333333333,141856.0,40.0,D-3,49,1,0,0.3487132787704468,False,0.12221337854862213,False,0.27140864729881287,False
3781,p0n4262,107,2.25,0.08333333333333333,141896.0,40.0,A2,45,1,0,0.642147421836853,True,0.5806115865707397,True,0.40728574991226196,False
3782,p0n4263,107,2.3333333333333335,0.08333333333333333,141936.0,40.0,D-3,49,1,0,0.33572226762771606,False,0.12250036001205444,False,0.2720645070075989,False
3783,p0n4264,107,2.4166666666666665,0.08333333333333333,141976.0,40.0,E-3,51,1,0,0.7132311463356018,True,0.5026666522026062,True,0.31866198778152466,False
3784,p0n4266,107,2.5,0.5,142016.0,240.0,E-4,63,2,0,0.8098698258399963,True,0.375235378742218,False,0.3024311065673828,False
3785,p0n4265,107,2.5,0.08333333333333333,142016.0,40.0,A3,57,1,0,0.5948995351791382,True,0.6430863738059998,True,0.4466147720813751,False
3786,p0n4267,107,2.5833333333333335,0.08333333333333333,142056.0,40.0,E-3,51,1,0,0.6015670895576477,True,0.3946142792701721,False,0.30993226170539856,False
3787,p0n4268,107,2.6666666666666665,0.08333333333333333,142096.0,40.0,D-3,49,1,0,0.30119097232818604,False,0.12054954469203949,False,0.2709859311580658,False
3788,p0n4269,107,2.75,0.08333333333333333,142136.0,40.0,A2,45,1,0,0.5677161812782288,True,0.5597894787788391,True,0.39713117480278015,False
3789,p0n4270,107,2.8333333333333335,0.08333333333333333,142176.0,40.0,D-3,49,1,0,0.29216986894607544,False,0.1247430369257927,False,0.2722296714782715,False
3790,p0n4271,107,2.9166666666666665,0.08333333333333333,142216.0,40.0,E-3,51,1,0,0.7342124581336975,True,0.450558602809906,False,0.32472020387649536,False
3791,p0n4272,107,3.0,1.0,142256.0,480.0,G3,55,1,0,0.3677613437175751,False,0.22413799166679382,False,0.3009660542011261,False
3792,p0n4273,107,3.0,0.08333333333333333,142256.0,40.0,G3,55,1,0,0.4388623535633087,False,0.205353245139122,False,0.2982768416404724,False
3793,p0n4276,107,3.0833333333333335,0.08333333333333333,142296.0,40.0,E-3,51,1,0,0.6367389559745789,True,0.4529429078102112,False,0.3210136592388153,False
3794,p0n4277,107,3.1666666666666665,0.08333333333333333,142336.0,40.0,D-3,49,1,0,0.3957601487636566,False,0.12065552175045013,False,0.27135413885116577,False
3795,p0n4278,107,3.25,0.08333333333333333,142376.0,40.0,G2,43,1,0,0.6267538666725159,True,0.5311630368232727,True,0.305227130651474,False
3796,p0n4279,107,3.25,0.25,142376.0,120.0,E-2,39,2,0,0.6379460096359253,True,0.2963845133781433,False,0.30310681462287903,False
3797,p0n4280,107,3.3333333333333335,0.08333333333333333,142416.0,40.0,D-3,49,1,0,0.41957682371139526,False,0.1271539181470871,False,0.27303633093833923,False
3798,p0n4281,107,3.4166666666666665,0.08333333333333333,142456.0,40.0,E-3,51,1,0,0.5980225205421448,True,0.4461313486099243,False,0.3167492747306824,False
3799,p0n4282,107,3.5,0.08333333333333333,142496.0,40.0,G3,55,1,0,0.4007461369037628,False,0.20390719175338745,False,0.29741883277893066,False
3800,p0n4283,107,3.5,0.25,142496.0,120.0,B-2,46,2,0,0.7127282619476318,True,0.33663704991340637,False,0.2884814143180847,False
3801,p0n4284,107,3.5833333333333335,0.08333333333333333,142536.0,40.0,E-3,51,1,0,0.595274031162262,True,0.4453906714916229,False,0.3173576891422272,False
3802,p0n4285,107,3.6666666666666665,0.08333333333333333,142576.0,40.0,D-3,49,1,0,0.4032587707042694,False,0.11221678555011749,False,0.2703656554222107,False
3803,p0n4286,107,3.75,0.08333333333333333,142616.0,40.0,G2,43,1,0,0.7071307897567749,True,0.24778223037719727,False,0.29891136288642883,False
3804,p0n4287,107,3.75,0.25,142616.0,120.0,E-2,39,2,0,0.6927281022071838,True,0.3695693612098694,False,0.31067711114883423,False
3805,p0n4288,107,3.8333333333333335,0.08333333333333333,142656.0,40.0,D-3,49,1,0,0.37860408425331116,False,0.12287299335002899,False,0.2722601592540741,False
3806,p0n4289,107,3.9166666666666665,0.08333333333333333,142696.0,40.0,E-3,51,1,0,0.5896245241165161,True,0.5269152522087097,True,0.3265521228313446,False
3807,p0n4290,108,0.0,3.0,142736.0,1440.0,A3,57,1,0,0.6296436786651611,True,0.7335873246192932,True,0.5069196820259094,True
3808,p0n4291,108,0.0,0.08333333333333333,142736.0,40.0,A3,57,1,0,0.665399432182312,True,0.6616327166557312,True,0.4455905258655548,False
3809,p0n4292,108,0.0,0.25,142736.0,120.0,B-1,34,2,0,0.7740936279296875,True,0.5020878314971924,True,0.49432504177093506,False
3810,p0n4295,108,0.08333333333333333,0.08333333333333333,142776.0,40.0,E-3,51,1,0,0.5710126161575317,True,0.4661736786365509,False,0.3222622871398926,False
3811,p0n4296,108,0.16666666666666666,0.08333333333333333,142816.0,40.0,D-3,49,1,0,0.33459538221359253,False,0.11360248923301697,False,0.27021509408950806,False
3812,p0n4297,108,0.25,0.08333333333333333,142856.0,40.0,A2,45,1,0,0.5485526919364929,True,0.5389096736907959,True,0.37820377945899963,False
3813,p0n4298,108,0.25,0.25,142856.0,120.0,E-2,39,2,0,0.6489462852478027,True,0.33883172273635864,False,0.3032245934009552,False
3814,p0n4299,108,0.3333333333333333,0.08333333333333333,142896.0,40.0,D-3,49,1,0,0.3460795283317566,False,0.12929677963256836,False,0.2731500267982483,False
3815,p0n4300,108,0.4166666666666667,0.08333333333333333,142936.0,40.0,E-3,51,1,0,0.5961320996284485,True,0.5187422037124634,True,0.31324148178100586,False
3816,p0n4301,108,0.5,0.08333333333333333,142976.0,40.0,A3,57,1,0,0.6243855953216553,True,0.6326117515563965,True,0.3893113434314728,False
3817,p0n4302,108,0.5,0.25,142976.0,120.0,B-2,46,2,0,0.6590637564659119,True,0.28459644317626953,False,0.2806171774864197,False
3818,p0n4303,108,0.5833333333333334,0.08333333333333333,143016.0,40.0,E-3,51,1,0,0.5699372887611389,True,0.46935001015663147,False,0.32076525688171387,False
3819,p0n4304,108,0.6666666666666666,0.08333333333333333,143056.0,40.0,D-3,49,1,0,0.38852137327194214,False,0.11149244755506516,False,0.27027103304862976,False
3820,p0n4305,108,0.75,0.08333333333333333,143096.0,40.0,A2,45,1,0,0.6112191677093506,True,0.5656216144561768,True,0.3961794078350067,False
3821,p0n4306,108,0.75,0.25,143096.0,120.0,E-2,39,2,0,0.6890450716018677,True,0.4146266281604767,False,0.3184613287448883,False
3822,p0n4307,108,0.8333333333333334,0.08333333333333333,143136.0,40.0,D-3,49,1,0,0.3536483347415924,False,0.12111268937587738,False,0.2719820737838745,False
3823,p0n4308,108,0.9166666666666666,0.08333333333333333,143176.0,40.0,E-3,51,1,0,0.5722458958625793,True,0.5447130799293518,True,0.3190452754497528,False
3824,p0n4309,108,1.0,0.08333333333333333,143216.0,40.0,A3,57,1,0,0.6085429787635803,True,0.6038251519203186,True,0.3807588815689087,False
3825,p0n4310,108,1.0,0.25,143216.0,120.0,B-1,34,2,0,0.7905500531196594,True,0.5204006433486938,True,0.5102077722549438,True
3826,p0n4311,108,1.0833333333333333,0.08333333333333333,143256.0,40.0,E-3,51,1,0,0.5632864832878113,True,0.44826456904411316,False,0.3191123902797699,False
3827,p0n4312,108,1.1666666666666667,0.08333333333333333,143296.0,40.0,D-3,49,1,0,0.31871122121810913,False,0.11349107325077057,False,0.2701268792152405,False
3828,p0n4313,108,1.25,0.08333333333333333,143336.0,40.0,A2,45,1,0,0.5028836131095886,True,0.49158811569213867,False,0.3657923638820648,False
3829,p0n4314,108,1.25,0.25,143336.0,120.0,E-2,39,2,0,0.7124056816101074,True,0.38857853412628174,False,0.3150656223297119,False
3830,p0n4315,108,1.3333333333333333,0.08333333333333333,143376.0,40.0,D-3,49,1,0,0.3537932336330414,False,0.12852275371551514,False,0.27310916781425476,False
3831,p0n4316,108,1.4166666666666667,0.08333333333333333,143416.0,40.0,E-3,51,1,0,0.6065765619277954,True,0.5157246589660645,True,0.31444475054740906,False
3832,p0n4317,108,1.5,0.08333333333333333,143456.0,40.0,A3,57,1,0,0.5676034092903137,True,0.44483262300491333,False,0.38670745491981506,False
3833,p0n4318,108,1.5,0.25,143456.0,120.0,B-2,46,2,0,0.6662831902503967,True,0.3853504955768585,False,0.2850792407989502,False
3834,p0n4319,108,1.5833333333333333,0.08333333333333333,143496.0,40.0,E-3,51,1,0,0.5996106863021851,True,0.4828052520751953,False,0.32368212938308716,False
3835,p0n4320,108,1.6666666666666667,0.08333333333333333,143536.0,40.0,D-3,49,1,0,0.44510796666145325,False,0.1133616492152214,False,0.2704484760761261,False
3836,p0n4321,108,1.75,0.08333333333333333,143576.0,40.0,A2,45,1,0,0.5590581893920898,True,0.5089735388755798,True,0.4053208529949188,False
3837,p0n4322,108,1.75,0.25,143576.0,120.0,E-2,39,2,0,0.5743359923362732,True,0.2869013249874115,False,0.3012060821056366,False
3838,p0n4323,108,1.8333333333333333,0.08333333333333333,143616.0,40.0,D-3,49,1,0,0.38298672437667847,False,0.12379086762666702,False,0.2724860608577728,False
3839,p0n4324,108,1.9166666666666667,0.08333333333333333,143656.0,40.0,E-3,51,1,0,0.541984498500824,True,0.5205561518669128,True,0.3182036578655243,False
3840,p0n4325,108,2.0,0.08333333333333333,143696.0,40.0,A3,57,1,0,0.5229201912879944,True,0.4227248728275299,False,0.37273046374320984,False
3841,p0n4326,108,2.0,0.5,143696.0,240.0,B-1,34,2,0,0.836142361164093,True,0.4821875989437103,False,0.33899661898612976,False
3842,p0n4328,108,2.0833333333333335,0.08333333333333333,143736.0,40.0,E-3,51,1,0,0.5911957025527954,True,0.39880797266960144,False,0.310059130191803,False
3843,p0n4329,108,2.1666666666666665,0.08333333333333333,143776.0,40.0,D-3,49,1,0,0.3860380947589874,False,0.12239241600036621,False,0.27149856090545654,False
3844,p0n4330,108,2.25,0.08333333333333333,143816.0,40.0,A2,45,1,0,0.6290174722671509,True,0.5815779566764832,True,0.4513605535030365,False
3845,p0n4331,108,2.3333333333333335,0.08333333333333333,143856.0,40.0,D-3,49,1,0,0.4124378561973572,False,0.12349136173725128,False,0.2726036012172699,False
3846,p0n4332,108,2.4166666666666665,0.08333333333333333,143896.0,40.0,E-3,51,1,0,0.5345608592033386,True,0.35088789463043213,False,0.3077356219291687,False
3847,p0n4334,108,2.5,1.0,143936.0,480.0,B-3,58,2,0,0.5673127174377441,True,0.28531748056411743,False,0.29845094680786133,False
3848,p0n4333,108,2.5,0.08333333333333333,143936.0,40.0,A3,57,1,0,0.2028575837612152,False,0.211244136095047,False,0.30298474431037903,False
3849,p0n4336,108,2.5833333333333335,0.08333333333333333,143976.0,40.0,E-3,51,1,0,0.589349091053009,True,0.23610450327396393,False,0.2858675718307495,False
3850,p0n4337,108,2.6666666666666665,0.08333333333333333,144016.0,40.0,D-3,49,1,0,0.33339622616767883,False,0.12057781219482422,False,0.2710851728916168,False
3851,p0n4338,108,2.75,0.08333333333333333,144056.0,40.0,A2,45,1,0,0.6113081574440002,True,0.6419798135757446,True,0.43541261553764343,False
3852,p0n4339,108,2.8333333333333335,0.08333333333333333,144096.0,40.0,D-3,49,1,0,0.2858707308769226,False,0.12394632399082184,False,0.2720189392566681,False
3853,p0n4340,108,2.9166666666666665,0.08333333333333333,144136.0,40.0,E-3,51,1,0,0.6258895993232727,True,0.2339562475681305,False,0.29129132628440857,False
3854,p0n4341,108,3.0,1.0,144176.0,480.0,G3,55,1,0,0.270486056804657,False,0.22049450874328613,False,0.3008933961391449,False
3855,p0n4342,108,3.0,0.08333333333333333,144176.0,40.0,G3,55,1,0,0.3702203333377838,False,0.20928668975830078,False,0.29815009236335754,False
3856,p0n4344,108,3.0833333333333335,0.08333333333333333,144216.0,40.0,E-3,51,1,0,0.6503618955612183,True,0.2855176627635956,False,0.29086002707481384,False
3857,p0n4345,108,3.1666666666666665,0.08333333333333333,144256.0,40.0,D-3,49,1,0,0.3644072711467743,False,0.12583580613136292,False,0.27189239859580994,False
3858,p0n4346,108,3.25,0.08333333333333333,144296.0,40.0,G2,43,1,0,0.5109858512878418,True,0.38575321435928345,False,0.32097741961479187,False
3859,p0n4347,108,3.3333333333333335,0.08333333333333333,144336.0,40.0,D-3,49,1,0,0.2965853810310364,False,0.12199076265096664,False,0.2716200351715088,False
3860,p0n4348,108,3.4166666666666665,0.08333333333333333,144376.0,40.0,E-3,51,1,0,0.6085957288742065,True,0.27514252066612244,False,0.2979704737663269,False
3861,p0n4350,108,3.5,0.5,144416.0,240.0,E-4,63,2,0,0.770139217376709,True,0.40466803312301636,False,0.3215393126010895,False
3862,p0n4349,108,3.5,0.08333333333333333,144416.0,40.0,G3,55,1,0,0.5522053837776184,True,0.2668982148170471,False,0.31086063385009766,False
3863,p0n4351,108,3.5833333333333335,0.08333333333333333,144456.0,40.0,E-3,51,1,0,0.7981855869293213,True,0.27741721272468567,False,0.28952136635780334,False
3864,p0n4352,108,3.6666666666666665,0.08333333333333333,144496.0,40.0,D-3,49,1,0,0.4365036189556122,False,0.12895983457565308,False,0.27246764302253723,False
3865,p0n4353,108,3.75,0.08333333333333333,144536.0,40.0,G2,43,1,0,0.4969114065170288,False,0.1852014809846878,False,0.29378435015678406,False
3866,p0n4354,108,3.8333333333333335,0.08333333333333333,144576.0,40.0,D-3,49,1,0,0.2825472056865692,False,0.1298370659351349,False,0.27295711636543274,False
3867,p0n4355,108,3.9166666666666665,0.08333333333333333,144616.0,40.0,E-3,51,1,0,0.6587834358215332,True,0.27439332008361816,False,0.30278754234313965,False
3868,p0n4360,109,0.125,0.125,144716.0,60.0,D-3,49,1,0,0.22405417263507843,False,0.11722763627767563,False,0.27058812975883484,False
3869,p0n4361,109,0.25,0.125,144776.0,60.0,E-3,51,1,0,0.6626138687133789,True,0.23458385467529297,False,0.29177477955818176,False
3870,p0n4362,109,0.25,0.25,144776.0,120.0,E-2,39,2,0,0.6530593037605286,True,0.19486114382743835,False,0.2899065315723419,False
3871,p0n4363,109,0.375,0.125,144836.0,60.0,D-3,49,1,0,0.2610791325569153,False,0.11017046868801117,False,0.26968851685523987,False
3872,p0n4364,109,0.5,0.125,144896.0,60.0,E-3,51,1,0,0.6010202765464783,True,0.20927754044532776,False,0.2867574393749237,False
3873,p0n4365,109,0.5,0.25,144896.0,120.0,B-2,46,2,0,0.9135224223136902,True,0.4405488967895508,False,0.3164606988430023,False
3874,p0n4366,109,0.625,0.125,144956.0,60.0,D-3,49,1,0,0.23256096243858337,False,0.11178356409072876,False,0.2699539065361023,False
3875,p0n4367,109,0.75,0.125,145016.0,60.0,E-3,51,1,0,0.6825245022773743,True,0.21908269822597504,False,0.28739678859710693,False
3876,p0n4368,109,0.75,0.25,145016.0,120.0,E-2,39,2,0,0.6885086297988892,True,0.18861150741577148,False,0.2879962623119354,False
3877,p0n4369,109,0.875,0.125,145076.0,60.0,D-3,49,1,0,0.23514911532402039,False,0.11315066367387772,False,0.26993879675865173,False
3878,p0n4370,109,1.0,0.125,145136.0,60.0,E-3,51,1,0,0.6551510691642761,True,0.22523583471775055,False,0.28749018907546997,False
3879,p0n4371,109,1.0,0.25,145136.0,120.0,B-1,34,2,0,0.8350928425788879,True,0.4776808023452759,False,0.33503425121307373,False
3880,p0n4372,109,1.125,0.125,145196.0,60.0,D-3,49,1,0,0.2630480229854584,False,0.11240808665752411,False,0.27005717158317566,False
3881,p0n4373,109,1.25,0.125,145256.0,60.0,E-3,51,1,0,0.6506810188293457,True,0.20911353826522827,False,0.2861306071281433,False
3882,p0n4374,109,1.25,0.25,145256.0,120.0,E-2,39,2,0,0.6489002108573914,True,0.16836929321289062,False,0.2850709557533264,False
3883,p0n4375,109,1.375,0.125,145316.0,60.0,D-3,49,1,0,0.2714356780052185,False,0.11125657707452774,False,0.2698877453804016,False
3884,p0n4376,109,1.5,0.125,145376.0,60.0,E-3,51,1,0,0.6303517818450928,True,0.2222999632358551,False,0.28695154190063477,False
3885,p0n4377,109,1.5,0.25,145376.0,120.0,B-2,46,2,0,0.9265360236167908,True,0.43873023986816406,False,0.31449270248413086,False
3886,p0n4378,109,1.625,0.125,145436.0,60.0,D-3,49,1,0,0.25571000576019287,False,0.11246515065431595,False,0.2700238525867462,False
3887,p0n4379,109,1.75,0.125,145496.0,60.0,E-3,51,1,0,0.678833544254303,True,0.21818523108959198,False,0.28723615407943726,False
3888,p0n4380,109,1.75,0.25,145496.0,120.0,E-2,39,2,0,0.6538381576538086,True,0.17833104729652405,False,0.2867801785469055,False
3889,p0n4381,109,1.875,0.125,145556.0,60.0,D-3,49,1,0,0.2415270358324051,False,0.11299865692853928,False,0.2699246108531952,False
3890,p0n4382,109,2.0,0.125,145616.0,60.0,E-3,51,1,0,0.6532799005508423,True,0.22477325797080994,False,0.2874244451522827,False
3891,p0n4383,109,2.0,0.25,145616.0,120.0,B-1,34,2,0,0.8348983526229858,True,0.4725075364112854,False,0.3366946876049042,False
3892,p0n4384,109,2.125,0.125,145676.0,60.0,D-3,49,1,0,0.262464314699173,False,0.11240320652723312,False,0.2700389325618744,False
3893,p0n4385,109,2.25,0.125,145736.0,60.0,E-3,51,1,0,0.6509526371955872,True,0.21171219646930695,False,0.28614649176597595,False
3894,p0n4386,109,2.25,0.25,145736.0,120.0,E-2,39,2,0,0.6855592727661133,True,0.2149273157119751,False,0.2875175178050995,False
3895,p0n4387,109,2.375,0.125,145796.0,60.0,D-3,49,1,0,0.2574290931224823,False,0.11150401830673218,False,0.26984626054763794,False
3896,p0n4388,109,2.5,0.125,145856.0,60.0,E-3,51,1,0,0.663178026676178,True,0.22740843892097473,False,0.28777649998664856,False
3897,p0n4389,109,2.5,0.25,145856.0,120.0,B-2,46,2,0,0.9275833964347839,True,0.4241553246974945,False,0.30997422337532043,False
3898,p0n4390,109,2.625,0.125,145916.0,60.0,D-3,49,1,0,0.2573373019695282,False,0.11510708928108215,False,0.27032098174095154,False
3899,p0n4391,109,2.75,0.125,145976.0,60.0,E-3,51,1,0,0.6618579030036926,True,0.21185317635536194,False,0.2870243787765503,False
3900,p0n4392,109,2.75,0.25,145976.0,120.0,E-2,39,2,0,0.6946722865104675,True,0.27419987320899963,False,0.29983365535736084,False
3901,p0n4393,109,2.875,0.125,146036.0,60.0,D-3,49,1,0,0.18818843364715576,False,0.12142591178417206,False,0.27071574330329895,False
3902,p0n4394,109,3.0,3.5,146096.0,1680.0,G2,43,1,0,0.6184868812561035,True,0.5780876278877258,True,0.43271562457084656,False
3903,p0n4395,109,3.0,0.25,146096.0,120.0,B-1,34,2,0,0.8020420074462891,True,0.4647941291332245,False,0.33264708518981934,False
3904,p0n4397,109,3.125,0.125,146156.0,60.0,D-3,49,1,0,0.22466035187244415,False,0.11799818277359009,False,0.2706391513347626,False
3905,p0n4398,109,3.25,0.125,146216.0,60.0,E-3,51,1,0,0.6808180212974548,True,0.23185862600803375,False,0.2897336184978485,False
3906,p0n4399,109,3.25,0.25,146216.0,120.0,E-2,39,2,0,0.6381587386131287,True,0.25736337900161743,False,0.29605162143707275,False
3907,p0n4400,109,3.375,0.125,146276.0,60.0,D-3,49,1,0,0.25418952107429504,False,0.11229871213436127,False,0.26991161704063416,False
3908,p0n4401,109,3.5,0.125,146336.0,60.0,E-3,51,1,0,0.6226222515106201,True,0.231455460190773,False,0.2864396274089813,False
3909,p0n4402,109,3.5,0.25,146336.0,120.0,B-2,46,2,0,0.929848313331604,True,0.4197705090045929,False,0.3117244243621826,False
3910,p0n4403,109,3.625,0.125,146396.0,60.0,D-3,49,1,0,0.1990499198436737,False,0.11393213272094727,False,0.27005720138549805,False
3911,p0n4404,109,3.75,0.125,146456.0,60.0,E-3,51,1,0,0.7098099589347839,True,0.23140010237693787,False,0.2907242774963379,False
3912,p0n4405,109,3.75,0.25,146456.0,120.0,E-2,39,2,0,0.6949455738067627,True,0.2431887686252594,False,0.29450368881225586,False
3913,p0n4406,109,3.875,0.125,146516.0,60.0,D-3,49,1,0,0.23158712685108185,False,0.11367281526327133,False,0.2697973847389221,False
3914,p0n4408,110,0.0,2.0,146576.0,960.0,G3,55,1,0,0.4628782868385315,False,0.2574000060558319,False,0.30834513902664185,False
3915,p0n4409,110,0.0,0.125,146576.0,60.0,E-3,51,1,0,0.6271709203720093,True,0.22724638879299164,False,0.288089394569397,False
3916,p0n4410,110,0.0,0.25,146576.0,120.0,B-1,34,2,0,0.8180555105209351,True,0.4640771150588989,False,0.33097487688064575,False
3917,p0n4412,110,0.125,0.125,146636.0,60.0,D-3,49,1,0,0.2500244677066803,False,0.11324569582939148,False,0.2700413465499878,False
3918,p0n4413,110,0.25,0.125,146696.0,60.0,E-3,51,1,0,0.6323855519294739,True,0.21687592566013336,False,0.28674209117889404,False
3919,p0n4414,110,0.25,0.25,146696.0,120.0,E-2,39,2,0,0.6461127996444702,True,0.22381682693958282,False,0.29096248745918274,False
3920,p0n4415,110,0.375,0.125,146756.0,60.0,D-3,49,1,0,0.2489338517189026,False,0.11197914928197861,False,0.26982980966567993,False
3921,p0n4416,110,0.5,0.125,146816.0,60.0,E-3,51,1,0,0.6197035908699036,True,0.2309763878583908,False,0.2879815697669983,False
3922,p0n4417,110,0.5,0.25,146816.0,120.0,B-2,46,2,0,0.9320343136787415,True,0.4421299397945404,False,0.30933675169944763,False
3923,p0n4418,110,0.625,0.125,146876.0,60.0,D-3,49,1,0,0.23457065224647522,False,0.11311948299407959,False,0.2699417173862457,False
3924,p0n4419,110,0.75,0.125,146936.0,60.0,E-3,51,1,0,0.6661972999572754,True,0.22538688778877258,False,0.2881542444229126,False
3925,p0n4420,110,0.75,0.25,146936.0,120.0,E-2,39,2,0,0.6794390082359314,True,0.2272966355085373,False,0.29377928376197815,False
3926,p0n4421,110,0.875,0.125,146996.0,60.0,D-3,49,1,0,0.22327713668346405,False,0.11348166316747665,False,0.26984888315200806,False
3927,p0n4422,110,1.0,0.125,147056.0,60.0,E-3,51,1,0,0.6256523728370667,True,0.22824464738368988,False,0.287958025932312,False
3928,p0n4423,110,1.0,0.25,147056.0,120.0,B-1,34,2,0,0.8221872448921204,True,0.4348876178264618,False,0.33078494668006897,False
3929,p0n4424,110,1.125,0.125,147116.0,60.0,D-3,49,1,0,0.2178514450788498,False,0.11338774859905243,False,0.2698979079723358,False
3930,p0n4425,110,1.25,0.125,147176.0,60.0,E-3,51,1,0,0.6707080006599426,True,0.20683330297470093,False,0.2862159311771393,False
3931,p0n4426,110,1.25,0.25,147176.0,120.0,E-2,39,2,0,0.6096585392951965,True,0.20162123441696167,False,0.28681063652038574,False
3932,p0n4427,110,1.375,0.125,147236.0,60.0,D-3,49,1,0,0.250279039144516,False,0.11197253316640854,False,0.2697524428367615,False
3933,p0n4428,110,1.5,0.125,147296.0,60.0,E-3,51,1,0,0.5626833438873291,True,0.19826869666576385,False,0.2830243706703186,False
3934,p0n4429,110,1.5,0.25,147296.0,120.0,B-2,46,2,0,0.9291003942489624,True,0.45614078640937805,False,0.3120691180229187,False
3935,p0n4430,110,1.625,0.125,147356.0,60.0,D-3,49,1,0,0.26814591884613037,False,0.11185779422521591,False,0.2698347568511963,False
3936,p0n4431,110,1.75,0.125,147416.0,60.0,E-3,51,1,0,0.5992627143859863,True,0.1606646180152893,False,0.28230491280555725,False
3937,p0n4432,110,1.75,0.25,147416.0,120.0,E-2,39,2,0,0.6265490055084229,True,0.34405097365379333,False,0.3120451867580414,False
3938,p0n4433,110,1.875,0.125,147476.0,60.0,D-3,49,1,0,0.2446596473455429,False,0.11261605471372604,False,0.2697375416755676,False
3939,p0n4435,110,2.0,0.125,147536.0,60.0,E-3,51,1,0,0.6152240633964539,True,0.16806568205356598,False,0.28160059452056885,False
3940,p0n4436,110,2.0,0.25,147536.0,120.0,B-1,34,2,0,0.7658848166465759,True,0.5042468905448914,True,0.4786919951438904,False
3941,p0n4437,110,2.125,0.125,147596.0,60.0,D-3,49,1,0,0.299039363861084,False,0.11566699296236038,False,0.270506352186203,False
3942,p0n4438,110,2.25,0.125,147656.0,60.0,E-3,51,1,0,0.5488417148590088,True,0.16798758506774902,False,0.2821265161037445,False
3943,p0n4439,110,2.25,0.25,147656.0,120.0,E-2,39,2,0,0.7015552520751953,True,0.4210570752620697,False,0.33359912037849426,False
3944,p0n4440,110,2.375,0.125,147716.0,60.0,D-3,49,1,0,0.24305686354637146,False,0.11718320846557617,False,0.27009081840515137,False
3945,p0n4442,110,2.5,0.5,147776.0,240.0,F3,53,1,0,0.21009467542171478,False,0.1663154810667038,False,0.277921587228775,False
3946,p0n4443,110,2.5,0.25,147776.0,120.0,B-2,46,2,0,0.8904496431350708,True,0.30780303478240967,False,0.2860732078552246,False
3947,p0n4441,110,2.5,0.5,147776.0,240.0,F2,41,1,0,0.4705430865287781,False,0.21051697432994843,False,0.2880427837371826,False
3948,p0n4445,110,2.625,0.125,147836.0,60.0,D-3,49,1,0,0.2340218871831894,False,0.1286153495311737,False,0.27210381627082825,False
3949,p0n4446,110,2.75,0.125,147896.0,60.0,E-3,51,1,0,0.4561341404914856,False,0.15050652623176575,False,0.2865859270095825,False
3950,p0n4447,110,2.75,0.25,147896.0,120.0,E-2,39,2,0,0.5364233255386353,True,0.3243671655654907,False,0.31267786026000977,False
3951,p0n4448,110,2.875,0.125,147956.0,60.0,D-3,49,1,0,0.1984461545944214,False,0.12526321411132812,False,0.27124932408332825,False
3952,p0n4450,110,3.0,0.125,148016.0,60.0,E-3,51,1,0,0.560504674911499,True,0.1400638371706009,False,0.28051790595054626,False
3953,p0n4451,110,3.0,0.25,148016.0,120.0,B-1,34,2,0,0.9158951640129089,True,0.6723301410675049,True,0.5543006658554077,True
3954,p0n4452,110,3.125,0.125,148076.0,60.0,D-3,49,1,0,0.24846388399600983,False,0.1252007633447647,False,0.2716442942619324,False
3955,p0n4453,110,3.25,0.125,148136.0,60.0,E-3,51,1,0,0.4738975167274475,False,0.13879390060901642,False,0.28490257263183594,False
3956,p0n4454,110,3.25,0.25,148136.0,120.0,E-2,39,2,0,0.5128300189971924,True,0.2437196969985962,False,0.3017187714576721,False
3957,p0n4455,110,3.375,0.125,148196.0,60.0,D-3,49,1,0,0.3081318140029907,False,0.12831291556358337,False,0.2722169756889343,False
3958,p0n4456,110,3.5,0.125,148256.0,60.0,E-3,51,1,0,0.3416760563850403,False,0.12715642154216766,False,0.2833484411239624,False
3959,p0n4457,110,3.5,0.25,148256.0,120.0,B-2,46,2,0,0.9020481109619141,True,0.27330633997917175,False,0.2911445200443268,False
3960,p0n4458,110,3.625,0.125,148316.0,60.0,D-3,49,1,0,0.2662622332572937,False,0.12635430693626404,False,0.27183181047439575,False
3961,p0n4459,110,3.75,0.125,148376.0,60.0,E-3,51,1,0,0.5030496716499329,True,0.17034439742565155,False,0.2822858691215515,False
3962,p0n4460,110,3.75,0.25,148376.0,120.0,E-2,39,2,0,0.6942601799964905,True,0.29642364382743835,False,0.3036714196205139,False
3963,p0n4461,110,3.875,0.125,148436.0,60.0,D-3,49,1,0,0.2597934901714325,False,0.13366089761257172,False,0.27287933230400085,False
3964,p0n4462,111,0.0,1.5,148496.0,720.0,C6,84,1,0,0.4159737825393677,False,0.16021789610385895,False,0.2843332886695862,False
3965,p0n4463,111,0.0,0.125,148496.0,60.0,A1,33,2,0,0.4662470519542694,False,0.37977370619773865,False,0.3566058576107025,False
3966,p0n4465,111,0.125,0.125,148556.0,60.0,E2,40,2,0,0.285586953163147,False,0.21506282687187195,False,0.2949499487876892,False
3967,p0n4466,111,0.25,0.125,148616.0,60.0,G2,43,2,0,0.69560706615448,True,0.4622002840042114,False,0.36363711953163147,False
3968,p0n4467,111,0.375,0.125,148676.0,60.0,A2,45,2,0,0.539099931716919,True,0.7860363125801086,True,0.5980743169784546,True
3969,p0n4468,111,0.5,0.125,148736.0,60.0,E3,52,2,0,0.09089366346597672,False,0.1666828989982605,False,0.2817082405090332,False
3970,p0n4469,111,0.625,0.125,148796.0,60.0,G3,55,2,0,0.8193849921226501,True,0.5951499938964844,True,0.4858306050300598,False
3971,p0n4470,111,0.75,0.125,148856.0,60.0,E3,52,2,0,0.19440202414989471,False,0.18979471921920776,False,0.28690385818481445,False
3972,p0n4471,111,0.875,0.125,148916.0,60.0,C#3,49,2,0,0.3398759663105011,False,0.2696315050125122,False,0.30662161111831665,False
3973,p0n4472,111,1.0,0.125,148976.0,60.0,A2,45,2,0,0.7828572392463684,True,0.9197161793708801,True,0.7109667062759399,True
3974,p0n4473,111,1.125,0.125,149036.0,60.0,E3,52,2,0,0.0721205472946167,False,0.1517314463853836,False,0.2792348563671112,False
3975,p0n4474,111,1.25,0.125,149096.0,60.0,G3,55,2,0,0.8807858824729919,True,0.578831136226654,True,0.4790748357772827,False
3976,p0n4475,111,1.375,0.125,149156.0,60.0,C4,60,2,0,0.356963187456131,False,0.19041216373443604,False,0.2888450622558594,False
3977,p0n4476,111,1.5,1.5,149216.0,720.0,F#6,90,1,0,0.865066409111023,True,0.6754419803619385,True,0.3400943875312805,False
3978,p0n4477,111,1.5,0.125,149216.0,60.0,E4,64,2,0,0.011033205315470695,False,0.13978591561317444,False,0.2771253287792206,False
3979,p0n4478,111,1.625,0.125,149276.0,60.0,G4,67,2,0,0.76595139503479,True,0.7133750915527344,True,0.5352689623832703,True
3980,p0n4479,111,1.75,0.125,149336.0,60.0,E4,64,2,0,0.010906684212386608,False,0.13978490233421326,False,0.27713528275489807,False
3981,p0n4480,111,1.875,0.125,149396.0,60.0,C4,60,2,0,0.6500887274742126,True,0.7429907321929932,True,0.3972114324569702,False
3982,p0n4481,111,2.0,0.08333333333333333,149456.0,40.0,A3,57,2,0,0.8144252896308899,True,0.8075540065765381,True,0.5972049236297607,True
3983,p0n4482,111,2.0833333333333335,0.08333333333333333,149496.0,40.0,E4,64,2,0,0.013618247583508492,False,0.14060714840888977,False,0.2772734463214874,False
3984,p0n4483,111,2.1666666666666665,0.08333333333333333,149536.0,40.0,G4,67,2,0,0.8838269114494324,True,0.5365225672721863,True,0.4540083706378937,False
3985,p0n4484,111,2.25,0.08333333333333333,149576.0,40.0,C5,72,2,0,0.6579890251159668,True,0.5625704526901245,True,0.3892258405685425,False
3986,p0n4485,111,2.3333333333333335,0.08333333333333333,149616.0,40.0,E5,76,2,0,0.09841246902942657,False,0.15849485993385315,False,0.28100940585136414,False
3987,p0n4486,111,2.4166666666666665,0.08333333333333333,149656.0,40.0,G5,79,2,0,0.5508719086647034,True,0.5930471420288086,True,0.3784903883934021,False
3988,p0n4487,111,2.5,0.08333333333333333,149696.0,40.0,E5,76,2,0,0.10427292436361313,False,0.15749983489513397,False,0.28108125925064087,False
3989,p0n4488,111,2.5833333333333335,0.08333333333333333,149736.0,40.0,C5,72,2,0,0.8141123652458191,True,0.6653397083282471,True,0.5224046111106873,True
3990,p0n4489,111,2.6666666666666665,0.08333333333333333,149776.0,40.0,A4,69,2,0,0.8515778183937073,True,0.8407741785049438,True,0.6067633032798767,True
3991,p0n4490,111,2.75,0.08333333333333333,149816.0,40.0,C5,72,2,0,0.7513870000839233,True,0.5469596982002258,True,0.3835430443286896,False
3992,p0n4491,111,2.8333333333333335,0.08333333333333333,149856.0,40.0,E5,76,2,0,0.0860571414232254,False,0.15300621092319489,False,0.2801249027252197,False
3993,p0n4492,111,2.9166666666666665,0.08333333333333333,149896.0,40.0,G5,79,2,0,0.8413830399513245,True,0.5508780479431152,True,0.40370461344718933,False
3994,p0n4493,112,0.0,0.09166666666666666,149936.0,44.0,G6,91,1,0,0.856059193611145,True,0.383994460105896,False,0.36306649446487427,False
3995,p0n4494,112,0.016666666666666666,0.5,149944.0,240.0,C6,84,2,0,0.5032668709754944,True,0.2028309553861618,False,0.30303269624710083,False
3996,p0n4497,112,0.09166666666666666,0.09166666666666666,149980.0,44.0,E-6,87,1,0,0.564769446849823,True,0.07632412761449814,False,0.27983683347702026,False
3997,p0n4498,112,0.18333333333333332,0.09166666666666666,150024.0,44.0,C6,84,1,0,0.40526995062828064,False,0.18537171185016632,False,0.29011958837509155,False
3998,p0n4499,112,0.275,0.09166666666666666,150068.0,44.0,A5,81,1,0,0.6376985907554626,True,0.8515779972076416,True,0.5930159687995911,True
3999,p0n4500,112,0.36666666666666664,0.09166666666666666,150112.0,44.0,G5,79,2,0,0.7231050133705139,True,0.4704551100730896,False,0.37246042490005493,False
4000,p0n4501,112,0.4583333333333333,0.09166666666666666,150156.0,44.0,E-5,75,2,0,0.5731449723243713,True,0.1792939305305481,False,0.27306076884269714,False
4001,p0n4503,112,0.55,0.09166666666666666,150200.0,44.0,C5,72,2,0,0.6036800146102905,True,0.506758451461792,True,0.3693408668041229,False
4002,p0n4504,112,0.6416666666666667,0.09166666666666666,150244.0,44.0,A4,69,2,0,0.7091310620307922,True,0.8507895469665527,True,0.5434859395027161,True
4003,p0n4505,112,0.7333333333333333,0.09166666666666666,150288.0,44.0,G4,67,1,0,0.8399319052696228,True,0.4763070344924927,False,0.3322509825229645,False
4004,p0n4506,112,0.825,0.09166666666666666,150332.0,44.0,C5,72,1,0,0.5911480784416199,True,0.5752992630004883,True,0.37706997990608215,False
4005,p0n4507,112,0.9166666666666666,0.09166666666666666,150376.0,44.0,E-5,75,1,0,0.40861549973487854,False,0.1431635618209839,False,0.286996066570282,False
4006,p0n4510,112,1.1,0.09166666666666666,150464.0,44.0,E-5,75,1,0,0.4792098104953766,False,0.13033504784107208,False,0.2844236195087433,False
4007,p0n4511,112,1.1916666666666667,0.09166666666666666,150508.0,44.0,C5,72,1,0,0.6641960144042969,True,0.6930027008056641,True,0.40542125701904297,False
4008,p0n4512,112,1.2833333333333334,0.09166666666666666,150552.0,44.0,A4,69,1,0,0.6351280808448792,True,0.6978543400764465,True,0.4600881040096283,False
4009,p0n4513,112,1.375,0.09166666666666666,150596.0,44.0,G4,67,2,0,0.6316605806350708,True,0.49740147590637207,False,0.32834360003471375,False
4010,p0n4514,112,1.4666666666666666,0.09166666666666666,150640.0,44.0,E-4,63,2,0,0.8626965284347534,True,0.39334362745285034,False,0.31509947776794434,False
4011,p0n4515,112,1.5583333333333333,0.09166666666666666,150684.0,44.0,C4,60,2,0,0.6132266521453857,True,0.752826988697052,True,0.4970110356807709,False
4012,p0n4516,112,1.65,0.09166666666666666,150728.0,44.0,A3,57,2,0,0.8668063879013062,True,0.8725667595863342,True,0.6768201589584351,True
4013,p0n4517,112,1.7416666666666667,0.09166666666666666,150772.0,44.0,G3,55,1,0,0.9118828177452087,True,0.6539996862411499,True,0.4542344808578491,False
4014,p0n4518,112,1.8333333333333333,0.09166666666666666,150816.0,44.0,C4,60,1,0,0.6075154542922974,True,0.6367954015731812,True,0.3610454499721527,False
4015,p0n4519,112,1.925,0.09166666666666666,150860.0,44.0,E-4,63,1,0,0.762366771697998,True,0.23474571108818054,False,0.28813880681991577,False
4016,p0n4520,112,2.0166666666666666,0.06666666666666667,150904.0,32.0,G4,67,1,0,0.6578721404075623,True,0.4699348509311676,False,0.3437422215938568,False
4017,p0n4523,112,2.0833333333333335,0.06666666666666667,150936.0,32.0,E-4,63,1,0,0.7107038497924805,True,0.2357606142759323,False,0.291574090719223,False
4018,p0n4525,112,2.15,0.06666666666666667,150968.0,32.0,C4,60,1,0,0.5875579118728638,True,0.6011650562286377,True,0.3747555613517761,False
4019,p0n4527,112,2.216666666666667,0.06666666666666667,151000.0,32.0,A3,57,1,0,0.8084415197372437,True,0.6558200716972351,True,0.5526735782623291,True
4020,p0n4531,112,2.35,0.06666666666666667,151064.0,32.0,E-3,51,2,0,0.6152230501174927,True,0.1750047653913498,False,0.2793772518634796,False
4021,p0n4533,112,2.4166666666666665,0.06666666666666667,151096.0,32.0,C3,48,2,0,0.6564157009124756,True,0.5873100757598877,True,0.4899521470069885,False
4022,p0n4535,112,2.4833333333333334,0.06666666666666667,151128.0,32.0,A2,45,2,0,0.5509669780731201,True,0.8174106478691101,True,0.6634745597839355,True
4023,p0n4541,112,2.6166666666666667,0.06666666666666667,151192.0,32.0,C3,48,1,0,0.9005024433135986,True,0.5947267413139343,True,0.5059193968772888,True
4024,p0n4545,112,2.683333333333333,0.06666666666666667,151224.0,32.0,E-3,51,1,0,0.6231653094291687,True,0.16873136162757874,False,0.2860696017742157,False
4025,p0n4560,112,2.966666666666667,0.05,151360.0,24.0,A1,33,2,0,0.6173108816146851,True,0.6804957985877991,True,0.4782296419143677,False
4026,p0n4563,113,0.0,0.125,151384.0,60.0,A1,33,2,0,0.6486789584159851,True,0.6855297088623047,True,0.4841323792934418,False
4027,p0n4564,113,0.125,0.125,151444.0,60.0,E2,40,2,0,0.37223365902900696,False,0.22282113134860992,False,0.2979433238506317,False
4028,p0n4565,113,0.25,0.125,151504.0,60.0,G2,43,2,0,0.46609172224998474,False,0.28827884793281555,False,0.3165578544139862,False
4029,p0n4566,113,0.375,0.125,151564.0,60.0,A2,45,2,0,0.6152049899101257,True,0.7509099245071411,True,0.6446868777275085,True
4030,p0n4567,113,0.5,0.125,151624.0,60.0,E3,52,2,0,0.045093029737472534,False,0.14938554167747498,False,0.2785155773162842,False
4031,p0n4568,113,0.625,0.125,151684.0,60.0,C#3,49,2,0,0.6864305138587952,True,0.5641271471977234,True,0.4463656544685364,False
4032,p0n4569,113,0.75,0.125,151744.0,60.0,G2,43,2,0,0.6125253438949585,True,0.5052385926246643,True,0.45330172777175903,False
4033,p0n4570,113,0.875,0.125,151804.0,60.0,E2,40,2,0,0.30316445231437683,False,0.20113228261470795,False,0.29177361726760864,False
4034,p0n4571,113,1.0,0.125,151864.0,60.0,A1,33,2,0,0.6448928117752075,True,0.6142151355743408,True,0.4053386449813843,False
4035,p0n4572,113,1.125,0.125,151924.0,60.0,E2,40,2,0,0.17828267812728882,False,0.1727532595396042,False,0.28402256965637207,False
4036,p0n4573,113,1.25,0.125,151984.0,60.0,G2,43,2,0,0.6820130944252014,True,0.45965397357940674,False,0.2953687906265259,False
4037,p0n4574,113,1.375,0.125,152044.0,60.0,C#3,49,2,0,0.7563877701759338,True,0.5971385836601257,True,0.4576517343521118,False
4038,p0n4576,113,1.5,0.125,152104.0,60.0,E3,52,2,0,0.06020023673772812,False,0.1535917967557907,False,0.2793096601963043,False
4039,p0n4577,113,1.625,0.125,152164.0,60.0,G3,55,2,0,0.8026058673858643,True,0.7307351231575012,True,0.3983038067817688,False
4040,p0n4578,113,1.75,0.125,152224.0,60.0,E3,52,2,0,0.08677052706480026,False,0.16110830008983612,False,0.2807179391384125,False
4041,p0n4579,113,1.875,0.125,152284.0,60.0,C#3,49,2,0,0.6761499047279358,True,0.590464174747467,True,0.5806393623352051,True
4042,p0n4580,113,2.0,0.11041666666666666,152344.0,53.0,A2,45,2,0,0.6269689798355103,True,0.810880184173584,True,0.6584636569023132,True
4043,p0n4581,113,2.1104166666666666,0.11041666666666666,152397.0,53.0,C#3,49,2,0,0.6509126424789429,True,0.5553612112998962,True,0.41396528482437134,False
4044,p0n4582,113,2.220833333333333,0.11041666666666666,152450.0,53.0,E3,52,2,0,0.08291918784379959,False,0.15775594115257263,False,0.28019979596138,False
4045,p0n4583,113,2.33125,0.11041666666666666,152503.0,53.0,G3,55,2,0,0.8463743925094604,True,0.7434879541397095,True,0.4159868061542511,False
4046,p0n4584,113,2.441666666666667,0.11041666666666666,152556.0,53.0,A3,57,2,0,0.6841992139816284,True,0.5983738899230957,True,0.43563199043273926,False
4047,p0n4585,113,2.5520833333333335,0.11041666666666666,152609.0,53.0,C4,60,2,0,0.8210656046867371,True,0.6724883317947388,True,0.402204304933548,False
4048,p0n4586,113,2.6625,0.11041666666666666,152662.0,53.0,E4,64,2,0,0.014415108598768711,False,0.14061640202999115,False,0.2771986722946167,False
4049,p0n4587,113,2.7729166666666667,0.11041666666666666,152715.0,53.0,G4,67,2,0,0.655807375907898,True,0.32773977518081665,False,0.3130914270877838,False
4050,p0n4588,113,2.8833333333333333,0.11041666666666666,152768.0,53.0,C5,72,2,0,0.6494689583778381,True,0.3024010956287384,False,0.32576316595077515,False
4051,p0n4590,114,0.008333333333333333,0.25,152828.0,120.0,E-5,75,2,0,0.19642150402069092,False,0.11765463650226593,False,0.2834383547306061,False
4052,p0n4593,114,0.09166666666666666,0.09166666666666666,152868.0,44.0,E-5,75,1,0,0.24730002880096436,False,0.11109276860952377,False,0.2824857532978058,False
4053,p0n4594,114,0.18333333333333332,0.09166666666666666,152912.0,44.0,C5,72,1,0,0.6562222242355347,True,0.4867233633995056,False,0.37061092257499695,False
4054,p0n4596,114,0.275,0.09166666666666666,152956.0,44.0,A4,69,1,0,0.6907046437263489,True,0.6684078574180603,True,0.529779851436615,True
4055,p0n4597,114,0.36666666666666664,0.09166666666666666,153000.0,44.0,G4,67,2,0,0.6067124605178833,True,0.5182526707649231,True,0.3642129898071289,False
4056,p0n4598,114,0.4583333333333333,0.09166666666666666,153044.0,44.0,E-4,63,2,0,0.3260473608970642,False,0.1354028582572937,False,0.2844267785549164,False
4057,p0n4599,114,0.55,0.09166666666666666,153088.0,44.0,C4,60,2,0,0.6780343055725098,True,0.6491938829421997,True,0.4119125008583069,False
4058,p0n4600,114,0.6416666666666667,0.09166666666666666,153132.0,44.0,A3,57,2,0,0.5991544723510742,True,0.5362247228622437,True,0.48758140206336975,False
4059,p0n4601,114,0.7333333333333333,0.09166666666666666,153176.0,44.0,G3,55,1,0,0.8353135585784912,True,0.5517284870147705,True,0.2711714208126068,False
4060,p0n4603,114,0.825,0.09166666666666666,153220.0,44.0,C4,60,1,0,0.664683997631073,True,0.6020375490188599,True,0.32727479934692383,False
4061,p0n4604,114,0.9166666666666666,0.09166666666666666,153264.0,44.0,E-4,63,1,0,0.2832859754562378,False,0.12148358672857285,False,0.28346583247184753,False
4062,p0n4605,114,1.0083333333333333,0.09166666666666666,153308.0,44.0,G4,67,1,0,0.8086254596710205,True,0.316989541053772,False,0.3178190588951111,False
4063,p0n4607,114,1.1,0.09166666666666666,153352.0,44.0,E-4,63,1,0,0.221915140748024,False,0.11511790007352829,False,0.2825486660003662,False
4064,p0n4608,114,1.1916666666666667,0.09166666666666666,153396.0,44.0,C4,60,1,0,0.5522705912590027,True,0.47008243203163147,False,0.3186754882335663,False
4065,p0n4609,114,1.2833333333333334,0.09166666666666666,153440.0,44.0,A3,57,1,0,0.5209091305732727,True,0.44929176568984985,False,0.3627500534057617,False
4066,p0n4610,114,1.375,0.09166666666666666,153484.0,44.0,G3,55,2,0,0.6956772208213806,True,0.4735426902770996,False,0.31434422731399536,False
4067,p0n4611,114,1.4666666666666666,0.09166666666666666,153528.0,44.0,E-3,51,2,0,0.5913886427879333,True,0.1781655102968216,False,0.27791473269462585,False
4068,p0n4612,114,1.5583333333333333,0.09166666666666666,153572.0,44.0,C3,48,2,0,0.874082088470459,True,0.4439854621887207,False,0.33745843172073364,False
4069,p0n4613,114,1.65,0.09166666666666666,153616.0,44.0,A2,45,2,0,0.6605983972549438,True,0.8548073172569275,True,0.6880139112472534,True
4070,p0n4614,114,1.7416666666666667,0.09166666666666666,153660.0,44.0,G2,43,1,0,0.7926226854324341,True,0.881434440612793,True,0.6113869547843933,True
4071,p0n4615,114,1.8333333333333333,0.09166666666666666,153704.0,44.0,C3,48,1,0,0.9220072031021118,True,0.3524654805660248,False,0.32355445623397827,False
4072,p0n4616,114,1.925,0.09166666666666666,153748.0,44.0,E-3,51,1,0,0.5364874005317688,True,0.08826914429664612,False,0.2764955461025238,False
4073,p0n4619,114,2.0166666666666666,0.058333333333333334,153792.0,28.0,G3,55,1,0,0.6357685923576355,True,0.24954205751419067,False,0.2863723635673523,False
4074,p0n4620,114,2.075,0.058333333333333334,153820.0,28.0,E-3,51,1,0,0.4177354872226715,False,0.10791222751140594,False,0.2817547917366028,False
4075,p0n4621,114,2.1333333333333333,0.058333333333333334,153848.0,28.0,C3,48,1,0,0.895408034324646,True,0.41112929582595825,False,0.34211552143096924,False
4076,p0n4622,114,2.191666666666667,0.058333333333333334,153876.0,28.0,A2,45,1,0,0.550414502620697,True,0.7705708146095276,True,0.675900936126709,True
4077,p0n4624,114,2.308333333333333,0.058333333333333334,153932.0,28.0,E-2,39,2,0,0.5372699499130249,True,0.3014987111091614,False,0.30735015869140625,False
4078,p0n4625,114,2.3666666666666667,0.058333333333333334,153960.0,28.0,C2,36,2,0,0.8975517153739929,True,0.6965641379356384,True,0.6032007932662964,True
4079,p0n4626,114,2.425,0.058333333333333334,153988.0,28.0,E-2,39,2,0,0.905336320400238,True,0.24157224595546722,False,0.30300843715667725,False
4080,p0n4627,114,2.4833333333333334,0.058333333333333334,154016.0,28.0,G2,43,1,0,0.7554746866226196,True,0.576207160949707,True,0.5302662253379822,True
4081,p0n4629,114,2.5416666666666665,0.058333333333333334,154044.0,28.0,A2,45,1,0,0.5963152647018433,True,0.7666530609130859,True,0.6978601813316345,True
4082,p0n4631,114,2.658333333333333,0.058333333333333334,154100.0,28.0,E-3,51,1,0,0.4583895206451416,False,0.11899738013744354,False,0.2834835946559906,False
4083,p0n4632,114,2.716666666666667,0.058333333333333334,154128.0,28.0,C3,48,1,0,0.837160050868988,True,0.4397848844528198,False,0.35681042075157166,False
4084,p0n4633,114,2.775,0.058333333333333334,154156.0,28.0,A2,45,1,0,0.5306968092918396,True,0.7428313493728638,True,0.6971553564071655,True
4085,p0n4638,115,0.0,0.16666666666666666,154268.0,80.0,A1,33,2,0,0.623469352722168,True,0.5658621788024902,True,0.5807398557662964,True
4086,p0n4640,115,0.16666666666666666,0.16666666666666666,154348.0,80.0,E2,40,2,0,0.4452410340309143,False,0.26091325283050537,False,0.3065456748008728,False
4087,p0n4641,115,0.3333333333333333,0.16666666666666666,154428.0,80.0,G2,43,2,0,0.6374832987785339,True,0.5363162755966187,True,0.526088535785675,True
4088,p0n4642,115,0.5,0.16666666666666666,154508.0,80.0,C3,48,2,0,0.8520908951759338,True,0.22814376652240753,False,0.29917317628860474,False
4089,p0n4643,115,0.6666666666666666,0.16666666666666666,154588.0,80.0,G2,43,2,0,0.7913357019424438,True,0.5384560823440552,True,0.484344482421875,False
4090,p0n4644,115,0.8333333333333334,0.16666666666666666,154668.0,80.0,E2,40,2,0,0.3554196059703827,False,0.22596916556358337,False,0.2963274121284485,False
4091,p0n4645,115,1.0,0.125,154748.0,60.0,A1,33,2,0,0.6044703722000122,True,0.4939187169075012,False,0.39632534980773926,False
4092,p0n4646,115,1.125,0.125,154808.0,60.0,E2,40,2,0,0.31754088401794434,False,0.21320639550685883,False,0.29294827580451965,False
4093,p0n4647,115,1.25,0.125,154868.0,60.0,G2,43,2,0,0.7214388847351074,True,0.602699339389801,True,0.5210418105125427,True
4094,p0n4648,115,1.375,0.125,154928.0,60.0,C3,48,2,0,0.9075009226799011,True,0.22289049625396729,False,0.2847132682800293,False
4095,p0n4649,115,1.5,1.5,154988.0,720.0,F#4,66,1,0,0.8111810088157654,True,0.934822142124176,True,0.663435697555542,True
4096,p0n4650,115,1.5,0.125,154988.0,60.0,E3,52,2,0,0.2852904200553894,False,0.18759891390800476,False,0.28621888160705566,False
4097,p0n4651,115,1.625,0.125,155048.0,60.0,C3,48,2,0,0.9050875902175903,True,0.31032034754753113,False,0.31295984983444214,False
4098,p0n4652,115,1.75,0.125,155108.0,60.0,G2,43,2,0,0.774360716342926,True,0.43878355622291565,False,0.3375447988510132,False
4099,p0n4653,115,1.875,0.125,155168.0,60.0,E2,40,2,0,0.35943329334259033,False,0.22692656517028809,False,0.2962910234928131,False
4100,p0n4654,115,2.0,0.1,155228.0,48.0,A1,33,2,0,0.5381296873092651,True,0.40412813425064087,False,0.362753301858902,False
4101,p0n4655,115,2.1,0.1,155276.0,48.0,E2,40,2,0,0.35442647337913513,False,0.22746697068214417,False,0.2964891493320465,False
4102,p0n4656,115,2.2,0.1,155324.0,48.0,G2,43,2,0,0.6754229068756104,True,0.427632212638855,False,0.3276543617248535,False
4103,p0n4657,115,2.3,0.1,155372.0,48.0,C3,48,2,0,0.9091414213180542,True,0.2679651975631714,False,0.30674463510513306,False
4104,p0n4658,115,2.4,0.1,155420.0,48.0,E3,52,2,0,0.3322104811668396,False,0.21801534295082092,False,0.29237431287765503,False
4105,p0n4659,115,2.5,0.1,155468.0,48.0,G3,55,2,0,0.8265466690063477,True,0.4183526337146759,False,0.3332329988479614,False
4106,p0n4660,115,2.6,0.1,155516.0,48.0,E3,52,2,0,0.3023822605609894,False,0.2052173614501953,False,0.2899142801761627,False
4107,p0n4661,115,2.7,0.1,155564.0,48.0,C3,48,2,0,0.9066105484962463,True,0.2959945499897003,False,0.30913692712783813,False
4108,p0n4662,115,2.8,0.1,155612.0,48.0,G2,43,2,0,0.7694262266159058,True,0.460712194442749,False,0.3439843952655792,False
4109,p0n4663,115,2.9,0.1,155660.0,48.0,E2,40,2,0,0.36433032155036926,False,0.23018383979797363,False,0.29734307527542114,False
4110,p0n4665,115,3.0,0.07708333333333334,155708.0,37.0,A1,33,2,0,0.6099556684494019,True,0.5096415281295776,True,0.5950443744659424,True
4111,p0n4666,115,3.0770833333333334,0.07708333333333334,155745.0,37.0,E2,40,2,0,0.38713082671165466,False,0.2344249039888382,False,0.2985134720802307,False
4112,p0n4667,115,3.154166666666667,0.07708333333333334,155782.0,37.0,G2,43,2,0,0.6969181895256042,True,0.449219286441803,False,0.3330135941505432,False
4113,p0n4668,115,3.23125,0.07708333333333334,155819.0,37.0,C3,48,2,0,0.8983212113380432,True,0.36260947585105896,False,0.3109891712665558,False
4114,p0n4669,115,3.308333333333333,0.07708333333333334,155856.0,37.0,E3,52,2,0,0.36673229932785034,False,0.22252075374126434,False,0.2935456335544586,False
4115,p0n4670,115,3.3854166666666665,0.07708333333333334,155893.0,37.0,G3,55,2,0,0.8672823309898376,True,0.535525918006897,True,0.3335317075252533,False
4116,p0n4671,115,3.4625,0.07708333333333334,155930.0,37.0,E3,52,2,0,0.33179715275764465,False,0.20933300256729126,False,0.29089173674583435,False
4117,p0n4672,115,3.5395833333333333,0.07708333333333334,155967.0,37.0,C3,48,2,0,0.8932105302810669,True,0.2047613114118576,False,0.2978092432022095,False
4118,p0n4673,115,3.6166666666666667,0.07708333333333334,156004.0,37.0,G2,43,2,0,0.7505622506141663,True,0.6117387413978577,True,0.5394780039787292,True
4119,p0n4674,115,3.69375,0.07708333333333334,156041.0,37.0,C3,48,2,0,0.8787240982055664,True,0.21838127076625824,False,0.30341437458992004,False
4120,p0n4675,115,3.7708333333333335,0.07708333333333334,156078.0,37.0,E3,52,2,0,0.36875659227371216,False,0.23765674233436584,False,0.2974383533000946,False
4121,p0n4676,115,3.847916666666667,0.07708333333333334,156115.0,37.0,G3,55,2,0,0.8213899731636047,True,0.5505990386009216,True,0.3528956472873688,False
4122,p0n4677,115,3.925,0.07708333333333334,156152.0,37.0,C4,60,2,0,0.7251759767532349,True,0.40825292468070984,False,0.3159467875957489,False
4123,p0n4678,116,0.0,0.1,156189.0,48.0,G4,67,1,0,0.7387689352035522,True,0.47966304421424866,False,0.35909751057624817,False
4124,p0n4679,116,0.0,0.5,156189.0,240.0,E4,64,2,0,0.2287708967924118,False,0.19142870604991913,False,0.28738757967948914,False
4125,p0n4681,116,0.1,0.1,156237.0,48.0,C#4,61,1,0,0.40553492307662964,False,0.31886643171310425,False,0.32106485962867737,False
4126,p0n4682,116,0.2,0.1,156285.0,48.0,B3,59,1,0,0.90247642993927,True,0.8789863586425781,True,0.5463594198226929,True
4127,p0n4683,116,0.3,0.1,156333.0,48.0,G3,55,1,0,0.7806257009506226,True,0.4569037854671478,False,0.3403523862361908,False
4128,p0n4684,116,0.4,0.1,156381.0,48.0,E3,52,2,0,0.4206199645996094,False,0.25332510471343994,False,0.3026482164859772,False
4129,p0n4685,116,0.5,0.1,156429.0,48.0,C#3,49,2,0,0.9069092869758606,True,0.6984678506851196,True,0.5296621918678284,True
4130,p0n4687,116,0.6,0.1,156477.0,48.0,B2,47,2,0,0.9822103977203369,True,0.6691830158233643,True,0.42113426327705383,False
4131,p0n4688,116,0.7,0.1,156525.0,48.0,B2,47,1,0,0.9705212116241455,True,0.188438281416893,False,0.3110501170158386,False
4132,p0n4689,116,0.8,0.1,156573.0,48.0,C#3,49,1,0,0.907194197177887,True,0.6122668385505676,True,0.44541090726852417,False
4133,p0n4690,116,0.9,0.1,156621.0,48.0,E3,52,1,0,0.32524484395980835,False,0.24581976234912872,False,0.2994890511035919,False
4134,p0n4691,116,1.0,0.1,156669.0,48.0,G3,55,1,0,0.8539900183677673,True,0.6408321261405945,True,0.39851975440979004,False
4135,p0n4693,116,1.1,0.1,156717.0,48.0,C#3,49,1,0,0.8502199053764343,True,0.6825769543647766,True,0.49114158749580383,False
4136,p0n4694,116,1.2,0.1,156765.0,48.0,B2,47,1,0,0.9835663437843323,True,0.3087277412414551,False,0.3348428010940552,False
4137,p0n4695,116,1.3,0.1,156813.0,48.0,G2,43,1,0,0.5933902859687805,True,0.64923495054245,True,0.49075186252593994,False
4138,p0n4696,116,1.4,0.1,156861.0,48.0,E2,40,2,0,0.39726418256759644,False,0.2086426317691803,False,0.29262611269950867,False
4139,p0n4697,116,1.5,0.1,156909.0,48.0,C#2,37,2,0,0.9427358508110046,True,0.8680310845375061,True,0.6538305878639221,True
4140,p0n4698,116,1.6,0.1,156957.0,48.0,B1,35,2,0,0.9814760684967041,True,0.766827404499054,True,0.29259663820266724,False
4141,p0n4699,116,1.7,0.1,157005.0,48.0,B1,35,1,0,0.9772936701774597,True,0.3177836835384369,False,0.2973978519439697,False
4142,p0n4700,116,1.8,0.1,157053.0,48.0,C#2,37,1,0,0.9132624864578247,True,0.795086145401001,True,0.5318043828010559,True
4143,p0n4701,116,1.9,0.1,157101.0,48.0,E2,40,1,0,0.7374323606491089,True,0.6546932458877563,True,0.5233078598976135,True
4144,p0n4702,116,2.0,0.125,157149.0,60.0,G2,43,1,0,0.6374056935310364,True,0.6610885262489319,True,0.593288779258728,True
4145,p0n4703,116,2.125,0.125,157209.0,60.0,B2,47,1,0,0.9682488441467285,True,0.41022422909736633,False,0.34899213910102844,False
4146,p0n4704,116,2.25,0.125,157269.0,60.0,G2,43,1,0,0.5178261995315552,True,0.3419496417045593,False,0.3043000102043152,False
4147,p0n4705,116,2.375,0.125,157329.0,60.0,E2,40,1,0,0.7000192403793335,True,0.7110713124275208,True,0.577564001083374,True
4148,p0n4706,116,2.5,0.125,157389.0,60.0,C#2,37,1,0,0.9336479306221008,True,0.800450325012207,True,0.5197454690933228,True
4149,p0n4707,116,2.625,0.125,157449.0,60.0,B1,35,1,0,0.9874483942985535,True,0.35292091965675354,False,0.32052794098854065,False
4150,p0n4708,116,2.75,0.125,157509.0,60.0,A1,33,2,0,0.9086111783981323,True,0.8206719160079956,True,0.6892236471176147,True
4151,p0n4709,116,2.875,0.125,157569.0,60.0,E1,28,2,0,0.6120527982711792,True,0.42265626788139343,False,0.35036882758140564,False
4152,p0n4712,117,0.0,2.0,157629.0,960.0,A0,21,2,0,0.9670866131782532,True,0.8726087808609009,True,0.5287901759147644,True
4153,p0n4715,117,0.5,0.04583333333333333,157869.0,22.0,B2,47,2,0,0.9757392406463623,True,0.4547228515148163,False,0.4021398723125458,False
4154,p0n4716,117,0.5458333333333333,0.04583333333333333,157891.0,22.0,C#3,49,2,0,0.9533442854881287,True,0.6007305979728699,True,0.4635780453681946,False
4155,p0n4717,117,0.5916666666666667,0.04583333333333333,157913.0,22.0,E3,52,2,0,0.3176474869251251,False,0.21098542213439941,False,0.2914309501647949,False
4156,p0n4718,117,0.6375,0.04583333333333333,157935.0,22.0,G3,55,1,0,0.8258793950080872,True,0.5229619741439819,True,0.39911913871765137,False
4157,p0n4719,117,0.6833333333333333,0.04583333333333333,157957.0,22.0,B3,59,1,0,0.8546087741851807,True,0.47670578956604004,False,0.39535441994667053,False
4158,p0n4720,117,0.7291666666666666,0.04583333333333333,157979.0,22.0,C#4,61,1,0,0.6770049333572388,True,0.8143525123596191,True,0.4618602693080902,False
4159,p0n4721,117,0.775,0.04583333333333333,158001.0,22.0,E4,64,1,0,0.2418707013130188,False,0.18142202496528625,False,0.28543663024902344,False
4160,p0n4722,117,0.8208333333333333,0.04583333333333333,158023.0,22.0,G4,67,1,0,0.6763249039649963,True,0.48166951537132263,False,0.3676093518733978,False
4161,p0n4723,117,0.8666666666666667,0.04583333333333333,158045.0,22.0,B4,71,2,0,0.7016651034355164,True,0.6417774558067322,True,0.3689013123512268,False
4162,p0n4724,117,0.9125,0.04583333333333333,158067.0,22.0,C#5,73,2,0,0.6578976511955261,True,0.7981808185577393,True,0.4490717351436615,False
4163,p0n4725,117,0.9583333333333334,0.04583333333333333,158089.0,22.0,E5,76,2,0,0.21945923566818237,False,0.20028437674045563,False,0.29055458307266235,False
4164,p0n4729,117,1.5041666666666667,0.04583333333333333,158351.0,22.0,E5,76,2,0,0.43138787150382996,False,0.28385141491889954,False,0.3136056363582611,False
4165,p0n4730,117,1.55,0.04583333333333333,158373.0,22.0,C#5,73,2,0,0.5447914004325867,True,0.7992011904716492,True,0.39177507162094116,False
4166,p0n4731,117,1.5958333333333334,0.04583333333333333,158395.0,22.0,B4,71,2,0,0.8232609033584595,True,0.7557576894760132,True,0.47961777448654175,False
4167,p0n4732,117,1.6416666666666666,0.04583333333333333,158417.0,22.0,G4,67,1,0,0.7665043473243713,True,0.45253267884254456,False,0.3528800904750824,False
4168,p0n4733,117,1.6875,0.04583333333333333,158439.0,22.0,E4,64,1,0,0.37342411279678345,False,0.20223329961299896,False,0.2908060550689697,False
4169,p0n4734,117,1.7333333333333334,0.04583333333333333,158461.0,22.0,C#4,61,1,0,0.833901584148407,True,0.881930947303772,True,0.5855938196182251,True
4170,p0n4735,117,1.7791666666666666,0.04583333333333333,158483.0,22.0,B3,59,1,0,0.9334119558334351,True,0.5893586277961731,True,0.45111164450645447,False
4171,p0n4736,117,1.825,0.04583333333333333,158505.0,22.0,G3,55,1,0,0.8495503664016724,True,0.5251967310905457,True,0.37477606534957886,False
4172,p0n4737,117,1.8708333333333333,0.04583333333333333,158527.0,22.0,E3,52,2,0,0.3248821496963501,False,0.2048986852169037,False,0.2903542220592499,False
4173,p0n4738,117,1.9166666666666667,0.04583333333333333,158549.0,22.0,C#3,49,2,0,0.8590931296348572,True,0.5610678195953369,True,0.42296329140663147,False
4174,p0n4739,117,1.9625,0.04583333333333333,158571.0,22.0,B2,47,2,0,0.9687297940254211,True,0.44000452756881714,False,0.4162566363811493,False
4175,p0n4743,118,0.5,0.0625,158833.0,30.0,B2,47,2,0,0.9776110649108887,True,0.4131135642528534,False,0.38502389192581177,False
4176,p0n4744,118,0.5625,0.0625,158863.0,30.0,C#3,49,2,0,0.9275392293930054,True,0.5620708465576172,True,0.47313734889030457,False
4177,p0n4745,118,0.625,0.0625,158893.0,30.0,E3,52,2,0,0.3416275382041931,False,0.22049294412136078,False,0.29348793625831604,False
4178,p0n4746,118,0.6875,0.0625,158923.0,30.0,G3,55,1,0,0.8769733309745789,True,0.5831488370895386,True,0.4990265369415283,False
4179,p0n4747,118,0.75,0.0625,158953.0,30.0,B3,59,1,0,0.9156309366226196,True,0.6676787734031677,True,0.4562656879425049,False
4180,p0n4748,118,0.8125,0.0625,158983.0,30.0,C#4,61,1,0,0.8444686532020569,True,0.7910617589950562,True,0.4831617474555969,False
4181,p0n4749,118,0.875,0.0625,159013.0,30.0,E4,64,1,0,0.2913731038570404,False,0.20889604091644287,False,0.29247909784317017,False
4182,p0n4750,118,0.9375,0.0625,159043.0,30.0,G4,67,1,0,0.7600938677787781,True,0.4947747588157654,False,0.393282026052475,False
4183,p0n4752,118,1.5,0.07083333333333333,159313.0,34.0,G4,67,1,0,0.890093982219696,True,0.618061900138855,True,0.47292524576187134,False
4184,p0n4753,118,1.5708333333333333,0.07083333333333333,159347.0,34.0,E4,64,1,0,0.3707232177257538,False,0.21448644995689392,False,0.2938469350337982,False
4185,p0n4754,118,1.6416666666666666,0.07083333333333333,159381.0,34.0,C#4,61,1,0,0.895796000957489,True,0.8925613760948181,True,0.6011955738067627,True
4186,p0n4755,118,1.7125,0.07083333333333333,159415.0,34.0,B3,59,1,0,0.9594396352767944,True,0.7492712736129761,True,0.5938555598258972,True
4187,p0n4756,118,1.7833333333333334,0.07083333333333333,159449.0,34.0,E3,52,2,0,0.6232379674911499,True,0.808434009552002,True,0.7587339878082275,True
4188,p0n4757,118,1.8541666666666667,0.07083333333333333,159483.0,34.0,C#3,49,2,0,0.8349286913871765,True,0.5907171368598938,True,0.6082640886306763,True
4189,p0n4758,118,1.925,0.07083333333333333,159517.0,34.0,B2,47,2,0,0.973720371723175,True,0.527439296245575,True,0.3189997971057892,False
4190,p0n4761,119,0.0,0.3333333333333333,159553.0,160.0,A1,33,1,0,0.9149682521820068,True,0.9152490496635437,True,0.8723256587982178,True
4191,p0n4762,119,0.3333333333333333,0.3333333333333333,159713.0,160.0,A2,45,2,0,0.831805944442749,True,0.8964234590530396,True,0.8117921352386475,True
4192,p0n4764,119,0.6666666666666666,0.3333333333333333,159873.0,160.0,A3,57,2,0,0.47534462809562683,False,0.4339233636856079,False,0.3724314272403717,False
4193,p0n4763,119,0.6666666666666666,0.3333333333333333,159873.0,160.0,G3,55,2,0,0.9565587639808655,True,0.6085807085037231,True,0.5836580395698547,True
4194,p0n4768,119,1.0,3.0,160033.0,1440.0,G4,67,1,0,0.766872227191925,True,0.770262598991394,True,0.6897669434547424,True
4195,p0n4767,119,1.0,3.0,160033.0,1440.0,C#4,61,1,0,0.7470500469207764,True,0.7784014940261841,True,0.6373286843299866,True
4196,p0n4766,119,1.0,3.0,160033.0,1440.0,B3,59,1,0,0.6186420321464539,True,0.6783522367477417,True,0.5637723803520203,True
4197,p0n4765,119,1.0,3.0,160033.0,1440.0,G3,55,1,0,0.9322904944419861,True,0.7926609516143799,True,0.6455377340316772,True
4198,p0n4770,119,1.5,0.5,160273.0,240.0,A2,45,2,0,0.747320294380188,True,0.7857884764671326,True,0.8116884827613831,True
4199,p0n4775,120,0.0,0.5,160513.0,240.0,A0,21,2,0,0.9722301959991455,True,0.9049900770187378,True,0.7664762139320374,True
4200,p0n4777,120,0.5,0.5,160753.0,240.0,A2,45,2,0,0.7881528735160828,True,0.9015544652938843,True,0.8026750683784485,True
4201,p0n4779,120,1.0,0.5,160993.0,240.0,A3,57,2,0,0.28302818536758423,False,0.2976870834827423,False,0.3265291750431061,False
4202,p0n4778,120,1.0,0.5,160993.0,240.0,G3,55,2,0,0.8142707943916321,True,0.6093103289604187,True,0.5657758712768555,True
4203,p0n4780,120,1.5,0.5,161233.0,240.0,A2,45,2,0,0.8620477318763733,True,0.8876222372055054,True,0.8563030362129211,True
4204,p0n4783,121,0.0,0.3333333333333333,161473.0,160.0,A1,33,2,0,0.9077916145324707,True,0.8087137341499329,True,0.6551784873008728,True
4205,p0n4784,121,0.3333333333333333,0.3333333333333333,161633.0,160.0,A2,45,2,0,0.6703527569770813,True,0.7720773220062256,True,0.7655264139175415,True
4206,p0n4786,121,0.6666666666666666,0.3333333333333333,161793.0,160.0,A3,57,2,0,0.6105812788009644,True,0.8032697439193726,True,0.6498923897743225,True
4207,p0n4785,121,0.6666666666666666,0.3333333333333333,161793.0,160.0,G3,55,2,0,0.7266378402709961,True,0.5858929753303528,True,0.4849240481853485,False
4208,p0n4789,121,1.0,1.0,161953.0,480.0,C#4,61,1,0,0.9337285757064819,True,0.7216104865074158,True,0.5143193006515503,True
4209,p0n4788,121,1.0,1.0,161953.0,480.0,B-3,58,1,0,0.3848222494125366,False,0.23779547214508057,False,0.299214631319046,False
4210,p0n4787,121,1.0,1.0,161953.0,480.0,G3,55,1,0,0.8918495774269104,True,0.3370975852012634,False,0.3187304139137268,False
4211,p0n4791,121,1.5,0.5,162193.0,240.0,A2,45,2,0,0.898547351360321,True,0.8793765902519226,True,0.7647358775138855,True
4212,p0n4795,122,0.0,3.0,162433.0,1440.0,F4,65,1,0,0.5401978492736816,True,0.5786169767379761,True,0.5225297212600708,True
4213,p0n4794,122,0.0,3.0,162433.0,1440.0,C#4,61,1,0,0.7705996036529541,True,0.8843759298324585,True,0.6968812942504883,True
4214,p0n4793,122,0.0,3.0,162433.0,1440.0,A3,57,1,0,0.6997870206832886,True,0.9049256443977356,True,0.6979541778564453,True
4215,p0n4792,122,0.0,3.0,162433.0,1440.0,F3,53,1,0,0.6306942701339722,True,0.9605031609535217,True,0.7525351047515869,True
4216,p0n4796,122,0.0,0.5,162433.0,240.0,A1,33,2,0,0.9314910769462585,True,0.8869628310203552,True,0.7102161049842834,True
4217,p0n4798,122,0.5,0.5,162673.0,240.0,A2,45,2,0,0.6662108302116394,True,0.8380535244941711,True,0.6902264952659607,True
4218,p0n4800,122,1.0,0.5,162913.0,240.0,A4,69,2,0,0.21195505559444427,False,0.27125152945518494,False,0.3182239532470703,False
4219,p0n4799,122,1.0,0.5,162913.0,240.0,G4,67,2,0,0.8354308605194092,True,0.6215082406997681,True,0.5537707805633545,True
4220,p0n4801,122,1.5,0.5,163153.0,240.0,A2,45,2,0,0.6675453186035156,True,0.7830199599266052,True,0.7516711950302124,True
4221,p0n4806,123,0.0,0.3333333333333333,163393.0,160.0,A1,33,2,0,0.9142788648605347,True,0.8417766094207764,True,0.6749313473701477,True
4222,p0n4808,123,0.3333333333333333,0.3333333333333333,163553.0,160.0,A2,45,2,0,0.6173813343048096,True,0.7057022452354431,True,0.5784205794334412,True
4223,p0n4810,123,0.6666666666666666,0.3333333333333333,163713.0,160.0,A3,57,2,0,0.6854076981544495,True,0.6817770600318909,True,0.5191264152526855,True
4224,p0n4809,123,0.6666666666666666,0.3333333333333333,163713.0,160.0,G3,55,2,0,0.883996307849884,True,0.563113272190094,True,0.4014594554901123,False
4225,p0n4811,123,1.0,1.0,163873.0,480.0,C#3,49,1,0,0.7604694962501526,True,0.41413649916648865,False,0.3411163091659546,False
4226,p0n4814,123,1.5,0.5,164113.0,240.0,A2,45,2,0,0.9152104258537292,True,0.8889168500900269,True,0.7659679055213928,True
4227,p0n4813,123,1.5,0.5,164113.0,240.0,G2,43,2,0,0.8120948672294617,True,0.49421200156211853,False,0.3833455443382263,False
4228,p0n4818,124,0.0,0.5,164353.0,240.0,E4,64,1,0,0.29255881905555725,False,0.1922255903482437,False,0.28862613439559937,False
4229,p0n4816,124,0.0,1.0,164353.0,480.0,G#3,56,1,0,0.9306160807609558,True,0.6564136743545532,True,0.3458797037601471,False
4230,p0n4815,124,0.0,1.0,164353.0,480.0,E#3,53,1,0,0.782738447189331,True,0.954278290271759,True,0.7253032326698303,True
4231,p0n4817,124,0.0,0.5,164353.0,240.0,E3,52,1,0,0.5880333781242371,True,0.9233312010765076,True,0.5835986733436584,True
4232,p0n4819,124,0.0,0.5,164353.0,240.0,G1,31,2,0,0.6618426442146301,True,0.5994516611099243,True,0.44789713621139526,False
4233,p0n4822,124,0.5,0.5,164593.0,240.0,C#4,61,1,0,0.9078540802001953,True,0.7940132021903992,True,0.6213694214820862,True
4234,p0n4821,124,0.5,0.5,164593.0,240.0,C#3,49,1,0,0.5334200263023376,True,0.49418070912361145,False,0.35586634278297424,False
4235,p0n4823,124,0.5,0.5,164593.0,240.0,G2,43,2,0,0.8055256605148315,True,0.4438577890396118,False,0.37403690814971924,False
4236,p0n4827,124,1.25,0.0625,164953.0,30.0,G#3,56,2,0,0.919301450252533,True,0.28937506675720215,False,0.2617722749710083,False
4237,p0n4829,124,1.3125,0.0625,164983.0,30.0,B3,59,2,0,0.9719375967979431,True,0.7130120396614075,True,0.428166002035141,False
4238,p0n4830,124,1.375,0.0625,165013.0,30.0,G#4,68,1,0,0.9524316191673279,True,0.2945123612880707,False,0.2544849216938019,False
4239,p0n4831,124,1.4375,0.0625,165043.0,30.0,B4,71,1,0,0.9201053977012634,True,0.2605459690093994,False,0.2997477948665619,False
4240,p0n4832,124,1.5,0.0625,165073.0,30.0,G#4,68,2,0,0.9690936207771301,True,0.14019615948200226,False,0.25876107811927795,False
4241,p0n4834,124,1.5625,0.0625,165103.0,30.0,B4,71,2,0,0.9237366914749146,True,0.2694856822490692,False,0.29959192872047424,False
4242,p0n4835,124,1.625,0.0625,165133.0,30.0,G#5,80,1,0,0.8499614596366882,True,0.20913831889629364,False,0.2672078311443329,False
4243,p0n4836,124,1.6875,0.0625,165163.0,30.0,B5,83,1,0,0.7910244464874268,True,0.3122459053993225,False,0.3043719232082367,False
4244,p0n4837,124,1.75,0.0625,165193.0,30.0,G#5,80,2,0,0.9134222865104675,True,0.17521236836910248,False,0.2667143940925598,False
4245,p0n4838,124,1.8125,0.0625,165223.0,30.0,B5,83,2,0,0.7856304049491882,True,0.29147377610206604,False,0.3046712577342987,False
4246,p0n4839,124,1.875,0.0625,165253.0,30.0,G#6,92,1,0,0.9665178060531616,True,0.41168031096458435,False,0.2878126800060272,False
4247,p0n4840,124,1.9375,0.0625,165283.0,30.0,B6,95,1,0,0.7159968614578247,True,0.2135748416185379,False,0.2932787239551544,False
4248,p0n4844,124,2.5,0.03125,165553.0,15.0,B6,95,1,0,0.7418334484100342,True,0.18257416784763336,False,0.28551778197288513,False
4249,p0n4846,124,2.53125,0.03125,165568.0,15.0,G#6,92,1,0,0.9385608434677124,True,0.3054869472980499,False,0.301813006401062,False
4250,p0n4847,124,2.5625,0.03125,165583.0,15.0,B5,83,2,0,0.8524237275123596,True,0.30220696330070496,False,0.3074822723865509,False
4251,p0n4848,124,2.59375,0.03125,165598.0,15.0,G#5,80,2,0,0.8967994451522827,True,0.153452530503273,False,0.2638196647167206,False
4252,p0n4849,124,2.625,0.03125,165613.0,15.0,B5,83,1,0,0.8879538178443909,True,0.3726765513420105,False,0.30889394879341125,False
4253,p0n4850,124,2.65625,0.03125,165628.0,15.0,G#5,80,1,0,0.9258211255073547,True,0.10585552453994751,False,0.26628974080085754,False
4254,p0n4851,124,2.6875,0.03125,165643.0,15.0,B4,71,1,0,0.9384385347366333,True,0.2539334297180176,False,0.29818934202194214,False
4255,p0n4852,124,2.71875,0.03125,165658.0,15.0,G#4,68,1,0,0.9735485315322876,True,0.13648508489131927,False,0.25994500517845154,False
4256,p0n4853,124,2.75,0.03125,165673.0,15.0,B4,71,1,0,0.9088549017906189,True,0.22698378562927246,False,0.2942863702774048,False
4257,p0n4854,124,2.78125,0.03125,165688.0,15.0,G#4,68,1,0,0.9723400473594666,True,0.13452847301959991,False,0.25806742906570435,False
4258,p0n4855,124,2.8125,0.03125,165703.0,15.0,B3,59,2,0,0.9666396379470825,True,0.3880094587802887,False,0.3160323202610016,False
4259,p0n4856,124,2.84375,0.03125,165718.0,15.0,G#3,56,2,0,0.89499831199646,True,0.2303190529346466,False,0.2606728971004486,False
4260,p0n4857,124,2.875,0.03125,165733.0,15.0,B3,59,1,0,0.95822674036026,True,0.5689888000488281,True,0.33320367336273193,False
4261,p0n4858,124,2.90625,0.03125,165748.0,15.0,G#3,56,1,0,0.7995285391807556,True,0.20401859283447266,False,0.2616531252861023,False
4262,p0n4859,124,2.9375,0.03125,165763.0,15.0,B2,47,2,0,0.9509255886077881,True,0.6950724124908447,True,0.41351282596588135,False
4263,p0n4860,124,2.96875,0.03125,165778.0,15.0,G#2,44,2,0,0.792199432849884,True,0.397919237613678,False,0.28607258200645447,False
4264,p0n4867,125,0.0,0.3333333333333333,166033.0,160.0,F##1,31,2,0,0.39538997411727905,False,0.19139760732650757,False,0.27948638796806335,False
4265,p0n4870,125,0.3333333333333333,0.3333333333333333,166193.0,160.0,G#2,44,2,0,0.858654260635376,True,0.3339557349681854,False,0.2623955011367798,False
4266,p0n4869,125,0.3333333333333333,0.3333333333333333,166193.0,160.0,G#1,32,2,0,0.8104163408279419,True,0.4872773289680481,False,0.29398301243782043,False
4267,p0n4871,125,0.4166666666666667,0.041666666666666664,166233.0,20.0,B2,47,1,0,0.9594120979309082,True,0.5607393383979797,True,0.32393455505371094,False
4268,p0n4872,125,0.4583333333333333,0.041666666666666664,166253.0,20.0,G#3,56,1,0,0.9300850033760071,True,0.32348915934562683,False,0.2692887485027313,False
4269,p0n4873,125,0.5,0.041666666666666664,166273.0,20.0,B3,59,1,0,0.9720160961151123,True,0.6877954006195068,True,0.3825041949748993,False
4270,p0n4874,125,0.5416666666666666,0.041666666666666664,166293.0,20.0,B3,59,1,0,0.9437451362609863,True,0.4817708730697632,False,0.34231626987457275,False
4271,p0n4875,125,0.5833333333333334,0.041666666666666664,166313.0,20.0,G#4,68,1,0,0.9505833387374878,True,0.19117099046707153,False,0.2583673596382141,False
4272,p0n4876,125,0.625,0.041666666666666664,166333.0,20.0,B4,71,1,0,0.9495462775230408,True,0.2472209930419922,False,0.2907892167568207,False
4273,p0n4877,125,0.6666666666666666,0.041666666666666664,166353.0,20.0,B4,71,1,0,0.9332855939865112,True,0.14478835463523865,False,0.2839934229850769,False
4274,p0n4879,125,0.6666666666666666,0.3333333333333333,166353.0,160.0,A#2,46,2,0,0.5003037452697754,True,0.15779219567775726,False,0.2716301679611206,False
4275,p0n4878,125,0.6666666666666666,0.3333333333333333,166353.0,160.0,A#1,34,2,0,0.8871859312057495,True,0.14593344926834106,False,0.27214494347572327,False
4276,p0n4880,125,0.7083333333333334,0.041666666666666664,166373.0,20.0,G#5,80,1,0,0.882374107837677,True,0.11059632152318954,False,0.2701055407524109,False
4277,p0n4881,125,0.75,0.041666666666666664,166393.0,20.0,B5,83,1,0,0.7996605634689331,True,0.23327003419399261,False,0.3178868591785431,False
4278,p0n4886,125,1.0,0.3333333333333333,166513.0,160.0,C#3,49,2,0,0.4698547422885895,False,0.21390892565250397,False,0.2948022782802582,False
4279,p0n4885,125,1.0,0.3333333333333333,166513.0,160.0,C#2,37,2,0,0.8299917578697205,True,0.32697051763534546,False,0.30990609526634216,False
4280,p0n4888,125,1.0833333333333333,0.041666666666666664,166553.0,20.0,B5,83,1,0,0.8095781803131104,True,0.2703602612018585,False,0.3168698847293854,False
4281,p0n4890,125,1.125,0.041666666666666664,166573.0,20.0,G#5,80,1,0,0.9122336506843567,True,0.2918696105480194,False,0.271135151386261,False
4282,p0n4892,125,1.1666666666666667,0.041666666666666664,166593.0,20.0,B4,71,1,0,0.9577663540840149,True,0.3597683012485504,False,0.31593212485313416,False
4283,p0n4894,125,1.2083333333333333,0.041666666666666664,166613.0,20.0,B4,71,1,0,0.9526014924049377,True,0.3083774447441101,False,0.29394862055778503,False
4284,p0n4896,125,1.25,0.041666666666666664,166633.0,20.0,G#4,68,1,0,0.9742379784584045,True,0.19767194986343384,False,0.25481122732162476,False
4285,p0n4898,125,1.2916666666666667,0.041666666666666664,166653.0,20.0,B3,59,1,0,0.9107192754745483,True,0.38825908303260803,False,0.3060377538204193,False
4286,p0n4900,125,1.3333333333333333,0.041666666666666664,166673.0,20.0,B3,59,1,0,0.90794438123703,True,0.3524009585380554,False,0.2959292531013489,False
4287,p0n4902,125,1.3333333333333333,0.3333333333333333,166673.0,160.0,A#2,46,2,0,0.3359329402446747,False,0.10583674907684326,False,0.2689228653907776,False
4288,p0n4901,125,1.3333333333333333,0.3333333333333333,166673.0,160.0,A#1,34,2,0,0.8439371585845947,True,0.19892404973506927,False,0.2666923999786377,False
4289,p0n4904,125,1.375,0.041666666666666664,166693.0,20.0,G#3,56,1,0,0.9051302671432495,True,0.3114466369152069,False,0.27068692445755005,False
4290,p0n4906,125,1.4166666666666667,0.041666666666666664,166713.0,20.0,B2,47,1,0,0.9206607937812805,True,0.6178648471832275,True,0.3482988774776459,False
4291,p0n4915,125,1.6666666666666667,0.3333333333333333,166833.0,160.0,G#2,44,2,0,0.7593644261360168,True,0.21264633536338806,False,0.2618471086025238,False
4292,p0n4914,125,1.6666666666666667,0.3333333333333333,166833.0,160.0,G#1,32,2,0,0.8805514574050903,True,0.21456237137317657,False,0.27333664894104004,False
4293,p0n4920,126,0.0,0.3333333333333333,166993.0,160.0,F##2,43,2,0,0.370328426361084,False,0.14917714893817902,False,0.2733919024467468,False
4294,p0n4919,126,0.0,0.3333333333333333,166993.0,160.0,F##1,31,2,0,0.181131511926651,False,0.14060157537460327,False,0.27250128984451294,False
4295,p0n4922,126,0.3333333333333333,0.3333333333333333,167153.0,160.0,G#2,44,2,0,0.8117413520812988,True,0.15766768157482147,False,0.26584988832473755,False
4296,p0n4921,126,0.3333333333333333,0.3333333333333333,167153.0,160.0,G#1,32,2,0,0.9443287253379822,True,0.20710910856723785,False,0.27766144275665283,False
4297,p0n4923,126,0.5,1.0,167233.0,480.0,E3,52,1,0,0.6174153089523315,True,0.8119716048240662,True,0.7227232456207275,True
4298,p0n4925,126,0.6666666666666666,0.3333333333333333,167313.0,160.0,F##2,43,2,0,0.3241237699985504,False,0.17128348350524902,False,0.2772602140903473,False
4299,p0n4924,126,0.6666666666666666,0.3333333333333333,167313.0,160.0,F##1,31,2,0,0.1787032186985016,False,0.14597028493881226,False,0.2733781039714813,False
4300,p0n4927,126,1.0,1.0,167473.0,480.0,B3,59,1,0,0.9239022135734558,True,0.48766088485717773,False,0.39494723081588745,False
4301,p0n4926,126,1.0,1.0,167473.0,480.0,E#3,53,1,0,0.826470673084259,True,0.597168505191803,True,0.45573800802230835,False
4302,p0n4929,126,1.0,0.3333333333333333,167473.0,160.0,G#2,44,2,0,0.8606576323509216,True,0.16774481534957886,False,0.25836095213890076,False
4303,p0n4928,126,1.0,0.3333333333333333,167473.0,160.0,G#1,32,2,0,0.9360260367393494,True,0.2078448385000229,False,0.2692019045352936,False
4304,p0n4931,126,1.3333333333333333,0.3333333333333333,167633.0,160.0,F##2,43,2,0,0.3828270733356476,False,0.22032703459262848,False,0.2867078185081482,False
4305,p0n4930,126,1.3333333333333333,0.3333333333333333,167633.0,160.0,F##1,31,2,0,0.21428821980953217,False,0.16956888139247894,False,0.277197003364563,False
4306,p0n4933,126,1.5,0.5,167713.0,240.0,C#4,61,1,0,0.9229865074157715,True,0.7830938696861267,True,0.5772758722305298,True
4307,p0n4932,126,1.5,0.5,167713.0,240.0,C#3,49,1,0,0.7329069972038269,True,0.6030576229095459,True,0.3732490539550781,False
4308,p0n4935,126,1.6666666666666667,0.3333333333333333,167793.0,160.0,G#2,44,2,0,0.8397828936576843,True,0.26104500889778137,False,0.2764638364315033,False
4309,p0n4934,126,1.6666666666666667,0.3333333333333333,167793.0,160.0,G#1,32,2,0,0.8987562656402588,True,0.35993197560310364,False,0.3019389808177948,False
4310,p0n4938,127,0.008333333333333333,0.3333333333333333,167957.0,160.0,F##2,43,2,0,0.525229275226593,True,0.2788514494895935,False,0.2929125130176544,False
4311,p0n4937,127,0.008333333333333333,0.3333333333333333,167957.0,160.0,F##1,31,2,0,0.34493011236190796,False,0.17750521004199982,False,0.2777426242828369,False
4312,p0n4941,127,0.3416666666666667,0.3333333333333333,168117.0,160.0,G#2,44,2,0,0.854422926902771,True,0.29102981090545654,False,0.2572948932647705,False
4313,p0n4940,127,0.3416666666666667,0.3333333333333333,168117.0,160.0,G#1,32,2,0,0.8965575098991394,True,0.31999996304512024,False,0.27965372800827026,False
4314,p0n4944,127,0.675,0.3333333333333333,168277.0,160.0,A#2,46,2,0,0.49337196350097656,False,0.16022825241088867,False,0.27734339237213135,False
4315,p0n4943,127,0.675,0.3333333333333333,168277.0,160.0,A#1,34,2,0,0.9233417510986328,True,0.30954816937446594,False,0.30360475182533264,False
4316,p0n4947,127,1.0083333333333333,0.3333333333333333,168437.0,160.0,C#3,49,2,0,0.504531741142273,True,0.3589630722999573,False,0.29678285121917725,False
4317,p0n4946,127,1.0083333333333333,0.3333333333333333,168437.0,160.0,C#2,37,2,0,0.8884287476539612,True,0.3689861595630646,False,0.32366302609443665,False
4318,p0n4950,127,1.3416666666666666,0.3333333333333333,168597.0,160.0,A#2,46,2,0,0.24564871191978455,False,0.12266884744167328,False,0.2711057662963867,False
4319,p0n4949,127,1.3416666666666666,0.3333333333333333,168597.0,160.0,A#1,34,2,0,0.8149190545082092,True,0.15431776642799377,False,0.27810195088386536,False
4320,p0n4951,127,1.3895833333333334,0.05625,168620.0,27.0,G#2,44,1,0,0.8123109340667725,True,0.48285484313964844,False,0.31348443031311035,False
4321,p0n4952,127,1.4458333333333333,0.05625,168647.0,27.0,B2,47,1,0,0.9168799519538879,True,0.5690053105354309,True,0.43704015016555786,False
4322,p0n4953,127,1.5020833333333334,0.05625,168674.0,27.0,B2,47,1,0,0.921237587928772,True,0.4034493565559387,False,0.3351479470729828,False
4323,p0n4954,127,1.5583333333333333,0.05625,168701.0,27.0,G#3,56,1,0,0.810916006565094,True,0.22617372870445251,False,0.27023616433143616,False
4324,p0n4955,127,1.6145833333333333,0.05625,168728.0,27.0,B3,59,1,0,0.8849005103111267,True,0.5210955739021301,True,0.3813171982765198,False
4325,p0n4956,127,1.6708333333333334,0.05625,168755.0,27.0,B3,59,1,0,0.7796309590339661,True,0.435496062040329,False,0.35665518045425415,False
4326,p0n4958,127,1.675,0.3333333333333333,168757.0,160.0,G#2,44,2,0,0.8905582427978516,True,0.16998237371444702,False,0.2728441059589386,False
4327,p0n4957,127,1.675,0.3333333333333333,168757.0,160.0,G#1,32,2,0,0.9434224963188171,True,0.21991005539894104,False,0.28481993079185486,False
4328,p0n4959,127,1.7270833333333333,0.05625,168782.0,27.0,G#4,68,1,0,0.9443299770355225,True,0.1420595347881317,False,0.26510217785835266,False
4329,p0n4960,127,1.7833333333333334,0.05625,168809.0,27.0,B4,71,1,0,0.9075927734375,True,0.2600044012069702,False,0.31668975949287415,False
4330,p0n4966,128,0.0,0.3333333333333333,168917.0,160.0,F##2,43,2,0,0.4013488292694092,False,0.1831660270690918,False,0.2784539461135864,False
4331,p0n4965,128,0.0,0.3333333333333333,168917.0,160.0,F##1,31,2,0,0.3714419901371002,False,0.1856391876935959,False,0.27866131067276,False
4332,p0n4968,128,0.3125,0.0625,169067.0,30.0,B4,71,1,0,0.9360395073890686,True,0.3170275390148163,False,0.3164682984352112,False
4333,p0n4970,128,0.3333333333333333,0.3333333333333333,169077.0,160.0,G#2,44,2,0,0.8980109095573425,True,0.1545412540435791,False,0.27114635705947876,False
4334,p0n4969,128,0.3333333333333333,0.3333333333333333,169077.0,160.0,G#1,32,2,0,0.8894593119621277,True,0.13552121818065643,False,0.27417096495628357,False
4335,p0n4971,128,0.375,0.0625,169097.0,30.0,G#4,68,1,0,0.9668749570846558,True,0.380636602640152,False,0.24718829989433289,False
4336,p0n4972,128,0.4375,0.0625,169127.0,30.0,B3,59,1,0,0.793978750705719,True,0.37568217515945435,False,0.35381463170051575,False
4337,p0n4973,128,0.5,0.1,169157.0,48.0,B3,59,1,0,0.8393335342407227,True,0.38494986295700073,False,0.34130215644836426,False
4338,p0n4974,128,0.6,0.1,169205.0,48.0,G#3,56,1,0,0.8180958032608032,True,0.3428630530834198,False,0.28130897879600525,False
4339,p0n4976,128,0.6666666666666666,0.3333333333333333,169237.0,160.0,F##2,43,2,0,0.5277891159057617,True,0.2116813361644745,False,0.28134605288505554,False
4340,p0n4975,128,0.6666666666666666,0.3333333333333333,169237.0,160.0,F##1,31,2,0,0.45194026827812195,False,0.19752980768680573,False,0.28062382340431213,False
4341,p0n4977,128,0.7,0.1,169253.0,48.0,B2,47,1,0,0.8568689227104187,True,0.3436903655529022,False,0.3525325357913971,False
4342,p0n4978,128,0.8,0.1,169301.0,48.0,B2,47,1,0,0.7592761516571045,True,0.23451578617095947,False,0.32559651136398315,False
4343,p0n4979,128,0.9,0.1,169349.0,48.0,G#2,44,1,0,0.8068577647209167,True,0.10558217763900757,False,0.26929721236228943,False
4344,p0n4982,128,1.0,0.3333333333333333,169397.0,160.0,G#2,44,2,0,0.8261455297470093,True,0.1128348708152771,False,0.26971325278282166,False
4345,p0n4981,128,1.0,0.3333333333333333,169397.0,160.0,G#1,32,2,0,0.8515352010726929,True,0.1338268667459488,False,0.2738387882709503,False
4346,p0n4984,128,1.3333333333333333,0.3333333333333333,169557.0,160.0,F##2,43,2,0,0.49210113286972046,False,0.24516411125659943,False,0.2905372679233551,False
4347,p0n4983,128,1.3333333333333333,0.3333333333333333,169557.0,160.0,F##1,31,2,0,0.499816358089447,False,0.25100216269493103,False,0.291716068983078,False
4348,p0n4986,128,1.5,0.5,169637.0,240.0,C#4,61,1,0,0.8989669680595398,True,0.6970930099487305,True,0.501368522644043,True
4349,p0n4985,128,1.5,0.5,169637.0,240.0,C#3,49,1,0,0.7585757970809937,True,0.6236763596534729,True,0.39729416370391846,False
4350,p0n4988,128,1.6666666666666667,0.3333333333333333,169717.0,160.0,G#2,44,2,0,0.8395301699638367,True,0.18149614334106445,False,0.26447948813438416,False
4351,p0n4987,128,1.6666666666666667,0.3333333333333333,169717.0,160.0,G#1,32,2,0,0.8474144339561462,True,0.23143638670444489,False,0.2737700343132019,False
4352,p0n4990,129,0.0,1.5,169877.0,720.0,E4,64,1,0,0.34832847118377686,False,0.1984899938106537,False,0.28865694999694824,False
4353,p0n4992,129,0.0,2.0,169877.0,960.0,B3,59,1,0,0.8708623647689819,True,0.8225688338279724,True,0.5839714407920837,True
4354,p0n4991,129,0.0,2.0,169877.0,960.0,E#3,53,1,0,0.8503808975219727,True,0.45109686255455017,False,0.29231327772140503,False
4355,p0n4989,129,0.0,1.5,169877.0,720.0,C#3,49,1,0,0.7982387542724609,True,0.6525827050209045,True,0.43036988377571106,False
4356,p0n4994,129,0.0,0.3333333333333333,169877.0,160.0,F##2,43,2,0,0.5737079381942749,True,0.32106634974479675,False,0.2858435809612274,False
4357,p0n4993,129,0.0,0.3333333333333333,169877.0,160.0,F##1,31,2,0,0.6031047105789185,True,0.3452977240085602,False,0.28910312056541443,False
4358,p0n4997,129,0.3333333333333333,0.3333333333333333,170037.0,160.0,G#2,44,2,0,0.8784939050674438,True,0.22605003416538239,False,0.2687506079673767,False
4359,p0n4996,129,0.3333333333333333,0.3333333333333333,170037.0,160.0,G#1,32,2,0,0.8796060681343079,True,0.2819948196411133,False,0.281340092420578,False
4360,p0n4999,129,0.6666666666666666,0.3333333333333333,170197.0,160.0,F##2,43,2,0,0.5908322334289551,True,0.30305153131484985,False,0.28052613139152527,False
4361,p0n4998,129,0.6666666666666666,0.3333333333333333,170197.0,160.0,F##1,31,2,0,0.6270769834518433,True,0.32892704010009766,False,0.28346848487854004,False
4362,p0n5001,129,1.0,0.3333333333333333,170357.0,160.0,G#2,44,2,0,0.850970983505249,True,0.13628588616847992,False,0.2717450261116028,False
4363,p0n5000,129,1.0,0.3333333333333333,170357.0,160.0,G#1,32,2,0,0.8370217084884644,True,0.1363440603017807,False,0.27600470185279846,False
4364,p0n5003,129,1.3333333333333333,0.3333333333333333,170517.0,160.0,F##2,43,2,0,0.5927762389183044,True,0.4073721170425415,False,0.2873578667640686,False
4365,p0n5002,129,1.3333333333333333,0.3333333333333333,170517.0,160.0,F##1,31,2,0,0.6346346735954285,True,0.4402008354663849,False,0.2920460104942322,False
4366,p0n5005,129,1.5,0.5,170597.0,240.0,C#4,61,1,0,0.9088425040245056,True,0.8482449054718018,True,0.6044049263000488,True
4367,p0n5004,129,1.5,0.5,170597.0,240.0,C#3,49,1,0,0.7208794951438904,True,0.655443549156189,True,0.4399834871292114,False
4368,p0n5007,129,1.6666666666666667,0.3333333333333333,170677.0,160.0,G#2,44,2,0,0.8672218918800354,True,0.27985018491744995,False,0.28182128071784973,False
4369,p0n5006,129,1.6666666666666667,0.3333333333333333,170677.0,160.0,G#1,32,2,0,0.8531050682067871,True,0.22689256072044373,False,0.2832251489162445,False
4370,p0n5009,130,0.0,2.0,170837.0,960.0,C#4,61,1,0,0.9359399676322937,True,0.8362501859664917,True,0.6085754036903381,True
4371,p0n5008,130,0.0,2.0,170837.0,960.0,C#3,49,1,0,0.5767612457275391,True,0.39197614789009094,False,0.3201255798339844,False
4372,p0n5011,130,0.0,0.3333333333333333,170837.0,160.0,G2,43,2,0,0.7473295331001282,True,0.7214672565460205,True,0.627628743648529,True
4373,p0n5010,130,0.0,0.3333333333333333,170837.0,160.0,G1,31,2,0,0.7785469889640808,True,0.7067223787307739,True,0.6070972084999084,True
4374,p0n5015,130,0.3333333333333333,0.3333333333333333,170997.0,160.0,A2,45,2,0,0.9248408675193787,True,0.9224834442138672,True,0.7630376219749451,True
4375,p0n5014,130,0.3333333333333333,0.3333333333333333,170997.0,160.0,A1,33,2,0,0.8998153805732727,True,0.8635287880897522,True,0.6192039847373962,True
4376,p0n5017,130,0.5,1.5,171077.0,720.0,B3,59,1,0,0.8603997230529785,True,0.562832772731781,True,0.49295109510421753,False
4377,p0n5016,130,0.5,1.5,171077.0,720.0,E#3,53,1,0,0.6200878024101257,True,0.4176853895187378,False,0.3199729323387146,False
4378,p0n5019,130,0.6666666666666666,0.3333333333333333,171157.0,160.0,G2,43,2,0,0.7600750923156738,True,0.7038617134094238,True,0.6192924380302429,True
4379,p0n5018,130,0.6666666666666666,0.3333333333333333,171157.0,160.0,G1,31,2,0,0.7759474515914917,True,0.6741203665733337,True,0.592605710029602,True
4380,p0n5021,130,1.0,0.3333333333333333,171317.0,160.0,A2,45,2,0,0.8553085327148438,True,0.8674261569976807,True,0.697955846786499,True
4381,p0n5020,130,1.0,0.3333333333333333,171317.0,160.0,A1,33,2,0,0.8393629193305969,True,0.775861382484436,True,0.570498526096344,True
4382,p0n5023,130,1.3333333333333333,0.3333333333333333,171477.0,160.0,G2,43,2,0,0.7758129835128784,True,0.6922551989555359,True,0.57806396484375,True
4383,p0n5022,130,1.3333333333333333,0.3333333333333333,171477.0,160.0,G1,31,2,0,0.7753010988235474,True,0.7036856412887573,True,0.5829942226409912,True
4384,p0n5025,130,1.6666666666666667,0.3333333333333333,171637.0,160.0,A2,45,2,0,0.8485673666000366,True,0.8882942795753479,True,0.7338359355926514,True
4385,p0n5024,130,1.6666666666666667,0.3333333333333333,171637.0,160.0,A1,33,2,0,0.8966588973999023,True,0.8610627055168152,True,0.6819721460342407,True
4386,p0n5030,131,0.0,0.3333333333333333,171797.0,160.0,G2,43,2,0,0.8088013529777527,True,0.7747009992599487,True,0.4518032670021057,False
4387,p0n5029,131,0.0,0.3333333333333333,171797.0,160.0,G1,31,2,0,0.807535707950592,True,0.7779154181480408,True,0.45537883043289185,False
4388,p0n5032,131,0.3333333333333333,0.3333333333333333,171957.0,160.0,A2,45,2,0,0.8563254475593567,True,0.9135910868644714,True,0.6499143242835999,True
4389,p0n5031,131,0.3333333333333333,0.3333333333333333,171957.0,160.0,A1,33,2,0,0.9437468647956848,True,0.9083091020584106,True,0.6606289148330688,True
4390,p0n5034,131,0.5,1.5,172037.0,720.0,C#4,61,1,0,0.8880665898323059,True,0.6694446206092834,True,0.5836039781570435,True
4391,p0n5033,131,0.5,1.5,172037.0,720.0,C#3,49,1,0,0.7941583395004272,True,0.6067843437194824,True,0.42693641781806946,False
4392,p0n5036,131,0.6666666666666666,0.3333333333333333,172117.0,160.0,G2,43,2,0,0.7904583215713501,True,0.47338929772377014,False,0.3898066580295563,False
4393,p0n5035,131,0.6666666666666666,0.3333333333333333,172117.0,160.0,G1,31,2,0,0.7867305278778076,True,0.4790700078010559,False,0.3925285041332245,False
4394,p0n5038,131,1.0,1.0,172277.0,480.0,B3,59,1,0,0.8931009769439697,True,0.6421873569488525,True,0.5683701634407043,True
4395,p0n5037,131,1.0,1.0,172277.0,480.0,E#3,53,1,0,0.7486965656280518,True,0.6565874814987183,True,0.5931153893470764,True
4396,p0n5040,131,1.0,0.3333333333333333,172277.0,160.0,A2,45,2,0,0.9483206272125244,True,0.7471842765808105,True,0.4605875313282013,False
4397,p0n5039,131,1.0,0.3333333333333333,172277.0,160.0,A1,33,2,0,0.9715601801872253,True,0.6685121655464172,True,0.4222424626350403,False
4398,p0n5042,131,1.3333333333333333,0.3333333333333333,172437.0,160.0,G2,43,2,0,0.8102068901062012,True,0.4930456578731537,False,0.41168907284736633,False
4399,p0n5041,131,1.3333333333333333,0.3333333333333333,172437.0,160.0,G1,31,2,0,0.8072122931480408,True,0.49976634979248047,False,0.4152402877807617,False
4400,p0n5044,131,1.6666666666666667,0.3333333333333333,172597.0,160.0,A2,45,2,0,0.9244999885559082,True,0.8396679759025574,True,0.5822709798812866,True
4401,p0n5043,131,1.6666666666666667,0.3333333333333333,172597.0,160.0,A1,33,2,0,0.8763554692268372,True,0.7790738940238953,True,0.616478443145752,True
4402,p0n5046,132,0.00625,0.22291666666666668,172760.0,107.0,F#1,30,2,0,0.9351741075515747,True,0.9765957593917847,True,0.6886765956878662,True
4403,p0n5048,132,0.05625,0.05625,172784.0,27.0,E3,52,2,0,0.8874076008796692,True,0.37980180978775024,False,0.34968140721321106,False
4404,p0n5049,132,0.1125,0.05625,172811.0,27.0,A3,57,2,0,0.8934171199798584,True,0.8883451819419861,True,0.628933846950531,True
4405,p0n5050,132,0.16875,0.05625,172838.0,27.0,E4,64,1,0,0.2612166404724121,False,0.19274310767650604,False,0.28553029894828796,False
4406,p0n5051,132,0.225,0.05625,172865.0,27.0,E4,64,1,0,0.2998349368572235,False,0.23990339040756226,False,0.2967508137226105,False
4407,p0n5052,132,0.23125,0.22291666666666668,172868.0,107.0,F#2,42,2,0,0.967893123626709,True,0.9944475889205933,True,0.8535111546516418,True
4408,p0n5053,132,0.28125,0.05625,172892.0,27.0,A4,69,1,0,0.8120627999305725,True,0.7764153480529785,True,0.6844778060913086,True
4409,p0n5055,132,0.39375,0.05625,172946.0,27.0,E5,76,1,0,0.7135839462280273,True,0.2342214584350586,False,0.3020038306713104,False
4410,p0n5059,132,0.50625,0.08333333333333333,173000.0,40.0,F#3,54,2,0,0.9391939640045166,True,0.9703288078308105,True,0.7680932879447937,True
4411,p0n5060,132,0.5895833333333333,0.08333333333333333,173040.0,40.0,C#4,61,2,0,0.6926741600036621,True,0.900451123714447,True,0.6418881416320801,True
4412,p0n5061,132,0.6729166666666667,0.08333333333333333,173080.0,40.0,E4,64,2,0,0.26226237416267395,False,0.16671495139598846,False,0.28146475553512573,False
4413,p0n5062,132,0.75625,0.08333333333333333,173120.0,40.0,A4,69,2,0,0.7650147080421448,True,0.6575663685798645,True,0.6068052649497986,True
4414,p0n5063,132,0.8395833333333333,0.08333333333333333,173160.0,40.0,C#5,73,2,0,0.8436051607131958,True,0.8580187559127808,True,0.6217644810676575,True
4415,p0n5064,132,0.9229166666666667,0.08333333333333333,173200.0,40.0,E5,76,2,0,0.45660996437072754,False,0.1842939406633377,False,0.2868206799030304,False
4416,p0n5066,132,1.00625,0.08333333333333333,173240.0,40.0,A5,81,2,0,0.836196780204773,True,0.7851276993751526,True,0.7554406523704529,True
4417,p0n5065,132,1.00625,0.8333333333333334,173240.0,400.0,G#5,80,1,0,0.896609902381897,True,0.15361618995666504,False,0.276503324508667,False
4418,p0n5067,132,1.0895833333333333,0.08333333333333333,173280.0,40.0,E5,76,2,0,0.6881999373435974,True,0.9729111194610596,True,0.7529318332672119,True
4419,p0n5068,132,1.1729166666666666,0.08333333333333333,173320.0,40.0,C#5,73,2,0,0.7894508838653564,True,0.8151288032531738,True,0.4982036054134369,False
4420,p0n5069,132,1.25625,0.08333333333333333,173360.0,40.0,A4,69,2,0,0.780120849609375,True,0.7690046429634094,True,0.6742671132087708,True
4421,p0n5070,132,1.3395833333333333,0.08333333333333333,173400.0,40.0,E4,64,2,0,0.3390255570411682,False,0.43060868978500366,False,0.35319170355796814,False
4422,p0n5071,132,1.4229166666666666,0.08333333333333333,173440.0,40.0,C#4,61,2,0,0.7198874354362488,True,0.5559157729148865,True,0.3862380385398865,False
4423,p0n5073,132,1.50625,0.3333333333333333,173480.0,160.0,C#6,85,1,0,0.6215081214904785,True,0.7450674772262573,True,0.5211812257766724,True
4424,p0n5074,132,1.50625,0.08333333333333333,173480.0,40.0,F#3,54,2,0,0.9139414429664612,True,0.831323504447937,True,0.5969730615615845,True
4425,p0n5075,132,1.5895833333333333,0.08333333333333333,173520.0,40.0,C#4,61,2,0,0.6617385149002075,True,0.8338937759399414,True,0.49884623289108276,False
4426,p0n5076,132,1.6729166666666666,0.08333333333333333,173560.0,40.0,E4,64,2,0,0.32194647192955017,False,0.19109302759170532,False,0.28600186109542847,False
4427,p0n5077,132,1.75625,0.08333333333333333,173600.0,40.0,A4,69,2,0,0.7466736435890198,True,0.6764650344848633,True,0.6722071766853333,True
4428,p0n5078,132,1.8395833333333333,0.3333333333333333,173640.0,160.0,C#5,73,1,0,0.876809298992157,True,0.8441900014877319,True,0.5504457354545593,True
4429,p0n5079,132,1.8395833333333333,0.08333333333333333,173640.0,40.0,E4,64,2,0,0.3527359366416931,False,0.4115793704986572,False,0.34506821632385254,False
4430,p0n5080,132,1.9229166666666666,0.08333333333333333,173680.0,40.0,C#4,61,2,0,0.6064455509185791,True,0.45128411054611206,False,0.30277037620544434,False
4431,p0n5081,132,2.00625,0.08333333333333333,173720.0,40.0,F#3,54,2,0,0.950690507888794,True,0.855117678642273,True,0.7398397326469421,True
4432,p0n5083,132,2.089583333333333,0.08333333333333333,173760.0,40.0,C#4,61,2,0,0.7750147581100464,True,0.9592967629432678,True,0.6729804277420044,True
4433,p0n5085,132,2.1729166666666666,0.3333333333333333,173800.0,160.0,F#5,78,1,0,0.658580482006073,True,0.9085734486579895,True,0.6805459260940552,True
4434,p0n5084,132,2.1729166666666666,0.3333333333333333,173800.0,160.0,E5,76,1,0,0.6080000400543213,True,0.3744167387485504,False,0.28692469000816345,False
4435,p0n5086,132,2.1729166666666666,0.08333333333333333,173800.0,40.0,E4,64,2,0,0.22487981617450714,False,0.17293208837509155,False,0.2820868194103241,False
4436,p0n5087,132,2.25625,0.08333333333333333,173840.0,40.0,A4,69,2,0,0.7649230360984802,True,0.6654202938079834,True,0.7058731913566589,True
4437,p0n5088,132,2.339583333333333,0.08333333333333333,173880.0,40.0,E4,64,2,0,0.27683377265930176,False,0.3670385181903839,False,0.3324480950832367,False
4438,p0n5089,132,2.4229166666666666,0.08333333333333333,173920.0,40.0,C#4,61,2,0,0.7417910099029541,True,0.578399121761322,True,0.4357722997665405,False
4439,p0n5091,133,0.0,0.5,173960.0,240.0,E6,88,1,0,0.8551985025405884,True,0.501431941986084,True,0.4846688508987427,False
4440,p0n5090,133,0.0,0.5,173960.0,240.0,A5,81,1,0,0.5974470376968384,True,0.7252132296562195,True,0.6570886373519897,True
4441,p0n5092,133,0.0,0.08333333333333333,173960.0,40.0,F#3,54,2,0,0.9290086627006531,True,0.766352653503418,True,0.5381340980529785,True
4442,p0n5094,133,0.08333333333333333,0.08333333333333333,174000.0,40.0,C#4,61,2,0,0.6895015239715576,True,0.888777494430542,True,0.5292539000511169,True
4443,p0n5095,133,0.16666666666666666,0.08333333333333333,174040.0,40.0,E4,64,2,0,0.2576048672199249,False,0.1758132427930832,False,0.2828509509563446,False
4444,p0n5096,133,0.25,0.08333333333333333,174080.0,40.0,A4,69,2,0,0.805466890335083,True,0.7978653311729431,True,0.8368616104125977,True
4445,p0n5097,133,0.3333333333333333,0.08333333333333333,174120.0,40.0,C#5,73,2,0,0.8670686483383179,True,0.9022024273872375,True,0.6795125007629395,True
4446,p0n5098,133,0.4166666666666667,0.08333333333333333,174160.0,40.0,E5,76,2,0,0.5249233245849609,True,0.5286652445793152,True,0.44722265005111694,False
4447,p0n5100,133,0.5,0.08333333333333333,174200.0,40.0,A5,81,2,0,0.8069223165512085,True,0.8118720054626465,True,0.7342035174369812,True
4448,p0n5099,133,0.5,0.8333333333333334,174200.0,400.0,G#5,80,1,0,0.9109829664230347,True,0.11708518117666245,False,0.2588582932949066,False
4449,p0n5101,133,0.5833333333333334,0.08333333333333333,174240.0,40.0,E5,76,2,0,0.7263308167457581,True,0.9741038084030151,True,0.7777314186096191,True
4450,p0n5102,133,0.6666666666666666,0.08333333333333333,174280.0,40.0,C#5,73,2,0,0.8521640300750732,True,0.8142874240875244,True,0.5241736173629761,True
4451,p0n5103,133,0.75,0.08333333333333333,174320.0,40.0,A4,69,2,0,0.7972434163093567,True,0.7209116220474243,True,0.6189902424812317,True
4452,p0n5104,133,0.8333333333333334,0.08333333333333333,174360.0,40.0,E4,64,2,0,0.4032767415046692,False,0.4989789128303528,False,0.3794759213924408,False
4453,p0n5105,133,0.9166666666666666,0.08333333333333333,174400.0,40.0,C#4,61,2,0,0.6885707974433899,True,0.5242477059364319,True,0.3635790944099426,False
4454,p0n5107,133,1.0,0.3333333333333333,174440.0,160.0,C#6,85,1,0,0.8098335862159729,True,0.7139725089073181,True,0.4550543427467346,False
4455,p0n5108,133,1.0,0.08333333333333333,174440.0,40.0,F#3,54,2,0,0.9105367064476013,True,0.7738274931907654,True,0.5767609477043152,True
4456,p0n5109,133,1.0833333333333333,0.08333333333333333,174480.0,40.0,C#4,61,2,0,0.6085107922554016,True,0.8009994626045227,True,0.45632481575012207,False
4457,p0n5110,133,1.1666666666666667,0.08333333333333333,174520.0,40.0,E4,64,2,0,0.37158915400505066,False,0.20472246408462524,False,0.2889600396156311,False
4458,p0n5111,133,1.25,0.08333333333333333,174560.0,40.0,A4,69,2,0,0.7213970422744751,True,0.5416648983955383,True,0.5289933681488037,True
4459,p0n5113,133,1.3333333333333333,0.3333333333333333,174600.0,160.0,G#5,80,1,0,0.8625560998916626,True,0.6544100046157837,True,0.25756028294563293,False
4460,p0n5112,133,1.3333333333333333,0.3333333333333333,174600.0,160.0,C#5,73,1,0,0.8320696353912354,True,0.8925173282623291,True,0.6028788089752197,True
4461,p0n5114,133,1.3333333333333333,0.08333333333333333,174600.0,40.0,E4,64,2,0,0.3919786810874939,False,0.44912126660346985,False,0.3579389452934265,False
4462,p0n5115,133,1.4166666666666667,0.08333333333333333,174640.0,40.0,C#4,61,2,0,0.6478026509284973,True,0.39088839292526245,False,0.29795917868614197,False
4463,p0n5116,133,1.5,0.08333333333333333,174680.0,40.0,F#3,54,2,0,0.9416805505752563,True,0.889854371547699,True,0.6598026752471924,True
4464,p0n5117,133,1.5833333333333333,0.08333333333333333,174720.0,40.0,C#4,61,2,0,0.757895290851593,True,0.950824499130249,True,0.6508456468582153,True
4465,p0n5119,133,1.6666666666666667,0.08333333333333333,174760.0,40.0,E4,64,2,0,0.3121381402015686,False,0.1853930801153183,False,0.2843168377876282,False
4466,p0n5120,133,1.75,0.08333333333333333,174800.0,40.0,A4,69,2,0,0.762783944606781,True,0.6083014011383057,True,0.5916685461997986,True
4467,p0n5121,133,1.8333333333333333,0.08333333333333333,174840.0,40.0,E4,64,2,0,0.36720284819602966,False,0.4571426510810852,False,0.3634110987186432,False
4468,p0n5122,133,1.9166666666666667,0.08333333333333333,174880.0,40.0,C#4,61,2,0,0.805216908454895,True,0.5923630595207214,True,0.33467456698417664,False
4469,p0n5124,134,0.0,0.5,174920.0,240.0,G#6,92,1,0,0.9050337076187134,True,0.365953266620636,False,0.32098397612571716,False
4470,p0n5123,134,0.0,0.5,174920.0,240.0,C#6,85,1,0,0.859477162361145,True,0.591144859790802,True,0.3877389430999756,False
4471,p0n5126,134,0.0,0.5,174920.0,240.0,G#4,68,2,0,0.9798547625541687,True,0.6112717986106873,True,0.2867802381515503,False
4472,p0n5125,134,0.0,0.5,174920.0,240.0,E4,64,2,0,0.32148250937461853,False,0.24615271389484406,False,0.29800596833229065,False
4473,p0n5129,134,0.5,0.5,175160.0,240.0,F#6,90,1,0,0.8737406134605408,True,0.8779910802841187,True,0.5574465990066528,True
4474,p0n5128,134,0.5,0.5,175160.0,240.0,E6,88,1,0,0.9089008569717407,True,0.5749276876449585,True,0.43644577264785767,False
4475,p0n5131,134,0.5,0.5,175160.0,240.0,F#4,66,2,0,0.8305814862251282,True,0.9202194213867188,True,0.7115797996520996,True
4476,p0n5130,134,0.5,0.5,175160.0,240.0,C#4,61,2,0,0.7685591578483582,True,0.7163232564926147,True,0.4687884449958801,False
4477,p0n5134,134,1.0625,0.0625,175430.0,30.0,E4,64,2,0,0.5685429573059082,True,0.4892045855522156,False,0.35754865407943726,False
4478,p0n5135,134,1.125,0.0625,175460.0,30.0,C#5,73,1,0,0.9123464822769165,True,0.8508482575416565,True,0.5729352831840515,True
4479,p0n5136,134,1.1875,0.0625,175490.0,30.0,E5,76,1,0,0.7504631280899048,True,0.45495468378067017,False,0.3193685710430145,False
4480,p0n5137,134,1.25,0.0625,175520.0,30.0,C#5,73,2,0,0.9202703833580017,True,0.815081775188446,True,0.5159770250320435,True
4481,p0n5138,134,1.3125,0.0625,175550.0,30.0,E5,76,2,0,0.678906261920929,True,0.5278049111366272,True,0.36121782660484314,False
4482,p0n5139,134,1.375,0.0625,175580.0,30.0,C#6,85,1,0,0.88877934217453,True,0.623026967048645,True,0.3696444034576416,False
4483,p0n5140,134,1.4375,0.0625,175610.0,30.0,E6,88,1,0,0.8939412832260132,True,0.4657674729824066,False,0.32501745223999023,False
4484,p0n5141,134,1.5,0.0625,175640.0,30.0,C#6,85,2,0,0.850606381893158,True,0.5346318483352661,True,0.34245964884757996,False
4485,p0n5142,134,1.5625,0.0625,175670.0,30.0,E6,88,2,0,0.8130720257759094,True,0.36594903469085693,False,0.29405224323272705,False
4486,p0n5143,134,1.625,0.0625,175700.0,30.0,C#7,97,1,0,0.8231734037399292,True,0.738537609577179,True,0.4638657867908478,False
4487,p0n5144,134,1.6875,0.0625,175730.0,30.0,E7,100,1,0,0.8502459526062012,True,0.7008454203605652,True,0.4522447884082794,False
4488,p0n5147,134,2.25,0.0625,176000.0,30.0,E7,100,1,0,0.9061228632926941,True,0.38741523027420044,False,0.3364243507385254,False
4489,p0n5148,134,2.3125,0.0625,176030.0,30.0,C#7,97,1,0,0.8953297734260559,True,0.487259179353714,False,0.37091076374053955,False
4490,p0n5149,134,2.375,0.0625,176060.0,30.0,E6,88,2,0,0.8580678701400757,True,0.3968640863895416,False,0.30532005429267883,False
4491,p0n5150,134,2.4375,0.0625,176090.0,30.0,C#6,85,2,0,0.8035462498664856,True,0.4986465871334076,False,0.31801581382751465,False
4492,p0n5151,134,2.5,0.0625,176120.0,30.0,E6,88,1,0,0.8707118034362793,True,0.3397046625614166,False,0.30098140239715576,False
4493,p0n5152,134,2.5625,0.0625,176150.0,30.0,C#6,85,1,0,0.8443559408187866,True,0.5487985014915466,True,0.3889842927455902,False
4494,p0n5153,134,2.625,0.0625,176180.0,30.0,E5,76,2,0,0.7351488471031189,True,0.6078392267227173,True,0.4607965648174286,False
4495,p0n5154,134,2.6875,0.0625,176210.0,30.0,C#5,73,2,0,0.924943745136261,True,0.7531628012657166,True,0.5254464745521545,True
4496,p0n5155,134,2.75,0.0625,176240.0,30.0,E5,76,1,0,0.8408968448638916,True,0.7974324822425842,True,0.48097071051597595,False
4497,p0n5156,134,2.8125,0.0625,176270.0,30.0,C#5,73,1,0,0.9335619807243347,True,0.8199288845062256,True,0.5057203769683838,True
4498,p0n5157,134,2.875,0.0625,176300.0,30.0,E5,76,1,0,0.757003664970398,True,0.5606173872947693,True,0.45929279923439026,False
4499,p0n5158,134,2.9375,0.5625,176330.0,270.0,A5,81,1,0,0.705763578414917,True,0.5052502751350403,True,0.4867786765098572,False
4500,p0n5160,135,0.0,0.5,176360.0,240.0,E6,88,1,0,0.7763427495956421,True,0.3955349028110504,False,0.31332501769065857,False
4501,p0n5161,135,0.0,0.08333333333333333,176360.0,40.0,F#3,54,2,0,0.8286434412002563,True,0.7889707088470459,True,0.5704089999198914,True
4502,p0n5163,135,0.08333333333333333,0.08333333333333333,176400.0,40.0,C#4,61,2,0,0.7797673940658569,True,0.9441155195236206,True,0.6455612778663635,True
4503,p0n5164,135,0.16666666666666666,0.08333333333333333,176440.0,40.0,E4,64,2,0,0.39884012937545776,False,0.18484576046466827,False,0.2853338122367859,False
4504,p0n5165,135,0.25,0.08333333333333333,176480.0,40.0,A4,69,2,0,0.7245686650276184,True,0.8166291117668152,True,0.5700246691703796,True
4505,p0n5166,135,0.3333333333333333,0.08333333333333333,176520.0,40.0,C#5,73,2,0,0.9309758543968201,True,0.9273178577423096,True,0.7270153760910034,True
4506,p0n5167,135,0.4166666666666667,0.08333333333333333,176560.0,40.0,E5,76,2,0,0.520221471786499,True,0.2998935580253601,False,0.28352490067481995,False
4507,p0n5169,135,0.5,0.8333333333333334,176600.0,400.0,C#6,85,1,0,0.8239743113517761,True,0.7185553312301636,True,0.40724101662635803,False
4508,p0n5170,135,0.5,0.08333333333333333,176600.0,40.0,A5,81,2,0,0.7392070889472961,True,0.5196341872215271,True,0.6031033396720886,True
4509,p0n5168,135,0.5,0.8333333333333334,176600.0,400.0,G#5,80,1,0,0.8980342745780945,True,0.23482082784175873,False,0.2921544909477234,False
4510,p0n5171,135,0.5833333333333334,0.08333333333333333,176640.0,40.0,E5,76,2,0,0.7941387295722961,True,0.9683991074562073,True,0.8229403495788574,True
4511,p0n5172,135,0.6666666666666666,0.08333333333333333,176680.0,40.0,C#5,73,2,0,0.8148066401481628,True,0.8335984349250793,True,0.6075289249420166,True
4512,p0n5173,135,0.75,0.08333333333333333,176720.0,40.0,A4,69,2,0,0.770439088344574,True,0.8112819194793701,True,0.729336142539978,True
4513,p0n5174,135,0.8333333333333334,0.08333333333333333,176760.0,40.0,E4,64,2,0,0.6779152750968933,True,0.8485988974571228,True,0.5653748512268066,True
4514,p0n5175,135,0.9166666666666666,0.08333333333333333,176800.0,40.0,C#4,61,2,0,0.6820647120475769,True,0.5265573263168335,True,0.3332393765449524,False
4515,p0n5178,135,1.0,0.08333333333333333,176840.0,40.0,F#3,54,2,0,0.8335863947868347,True,0.7690403461456299,True,0.5395342111587524,True
4516,p0n5179,135,1.0833333333333333,0.08333333333333333,176880.0,40.0,C#4,61,2,0,0.5556773543357849,True,0.775596022605896,True,0.440097451210022,False
4517,p0n5180,135,1.1666666666666667,0.08333333333333333,176920.0,40.0,E4,64,2,0,0.6471925973892212,True,0.5779640078544617,True,0.3820733428001404,False
4518,p0n5181,135,1.25,0.08333333333333333,176960.0,40.0,A4,69,2,0,0.6752073764801025,True,0.4770500361919403,False,0.3984653949737549,False
4519,p0n5182,135,1.3333333333333333,0.3333333333333333,177000.0,160.0,C#5,73,1,0,0.7570251822471619,True,0.8002874255180359,True,0.5034144520759583,True
4520,p0n5183,135,1.3333333333333333,0.08333333333333333,177000.0,40.0,E4,64,2,0,0.6841933131217957,True,0.8258962035179138,True,0.5388742685317993,True
4521,p0n5184,135,1.4166666666666667,0.08333333333333333,177040.0,40.0,C#4,61,2,0,0.7377532124519348,True,0.461892306804657,False,0.3107432425022125,False
4522,p0n5185,135,1.5,0.08333333333333333,177080.0,40.0,F#3,54,2,0,0.821769654750824,True,0.47198954224586487,False,0.4238493740558624,False
4523,p0n5186,135,1.5833333333333333,0.08333333333333333,177120.0,40.0,C#4,61,2,0,0.8387796878814697,True,0.9713869094848633,True,0.7086304426193237,True
4524,p0n5188,135,1.6666666666666667,0.3333333333333333,177160.0,160.0,F#5,78,1,0,0.8756844997406006,True,0.8778455853462219,True,0.5571438670158386,True
4525,p0n5187,135,1.6666666666666667,0.3333333333333333,177160.0,160.0,E5,76,1,0,0.9196281433105469,True,0.5470485687255859,True,0.41989538073539734,False
4526,p0n5189,135,1.6666666666666667,0.08333333333333333,177160.0,40.0,E4,64,2,0,0.6551065444946289,True,0.501031219959259,True,0.29645147919654846,False
4527,p0n5190,135,1.75,0.08333333333333333,177200.0,40.0,A4,69,2,0,0.5921943783760071,True,0.4122479557991028,False,0.367611289024353,False
4528,p0n5191,135,1.8333333333333333,0.08333333333333333,177240.0,40.0,E4,64,2,0,0.6023561358451843,True,0.8433060050010681,True,0.5217568874359131,True
4529,p0n5192,135,1.9166666666666667,0.08333333333333333,177280.0,40.0,C#4,61,2,0,0.8414581418037415,True,0.6370078325271606,True,0.41860219836235046,False
4530,p0n5196,136,0.0625,0.0625,177350.0,30.0,E4,64,2,0,0.602776288986206,True,0.48911237716674805,False,0.33292677998542786,False
4531,p0n5197,136,0.125,0.0625,177380.0,30.0,C#5,73,1,0,0.8366212248802185,True,0.8084410429000854,True,0.5359218120574951,True
4532,p0n5198,136,0.1875,0.0625,177410.0,30.0,E5,76,1,0,0.9151965975761414,True,0.6438648104667664,True,0.4735434353351593,False
4533,p0n5200,136,0.3125,0.0625,177470.0,30.0,E5,76,2,0,0.9041333794593811,True,0.5187085270881653,True,0.42250746488571167,False
4534,p0n5201,136,0.375,0.0625,177500.0,30.0,C#6,85,1,0,0.9033929705619812,True,0.6616317629814148,True,0.4559350311756134,False
4535,p0n5202,136,0.4375,0.0625,177530.0,30.0,E6,88,1,0,0.8955745697021484,True,0.7017658948898315,True,0.423454612493515,False
4536,p0n5205,136,1.0625,0.0625,177830.0,30.0,C#6,85,1,0,0.9199786186218262,True,0.746513307094574,True,0.4592427909374237,False
4537,p0n5206,136,1.125,0.0625,177860.0,30.0,E5,76,2,0,0.9208791851997375,True,0.6245018243789673,True,0.45733845233917236,False
4538,p0n5207,136,1.1875,0.0625,177890.0,30.0,C#5,73,2,0,0.7894089818000793,True,0.6629698872566223,True,0.46877726912498474,False
4539,p0n5209,136,1.3125,0.0625,177950.0,30.0,C#5,73,1,0,0.9252837896347046,True,0.7051264047622681,True,0.5122181177139282,True
4540,p0n5211,136,1.4375,0.0625,178010.0,30.0,C#4,61,2,0,0.9210242629051208,True,0.8012374639511108,True,0.5689718127250671,True
4541,p0n5214,137,0.0,0.5,178280.0,240.0,G#5,80,1,0,0.965053379535675,True,0.19626308977603912,False,0.2835983633995056,False
4542,p0n5213,137,0.0,0.5,178280.0,240.0,C#5,73,1,0,0.9417011737823486,True,0.6401631236076355,True,0.47819972038269043,False
4543,p0n5216,137,0.0,0.5,178280.0,240.0,G#4,68,2,0,0.97525554895401,True,0.14142540097236633,False,0.28781071305274963,False
4544,p0n5215,137,0.0,0.5,178280.0,240.0,E4,64,2,0,0.7695691585540771,True,0.6373050212860107,True,0.398967981338501,False
4545,p0n5219,137,0.5,0.5,178520.0,240.0,F#5,78,1,0,0.8832235336303711,True,0.7826792001724243,True,0.614264726638794,True
4546,p0n5218,137,0.5,0.5,178520.0,240.0,E5,76,1,0,0.9481290578842163,True,0.7295195460319519,True,0.5049588680267334,True
4547,p0n5221,137,0.5,0.5,178520.0,240.0,F#4,66,2,0,0.9248895645141602,True,0.7407397627830505,True,0.5604046583175659,True
4548,p0n5220,137,0.5,0.5,178520.0,240.0,C#4,61,2,0,0.8554317355155945,True,0.7689460515975952,True,0.5025285482406616,True
4549,p0n5226,137,2.0,0.25,179240.0,120.0,C#4,61,2,0,0.8672887086868286,True,0.8661576509475708,True,0.518937349319458,True
4550,p0n5228,137,2.25,0.25,179360.0,120.0,E4,64,2,0,0.9155855774879456,True,0.8295649290084839,True,0.5051797032356262,True
4551,p0n5229,137,2.5,0.25,179480.0,120.0,C#5,73,1,0,0.9057916402816772,True,0.7816342115402222,True,0.47475653886795044,False
4552,p0n5232,137,2.75,0.25,179600.0,120.0,E5,76,1,0,0.8867945075035095,True,0.6567633152008057,True,0.38712769746780396,False
4553,p0n5234,138,0.0,0.5,179720.0,240.0,G#4,68,1,0,0.9546355605125427,True,0.4968499541282654,False,0.3519265949726105,False
4554,p0n5233,138,0.0,0.5,179720.0,240.0,C#4,61,1,0,0.9141044616699219,True,0.7993085980415344,True,0.5578194260597229,True
4555,p0n5235,138,0.0,1.0,179720.0,480.0,F#3,54,2,0,0.8604170680046082,True,0.6268563270568848,True,0.4353395402431488,False
4556,p0n5238,138,0.5,0.5,179960.0,240.0,F#4,66,1,0,0.8317381143569946,True,0.49907568097114563,False,0.378104567527771,False
4557,p0n5237,138,0.5,0.5,179960.0,240.0,E4,64,1,0,0.9113717079162598,True,0.36455848813056946,False,0.33986225724220276,False
4558,p0n5241,138,2.0,0.125,180680.0,60.0,C#4,61,2,0,0.9317935109138489,True,0.6575127243995667,True,0.48540228605270386,False
4559,p0n5243,138,2.125,0.125,180740.0,60.0,E4,64,2,0,0.9410203099250793,True,0.6146873235702515,True,0.4290144145488739,False
4560,p0n5244,138,2.25,0.125,180800.0,60.0,C#5,73,1,0,0.8954716920852661,True,0.5281807780265808,True,0.38018155097961426,False
4561,p0n5245,138,2.375,0.125,180860.0,60.0,E5,76,1,0,0.9072538614273071,True,0.3358910381793976,False,0.31789126992225647,False
4562,p0n5246,138,2.5,0.125,180920.0,60.0,C#5,73,2,0,0.8955700993537903,True,0.5875598788261414,True,0.40492352843284607,False
4563,p0n5247,138,2.625,0.125,180980.0,60.0,E5,76,2,0,0.9020757675170898,True,0.34859076142311096,False,0.3195843994617462,False
4564,p0n5248,138,2.75,0.125,181040.0,60.0,C#6,85,1,0,0.7732946276664734,True,0.5365254282951355,True,0.41449299454689026,False
4565,p0n5249,138,2.875,0.125,181100.0,60.0,E6,88,1,0,0.7844945192337036,True,0.3076794743537903,False,0.32307419180870056,False
4566,p0n5254,139,0.5,0.5,181400.0,240.0,E7,100,1,0,0.9133651852607727,True,0.4644853472709656,False,0.3632568418979645,False
4567,p0n5253,139,0.5,0.5,181400.0,240.0,C#7,97,1,0,0.8877184987068176,True,0.6492173671722412,True,0.457864910364151,False
4568,p0n5256,139,0.5,0.5,181400.0,240.0,E6,88,2,0,0.9002810120582581,True,0.4068634510040283,False,0.3592413067817688,False
4569,p0n5255,139,0.5,0.5,181400.0,240.0,C#6,85,2,0,0.900676965713501,True,0.6474263072013855,True,0.49257874488830566,False
