measure,m-length_beat,m-beat_duration,has_even_meter,n_notes,n_pitches,n_onsets,n_slices,n_pitchclasses,novelty,prop_silence,longest_silence,pitch_avg,pitch_std,pitch_min,pitch_max,pitch_med,duration_avg,duration_std,duration_min,duration_max,duration_med,regularity_avg,regularity_std,regularity_min,regularity_max,regularity_med,n_voices_per_onset_avg,n_voices_per_onset_std,n_voices_per_onset_min,n_voices_per_onset_max,n_voices_per_onset_med,n_gaps_per_onset_avg,n_gaps_per_onset_std,n_gaps_per_onset_min,n_gaps_per_onset_max,n_gaps_per_onset_med,n_voices_per_beat_avg,n_voices_per_beat_std,n_voices_per_beat_min,n_voices_per_beat_max,n_voices_per_beat_med,n_gaps_per_beat_avg,n_gaps_per_beat_std,n_gaps_per_beat_min,n_gaps_per_beat_max,n_gaps_per_beat_med,width_avg,width_std,width_min,width_max,width_med,harmonicity_avg,harmonicity_std,harmonicity_min,harmonicity_max,harmonicity_med,harmonic_intervals_3_6,harmonic_intervals_4_5,harmonic_intervals_8,melodic_intervals_2,melodic_intervals_3,melodic_intervals_4_5,melodic_intervals_8,repetitions,M,H,S,h,p,o,h+,p+,s,t,b,r,_,",",density,onset_sync_proxy,has_registral_gap,octave_presence,texture_type,confidence
1,4.0,1.0,1,7.25,1.0,2.0,2.0,0.75,0.1379310344827586,0.0,0.0,44.44827586206897,5.360285374554102,36.0,52.0,43.0,0.5,0.0,0.5,0.5,0.5,0.5,0.0,0.5,0.5,0.5,3.625,0.65625,1.0,4.0,4.0,0.875,0.21875,0.0,1.0,1.0,3.625,0.65625,1.0,4.0,4.0,0.875,0.21875,0.0,1.0,1.0,15.0,3.5,1.0,17.0,17.0,1.0,0.0,1.0,1.0,1.0,0.875,0.875,0.875,0.0,0.4285714285714285,0.6785714285714286,0.4642857142857143,0.8928571428571429,1,1,0,1,1,0,1,1,0,0,1,1,0,0,4.0,1.0,1,0.875,homorhythmic,high
2,4.0,1.0,1,8.0,1.75,2.0,2.0,1.5,0.21875,0.0,0.0,45.125,5.375,36.0,54.0,46.5,0.5,0.0,0.5,0.5,0.5,0.5,0.0,0.5,0.5,0.5,4.0,0.0,4.0,4.0,4.0,1.0,0.0,1.0,1.0,1.0,4.0,0.0,4.0,4.0,4.0,1.0,0.0,1.0,1.0,1.0,17.5,0.75,17.0,19.0,17.0,0.9166666666666666,0.125,0.6666666666666666,1.0,1.0,1.0,1.0,0.75,0.1071428571428571,0.4642857142857143,0.7142857142857143,0.3928571428571428,0.8928571428571429,1,1,0,1,1,1,1,1,0,0,0,1,0,0,4.0,1.0,1,0.75,homorhythmic,high
3,4.0,1.0,1,6.75,1.5,2.25,2.25,1.0,0.2222222222222222,0.0,0.0,43.833333333333336,6.444444444444446,35.0,59.0,43.0,0.4444444444444444,0.0864197530864197,0.25,0.5,0.5,0.4444444444444444,0.0864197530864197,0.25,0.5,0.5,3.0,0.6666666666666666,2.0,4.0,3.0,1.6666666666666667,0.4444444444444444,1.0,2.0,2.0,3.0,0.75,2.0,4.0,3.0,1.625,0.46875,1.0,2.0,2.0,16.875,5.90625,9.0,25.0,21.0,0.9583333333333334,0.0781249999999999,0.3333333333333333,1.0,1.0,1.0,0.3333333333333333,0.4444444444444444,0.0869565217391304,0.0434782608695652,0.3043478260869565,0.3043478260869565,0.8695652173913043,1,1,0,1,1,1,1,1,0,0,0,1,0,0,3.0,1.0,1,0.4444444444444444,homorhythmic,high
4,4.0,1.0,1,7.0,1.75,2.5,2.5,1.25,0.25,0.0,0.0,50.95454545454545,17.388429752066113,35.0,86.0,43.0,0.3928571428571428,0.1224489795918367,0.25,0.5,0.5,0.4,0.12,0.25,0.5,0.5,2.8,0.3200000000000001,2.0,3.0,3.0,1.8,0.3199999999999999,1.0,2.0,2.0,2.75,0.375,2.0,3.0,3.0,1.75,0.375,1.0,2.0,2.0,38.875,14.9375,9.0,52.0,46.0,0.9375,0.109375,0.3333333333333333,1.0,1.0,1.0,0.0,0.0,0.16,0.0,0.0,0.0,0.84,1,1,0,1,1,0,1,1,0,0,1,1,0,0,3.0,1.0,1,0.0,homorhythmic,high
5,4.0,1.0,1,8.0,1.0,2.0,2.0,0.75,0.125,0.0,0.0,42.75,5.25,34.0,50.0,43.5,0.5,0.0,0.5,0.5,0.5,0.5,0.0,0.5,0.5,0.5,4.0,0.0,4.0,4.0,4.0,1.0,0.0,1.0,1.0,1.0,4.0,0.0,4.0,4.0,4.0,1.0,0.0,1.0,1.0,1.0,17.0,0.0,17.0,17.0,17.0,1.0,0.0,1.0,1.0,1.0,1.0,1.0,1.0,0.0,0.5,0.75,0.5,1.0,1,1,0,1,1,1,1,1,0,0,0,1,0,0,4.0,1.0,1,1.0,homorhythmic,high
6,4.0,1.0,1,8.0,1.75,2.0,2.0,1.5,0.21875,0.0,0.0,43.125,5.375,34.0,52.0,44.5,0.5,0.0,0.5,0.5,0.5,0.5,0.0,0.5,0.5,0.5,4.0,0.0,4.0,4.0,4.0,1.0,0.0,1.0,1.0,1.0,4.0,0.0,4.0,4.0,4.0,1.0,0.0,1.0,1.0,1.0,17.5,0.75,17.0,19.0,17.0,0.9166666666666666,0.125,0.6666666666666666,1.0,1.0,1.0,1.0,0.75,0.1071428571428571,0.4642857142857143,0.7142857142857143,0.3928571428571428,0.8928571428571429,1,1,0,1,1,1,1,1,0,0,0,1,0,0,4.0,1.0,1,0.75,homorhythmic,high
7,4.0,1.0,1,6.75,1.5,2.25,2.25,1.0,0.2222222222222222,0.0,0.0,41.833333333333336,6.444444444444446,33.0,57.0,41.0,0.4444444444444444,0.0864197530864197,0.25,0.5,0.5,0.4444444444444444,0.0864197530864197,0.25,0.5,0.5,3.0,0.6666666666666666,2.0,4.0,3.0,1.6666666666666667,0.4444444444444444,1.0,2.0,2.0,3.0,0.75,2.0,4.0,3.0,1.625,0.46875,1.0,2.0,2.0,16.875,5.90625,9.0,25.0,21.0,0.9583333333333334,0.0781249999999999,0.3333333333333333,1.0,1.0,1.0,0.3333333333333333,0.4444444444444444,0.0869565217391304,0.0434782608695652,0.3043478260869565,0.3043478260869565,0.8695652173913043,1,1,0,1,1,1,1,1,0,0,0,1,0,0,3.0,1.0,1,0.4444444444444444,homorhythmic,high
8,4.0,1.0,1,7.0,1.75,2.5,2.5,1.25,0.25,0.0,0.0,48.56818181818182,17.553719008264462,32.0,84.0,41.0,0.3928571428571428,0.1224489795918367,0.25,0.5,0.5,0.4,0.12,0.25,0.5,0.5,2.8,0.3200000000000001,2.0,3.0,3.0,1.8,0.3199999999999999,1.0,2.0,2.0,2.75,0.375,2.0,3.0,3.0,1.75,0.375,1.0,2.0,2.0,39.8125,14.90625,10.0,53.0,47.0,0.9375,0.109375,0.3333333333333333,1.0,1.0,1.0,0.0,0.0,0.16,0.0,0.0,0.0,0.84,1,1,0,1,1,0,1,1,0,0,1,1,0,0,3.0,1.0,1,0.0,homorhythmic,high
9,4.0,1.0,1,7.5,1.75,2.5,2.5,1.5,0.2333333333333333,0.0,0.0,53.541666666666664,23.222222222222225,31.0,89.0,41.0,0.4,0.1199999999999999,0.25,0.5,0.5,0.4,0.12,0.25,0.5,0.5,3.0,0.0,3.0,3.0,3.0,2.0,0.0,2.0,2.0,2.0,3.0,0.0,3.0,3.0,3.0,2.0,0.0,2.0,2.0,2.0,58.125,1.3125,53.0,59.0,59.0,0.4583333333333333,0.1875,0.3333333333333333,1.0,0.3333333333333333,0.4,0.0,0.0,0.1481481481481481,0.0,0.0,0.0,0.8518518518518519,1,0,0,0,1,0,1,1,0,0,1,1,0,0,3.0,1.0,1,0.0,homorhythmic,high
10,4.0,1.0,1,12.0,2.0,4.0,4.0,1.75,0.1666666666666666,0.0,0.0,52.75,22.0,31.0,89.0,41.0,0.25,0.0,0.25,0.25,0.25,0.25,0.0,0.25,0.25,0.25,3.0,0.0,3.0,3.0,3.0,2.0,0.0,2.0,2.0,2.0,3.0,0.0,3.0,3.0,3.0,2.0,0.0,2.0,2.0,2.0,55.25,1.5,53.0,58.0,55.5,0.6666666666666667,0.1666666666666666,0.3333333333333333,1.0,0.6666666666666666,0.5,0.0,0.0,0.4,0.0,0.0,0.0,0.6,1,0,0,0,1,0,1,1,0,0,1,1,0,0,3.0,1.0,1,0.0,homorhythmic,high
11,4.0,1.0,1,11.5,4.5,4.0,4.0,2.0,0.391304347826087,0.0,0.0,58.28260869565217,15.878071833648391,31.0,89.0,55.0,0.25,0.0,0.25,0.25,0.25,0.25,0.0,0.25,0.25,0.25,2.875,0.21875,2.0,3.0,3.0,1.875,0.21875,1.0,2.0,2.0,2.875,0.21875,2.0,3.0,3.0,1.875,0.21875,1.0,2.0,2.0,40.1875,9.6640625,13.0,57.0,41.5,0.75,0.28125,0.3333333333333333,1.0,1.0,0.0,0.0,0.6875,0.3953488372093023,0.0232558139534883,0.0,0.4418604651162791,0.5581395348837209,1,0,1,0,1,1,1,1,1,0,0,1,0,0,3.0,1.0,1,0.6875,homorhythmic,high
12,4.0,1.0,1,2.75,2.5,1.0,2.0,0.75,0.9090909090909092,0.5,0.125,54.0,9.636363636363637,36.0,72.0,55.0,0.5,0.0,0.5,0.5,0.5,1.0,0.0,1.0,1.0,1.0,2.75,0.375,2.0,3.0,3.0,1.75,0.375,1.0,2.0,2.0,1.375,1.375,0.0,3.0,1.0,0.875,0.875,0.0,2.0,0.5,11.0,11.0,0.0,25.0,6.5,1.0,0.0,1.0,1.0,1.0,0.0,0.0,1.0,0.0,0.0,0.0,0.0,0.0,0,1,0,1,0,1,1,1,0,0,0,0,1,1,1.0,1.0,1,1.0,monophonic,high
13,4.0,1.0,1,0.75,0.75,0.25,0.25,0.25,1.0,0.0,0.0,43.0,8.0,31.0,55.0,43.0,4.0,0.0,4.0,4.0,4.0,4.0,0.0,4.0,4.0,4.0,3.0,0.0,3.0,3.0,3.0,2.0,0.0,2.0,2.0,2.0,3.0,0.0,3.0,3.0,3.0,2.0,0.0,2.0,2.0,2.0,25.0,0.0,25.0,25.0,25.0,1.0,0.0,1.0,1.0,1.0,0.0,0.0,1.0,0.0,0.0,0.0,0.0,0.0,1,0,0,0,0,1,1,1,0,1,0,1,0,1,3.0,1.0,1,1.0,homorhythmic,high
14,4.0,1.0,1,8.5,1.25,4.0,4.0,0.75,0.1470588235294117,0.0,0.0,55.3235294117647,6.283737024221453,36.0,64.0,55.0,0.25,0.0,0.25,0.25,0.25,0.25,0.0,0.25,0.25,0.25,2.125,0.21875,2.0,3.0,2.0,0.6875,0.6015625,0.0,2.0,1.0,2.125,0.21875,2.0,3.0,2.0,0.6875,0.6015625,0.0,2.0,1.0,13.4375,6.5078125,6.0,29.0,17.0,1.0,0.0,1.0,1.0,1.0,0.0,0.4375,0.125,0.0,0.4838709677419355,0.4193548387096774,0.5483870967741935,0.0967741935483871,0,0,0,0,0,1,1,0,0,0,1,1,0,0,2.0,1.0,1,0.125,homorhythmic,high
15,4.0,1.0,1,8.0,1.75,4.0,4.0,1.5,0.21875,0.0,0.0,57.125,5.375,48.0,66.0,58.5,0.25,0.0,0.25,0.25,0.25,0.25,0.0,0.25,0.25,0.25,2.0,0.0,2.0,2.0,2.0,0.5,0.5,0.0,1.0,0.5,2.0,0.0,2.0,2.0,2.0,0.5,0.5,0.0,1.0,0.5,11.75,5.75,6.0,19.0,11.5,0.875,0.21875,0.0,1.0,1.0,0.0,0.5,0.0,0.0,0.4666666666666667,0.4,0.4,0.0,1,0,0,0,0,0,0,0,0,0,1,1,0,0,2.0,1.0,1,0.0,homorhythmic,low
16,4.0,1.0,1,8.5,1.5,4.0,4.0,1.0,0.1764705882352941,0.0,0.0,55.64705882352941,7.031141868512111,47.0,71.0,55.0,0.25,0.0,0.25,0.25,0.25,0.25,0.0,0.25,0.25,0.25,2.125,0.546875,1.0,3.0,2.0,0.625,0.46875,0.0,1.0,1.0,2.125,0.546875,1.0,3.0,2.0,0.625,0.46875,0.0,1.0,1.0,11.9375,7.078125,1.0,25.0,13.0,0.9375,0.1171875,0.0,1.0,1.0,0.5,0.0,0.25,0.064516129032258,0.032258064516129,0.4838709677419355,0.2258064516129032,0.1935483870967742,0,1,0,1,0,0,1,0,0,0,1,1,0,1,2.0,1.0,1,0.25,homorhythmic,high
17,4.0,1.0,1,9.0,2.0,4.0,4.0,1.25,0.2222222222222222,0.0,0.0,61.388888888888886,14.296296296296292,47.0,86.0,55.0,0.25,0.0,0.25,0.25,0.25,0.25,0.0,0.25,0.25,0.25,2.25,0.5625,1.0,3.0,2.0,0.75,0.375,0.0,1.0,1.0,2.25,0.5625,1.0,3.0,2.0,0.75,0.375,0.0,1.0,1.0,25.25,11.4375,1.0,40.0,31.0,0.9375,0.1171875,0.0,1.0,1.0,0.5,0.0,0.0,0.1212121212121212,0.0,0.4545454545454545,0.0,0.2121212121212121,1,0,0,0,1,0,1,0,0,0,1,1,0,0,2.0,1.0,1,0.0,homorhythmic,high
18,4.0,1.0,1,8.5,1.25,4.0,4.0,0.75,0.1470588235294117,0.0,0.0,57.088235294117645,6.034602076124567,38.0,65.0,57.0,0.25,0.0,0.25,0.25,0.25,0.25,0.0,0.25,0.25,0.25,2.125,0.21875,2.0,3.0,2.0,0.6875,0.6015625,0.0,2.0,1.0,2.125,0.21875,2.0,3.0,2.0,0.6875,0.6015625,0.0,2.0,1.0,12.9375,6.0703125,6.0,28.0,16.0,1.0,0.0,1.0,1.0,1.0,0.0,0.4375,0.125,0.0,0.4838709677419355,0.4193548387096774,0.5483870967741935,0.0967741935483871,0,0,0,0,0,1,0,0,0,0,1,1,0,0,2.0,1.0,1,0.125,homorhythmic,low
19,4.0,1.0,1,8.0,1.75,4.0,4.0,1.5,0.21875,0.0,0.0,58.9375,5.1953125,50.0,68.0,60.5,0.25,0.0,0.25,0.25,0.25,0.25,0.0,0.25,0.25,0.25,2.0,0.0,2.0,2.0,2.0,0.5,0.5,0.0,1.0,0.5,2.0,0.0,2.0,2.0,2.0,0.5,0.5,0.0,1.0,0.5,11.375,5.375,6.0,19.0,11.0,0.875,0.21875,0.0,1.0,1.0,0.0,0.5,0.0,0.0,0.4666666666666667,0.4,0.4,0.0,1,0,0,0,0,0,0,0,0,0,1,1,0,0,2.0,1.0,1,0.0,homorhythmic,low
20,4.0,1.0,1,8.5,1.5,4.0,4.0,1.0,0.1764705882352941,0.0,0.0,57.38235294117647,7.1280276816609005,48.0,72.0,57.0,0.25,0.0,0.25,0.25,0.25,0.25,0.0,0.25,0.25,0.25,2.125,0.546875,1.0,3.0,2.0,0.625,0.46875,0.0,1.0,1.0,2.125,0.546875,1.0,3.0,2.0,0.625,0.46875,0.0,1.0,1.0,12.375,7.03125,1.0,25.0,13.0,0.9375,0.1171875,0.0,1.0,1.0,0.5,0.0,0.25,0.064516129032258,0.032258064516129,0.4838709677419355,0.2258064516129032,0.1935483870967742,0,0,0,0,0,0,1,0,0,0,1,1,0,1,2.0,1.0,1,0.25,homorhythmic,high
21,4.0,1.0,1,9.0,2.0,4.0,4.0,1.25,0.2222222222222222,0.0,0.0,63.138888888888886,14.407407407407405,48.0,88.0,57.0,0.25,0.0,0.25,0.25,0.25,0.25,0.0,0.25,0.25,0.25,2.25,0.5625,1.0,3.0,2.0,0.75,0.375,0.0,1.0,1.0,2.25,0.5625,1.0,3.0,2.0,0.75,0.375,0.0,1.0,1.0,25.6875,11.515625,1.0,41.0,31.0,0.9375,0.1171875,0.0,1.0,1.0,0.5,0.0,0.0,0.1212121212121212,0.0,0.4545454545454545,0.0,0.2121212121212121,1,0,0,0,1,0,1,0,0,0,1,1,0,0,2.0,1.0,1,0.0,homorhythmic,high
22,4.0,1.0,1,9.0,2.0,4.0,4.0,1.25,0.2222222222222222,0.0,0.0,63.47222222222222,14.407407407407408,48.0,88.0,58.0,0.25,0.0,0.25,0.25,0.25,0.25,0.0,0.25,0.25,0.25,2.25,0.5625,1.0,3.0,2.0,0.75,0.375,0.0,1.0,1.0,2.25,0.5625,1.0,3.0,2.0,0.75,0.375,0.0,1.0,1.0,25.5625,11.421875,1.0,41.0,30.0,0.7291666666666666,0.3723958333333332,0.0,1.0,1.0,0.5,0.0,0.0,0.1212121212121212,0.0,0.0,0.0,0.2121212121212121,1,1,0,1,1,0,1,0,0,0,1,1,0,0,2.0,1.0,1,0.0,homorhythmic,high
23,4.0,1.0,1,8.0,3.0,4.0,4.0,1.5,0.375,0.0,0.0,66.1875,13.1875,47.0,83.0,67.0,0.25,0.0,0.25,0.25,0.25,0.25,0.0,0.25,0.25,0.25,2.0,0.0,2.0,2.0,2.0,1.0,0.0,1.0,1.0,1.0,2.0,0.0,2.0,2.0,2.0,1.0,0.0,1.0,1.0,1.0,27.375,5.0,17.0,37.0,27.5,0.75,0.375,0.0,1.0,1.0,0.0,0.0,0.0,0.3333333333333333,0.3,0.1333333333333333,0.1,0.1333333333333333,1,0,0,0,1,0,1,0,0,0,0,1,0,0,2.0,1.0,1,0.0,homorhythmic,high
24,4.0,1.0,1,8.0,4.25,4.0,4.0,2.5,0.53125,0.0,0.0,64.65625,10.90625,47.0,82.0,64.5,0.25,0.0,0.25,0.25,0.25,0.25,0.0,0.25,0.25,0.25,2.0,0.0,2.0,2.0,2.0,1.0,0.0,1.0,1.0,1.0,2.0,0.0,2.0,2.0,2.0,1.0,0.0,1.0,1.0,1.0,22.8125,4.8125,12.0,33.0,23.0,0.6875,0.4296875,0.0,1.0,1.0,0.0,0.0,0.0,0.5666666666666667,0.2,0.1333333333333333,0.1666666666666666,0.0,1,0,1,0,1,0,1,0,1,0,0,0,0,0,2.0,1.0,1,0.0,homorhythmic,high
25,4.0,1.0,1,8.0,3.25,4.0,4.0,1.75,0.40625,0.0,0.0,66.125,13.125,47.0,83.0,67.0,0.25,0.0,0.25,0.25,0.25,0.25,0.0,0.25,0.25,0.25,2.0,0.0,2.0,2.0,2.0,1.0,0.0,1.0,1.0,1.0,2.0,0.0,2.0,2.0,2.0,1.0,0.0,1.0,1.0,1.0,27.25,5.0,17.0,37.0,27.5,0.6875,0.4296875,0.0,1.0,1.0,0.0,0.0,0.0,0.4666666666666667,0.3,0.1333333333333333,0.1,0.0,1,0,1,0,1,0,1,1,1,0,0,0,0,0,2.0,1.0,1,0.0,homorhythmic,high
26,4.0,1.0,1,8.0,4.25,4.0,4.0,2.5,0.53125,0.0,0.0,64.65625,10.90625,47.0,82.0,64.5,0.25,0.0,0.25,0.25,0.25,0.25,0.0,0.25,0.25,0.25,2.0,0.0,2.0,2.0,2.0,1.0,0.0,1.0,1.0,1.0,2.0,0.0,2.0,2.0,2.0,1.0,0.0,1.0,1.0,1.0,22.8125,4.8125,12.0,33.0,23.0,0.6875,0.4296875,0.0,1.0,1.0,0.0,0.0,0.0,0.5666666666666667,0.2,0.1333333333333333,0.1666666666666666,0.0,1,0,1,0,1,0,1,0,1,0,0,0,0,0,2.0,1.0,1,0.0,homorhythmic,high
27,4.0,1.0,1,8.0,3.5,4.0,4.0,1.5,0.4375,0.0,0.0,64.875,10.5,47.0,83.0,64.5,0.25,0.0,0.25,0.25,0.25,0.25,0.0,0.25,0.25,0.25,2.0,0.0,2.0,2.0,2.0,1.0,0.0,1.0,1.0,1.0,2.0,0.0,2.0,2.0,2.0,1.0,0.0,1.0,1.0,1.0,22.0,6.75,13.0,37.0,22.0,1.0,0.0,1.0,1.0,1.0,0.0,0.0,0.375,0.2666666666666666,0.5,0.2333333333333333,0.0,0.0,0,0,1,0,0,1,1,1,1,0,0,0,0,0,2.0,1.0,1,0.375,homorhythmic,high
28,4.0,1.0,1,8.0,3.0,4.0,4.0,1.25,0.375,0.0,0.0,65.0,12.0,47.0,83.0,65.0,0.25,0.0,0.25,0.25,0.25,0.25,0.0,0.25,0.25,0.25,2.0,0.0,2.0,2.0,2.0,1.0,0.0,1.0,1.0,1.0,2.0,0.0,2.0,2.0,2.0,1.0,0.0,1.0,1.0,1.0,25.0,7.5,13.0,37.0,25.0,1.0,0.0,1.0,1.0,1.0,0.0,0.0,0.25,0.0,0.5333333333333333,0.2666666666666666,0.2,0.0,0,0,1,0,0,0,1,1,1,0,0,1,0,0,2.0,1.0,1,0.25,homorhythmic,high
29,4.0,1.0,1,8.0,2.5,4.0,4.0,0.75,0.3125,0.0,0.0,61.71875,9.138671875,47.0,83.0,59.0,0.25,0.0,0.25,0.25,0.25,0.25,0.0,0.25,0.25,0.25,2.0,1.5,1.0,5.0,1.0,0.25,0.375,0.0,1.0,0.0,2.0,1.5,1.0,5.0,1.0,0.25,0.375,0.0,1.0,0.0,8.4375,11.15625,1.0,37.0,1.0,1.0,0.0,1.0,1.0,1.0,0.25,0.25,0.25,0.0,0.6296296296296297,0.5185185185185185,0.2592592592592592,0.4444444444444444,0,1,0,1,0,0,1,0,0,0,1,1,1,0,1.0,1.0,1,0.25,monophonic,high
30,4.0,1.0,1,4.0,2.25,4.0,4.0,0.75,0.5625,0.0,0.0,52.6875,7.1015625,35.0,66.0,54.0,0.25,0.0,0.25,0.25,0.25,0.25,0.0,0.25,0.25,0.25,1.0,0.0,1.0,1.0,1.0,0.0,0.0,0.0,0.0,0.0,1.0,0.0,1.0,1.0,1.0,0.0,0.0,0.0,0.0,0.0,1.0,0.0,1.0,1.0,1.0,1.0,0.0,1.0,1.0,1.0,0.0,0.0,0.0,0.0,0.5333333333333333,0.2666666666666666,0.0666666666666666,0.0,0,0,1,0,0,0,0,0,1,0,0,0,0,1,1.0,1.0,0,0.0,monophonic,high
31,4.0,1.0,1,2.5,2.5,2.0,2.0,0.75,1.0,0.0,0.0,52.2,11.04,35.0,73.0,50.0,0.5,0.0,0.5,0.5,0.5,0.5,0.0,0.5,0.5,0.5,1.25,0.375,1.0,2.0,1.0,0.25,0.375,0.0,1.0,0.0,1.25,0.375,1.0,2.0,1.0,0.25,0.375,0.0,1.0,0.0,6.0,7.5,1.0,33.0,1.0,1.0,0.0,1.0,1.0,1.0,0.125,0.0,0.0,0.0,0.0,0.0,0.5555555555555556,0.0,0,0,0,0,0,0,0,0,0,0,0,0,1,0,1.0,1.0,1,0.0,monophonic,high
32,4.0,1.0,1,3.0,2.5,2.0,2.0,0.75,0.8333333333333334,0.0,0.0,57.833333333333336,11.500000000000002,39.0,76.0,58.5,0.5,0.0,0.5,0.5,0.5,0.5,0.0,0.5,0.5,0.5,1.5,0.5,1.0,2.0,1.5,0.5,0.5,0.0,1.0,0.5,1.5,0.5,1.0,2.0,1.5,0.5,0.5,0.0,1.0,0.5,12.25,11.8125,1.0,37.0,5.5,1.0,0.0,1.0,1.0,1.0,0.125,0.0,0.125,0.0,0.0,0.0,0.6,0.0,0,0,0,0,0,1,0,1,0,0,0,0,0,0,1.5,1.0,1,0.125,homorhythmic,low
33,4.0,1.0,1,3.0,2.75,2.0,2.0,1.0,0.9166666666666666,0.0,0.0,65.83333333333333,11.222222222222223,42.0,81.0,68.5,0.5,0.0,0.5,0.5,0.5,0.5,0.0,0.5,0.5,0.5,1.5,0.5,1.0,2.0,1.5,0.5,0.5,0.0,1.0,0.5,1.5,0.5,1.0,2.0,1.5,0.5,0.5,0.0,1.0,0.5,14.25,13.25,1.0,40.0,8.5,0.875,0.21875,0.0,1.0,1.0,0.0,0.0,0.0,0.0,0.0,0.0,0.5454545454545454,0.0,0,0,0,0,0,0,0,0,0,0,0,0,0,1,1.5,1.0,1,0.0,homorhythmic,low
34,4.0,1.0,1,4.0,3.25,2.0,2.0,1.5,0.8125,0.0,0.0,66.125,12.125,45.0,81.0,68.0,0.5,0.0,0.5,0.5,0.5,0.5,0.0,0.5,0.5,0.5,2.0,0.0,2.0,2.0,2.0,1.0,0.0,1.0,1.0,1.0,2.0,0.0,2.0,2.0,2.0,1.0,0.0,1.0,1.0,1.0,25.25,8.75,16.0,37.0,24.0,0.75,0.375,0.0,1.0,1.0,0.0,0.0,0.0,0.0,0.0714285714285714,0.1428571428571428,0.2857142857142857,0.0,1,0,0,0,1,1,1,1,0,0,0,0,0,0,2.0,1.0,1,0.0,homorhythmic,high
35,4.0,1.0,1,4.0,3.25,0.75,0.75,1.75,0.8125,0.0,0.0,70.0,5.333333333333333,59.0,80.0,69.0,1.3125,0.4296875,1.0,2.0,1.0,1.3333333333333333,0.4444444444444444,1.0,2.0,1.0,5.333333333333333,0.4444444444444443,5.0,6.0,5.0,0.3333333333333333,0.4444444444444445,0.0,1.0,0.0,5.25,0.375,5.0,6.0,5.0,0.25,0.375,0.0,1.0,0.0,17.5,1.25,16.0,20.0,17.0,0.95,0.075,0.8,1.0,1.0,1.0,1.0,1.0,0.9090909090909092,0.1818181818181818,1.0,0.0909090909090909,0.0,1,1,0,1,1,0,1,1,0,1,0,1,0,0,5.0,1.0,1,1.0,homorhythmic,high
36,4.0,1.0,1,2.5,2.5,0.5,0.5,1.75,1.0,0.0,0.0,64.7,5.44,56.0,75.0,63.5,2.0,0.0,2.0,2.0,2.0,2.0,0.0,2.0,2.0,2.0,5.0,1.0,4.0,6.0,5.0,1.0,0.0,1.0,1.0,1.0,5.0,1.0,4.0,6.0,5.0,1.0,0.0,1.0,1.0,1.0,18.5,1.5,17.0,20.0,18.5,0.9,0.0999999999999999,0.8,1.0,0.9,1.0,1.0,1.0,1.0,0.5,0.5,0.0,0.0,1,1,0,1,0,0,1,1,0,1,0,1,0,0,5.0,1.0,1,1.0,homorhythmic,high
37,4.0,1.0,1,4.5,3.5,0.75,0.75,1.75,0.7777777777777778,0.0,0.0,65.32,6.892799999999999,54.0,78.0,64.0,1.3888888888888888,0.4753086419753086,1.0,2.0,1.0,1.3333333333333333,0.4444444444444444,1.0,2.0,1.0,6.0,0.6666666666666666,5.0,7.0,6.0,1.0,0.0,1.0,1.0,1.0,6.25,0.75,5.0,7.0,6.5,1.0,0.0,1.0,1.0,1.0,21.75,0.375,21.0,22.0,22.0,0.7761904761904762,0.1571428571428571,0.6190476190476191,1.0,0.7428571428571429,1.0,1.0,1.0,0.9090909090909092,0.4545454545454545,0.8181818181818182,0.2727272727272727,0.2727272727272727,1,1,0,1,1,1,1,1,0,1,0,1,0,0,6.5,0.96,1,1.0,homorhythmic,high
38,4.0,1.0,1,4.5,2.75,0.75,0.75,1.5,0.6111111111111112,0.0,0.0,69.08333333333333,5.923611111111111,59.0,80.0,68.5,1.3333333333333333,0.4444444444444444,1.0,2.0,1.0,1.3333333333333333,0.4444444444444444,1.0,2.0,1.0,6.0,0.0,6.0,6.0,6.0,0.3333333333333333,0.4444444444444445,0.0,1.0,0.0,6.0,0.0,6.0,6.0,6.0,0.25,0.375,0.0,1.0,0.0,21.0,1.0,20.0,22.0,21.0,0.95,0.075,0.8,1.0,1.0,1.0,1.0,1.0,0.4166666666666667,0.75,0.75,0.5833333333333334,0.5833333333333334,1,1,0,1,1,1,1,0,0,1,0,1,0,0,6.0,1.0,1,1.0,homorhythmic,high
39,4.0,1.0,1,4.0,3.25,0.75,0.75,1.75,0.8125,0.0,0.0,58.0,5.333333333333333,47.0,68.0,57.0,1.3125,0.4296875,1.0,2.0,1.0,1.3333333333333333,0.4444444444444444,1.0,2.0,1.0,5.333333333333333,0.4444444444444443,5.0,6.0,5.0,0.3333333333333333,0.4444444444444445,0.0,1.0,0.0,5.25,0.375,5.0,6.0,5.0,0.25,0.375,0.0,1.0,0.0,17.5,1.25,16.0,20.0,17.0,0.95,0.075,0.8,1.0,1.0,1.0,1.0,1.0,0.9090909090909092,0.1818181818181818,1.0,0.0909090909090909,0.0,1,1,0,1,1,1,1,1,0,1,0,1,0,0,5.0,1.0,1,1.0,homorhythmic,high
40,4.0,1.0,1,2.75,2.75,0.5,0.5,1.75,1.0,0.0,0.0,53.09090909090909,5.371900826446281,44.0,63.0,52.0,2.0,0.0,2.0,2.0,2.0,2.0,0.0,2.0,2.0,2.0,5.5,0.5,5.0,6.0,5.5,0.5,0.5,0.0,1.0,0.5,5.5,0.5,5.0,6.0,5.5,0.5,0.5,0.0,1.0,0.5,18.5,1.5,17.0,20.0,18.5,0.9,0.0999999999999999,0.8,1.0,0.9,1.0,1.0,1.0,0.8,0.6,0.4,0.0,0.0,1,1,0,1,0,1,1,0,0,1,0,1,0,0,5.5,1.0,1,1.0,homorhythmic,high
41,4.0,1.0,1,5.0,2.25,1.0,1.0,1.75,0.45,0.0,0.0,50.55,7.640000000000001,35.0,63.0,54.0,1.0,0.0,1.0,1.0,1.0,1.0,0.0,1.0,1.0,1.0,5.0,0.0,5.0,5.0,5.0,2.0,0.5,1.0,3.0,2.0,5.0,0.0,5.0,5.0,5.0,2.0,0.5,1.0,3.0,2.0,26.5,1.5,25.0,29.0,26.0,0.75,0.125,0.6,1.0,0.7,1.0,1.0,1.0,0.3333333333333333,0.4,0.6,0.4666666666666667,0.7333333333333333,1,1,0,1,1,1,1,1,0,0,0,1,0,0,5.0,1.0,1,1.0,homorhythmic,high
42,4.0,1.0,1,4.75,3.75,3.0,3.0,2.5,0.7894736842105263,0.0,0.0,63.26315789473685,11.66759002770083,40.0,79.0,68.0,0.3333333333333333,0.0,0.3333333333333333,0.3333333333333333,0.3333333333333333,0.3333333333333333,0.0044444444444443,0.3299999999999998,0.3400000000000001,0.33,1.5833333333333333,0.875,1.0,4.0,1.0,0.5,0.75,0.0,2.0,0.0,1.5825,0.87375,1.0,4.0,1.0,0.5,0.75,0.0,2.0,0.0,7.505,9.7575,1.0,29.0,1.0,0.945,0.1009249999999999,0.3333333333333333,1.0,1.0,0.0833333333333333,0.0,0.25,0.7333333333333333,0.0666666666666666,0.0,0.2666666666666666,0.2666666666666666,0,1,0,1,0,1,1,1,0,0,0,0,1,1,1.0,1.0,1,0.25,monophonic,high
43,4.0,1.0,1,12.25,3.25,3.0,3.0,2.0,0.2653061224489796,0.0,0.0,68.55102040816327,4.960433152852978,59.0,81.0,68.0,0.3333333333333333,0.0,0.3333333333333333,0.3333333333333333,0.3333333333333333,0.3333333333333333,0.0044444444444443,0.3299999999999998,0.3400000000000001,0.33,4.083333333333333,0.3055555555555553,3.0,5.0,4.0,0.8333333333333334,0.2777777777777777,0.0,1.0,1.0,4.085,0.306525,3.0,5.0,4.0,0.835,0.2755500000000001,0.0,1.0,1.0,16.345,2.431350000000001,8.0,22.0,17.0,0.8399999999999999,0.1344,0.6,1.0,0.8333333333333334,1.0,1.0,0.4166666666666667,0.2888888888888888,0.6444444444444445,0.5555555555555556,0.1555555555555555,0.6444444444444445,1,1,0,1,1,0,1,0,0,0,1,1,0,0,4.0,0.9995920032639738,1,0.4166666666666667,homorhythmic,high
44,4.0,1.0,1,13.0,3.0,3.0,3.0,1.75,0.2307692307692307,0.0,0.0,63.28846153846153,4.486686390532544,56.0,76.0,63.0,0.3333333333333333,0.0,0.3333333333333333,0.3333333333333333,0.3333333333333333,0.3333333333333333,0.0044444444444443,0.3299999999999998,0.3400000000000001,0.33,4.333333333333333,0.5555555555555555,3.0,5.0,4.0,0.6666666666666666,0.4444444444444445,0.0,1.0,1.0,4.335,0.5552750000000001,3.0,5.0,4.0,0.6699999999999999,0.4422000000000001,0.0,1.0,1.0,16.1075,3.2059499999999996,8.0,21.0,17.0,0.81475,0.15468375,0.5,1.0,0.8,1.0,1.0,0.6666666666666666,0.1041666666666666,0.875,0.4791666666666667,0.2916666666666667,0.7291666666666666,1,1,0,1,1,0,1,0,0,0,1,1,0,0,4.0,0.9996155324875048,1,0.6666666666666666,homorhythmic,high
45,4.0,1.0,1,15.75,4.0,3.0,3.0,2.0,0.2539682539682539,0.0,0.0,63.793650793650784,6.335600907029477,54.0,80.0,63.0,0.3333333333333333,0.0,0.3333333333333333,0.3333333333333333,0.3333333333333333,0.3333333333333333,0.0044444444444443,0.3299999999999998,0.3400000000000001,0.33,5.25,0.625,4.0,6.0,5.0,1.4166666666666667,0.4861111111111111,1.0,2.0,1.0,5.2525,0.6241625000000002,4.0,6.0,5.0,1.4175,0.4863875,1.0,2.0,1.0,20.6775,2.150362500000001,16.0,24.0,22.0,0.778,0.156,0.6,1.0,0.7333333333333334,1.0,1.0,1.0,0.4137931034482758,0.5689655172413793,0.6551724137931034,0.4137931034482758,0.7241379310344828,1,1,0,1,1,0,1,1,0,0,1,1,0,0,5.0,0.9995240361732508,1,1.0,homorhythmic,high
46,4.0,1.0,1,13.5,4.5,3.0,3.0,2.0,0.3333333333333333,0.0,0.0,67.77777777777779,6.646090534979425,47.0,83.0,68.0,0.3333333333333333,0.0,0.3333333333333333,0.3333333333333333,0.3333333333333333,0.3333333333333333,0.0044444444444443,0.3299999999999998,0.3400000000000001,0.33,4.5,0.75,3.0,5.0,5.0,1.0,0.1666666666666666,0.0,2.0,1.0,4.5,0.75,3.0,5.0,5.0,0.9975,0.1695749999999999,0.0,2.0,1.0,21.5675,2.1538625,17.0,27.0,22.0,0.8314166666666667,0.1807424999999999,0.3333333333333333,1.0,1.0,1.0,0.75,0.6666666666666666,0.4081632653061224,0.5102040816326531,0.5510204081632653,0.3877551020408163,0.5510204081632653,1,1,0,1,1,0,1,1,0,0,1,1,0,0,5.0,1.0,1,0.6666666666666666,homorhythmic,high
47,4.0,1.0,1,12.25,3.25,3.0,3.0,2.0,0.2653061224489796,0.0,0.0,56.55102040816327,4.960433152852978,47.0,69.0,56.0,0.3333333333333333,0.0,0.3333333333333333,0.3333333333333333,0.3333333333333333,0.3333333333333333,0.0044444444444443,0.3299999999999998,0.3400000000000001,0.33,4.083333333333333,0.3055555555555553,3.0,5.0,4.0,0.8333333333333334,0.2777777777777777,0.0,1.0,1.0,4.085,0.306525,3.0,5.0,4.0,0.835,0.2755500000000001,0.0,1.0,1.0,16.345,2.431350000000001,8.0,22.0,17.0,0.8399999999999999,0.1344,0.6,1.0,0.8333333333333334,1.0,1.0,0.4166666666666667,0.2888888888888888,0.6444444444444445,0.5555555555555556,0.1555555555555555,0.6444444444444445,1,1,0,1,1,0,1,0,0,0,1,1,0,0,4.0,0.9995920032639738,1,0.4166666666666667,homorhythmic,high
48,4.0,1.0,1,13.0,3.0,3.0,3.0,1.75,0.2307692307692307,0.0,0.0,51.28846153846154,4.486686390532545,44.0,64.0,51.0,0.3333333333333333,0.0,0.3333333333333333,0.3333333333333333,0.3333333333333333,0.3333333333333333,0.0044444444444443,0.3299999999999998,0.3400000000000001,0.33,4.333333333333333,0.5555555555555555,3.0,5.0,4.0,0.6666666666666666,0.4444444444444445,0.0,1.0,1.0,4.335,0.5552750000000001,3.0,5.0,4.0,0.6699999999999999,0.4422000000000001,0.0,1.0,1.0,16.1075,3.2059499999999996,8.0,21.0,17.0,0.81475,0.15468375,0.5,1.0,0.8,1.0,1.0,0.6666666666666666,0.1041666666666666,0.875,0.4791666666666667,0.2916666666666667,0.7291666666666666,1,1,0,1,1,0,1,0,0,0,1,1,0,0,4.0,0.9996155324875048,1,0.6666666666666666,homorhythmic,high
49,4.0,1.0,1,11.0,2.25,3.0,3.0,1.75,0.2045454545454545,0.0,0.0,47.61363636363636,7.21487603305785,35.0,63.0,47.0,0.3333333333333333,0.0,0.3333333333333333,0.3333333333333333,0.3333333333333333,0.3333333333333333,0.0044444444444443,0.3299999999999998,0.3400000000000001,0.33,3.6666666666666665,0.4444444444444445,3.0,4.0,4.0,2.0,0.3333333333333333,1.0,3.0,2.0,3.67,0.4422000000000001,3.0,4.0,4.0,2.005,0.3382999999999997,1.0,3.0,2.0,22.9525,2.4358125,18.0,29.0,23.0,0.8891666666666667,0.1479625,0.6666666666666666,1.0,1.0,0.4166666666666667,1.0,1.0,0.048780487804878,0.2439024390243902,0.6097560975609756,0.5853658536585366,0.7804878048780488,1,1,0,1,1,1,1,1,0,0,0,1,0,0,4.0,0.9990917347865577,1,1.0,homorhythmic,high
50,4.0,1.0,1,7.0,2.5,3.0,3.0,1.5,0.3571428571428571,0.0,0.0,53.964285714285715,7.890306122448979,40.0,69.0,52.0,0.3333333333333333,0.0,0.3333333333333333,0.3333333333333333,0.3333333333333333,0.3333333333333333,0.0044444444444443,0.3299999999999998,0.3400000000000001,0.33,2.3333333333333335,0.5000000000000001,2.0,4.0,2.0,1.1666666666666667,0.2777777777777778,1.0,2.0,1.0,2.3325,0.49875,2.0,4.0,2.0,1.165,0.27555,1.0,2.0,1.0,18.75,2.925,13.0,25.0,19.0,0.915,0.1555499999999999,0.0,1.0,1.0,0.1666666666666666,0.0833333333333333,0.4166666666666667,0.0416666666666666,0.4166666666666667,0.2083333333333333,0.2916666666666667,0.5,0,1,0,1,0,1,1,1,0,0,0,1,1,1,2.0,1.0,1,0.4166666666666667,homorhythmic,high
51,4.0,1.0,1,6.0,2.25,3.0,3.0,1.5,0.375,0.0,0.0,56.916666666666664,9.916666666666668,47.0,75.0,53.0,0.3333333333333333,0.0,0.3333333333333333,0.3333333333333333,0.3333333333333333,0.3333333333333333,0.0044444444444443,0.3299999999999998,0.3400000000000001,0.33,2.0,0.0,2.0,2.0,2.0,1.0,0.0,1.0,1.0,1.0,2.0,0.0,2.0,2.0,2.0,1.0,0.0,1.0,1.0,1.0,20.8125,3.1765625,13.0,29.0,20.0,0.835,0.2755500000000001,0.0,1.0,1.0,0.0,0.0,0.0833333333333333,0.0454545454545454,0.2727272727272727,0.0909090909090909,0.1363636363636363,0.5,1,0,0,0,0,0,1,0,0,0,0,1,0,0,2.0,1.0,1,0.0833333333333333,homorhythmic,high
52,4.0,1.0,1,6.75,2.5,3.0,3.0,1.5,0.3703703703703703,0.0,0.0,62.333333333333336,10.074074074074073,44.0,76.0,68.0,0.3333333333333333,0.0,0.3333333333333333,0.3333333333333333,0.3333333333333333,0.3333333333333333,0.0044444444444443,0.3299999999999998,0.3400000000000001,0.33,2.25,0.375,2.0,3.0,2.0,1.25,0.375,1.0,2.0,1.0,2.25,0.375,2.0,3.0,2.0,1.25,0.375,1.0,2.0,1.0,22.25,4.48125,15.0,33.0,21.0,0.915,0.1555499999999999,0.0,1.0,1.0,0.25,0.0,0.0,0.0416666666666666,0.375,0.125,0.0,0.5,0,1,0,1,1,0,1,1,0,0,0,1,0,0,2.0,1.0,1,0.0,homorhythmic,high
53,4.0,1.0,1,6.0,2.25,3.0,3.0,1.5,0.375,0.0,0.0,62.916666666666664,8.090277777777779,47.0,71.0,67.0,0.3333333333333333,0.0,0.3333333333333333,0.3333333333333333,0.3333333333333333,0.3333333333333333,0.0044444444444443,0.3299999999999998,0.3400000000000001,0.33,2.0,0.0,2.0,2.0,2.0,1.0,0.0,1.0,1.0,1.0,2.0,0.0,2.0,2.0,2.0,1.0,0.0,1.0,1.0,1.0,17.1875,3.1765624999999997,9.0,25.0,18.0,0.835,0.2755500000000001,0.0,1.0,1.0,0.0833333333333333,0.0,0.0833333333333333,0.0454545454545454,0.2727272727272727,0.0909090909090909,0.1363636363636363,0.5,1,0,0,0,0,0,1,0,0,0,0,1,0,0,2.0,1.0,1,0.0833333333333333,homorhythmic,high
54,4.0,1.0,1,6.0,3.75,3.0,3.0,1.5,0.625,0.0,0.0,65.0,10.0,47.0,81.0,66.0,0.3333333333333333,0.0,0.3333333333333333,0.3333333333333333,0.3333333333333333,0.3333333333333333,0.0044444444444443,0.3299999999999998,0.3400000000000001,0.33,2.0,0.0,2.0,2.0,2.0,0.9166666666666666,0.1527777777777778,0.0,1.0,1.0,2.0,0.0,2.0,2.0,2.0,0.915,0.1555499999999999,0.0,1.0,1.0,21.0,6.379999999999999,5.0,35.0,21.5,0.8300000000000001,0.2821999999999999,0.0,1.0,1.0,0.0833333333333333,0.0,0.1666666666666666,0.0909090909090909,0.7272727272727273,0.2272727272727272,0.0,0.0,1,0,1,0,0,0,0,0,1,0,0,0,0,0,2.0,1.0,1,0.1666666666666666,homorhythmic,low
55,4.0,1.0,1,6.0,3.75,3.0,3.0,1.5,0.625,0.0,0.0,67.58333333333333,11.416666666666668,47.0,87.0,68.5,0.3333333333333333,0.0,0.3333333333333333,0.3333333333333333,0.3333333333333333,0.3333333333333333,0.0044444444444443,0.3299999999999998,0.3400000000000001,0.33,2.0,0.0,2.0,2.0,2.0,1.0,0.0,1.0,1.0,1.0,2.0,0.0,2.0,2.0,2.0,1.0,0.0,1.0,1.0,1.0,23.795,6.0439750000000005,13.0,37.0,22.0,0.9175,0.1513875,0.0,1.0,1.0,0.0,0.0,0.1666666666666666,0.1818181818181818,0.5,0.2727272727272727,0.0454545454545454,0.0,1,0,1,0,0,0,1,1,1,0,0,0,0,0,2.0,1.0,1,0.1666666666666666,homorhythmic,high
56,4.0,1.0,1,6.0,3.75,3.0,3.0,1.5,0.625,0.0,0.0,69.58333333333334,11.416666666666668,52.0,88.0,70.5,0.3333333333333333,0.0,0.3333333333333333,0.3333333333333333,0.3333333333333333,0.3333333333333333,0.0044444444444443,0.3299999999999998,0.3400000000000001,0.33,2.0,0.0,2.0,2.0,2.0,1.0,0.0,1.0,1.0,1.0,2.0,0.0,2.0,2.0,2.0,1.0,0.0,1.0,1.0,1.0,23.7575,5.3950875,13.0,33.0,25.0,0.9175,0.1513875,0.0,1.0,1.0,0.0,0.0,0.0833333333333333,0.1363636363636363,0.5,0.2727272727272727,0.0909090909090909,0.0,1,0,1,0,0,0,1,0,1,0,0,0,0,0,2.0,1.0,1,0.0833333333333333,homorhythmic,high
57,4.0,1.0,1,6.0,3.75,3.0,3.0,1.5,0.625,0.0,0.0,69.58333333333334,11.416666666666668,52.0,88.0,70.5,0.3333333333333333,0.0,0.3333333333333333,0.3333333333333333,0.3333333333333333,0.3333333333333333,0.0044444444444443,0.3299999999999998,0.3400000000000001,0.33,2.0,0.0,2.0,2.0,2.0,1.0,0.0,1.0,1.0,1.0,2.0,0.0,2.0,2.0,2.0,1.0,0.0,1.0,1.0,1.0,23.7575,5.3950875,13.0,33.0,25.0,0.9175,0.1513875,0.0,1.0,1.0,0.0,0.0,0.0833333333333333,0.1363636363636363,0.5,0.2727272727272727,0.0909090909090909,0.0,1,0,1,0,0,0,1,0,1,0,0,0,0,0,2.0,1.0,1,0.0833333333333333,homorhythmic,high
58,4.0,1.0,1,8.0,3.0,4.0,4.0,1.5,0.375,0.0,0.0,69.4375,12.5625,52.0,88.0,67.5,0.25,0.0,0.25,0.25,0.25,0.25,0.0,0.25,0.25,0.25,2.0,0.0,2.0,2.0,2.0,1.0,0.0,1.0,1.0,1.0,2.0,0.0,2.0,2.0,2.0,1.0,0.0,1.0,1.0,1.0,26.125,4.125,18.0,33.0,26.5,0.875,0.21875,0.0,1.0,1.0,0.0,0.0,0.0,0.1333333333333333,0.3666666666666666,0.4333333333333333,0.0,0.0,1,0,1,0,1,0,1,0,1,0,1,1,0,0,2.0,1.0,1,0.0,homorhythmic,high
59,4.0,1.0,1,8.0,1.5,4.0,4.0,1.25,0.1875,0.0,0.0,71.5,13.75,56.0,88.0,71.0,0.25,0.0,0.25,0.25,0.25,0.25,0.0,0.25,0.25,0.25,2.0,0.0,2.0,2.0,2.0,1.0,0.0,1.0,1.0,1.0,2.0,0.0,2.0,2.0,2.0,1.0,0.0,1.0,1.0,1.0,28.5,3.5,25.0,33.0,28.0,0.75,0.375,0.0,1.0,1.0,0.0,0.0,0.0,0.2666666666666666,0.5,0.2333333333333333,0.0,0.0,1,0,0,0,1,0,1,1,0,0,1,1,0,0,2.0,1.0,1,0.0,homorhythmic,high
60,4.0,1.0,1,8.0,1.75,4.0,4.0,1.0,0.21875,0.0,0.0,66.90625,17.71875,44.0,88.0,71.0,0.25,0.0,0.25,0.25,0.25,0.25,0.0,0.25,0.25,0.25,2.0,0.0,2.0,2.0,2.0,1.0,0.0,1.0,1.0,1.0,2.0,0.0,2.0,2.0,2.0,1.0,0.0,1.0,1.0,1.0,36.4375,5.7421875,25.0,43.0,32.5,0.5625,0.4921875,0.0,1.0,1.0,0.0,0.0,0.0,0.0,0.5,0.0333333333333333,0.0,0.0,1,0,1,0,1,0,1,1,1,0,1,1,0,0,2.0,1.0,1,0.0,homorhythmic,high
61,4.0,1.0,1,8.0,4.25,4.0,4.0,1.75,0.53125,0.0,0.0,61.5625,13.5625,44.0,86.0,57.0,0.25,0.0,0.25,0.25,0.25,0.25,0.0,0.25,0.25,0.25,2.0,0.0,2.0,2.0,2.0,1.0,0.0,1.0,1.0,1.0,2.0,0.0,2.0,2.0,2.0,1.0,0.0,1.0,1.0,1.0,28.125,7.5,11.0,43.0,28.5,0.5625,0.4921875,0.0,1.0,1.0,0.0,0.0,0.0,0.4666666666666667,0.0,0.0,0.0666666666666666,0.0333333333333333,1,0,1,0,1,0,1,0,1,0,0,0,0,0,2.0,1.0,1,0.0,homorhythmic,high
62,4.0,1.0,1,13.0,3.0,4.0,4.0,1.5,0.2307692307692307,0.0,0.0,54.94230769230769,8.689349112426038,45.0,76.0,52.0,0.25,0.0,0.25,0.25,0.25,0.25,0.0,0.25,0.25,0.25,3.25,1.125,1.0,4.0,4.0,0.75,0.375,0.0,1.0,1.0,3.25,1.125,1.0,4.0,4.0,0.75,0.375,0.0,1.0,1.0,18.8125,9.1328125,1.0,32.0,22.0,0.875,0.1562499999999999,0.5,1.0,1.0,0.75,0.75,0.125,0.2708333333333333,0.6041666666666666,0.375,0.0833333333333333,0.5625,1,1,0,1,1,0,1,1,0,0,1,1,0,0,4.0,1.0,1,0.125,homorhythmic,high
63,4.0,1.0,1,13.0,2.5,4.0,4.0,1.5,0.1923076923076923,0.0,0.0,59.5,15.0,45.0,88.0,52.0,0.25,0.0,0.25,0.25,0.25,0.25,0.0,0.25,0.25,0.25,3.25,1.125,1.0,4.0,4.0,0.75,0.375,0.0,1.0,1.0,3.25,1.125,1.0,4.0,4.0,0.75,0.375,0.0,1.0,1.0,29.875,14.4375,1.0,44.0,38.5,0.8958333333333334,0.1302083333333332,0.5,1.0,1.0,0.75,0.75,0.0,0.2708333333333333,0.6041666666666666,0.375,0.0,0.5625,1,1,0,1,1,0,1,1,0,0,1,1,0,0,4.0,1.0,1,0.0,homorhythmic,high
64,4.0,1.0,1,16.0,2.0,4.0,4.0,1.5,0.125,0.0,0.0,59.09375,13.265625,46.0,88.0,52.0,0.25,0.0,0.25,0.25,0.25,0.25,0.0,0.25,0.25,0.25,4.0,1.5,1.0,5.0,5.0,0.75,0.375,0.0,1.0,1.0,4.0,1.5,1.0,5.0,5.0,0.75,0.375,0.0,1.0,1.0,30.25,14.625,1.0,42.0,39.5,0.75,0.1625,0.5,1.0,0.8,0.75,0.75,0.0,0.559322033898305,0.4576271186440678,0.3050847457627119,0.0,0.6101694915254238,1,1,0,1,1,0,1,1,0,0,1,1,0,1,5.0,1.0,1,0.0,homorhythmic,high
65,4.0,1.0,1,16.0,2.0,4.0,4.0,1.5,0.125,0.0,0.0,59.15625,13.359375,46.0,88.0,52.0,0.25,0.0,0.25,0.25,0.25,0.25,0.0,0.25,0.25,0.25,4.0,1.5,1.0,5.0,5.0,0.75,0.375,0.0,1.0,1.0,4.0,1.5,1.0,5.0,5.0,0.75,0.375,0.0,1.0,1.0,30.5,14.75,1.0,43.0,40.0,0.75625,0.1546875,0.5,1.0,0.8,0.75,0.75,0.0,0.5423728813559322,0.4745762711864407,0.3050847457627119,0.0,0.6101694915254238,1,1,0,1,1,0,1,1,0,0,1,1,0,0,5.0,1.0,1,0.0,homorhythmic,high
66,4.0,1.0,1,12.0,2.75,4.0,4.0,0.75,0.2291666666666666,0.0,0.0,68.91666666666667,10.840277777777777,47.0,88.0,71.0,0.25,0.0,0.25,0.25,0.25,0.25,0.0,0.25,0.25,0.25,3.0,0.0,3.0,3.0,3.0,1.9375,0.1171875,1.0,2.0,2.0,3.0,0.0,3.0,3.0,3.0,1.9375,0.1171875,1.0,2.0,2.0,30.125,5.375,18.0,42.0,31.0,1.0,0.0,1.0,1.0,1.0,0.125,0.0625,1.0,0.0,0.3111111111111111,0.1555555555555555,0.6444444444444445,0.4666666666666667,0,0,0,0,1,1,1,1,0,0,1,1,0,0,3.0,1.0,1,1.0,homorhythmic,high
67,4.0,1.0,1,9.0,2.75,3.0,3.0,0.75,0.3055555555555556,0.0,0.0,68.79166666666667,10.975694444444445,47.0,88.0,71.0,0.3333333333333333,0.1111111111111111,0.25,0.5,0.25,0.3333333333333333,0.1111111111111111,0.25,0.5,0.25,3.0,0.0,3.0,3.0,3.0,1.9166666666666667,0.1527777777777777,1.0,2.0,2.0,3.0,0.0,3.0,3.0,3.0,1.9375,0.1171875,1.0,2.0,2.0,30.5,3.9375,18.0,37.0,32.5,1.0,0.0,1.0,1.0,1.0,0.0833333333333333,0.0833333333333333,1.0,0.0,0.3636363636363636,0.1818181818181818,0.5454545454545454,0.4242424242424242,1,0,0,0,1,1,1,1,0,0,0,1,0,0,3.0,1.0,1,1.0,homorhythmic,high
68,4.0,1.0,1,7.75,1.75,4.0,4.0,0.75,0.2258064516129032,0.0,0.0,72.2258064516129,8.878251821019772,56.0,83.0,71.0,0.25,0.0,0.25,0.25,0.25,0.25,0.0,0.25,0.25,0.25,1.9375,0.1171875,1.0,2.0,2.0,0.9375,0.1171875,0.0,1.0,1.0,1.9375,0.1171875,1.0,2.0,2.0,0.9375,0.1171875,0.0,1.0,1.0,17.375,5.046875,1.0,28.0,17.0,1.0,0.0,1.0,1.0,1.0,0.0625,0.0,0.1875,0.0,0.5666666666666667,0.0666666666666666,0.2,0.2666666666666666,0,0,0,0,0,0,0,0,0,0,1,1,0,0,2.0,1.0,1,0.1875,homorhythmic,low
69,4.0,1.0,1,8.0,1.0,4.0,4.0,0.75,0.125,0.0,0.0,77.5,4.0,71.0,83.0,78.0,0.25,0.0,0.25,0.25,0.25,0.25,0.0,0.25,0.25,0.25,2.0,0.0,2.0,2.0,2.0,0.75,0.375,0.0,1.0,1.0,2.0,0.0,2.0,2.0,2.0,0.75,0.375,0.0,1.0,1.0,9.0,2.5,5.0,13.0,9.0,1.0,0.0,1.0,1.0,1.0,0.5,0.25,0.25,0.0,0.6,0.5,0.2333333333333333,0.2666666666666666,1,0,0,0,0,0,0,0,0,0,1,1,0,0,2.0,1.0,1,0.25,homorhythmic,low
70,4.0,1.0,1,7.75,1.25,4.0,4.0,1.0,0.1612903225806451,0.0,0.0,77.41935483870968,4.561914672216441,71.0,84.0,75.0,0.25,0.0,0.25,0.25,0.25,0.25,0.0,0.25,0.25,0.25,1.9375,0.1171875,1.0,2.0,2.0,0.9375,0.1171875,0.0,1.0,1.0,1.9375,0.1171875,1.0,2.0,2.0,0.9375,0.1171875,0.0,1.0,1.0,9.6875,2.4296875,1.0,13.0,10.5,0.5,0.5,0.0,1.0,0.5,0.1875,0.0,0.25,0.2666666666666666,0.4333333333333333,0.0,0.1333333333333333,0.2666666666666666,1,0,0,0,0,0,0,0,0,0,1,1,0,0,2.0,1.0,1,0.25,homorhythmic,low
71,4.0,1.0,1,8.0,1.25,4.0,4.0,1.0,0.15625,0.0,0.0,77.625,4.625,71.0,84.0,78.0,0.25,0.0,0.25,0.25,0.25,0.25,0.0,0.25,0.25,0.25,2.0,0.0,2.0,2.0,2.0,1.0,0.0,1.0,1.0,1.0,2.0,0.0,2.0,2.0,2.0,1.0,0.0,1.0,1.0,1.0,10.25,1.75,7.0,13.0,10.5,0.5,0.5,0.0,1.0,0.5,0.25,0.0,0.25,0.2666666666666666,0.4666666666666667,0.0,0.1333333333333333,0.2666666666666666,1,0,0,0,0,0,1,0,0,0,1,1,0,0,2.0,1.0,1,0.25,homorhythmic,high
72,4.0,1.0,1,10.0,1.25,4.0,4.0,1.25,0.125,0.0,0.0,78.2,3.4400000000000004,75.0,85.0,76.0,0.25,0.0,0.25,0.25,0.25,0.25,0.0,0.25,0.25,0.25,2.5,0.5,2.0,3.0,2.5,0.5,0.5,0.0,1.0,0.5,2.5,0.5,2.0,3.0,2.5,0.5,0.5,0.0,1.0,0.5,8.5,1.5,7.0,11.0,8.0,0.4166666666666666,0.2916666666666667,0.0,1.0,0.3333333333333333,0.25,0.5,0.0,0.6052631578947368,0.1842105263157894,0.2105263157894736,0.0,0.3947368421052631,1,1,0,1,0,0,1,0,0,0,1,1,0,0,2.5,1.0,1,0.0,homorhythmic,high
73,4.0,1.0,1,12.0,1.5,4.0,4.0,1.5,0.125,0.0,0.0,79.9375,4.729166666666667,73.0,90.0,78.5,0.25,0.0,0.25,0.25,0.25,0.25,0.0,0.25,0.25,0.25,3.0,0.875,2.0,4.0,3.0,0.5625,0.4921875,0.0,1.0,1.0,3.0,0.875,2.0,4.0,3.0,0.5625,0.4921875,0.0,1.0,1.0,12.625,3.625,9.0,18.0,12.5,0.71875,0.24609375,0.3333333333333333,1.0,0.5833333333333333,0.5,0.4375,0.0,0.3478260869565217,0.0217391304347826,0.3260869565217391,0.0,0.3260869565217391,1,1,0,1,1,0,1,0,0,0,1,1,0,0,3.0,1.0,1,0.0,homorhythmic,high
74,4.0,1.0,1,8.0,2.5,1.5,1.5,1.25,0.3125,0.0,0.0,76.01136363636364,7.103305785123968,64.0,88.0,76.0,0.6875,0.546875,0.25,2.0,0.25,0.6666666666666666,0.5555555555555556,0.25,2.0,0.25,5.333333333333333,0.5555555555555554,5.0,7.0,5.0,1.0,0.0,1.0,1.0,1.0,5.5,0.75,5.0,7.0,5.0,1.0,0.0,1.0,1.0,1.0,24.3125,1.1171875,20.0,25.0,25.0,0.8711309523809524,0.1288690476190476,0.6,1.0,0.9047619047619048,1.0,1.0,0.6666666666666666,0.1481481481481481,0.7037037037037037,0.4444444444444444,0.3333333333333333,0.7777777777777778,1,1,0,1,1,0,1,0,0,1,0,1,0,0,5.0,0.9696969696969696,1,0.6666666666666666,homorhythmic,high
75,4.0,1.0,1,18.0,3.5,4.0,4.0,2.0,0.1944444444444444,0.0,0.0,72.375,5.833333333333333,64.0,89.0,71.0,0.25,0.0,0.25,0.25,0.25,0.25,0.0,0.25,0.25,0.25,4.5,0.5,4.0,5.0,4.5,1.0,0.0,1.0,1.0,1.0,4.5,0.5,4.0,5.0,4.5,1.0,0.0,1.0,1.0,1.0,21.6875,2.3984375,17.0,26.0,21.0,0.7583333333333333,0.1354166666666666,0.6,1.0,0.7,1.0,1.0,0.375,0.2647058823529412,0.6323529411764706,0.4558823529411764,0.1617647058823529,0.7352941176470589,1,1,0,1,1,0,1,0,0,0,1,1,0,0,4.5,1.0,1,0.375,homorhythmic,high
76,4.0,1.0,1,8.5,2.75,2.75,2.75,1.5,0.3235294117647059,0.0,0.0,69.875,6.984375,57.0,86.0,69.0,0.4705882352941176,0.2076124567474048,0.25,1.0,0.5,0.3636363636363636,0.1652892561983471,0.25,1.0,0.25,3.090909090909091,1.586776859504132,1.0,6.0,3.0,0.9090909090909092,0.6611570247933884,0.0,2.0,1.0,4.0,2.0,1.0,6.0,4.5,1.25,0.75,0.0,2.0,1.5,17.1875,8.6640625,1.0,28.0,20.0,0.8375,0.1291666666666667,0.3333333333333333,1.0,0.8333333333333334,0.6363636363636364,0.0,0.4545454545454545,0.2580645161290322,0.5806451612903226,0.0,0.4516129032258064,0.5161290322580645,1,1,0,1,1,0,1,1,0,0,1,1,0,1,4.5,0.7727272727272727,1,0.4545454545454545,homorhythmic,high
77,4.0,1.0,1,7.5,3.25,1.5,1.5,1.5,0.4333333333333333,0.0,0.0,67.7,5.640000000000002,59.0,83.0,66.5,0.6666666666666666,0.2222222222222222,0.5,1.0,0.5,0.6666666666666666,0.2222222222222222,0.5,1.0,0.5,5.0,0.0,5.0,5.0,5.0,0.8333333333333334,0.2777777777777777,0.0,1.0,1.0,5.0,0.0,5.0,5.0,5.0,0.875,0.21875,0.0,1.0,1.0,21.5,2.5,17.0,25.0,22.0,0.8375,0.1625,0.6,1.0,0.9,1.0,1.0,1.0,0.12,0.76,0.6,0.48,0.68,1,1,0,1,1,1,1,0,0,0,0,1,0,0,5.0,1.0,1,1.0,homorhythmic,high
78,4.0,1.0,1,7.0,2.25,1.5,1.5,1.25,0.3214285714285714,0.0,0.0,61.953125,7.203125,52.0,76.0,60.5,0.5714285714285714,0.4591836734693877,0.25,2.0,0.25,0.6666666666666666,0.5555555555555556,0.25,2.0,0.25,4.666666666666667,0.5555555555555554,3.0,5.0,5.0,1.1666666666666667,0.2777777777777778,1.0,2.0,1.0,4.0,1.0,3.0,5.0,4.0,1.5,0.5,1.0,2.0,1.5,24.3125,1.1171875,20.0,25.0,25.0,0.84375,0.15625,0.6,1.0,0.9,0.8333333333333334,0.8333333333333334,0.5,0.16,0.68,0.36,0.2,0.76,1,1,0,1,1,1,1,1,0,1,0,1,0,0,4.0,1.0,1,0.5,homorhythmic,high
79,4.0,1.0,1,18.0,3.5,4.0,4.0,2.0,0.1944444444444444,0.0,0.0,60.375,5.833333333333333,52.0,77.0,59.0,0.25,0.0,0.25,0.25,0.25,0.25,0.0,0.25,0.25,0.25,4.5,0.5,4.0,5.0,4.5,1.0,0.0,1.0,1.0,1.0,4.5,0.5,4.0,5.0,4.5,1.0,0.0,1.0,1.0,1.0,21.6875,2.3984375,17.0,26.0,21.0,0.7583333333333333,0.1354166666666666,0.6,1.0,0.7,1.0,1.0,0.375,0.2647058823529412,0.6323529411764706,0.4558823529411764,0.1617647058823529,0.7352941176470589,1,1,0,1,1,0,1,0,0,0,1,1,0,0,4.5,1.0,1,0.375,homorhythmic,high
80,4.0,1.0,1,8.5,2.75,2.75,2.75,1.5,0.3235294117647059,0.0,0.0,57.875,6.984375,45.0,74.0,57.0,0.4705882352941176,0.2076124567474048,0.25,1.0,0.5,0.3636363636363636,0.1652892561983471,0.25,1.0,0.25,3.090909090909091,1.586776859504132,1.0,6.0,3.0,0.9090909090909092,0.6611570247933884,0.0,2.0,1.0,4.0,2.0,1.0,6.0,4.5,1.25,0.75,0.0,2.0,1.5,17.1875,8.6640625,1.0,28.0,20.0,0.8375,0.1291666666666667,0.3333333333333333,1.0,0.8333333333333334,0.6363636363636364,0.0,0.4545454545454545,0.2580645161290322,0.5806451612903226,0.0,0.4516129032258064,0.5161290322580645,1,1,0,1,1,0,1,1,0,0,1,1,0,1,4.5,0.7727272727272727,1,0.4545454545454545,homorhythmic,high
81,4.0,1.0,1,7.5,3.25,1.5,1.5,1.5,0.4333333333333333,0.0,0.0,55.7,5.640000000000002,47.0,71.0,54.5,0.6666666666666666,0.2222222222222222,0.5,1.0,0.5,0.6666666666666666,0.2222222222222222,0.5,1.0,0.5,5.0,0.0,5.0,5.0,5.0,0.8333333333333334,0.2777777777777777,0.0,1.0,1.0,5.0,0.0,5.0,5.0,5.0,0.875,0.21875,0.0,1.0,1.0,21.5,2.5,17.0,25.0,22.0,0.8375,0.1625,0.6,1.0,0.9,1.0,1.0,1.0,0.12,0.76,0.6,0.48,0.68,1,1,0,1,1,1,1,0,0,0,0,1,0,0,5.0,1.0,1,1.0,homorhythmic,high
82,4.0,1.0,1,5.25,3.0,1.75,1.75,1.5,0.5714285714285714,0.0,0.0,56.541666666666664,8.677083333333334,43.0,76.0,54.0,0.5714285714285714,0.1224489795918367,0.5,1.0,0.5,0.5714285714285714,0.1224489795918367,0.5,1.0,0.5,3.0,0.0,3.0,3.0,3.0,1.8571428571428572,0.2448979591836734,1.0,2.0,2.0,3.0,0.0,3.0,3.0,3.0,1.75,0.375,1.0,2.0,2.0,24.25,6.4375,13.0,34.0,26.5,0.875,0.1875,0.3333333333333333,1.0,1.0,0.7142857142857143,0.1428571428571428,0.2857142857142857,0.3333333333333333,0.1666666666666666,0.1111111111111111,0.2222222222222222,0.4444444444444444,1,1,0,1,1,1,1,1,0,0,0,1,0,0,3.0,1.0,1,0.2857142857142857,homorhythmic,high
83,4.0,1.0,1,6.0,2.75,1.5,1.5,1.5,0.4583333333333333,0.0,0.0,56.75,6.0,47.0,71.0,56.0,0.6666666666666666,0.2222222222222222,0.5,1.0,0.5,0.6666666666666666,0.2222222222222222,0.5,1.0,0.5,4.0,0.0,4.0,4.0,4.0,1.8333333333333333,0.2777777777777778,1.0,2.0,2.0,4.0,0.0,4.0,4.0,4.0,1.875,0.21875,1.0,2.0,2.0,21.5,2.5,17.0,25.0,22.0,0.8541666666666667,0.1458333333333333,0.6666666666666666,1.0,0.9166666666666669,1.0,0.6666666666666666,0.8333333333333334,0.1,0.6,0.4,0.5,0.65,1,1,0,1,1,1,1,1,0,0,0,1,0,0,4.0,1.0,1,0.8333333333333334,homorhythmic,high
84,4.0,1.0,1,5.5,3.25,1.75,1.75,1.75,0.5909090909090909,0.0,0.0,53.42307692307692,8.597633136094675,40.0,72.0,52.0,0.5909090909090909,0.1487603305785124,0.5,1.0,0.5,0.5714285714285714,0.1224489795918367,0.5,1.0,0.5,3.142857142857143,0.2448979591836734,3.0,4.0,3.0,1.8571428571428572,0.2448979591836734,1.0,2.0,2.0,3.25,0.375,3.0,4.0,3.0,1.75,0.375,1.0,2.0,2.0,25.5,5.25,17.0,33.0,27.0,0.875,0.1875,0.3333333333333333,1.0,1.0,0.7142857142857143,0.2857142857142857,0.2857142857142857,0.3333333333333333,0.1666666666666666,0.1666666666666666,0.1111111111111111,0.4444444444444444,1,1,0,1,1,1,1,1,0,0,0,1,0,0,3.0,0.967032967032967,1,0.2857142857142857,homorhythmic,high
85,4.0,1.0,1,6.0,2.75,1.5,1.5,1.5,0.4583333333333333,0.0,0.0,52.90625,5.90625,43.0,67.0,52.5,0.6666666666666666,0.2222222222222222,0.5,1.0,0.5,0.6666666666666666,0.2222222222222222,0.5,1.0,0.5,4.0,0.0,4.0,4.0,4.0,1.8333333333333333,0.2777777777777778,1.0,2.0,2.0,4.0,0.0,4.0,4.0,4.0,1.875,0.21875,1.0,2.0,2.0,21.625,2.46875,17.0,25.0,22.5,0.8541666666666667,0.1458333333333333,0.6666666666666666,1.0,0.9166666666666669,1.0,0.6666666666666666,0.8333333333333334,0.1,0.6,0.4,0.5,0.65,1,1,0,1,1,1,1,1,0,0,0,1,0,0,4.0,1.0,1,0.8333333333333334,homorhythmic,high
86,4.0,1.0,1,8.0,1.25,2.0,2.0,0.75,0.15625,0.0,0.0,45.28125,5.638671875,36.0,60.0,48.0,0.5,0.0,0.5,0.5,0.5,0.5,0.0,0.5,0.5,0.5,4.0,0.0,4.0,4.0,4.0,1.125,0.21875,1.0,2.0,1.0,4.0,0.0,4.0,4.0,4.0,1.125,0.21875,1.0,2.0,1.0,18.0,1.75,17.0,25.0,17.0,1.0,0.0,1.0,1.0,1.0,1.0,0.875,1.0,0.0,0.5,0.6785714285714286,0.5,0.9642857142857144,1,1,0,1,1,1,1,1,0,0,0,1,0,0,4.0,1.0,1,1.0,homorhythmic,high
87,4.0,1.0,1,8.0,1.75,2.0,2.0,1.5,0.21875,0.0,0.0,45.125,5.375,36.0,54.0,46.5,0.5,0.0,0.5,0.5,0.5,0.5,0.0,0.5,0.5,0.5,4.0,0.0,4.0,4.0,4.0,1.0,0.0,1.0,1.0,1.0,4.0,0.0,4.0,4.0,4.0,1.0,0.0,1.0,1.0,1.0,17.5,0.75,17.0,19.0,17.0,0.9166666666666666,0.125,0.6666666666666666,1.0,1.0,1.0,1.0,0.75,0.1071428571428571,0.4642857142857143,0.7142857142857143,0.3928571428571428,0.8928571428571429,1,1,0,1,1,1,1,1,0,0,0,1,0,0,4.0,1.0,1,0.75,homorhythmic,high
88,4.0,1.0,1,5.25,3.5,1.75,1.75,1.75,0.6666666666666666,0.0,0.0,56.708333333333336,8.826388888888888,45.0,77.0,53.0,0.5714285714285714,0.1224489795918367,0.5,1.0,0.5,0.5714285714285714,0.1224489795918367,0.5,1.0,0.5,3.0,0.0,3.0,3.0,3.0,1.8571428571428572,0.2448979591836734,1.0,2.0,2.0,3.0,0.0,3.0,3.0,3.0,1.75,0.375,1.0,2.0,2.0,24.5,6.375,13.0,33.0,27.0,0.875,0.1875,0.3333333333333333,1.0,1.0,0.7142857142857143,0.1428571428571428,0.2857142857142857,0.3888888888888889,0.1666666666666666,0.2222222222222222,0.0555555555555555,0.3888888888888889,1,1,0,1,1,1,1,1,0,0,0,0,0,0,3.0,1.0,1,0.2857142857142857,homorhythmic,high
89,4.0,1.0,1,6.0,2.75,1.5,1.5,1.5,0.4583333333333333,0.0,0.0,57.90625,5.90625,48.0,72.0,57.5,0.6666666666666666,0.2222222222222222,0.5,1.0,0.5,0.6666666666666666,0.2222222222222222,0.5,1.0,0.5,4.0,0.0,4.0,4.0,4.0,1.8333333333333333,0.2777777777777778,1.0,2.0,2.0,4.0,0.0,4.0,4.0,4.0,1.875,0.21875,1.0,2.0,2.0,21.625,2.46875,17.0,25.0,22.5,0.8541666666666667,0.1458333333333333,0.6666666666666666,1.0,0.9166666666666669,1.0,0.6666666666666666,0.8333333333333334,0.1,0.6,0.4,0.5,0.65,1,1,0,1,1,1,1,1,0,0,0,1,0,0,4.0,1.0,1,0.8333333333333334,homorhythmic,high
90,4.0,1.0,1,5.5,3.5,1.75,1.75,1.5,0.6363636363636364,0.0,0.0,49.03846153846154,9.9585798816568,33.0,65.0,50.0,0.5909090909090909,0.1487603305785124,0.5,1.0,0.5,0.5714285714285714,0.1224489795918367,0.5,1.0,0.5,3.142857142857143,0.2448979591836734,3.0,4.0,3.0,1.8571428571428572,0.2448979591836734,1.0,2.0,2.0,3.25,0.375,3.0,4.0,3.0,1.75,0.375,1.0,2.0,2.0,25.25,5.5,16.0,33.0,27.0,0.875,0.1875,0.3333333333333333,1.0,1.0,0.7142857142857143,0.2857142857142857,0.2857142857142857,0.3333333333333333,0.1111111111111111,0.1111111111111111,0.1666666666666666,0.4444444444444444,1,1,0,1,1,1,1,1,0,0,0,1,0,0,3.0,0.967032967032967,1,0.2857142857142857,homorhythmic,high
91,4.0,1.0,1,6.0,2.75,1.5,1.5,1.5,0.4583333333333333,0.0,0.0,45.90625,5.90625,36.0,60.0,45.5,0.6666666666666666,0.2222222222222222,0.5,1.0,0.5,0.6666666666666666,0.2222222222222222,0.5,1.0,0.5,4.0,0.0,4.0,4.0,4.0,1.8333333333333333,0.2777777777777778,1.0,2.0,2.0,4.0,0.0,4.0,4.0,4.0,1.875,0.21875,1.0,2.0,2.0,21.625,2.46875,17.0,25.0,22.5,0.8541666666666667,0.1458333333333333,0.6666666666666666,1.0,0.9166666666666669,1.0,0.6666666666666666,0.8333333333333334,0.1,0.6,0.4,0.5,0.65,1,1,0,1,1,1,1,1,0,0,0,1,0,0,4.0,1.0,1,0.8333333333333334,homorhythmic,high
92,4.0,1.0,1,8.0,1.25,2.0,2.0,0.75,0.15625,0.0,0.0,38.28125,5.638671875,29.0,53.0,41.0,0.5,0.0,0.5,0.5,0.5,0.5,0.0,0.5,0.5,0.5,4.0,0.0,4.0,4.0,4.0,1.125,0.21875,1.0,2.0,1.0,4.0,0.0,4.0,4.0,4.0,1.125,0.21875,1.0,2.0,1.0,18.0,1.75,17.0,25.0,17.0,1.0,0.0,1.0,1.0,1.0,1.0,0.875,1.0,0.0,0.5,0.6785714285714286,0.5,0.9642857142857144,1,1,0,1,1,1,1,1,0,0,0,1,0,0,4.0,1.0,1,1.0,homorhythmic,high
93,4.0,1.0,1,8.0,1.75,2.0,2.0,1.5,0.21875,0.0,0.0,38.125,5.375,29.0,47.0,39.5,0.5,0.0,0.5,0.5,0.5,0.5,0.0,0.5,0.5,0.5,4.0,0.0,4.0,4.0,4.0,1.0,0.0,1.0,1.0,1.0,4.0,0.0,4.0,4.0,4.0,1.0,0.0,1.0,1.0,1.0,17.5,0.75,17.0,19.0,17.0,0.9166666666666666,0.125,0.6666666666666666,1.0,1.0,1.0,1.0,0.75,0.1071428571428571,0.4642857142857143,0.7142857142857143,0.3928571428571428,0.8928571428571429,1,1,0,1,1,1,1,1,0,0,0,1,0,0,4.0,1.0,1,0.75,homorhythmic,high
94,4.0,1.0,1,6.0,1.25,2.25,2.25,1.0,0.2083333333333333,0.0,0.0,43.19047619047619,2.5759637188208613,40.0,52.0,43.0,0.4375,0.09375,0.25,0.5,0.5,0.4444444444444444,0.0864197530864197,0.25,0.5,0.5,2.6666666666666665,0.4444444444444444,2.0,3.0,3.0,0.2222222222222222,0.345679012345679,0.0,1.0,0.0,2.625,0.46875,2.0,3.0,3.0,0.125,0.21875,0.0,1.0,0.0,7.5,2.625,4.0,13.0,9.0,0.9791666666666666,0.0390625,0.6666666666666666,1.0,1.0,1.0,0.5555555555555556,0.1111111111111111,0.0952380952380952,0.8095238095238095,0.4285714285714285,0.0952380952380952,0.8571428571428571,1,1,0,1,1,0,1,0,0,0,0,1,0,0,3.0,1.0,1,0.1111111111111111,homorhythmic,high
95,4.0,1.0,1,7.0,1.75,2.5,2.5,1.25,0.25,0.0,0.0,50.47727272727273,13.785123966942148,39.0,79.0,43.0,0.3928571428571428,0.1224489795918367,0.25,0.5,0.5,0.4,0.12,0.25,0.5,0.5,2.8,0.3200000000000001,2.0,3.0,3.0,0.8,0.3199999999999999,0.0,1.0,1.0,2.75,0.375,2.0,3.0,3.0,0.75,0.375,0.0,1.0,1.0,29.5625,12.28125,5.0,41.0,35.0,0.9375,0.109375,0.3333333333333333,1.0,1.0,1.0,0.0,0.0,0.16,0.72,0.0,0.0,0.84,1,0,0,0,1,0,1,1,0,0,1,1,0,0,3.0,1.0,1,0.0,homorhythmic,high
96,4.0,1.0,1,6.0,1.25,2.25,2.25,1.0,0.2083333333333333,0.0,0.0,44.57142857142857,5.0068027210884365,38.0,57.0,45.0,0.4375,0.09375,0.25,0.5,0.5,0.4444444444444444,0.0864197530864197,0.25,0.5,0.5,2.6666666666666665,0.4444444444444444,2.0,3.0,3.0,1.6666666666666667,0.4444444444444444,1.0,2.0,2.0,2.625,0.46875,2.0,3.0,3.0,1.625,0.46875,1.0,2.0,2.0,13.875,4.40625,8.0,20.0,17.0,0.9791666666666666,0.0390625,0.6666666666666666,1.0,1.0,0.4444444444444444,1.0,0.1111111111111111,0.0952380952380952,0.0476190476190476,0.7619047619047619,0.0952380952380952,0.8571428571428571,1,1,0,1,0,1,1,1,0,0,0,1,0,0,3.0,1.0,1,0.1111111111111111,homorhythmic,high
97,4.0,1.0,1,7.0,1.75,2.5,2.5,1.5,0.25,0.0,0.0,56.43181818181818,15.173553719008265,42.0,87.0,50.0,0.3928571428571428,0.1224489795918367,0.25,0.5,0.5,0.4,0.12,0.25,0.5,0.5,2.8,0.3200000000000001,2.0,3.0,3.0,1.8,0.3199999999999999,1.0,2.0,2.0,2.75,0.375,2.0,3.0,3.0,1.75,0.375,1.0,2.0,2.0,34.6875,12.84375,9.0,46.0,40.5,0.8541666666666666,0.1822916666666667,0.3333333333333333,1.0,1.0,1.0,0.0,0.0,0.16,0.0,0.0,0.0,0.84,1,1,0,1,1,0,1,1,0,0,1,1,0,0,3.0,1.0,1,0.0,homorhythmic,high
98,4.0,1.0,1,8.0,2.75,4.0,4.0,1.5,0.34375,0.0,0.0,58.125,11.171875,43.0,84.0,54.0,0.25,0.0,0.25,0.25,0.25,0.25,0.0,0.25,0.25,0.25,2.0,0.0,2.0,2.0,2.0,1.0,0.0,1.0,1.0,1.0,2.0,0.0,2.0,2.0,2.0,1.0,0.0,1.0,1.0,1.0,23.25,10.0,9.0,40.0,24.5,0.9375,0.1171875,0.0,1.0,1.0,0.1875,0.0,0.0,0.2,0.0333333333333333,0.5,0.0666666666666666,0.2333333333333333,0,0,1,0,1,0,1,1,1,0,1,1,0,0,2.0,1.0,1,0.0,homorhythmic,high
99,4.0,1.0,1,8.0,2.75,4.0,4.0,1.75,0.34375,0.0,0.0,61.125,14.125,42.0,87.0,58.5,0.25,0.0,0.25,0.25,0.25,0.25,0.0,0.25,0.25,0.25,2.0,0.0,2.0,2.0,2.0,1.0,0.0,1.0,1.0,1.0,2.0,0.0,2.0,2.0,2.0,1.0,0.0,1.0,1.0,1.0,29.25,8.625,18.0,46.0,28.5,0.9375,0.1171875,0.0,1.0,1.0,0.0,0.0,0.0,0.2,0.2666666666666666,0.0,0.0,0.2333333333333333,1,0,1,0,1,0,1,1,1,0,1,1,0,0,2.0,1.0,1,0.0,homorhythmic,high
100,4.0,1.0,1,8.0,2.75,4.0,4.0,1.5,0.34375,0.0,0.0,58.125,11.171875,43.0,84.0,54.0,0.25,0.0,0.25,0.25,0.25,0.25,0.0,0.25,0.25,0.25,2.0,0.0,2.0,2.0,2.0,1.0,0.0,1.0,1.0,1.0,2.0,0.0,2.0,2.0,2.0,1.0,0.0,1.0,1.0,1.0,23.25,10.0,9.0,40.0,24.5,0.9375,0.1171875,0.0,1.0,1.0,0.1875,0.0,0.0,0.2,0.0333333333333333,0.5,0.0666666666666666,0.2333333333333333,0,0,1,0,1,0,1,1,1,0,1,1,0,0,2.0,1.0,1,0.0,homorhythmic,high
101,4.0,1.0,1,8.0,3.25,4.0,4.0,2.25,0.40625,0.0,0.0,61.3125,11.1875,46.0,80.0,61.0,0.25,0.0,0.25,0.25,0.25,0.25,0.0,0.25,0.25,0.25,2.0,0.0,2.0,2.0,2.0,1.0,0.0,1.0,1.0,1.0,2.0,0.0,2.0,2.0,2.0,1.0,0.0,1.0,1.0,1.0,23.375,4.546875,13.0,34.0,22.5,0.875,0.21875,0.0,1.0,1.0,0.0,0.0,0.125,0.2666666666666666,0.1333333333333333,0.0,0.1,0.2,1,0,1,0,1,0,1,1,1,0,0,1,0,0,2.0,1.0,1,0.125,homorhythmic,high
102,4.0,1.0,1,8.0,2.75,4.0,4.0,1.5,0.34375,0.0,0.0,60.125,8.125,48.0,77.0,59.0,0.25,0.0,0.25,0.25,0.25,0.25,0.0,0.25,0.25,0.25,2.0,0.0,2.0,2.0,2.0,1.0,0.0,1.0,1.0,1.0,2.0,0.0,2.0,2.0,2.0,1.0,0.0,1.0,1.0,1.0,17.25,4.40625,9.0,28.0,17.0,0.9375,0.1171875,0.0,1.0,1.0,0.1875,0.0,0.0,0.2,0.0333333333333333,0.5,0.0666666666666666,0.2333333333333333,1,0,1,0,0,0,1,0,1,0,0,1,0,0,2.0,1.0,1,0.0,homorhythmic,high
103,4.0,1.0,1,8.0,2.75,4.0,4.0,1.75,0.34375,0.0,0.0,60.125,8.171875,47.0,80.0,57.5,0.25,0.0,0.25,0.25,0.25,0.25,0.0,0.25,0.25,0.25,2.0,0.0,2.0,2.0,2.0,0.8125,0.3046875,0.0,1.0,1.0,2.0,0.0,2.0,2.0,2.0,0.8125,0.3046875,0.0,1.0,1.0,17.25,8.625,6.0,34.0,16.5,0.9375,0.1171875,0.0,1.0,1.0,0.1875,0.25,0.0625,0.2,0.2666666666666666,0.1666666666666666,0.0,0.2333333333333333,1,0,1,0,0,0,0,0,1,0,1,1,0,0,2.0,1.0,1,0.0625,homorhythmic,low
104,4.0,1.0,1,8.0,2.75,4.0,4.0,1.5,0.34375,0.0,0.0,60.125,8.125,48.0,77.0,59.0,0.25,0.0,0.25,0.25,0.25,0.25,0.0,0.25,0.25,0.25,2.0,0.0,2.0,2.0,2.0,1.0,0.0,1.0,1.0,1.0,2.0,0.0,2.0,2.0,2.0,1.0,0.0,1.0,1.0,1.0,17.25,4.40625,9.0,28.0,17.0,0.9375,0.1171875,0.0,1.0,1.0,0.1875,0.0,0.0,0.2,0.0333333333333333,0.5,0.0666666666666666,0.2333333333333333,1,0,1,0,0,0,1,0,1,0,0,1,0,0,2.0,1.0,1,0.0,homorhythmic,high
105,4.0,1.0,1,8.0,3.25,4.0,4.0,2.25,0.40625,0.0,0.0,66.3125,11.1875,51.0,85.0,66.0,0.25,0.0,0.25,0.25,0.25,0.25,0.0,0.25,0.25,0.25,2.0,0.0,2.0,2.0,2.0,1.0,0.0,1.0,1.0,1.0,2.0,0.0,2.0,2.0,2.0,1.0,0.0,1.0,1.0,1.0,23.375,4.546875,13.0,34.0,22.5,0.875,0.21875,0.0,1.0,1.0,0.0,0.0,0.125,0.2666666666666666,0.1333333333333333,0.0,0.1,0.2,1,0,1,0,0,0,1,0,1,0,0,1,0,0,2.0,1.0,1,0.125,homorhythmic,high
106,4.0,1.0,1,8.0,3.0,4.0,4.0,1.5,0.375,0.0,0.0,71.0625,12.1875,53.0,89.0,72.5,0.25,0.0,0.25,0.25,0.25,0.25,0.0,0.25,0.25,0.25,2.0,0.0,2.0,2.0,2.0,1.0,0.0,1.0,1.0,1.0,2.0,0.0,2.0,2.0,2.0,1.0,0.0,1.0,1.0,1.0,25.375,3.671875,16.0,33.0,25.0,0.9375,0.1171875,0.0,1.0,1.0,0.0,0.0,0.0,0.1333333333333333,0.3333333333333333,0.1666666666666666,0.1,0.2666666666666666,1,0,1,0,1,0,1,0,1,0,0,1,0,0,2.0,1.0,1,0.0,homorhythmic,high
107,4.0,1.0,1,8.0,2.75,4.0,4.0,1.75,0.34375,0.0,0.0,62.75,6.15625,51.0,71.0,64.5,0.25,0.0,0.25,0.25,0.25,0.25,0.0,0.25,0.25,0.25,2.0,0.0,2.0,2.0,2.0,0.9375,0.1171875,0.0,1.0,1.0,2.0,0.0,2.0,2.0,2.0,0.9375,0.1171875,0.0,1.0,1.0,13.25,3.3125,6.0,21.0,13.0,0.875,0.21875,0.0,1.0,1.0,0.1875,0.125,0.3125,0.1333333333333333,0.3,0.1666666666666666,0.2666666666666666,0.3666666666666666,1,0,0,0,0,0,0,0,0,0,0,1,0,0,2.0,1.0,1,0.3125,homorhythmic,low
108,4.0,1.0,1,8.0,3.25,4.0,4.0,1.75,0.40625,0.0,0.0,67.71875,12.46875,49.0,85.0,69.0,0.25,0.0,0.25,0.25,0.25,0.25,0.0,0.25,0.25,0.25,2.0,0.0,2.0,2.0,2.0,1.0,0.0,1.0,1.0,1.0,2.0,0.0,2.0,2.0,2.0,1.0,0.0,1.0,1.0,1.0,25.9375,3.5546875,18.0,34.0,25.0,0.8125,0.3046875,0.0,1.0,1.0,0.0,0.0,0.0,0.2,0.3333333333333333,0.1,0.0333333333333333,0.2666666666666666,1,0,1,0,1,0,1,0,1,0,0,1,0,0,2.0,1.0,1,0.0,homorhythmic,high
109,4.0,1.0,1,8.0,2.75,4.0,4.0,1.75,0.34375,0.0,0.0,59.6875,6.2265625,48.0,68.0,61.5,0.25,0.0,0.25,0.25,0.25,0.25,0.0,0.25,0.25,0.25,2.0,0.0,2.0,2.0,2.0,0.9375,0.1171875,0.0,1.0,1.0,2.0,0.0,2.0,2.0,2.0,0.9375,0.1171875,0.0,1.0,1.0,13.375,3.46875,6.0,21.0,13.0,0.875,0.21875,0.0,1.0,1.0,0.1875,0.125,0.3125,0.1333333333333333,0.3,0.1666666666666666,0.2666666666666666,0.3666666666666666,1,0,0,0,0,0,0,0,0,0,0,1,0,0,2.0,1.0,1,0.3125,homorhythmic,low
110,4.0,1.0,1,8.0,3.25,4.0,4.0,1.75,0.40625,0.0,0.0,63.9375,12.3125,46.0,82.0,65.5,0.25,0.0,0.25,0.25,0.25,0.25,0.0,0.25,0.25,0.25,2.0,0.0,2.0,2.0,2.0,1.0,0.0,1.0,1.0,1.0,2.0,0.0,2.0,2.0,2.0,1.0,0.0,1.0,1.0,1.0,25.625,3.453125,18.0,33.0,25.0,0.8125,0.3046875,0.0,1.0,1.0,0.0,0.0,0.0,0.2,0.3333333333333333,0.1,0.0333333333333333,0.2666666666666666,1,0,1,0,1,0,1,1,1,0,0,1,0,0,2.0,1.0,1,0.0,homorhythmic,high
111,4.0,1.0,1,8.0,2.75,4.0,4.0,1.75,0.34375,0.0,0.0,58.3125,8.0625,44.0,72.0,58.0,0.25,0.0,0.25,0.25,0.25,0.25,0.0,0.25,0.25,0.25,2.0,0.0,2.0,2.0,2.0,0.9375,0.1171875,0.0,1.0,1.0,2.0,0.0,2.0,2.0,2.0,0.9375,0.1171875,0.0,1.0,1.0,17.125,5.65625,6.0,29.0,16.0,0.875,0.21875,0.0,1.0,1.0,0.0625,0.125,0.1875,0.1333333333333333,0.3,0.1333333333333333,0.1666666666666666,0.3666666666666666,1,0,0,0,0,0,0,0,0,0,0,1,0,0,2.0,1.0,1,0.1875,homorhythmic,low
112,4.0,1.0,1,7.5,3.0,3.75,3.75,1.75,0.4,0.0,0.0,63.0,15.375,41.0,84.0,63.5,0.2666666666666666,0.0266666666666666,0.25,0.3333333333333333,0.25,0.2666666666666666,0.0266666666666666,0.25,0.3399999999999998,0.25,2.0,0.0,2.0,2.0,2.0,1.0,0.0,1.0,1.0,1.0,2.0,0.0,2.0,2.0,2.0,1.0,0.0,1.0,1.0,1.0,31.7325,6.9825,18.0,44.0,31.0,0.875,0.21875,0.0,1.0,1.0,0.0,0.0,0.0,0.0714285714285714,0.2857142857142857,0.0357142857142857,0.1071428571428571,0.3571428571428571,1,0,1,0,1,0,1,1,1,0,0,1,0,0,2.0,1.0,1,0.0,homorhythmic,high
113,4.0,1.0,1,8.5,3.75,4.25,4.25,2.0,0.4411764705882353,0.0,0.0,64.27083333333334,20.604166666666664,37.0,89.0,67.5,0.2352941176470588,0.0824682814302191,0.0833333333333333,0.3333333333333333,0.1666666666666666,0.2352941176470588,0.0832525951557093,0.0899999999999999,0.3400000000000001,0.1699999999999999,2.0,0.0,2.0,2.0,2.0,1.0,0.0,1.0,1.0,1.0,2.0,0.0,2.0,2.0,2.0,1.0,0.0,1.0,1.0,1.0,42.14,4.970199999999999,34.0,53.0,43.0,0.645,0.4579499999999999,0.0,1.0,1.0,0.0,0.0,0.0,0.0625,0.15625,0.03125,0.0,0.5,1,0,1,0,1,0,1,1,1,0,0,1,0,0,2.0,1.0,1,0.0,homorhythmic,high
114,4.0,1.0,1,6.25,2.5,3.0,3.0,1.5,0.4,0.0,0.0,58.20000000000001,12.528000000000002,36.0,84.0,53.0,0.3333333333333332,5.551115123125783e-17,0.3333333333333333,0.3333333333333333,0.3333333333333333,0.3333333333333333,0.0044444444444443,0.3299999999999998,0.3400000000000001,0.33,2.0833333333333335,0.1527777777777779,2.0,3.0,2.0,1.0833333333333333,0.1527777777777777,1.0,2.0,1.0,2.0825,0.1513875,2.0,3.0,2.0,1.0825,0.1513875,1.0,2.0,1.0,26.24,9.544999999999998,15.0,49.0,21.0,0.915,0.1555499999999999,0.0,1.0,1.0,0.0,0.0,0.0833333333333333,0.0454545454545454,0.3636363636363636,0.0909090909090909,0.0,0.4545454545454545,0,0,1,0,0,1,1,1,1,0,0,0,0,0,2.0,1.0,1,0.0833333333333333,homorhythmic,high
115,4.0,1.0,1,6.0,3.5,3.0,3.0,1.75,0.5833333333333334,0.0,0.0,62.541666666666664,8.541666666666668,48.0,77.0,62.0,0.3333333333333333,0.0,0.3333333333333333,0.3333333333333333,0.3333333333333333,0.3333333333333333,0.0044444444444443,0.3299999999999998,0.3400000000000001,0.33,2.0,0.0,2.0,2.0,2.0,0.9166666666666666,0.1527777777777778,0.0,1.0,1.0,2.0,0.0,2.0,2.0,2.0,0.915,0.1555499999999999,0.0,1.0,1.0,18.085,6.135,5.0,30.0,18.5,1.0,0.0,1.0,1.0,1.0,0.1666666666666666,0.0,0.1666666666666666,0.0454545454545454,0.6818181818181818,0.3181818181818182,0.0909090909090909,0.0,1,0,1,0,0,0,0,0,1,0,0,0,0,0,2.0,1.0,1,0.1666666666666666,homorhythmic,low
116,4.0,1.0,1,13.0,2.5,3.0,3.0,1.25,0.1923076923076923,0.0,0.0,60.673076923076934,7.420118343195272,48.0,85.0,58.0,0.3333333333333333,0.0,0.3333333333333333,0.3333333333333333,0.3333333333333333,0.3333333333333333,0.0044444444444443,0.3299999999999998,0.3400000000000001,0.33,4.333333333333333,0.7777777777777778,2.0,5.0,5.0,1.5833333333333333,0.4861111111111111,1.0,2.0,2.0,4.3375,0.775125,2.0,5.0,5.0,1.585,0.4855500000000001,1.0,2.0,2.0,26.867499999999993,6.193162500000001,16.0,38.0,29.0,0.6581666666666667,0.0985691666666666,0.5,1.0,0.6666666666666666,0.9166666666666666,0.8333333333333334,0.6666666666666666,0.38,0.56,0.52,0.3,0.72,1,1,0,1,1,0,1,1,0,0,1,1,0,0,5.0,0.999039385206532,1,0.6666666666666666,homorhythmic,high
117,4.0,1.0,1,15.0,2.25,3.0,3.0,1.25,0.15,0.0,0.0,58.166666666666664,5.4,48.0,76.0,58.0,0.3333333333333333,0.0,0.3333333333333333,0.3333333333333333,0.3333333333333333,0.3333333333333333,0.0044444444444443,0.3299999999999998,0.3400000000000001,0.33,5.0,0.0,5.0,5.0,5.0,1.75,0.375,1.0,2.0,2.0,4.999999999999999,8.881784197001252e-16,5.0,5.0,5.0,1.7525,0.3724874999999999,1.0,2.0,2.0,22.8675,2.9044124999999994,17.0,29.0,23.0,0.6335,0.0668324999999999,0.5,0.7,0.7,1.0,1.0,1.0,0.4181818181818181,0.5454545454545454,0.6,0.5818181818181818,0.8,1,1,0,1,1,1,1,1,0,0,1,1,0,0,5.0,1.0,1,1.0,homorhythmic,high
118,4.0,1.0,1,7.75,2.75,3.0,3.0,1.5,0.3548387096774194,0.0,0.0,62.29032258064517,9.340270551508844,41.0,72.0,65.0,0.3333333333333333,0.0,0.3333333333333333,0.3333333333333333,0.3333333333333333,0.3333333333333333,0.0044444444444443,0.3299999999999998,0.3400000000000001,0.33,2.5833333333333335,0.875,2.0,5.0,2.0,1.0833333333333333,0.1527777777777777,1.0,2.0,1.0,2.5825,0.87375,2.0,5.0,2.0,1.0825,0.1513875,1.0,2.0,1.0,21.99,4.178349999999999,15.0,32.0,21.0,0.915,0.1555499999999999,0.0,1.0,1.0,0.25,0.25,0.0833333333333333,0.0384615384615384,0.5769230769230769,0.2692307692307692,0.0384615384615384,0.5769230769230769,0,1,0,1,0,0,1,0,0,0,0,1,1,1,2.0,1.0,1,0.0833333333333333,homorhythmic,high
119,4.0,1.0,1,6.0,3.5,3.0,3.0,1.75,0.5833333333333334,0.0,0.0,67.54166666666667,8.541666666666666,53.0,82.0,67.0,0.3333333333333333,0.0,0.3333333333333333,0.3333333333333333,0.3333333333333333,0.3333333333333333,0.0044444444444443,0.3299999999999998,0.3400000000000001,0.33,2.0,0.0,2.0,2.0,2.0,0.9166666666666666,0.1527777777777778,0.0,1.0,1.0,2.0,0.0,2.0,2.0,2.0,0.915,0.1555499999999999,0.0,1.0,1.0,18.085,6.135,5.0,30.0,18.5,1.0,0.0,1.0,1.0,1.0,0.1666666666666666,0.0,0.1666666666666666,0.0454545454545454,0.6818181818181818,0.3181818181818182,0.0909090909090909,0.0,1,0,1,0,0,0,0,0,1,0,0,0,0,0,2.0,1.0,1,0.1666666666666666,homorhythmic,low
120,4.0,1.0,1,13.0,2.25,3.0,3.0,1.25,0.173076923076923,0.0,0.0,65.26923076923077,6.7988165680473385,53.0,87.0,63.0,0.3333333333333333,0.0,0.3333333333333333,0.3333333333333333,0.3333333333333333,0.3333333333333333,0.0044444444444443,0.3299999999999998,0.3400000000000001,0.33,4.333333333333333,0.7777777777777778,2.0,5.0,5.0,1.5833333333333333,0.4861111111111111,1.0,2.0,2.0,4.3375,0.775125,2.0,5.0,5.0,1.585,0.4855500000000001,1.0,2.0,2.0,25.12,4.9494,16.0,35.0,26.0,0.6671666666666667,0.1054983333333333,0.5,1.0,0.6666666666666666,0.9166666666666666,0.8333333333333334,0.6666666666666666,0.38,0.58,0.52,0.34,0.72,1,1,0,1,1,0,1,1,0,0,1,1,0,0,5.0,0.999039385206532,1,0.6666666666666666,homorhythmic,high
121,4.0,1.0,1,15.0,2.5,3.0,3.0,1.25,0.1666666666666666,0.0,0.0,63.06666666666668,5.280000000000003,53.0,81.0,63.0,0.3333333333333333,0.0,0.3333333333333333,0.3333333333333333,0.3333333333333333,0.3333333333333333,0.0044444444444443,0.3299999999999998,0.3400000000000001,0.33,5.0,0.0,5.0,5.0,5.0,1.75,0.375,1.0,2.0,2.0,4.999999999999999,8.881784197001252e-16,5.0,5.0,5.0,1.7525,0.3724874999999999,1.0,2.0,2.0,22.3725,3.0508499999999996,17.0,29.0,23.0,0.65825,0.0653474999999999,0.5,0.8,0.7,1.0,1.0,1.0,0.4181818181818181,0.5454545454545454,0.6181818181818182,0.6,0.8,1,1,0,1,1,1,1,1,0,0,1,1,0,0,5.0,1.0,1,1.0,homorhythmic,high
122,4.0,1.0,1,7.75,3.0,3.0,3.0,1.5,0.3870967741935484,0.0,0.0,58.77419354838711,12.262226847034338,34.0,77.0,65.0,0.3333333333333333,0.0,0.3333333333333333,0.3333333333333333,0.3333333333333333,0.3333333333333333,0.0044444444444443,0.3299999999999998,0.3400000000000001,0.33,2.5833333333333335,0.875,2.0,5.0,2.0,1.0833333333333333,0.1527777777777777,1.0,2.0,1.0,2.5825,0.87375,2.0,5.0,2.0,1.0825,0.1513875,1.0,2.0,1.0,24.99,7.673349999999999,15.0,44.0,21.0,0.915,0.1555499999999999,0.0,1.0,1.0,0.25,0.25,0.0833333333333333,0.0384615384615384,0.5384615384615384,0.2692307692307692,0.0384615384615384,0.5384615384615384,0,1,0,1,0,0,1,0,0,0,0,1,1,1,2.0,1.0,1,0.0833333333333333,homorhythmic,high
123,4.0,1.0,1,6.0,3.5,3.0,3.0,1.75,0.5833333333333334,0.0,0.0,60.54166666666667,8.541666666666666,46.0,75.0,60.0,0.3333333333333333,0.0,0.3333333333333333,0.3333333333333333,0.3333333333333333,0.3333333333333333,0.0044444444444443,0.3299999999999998,0.3400000000000001,0.33,2.0,0.0,2.0,2.0,2.0,0.9166666666666666,0.1527777777777778,0.0,1.0,1.0,2.0,0.0,2.0,2.0,2.0,0.915,0.1555499999999999,0.0,1.0,1.0,18.085,6.135,5.0,30.0,18.5,1.0,0.0,1.0,1.0,1.0,0.1666666666666666,0.0,0.1666666666666666,0.0454545454545454,0.6818181818181818,0.3181818181818182,0.0909090909090909,0.0,1,0,1,0,0,0,0,0,1,0,0,0,0,0,2.0,1.0,1,0.1666666666666666,homorhythmic,low
124,4.0,1.0,1,13.0,2.5,3.0,3.0,1.25,0.1923076923076923,0.0,0.0,58.67307692307692,7.420118343195265,46.0,83.0,56.0,0.3333333333333333,0.0,0.3333333333333333,0.3333333333333333,0.3333333333333333,0.3333333333333333,0.0044444444444443,0.3299999999999998,0.3400000000000001,0.33,4.333333333333333,0.7777777777777778,2.0,5.0,5.0,1.5833333333333333,0.4861111111111111,1.0,2.0,2.0,4.3375,0.775125,2.0,5.0,5.0,1.585,0.4855500000000001,1.0,2.0,2.0,26.867499999999993,6.193162500000001,16.0,38.0,29.0,0.6581666666666667,0.0985691666666666,0.5,1.0,0.6666666666666666,0.9166666666666666,0.8333333333333334,0.6666666666666666,0.38,0.56,0.52,0.3,0.72,1,1,0,1,1,0,1,1,0,0,1,1,0,0,5.0,0.999039385206532,1,0.6666666666666666,homorhythmic,high
125,4.0,1.0,1,15.0,2.75,3.0,3.0,1.25,0.1833333333333333,0.0,0.0,56.33333333333335,5.600000000000005,46.0,77.0,56.0,0.3333333333333333,0.0,0.3333333333333333,0.3333333333333333,0.3333333333333333,0.3333333333333333,0.0044444444444443,0.3299999999999998,0.3400000000000001,0.33,5.0,0.0,5.0,5.0,5.0,1.8333333333333333,0.2777777777777778,1.0,2.0,2.0,4.999999999999999,8.881784197001252e-16,5.0,5.0,5.0,1.835,0.2755500000000001,1.0,2.0,2.0,23.709999999999997,3.29505,17.0,32.0,23.0,0.6502499999999999,0.0834987499999999,0.5,0.8,0.7,1.0,1.0,1.0,0.4,0.5272727272727272,0.6181818181818182,0.6,0.8,1,1,0,1,1,1,1,1,0,0,1,1,0,0,5.0,1.0,1,1.0,homorhythmic,high
126,4.0,1.0,1,13.0,2.25,3.0,3.0,0.75,0.173076923076923,0.0,0.0,58.32692307692306,8.656804733727801,46.0,87.0,54.0,0.3333333333333333,0.0,0.3333333333333333,0.3333333333333333,0.3333333333333333,0.3333333333333333,0.0044444444444443,0.3299999999999998,0.3400000000000001,0.33,4.333333333333333,0.7777777777777778,2.0,5.0,5.0,1.0,0.0,1.0,1.0,1.0,4.3375,0.775125,2.0,5.0,5.0,1.0,0.0,1.0,1.0,1.0,30.04,4.887999999999999,20.0,42.0,30.0,1.0,0.0,1.0,1.0,1.0,0.9166666666666666,0.8333333333333334,0.6666666666666666,0.0,0.72,0.58,0.36,0.72,0,1,0,1,1,0,1,1,0,0,1,1,0,0,5.0,0.999039385206532,1,0.6666666666666666,homorhythmic,high
127,4.0,1.0,1,15.0,2.25,3.0,3.0,0.75,0.15,0.0,0.0,55.56666666666669,6.280000000000005,46.0,78.0,54.0,0.3333333333333333,0.0,0.3333333333333333,0.3333333333333333,0.3333333333333333,0.3333333333333333,0.0044444444444443,0.3299999999999998,0.3400000000000001,0.33,5.0,0.0,5.0,5.0,5.0,0.75,0.375,0.0,1.0,1.0,4.999999999999999,8.881784197001252e-16,5.0,5.0,5.0,0.7525,0.3724874999999999,0.0,1.0,1.0,23.902499999999996,4.837387499999999,18.0,33.0,21.0,1.0,0.0,1.0,1.0,1.0,1.0,1.0,1.0,0.0,0.6727272727272727,0.6545454545454545,0.7272727272727273,0.8,1,1,0,1,1,0,1,1,0,0,1,1,0,0,5.0,1.0,1,1.0,homorhythmic,high
128,4.0,1.0,1,13.0,2.25,3.0,3.0,1.0,0.173076923076923,0.0,0.0,58.19230769230768,9.372781065088748,46.0,88.0,54.0,0.3333333333333333,0.0,0.3333333333333333,0.3333333333333333,0.3333333333333333,0.3333333333333333,0.0044444444444443,0.3299999999999998,0.3400000000000001,0.33,4.333333333333333,0.7777777777777778,2.0,5.0,5.0,1.0,0.0,1.0,1.0,1.0,4.3375,0.775125,2.0,5.0,5.0,1.0,0.0,1.0,1.0,1.0,32.2975,4.5541874999999985,25.0,43.0,31.0,0.8699999999999999,0.1521,0.6666666666666666,1.0,1.0,0.8333333333333334,0.9166666666666666,0.5833333333333334,0.06,0.7,0.46,0.32,0.72,1,1,0,1,1,0,1,1,0,0,1,1,0,0,5.0,0.999039385206532,1,0.5833333333333334,homorhythmic,high
129,4.0,1.0,1,15.0,2.25,3.0,3.0,1.0,0.15,0.0,0.0,55.31666666666669,6.780000000000004,46.0,78.0,54.0,0.3333333333333333,0.0,0.3333333333333333,0.3333333333333333,0.3333333333333333,0.3333333333333333,0.0044444444444443,0.3299999999999998,0.3400000000000001,0.33,5.0,0.0,5.0,5.0,5.0,1.0,0.0,1.0,1.0,1.0,4.999999999999999,8.881784197001252e-16,5.0,5.0,5.0,1.0,0.0,1.0,1.0,1.0,24.652499999999996,5.2086375,19.0,33.0,21.0,0.84925,0.14999625,0.7,1.0,0.7,1.0,1.0,1.0,0.0545454545454545,0.8,0.4181818181818181,0.6181818181818182,0.8,1,1,0,1,1,0,1,1,0,0,1,1,0,0,5.0,1.0,1,1.0,homorhythmic,high
130,4.0,1.0,1,13.0,2.25,3.0,3.0,0.75,0.173076923076923,0.0,0.0,58.403846153846146,8.81213017751479,47.0,86.0,54.0,0.3333333333333333,0.0,0.3333333333333333,0.3333333333333333,0.3333333333333333,0.3333333333333333,0.0044444444444443,0.3299999999999998,0.3400000000000001,0.33,4.333333333333333,0.7777777777777778,2.0,5.0,5.0,1.0,0.0,1.0,1.0,1.0,4.3375,0.775125,2.0,5.0,5.0,1.0,0.0,1.0,1.0,1.0,29.7925,4.5500625,22.0,40.0,29.0,1.0,0.0,1.0,1.0,1.0,0.9166666666666666,0.8333333333333334,0.6666666666666666,0.0,0.68,0.56,0.36,0.72,1,1,0,1,1,0,1,1,0,0,1,1,0,0,5.0,0.999039385206532,1,0.6666666666666666,homorhythmic,high
131,4.0,1.0,1,15.0,2.25,3.0,3.0,0.75,0.15,0.0,0.0,55.68333333333334,6.420000000000002,47.0,78.0,54.0,0.3333333333333333,0.0,0.3333333333333333,0.3333333333333333,0.3333333333333333,0.3333333333333333,0.0044444444444443,0.3299999999999998,0.3400000000000001,0.33,5.0,0.0,5.0,5.0,5.0,0.75,0.375,0.0,1.0,1.0,4.999999999999999,8.881784197001252e-16,5.0,5.0,5.0,0.7525,0.3724874999999999,0.0,1.0,1.0,22.4825,4.847287499999999,16.0,32.0,20.0,1.0,0.0,1.0,1.0,1.0,1.0,1.0,1.0,0.0,0.7090909090909091,0.6727272727272727,0.7272727272727273,0.8,1,1,0,1,1,0,1,1,0,0,1,1,0,0,5.0,1.0,1,1.0,homorhythmic,high
132,4.0,1.0,1,13.0,2.25,3.0,3.0,0.75,0.173076923076923,0.0,0.0,58.67307692307691,8.699704142011832,47.0,86.0,55.0,0.3333333333333333,0.0,0.3333333333333333,0.3333333333333333,0.3333333333333333,0.3333333333333333,0.0044444444444443,0.3299999999999998,0.3400000000000001,0.33,4.333333333333333,0.7777777777777778,2.0,5.0,5.0,1.0,0.0,1.0,1.0,1.0,4.3375,0.775125,2.0,5.0,5.0,1.0,0.0,1.0,1.0,1.0,30.04,4.547999999999999,22.0,40.0,30.0,1.0,0.0,1.0,1.0,1.0,0.8333333333333334,0.9166666666666666,0.6666666666666666,0.0,0.74,0.48,0.36,0.72,1,1,0,1,1,0,1,1,0,0,1,1,0,0,5.0,0.999039385206532,1,0.6666666666666666,homorhythmic,high
133,4.0,1.0,1,15.0,2.75,3.0,3.0,1.0,0.1833333333333333,0.0,0.0,56.06666666666667,6.48,47.0,79.0,55.0,0.3333333333333333,0.0,0.3333333333333333,0.3333333333333333,0.3333333333333333,0.3333333333333333,0.0044444444444443,0.3299999999999998,0.3400000000000001,0.33,5.0,0.0,5.0,5.0,5.0,0.8333333333333334,0.2777777777777777,0.0,1.0,1.0,4.999999999999999,8.881784197001252e-16,5.0,5.0,5.0,0.835,0.2755500000000001,0.0,1.0,1.0,23.4,4.752,16.0,33.0,21.0,0.94975,0.08366625,0.7,1.0,1.0,1.0,1.0,1.0,0.0181818181818181,0.8545454545454545,0.4545454545454545,0.6909090909090909,0.8,1,1,0,1,1,0,1,0,0,0,1,1,0,0,5.0,1.0,1,1.0,homorhythmic,high
134,4.0,1.0,1,13.0,2.25,3.0,3.0,0.75,0.173076923076923,0.0,0.0,59.8653846153846,9.344674556213011,48.0,87.0,55.0,0.3333333333333333,0.0,0.3333333333333333,0.3333333333333333,0.3333333333333333,0.3333333333333333,0.0044444444444443,0.3299999999999998,0.3400000000000001,0.33,4.333333333333333,0.7777777777777778,2.0,5.0,5.0,1.0,0.0,1.0,1.0,1.0,4.3375,0.775125,2.0,5.0,5.0,1.0,0.0,1.0,1.0,1.0,31.7875,4.4435625,25.0,40.0,32.0,1.0,0.0,1.0,1.0,1.0,0.9166666666666666,0.8333333333333334,0.5833333333333334,0.0,0.66,0.56,0.34,0.72,1,1,0,1,1,0,1,1,0,0,1,1,0,0,5.0,0.999039385206532,1,0.5833333333333334,homorhythmic,high
135,4.0,1.0,1,15.0,2.25,3.0,3.0,0.75,0.15,0.0,0.0,56.683333333333344,6.420000000000004,48.0,79.0,55.0,0.3333333333333333,0.0,0.3333333333333333,0.3333333333333333,0.3333333333333333,0.3333333333333333,0.0044444444444443,0.3299999999999998,0.3400000000000001,0.33,5.0,0.0,5.0,5.0,5.0,0.75,0.375,0.0,1.0,1.0,4.999999999999999,8.881784197001252e-16,5.0,5.0,5.0,0.7525,0.3724874999999999,0.0,1.0,1.0,22.4825,4.847287499999999,16.0,32.0,20.0,1.0,0.0,1.0,1.0,1.0,1.0,1.0,1.0,0.0,0.7090909090909091,0.6727272727272727,0.7272727272727273,0.8,1,1,0,1,1,0,1,1,0,0,1,1,0,0,5.0,1.0,1,1.0,homorhythmic,high
136,4.0,1.0,1,13.0,2.0,3.0,3.0,0.75,0.1538461538461538,0.0,0.0,62.46153846153847,6.147928994082842,53.0,80.0,61.0,0.3333333333333333,0.0,0.3333333333333333,0.3333333333333333,0.3333333333333333,0.3333333333333333,0.0044444444444443,0.3299999999999998,0.3400000000000001,0.33,4.333333333333333,0.7777777777777778,2.0,5.0,5.0,0.75,0.375,0.0,1.0,1.0,4.3375,0.775125,2.0,5.0,5.0,0.7450000000000001,0.3799499999999998,0.0,1.0,1.0,20.395000000000003,3.541799999999999,13.0,28.0,21.0,1.0,0.0,1.0,1.0,1.0,0.8333333333333334,0.9166666666666666,0.9166666666666666,0.0,0.8,0.5,0.58,0.72,1,1,0,1,1,0,1,1,0,0,1,1,0,0,5.0,0.999039385206532,1,0.9166666666666666,homorhythmic,high
137,4.0,1.0,1,13.0,2.0,3.0,3.0,1.0,0.1538461538461538,0.0,0.0,63.98076923076923,4.9393491124260365,54.0,81.0,63.0,0.3333333333333333,0.0,0.3333333333333333,0.3333333333333333,0.3333333333333333,0.3333333333333333,0.0044444444444443,0.3299999999999998,0.3400000000000001,0.33,4.333333333333333,0.7777777777777778,2.0,5.0,5.0,1.3333333333333333,0.5555555555555555,0.0,2.0,1.0,4.3375,0.775125,2.0,5.0,5.0,1.33,0.5561,0.0,2.0,1.0,17.5,3.765,10.0,28.0,16.0,0.7549166666666667,0.10869375,0.6,1.0,0.7,0.9166666666666666,0.0,0.8333333333333334,0.0,0.78,0.0,0.56,0.72,1,1,0,1,1,0,1,1,0,0,1,1,0,0,5.0,0.999039385206532,1,0.8333333333333334,homorhythmic,high
138,4.0,1.0,1,10.5,2.0,3.0,3.0,1.0,0.1904761904761904,0.0,0.0,63.11904761904763,5.0578231292517035,55.0,79.0,62.0,0.3333333333333333,0.0,0.3333333333333333,0.3333333333333333,0.3333333333333333,0.3333333333333333,0.0044444444444443,0.3299999999999998,0.3400000000000001,0.33,3.5,1.0,1.0,5.0,3.5,0.6666666666666666,0.6666666666666666,0.0,2.0,0.5,3.5025,0.9975000000000002,1.0,5.0,3.5,0.665,0.665,0.0,2.0,0.5,14.2575,5.408787500000001,1.0,25.0,13.0,0.9725,0.0504625,0.6666666666666666,1.0,1.0,0.75,0.8333333333333334,0.5833333333333334,0.0,0.6585365853658537,0.6585365853658537,0.4390243902439024,0.7317073170731707,1,1,0,1,1,0,1,1,0,0,1,1,1,1,3.5,0.9992862241256246,1,0.5833333333333334,homorhythmic,high
139,4.0,1.0,1,8.25,2.5,3.0,3.0,2.0,0.303030303030303,0.0,0.0,62.96969696969697,7.0578512396694215,55.0,77.0,60.0,0.3333333333333333,0.0,0.3333333333333333,0.3333333333333333,0.3333333333333333,0.3333333333333333,0.0044444444444443,0.3299999999999998,0.3400000000000001,0.33,2.75,0.375,2.0,3.0,3.0,1.1666666666666667,0.2777777777777778,1.0,2.0,1.0,2.75,0.375,2.0,3.0,3.0,1.165,0.2755500000000001,1.0,2.0,1.0,17.8725,2.9733000000000005,13.0,23.0,18.0,0.8058333333333333,0.2592125,0.3333333333333333,1.0,1.0,0.4166666666666667,0.25,0.3333333333333333,0.1,0.2666666666666666,0.3333333333333333,0.2666666666666666,0.5666666666666667,1,0,0,0,1,0,1,1,0,0,0,1,0,0,3.0,1.0,1,0.3333333333333333,homorhythmic,high
140,4.0,1.0,1,10.5,2.0,3.0,3.0,1.0,0.1904761904761904,0.0,0.0,51.11904761904761,5.0578231292517,43.0,67.0,50.0,0.3333333333333333,0.0,0.3333333333333333,0.3333333333333333,0.3333333333333333,0.3333333333333333,0.0044444444444443,0.3299999999999998,0.3400000000000001,0.33,3.5,1.0,1.0,5.0,3.5,0.6666666666666666,0.6666666666666666,0.0,2.0,0.5,3.5025,0.9975000000000002,1.0,5.0,3.5,0.665,0.665,0.0,2.0,0.5,14.2575,5.408787500000001,1.0,25.0,13.0,0.9725,0.0504625,0.6666666666666666,1.0,1.0,0.75,0.8333333333333334,0.5833333333333334,0.0,0.6585365853658537,0.6585365853658537,0.4390243902439024,0.7317073170731707,1,1,0,1,1,0,1,1,0,0,1,1,1,1,3.5,0.9992862241256246,1,0.5833333333333334,homorhythmic,high
141,4.0,1.0,1,8.25,2.75,3.0,3.0,2.0,0.3333333333333333,0.0,0.0,50.878787878787875,6.958677685950414,43.0,65.0,48.0,0.3333333333333333,0.0,0.3333333333333333,0.3333333333333333,0.3333333333333333,0.3333333333333333,0.0044444444444443,0.3299999999999998,0.3400000000000001,0.33,2.75,0.375,2.0,3.0,3.0,1.1666666666666667,0.2777777777777778,1.0,2.0,1.0,2.75,0.375,2.0,3.0,3.0,1.165,0.2755500000000001,1.0,2.0,1.0,17.624999999999996,2.9081250000000005,13.0,23.0,18.0,0.8058333333333333,0.2592125,0.3333333333333333,1.0,1.0,0.4166666666666667,0.25,0.4166666666666667,0.1,0.2666666666666666,0.3,0.3333333333333333,0.5666666666666667,1,0,0,0,1,1,1,1,0,0,0,1,0,0,3.0,1.0,1,0.4166666666666667,homorhythmic,high
142,4.0,1.0,1,6.5,2.5,3.25,3.25,1.5,0.3846153846153846,0.0,0.0,49.583333333333336,6.3923611111111125,36.0,62.0,50.0,0.3076923076923077,0.0433925049309664,0.1666666666666666,0.3333333333333333,0.3333333333333333,0.3076923076923077,0.0439053254437869,0.16,0.3400000000000001,0.33,2.0,0.3076923076923077,1.0,3.0,2.0,0.8461538461538461,0.3905325443786982,0.0,2.0,1.0,2.0,0.25,1.0,3.0,2.0,0.8725,0.36645,0.0,2.0,1.0,11.965,5.423575,1.0,22.0,13.0,1.0,0.0,1.0,1.0,1.0,0.1538461538461538,0.2307692307692307,0.3846153846153846,0.0,0.2608695652173913,0.391304347826087,0.2608695652173913,0.391304347826087,0,0,0,0,0,1,1,1,0,0,0,1,0,1,2.0,1.0,1,0.3846153846153846,homorhythmic,high
143,4.0,1.0,1,6.0,2.0,3.0,3.0,1.75,0.3333333333333333,0.0,0.0,41.916666666666664,8.416666666666666,31.0,55.0,40.5,0.3333333333333333,0.0,0.3333333333333333,0.3333333333333333,0.3333333333333333,0.3333333333333333,0.0044444444444443,0.3299999999999998,0.3400000000000001,0.33,2.0,0.0,2.0,2.0,2.0,1.0,0.0,1.0,1.0,1.0,2.0,0.0,2.0,2.0,2.0,1.0,0.0,1.0,1.0,1.0,17.790000000000003,3.5079,10.0,25.0,17.0,0.835,0.2755500000000001,0.0,1.0,1.0,0.1666666666666666,0.0,0.0,0.0,0.1818181818181818,0.3181818181818182,0.0,0.3636363636363636,1,0,0,0,0,0,1,1,0,0,0,1,0,0,2.0,1.0,1,0.0,homorhythmic,high
144,4.0,1.0,1,16.0,1.75,4.0,4.0,1.25,0.109375,0.0,0.0,46.4375,6.34375,31.0,55.0,48.5,0.25,0.0,0.25,0.25,0.25,0.25,0.0,0.25,0.25,0.25,4.0,0.0,4.0,4.0,4.0,1.0,0.0,1.0,1.0,1.0,4.0,0.0,4.0,4.0,4.0,1.0,0.0,1.0,1.0,1.0,22.25,1.75,20.0,25.0,22.0,0.8333333333333333,0.1666666666666667,0.6666666666666666,1.0,0.8333333333333333,1.0,1.0,0.25,0.1833333333333333,0.5,0.5666666666666667,0.1333333333333333,0.75,1,1,0,1,1,0,1,1,0,0,1,1,0,0,4.0,1.0,1,0.25,homorhythmic,high
145,4.0,1.0,1,8.5,1.5,4.0,4.0,1.25,0.1764705882352941,0.0,0.0,42.26470588235294,10.602076124567477,31.0,55.0,48.5,0.25,0.0,0.25,0.25,0.25,0.25,0.0,0.25,0.25,0.25,2.125,0.234375,2.0,4.0,2.0,1.0,0.0,1.0,1.0,1.0,2.125,0.234375,2.0,4.0,2.0,1.0,0.0,1.0,1.0,1.0,22.75,1.75,20.0,25.0,23.0,0.75,0.375,0.0,1.0,1.0,0.0625,0.0625,0.0,0.3666666666666666,0.0333333333333333,0.1333333333333333,0.0,0.5333333333333333,1,1,0,1,0,0,1,1,0,0,1,1,0,0,2.0,1.0,1,0.0,homorhythmic,high
146,4.0,1.0,1,8.0,1.25,4.0,4.0,1.0,0.15625,0.0,0.0,44.375,10.625,31.0,55.0,45.5,0.25,0.0,0.25,0.25,0.25,0.25,0.0,0.25,0.25,0.25,2.0,0.0,2.0,2.0,2.0,1.0,0.0,1.0,1.0,1.0,2.0,0.0,2.0,2.0,2.0,1.0,0.0,1.0,1.0,1.0,22.25,1.75,20.0,25.0,22.0,0.75,0.375,0.0,1.0,1.0,0.0,0.0,0.0,0.3666666666666666,0.0,0.1333333333333333,0.0,0.5,1,0,0,0,1,0,1,1,0,0,1,1,0,0,2.0,1.0,1,0.0,homorhythmic,high
147,4.0,1.0,1,8.0,1.25,4.0,4.0,1.0,0.15625,0.0,0.0,43.5,12.5,31.0,59.0,42.5,0.25,0.0,0.25,0.25,0.25,0.25,0.0,0.25,0.25,0.25,2.0,0.0,2.0,2.0,2.0,1.0,0.0,1.0,1.0,1.0,2.0,0.0,2.0,2.0,2.0,1.0,0.0,1.0,1.0,1.0,26.0,1.625,24.0,29.0,25.0,0.5,0.5,0.0,1.0,0.5,0.0,0.0,0.0,0.4,0.0,0.1,0.0,0.5,1,0,0,0,1,0,1,1,0,0,1,1,0,0,2.0,1.0,1,0.0,homorhythmic,high
148,4.0,1.0,1,7.0,2.25,4.5,4.5,1.75,0.3214285714285714,0.0,0.0,42.87499999999999,12.166666666666664,31.0,66.0,35.5,0.2142857142857142,0.0510204081632653,0.0833333333333333,0.25,0.25,0.2222222222222222,0.0432098765432098,0.08,0.25,0.25,1.5555555555555556,0.4938271604938272,1.0,2.0,2.0,0.5555555555555556,0.4938271604938272,0.0,1.0,1.0,1.5,0.5,1.0,2.0,1.5,0.5,0.5,0.0,1.0,0.5,14.6925,13.6925,1.0,34.0,12.5,0.875,0.21875,0.0,1.0,1.0,0.0,0.0,0.0,0.5769230769230769,0.0,0.1538461538461538,0.0,0.1923076923076923,1,0,0,0,0,0,1,1,0,0,1,1,0,0,1.5,1.0,1,0.0,homorhythmic,high
149,4.0,1.0,1,8.0,2.75,4.5,4.5,1.75,0.34375,0.0,0.0,49.82142857142856,18.36734693877551,31.0,78.0,36.0,0.21875,0.046875,0.0833333333333333,0.25,0.25,0.2222222222222222,0.0432098765432098,0.08,0.25,0.25,1.7777777777777777,0.345679012345679,1.0,2.0,2.0,0.7777777777777778,0.345679012345679,0.0,1.0,1.0,1.75,0.375,1.0,2.0,2.0,0.75,0.375,0.0,1.0,1.0,29.130000000000003,14.065000000000005,1.0,46.0,37.0,0.875,0.21875,0.0,1.0,1.0,0.0,0.0,0.0,0.5666666666666667,0.0,0.1333333333333333,0.0,0.2666666666666666,1,0,0,0,1,0,0,0,0,0,1,1,0,0,2.0,1.0,1,0.0,homorhythmic,low
150,4.0,1.0,1,7.0,2.5,4.5,4.5,1.75,0.3571428571428571,0.0,0.0,45.66666666666666,15.888888888888886,31.0,79.0,35.5,0.2142857142857142,0.0510204081632653,0.0833333333333333,0.25,0.25,0.2222222222222222,0.0432098765432098,0.08,0.25,0.25,1.5555555555555556,0.4938271604938272,1.0,2.0,2.0,0.5555555555555556,0.4938271604938272,0.0,1.0,1.0,1.5,0.5,1.0,2.0,1.5,0.5,0.5,0.0,1.0,0.5,18.88,17.88,1.0,49.0,14.5,1.0,0.0,1.0,1.0,1.0,0.0,0.0,0.0,0.5769230769230769,0.0,0.1538461538461538,0.0,0.1923076923076923,1,0,1,0,1,1,1,1,1,0,0,1,0,0,1.5,1.0,1,0.0,homorhythmic,high
151,4.0,1.0,1,8.0,2.75,4.5,4.5,1.75,0.34375,0.0,0.0,51.53571428571428,20.326530612244895,31.0,81.0,36.0,0.21875,0.046875,0.0833333333333333,0.25,0.25,0.2222222222222222,0.0432098765432098,0.08,0.25,0.25,1.7777777777777777,0.345679012345679,1.0,2.0,2.0,0.7777777777777778,0.345679012345679,0.0,1.0,1.0,1.75,0.375,1.0,2.0,2.0,0.75,0.375,0.0,1.0,1.0,32.13,15.565000000000005,1.0,49.0,40.0,0.875,0.21875,0.0,1.0,1.0,0.0,0.0,0.0,0.5666666666666667,0.0,0.1333333333333333,0.0,0.2666666666666666,1,0,0,0,1,0,0,0,0,0,1,1,0,0,2.0,1.0,1,0.0,homorhythmic,low
152,4.0,1.0,1,7.5,2.5,4.5,4.5,1.75,0.3333333333333333,0.0,0.0,51.3076923076923,21.609467455621296,31.0,83.0,36.0,0.2166666666666666,0.0488888888888888,0.0833333333333333,0.25,0.25,0.2222222222222222,0.0432098765432098,0.08,0.25,0.25,1.6666666666666667,0.4444444444444444,1.0,2.0,2.0,0.6666666666666666,0.4444444444444444,0.0,1.0,1.0,1.625,0.46875,1.0,2.0,2.0,0.625,0.46875,0.0,1.0,1.0,29.505,21.37875,1.0,53.0,44.0,0.875,0.21875,0.0,1.0,1.0,0.0,0.0,0.0,0.5357142857142857,0.0,0.1428571428571428,0.0,0.25,0,0,0,0,1,0,0,0,0,0,1,1,0,0,2.0,1.0,1,0.0,homorhythmic,low
153,4.0,1.0,1,7.5,2.5,4.0,4.0,1.5,0.3333333333333333,0.0,0.0,57.03333333333333,24.83555555555556,31.0,88.0,36.0,0.25,0.0,0.25,0.25,0.25,0.25,0.0,0.25,0.25,0.25,1.875,0.21875,1.0,2.0,2.0,0.875,0.21875,0.0,1.0,1.0,1.875,0.21875,1.0,2.0,2.0,0.875,0.21875,0.0,1.0,1.0,44.625,10.90625,1.0,56.0,50.0,0.75,0.375,0.0,1.0,1.0,0.0,0.0,0.0,0.5714285714285714,0.0,0.1428571428571428,0.0,0.25,1,0,0,0,1,0,0,0,0,0,0,1,0,0,2.0,1.0,1,0.0,homorhythmic,low
154,4.0,1.0,1,7.0,2.0,4.0,4.0,2.0,0.2857142857142857,0.0,0.0,57.214285714285715,26.6734693877551,31.0,89.0,36.5,0.25,0.0,0.25,0.25,0.25,0.25,0.0,0.25,0.25,0.25,1.75,0.375,1.0,2.0,2.0,0.75,0.375,0.0,1.0,1.0,1.75,0.375,1.0,2.0,2.0,0.75,0.375,0.0,1.0,1.0,41.8125,20.40625,1.0,59.0,54.5,0.75,0.375,0.0,1.0,1.0,0.0,0.0,0.0,0.5384615384615384,0.0,0.0769230769230769,0.0,0.2307692307692307,1,0,0,0,1,0,0,0,0,0,1,1,0,0,2.0,1.0,1,0.0,homorhythmic,low
155,4.0,1.0,1,8.0,1.75,4.0,4.0,1.5,0.21875,0.0,0.0,61.125,26.875,31.0,89.0,62.0,0.25,0.0,0.25,0.25,0.25,0.25,0.0,0.25,0.25,0.25,2.0,0.0,2.0,2.0,2.0,1.0,0.0,1.0,1.0,1.0,2.0,0.0,2.0,2.0,2.0,1.0,0.0,1.0,1.0,1.0,54.75,2.75,52.0,59.0,54.0,0.75,0.375,0.0,1.0,1.0,0.0,0.0,0.0,0.4666666666666667,0.2666666666666666,0.1333333333333333,0.0,0.1333333333333333,1,0,1,0,1,0,1,1,1,0,1,1,0,0,2.0,1.0,1,0.0,homorhythmic,high
156,4.0,1.0,1,8.0,2.5,4.0,4.0,1.75,0.3125,0.0,0.0,60.3125,25.6875,31.0,89.0,60.5,0.25,0.0,0.25,0.25,0.25,0.25,0.0,0.25,0.25,0.25,2.0,0.0,2.0,2.0,2.0,1.0,0.0,1.0,1.0,1.0,2.0,0.0,2.0,2.0,2.0,1.0,0.0,1.0,1.0,1.0,52.375,3.46875,46.0,59.0,52.0,0.875,0.21875,0.0,1.0,1.0,0.0,0.0,0.0,1.0,0.0,0.0,0.0,0.0,1,0,1,0,1,0,1,1,1,0,1,1,0,0,2.0,1.0,1,0.0,homorhythmic,high
157,4.0,1.0,1,7.5,7.5,3.75,3.75,1.75,1.0,0.0,0.0,60.25,17.875,31.0,89.0,60.0,0.2666666666666666,0.0311111111111111,0.25,0.5,0.25,0.2666666666666666,0.0311111111111111,0.25,0.5,0.25,2.0,0.0,2.0,2.0,2.0,1.0,0.0,1.0,1.0,1.0,2.0,0.0,2.0,2.0,2.0,1.0,0.0,1.0,1.0,1.0,36.75,13.5,11.0,59.0,37.0,0.625,0.46875,0.0,1.0,1.0,0.0,0.0,0.0,1.0,0.0,0.0,0.0714285714285714,0.0,1,0,1,0,1,1,1,1,1,0,0,0,0,0,2.0,1.0,1,0.0,homorhythmic,high
158,4.0,1.0,1,7.5,1.25,2.0,2.0,0.75,0.1666666666666666,0.0,0.0,45.5,5.6,36.0,64.0,48.0,0.5,0.0,0.5,0.5,0.5,0.5,0.0,0.5,0.5,0.5,3.75,0.4375,2.0,4.0,4.0,1.0,0.0,1.0,1.0,1.0,3.75,0.4375,2.0,4.0,4.0,1.0,0.0,1.0,1.0,1.0,17.0,0.0,17.0,17.0,17.0,1.0,0.0,1.0,1.0,1.0,0.875,0.875,0.875,0.0,0.4642857142857143,0.6785714285714286,0.5,0.8928571428571429,1,1,0,1,1,0,1,1,0,0,1,1,0,1,4.0,1.0,1,0.875,homorhythmic,high
159,4.0,1.0,1,8.0,1.75,2.0,2.0,1.5,0.21875,0.0,0.0,45.125,5.375,36.0,54.0,46.5,0.5,0.0,0.5,0.5,0.5,0.5,0.0,0.5,0.5,0.5,4.0,0.0,4.0,4.0,4.0,1.0,0.0,1.0,1.0,1.0,4.0,0.0,4.0,4.0,4.0,1.0,0.0,1.0,1.0,1.0,17.5,0.75,17.0,19.0,17.0,0.9166666666666666,0.125,0.6666666666666666,1.0,1.0,1.0,1.0,0.75,0.1071428571428571,0.4642857142857143,0.7142857142857143,0.3928571428571428,0.8928571428571429,1,1,0,1,1,1,1,1,0,0,0,1,0,0,4.0,1.0,1,0.75,homorhythmic,high
160,4.0,1.0,1,6.75,1.5,2.25,2.25,1.0,0.2222222222222222,0.0,0.0,43.833333333333336,6.444444444444446,35.0,59.0,43.0,0.4444444444444444,0.0864197530864197,0.25,0.5,0.5,0.4444444444444444,0.0864197530864197,0.25,0.5,0.5,3.0,0.6666666666666666,2.0,4.0,3.0,1.6666666666666667,0.4444444444444444,1.0,2.0,2.0,3.0,0.75,2.0,4.0,3.0,1.625,0.46875,1.0,2.0,2.0,16.875,5.90625,9.0,25.0,21.0,0.9583333333333334,0.0781249999999999,0.3333333333333333,1.0,1.0,1.0,0.3333333333333333,0.4444444444444444,0.0869565217391304,0.0434782608695652,0.3043478260869565,0.3043478260869565,0.8695652173913043,1,1,0,1,1,1,1,1,0,0,0,1,0,0,3.0,1.0,1,0.4444444444444444,homorhythmic,high
161,4.0,1.0,1,7.0,1.75,2.5,2.5,1.25,0.25,0.0,0.0,50.95454545454545,17.388429752066113,35.0,86.0,43.0,0.3928571428571428,0.1224489795918367,0.25,0.5,0.5,0.4,0.12,0.25,0.5,0.5,2.8,0.3200000000000001,2.0,3.0,3.0,1.8,0.3199999999999999,1.0,2.0,2.0,2.75,0.375,2.0,3.0,3.0,1.75,0.375,1.0,2.0,2.0,38.875,14.9375,9.0,52.0,46.0,0.9375,0.109375,0.3333333333333333,1.0,1.0,1.0,0.0,0.0,0.16,0.0,0.0,0.0,0.84,1,1,0,1,1,0,1,1,0,0,1,1,0,0,3.0,1.0,1,0.0,homorhythmic,high
162,4.0,1.0,1,8.0,1.0,2.0,2.0,0.75,0.125,0.0,0.0,42.75,5.25,34.0,50.0,43.5,0.5,0.0,0.5,0.5,0.5,0.5,0.0,0.5,0.5,0.5,4.0,0.0,4.0,4.0,4.0,1.0,0.0,1.0,1.0,1.0,4.0,0.0,4.0,4.0,4.0,1.0,0.0,1.0,1.0,1.0,17.0,0.0,17.0,17.0,17.0,1.0,0.0,1.0,1.0,1.0,1.0,1.0,1.0,0.0,0.5,0.75,0.5,1.0,1,1,0,1,1,1,1,1,0,0,0,1,0,0,4.0,1.0,1,1.0,homorhythmic,high
163,4.0,1.0,1,8.0,1.75,2.0,2.0,1.5,0.21875,0.0,0.0,43.125,5.375,34.0,52.0,44.5,0.5,0.0,0.5,0.5,0.5,0.5,0.0,0.5,0.5,0.5,4.0,0.0,4.0,4.0,4.0,1.0,0.0,1.0,1.0,1.0,4.0,0.0,4.0,4.0,4.0,1.0,0.0,1.0,1.0,1.0,17.5,0.75,17.0,19.0,17.0,0.9166666666666666,0.125,0.6666666666666666,1.0,1.0,1.0,1.0,0.75,0.1071428571428571,0.4642857142857143,0.7142857142857143,0.3928571428571428,0.8928571428571429,1,1,0,1,1,1,1,1,0,0,0,1,0,0,4.0,1.0,1,0.75,homorhythmic,high
164,4.0,1.0,1,6.75,1.5,2.25,2.25,1.0,0.2222222222222222,0.0,0.0,41.833333333333336,6.444444444444446,33.0,57.0,41.0,0.4444444444444444,0.0864197530864197,0.25,0.5,0.5,0.4444444444444444,0.0864197530864197,0.25,0.5,0.5,3.0,0.6666666666666666,2.0,4.0,3.0,1.6666666666666667,0.4444444444444444,1.0,2.0,2.0,3.0,0.75,2.0,4.0,3.0,1.625,0.46875,1.0,2.0,2.0,16.875,5.90625,9.0,25.0,21.0,0.9583333333333334,0.0781249999999999,0.3333333333333333,1.0,1.0,1.0,0.3333333333333333,0.4444444444444444,0.0869565217391304,0.0434782608695652,0.3043478260869565,0.3043478260869565,0.8695652173913043,1,1,0,1,1,1,1,1,0,0,0,1,0,0,3.0,1.0,1,0.4444444444444444,homorhythmic,high
165,4.0,1.0,1,7.0,1.75,2.5,2.5,1.25,0.25,0.0,0.0,48.56818181818182,17.553719008264462,32.0,84.0,41.0,0.3928571428571428,0.1224489795918367,0.25,0.5,0.5,0.4,0.12,0.25,0.5,0.5,2.8,0.3200000000000001,2.0,3.0,3.0,1.8,0.3199999999999999,1.0,2.0,2.0,2.75,0.375,2.0,3.0,3.0,1.75,0.375,1.0,2.0,2.0,39.8125,14.90625,10.0,53.0,47.0,0.9375,0.109375,0.3333333333333333,1.0,1.0,1.0,0.0,0.0,0.16,0.0,0.0,0.0,0.84,1,1,0,1,1,0,1,1,0,0,1,1,0,0,3.0,1.0,1,0.0,homorhythmic,high
166,4.0,1.0,1,7.5,1.75,2.5,2.5,1.5,0.2333333333333333,0.0,0.0,53.541666666666664,23.222222222222225,31.0,89.0,41.0,0.4,0.1199999999999999,0.25,0.5,0.5,0.4,0.12,0.25,0.5,0.5,3.0,0.0,3.0,3.0,3.0,2.0,0.0,2.0,2.0,2.0,3.0,0.0,3.0,3.0,3.0,2.0,0.0,2.0,2.0,2.0,58.125,1.3125,53.0,59.0,59.0,0.4583333333333333,0.1875,0.3333333333333333,1.0,0.3333333333333333,0.4,0.0,0.0,0.1481481481481481,0.0,0.0,0.0,0.8518518518518519,1,0,0,0,1,0,1,1,0,0,1,1,0,0,3.0,1.0,1,0.0,homorhythmic,high
167,4.0,1.0,1,12.0,2.0,4.0,4.0,1.75,0.1666666666666666,0.0,0.0,52.75,22.0,31.0,89.0,41.0,0.25,0.0,0.25,0.25,0.25,0.25,0.0,0.25,0.25,0.25,3.0,0.0,3.0,3.0,3.0,2.0,0.0,2.0,2.0,2.0,3.0,0.0,3.0,3.0,3.0,2.0,0.0,2.0,2.0,2.0,55.25,1.5,53.0,58.0,55.5,0.6666666666666667,0.1666666666666666,0.3333333333333333,1.0,0.6666666666666666,0.5,0.0,0.0,0.4,0.0,0.0,0.0,0.6,1,0,0,0,1,0,1,1,0,0,1,1,0,0,3.0,1.0,1,0.0,homorhythmic,high
168,4.0,1.0,1,11.5,4.5,4.0,4.0,2.0,0.391304347826087,0.0,0.0,58.28260869565217,15.878071833648391,31.0,89.0,55.0,0.25,0.0,0.25,0.25,0.25,0.25,0.0,0.25,0.25,0.25,2.875,0.21875,2.0,3.0,3.0,1.875,0.21875,1.0,2.0,2.0,2.875,0.21875,2.0,3.0,3.0,1.875,0.21875,1.0,2.0,2.0,40.1875,9.6640625,13.0,57.0,41.5,0.75,0.28125,0.3333333333333333,1.0,1.0,0.0,0.0,0.6875,0.3953488372093023,0.0232558139534883,0.0,0.4418604651162791,0.5581395348837209,1,0,1,0,1,1,1,1,1,0,0,1,0,0,3.0,1.0,1,0.6875,homorhythmic,high
169,4.0,1.0,1,2.75,2.5,1.0,2.0,0.75,0.9090909090909092,0.5,0.125,54.0,9.636363636363637,36.0,72.0,55.0,0.5,0.0,0.5,0.5,0.5,1.0,0.0,1.0,1.0,1.0,2.75,0.375,2.0,3.0,3.0,1.75,0.375,1.0,2.0,2.0,1.375,1.375,0.0,3.0,1.0,0.875,0.875,0.0,2.0,0.5,11.0,11.0,0.0,25.0,6.5,1.0,0.0,1.0,1.0,1.0,0.0,0.0,1.0,0.0,0.0,0.0,0.0,0.0,0,1,0,1,0,1,1,1,0,0,0,0,1,1,1.0,1.0,1,1.0,monophonic,high
170,4.0,1.0,1,0.75,0.75,0.25,0.25,0.25,1.0,0.0,0.0,44.0,8.0,32.0,56.0,44.0,4.0,0.0,4.0,4.0,4.0,4.0,0.0,4.0,4.0,4.0,3.0,0.0,3.0,3.0,3.0,2.0,0.0,2.0,2.0,2.0,3.0,0.0,3.0,3.0,3.0,2.0,0.0,2.0,2.0,2.0,25.0,0.0,25.0,25.0,25.0,1.0,0.0,1.0,1.0,1.0,0.0,0.0,1.0,0.0,0.0,0.0,0.0,0.0,1,0,0,0,0,1,1,1,0,1,0,1,0,1,3.0,1.0,1,1.0,homorhythmic,high
171,4.0,1.0,1,2.0,1.75,1.0,2.0,0.75,0.875,0.5,0.125,60.75,6.0625,49.0,73.0,61.0,0.5,0.0,0.5,0.5,0.5,1.0,0.0,1.0,1.0,1.0,2.0,0.0,2.0,2.0,2.0,1.0,0.0,1.0,1.0,1.0,1.0,1.0,0.0,2.0,1.0,0.5,0.5,0.0,1.0,0.5,6.5,6.5,0.0,13.0,6.5,1.0,0.0,1.0,1.0,1.0,0.0,0.0,1.0,0.0,0.0,0.0,0.0,0.0,0,0,0,0,0,1,1,1,0,0,0,0,1,1,1.0,1.0,1,1.0,monophonic,high
172,4.0,1.0,1,0.75,0.75,0.25,0.25,0.25,1.0,0.0,0.0,46.0,8.0,34.0,58.0,46.0,4.0,0.0,4.0,4.0,4.0,4.0,0.0,4.0,4.0,4.0,3.0,0.0,3.0,3.0,3.0,2.0,0.0,2.0,2.0,2.0,3.0,0.0,3.0,3.0,3.0,2.0,0.0,2.0,2.0,2.0,25.0,0.0,25.0,25.0,25.0,1.0,0.0,1.0,1.0,1.0,0.0,0.0,1.0,0.0,0.0,0.0,0.0,0.0,1,0,0,0,0,1,1,1,0,1,0,1,0,1,3.0,1.0,1,1.0,homorhythmic,high
173,4.0,1.0,1,5.0,1.75,4.0,4.0,0.75,0.35,0.0,0.0,65.1,6.6800000000000015,51.0,75.0,67.0,0.25,0.0,0.25,0.25,0.25,0.25,0.0,0.25,0.25,0.25,1.25,0.375,1.0,2.0,1.0,0.1875,0.3046875,0.0,1.0,0.0,1.25,0.375,1.0,2.0,1.0,0.1875,0.3046875,0.0,1.0,0.0,3.5625,3.84375,1.0,17.0,1.0,1.0,0.0,1.0,1.0,1.0,0.125,0.0,0.0625,0.0,0.2631578947368421,0.2631578947368421,0.1052631578947368,0.2105263157894736,0,0,0,0,0,0,0,0,0,0,0,1,1,0,1.0,1.0,1,0.0625,monophonic,high
174,4.0,1.0,1,5.0,3.25,4.0,4.0,2.0,0.65,0.0,0.0,63.25,6.65,53.0,75.0,64.0,0.25,0.0,0.25,0.25,0.25,0.25,0.0,0.25,0.25,0.25,1.25,0.375,1.0,2.0,1.0,0.25,0.375,0.0,1.0,0.0,1.25,0.375,1.0,2.0,1.0,0.25,0.375,0.0,1.0,0.0,3.25,3.375,1.0,13.0,1.0,0.9375,0.1171875,0.0,1.0,1.0,0.125,0.0,0.0625,0.0,0.2105263157894736,0.0526315789473684,0.0526315789473684,0.2105263157894736,0,0,1,0,0,0,0,0,1,0,0,0,1,1,1.0,1.0,1,0.0625,monophonic,high
175,4.0,1.0,1,5.0,2.0,4.0,4.0,1.5,0.4,0.0,0.0,60.7,7.159999999999999,43.0,72.0,62.0,0.25,0.0,0.25,0.25,0.25,0.25,0.0,0.25,0.25,0.25,1.25,0.375,1.0,2.0,1.0,0.25,0.375,0.0,1.0,0.0,1.25,0.375,1.0,2.0,1.0,0.25,0.375,0.0,1.0,0.0,3.5625,3.84375,1.0,20.0,1.0,1.0,0.0,1.0,1.0,1.0,0.0625,0.125,0.0,0.0,0.1052631578947368,0.3684210526315789,0.1052631578947368,0.2105263157894736,0,0,0,0,0,0,0,0,0,0,0,0,0,1,1.0,1.0,1,0.0,monophonic,high
176,4.0,1.0,1,8.0,1.5,3.75,3.75,0.75,0.1875,0.0,0.0,56.361111111111114,6.972222222222222,36.0,72.0,57.5,0.28125,0.0546875,0.25,0.5,0.25,0.2666666666666666,0.0311111111111111,0.25,0.5,0.25,2.1333333333333333,0.2488888888888888,2.0,4.0,2.0,0.6666666666666666,0.6222222222222222,0.0,3.0,1.0,2.25,0.4375,2.0,4.0,2.0,0.8125,0.7109375,0.0,3.0,1.0,14.6875,7.6015625,6.0,37.0,17.0,1.0,0.0,1.0,1.0,1.0,0.0666666666666666,0.4666666666666667,0.0666666666666666,0.0,0.4642857142857143,0.4642857142857143,0.5,0.0714285714285714,0,1,0,1,0,1,1,0,0,0,1,1,0,1,2.0,0.9481481481481482,1,0.0666666666666666,homorhythmic,high
177,4.0,1.0,1,8.0,1.75,4.0,4.0,1.5,0.21875,0.0,0.0,57.125,5.375,48.0,66.0,58.5,0.25,0.0,0.25,0.25,0.25,0.25,0.0,0.25,0.25,0.25,2.0,0.0,2.0,2.0,2.0,0.5,0.5,0.0,1.0,0.5,2.0,0.0,2.0,2.0,2.0,0.5,0.5,0.0,1.0,0.5,11.75,5.75,6.0,19.0,11.5,0.875,0.21875,0.0,1.0,1.0,0.0,0.5,0.0,0.0,0.4666666666666667,0.4,0.4,0.0,1,0,0,0,0,0,0,0,0,0,1,1,0,0,2.0,1.0,1,0.0,homorhythmic,low
178,4.0,1.0,1,8.5,1.5,4.0,4.0,1.0,0.1764705882352941,0.0,0.0,55.64705882352941,7.031141868512111,47.0,71.0,55.0,0.25,0.0,0.25,0.25,0.25,0.25,0.0,0.25,0.25,0.25,2.125,0.546875,1.0,3.0,2.0,0.625,0.46875,0.0,1.0,1.0,2.125,0.546875,1.0,3.0,2.0,0.625,0.46875,0.0,1.0,1.0,11.9375,7.078125,1.0,25.0,13.0,0.9375,0.1171875,0.0,1.0,1.0,0.5,0.0,0.25,0.064516129032258,0.032258064516129,0.4838709677419355,0.2258064516129032,0.1935483870967742,0,1,0,1,0,0,1,0,0,0,1,1,0,1,2.0,1.0,1,0.25,homorhythmic,high
179,4.0,1.0,1,9.0,2.0,4.0,4.0,1.25,0.2222222222222222,0.0,0.0,61.388888888888886,14.296296296296292,47.0,86.0,55.0,0.25,0.0,0.25,0.25,0.25,0.25,0.0,0.25,0.25,0.25,2.25,0.5625,1.0,3.0,2.0,0.75,0.375,0.0,1.0,1.0,2.25,0.5625,1.0,3.0,2.0,0.75,0.375,0.0,1.0,1.0,25.25,11.4375,1.0,40.0,31.0,0.9375,0.1171875,0.0,1.0,1.0,0.5,0.0,0.0,0.1212121212121212,0.0,0.4545454545454545,0.0,0.2121212121212121,1,0,0,0,1,0,1,0,0,0,1,1,0,0,2.0,1.0,1,0.0,homorhythmic,high
180,4.0,1.0,1,8.5,1.25,4.0,4.0,0.75,0.1470588235294117,0.0,0.0,57.088235294117645,6.034602076124567,38.0,65.0,57.0,0.25,0.0,0.25,0.25,0.25,0.25,0.0,0.25,0.25,0.25,2.125,0.21875,2.0,3.0,2.0,0.6875,0.6015625,0.0,2.0,1.0,2.125,0.21875,2.0,3.0,2.0,0.6875,0.6015625,0.0,2.0,1.0,12.9375,6.0703125,6.0,28.0,16.0,1.0,0.0,1.0,1.0,1.0,0.0,0.4375,0.125,0.0,0.4838709677419355,0.4193548387096774,0.5483870967741935,0.0967741935483871,0,0,0,0,0,1,0,0,0,0,1,1,0,0,2.0,1.0,1,0.125,homorhythmic,low
181,4.0,1.0,1,8.0,1.75,4.0,4.0,1.5,0.21875,0.0,0.0,58.9375,5.1953125,50.0,68.0,60.5,0.25,0.0,0.25,0.25,0.25,0.25,0.0,0.25,0.25,0.25,2.0,0.0,2.0,2.0,2.0,0.5,0.5,0.0,1.0,0.5,2.0,0.0,2.0,2.0,2.0,0.5,0.5,0.0,1.0,0.5,11.375,5.375,6.0,19.0,11.0,0.875,0.21875,0.0,1.0,1.0,0.0,0.5,0.0,0.0,0.4666666666666667,0.4,0.4,0.0,1,0,0,0,0,0,0,0,0,0,1,1,0,0,2.0,1.0,1,0.0,homorhythmic,low
182,4.0,1.0,1,8.5,1.5,4.0,4.0,1.0,0.1764705882352941,0.0,0.0,57.38235294117647,7.1280276816609005,48.0,72.0,57.0,0.25,0.0,0.25,0.25,0.25,0.25,0.0,0.25,0.25,0.25,2.125,0.546875,1.0,3.0,2.0,0.625,0.46875,0.0,1.0,1.0,2.125,0.546875,1.0,3.0,2.0,0.625,0.46875,0.0,1.0,1.0,12.375,7.03125,1.0,25.0,13.0,0.9375,0.1171875,0.0,1.0,1.0,0.5,0.0,0.25,0.064516129032258,0.032258064516129,0.4838709677419355,0.2258064516129032,0.1935483870967742,0,0,0,0,0,0,1,0,0,0,1,1,0,1,2.0,1.0,1,0.25,homorhythmic,high
183,4.0,1.0,1,9.0,2.0,4.0,4.0,1.25,0.2222222222222222,0.0,0.0,63.138888888888886,14.407407407407405,48.0,88.0,57.0,0.25,0.0,0.25,0.25,0.25,0.25,0.0,0.25,0.25,0.25,2.25,0.5625,1.0,3.0,2.0,0.75,0.375,0.0,1.0,1.0,2.25,0.5625,1.0,3.0,2.0,0.75,0.375,0.0,1.0,1.0,25.6875,11.515625,1.0,41.0,31.0,0.9375,0.1171875,0.0,1.0,1.0,0.5,0.0,0.0,0.1212121212121212,0.0,0.4545454545454545,0.0,0.2121212121212121,1,0,0,0,1,0,1,0,0,0,1,1,0,0,2.0,1.0,1,0.0,homorhythmic,high
184,4.0,1.0,1,9.0,2.0,4.0,4.0,1.5,0.2222222222222222,0.0,0.0,65.44444444444444,11.259259259259258,53.0,84.0,60.0,0.25,0.0,0.25,0.25,0.25,0.25,0.0,0.25,0.25,0.25,2.25,0.5625,1.0,3.0,2.0,0.75,0.375,0.0,1.0,1.0,2.25,0.5625,1.0,3.0,2.0,0.75,0.375,0.0,1.0,1.0,20.625,8.96875,1.0,32.0,24.5,0.9375,0.1171875,0.0,1.0,1.0,0.5,0.0,0.0,0.1212121212121212,0.2424242424242424,0.4545454545454545,0.0,0.2121212121212121,1,0,0,0,1,0,1,0,0,0,1,1,0,0,2.0,1.0,1,0.0,homorhythmic,high
185,4.0,1.0,1,9.5,2.75,4.0,4.0,2.0,0.2894736842105263,0.0,0.0,67.97368421052632,12.81163434903047,53.0,87.0,63.0,0.25,0.0,0.25,0.25,0.25,0.25,0.0,0.25,0.25,0.25,2.375,0.46875,2.0,3.0,2.0,1.0,0.0,1.0,1.0,1.0,2.375,0.46875,2.0,3.0,2.0,1.0,0.0,1.0,1.0,1.0,27.3125,4.484375,18.0,34.0,29.0,0.875,0.21875,0.0,1.0,1.0,0.375,0.0,0.0,0.3142857142857143,0.1714285714285714,0.1142857142857142,0.0,0.1142857142857142,1,1,0,1,1,0,1,0,0,0,1,1,0,0,2.0,1.0,1,0.0,homorhythmic,high
186,4.0,1.0,1,8.0,3.0,4.0,4.0,1.5,0.375,0.0,0.0,71.1875,13.1875,52.0,88.0,72.0,0.25,0.0,0.25,0.25,0.25,0.25,0.0,0.25,0.25,0.25,2.0,0.0,2.0,2.0,2.0,1.0,0.0,1.0,1.0,1.0,2.0,0.0,2.0,2.0,2.0,1.0,0.0,1.0,1.0,1.0,27.375,5.0,17.0,37.0,27.5,0.75,0.375,0.0,1.0,1.0,0.0,0.0,0.0,0.3333333333333333,0.3,0.1333333333333333,0.1,0.1333333333333333,1,0,0,0,1,0,1,0,0,0,0,1,0,0,2.0,1.0,1,0.0,homorhythmic,high
187,4.0,1.0,1,8.0,4.25,4.0,4.0,2.5,0.53125,0.0,0.0,69.65625,10.90625,52.0,87.0,69.5,0.25,0.0,0.25,0.25,0.25,0.25,0.0,0.25,0.25,0.25,2.0,0.0,2.0,2.0,2.0,1.0,0.0,1.0,1.0,1.0,2.0,0.0,2.0,2.0,2.0,1.0,0.0,1.0,1.0,1.0,22.8125,4.8125,12.0,33.0,23.0,0.6875,0.4296875,0.0,1.0,1.0,0.0,0.0,0.0,0.5666666666666667,0.2,0.1333333333333333,0.1666666666666666,0.0,1,0,1,0,1,0,1,0,1,0,0,0,0,0,2.0,1.0,1,0.0,homorhythmic,high
188,4.0,1.0,1,8.0,3.25,4.0,4.0,1.75,0.40625,0.0,0.0,71.125,13.125,52.0,88.0,72.0,0.25,0.0,0.25,0.25,0.25,0.25,0.0,0.25,0.25,0.25,2.0,0.0,2.0,2.0,2.0,1.0,0.0,1.0,1.0,1.0,2.0,0.0,2.0,2.0,2.0,1.0,0.0,1.0,1.0,1.0,27.25,5.0,17.0,37.0,27.5,0.6875,0.4296875,0.0,1.0,1.0,0.0,0.0,0.0,0.4666666666666667,0.3,0.1333333333333333,0.1,0.0,1,0,1,0,1,0,1,0,1,0,0,0,0,0,2.0,1.0,1,0.0,homorhythmic,high
189,4.0,1.0,1,8.0,4.25,4.0,4.0,2.5,0.53125,0.0,0.0,69.65625,10.90625,52.0,87.0,69.5,0.25,0.0,0.25,0.25,0.25,0.25,0.0,0.25,0.25,0.25,2.0,0.0,2.0,2.0,2.0,1.0,0.0,1.0,1.0,1.0,2.0,0.0,2.0,2.0,2.0,1.0,0.0,1.0,1.0,1.0,22.8125,4.8125,12.0,33.0,23.0,0.6875,0.4296875,0.0,1.0,1.0,0.0,0.0,0.0,0.5666666666666667,0.2,0.1333333333333333,0.1666666666666666,0.0,1,0,1,0,1,0,1,0,1,0,0,0,0,0,2.0,1.0,1,0.0,homorhythmic,high
190,4.0,1.0,1,8.0,3.5,4.0,4.0,1.5,0.4375,0.0,0.0,69.875,10.5,52.0,88.0,69.5,0.25,0.0,0.25,0.25,0.25,0.25,0.0,0.25,0.25,0.25,2.0,0.0,2.0,2.0,2.0,1.0,0.0,1.0,1.0,1.0,2.0,0.0,2.0,2.0,2.0,1.0,0.0,1.0,1.0,1.0,22.0,6.75,13.0,37.0,22.0,1.0,0.0,1.0,1.0,1.0,0.0,0.0,0.375,0.2666666666666666,0.5,0.2333333333333333,0.0,0.0,0,0,1,0,0,1,1,1,1,0,0,0,0,0,2.0,1.0,1,0.375,homorhythmic,high
191,4.0,1.0,1,8.0,3.0,4.0,4.0,1.25,0.375,0.0,0.0,70.0,12.0,52.0,88.0,70.0,0.25,0.0,0.25,0.25,0.25,0.25,0.0,0.25,0.25,0.25,2.0,0.0,2.0,2.0,2.0,1.0,0.0,1.0,1.0,1.0,2.0,0.0,2.0,2.0,2.0,1.0,0.0,1.0,1.0,1.0,25.0,7.5,13.0,37.0,25.0,1.0,0.0,1.0,1.0,1.0,0.0,0.0,0.25,0.0,0.5333333333333333,0.2666666666666666,0.2,0.0,0,0,1,0,0,0,1,1,1,0,0,1,0,0,2.0,1.0,1,0.25,homorhythmic,high
192,4.0,1.0,1,8.0,2.5,4.0,4.0,0.75,0.3125,0.0,0.0,66.71875,9.138671875,52.0,88.0,64.0,0.25,0.0,0.25,0.25,0.25,0.25,0.0,0.25,0.25,0.25,2.0,1.5,1.0,5.0,1.0,0.25,0.375,0.0,1.0,0.0,2.0,1.5,1.0,5.0,1.0,0.25,0.375,0.0,1.0,0.0,8.4375,11.15625,1.0,37.0,1.0,1.0,0.0,1.0,1.0,1.0,0.25,0.25,0.25,0.0,0.6296296296296297,0.5185185185185185,0.2592592592592592,0.4444444444444444,0,1,0,1,0,0,1,0,0,0,1,0,1,0,1.0,1.0,1,0.25,monophonic,high
193,4.0,1.0,1,4.0,2.25,4.0,4.0,0.75,0.5625,0.0,0.0,57.6875,7.1015625,40.0,71.0,59.0,0.25,0.0,0.25,0.25,0.25,0.25,0.0,0.25,0.25,0.25,1.0,0.0,1.0,1.0,1.0,0.0,0.0,0.0,0.0,0.0,1.0,0.0,1.0,1.0,1.0,0.0,0.0,0.0,0.0,0.0,1.0,0.0,1.0,1.0,1.0,1.0,0.0,1.0,1.0,1.0,0.0,0.0,0.0,0.0,0.5333333333333333,0.2666666666666666,0.0666666666666666,0.0,0,0,1,0,0,0,0,0,1,0,0,0,0,1,1.0,1.0,0,0.0,monophonic,high
194,4.0,1.0,1,2.5,2.5,2.0,2.0,0.75,1.0,0.0,0.0,57.2,11.04,40.0,78.0,55.0,0.5,0.0,0.5,0.5,0.5,0.5,0.0,0.5,0.5,0.5,1.25,0.375,1.0,2.0,1.0,0.25,0.375,0.0,1.0,0.0,1.25,0.375,1.0,2.0,1.0,0.25,0.375,0.0,1.0,0.0,6.0,7.5,1.0,33.0,1.0,1.0,0.0,1.0,1.0,1.0,0.125,0.0,0.0,0.0,0.0,0.0,0.5555555555555556,0.0,0,0,0,0,0,0,0,0,0,0,0,0,1,0,1.0,1.0,1,0.0,monophonic,high
195,4.0,1.0,1,3.0,2.5,2.0,2.0,0.75,0.8333333333333334,0.0,0.0,62.833333333333336,11.500000000000002,44.0,81.0,63.5,0.5,0.0,0.5,0.5,0.5,0.5,0.0,0.5,0.5,0.5,1.5,0.5,1.0,2.0,1.5,0.5,0.5,0.0,1.0,0.5,1.5,0.5,1.0,2.0,1.5,0.5,0.5,0.0,1.0,0.5,12.25,11.8125,1.0,37.0,5.5,1.0,0.0,1.0,1.0,1.0,0.125,0.0,0.125,0.0,0.0,0.0,0.6,0.0,0,0,0,0,0,1,0,1,0,0,0,0,0,0,1.5,1.0,1,0.125,homorhythmic,low
196,4.0,1.0,1,3.0,2.75,2.0,2.0,1.0,0.9166666666666666,0.0,0.0,70.83333333333333,11.222222222222223,47.0,86.0,73.5,0.5,0.0,0.5,0.5,0.5,0.5,0.0,0.5,0.5,0.5,1.5,0.5,1.0,2.0,1.5,0.5,0.5,0.0,1.0,0.5,1.5,0.5,1.0,2.0,1.5,0.5,0.5,0.0,1.0,0.5,14.25,13.25,1.0,40.0,8.5,0.875,0.21875,0.0,1.0,1.0,0.0,0.0,0.0,0.0,0.0,0.0,0.5454545454545454,0.0,0,0,0,0,0,0,0,0,0,0,0,0,0,1,1.5,1.0,1,0.0,homorhythmic,low
197,4.0,1.0,1,4.0,3.25,2.0,2.0,1.5,0.8125,0.0,0.0,71.125,12.125,50.0,86.0,73.0,0.5,0.0,0.5,0.5,0.5,0.5,0.0,0.5,0.5,0.5,2.0,0.0,2.0,2.0,2.0,1.0,0.0,1.0,1.0,1.0,2.0,0.0,2.0,2.0,2.0,1.0,0.0,1.0,1.0,1.0,25.25,8.75,16.0,37.0,24.0,0.75,0.375,0.0,1.0,1.0,0.0,0.0,0.0,0.0,0.0714285714285714,0.1428571428571428,0.2857142857142857,0.0,1,0,0,0,1,0,1,1,0,0,0,0,0,0,2.0,1.0,1,0.0,homorhythmic,high
198,4.0,1.0,1,6.0,4.25,0.75,0.75,1.5,0.7083333333333334,0.0,0.0,69.125,8.4453125,52.0,85.0,69.0,1.3333333333333333,0.4444444444444444,1.0,2.0,1.0,1.3333333333333333,0.4444444444444444,1.0,2.0,1.0,8.0,0.0,8.0,8.0,8.0,0.3333333333333333,0.4444444444444445,0.0,1.0,0.0,8.0,0.0,8.0,8.0,8.0,0.25,0.375,0.0,1.0,0.0,29.5,1.25,28.0,32.0,29.0,1.0,0.0,1.0,1.0,1.0,1.0,1.0,1.0,0.8125,0.3125,1.0,0.1875,0.125,1,1,0,1,1,1,1,1,0,1,0,1,0,0,8.0,1.0,1,1.0,homorhythmic,high
199,4.0,1.0,1,3.75,3.75,0.5,0.5,1.75,1.0,0.0,0.0,64.53333333333333,8.897777777777778,49.0,80.0,66.0,2.0,0.0,2.0,2.0,2.0,2.0,0.0,2.0,2.0,2.0,7.5,0.5,7.0,8.0,7.5,1.5,0.5,1.0,2.0,1.5,7.5,0.5,7.0,8.0,7.5,1.5,0.5,1.0,2.0,1.5,30.5,1.5,29.0,32.0,30.5,0.9285714285714286,0.0714285714285714,0.8571428571428571,1.0,0.9285714285714286,1.0,1.0,1.0,0.8571428571428571,0.2857142857142857,0.4285714285714285,0.0,0.0,1,1,0,1,0,1,1,1,0,1,0,1,0,0,7.5,1.0,1,1.0,homorhythmic,high
200,4.0,1.0,1,5.75,4.75,0.75,0.75,1.75,0.8260869565217391,0.0,0.0,64.74193548387096,10.572320499479703,47.0,83.0,62.0,1.3478260869565215,0.4536862003780718,1.0,2.0,1.0,1.3333333333333333,0.4444444444444444,1.0,2.0,1.0,7.666666666666667,0.4444444444444443,7.0,8.0,8.0,2.0,0.0,2.0,2.0,2.0,7.75,0.375,7.0,8.0,8.0,2.0,0.0,2.0,2.0,2.0,33.75,0.375,33.0,34.0,34.0,0.8839285714285714,0.0625,0.8214285714285714,1.0,0.8571428571428572,1.0,1.0,1.0,0.8666666666666667,0.3333333333333333,0.8666666666666667,0.0666666666666666,0.2,1,1,0,1,1,1,1,1,0,1,0,1,0,0,8.0,0.989247311827957,1,1.0,homorhythmic,high
201,4.0,1.0,1,6.0,3.5,0.75,0.75,1.5,0.5833333333333334,0.0,0.0,68.0625,9.9375,52.0,85.0,67.5,1.3333333333333333,0.4444444444444444,1.0,2.0,1.0,1.3333333333333333,0.4444444444444444,1.0,2.0,1.0,8.0,0.0,8.0,8.0,8.0,1.3333333333333333,0.4444444444444444,1.0,2.0,1.0,8.0,0.0,8.0,8.0,8.0,1.25,0.375,1.0,2.0,1.0,33.0,1.0,32.0,34.0,33.0,0.9642857142857144,0.0535714285714285,0.8571428571428571,1.0,1.0,1.0,1.0,1.0,0.375,0.625,0.8125,0.5,0.625,1,1,0,1,1,1,1,1,0,1,0,1,0,0,8.0,1.0,1,1.0,homorhythmic,high
202,4.0,1.0,1,4.0,3.0,0.75,0.75,1.5,0.75,0.0,0.0,62.666666666666664,5.396825396825396,52.0,72.0,64.0,1.3125,0.4296875,1.0,2.0,1.0,1.3333333333333333,0.4444444444444444,1.0,2.0,1.0,5.333333333333333,0.4444444444444443,5.0,6.0,5.0,0.0,0.0,0.0,0.0,0.0,5.25,0.375,5.0,6.0,5.0,0.0,0.0,0.0,0.0,0.0,17.25,1.375,16.0,20.0,16.5,1.0,0.0,1.0,1.0,1.0,1.0,1.0,1.0,0.8181818181818182,0.2727272727272727,0.8181818181818182,0.0909090909090909,0.0909090909090909,1,1,0,1,1,0,1,0,0,1,0,1,0,0,5.0,1.0,0,1.0,homorhythmic,high
203,4.0,1.0,1,2.75,2.75,0.5,0.5,1.5,1.0,0.0,0.0,57.54545454545455,5.5041322314049586,48.0,67.0,57.0,2.0,0.0,2.0,2.0,2.0,2.0,0.0,2.0,2.0,2.0,5.5,0.5,5.0,6.0,5.5,0.0,0.0,0.0,0.0,0.0,5.5,0.5,5.0,6.0,5.5,0.0,0.0,0.0,0.0,0.0,18.0,2.0,16.0,20.0,18.0,1.0,0.0,1.0,1.0,1.0,1.0,1.0,1.0,1.0,0.2,1.0,0.0,0.0,1,1,0,1,0,0,1,0,0,1,0,1,0,0,5.5,1.0,0,1.0,homorhythmic,high
204,4.0,1.0,1,6.0,3.0,1.0,1.0,1.75,0.5,0.0,0.0,56.666666666666664,8.25,43.0,71.0,56.5,1.0,0.0,1.0,1.0,1.0,1.0,0.0,1.0,1.0,1.0,6.0,0.0,6.0,6.0,6.0,2.0,0.5,1.0,3.0,2.0,6.0,0.0,6.0,6.0,6.0,2.0,0.5,1.0,3.0,2.0,26.5,1.5,25.0,29.0,26.0,0.8166666666666667,0.0916666666666666,0.7333333333333333,1.0,0.7666666666666666,1.0,1.0,1.0,0.3888888888888889,0.5555555555555556,0.7222222222222222,0.4444444444444444,0.6666666666666666,1,1,0,1,1,1,1,1,0,1,0,1,0,0,6.0,1.0,1,1.0,homorhythmic,high
205,4.0,1.0,1,5.0,4.0,3.0,3.0,2.5,0.8,0.0,0.0,69.50000000000001,13.2,48.0,87.0,75.0,0.3333333333333333,0.0,0.3333333333333333,0.3333333333333333,0.3333333333333333,0.3333333333333333,0.0044444444444443,0.3299999999999998,0.3400000000000001,0.33,1.6666666666666667,1.0,1.0,5.0,1.0,0.3333333333333333,0.5,0.0,2.0,0.0,1.665,0.9975,1.0,5.0,1.0,0.3325,0.49875,0.0,2.0,0.0,7.505,9.7575,1.0,29.0,1.0,0.945,0.1009249999999999,0.3333333333333333,1.0,1.0,0.25,0.0,0.0833333333333333,0.7333333333333333,0.2666666666666666,0.0,0.1333333333333333,0.2666666666666666,0,1,0,1,0,0,1,0,0,0,0,0,1,1,1.0,1.0,1,0.0833333333333333,monophonic,high
206,4.0,1.0,1,13.75,3.5,3.0,3.0,2.0,0.2545454545454545,0.0,0.0,77.74545454545455,5.694545454545456,68.0,89.0,76.0,0.3333333333333333,0.0,0.3333333333333333,0.3333333333333333,0.3333333333333333,0.3333333333333333,0.0044444444444443,0.3299999999999998,0.3400000000000001,0.33,4.583333333333333,0.6805555555555555,4.0,6.0,4.0,0.75,0.375,0.0,1.0,1.0,4.585,0.6815249999999999,4.0,6.0,4.0,0.75,0.375,0.0,1.0,1.0,17.002499999999998,1.3283374999999993,13.0,21.0,17.0,0.8673333333333333,0.11144,0.6666666666666666,1.0,0.8333333333333334,1.0,0.4166666666666667,1.0,0.2941176470588235,0.7254901960784313,0.3529411764705882,0.4705882352941176,0.6470588235294118,1,1,0,1,1,0,1,0,0,0,1,1,1,0,4.0,0.9996364958197018,1,1.0,homorhythmic,high
207,4.0,1.0,1,16.0,3.25,3.0,3.0,2.0,0.203125,0.0,0.0,72.79687499999999,5.208984374999997,64.0,84.0,72.0,0.3333333333333333,0.0,0.3333333333333333,0.3333333333333333,0.3333333333333333,0.3333333333333333,0.0044444444444443,0.3299999999999998,0.3400000000000001,0.33,5.333333333333333,0.5555555555555555,4.0,6.0,5.0,0.5833333333333334,0.4861111111111111,0.0,1.0,1.0,5.335,0.5552750000000001,4.0,6.0,5.0,0.5825,0.4863875,0.0,1.0,1.0,17.84,1.83,13.0,21.0,18.0,0.78725,0.14898125,0.5333333333333333,1.0,0.8,1.0,1.0,1.0,0.2203389830508474,0.847457627118644,0.4406779661016949,0.4406779661016949,0.7627118644067796,1,1,0,1,1,0,1,0,0,0,1,1,0,0,5.0,0.9996875976257419,1,1.0,homorhythmic,high
208,4.0,1.0,1,16.5,4.0,3.0,3.0,2.0,0.2424242424242424,0.0,0.0,71.80303030303028,6.057851239669418,62.0,88.0,71.0,0.3333333333333333,0.0,0.3333333333333333,0.3333333333333333,0.3333333333333333,0.3333333333333333,0.0044444444444443,0.3299999999999998,0.3400000000000001,0.33,5.5,0.5833333333333334,4.0,6.0,6.0,1.4166666666666667,0.4861111111111111,1.0,2.0,1.0,5.5025,0.582075,4.0,6.0,6.0,1.4175,0.4863875,1.0,2.0,1.0,20.6775,2.150362500000001,16.0,24.0,22.0,0.7584166666666667,0.1364166666666666,0.6,1.0,0.7333333333333334,1.0,1.0,1.0,0.4590163934426229,0.5737704918032787,0.7049180327868853,0.4098360655737705,0.7377049180327869,1,1,0,1,1,0,1,1,0,0,1,1,0,0,6.0,0.999545661063153,1,1.0,homorhythmic,high
209,4.0,1.0,1,13.5,4.5,3.0,3.0,2.0,0.3333333333333333,0.0,0.0,75.7777777777778,6.6460905349794235,55.0,91.0,76.0,0.3333333333333333,0.0,0.3333333333333333,0.3333333333333333,0.3333333333333333,0.3333333333333333,0.0044444444444443,0.3299999999999998,0.3400000000000001,0.33,4.5,0.75,3.0,5.0,5.0,1.0,0.1666666666666666,0.0,2.0,1.0,4.5,0.75,3.0,5.0,5.0,0.9975,0.1695749999999999,0.0,2.0,1.0,21.5675,2.1538625,17.0,27.0,22.0,0.8314166666666667,0.1807424999999999,0.3333333333333333,1.0,1.0,1.0,0.75,0.6666666666666666,0.4081632653061224,0.5102040816326531,0.5510204081632653,0.3877551020408163,0.5510204081632653,1,1,0,1,1,0,1,1,0,0,1,1,0,0,5.0,1.0,1,0.6666666666666666,homorhythmic,high
210,4.0,1.0,1,12.25,3.25,3.0,3.0,2.25,0.2653061224489796,0.0,0.0,64.6122448979592,4.9129529362765565,56.0,77.0,64.0,0.3333333333333333,0.0,0.3333333333333333,0.3333333333333333,0.3333333333333333,0.3333333333333333,0.0044444444444443,0.3299999999999998,0.3400000000000001,0.33,4.083333333333333,0.3055555555555553,3.0,5.0,4.0,0.8333333333333334,0.2777777777777777,0.0,1.0,1.0,4.085,0.306525,3.0,5.0,4.0,0.835,0.2755500000000001,0.0,1.0,1.0,16.095,2.3888500000000006,8.0,21.0,17.0,0.8314999999999999,0.142145,0.6,1.0,0.8333333333333334,1.0,0.75,0.4166666666666667,0.2888888888888888,0.6888888888888889,0.4444444444444444,0.1333333333333333,0.6444444444444445,1,1,0,1,1,0,1,0,0,0,1,1,0,0,4.0,0.9995920032639738,1,0.4166666666666667,homorhythmic,high
211,4.0,1.0,1,13.0,3.0,3.0,3.0,2.0,0.2307692307692307,0.0,0.0,59.48076923076923,4.708579881656806,52.0,72.0,59.0,0.3333333333333333,0.0,0.3333333333333333,0.3333333333333333,0.3333333333333333,0.3333333333333333,0.0044444444444443,0.3299999999999998,0.3400000000000001,0.33,4.333333333333333,0.5555555555555555,3.0,5.0,4.0,0.8333333333333334,0.2777777777777777,0.0,1.0,1.0,4.335,0.5552750000000001,3.0,5.0,4.0,0.835,0.2755500000000001,0.0,1.0,1.0,16.9325,2.7604500000000005,8.0,21.0,18.0,0.75425,0.16575625,0.5,1.0,0.8,1.0,1.0,0.3333333333333333,0.2083333333333333,0.7916666666666666,0.4375,0.125,0.7291666666666666,1,1,0,1,1,0,1,0,0,0,1,1,0,0,4.0,0.9996155324875048,1,0.3333333333333333,homorhythmic,high
212,4.0,1.0,1,14.0,3.0,3.0,3.0,1.75,0.2142857142857142,0.0,0.0,53.82142857142858,6.948979591836736,43.0,71.0,53.0,0.3333333333333333,0.0,0.3333333333333333,0.3333333333333333,0.3333333333333333,0.3333333333333333,0.0044444444444443,0.3299999999999998,0.3400000000000001,0.33,4.666666666666667,0.4444444444444443,4.0,5.0,5.0,2.0,0.3333333333333333,1.0,3.0,2.0,4.67,0.4422000000000001,4.0,5.0,5.0,2.005,0.3382999999999997,1.0,3.0,2.0,22.9525,2.4358125,18.0,29.0,23.0,0.8582500000000001,0.070875,0.8,1.0,0.8,1.0,1.0,1.0,0.0769230769230769,0.5769230769230769,0.5576923076923077,0.5384615384615384,0.7884615384615384,1,1,0,1,1,1,1,1,0,0,0,1,0,0,5.0,0.9992862241256246,1,1.0,homorhythmic,high
213,4.0,1.0,1,7.0,2.75,3.0,3.0,1.5,0.3928571428571428,0.0,0.0,50.82142857142857,8.808673469387756,36.0,72.0,48.0,0.3333333333333333,0.0,0.3333333333333333,0.3333333333333333,0.3333333333333333,0.3333333333333333,0.0044444444444443,0.3299999999999998,0.3400000000000001,0.33,2.3333333333333335,0.5000000000000001,2.0,4.0,2.0,1.25,0.4166666666666667,1.0,3.0,1.0,2.3325,0.49875,2.0,4.0,2.0,1.2475,0.413325,1.0,3.0,1.0,19.74,3.915,13.0,37.0,19.0,0.915,0.1555499999999999,0.0,1.0,1.0,0.1666666666666666,0.0833333333333333,0.4166666666666667,0.0416666666666666,0.3333333333333333,0.2083333333333333,0.2916666666666667,0.5,0,1,0,1,0,1,1,1,0,0,0,0,1,0,2.0,1.0,1,0.4166666666666667,homorhythmic,high
214,4.0,1.0,1,6.0,2.25,3.0,3.0,1.5,0.375,0.0,0.0,52.916666666666664,9.916666666666668,43.0,71.0,49.0,0.3333333333333333,0.0,0.3333333333333333,0.3333333333333333,0.3333333333333333,0.3333333333333333,0.0044444444444443,0.3299999999999998,0.3400000000000001,0.33,2.0,0.0,2.0,2.0,2.0,1.0,0.0,1.0,1.0,1.0,2.0,0.0,2.0,2.0,2.0,1.0,0.0,1.0,1.0,1.0,20.8125,3.1765625,13.0,29.0,20.0,0.835,0.2755500000000001,0.0,1.0,1.0,0.0,0.0,0.0833333333333333,0.0454545454545454,0.2727272727272727,0.0909090909090909,0.1363636363636363,0.5,1,0,0,0,0,0,1,0,0,0,0,1,0,0,2.0,1.0,1,0.0833333333333333,homorhythmic,high
215,4.0,1.0,1,6.75,2.5,3.0,3.0,1.5,0.3703703703703703,0.0,0.0,58.333333333333336,10.074074074074073,40.0,72.0,64.0,0.3333333333333333,0.0,0.3333333333333333,0.3333333333333333,0.3333333333333333,0.3333333333333333,0.0044444444444443,0.3299999999999998,0.3400000000000001,0.33,2.25,0.375,2.0,3.0,2.0,1.25,0.375,1.0,2.0,1.0,2.25,0.375,2.0,3.0,2.0,1.25,0.375,1.0,2.0,1.0,22.25,4.48125,15.0,33.0,21.0,0.915,0.1555499999999999,0.0,1.0,1.0,0.25,0.0,0.0,0.0416666666666666,0.375,0.125,0.0,0.5,0,1,0,1,1,1,1,1,0,0,0,1,0,0,2.0,1.0,1,0.0,homorhythmic,high
216,4.0,1.0,1,6.0,2.25,3.0,3.0,1.5,0.375,0.0,0.0,58.91666666666667,8.090277777777779,43.0,67.0,63.0,0.3333333333333333,0.0,0.3333333333333333,0.3333333333333333,0.3333333333333333,0.3333333333333333,0.0044444444444443,0.3299999999999998,0.3400000000000001,0.33,2.0,0.0,2.0,2.0,2.0,1.0,0.0,1.0,1.0,1.0,2.0,0.0,2.0,2.0,2.0,1.0,0.0,1.0,1.0,1.0,17.1875,3.1765624999999997,9.0,25.0,18.0,0.835,0.2755500000000001,0.0,1.0,1.0,0.0833333333333333,0.0,0.0833333333333333,0.0454545454545454,0.2727272727272727,0.0909090909090909,0.1363636363636363,0.5,1,0,0,0,0,0,1,0,0,0,0,1,0,0,2.0,1.0,1,0.0833333333333333,homorhythmic,high
217,4.0,1.0,1,6.0,3.75,3.0,3.0,1.5,0.625,0.0,0.0,60.99999999999999,10.0,43.0,77.0,62.0,0.3333333333333333,0.0,0.3333333333333333,0.3333333333333333,0.3333333333333333,0.3333333333333333,0.0044444444444443,0.3299999999999998,0.3400000000000001,0.33,2.0,0.0,2.0,2.0,2.0,0.9166666666666666,0.1527777777777778,0.0,1.0,1.0,2.0,0.0,2.0,2.0,2.0,0.915,0.1555499999999999,0.0,1.0,1.0,21.0,6.379999999999999,5.0,35.0,21.5,0.8300000000000001,0.2821999999999999,0.0,1.0,1.0,0.0833333333333333,0.0,0.1666666666666666,0.0909090909090909,0.7272727272727273,0.2272727272727272,0.0,0.0,1,0,1,0,0,0,0,0,1,0,0,0,0,0,2.0,1.0,1,0.1666666666666666,homorhythmic,low
218,4.0,1.0,1,6.0,3.75,3.0,3.0,1.5,0.625,0.0,0.0,63.583333333333336,11.416666666666664,43.0,83.0,64.5,0.3333333333333333,0.0,0.3333333333333333,0.3333333333333333,0.3333333333333333,0.3333333333333333,0.0044444444444443,0.3299999999999998,0.3400000000000001,0.33,2.0,0.0,2.0,2.0,2.0,1.0,0.0,1.0,1.0,1.0,2.0,0.0,2.0,2.0,2.0,1.0,0.0,1.0,1.0,1.0,23.795,6.0439750000000005,13.0,37.0,22.0,0.9175,0.1513875,0.0,1.0,1.0,0.0,0.0,0.1666666666666666,0.1818181818181818,0.5,0.2727272727272727,0.0454545454545454,0.0,1,0,1,0,0,0,1,1,1,0,0,0,0,0,2.0,1.0,1,0.1666666666666666,homorhythmic,high
219,4.0,1.0,1,6.0,3.75,3.0,3.0,1.5,0.625,0.0,0.0,65.58333333333336,11.416666666666668,48.0,84.0,66.5,0.3333333333333333,0.0,0.3333333333333333,0.3333333333333333,0.3333333333333333,0.3333333333333333,0.0044444444444443,0.3299999999999998,0.3400000000000001,0.33,2.0,0.0,2.0,2.0,2.0,1.0,0.0,1.0,1.0,1.0,2.0,0.0,2.0,2.0,2.0,1.0,0.0,1.0,1.0,1.0,23.7575,5.3950875,13.0,33.0,25.0,0.9175,0.1513875,0.0,1.0,1.0,0.0,0.0,0.0833333333333333,0.1363636363636363,0.5,0.2727272727272727,0.0909090909090909,0.0,1,0,1,0,0,0,1,0,1,0,0,0,0,0,2.0,1.0,1,0.0833333333333333,homorhythmic,high
220,4.0,1.0,1,6.0,3.75,3.0,3.0,1.5,0.625,0.0,0.0,65.58333333333336,11.416666666666668,48.0,84.0,66.5,0.3333333333333333,0.0,0.3333333333333333,0.3333333333333333,0.3333333333333333,0.3333333333333333,0.0044444444444443,0.3299999999999998,0.3400000000000001,0.33,2.0,0.0,2.0,2.0,2.0,1.0,0.0,1.0,1.0,1.0,2.0,0.0,2.0,2.0,2.0,1.0,0.0,1.0,1.0,1.0,23.7575,5.3950875,13.0,33.0,25.0,0.9175,0.1513875,0.0,1.0,1.0,0.0,0.0,0.0833333333333333,0.1363636363636363,0.5,0.2727272727272727,0.0909090909090909,0.0,1,0,1,0,0,0,1,0,1,0,0,0,0,0,2.0,1.0,1,0.0833333333333333,homorhythmic,high
221,4.0,1.0,1,8.0,3.0,4.0,4.0,1.5,0.375,0.0,0.0,65.4375,12.5625,48.0,84.0,63.5,0.25,0.0,0.25,0.25,0.25,0.25,0.0,0.25,0.25,0.25,2.0,0.0,2.0,2.0,2.0,1.0,0.0,1.0,1.0,1.0,2.0,0.0,2.0,2.0,2.0,1.0,0.0,1.0,1.0,1.0,26.125,4.125,18.0,33.0,26.5,0.875,0.21875,0.0,1.0,1.0,0.0,0.0,0.0,0.1333333333333333,0.3666666666666666,0.4333333333333333,0.0,0.0,1,0,0,0,1,0,1,1,0,0,0,1,0,0,2.0,1.0,1,0.0,homorhythmic,high
222,4.0,1.0,1,8.0,1.5,4.0,4.0,1.25,0.1875,0.0,0.0,67.5,13.75,52.0,84.0,67.0,0.25,0.0,0.25,0.25,0.25,0.25,0.0,0.25,0.25,0.25,2.0,0.0,2.0,2.0,2.0,1.0,0.0,1.0,1.0,1.0,2.0,0.0,2.0,2.0,2.0,1.0,0.0,1.0,1.0,1.0,28.5,3.5,25.0,33.0,28.0,0.75,0.375,0.0,1.0,1.0,0.0,0.0,0.0,0.2666666666666666,0.5,0.2333333333333333,0.0,0.0,1,0,0,0,1,0,1,1,0,0,1,1,0,0,2.0,1.0,1,0.0,homorhythmic,high
223,4.0,1.0,1,8.0,1.75,4.0,4.0,1.0,0.21875,0.0,0.0,62.90625,17.71875,40.0,84.0,67.0,0.25,0.0,0.25,0.25,0.25,0.25,0.0,0.25,0.25,0.25,2.0,0.0,2.0,2.0,2.0,1.0,0.0,1.0,1.0,1.0,2.0,0.0,2.0,2.0,2.0,1.0,0.0,1.0,1.0,1.0,36.4375,5.7421875,25.0,43.0,32.5,0.5625,0.4921875,0.0,1.0,1.0,0.0,0.0,0.0,0.0,0.5,0.0333333333333333,0.0,0.0,1,0,1,0,1,0,1,1,1,0,1,1,0,0,2.0,1.0,1,0.0,homorhythmic,high
224,4.0,1.0,1,8.0,4.25,4.0,4.0,1.75,0.53125,0.0,0.0,57.5625,13.5625,40.0,82.0,53.0,0.25,0.0,0.25,0.25,0.25,0.25,0.0,0.25,0.25,0.25,2.0,0.0,2.0,2.0,2.0,1.0,0.0,1.0,1.0,1.0,2.0,0.0,2.0,2.0,2.0,1.0,0.0,1.0,1.0,1.0,28.125,7.5,11.0,43.0,28.5,0.5625,0.4921875,0.0,1.0,1.0,0.0,0.0,0.0,0.4666666666666667,0.0,0.0,0.0666666666666666,0.0333333333333333,1,0,1,0,1,0,1,0,1,0,0,0,0,0,2.0,1.0,1,0.0,homorhythmic,high
225,4.0,1.0,1,13.0,3.0,4.0,4.0,1.5,0.2307692307692307,0.0,0.0,50.94230769230769,8.689349112426038,41.0,72.0,48.0,0.25,0.0,0.25,0.25,0.25,0.25,0.0,0.25,0.25,0.25,3.25,1.125,1.0,4.0,4.0,0.75,0.375,0.0,1.0,1.0,3.25,1.125,1.0,4.0,4.0,0.75,0.375,0.0,1.0,1.0,18.8125,9.1328125,1.0,32.0,22.0,0.875,0.1562499999999999,0.5,1.0,1.0,0.75,0.75,0.125,0.2708333333333333,0.6041666666666666,0.375,0.0833333333333333,0.5625,1,1,0,1,1,0,1,1,0,0,1,1,0,0,4.0,1.0,1,0.125,homorhythmic,high
226,4.0,1.0,1,13.0,2.5,4.0,4.0,1.5,0.1923076923076923,0.0,0.0,55.5,15.0,41.0,84.0,48.0,0.25,0.0,0.25,0.25,0.25,0.25,0.0,0.25,0.25,0.25,3.25,1.125,1.0,4.0,4.0,0.75,0.375,0.0,1.0,1.0,3.25,1.125,1.0,4.0,4.0,0.75,0.375,0.0,1.0,1.0,29.875,14.4375,1.0,44.0,38.5,0.8958333333333334,0.1302083333333332,0.5,1.0,1.0,0.75,0.75,0.0,0.2708333333333333,0.6041666666666666,0.375,0.0,0.5625,1,1,0,1,1,0,1,1,0,0,1,1,0,0,4.0,1.0,1,0.0,homorhythmic,high
227,4.0,1.0,1,16.0,2.0,4.0,4.0,1.5,0.125,0.0,0.0,55.09375,13.265625,42.0,84.0,48.0,0.25,0.0,0.25,0.25,0.25,0.25,0.0,0.25,0.25,0.25,4.0,1.5,1.0,5.0,5.0,0.75,0.375,0.0,1.0,1.0,4.0,1.5,1.0,5.0,5.0,0.75,0.375,0.0,1.0,1.0,30.25,14.625,1.0,42.0,39.5,0.75,0.1625,0.5,1.0,0.8,0.75,0.75,0.0,0.559322033898305,0.4576271186440678,0.3050847457627119,0.0,0.6101694915254238,1,1,0,1,1,0,1,1,0,0,1,1,0,1,5.0,1.0,1,0.0,homorhythmic,high
228,4.0,1.0,1,16.0,2.0,4.0,4.0,1.5,0.125,0.0,0.0,55.15625,13.359375,42.0,84.0,48.0,0.25,0.0,0.25,0.25,0.25,0.25,0.0,0.25,0.25,0.25,4.0,1.5,1.0,5.0,5.0,0.75,0.375,0.0,1.0,1.0,4.0,1.5,1.0,5.0,5.0,0.75,0.375,0.0,1.0,1.0,30.5,14.75,1.0,43.0,40.0,0.75625,0.1546875,0.5,1.0,0.8,0.75,0.75,0.0,0.5423728813559322,0.4745762711864407,0.3050847457627119,0.0,0.6101694915254238,1,1,0,1,1,0,1,1,0,0,1,1,0,0,5.0,1.0,1,0.0,homorhythmic,high
229,4.0,1.0,1,12.0,2.75,4.0,4.0,0.75,0.2291666666666666,0.0,0.0,64.91666666666667,10.840277777777777,43.0,84.0,67.0,0.25,0.0,0.25,0.25,0.25,0.25,0.0,0.25,0.25,0.25,3.0,0.0,3.0,3.0,3.0,1.9375,0.1171875,1.0,2.0,2.0,3.0,0.0,3.0,3.0,3.0,1.9375,0.1171875,1.0,2.0,2.0,30.125,5.375,18.0,42.0,31.0,1.0,0.0,1.0,1.0,1.0,0.125,0.0625,1.0,0.0,0.3111111111111111,0.1555555555555555,0.6444444444444445,0.4666666666666667,0,0,0,0,1,1,1,1,0,0,1,1,0,0,3.0,1.0,1,1.0,homorhythmic,high
230,4.0,1.0,1,9.0,2.75,3.0,3.0,0.75,0.3055555555555556,0.0,0.0,64.79166666666667,10.975694444444445,43.0,84.0,67.0,0.3333333333333333,0.1111111111111111,0.25,0.5,0.25,0.3333333333333333,0.1111111111111111,0.25,0.5,0.25,3.0,0.0,3.0,3.0,3.0,1.9166666666666667,0.1527777777777777,1.0,2.0,2.0,3.0,0.0,3.0,3.0,3.0,1.9375,0.1171875,1.0,2.0,2.0,30.5,3.9375,18.0,37.0,32.5,1.0,0.0,1.0,1.0,1.0,0.0833333333333333,0.0833333333333333,1.0,0.0,0.3636363636363636,0.1818181818181818,0.5454545454545454,0.4242424242424242,1,0,0,0,1,1,1,1,0,0,0,1,0,0,3.0,1.0,1,1.0,homorhythmic,high
231,4.0,1.0,1,7.75,2.0,4.0,4.0,0.75,0.2580645161290322,0.0,0.0,73.6774193548387,14.505723204994796,52.0,91.0,67.0,0.25,0.0,0.25,0.25,0.25,0.25,0.0,0.25,0.25,0.25,1.9375,0.1171875,1.0,2.0,2.0,0.9375,0.1171875,0.0,1.0,1.0,1.9375,0.1171875,1.0,2.0,2.0,0.9375,0.1171875,0.0,1.0,1.0,27.9375,5.2109375,1.0,37.0,29.0,1.0,0.0,1.0,1.0,1.0,0.0,0.0,0.0,0.0,0.5333333333333333,0.1,0.0,0.2666666666666666,1,0,0,0,1,0,0,0,0,0,1,1,0,0,2.0,1.0,1,0.0,homorhythmic,low
232,4.0,1.0,1,8.0,1.75,4.0,4.0,0.75,0.21875,0.0,0.0,82.5625,7.1171875,67.0,91.0,86.0,0.25,0.0,0.25,0.25,0.25,0.25,0.0,0.25,0.25,0.25,2.0,0.0,2.0,2.0,2.0,0.9375,0.1171875,0.0,1.0,1.0,2.0,0.0,2.0,2.0,2.0,0.9375,0.1171875,0.0,1.0,1.0,14.875,4.25,5.0,25.0,14.5,1.0,0.0,1.0,1.0,1.0,0.1875,0.0625,0.25,0.0,0.6,0.1666666666666666,0.2333333333333333,0.2666666666666666,0,0,0,0,0,0,0,0,0,0,1,1,0,0,2.0,1.0,1,0.25,homorhythmic,low
233,4.0,1.0,1,7.75,1.25,4.0,4.0,1.0,0.1612903225806451,0.0,0.0,85.41935483870968,4.561914672216441,79.0,92.0,83.0,0.25,0.0,0.25,0.25,0.25,0.25,0.0,0.25,0.25,0.25,1.9375,0.1171875,1.0,2.0,2.0,0.9375,0.1171875,0.0,1.0,1.0,1.9375,0.1171875,1.0,2.0,2.0,0.9375,0.1171875,0.0,1.0,1.0,9.6875,2.4296875,1.0,13.0,10.5,0.5,0.5,0.0,1.0,0.5,0.1875,0.0,0.25,0.2666666666666666,0.4333333333333333,0.0,0.1333333333333333,0.2666666666666666,1,0,0,0,0,0,0,0,0,0,1,1,0,0,2.0,1.0,1,0.25,homorhythmic,low
234,4.0,1.0,1,8.0,1.25,4.0,4.0,1.0,0.15625,0.0,0.0,85.625,4.625,79.0,92.0,86.0,0.25,0.0,0.25,0.25,0.25,0.25,0.0,0.25,0.25,0.25,2.0,0.0,2.0,2.0,2.0,1.0,0.0,1.0,1.0,1.0,2.0,0.0,2.0,2.0,2.0,1.0,0.0,1.0,1.0,1.0,10.25,1.75,7.0,13.0,10.5,0.5,0.5,0.0,1.0,0.5,0.25,0.0,0.25,0.2666666666666666,0.4666666666666667,0.0,0.1333333333333333,0.2666666666666666,1,0,0,0,0,0,1,0,0,0,1,1,0,0,2.0,1.0,1,0.25,homorhythmic,high
235,4.0,1.0,1,10.0,1.25,4.0,4.0,1.25,0.125,0.0,0.0,86.2,3.4400000000000004,83.0,93.0,84.0,0.25,0.0,0.25,0.25,0.25,0.25,0.0,0.25,0.25,0.25,2.5,0.5,2.0,3.0,2.5,0.5,0.5,0.0,1.0,0.5,2.5,0.5,2.0,3.0,2.5,0.5,0.5,0.0,1.0,0.5,8.5,1.5,7.0,11.0,8.0,0.4166666666666666,0.2916666666666667,0.0,1.0,0.3333333333333333,0.25,0.5,0.0,0.6052631578947368,0.1842105263157894,0.2105263157894736,0.0,0.3947368421052631,1,1,0,1,0,0,1,0,0,0,1,1,0,0,2.5,1.0,1,0.0,homorhythmic,high
236,4.0,1.0,1,13.5,1.5,4.0,4.0,1.25,0.1111111111111111,0.0,0.0,87.0925925925926,3.452674897119341,81.0,93.0,89.0,0.25,0.0,0.25,0.25,0.25,0.25,0.0,0.25,0.25,0.25,3.375,0.546875,2.0,4.0,3.0,0.625,0.46875,0.0,1.0,1.0,3.375,0.546875,2.0,4.0,3.0,0.625,0.46875,0.0,1.0,1.0,9.375,0.609375,9.0,11.0,9.0,0.375,0.09375,0.0,0.5,0.3333333333333333,0.9375,0.375,0.0,0.8269230769230769,0.0384615384615384,0.3846153846153846,0.0,0.8076923076923077,1,1,0,1,1,0,1,0,0,0,1,1,0,0,3.0,1.0,1,0.0,homorhythmic,high
237,4.0,1.0,1,7.0,2.25,1.5,1.5,1.25,0.3214285714285714,0.0,0.0,69.953125,7.203125,60.0,84.0,68.5,0.5714285714285714,0.4591836734693877,0.25,2.0,0.25,0.6666666666666666,0.5555555555555556,0.25,2.0,0.25,4.666666666666667,0.5555555555555554,3.0,5.0,5.0,1.1666666666666667,0.2777777777777778,1.0,2.0,1.0,4.0,1.0,3.0,5.0,4.0,1.5,0.5,1.0,2.0,1.5,24.3125,1.1171875,20.0,25.0,25.0,0.84375,0.15625,0.6,1.0,0.9,0.8333333333333334,0.8333333333333334,0.5,0.16,0.68,0.36,0.2,0.76,1,1,0,1,1,0,1,1,0,1,0,1,0,0,4.0,1.0,1,0.5,homorhythmic,high
238,4.0,1.0,1,18.0,3.5,4.0,4.0,2.0,0.1944444444444444,0.0,0.0,68.375,5.833333333333333,60.0,85.0,67.0,0.25,0.0,0.25,0.25,0.25,0.25,0.0,0.25,0.25,0.25,4.5,0.5,4.0,5.0,4.5,1.0,0.0,1.0,1.0,1.0,4.5,0.5,4.0,5.0,4.5,1.0,0.0,1.0,1.0,1.0,21.6875,2.3984375,17.0,26.0,21.0,0.7583333333333333,0.1354166666666666,0.6,1.0,0.7,1.0,1.0,0.375,0.2647058823529412,0.6323529411764706,0.4558823529411764,0.1617647058823529,0.7352941176470589,1,1,0,1,1,0,1,0,0,0,1,1,0,0,4.5,1.0,1,0.375,homorhythmic,high
239,4.0,1.0,1,8.5,2.75,2.75,2.75,1.5,0.3235294117647059,0.0,0.0,65.71875,7.05859375,53.0,82.0,65.0,0.4705882352941176,0.2076124567474048,0.25,1.0,0.5,0.3636363636363636,0.1652892561983471,0.25,1.0,0.25,3.090909090909091,1.586776859504132,1.0,6.0,3.0,0.5454545454545454,0.4958677685950414,0.0,1.0,1.0,4.0,2.0,1.0,6.0,4.5,0.625,0.46875,0.0,1.0,1.0,17.0625,8.5546875,1.0,28.0,19.5,0.9375,0.109375,0.3333333333333333,1.0,1.0,0.6363636363636364,0.2727272727272727,0.4545454545454545,0.2580645161290322,0.5806451612903226,0.2258064516129032,0.4516129032258064,0.5161290322580645,1,1,0,1,1,0,1,1,0,0,1,1,0,1,4.5,0.7727272727272727,1,0.4545454545454545,homorhythmic,high
240,4.0,1.0,1,7.5,3.25,1.5,1.5,1.5,0.4333333333333333,0.0,0.0,63.7,5.640000000000002,55.0,79.0,62.5,0.6666666666666666,0.2222222222222222,0.5,1.0,0.5,0.6666666666666666,0.2222222222222222,0.5,1.0,0.5,5.0,0.0,5.0,5.0,5.0,0.8333333333333334,0.2777777777777777,0.0,1.0,1.0,5.0,0.0,5.0,5.0,5.0,0.875,0.21875,0.0,1.0,1.0,21.5,2.5,17.0,25.0,22.0,0.8375,0.1625,0.6,1.0,0.9,1.0,1.0,1.0,0.12,0.76,0.6,0.48,0.68,1,1,0,1,1,1,1,0,0,0,0,1,0,0,5.0,1.0,1,1.0,homorhythmic,high
241,4.0,1.0,1,7.0,2.25,1.5,1.5,1.25,0.3214285714285714,0.0,0.0,57.96875,7.21875,48.0,72.0,56.5,0.5714285714285714,0.4591836734693877,0.25,2.0,0.25,0.6666666666666666,0.5555555555555556,0.25,2.0,0.25,4.666666666666667,0.5555555555555554,3.0,5.0,5.0,1.1666666666666667,0.2777777777777778,1.0,2.0,1.0,4.0,1.0,3.0,5.0,4.0,1.5,0.5,1.0,2.0,1.5,24.375,1.015625,20.0,25.0,25.0,0.84375,0.15625,0.6,1.0,0.9,0.8333333333333334,0.8333333333333334,0.5,0.16,0.68,0.36,0.2,0.76,1,1,0,1,1,1,1,1,0,1,0,1,0,0,4.0,1.0,1,0.5,homorhythmic,high
242,4.0,1.0,1,18.0,3.5,4.0,4.0,2.0,0.1944444444444444,0.0,0.0,56.541666666666664,5.935185185185184,48.0,74.0,55.0,0.25,0.0,0.25,0.25,0.25,0.25,0.0,0.25,0.25,0.25,4.5,0.5,4.0,5.0,4.5,1.0,0.0,1.0,1.0,1.0,4.5,0.5,4.0,5.0,4.5,1.0,0.0,1.0,1.0,1.0,21.9375,2.328125,17.0,27.0,22.0,0.7583333333333333,0.1354166666666666,0.6,1.0,0.7,1.0,1.0,0.375,0.2647058823529412,0.6323529411764706,0.5,0.1617647058823529,0.7352941176470589,1,1,0,1,1,0,1,0,0,0,1,1,0,0,4.5,1.0,1,0.375,homorhythmic,high
243,4.0,1.0,1,7.75,2.75,2.75,2.75,1.5,0.3548387096774194,0.0,0.0,54.464285714285715,8.035714285714286,41.0,70.0,55.0,0.4516129032258064,0.2081165452653486,0.25,1.0,0.25,0.3636363636363636,0.1652892561983471,0.25,1.0,0.25,2.8181818181818183,1.322314049586777,1.0,5.0,3.0,0.8181818181818182,0.5950413223140495,0.0,2.0,1.0,3.5,1.5,1.0,5.0,4.0,1.125,0.65625,0.0,2.0,1.0,17.5625,8.7421875,1.0,29.0,20.0,0.9375,0.109375,0.3333333333333333,1.0,1.0,0.6363636363636364,0.2727272727272727,0.4545454545454545,0.2857142857142857,0.4285714285714285,0.25,0.3214285714285714,0.5,1,1,0,1,1,0,1,1,0,0,1,1,0,1,4.0,0.8051948051948052,1,0.4545454545454545,homorhythmic,high
244,4.0,1.0,1,7.5,3.0,1.5,1.5,1.5,0.4,0.0,0.0,52.625,5.425,43.0,67.0,52.5,0.6666666666666666,0.2222222222222222,0.5,1.0,0.5,0.6666666666666666,0.2222222222222222,0.5,1.0,0.5,5.0,0.0,5.0,5.0,5.0,1.1666666666666667,0.5555555555555556,0.0,2.0,1.0,5.0,0.0,5.0,5.0,5.0,1.25,0.5625,0.0,2.0,1.0,21.625,2.46875,17.0,25.0,22.5,0.8375,0.1625,0.6,1.0,0.9,1.0,1.0,1.0,0.24,0.6,0.76,0.64,0.72,1,1,0,1,1,1,1,1,0,0,0,1,0,0,5.0,1.0,1,1.0,homorhythmic,high
245,4.0,1.0,1,5.5,3.25,1.75,1.75,1.75,0.5909090909090909,0.0,0.0,53.11538461538461,8.218934911242602,40.0,72.0,52.0,0.5909090909090909,0.1487603305785124,0.5,1.0,0.5,0.5714285714285714,0.1224489795918367,0.5,1.0,0.5,3.142857142857143,0.2448979591836734,3.0,4.0,3.0,1.7142857142857142,0.489795918367347,0.0,2.0,2.0,3.25,0.375,3.0,4.0,3.0,1.5,0.75,0.0,2.0,2.0,24.5,6.375,13.0,33.0,27.0,0.875,0.1875,0.3333333333333333,1.0,1.0,0.7142857142857143,0.2857142857142857,0.2857142857142857,0.3333333333333333,0.1666666666666666,0.1666666666666666,0.2222222222222222,0.4444444444444444,1,1,0,1,1,1,1,1,0,0,0,1,0,0,3.0,0.967032967032967,1,0.2857142857142857,homorhythmic,high
246,4.0,1.0,1,6.0,2.75,1.5,1.5,1.5,0.4583333333333333,0.0,0.0,52.90625,5.90625,43.0,67.0,52.5,0.6666666666666666,0.2222222222222222,0.5,1.0,0.5,0.6666666666666666,0.2222222222222222,0.5,1.0,0.5,4.0,0.0,4.0,4.0,4.0,1.8333333333333333,0.2777777777777778,1.0,2.0,2.0,4.0,0.0,4.0,4.0,4.0,1.875,0.21875,1.0,2.0,2.0,21.625,2.46875,17.0,25.0,22.5,0.8541666666666667,0.1458333333333333,0.6666666666666666,1.0,0.9166666666666669,1.0,0.6666666666666666,0.8333333333333334,0.1,0.6,0.4,0.5,0.65,1,1,0,1,1,1,1,1,0,0,0,1,0,0,4.0,1.0,1,0.8333333333333334,homorhythmic,high
247,4.0,1.0,1,5.25,3.5,1.75,1.75,1.75,0.6666666666666666,0.0,0.0,56.708333333333336,8.826388888888888,45.0,77.0,53.0,0.5714285714285714,0.1224489795918367,0.5,1.0,0.5,0.5714285714285714,0.1224489795918367,0.5,1.0,0.5,3.0,0.0,3.0,3.0,3.0,1.8571428571428572,0.2448979591836734,1.0,2.0,2.0,3.0,0.0,3.0,3.0,3.0,1.75,0.375,1.0,2.0,2.0,24.5,6.375,13.0,33.0,27.0,0.875,0.1875,0.3333333333333333,1.0,1.0,0.7142857142857143,0.1428571428571428,0.2857142857142857,0.3888888888888889,0.1666666666666666,0.2222222222222222,0.0555555555555555,0.3888888888888889,1,1,0,1,1,1,1,1,0,0,0,0,0,0,3.0,1.0,1,0.2857142857142857,homorhythmic,high
248,4.0,1.0,1,6.0,2.75,1.5,1.5,1.5,0.4583333333333333,0.0,0.0,57.90625,5.90625,48.0,72.0,57.5,0.6666666666666666,0.2222222222222222,0.5,1.0,0.5,0.6666666666666666,0.2222222222222222,0.5,1.0,0.5,4.0,0.0,4.0,4.0,4.0,1.8333333333333333,0.2777777777777778,1.0,2.0,2.0,4.0,0.0,4.0,4.0,4.0,1.875,0.21875,1.0,2.0,2.0,21.625,2.46875,17.0,25.0,22.5,0.8541666666666667,0.1458333333333333,0.6666666666666666,1.0,0.9166666666666669,1.0,0.6666666666666666,0.8333333333333334,0.1,0.6,0.4,0.5,0.65,1,1,0,1,1,1,1,1,0,0,0,1,0,0,4.0,1.0,1,0.8333333333333334,homorhythmic,high
249,4.0,1.0,1,5.25,3.0,1.75,1.75,1.5,0.5714285714285714,0.0,0.0,57.625,8.697916666666666,44.0,77.0,55.5,0.5714285714285714,0.1224489795918367,0.5,1.0,0.5,0.5714285714285714,0.1224489795918367,0.5,1.0,0.5,3.0,0.0,3.0,3.0,3.0,1.8571428571428572,0.2448979591836734,1.0,2.0,2.0,3.0,0.0,3.0,3.0,3.0,1.75,0.375,1.0,2.0,2.0,24.375,6.28125,13.0,34.0,26.5,0.8333333333333333,0.2083333333333333,0.3333333333333333,1.0,1.0,0.7142857142857143,0.1428571428571428,0.2857142857142857,0.3333333333333333,0.1666666666666666,0.1111111111111111,0.2222222222222222,0.4444444444444444,1,1,0,1,1,1,1,1,0,0,0,1,0,0,3.0,1.0,1,0.2857142857142857,homorhythmic,high
250,4.0,1.0,1,6.0,2.75,1.5,1.5,1.5,0.4583333333333333,0.0,0.0,57.75,6.0,48.0,72.0,57.0,0.6666666666666666,0.2222222222222222,0.5,1.0,0.5,0.6666666666666666,0.2222222222222222,0.5,1.0,0.5,4.0,0.0,4.0,4.0,4.0,1.8333333333333333,0.2777777777777778,1.0,2.0,2.0,4.0,0.0,4.0,4.0,4.0,1.875,0.21875,1.0,2.0,2.0,21.5,2.5,17.0,25.0,22.0,0.8541666666666667,0.1458333333333333,0.6666666666666666,1.0,0.9166666666666669,1.0,0.6666666666666666,0.8333333333333334,0.1,0.6,0.4,0.5,0.65,1,1,0,1,1,1,1,1,0,0,0,1,0,0,4.0,1.0,1,0.8333333333333334,homorhythmic,high
251,4.0,1.0,1,8.0,1.5,2.0,2.0,0.75,0.1875,0.0,0.0,47.0,5.6875,37.0,65.0,49.0,0.5,0.0,0.5,0.5,0.5,0.5,0.0,0.5,0.5,0.5,4.0,0.0,4.0,4.0,4.0,1.0,0.0,1.0,1.0,1.0,4.0,0.0,4.0,4.0,4.0,1.0,0.0,1.0,1.0,1.0,17.0,0.0,17.0,17.0,17.0,1.0,0.0,1.0,1.0,1.0,1.0,1.0,1.0,0.0,0.5,0.7142857142857143,0.5357142857142857,0.9285714285714286,1,1,0,1,1,1,1,1,0,0,0,1,0,0,4.0,1.0,1,1.0,homorhythmic,high
252,4.0,1.0,1,8.0,1.75,2.0,2.0,1.5,0.21875,0.0,0.0,46.125,5.375,37.0,55.0,47.5,0.5,0.0,0.5,0.5,0.5,0.5,0.0,0.5,0.5,0.5,4.0,0.0,4.0,4.0,4.0,1.0,0.0,1.0,1.0,1.0,4.0,0.0,4.0,4.0,4.0,1.0,0.0,1.0,1.0,1.0,17.5,0.75,17.0,19.0,17.0,0.9166666666666666,0.125,0.6666666666666666,1.0,1.0,1.0,1.0,0.75,0.1071428571428571,0.4642857142857143,0.7142857142857143,0.3928571428571428,0.8928571428571429,1,1,0,1,1,1,1,1,0,0,0,1,0,0,4.0,1.0,1,0.75,homorhythmic,high
253,4.0,1.0,1,9.0,1.75,2.25,2.25,1.0,0.1944444444444444,0.0,0.0,43.375,5.875,36.0,60.0,41.5,0.4444444444444444,0.0864197530864197,0.25,0.5,0.5,0.4444444444444444,0.0864197530864197,0.25,0.5,0.5,4.0,0.6666666666666666,3.0,5.0,4.0,0.6666666666666666,0.4444444444444444,0.0,1.0,1.0,4.0,0.75,3.0,5.0,4.0,0.625,0.46875,0.0,1.0,1.0,16.875,5.90625,9.0,25.0,21.0,0.9791666666666666,0.0390625,0.6666666666666666,1.0,1.0,1.0,1.0,0.4444444444444444,0.064516129032258,0.5483870967741935,0.6451612903225806,0.3870967741935484,0.9032258064516128,1,1,0,1,1,0,1,0,0,0,1,1,0,0,4.0,1.0,1,0.4444444444444444,homorhythmic,high
254,4.0,1.0,1,12.0,2.25,2.5,2.5,1.5,0.1875,0.0,0.0,47.18421052631579,11.6786703601108,36.0,87.0,41.0,0.3958333333333333,0.1215277777777777,0.25,0.5,0.5,0.4,0.12,0.25,0.5,0.5,4.8,0.3200000000000001,4.0,5.0,5.0,0.8,0.3199999999999999,0.0,1.0,1.0,4.75,0.375,4.0,5.0,5.0,0.75,0.375,0.0,1.0,1.0,39.375,14.6875,10.0,52.0,46.5,0.6541666666666667,0.0473958333333333,0.6,0.8,0.6666666666666666,1.0,1.0,0.0,0.5116279069767442,0.8372093023255814,0.4186046511627907,0.0,0.9069767441860463,1,1,1,1,1,0,1,1,1,0,1,1,0,1,5.0,1.0,1,0.0,homorhythmic,high
255,4.0,1.0,1,8.25,1.5,2.25,2.25,1.0,0.1818181818181818,0.0,0.0,44.293103448275865,5.840665873959572,37.0,61.0,41.0,0.4393939393939394,0.0918273645546372,0.25,0.5,0.5,0.4444444444444444,0.0864197530864197,0.25,0.5,0.5,3.6666666666666665,0.4444444444444444,3.0,4.0,4.0,0.6666666666666666,0.4444444444444444,0.0,1.0,1.0,3.625,0.46875,3.0,4.0,4.0,0.625,0.46875,0.0,1.0,1.0,17.8125,5.859375,10.0,25.0,22.0,0.9791666666666666,0.0390625,0.6666666666666666,1.0,1.0,1.0,1.0,0.4444444444444444,0.0689655172413793,0.5862068965517241,0.5517241379310345,0.2413793103448276,0.896551724137931,1,1,0,1,1,0,1,0,0,0,1,1,0,0,4.0,1.0,1,0.4444444444444444,homorhythmic,high
256,4.0,1.0,1,9.5,2.0,2.5,2.5,1.25,0.2105263157894736,0.0,0.0,50.833333333333336,14.133333333333333,38.0,89.0,41.0,0.3947368421052631,0.1218836565096952,0.25,0.5,0.5,0.4,0.12,0.25,0.5,0.5,3.8,0.3200000000000001,3.0,4.0,4.0,1.8,0.3199999999999999,1.0,2.0,2.0,3.75,0.375,3.0,4.0,4.0,1.75,0.375,1.0,2.0,2.0,39.375,14.6875,10.0,52.0,46.5,0.65625,0.0390624999999999,0.5,0.8333333333333334,0.6666666666666666,1.0,0.0,0.0,0.1176470588235294,0.5294117647058824,0.0,0.0,0.8823529411764706,1,1,0,1,1,0,1,1,0,0,1,1,0,0,4.0,1.0,1,0.0,homorhythmic,high
257,4.0,1.0,1,10.75,3.75,2.75,2.75,1.75,0.3488372093023256,0.0,0.0,49.67741935483871,8.961498439125913,39.0,80.0,44.0,0.3604651162790697,0.1233098972417522,0.25,0.5,0.25,0.3636363636363636,0.1239669421487603,0.25,0.5,0.25,3.909090909090909,0.165289256198347,3.0,4.0,4.0,1.0909090909090908,0.3305785123966941,0.0,2.0,1.0,3.875,0.21875,3.0,4.0,4.0,1.125,0.4375,0.0,2.0,1.0,27.75,8.125,10.0,40.0,29.5,0.8541666666666666,0.1276041666666666,0.6666666666666666,1.0,0.8333333333333334,1.0,0.5454545454545454,0.0909090909090909,0.2564102564102564,0.6410256410256411,0.3333333333333333,0.0256410256410256,0.6923076923076923,1,1,1,1,1,0,1,1,1,0,1,1,0,0,4.0,1.0,1,0.0909090909090909,homorhythmic,high
258,4.0,1.0,1,10.75,3.75,2.75,2.75,1.75,0.3488372093023256,0.0,0.0,53.17741935483871,8.919875130072842,43.0,84.0,48.0,0.3604651162790697,0.1233098972417522,0.25,0.5,0.25,0.3636363636363636,0.1239669421487603,0.25,0.5,0.25,3.909090909090909,0.165289256198347,3.0,4.0,4.0,1.0909090909090908,0.165289256198347,1.0,2.0,1.0,3.875,0.21875,3.0,4.0,4.0,1.125,0.21875,1.0,2.0,1.0,27.8125,8.3125,10.0,41.0,29.5,0.8229166666666666,0.1575520833333333,0.5,1.0,0.8333333333333334,1.0,0.4545454545454545,0.0909090909090909,0.2564102564102564,0.6410256410256411,0.2307692307692307,0.0256410256410256,0.6923076923076923,1,1,1,1,1,0,1,1,1,0,0,1,0,0,4.0,1.0,1,0.0909090909090909,homorhythmic,high
259,4.0,1.0,1,12.0,2.75,3.0,3.0,1.5,0.2291666666666666,0.0,0.0,56.375,11.0625,45.0,87.0,51.0,0.3333333333333333,0.1111111111111111,0.25,0.5,0.25,0.3333333333333333,0.1111111111111111,0.25,0.5,0.25,4.0,0.0,4.0,4.0,4.0,2.0,0.0,2.0,2.0,2.0,4.0,0.0,4.0,4.0,4.0,2.0,0.0,2.0,2.0,2.0,34.5,6.0,27.0,43.0,35.0,0.6458333333333334,0.0364583333333332,0.5,0.6666666666666666,0.6666666666666666,1.0,0.0,0.0,0.1818181818181818,0.5,0.0,0.0,0.7954545454545454,1,1,0,1,1,0,1,1,0,0,1,1,0,0,4.0,1.0,1,0.0,homorhythmic,high
260,4.0,1.0,1,13.0,3.25,3.5,3.5,1.5,0.25,0.0,0.0,53.05,7.793333333333331,44.0,78.0,48.0,0.2884615384615384,0.0650887573964496,0.25,0.5,0.25,0.2857142857142857,0.0612244897959183,0.25,0.5,0.25,3.7142857142857144,0.4081632653061224,3.0,4.0,4.0,1.3571428571428572,0.4591836734693877,1.0,2.0,1.0,3.75,0.375,3.0,4.0,4.0,1.4375,0.4921875,1.0,2.0,1.0,24.1875,6.6875,16.0,35.0,24.0,0.625,0.21875,0.3333333333333333,1.0,0.5,1.0,0.3571428571428571,0.2142857142857142,0.2083333333333333,0.6458333333333334,0.2083333333333333,0.125,0.7291666666666666,1,1,0,1,1,0,1,1,0,0,1,1,0,0,4.0,0.9904761904761905,1,0.2142857142857142,homorhythmic,high
261,4.0,1.0,1,4.25,1.0,2.0,2.0,0.5,0.2352941176470588,0.0,0.0,70.05882352941177,8.41522491349481,43.0,79.0,67.0,0.5,0.0,0.5,0.5,0.5,0.5,0.0,0.5,0.5,0.5,2.125,0.21875,2.0,3.0,2.0,1.0,0.0,1.0,1.0,1.0,2.125,0.21875,2.0,3.0,2.0,1.0,0.0,1.0,1.0,1.0,16.0,5.25,13.0,37.0,13.0,1.0,0.0,1.0,1.0,1.0,0.125,0.0,0.875,0.0,0.0,0.0,0.9285714285714286,0.9285714285714286,0,0,0,0,0,1,1,1,0,0,0,1,0,0,2.0,1.0,1,0.875,homorhythmic,high
262,4.0,1.0,1,8.0,1.0,2.0,2.0,0.75,0.125,0.0,0.0,72.25,3.75,67.0,79.0,71.5,0.5,0.0,0.5,0.5,0.5,0.5,0.0,0.5,0.5,0.5,4.0,0.0,4.0,4.0,4.0,1.0,0.0,1.0,1.0,1.0,4.0,0.0,4.0,4.0,4.0,1.0,0.0,1.0,1.0,1.0,13.0,0.0,13.0,13.0,13.0,0.6666666666666666,0.0,0.6666666666666666,0.6666666666666666,0.6666666666666666,1.0,0.0,1.0,0.0,0.75,0.0,0.5,1.0,1,1,0,1,1,0,1,0,0,0,0,1,0,0,4.0,1.0,1,1.0,homorhythmic,high
263,4.0,1.0,1,8.5,3.0,2.0,2.0,1.25,0.3529411764705882,0.0,0.0,65.5,16.0,47.0,91.0,69.0,0.5,0.0,0.5,0.5,0.5,0.5,0.0,0.5,0.5,0.5,4.25,0.4375,4.0,6.0,4.0,1.875,0.21875,1.0,2.0,2.0,4.25,0.4375,4.0,6.0,4.0,1.875,0.21875,1.0,2.0,2.0,41.625,2.5625,33.0,45.0,42.5,0.8333333333333333,0.1666666666666666,0.6666666666666666,1.0,0.8333333333333333,1.0,0.125,1.0,0.2142857142857142,0.5,0.0357142857142857,0.2857142857142857,0.75,1,1,0,1,1,1,1,1,0,0,0,1,0,0,4.0,1.0,1,1.0,homorhythmic,high
264,4.0,1.0,1,8.0,3.5,2.0,2.0,1.75,0.4375,0.0,0.0,62.8125,13.8125,47.0,86.0,59.5,0.5,0.0,0.5,0.5,0.5,0.5,0.0,0.5,0.5,0.5,4.0,0.0,4.0,4.0,4.0,2.0,0.0,2.0,2.0,2.0,4.0,0.0,4.0,4.0,4.0,2.0,0.0,2.0,2.0,2.0,36.125,2.34375,31.0,40.0,37.0,0.75,0.25,0.3333333333333333,1.0,0.8333333333333333,1.0,0.0,1.0,0.3571428571428571,0.4285714285714285,0.0357142857142857,0.2142857142857142,0.6428571428571429,1,1,0,1,1,1,1,1,0,0,0,1,0,0,4.0,1.0,1,1.0,homorhythmic,high
265,4.0,1.0,1,9.25,3.5,4.0,4.0,1.75,0.3783783783783784,0.0,0.0,59.945945945945944,8.806428049671293,50.0,77.0,55.0,0.25,0.0,0.25,0.25,0.25,0.25,0.0,0.25,0.25,0.25,2.3125,0.984375,1.0,4.0,3.0,0.75,0.5625,0.0,2.0,1.0,2.3125,0.984375,1.0,4.0,3.0,0.75,0.5625,0.0,2.0,1.0,12.6875,8.765625,1.0,28.0,15.5,0.875,0.1875,0.3333333333333333,1.0,1.0,0.5,0.125,0.25,0.4545454545454545,0.4848484848484848,0.1212121212121212,0.2121212121212121,0.4545454545454545,1,1,0,1,1,0,1,0,0,0,0,1,0,0,3.0,1.0,1,0.25,homorhythmic,high
266,4.0,1.0,1,7.0,3.75,4.0,4.0,1.75,0.5357142857142857,0.0,0.0,75.5,8.464285714285714,62.0,89.0,76.5,0.25,0.0,0.25,0.25,0.25,0.25,0.0,0.25,0.25,0.25,1.75,0.375,1.0,2.0,2.0,0.6875,0.4296875,0.0,1.0,1.0,1.75,0.375,1.0,2.0,2.0,0.6875,0.4296875,0.0,1.0,1.0,12.75,8.46875,1.0,27.0,10.0,0.6875,0.4296875,0.0,1.0,1.0,0.125,0.125,0.0,0.6538461538461539,0.0769230769230769,0.1538461538461538,0.0769230769230769,0.2692307692307692,1,0,1,0,0,0,0,0,1,0,0,0,0,0,2.0,1.0,1,0.0,homorhythmic,low
267,4.0,1.0,1,7.75,2.5,2.0,2.0,1.25,0.3225806451612903,0.0,0.0,63.516129032258064,17.56503642039543,45.0,89.0,48.0,0.5,0.0,0.5,0.5,0.5,0.5,0.0,0.5,0.5,0.5,3.875,0.21875,3.0,4.0,4.0,1.875,0.21875,1.0,2.0,2.0,3.875,0.21875,3.0,4.0,4.0,1.875,0.21875,1.0,2.0,2.0,43.375,1.53125,40.0,45.0,44.0,0.9166666666666666,0.125,0.6666666666666666,1.0,1.0,1.0,0.0,0.875,0.2142857142857142,0.5,0.0,0.25,0.75,1,0,0,0,1,1,1,1,0,0,0,1,0,0,4.0,1.0,1,0.875,homorhythmic,high
268,4.0,1.0,1,8.0,3.5,2.0,2.0,1.5,0.4375,0.0,0.0,60.9375,13.9375,45.0,84.0,57.5,0.5,0.0,0.5,0.5,0.5,0.5,0.0,0.5,0.5,0.5,4.0,0.0,4.0,4.0,4.0,2.0,0.0,2.0,2.0,2.0,4.0,0.0,4.0,4.0,4.0,2.0,0.0,2.0,2.0,2.0,36.375,2.53125,31.0,40.0,37.0,0.75,0.25,0.3333333333333333,1.0,0.8333333333333333,1.0,0.0,1.0,0.3571428571428571,0.4285714285714285,0.0357142857142857,0.2142857142857142,0.6428571428571429,1,1,0,1,1,1,1,1,0,0,0,1,0,0,4.0,1.0,1,1.0,homorhythmic,high
269,4.0,1.0,1,9.25,3.5,4.0,4.0,2.25,0.3783783783783784,0.0,0.0,60.054054054054056,10.653031409788165,48.0,80.0,53.0,0.25,0.0,0.25,0.25,0.25,0.25,0.0,0.25,0.25,0.25,2.3125,0.984375,1.0,4.0,3.0,0.75,0.5625,0.0,2.0,1.0,2.3125,0.984375,1.0,4.0,3.0,0.75,0.5625,0.0,2.0,1.0,14.9375,10.453125,1.0,29.0,19.0,0.9375,0.1015625,0.6666666666666666,1.0,1.0,0.5,0.125,0.125,0.4545454545454545,0.4545454545454545,0.1515151515151515,0.0909090909090909,0.4848484848484848,1,1,0,1,1,0,1,1,0,0,0,1,0,0,3.0,1.0,1,0.125,homorhythmic,high
270,4.0,1.0,1,6.5,3.25,4.0,4.0,1.75,0.5,0.0,0.0,74.38461538461539,9.911242603550296,57.0,88.0,80.5,0.25,0.0,0.25,0.25,0.25,0.25,0.0,0.25,0.25,0.25,1.625,0.46875,1.0,2.0,2.0,0.625,0.46875,0.0,1.0,1.0,1.625,0.46875,1.0,2.0,2.0,0.625,0.46875,0.0,1.0,1.0,14.0,9.875,1.0,32.0,16.0,0.9375,0.1171875,0.0,1.0,1.0,0.0,0.0,0.0625,0.7083333333333334,0.0416666666666666,0.0416666666666666,0.0833333333333333,0.2083333333333333,0,0,1,0,0,0,0,0,1,0,0,0,0,1,2.0,1.0,1,0.0625,homorhythmic,low
271,4.0,1.0,1,8.75,3.5,4.0,4.0,1.75,0.4,0.0,0.0,61.05714285714286,10.579591836734693,50.0,81.0,53.0,0.25,0.0,0.25,0.25,0.25,0.25,0.0,0.25,0.25,0.25,2.1875,0.9140625,1.0,3.0,3.0,0.625,0.546875,0.0,2.0,1.0,2.1875,0.9140625,1.0,3.0,3.0,0.625,0.546875,0.0,2.0,1.0,13.1875,10.2890625,1.0,28.0,17.0,0.8958333333333333,0.1432291666666667,0.6666666666666666,1.0,1.0,0.5,0.125,0.0625,0.4545454545454545,0.4545454545454545,0.1212121212121212,0.0606060606060606,0.4545454545454545,1,0,0,0,1,0,1,1,0,0,0,1,0,0,3.0,1.0,1,0.0625,homorhythmic,high
272,4.0,1.0,1,7.0,3.25,4.0,4.0,1.75,0.4642857142857143,0.0,0.0,74.67857142857143,10.653061224489791,59.0,89.0,80.0,0.25,0.0,0.25,0.25,0.25,0.25,0.0,0.25,0.25,0.25,1.75,0.375,1.0,2.0,2.0,0.75,0.375,0.0,1.0,1.0,1.75,0.375,1.0,2.0,2.0,0.75,0.375,0.0,1.0,1.0,17.3125,9.0234375,1.0,31.0,19.0,0.6875,0.4296875,0.0,1.0,1.0,0.0,0.0,0.0625,0.6538461538461539,0.0384615384615384,0.0,0.0769230769230769,0.2692307692307692,1,0,1,0,0,0,0,0,1,0,1,1,0,1,2.0,1.0,1,0.0625,homorhythmic,low
273,4.0,1.0,1,6.75,3.5,4.0,4.0,2.0,0.5185185185185185,0.0,0.0,76.22222222222223,10.716049382716047,61.0,91.0,81.0,0.25,0.0,0.25,0.25,0.25,0.25,0.0,0.25,0.25,0.25,1.6875,0.4296875,1.0,2.0,2.0,0.6875,0.4296875,0.0,1.0,1.0,1.6875,0.4296875,1.0,2.0,2.0,0.6875,0.4296875,0.0,1.0,1.0,16.0625,9.9296875,1.0,31.0,17.5,0.8125,0.3046875,0.0,1.0,1.0,0.0,0.0,0.0625,0.6538461538461539,0.0384615384615384,0.0,0.0769230769230769,0.2692307692307692,1,0,1,0,0,0,0,0,1,0,0,0,0,0,2.0,1.0,1,0.0625,homorhythmic,low
274,4.0,1.0,1,7.75,3.5,4.0,4.0,2.0,0.4516129032258064,0.0,0.0,72.48387096774194,4.951092611862643,62.0,83.0,71.0,0.25,0.0,0.25,0.25,0.25,0.25,0.0,0.25,0.25,0.25,1.9375,0.1171875,1.0,2.0,2.0,0.6875,0.4296875,0.0,1.0,1.0,1.9375,0.1171875,1.0,2.0,2.0,0.6875,0.4296875,0.0,1.0,1.0,10.375,4.75,1.0,19.0,9.5,0.5625,0.4921875,0.0,1.0,1.0,0.125,0.1875,0.0,0.6333333333333333,0.2,0.1666666666666666,0.1333333333333333,0.2333333333333333,1,0,1,0,0,0,0,0,1,0,1,1,0,0,2.0,1.0,1,0.0,homorhythmic,low
275,4.0,1.0,1,8.0,3.5,4.0,4.0,2.0,0.4375,0.0,0.0,75.9375,5.0,65.0,86.0,75.0,0.25,0.0,0.25,0.25,0.25,0.25,0.0,0.25,0.25,0.25,2.0,0.0,2.0,2.0,2.0,0.75,0.375,0.0,1.0,1.0,2.0,0.0,2.0,2.0,2.0,0.75,0.375,0.0,1.0,1.0,11.0,4.25,5.0,18.0,9.5,0.75,0.375,0.0,1.0,1.0,0.125,0.375,0.0,0.6,0.2,0.3,0.1333333333333333,0.2333333333333333,1,0,0,0,0,0,0,0,0,0,1,1,0,0,2.0,1.0,1,0.0,homorhythmic,low
276,4.0,1.0,1,8.0,3.5,4.0,4.0,2.0,0.4375,0.0,0.0,79.4375,5.0,69.0,89.0,78.5,0.25,0.0,0.25,0.25,0.25,0.25,0.0,0.25,0.25,0.25,2.0,0.0,2.0,2.0,2.0,0.8125,0.3046875,0.0,1.0,1.0,2.0,0.0,2.0,2.0,2.0,0.8125,0.3046875,0.0,1.0,1.0,11.0,4.0,5.0,18.0,9.5,0.6875,0.4296875,0.0,1.0,1.0,0.0625,0.375,0.0,0.6333333333333333,0.1333333333333333,0.3,0.1333333333333333,0.2333333333333333,1,0,0,0,0,0,0,0,0,0,1,1,0,0,2.0,1.0,1,0.0,homorhythmic,low
277,4.0,1.0,1,6.0,2.0,6.0,6.0,1.0,0.3333333333333333,0.0,0.0,77.83333333333333,7.166666666666666,64.0,92.0,77.5,0.1666666666666666,0.0,0.1666666666666666,0.1666666666666666,0.1666666666666666,0.1666666666666666,0.0044444444444444,0.1599999999999999,0.1700000000000001,0.1699999999999999,1.0,0.0,1.0,1.0,1.0,0.0,0.0,0.0,0.0,0.0,1.0,0.0,1.0,1.0,1.0,0.0,0.0,0.0,0.0,0.0,1.0,0.0,1.0,1.0,1.0,1.0,0.0,1.0,1.0,1.0,0.0,0.0,0.0,0.0,0.4347826086956521,0.1739130434782608,0.0,0.0,0,0,1,0,0,0,0,0,1,0,0,1,0,1,1.0,1.0,0,0.0,monophonic,high
278,4.0,1.0,1,7.0,4.0,4.0,4.0,1.75,0.5714285714285714,0.0,0.0,76.78571428571429,6.301020408163266,65.0,93.0,77.0,0.25,0.0,0.25,0.25,0.25,0.25,0.0,0.25,0.25,0.25,1.75,1.125,1.0,4.0,1.0,0.4375,0.65625,0.0,2.0,0.0,1.75,1.125,1.0,4.0,1.0,0.4375,0.65625,0.0,2.0,0.0,6.875,8.8125,1.0,29.0,1.0,0.9791666666666666,0.0390625,0.6666666666666666,1.0,1.0,0.0625,0.25,0.25,0.5833333333333334,0.0416666666666666,0.375,0.3333333333333333,0.375,0,1,1,1,0,0,1,0,1,0,0,0,1,1,1.0,1.0,1,0.25,monophonic,high
279,4.0,1.0,1,7.0,6.0,4.0,4.0,2.0,0.8571428571428571,0.0,0.0,47.142857142857146,12.071428571428568,29.0,69.0,47.5,0.25,0.0,0.25,0.25,0.25,0.25,0.0,0.25,0.25,0.25,1.75,0.375,1.0,2.0,2.0,0.6875,0.4296875,0.0,1.0,1.0,1.75,0.375,1.0,2.0,2.0,0.6875,0.4296875,0.0,1.0,1.0,16.8125,11.4375,1.0,36.0,16.5,0.75,0.375,0.0,1.0,1.0,0.0625,0.0625,0.0,0.8148148148148148,0.0,0.037037037037037,0.074074074074074,0.1481481481481481,1,0,1,0,1,1,1,1,1,0,0,0,0,0,2.0,1.0,1,0.0,homorhythmic,high
280,4.0,1.0,1,7.0,4.0,4.0,4.0,2.25,0.5714285714285714,0.0,0.0,45.5,8.607142857142858,31.0,62.0,47.5,0.25,0.0,0.25,0.25,0.25,0.25,0.0,0.25,0.25,0.25,1.75,1.125,1.0,4.0,1.0,0.1875,0.3046875,0.0,1.0,0.0,1.75,1.125,1.0,4.0,1.0,0.1875,0.3046875,0.0,1.0,0.0,5.0,6.0,1.0,20.0,1.0,0.96875,0.0546875,0.6666666666666666,1.0,1.0,0.25,0.25,0.125,0.3333333333333333,0.4583333333333333,0.4166666666666667,0.1666666666666666,0.375,0,1,1,1,0,0,1,0,1,0,0,0,1,1,1.0,1.0,1,0.125,monophonic,high
281,4.0,1.0,1,4.0,3.25,4.0,4.0,2.25,0.8125,0.0,0.0,68.875,4.375,60.0,77.0,68.0,0.25,0.0,0.25,0.25,0.25,0.25,0.0,0.25,0.25,0.25,1.0,0.0,1.0,1.0,1.0,0.0,0.0,0.0,0.0,0.0,1.0,0.0,1.0,1.0,1.0,0.0,0.0,0.0,0.0,0.0,1.0,0.0,1.0,1.0,1.0,1.0,0.0,1.0,1.0,1.0,0.0,0.0,0.0,0.6,0.3333333333333333,0.0666666666666666,0.0,0.0,1,0,1,0,0,0,0,0,1,0,0,0,0,0,1.0,1.0,0,0.0,monophonic,high
282,4.0,1.0,1,6.75,3.0,4.0,4.0,1.75,0.4444444444444444,0.0,0.0,78.48148148148148,4.685871056241426,67.0,88.0,79.0,0.25,0.0,0.25,0.25,0.25,0.25,0.0,0.25,0.25,0.25,1.6875,0.4296875,1.0,2.0,2.0,0.6875,0.4296875,0.0,1.0,1.0,1.6875,0.4296875,1.0,2.0,2.0,0.6875,0.4296875,0.0,1.0,1.0,8.5,4.6875,1.0,17.0,9.0,1.0,0.0,1.0,1.0,1.0,0.375,0.0,0.125,0.5384615384615384,0.1923076923076923,0.3846153846153846,0.0,0.0,1,0,1,0,0,0,0,0,1,0,0,0,0,0,2.0,1.0,1,0.125,homorhythmic,low
283,4.0,1.0,1,8.0,2.5,4.0,4.0,1.25,0.3125,0.0,0.0,78.0,6.0,67.0,88.0,77.5,0.25,0.0,0.25,0.25,0.25,0.25,0.0,0.25,0.25,0.25,2.0,0.0,2.0,2.0,2.0,1.0,0.0,1.0,1.0,1.0,2.0,0.0,2.0,2.0,2.0,1.0,0.0,1.0,1.0,1.0,13.0,3.0,9.0,17.0,13.0,1.0,0.0,1.0,1.0,1.0,0.375,0.0,0.25,0.5333333333333333,0.1,0.4333333333333333,0.0,0.0,1,0,0,0,1,0,1,1,0,0,1,1,0,0,2.0,1.0,1,0.25,homorhythmic,high
284,4.0,1.0,1,18.25,3.25,3.25,3.25,1.75,0.1780821917808219,0.0,0.0,78.05241935483873,6.376658428720089,67.0,89.0,77.0,0.2831050228310502,0.3721773941327329,0.0833333333333333,3.0,0.0833333333333333,0.3076923076923077,0.4142011834319526,0.08,3.0,0.08,5.615384615384615,0.4733727810650888,5.0,6.0,6.0,2.4615384615384617,0.4970414201183432,2.0,3.0,2.0,5.17,0.2822,5.0,6.0,5.0,2.8525,0.2514875,2.0,3.0,3.0,23.0,0.0,23.0,23.0,23.0,0.6001666666666665,0.0059924999999998,0.5333333333333333,0.7333333333333333,0.6,1.0,1.0,1.0,0.2205882352941176,0.4558823529411764,0.5147058823529411,0.4264705882352941,0.8823529411764706,1,1,0,1,1,1,1,1,0,1,0,1,0,0,5.0,1.0,1,1.0,homorhythmic,high
285,4.0,1.0,1,12.5,2.5,2.25,2.25,1.75,0.2,0.0,0.0,66.16969696969697,6.403526170798901,55.0,77.0,65.0,0.4125,0.5175,0.125,3.0,0.125,0.4444444444444444,0.5679012345679012,0.1200000000000001,3.0,0.1299999999999999,5.555555555555555,0.4938271604938272,5.0,6.0,6.0,2.4444444444444446,0.4938271604938272,2.0,3.0,2.0,5.157500000000001,0.2653875000000004,5.0,6.0,5.0,2.8425,0.2653874999999998,2.0,3.0,3.0,23.0,0.0,23.0,23.0,23.0,0.6018333333333332,0.0078899999999999,0.5333333333333333,0.7333333333333333,0.6,1.0,1.0,1.0,0.2,0.4888888888888889,0.5111111111111111,0.4444444444444444,0.8888888888888888,1,1,0,1,1,1,1,1,0,1,0,1,0,0,5.0,1.0,1,1.0,homorhythmic,high
286,4.0,1.0,1,3.75,3.5,0.75,0.75,2.0,0.9333333333333332,0.0,0.0,51.15,8.720000000000002,32.0,64.0,54.0,1.3333333333333333,0.4444444444444444,1.0,2.0,1.0,1.3333333333333333,0.4444444444444444,1.0,2.0,1.0,5.0,0.0,5.0,5.0,5.0,2.3333333333333335,0.4444444444444445,2.0,3.0,2.0,5.0,0.0,5.0,5.0,5.0,2.25,0.375,2.0,3.0,2.0,29.25,0.875,28.0,31.0,29.0,0.925,0.1124999999999999,0.7,1.0,1.0,1.0,0.6666666666666666,1.0,0.8,0.4,0.6,0.0,0.0,1,1,0,1,1,1,1,1,0,1,0,0,0,0,5.0,1.0,1,1.0,homorhythmic,high
287,4.0,1.0,1,1.75,1.75,0.5,0.5,1.75,1.0,0.0,0.0,50.142857142857146,6.163265306122449,40.0,59.0,50.0,2.0,0.0,2.0,2.0,2.0,2.0,0.0,2.0,2.0,2.0,3.5,0.5,3.0,4.0,3.5,2.0,0.0,2.0,2.0,2.0,3.5,0.5,3.0,4.0,3.5,2.0,0.0,2.0,2.0,2.0,18.5,1.5,17.0,20.0,18.5,0.8333333333333333,0.1666666666666666,0.6666666666666666,1.0,0.8333333333333333,1.0,0.5,0.0,1.0,0.0,0.3333333333333333,0.0,0.0,1,1,0,1,1,1,1,1,0,1,0,1,0,0,3.5,1.0,1,0.0,homorhythmic,high
288,4.0,1.0,1,4.75,3.5,0.75,0.75,1.75,0.7368421052631579,0.0,0.0,61.26923076923077,6.67455621301775,50.0,74.0,60.0,1.368421052631579,0.4653739612188366,1.0,2.0,1.0,1.3333333333333333,0.4444444444444444,1.0,2.0,1.0,6.333333333333333,0.888888888888889,5.0,7.0,7.0,1.0,0.0,1.0,1.0,1.0,6.5,0.75,5.0,7.0,7.0,1.0,0.0,1.0,1.0,1.0,21.75,0.375,21.0,22.0,22.0,0.7619047619047619,0.1428571428571428,0.6190476190476191,1.0,0.7142857142857143,1.0,1.0,1.0,0.8333333333333334,0.4166666666666667,0.8333333333333334,0.3333333333333333,0.3333333333333333,1,1,0,1,1,1,1,1,0,1,0,1,0,0,7.0,0.9743589743589743,1,1.0,homorhythmic,high
289,4.0,1.0,1,6.0,3.0,1.0,1.0,1.5,0.5,0.0,0.0,65.33333333333333,6.166666666666667,55.0,79.0,65.5,1.0,0.5,0.5,2.0,0.75,1.0,0.5,0.5,2.0,0.75,6.0,0.0,6.0,6.0,6.0,0.5,0.5,0.0,1.0,0.5,6.0,0.0,6.0,6.0,6.0,0.25,0.375,0.0,1.0,0.0,22.0,1.0,20.0,25.0,22.0,0.9666666666666668,0.0583333333333333,0.7333333333333333,1.0,1.0,1.0,1.0,1.0,0.2777777777777778,0.7222222222222222,0.7222222222222222,0.6666666666666666,0.6666666666666666,1,1,0,1,1,1,1,0,0,1,0,1,0,0,6.0,1.0,1,1.0,homorhythmic,high
290,4.0,1.0,1,4.25,3.0,1.0,1.0,1.75,0.7058823529411765,0.0,0.0,77.0,5.176470588235294,68.0,88.0,76.0,1.0,0.0,1.0,1.0,1.0,1.0,0.0,1.0,1.0,1.0,4.25,1.25,2.0,6.0,4.5,0.5,0.5,0.0,1.0,0.5,4.25,1.25,2.0,6.0,4.5,0.5,0.5,0.0,1.0,0.5,14.25,4.625,5.0,19.0,16.5,0.9333333333333332,0.1,0.7333333333333333,1.0,1.0,1.0,0.25,0.75,0.6666666666666666,0.3333333333333333,0.5333333333333333,0.1333333333333333,0.1333333333333333,1,1,0,1,1,0,1,1,0,0,0,1,0,0,4.5,1.0,1,0.75,homorhythmic,high
291,4.0,1.0,1,2.5,2.5,0.5,0.5,1.75,1.0,0.0,0.0,72.7,5.44,64.0,83.0,71.5,2.0,0.0,2.0,2.0,2.0,2.0,0.0,2.0,2.0,2.0,5.0,1.0,4.0,6.0,5.0,1.0,0.0,1.0,1.0,1.0,5.0,1.0,4.0,6.0,5.0,1.0,0.0,1.0,1.0,1.0,18.5,1.5,17.0,20.0,18.5,0.9,0.0999999999999999,0.8,1.0,0.9,1.0,1.0,1.0,1.0,0.5,0.5,0.0,0.0,1,1,0,1,0,0,1,1,0,0,0,1,0,0,5.0,1.0,1,1.0,homorhythmic,high
292,4.0,1.0,1,6.0,3.0,1.0,1.0,1.75,0.5,0.0,0.0,68.66666666666667,8.25,55.0,83.0,68.5,1.0,0.0,1.0,1.0,1.0,1.0,0.0,1.0,1.0,1.0,6.0,0.0,6.0,6.0,6.0,2.0,0.5,1.0,3.0,2.0,6.0,0.0,6.0,6.0,6.0,2.0,0.5,1.0,3.0,2.0,26.5,1.5,25.0,29.0,26.0,0.8166666666666667,0.0916666666666666,0.7333333333333333,1.0,0.7666666666666666,1.0,1.0,1.0,0.3888888888888889,0.5555555555555556,0.7222222222222222,0.4444444444444444,0.6666666666666666,1,1,0,1,1,1,1,1,0,0,0,1,0,0,6.0,1.0,1,1.0,homorhythmic,high
293,4.0,1.0,1,3.0,2.5,0.5,0.5,1.25,0.8333333333333334,0.0,0.0,56.416666666666664,8.0,43.0,67.0,56.5,2.0,1.0,1.0,3.0,2.0,2.0,1.0,1.0,3.0,2.0,6.0,0.0,6.0,6.0,6.0,1.5,0.5,1.0,2.0,1.5,6.0,0.0,6.0,6.0,6.0,1.75,0.375,1.0,2.0,2.0,25.0,0.0,25.0,25.0,25.0,0.7999999999999999,0.1,0.7333333333333333,1.0,0.7333333333333333,1.0,1.0,1.0,0.6666666666666666,0.1666666666666666,1.0,0.0,0.3333333333333333,1,1,0,1,0,1,1,1,0,1,0,1,0,0,6.0,1.0,1,1.0,homorhythmic,high
294,4.0,1.0,1,3.0,1.75,0.5,0.5,1.25,0.5833333333333334,0.0,0.0,57.083333333333336,8.416666666666666,43.0,71.0,57.5,2.0,0.0,2.0,2.0,2.0,2.0,0.0,2.0,2.0,2.0,6.0,0.0,6.0,6.0,6.0,2.5,0.5,2.0,3.0,2.5,6.0,0.0,6.0,6.0,6.0,2.5,0.5,2.0,3.0,2.5,27.5,1.5,26.0,29.0,27.5,0.7,0.0333333333333333,0.6666666666666666,0.7333333333333333,0.7,1.0,1.0,1.0,0.0,0.8333333333333334,0.3333333333333333,0.6666666666666666,0.8333333333333334,1,1,0,1,0,1,1,1,0,1,0,1,0,0,6.0,1.0,1,1.0,homorhythmic,high
295,4.0,1.0,1,3.0,2.5,0.5,0.5,1.25,0.8333333333333334,0.0,0.0,44.416666666666664,8.0,31.0,55.0,44.5,2.0,1.0,1.0,3.0,2.0,2.0,1.0,1.0,3.0,2.0,6.0,0.0,6.0,6.0,6.0,1.5,0.5,1.0,2.0,1.5,6.0,0.0,6.0,6.0,6.0,1.75,0.375,1.0,2.0,2.0,25.0,0.0,25.0,25.0,25.0,0.7999999999999999,0.1,0.7333333333333333,1.0,0.7333333333333333,1.0,1.0,1.0,0.6666666666666666,0.1666666666666666,1.0,0.0,0.3333333333333333,1,1,0,1,0,1,1,1,0,1,0,1,0,0,6.0,1.0,1,1.0,homorhythmic,high
296,4.0,1.0,1,3.0,1.75,0.5,0.5,1.25,0.5833333333333334,0.0,0.0,45.166666666666664,8.5,31.0,59.0,45.5,2.0,0.0,2.0,2.0,2.0,2.0,0.0,2.0,2.0,2.0,6.0,0.0,6.0,6.0,6.0,2.5,0.5,2.0,3.0,2.5,6.0,0.0,6.0,6.0,6.0,2.5,0.5,2.0,3.0,2.5,28.0,1.0,27.0,29.0,28.0,0.7666666666666666,0.0333333333333333,0.7333333333333333,0.8,0.7666666666666666,1.0,1.0,1.0,0.1666666666666666,0.6666666666666666,0.5,0.6666666666666666,0.8333333333333334,1,1,0,1,0,1,1,1,0,1,0,1,0,0,6.0,1.0,1,1.0,homorhythmic,high
297,4.0,1.0,1,8.0,1.5,2.0,2.0,0.75,0.1875,0.0,0.0,55.78125,5.705078125,36.0,64.0,55.0,0.5,0.0,0.5,0.5,0.5,0.5,0.0,0.5,0.5,0.5,4.0,0.0,4.0,4.0,4.0,1.125,0.21875,1.0,2.0,1.0,4.0,0.0,4.0,4.0,4.0,1.125,0.21875,1.0,2.0,1.0,18.0,1.75,17.0,25.0,17.0,1.0,0.0,1.0,1.0,1.0,1.0,0.875,1.0,0.0,0.5357142857142857,0.6785714285714286,0.5357142857142857,0.9285714285714286,0,1,0,1,1,1,1,1,0,0,0,1,0,0,4.0,1.0,1,1.0,homorhythmic,high
298,4.0,1.0,1,8.0,1.75,2.0,2.0,1.5,0.21875,0.0,0.0,57.125,5.375,48.0,66.0,58.5,0.5,0.0,0.5,0.5,0.5,0.5,0.0,0.5,0.5,0.5,4.0,0.0,4.0,4.0,4.0,1.0,0.0,1.0,1.0,1.0,4.0,0.0,4.0,4.0,4.0,1.0,0.0,1.0,1.0,1.0,17.5,0.75,17.0,19.0,17.0,0.9166666666666666,0.125,0.6666666666666666,1.0,1.0,1.0,1.0,0.75,0.1071428571428571,0.4642857142857143,0.7142857142857143,0.3928571428571428,0.8928571428571429,1,1,0,1,1,1,1,1,0,0,0,1,0,0,4.0,1.0,1,0.75,homorhythmic,high
299,4.0,1.0,1,9.5,2.75,2.5,2.5,1.75,0.2894736842105263,0.0,0.0,54.233333333333334,6.915555555555555,46.0,76.0,50.0,0.3947368421052631,0.1218836565096952,0.25,0.5,0.5,0.4,0.12,0.25,0.5,0.5,3.8,0.3200000000000001,3.0,4.0,4.0,1.3,0.5599999999999999,0.0,2.0,1.0,3.75,0.375,3.0,4.0,4.0,1.25,0.5625,0.0,2.0,1.0,21.125,5.875,9.0,31.0,22.0,0.8125,0.1640625,0.6666666666666666,1.0,0.6666666666666666,1.0,1.0,0.2,0.4117647058823529,0.3235294117647059,0.5294117647058824,0.088235294117647,0.7352941176470589,1,1,0,1,1,0,1,1,0,0,1,1,0,0,4.0,1.0,1,0.2,homorhythmic,high
300,4.0,1.0,1,11.25,2.5,3.25,3.25,1.5,0.2222222222222222,0.0,0.0,55.17857142857143,14.410714285714286,32.0,89.0,48.0,0.3111111111111111,0.0923456790123456,0.25,0.5,0.25,0.3076923076923077,0.0887573964497041,0.25,0.5,0.25,3.4615384615384617,0.4970414201183432,3.0,4.0,3.0,1.3846153846153846,0.5680473372781065,0.0,2.0,1.0,3.5,0.5,3.0,4.0,3.5,1.25,0.5625,0.0,2.0,1.0,41.125,13.375,9.0,58.0,41.0,0.96875,0.0546875,0.6666666666666666,1.0,1.0,0.5384615384615384,0.5384615384615384,0.4615384615384615,0.2439024390243902,0.3414634146341463,0.2926829268292683,0.2682926829268293,0.6829268292682927,1,0,1,0,1,0,1,1,1,0,1,1,0,1,3.5,0.989010989010989,1,0.4615384615384615,homorhythmic,high
301,4.0,1.0,1,8.25,8.0,4.0,4.0,1.75,0.9696969696969696,0.0,0.0,59.75757575757576,16.29568411386593,31.0,89.0,57.0,0.25,0.0,0.25,0.25,0.25,0.25,0.0,0.25,0.25,0.25,2.0625,0.1171875,2.0,3.0,2.0,1.0625,0.1171875,1.0,2.0,1.0,2.0625,0.1171875,2.0,3.0,2.0,1.0625,0.1171875,1.0,2.0,1.0,33.5625,13.6875,8.0,59.0,33.5,0.7083333333333333,0.4010416666666668,0.0,1.0,1.0,0.0,0.0625,0.0625,1.0,0.0,0.0,0.0666666666666666,0.0,1,0,1,0,1,1,1,1,1,0,0,0,0,0,2.0,1.0,1,0.0625,homorhythmic,high
302,4.0,1.0,1,2.75,2.75,0.5,0.75,1.0,1.0,0.5,0.5,58.36363636363637,11.123966942148758,41.0,79.0,55.0,1.0,0.0,1.0,1.0,1.0,2.0,1.0,1.0,3.0,2.0,5.5,2.5,3.0,8.0,5.5,1.5,0.5,1.0,2.0,1.5,2.75,2.75,0.0,8.0,1.5,0.75,0.75,0.0,2.0,0.5,14.75,14.75,0.0,37.0,11.0,1.0,0.0,1.0,1.0,1.0,1.0,0.5,1.0,0.25,0.125,0.25,0.25,0.0,0,1,0,1,0,1,1,1,0,0,0,0,1,1,1.5,1.0,1,1.0,homorhythmic,high
303,4.0,1.0,1,4.0,3.5,0.5,1.0,1.25,0.875,0.5,0.25,61.25,10.0,43.0,79.0,62.0,1.0,0.0,1.0,1.0,1.0,2.0,0.0,2.0,2.0,2.0,8.0,0.0,8.0,8.0,8.0,0.5,0.5,0.0,1.0,0.5,4.0,4.0,0.0,8.0,4.0,0.25,0.375,0.0,1.0,0.0,16.5,16.5,0.0,37.0,14.5,1.0,0.0,1.0,1.0,1.0,1.0,1.0,1.0,0.0,0.0,0.0,0.0,0.0,0,1,0,1,0,0,1,0,0,0,0,0,1,1,4.0,1.0,1,1.0,homorhythmic,high
304,4.0,1.0,1,2.0,2.0,0.25,0.5,0.75,1.0,0.75,0.75,59.75,18.0,36.0,84.0,60.0,1.0,0.0,1.0,1.0,1.0,4.0,0.0,4.0,4.0,4.0,8.0,0.0,8.0,8.0,8.0,1.0,0.0,1.0,1.0,1.0,2.0,3.0,0.0,8.0,0.0,0.25,0.375,0.0,1.0,0.0,12.25,18.375,0.0,49.0,0.0,1.0,0.0,1.0,1.0,1.0,1.0,1.0,1.0,0.0,0.0,0.0,0.0,0.0,0,1,0,1,0,0,1,0,0,0,0,0,1,1,0.0,1.0,1,1.0,silence,high
