measure,m-length_beat,m-beat_duration,has_even_meter,n_notes,n_pitches,n_onsets,n_slices,n_pitchclasses,novelty,prop_silence,longest_silence,pitch_avg,pitch_std,pitch_min,pitch_max,pitch_med,duration_avg,duration_std,duration_min,duration_max,duration_med,regularity_avg,regularity_std,regularity_min,regularity_max,regularity_med,n_voices_per_onset_avg,n_voices_per_onset_std,n_voices_per_onset_min,n_voices_per_onset_max,n_voices_per_onset_med,n_gaps_per_onset_avg,n_gaps_per_onset_std,n_gaps_per_onset_min,n_gaps_per_onset_max,n_gaps_per_onset_med,n_voices_per_beat_avg,n_voices_per_beat_std,n_voices_per_beat_min,n_voices_per_beat_max,n_voices_per_beat_med,n_gaps_per_beat_avg,n_gaps_per_beat_std,n_gaps_per_beat_min,n_gaps_per_beat_max,n_gaps_per_beat_med,width_avg,width_std,width_min,width_max,width_med,harmonicity_avg,harmonicity_std,harmonicity_min,harmonicity_max,harmonicity_med,harmonic_intervals_3_6,harmonic_intervals_4_5,harmonic_intervals_8,melodic_intervals_2,melodic_intervals_3,melodic_intervals_4_5,melodic_intervals_8,repetitions,M,H,S,h,p,o,h+,p+,s,t,b,r,_,",",density,onset_sync_proxy,has_registral_gap,octave_presence,texture_type,confidence
1,1.0,1.5,0,6.0,6.0,6.0,6.0,6.0,1.0,0.0,0.0,78.66666666666667,2.6666666666666665,74.0,83.0,79.0,0.1666666666666666,0.0,0.1666666666666666,0.1666666666666666,0.1666666666666666,0.1666666666666666,2.7755575615628914e-17,0.1666666666666666,0.1666666666666667,0.1666666666666666,1.0,0.0,1.0,1.0,1.0,0.0,0.0,0.0,0.0,0.0,1.0,0.0,1.0,1.0,1.0,0.0,0.0,0.0,0.0,0.0,1.0,0.0,1.0,1.0,1.0,1.0,0.0,1.0,1.0,1.0,0.0,0.0,0.0,1.0,0.0,0.0,0.0,0.0,1,0,1,0,0,0,0,0,1,0,0,0,0,0,1.0,1.0,0,0.0,monophonic,high
2,2.0,1.5,1,10.5,4.0,3.5,3.5,3.0,0.3809523809523809,0.0,0.0,66.22222222222223,6.641975308641975,57.0,78.0,68.0,0.2857142857142857,0.0680272108843537,0.1666666666666666,0.3333333333333333,0.3333333333333333,0.2857142857142857,0.0680272108843537,0.1666666666666665,0.3333333333333335,0.3333333333333333,3.0,0.0,3.0,3.0,3.0,1.7142857142857142,0.4081632653061225,1.0,2.0,2.0,3.0,0.0,3.0,3.0,3.0,1.6666666666666667,0.4444444444444443,1.0,2.0,2.0,18.666666666666668,1.8888888888888893,17.0,22.0,17.5,0.75,0.25,0.3333333333333333,1.0,0.8333333333333333,0.5714285714285714,0.2857142857142857,0.2857142857142857,0.1666666666666666,0.2777777777777778,0.3888888888888889,0.1666666666666666,0.5555555555555556,1,0,0,0,1,1,1,1,0,0,0,1,0,0,3.0,1.0,1,0.2857142857142857,homorhythmic,high
3,2.0,1.5,1,7.0,5.0,4.5,4.5,3.5,0.7142857142857143,0.0,0.0,68.63636363636364,7.1900826446281,57.0,83.0,69.0,0.2619047619047619,0.0816326530612244,0.1666666666666666,0.3333333333333333,0.3333333333333333,0.2222222222222222,0.074074074074074,0.1666666666666665,0.3333333333333333,0.1666666666666667,1.5555555555555556,0.7407407407407408,1.0,3.0,1.0,0.4444444444444444,0.5925925925925926,0.0,2.0,0.0,1.8333333333333333,0.8333333333333334,1.0,3.0,1.5,0.6666666666666666,0.6666666666666666,0.0,2.0,0.5,8.333333333333334,7.333333333333333,1.0,17.0,7.0,1.0,0.0,1.0,1.0,1.0,0.2222222222222222,0.1111111111111111,0.2222222222222222,0.4545454545454545,0.1818181818181818,0.2727272727272727,0.1818181818181818,0.2727272727272727,1,0,1,0,0,1,1,1,1,0,0,0,1,1,1.5,0.8484848484848485,1,0.2222222222222222,homorhythmic,high
4,2.0,1.5,1,10.5,4.0,3.5,3.5,3.0,0.3809523809523809,0.0,0.0,65.30555555555556,6.194444444444445,57.0,74.0,66.0,0.2857142857142857,0.0680272108843537,0.1666666666666666,0.3333333333333333,0.3333333333333333,0.2857142857142857,0.0680272108843537,0.1666666666666665,0.3333333333333335,0.3333333333333333,3.0,0.0,3.0,3.0,3.0,1.2857142857142858,0.4081632653061225,1.0,2.0,1.0,3.0,0.0,3.0,3.0,3.0,1.3333333333333333,0.4444444444444444,1.0,2.0,1.0,16.916666666666668,0.6388888888888881,15.0,18.0,17.0,0.8055555555555555,0.2268518518518518,0.3333333333333333,1.0,1.0,0.5714285714285714,0.5714285714285714,0.4285714285714285,0.2222222222222222,0.2222222222222222,0.5,0.2777777777777778,0.5555555555555556,1,0,0,0,1,1,1,1,0,0,0,1,0,0,3.0,1.0,1,0.4285714285714285,homorhythmic,high
5,2.0,1.5,1,9.0,4.0,3.5,3.5,3.5,0.4444444444444444,0.0,0.0,62.96875,4.21484375,57.0,69.0,62.0,0.2962962962962963,0.0576131687242798,0.1666666666666666,0.3333333333333333,0.3333333333333333,0.2857142857142857,0.0680272108843537,0.1666666666666665,0.3333333333333335,0.3333333333333333,2.5714285714285716,0.4897959183673469,2.0,3.0,3.0,0.8571428571428571,0.2448979591836735,0.0,1.0,1.0,2.6666666666666665,0.4444444444444445,2.0,3.0,3.0,0.8333333333333334,0.2777777777777777,0.0,1.0,1.0,11.25,1.75,7.0,13.0,12.0,0.75,0.375,0.0,1.0,1.0,0.4285714285714285,0.4285714285714285,0.4285714285714285,0.2,0.5333333333333333,0.6,0.4,0.4666666666666667,1,0,0,0,1,0,1,0,0,0,0,1,0,0,3.0,0.9642857142857144,1,0.4285714285714285,homorhythmic,high
6,2.0,1.5,1,10.5,4.0,3.5,3.5,3.5,0.3809523809523809,0.0,0.0,62.30555555555556,4.262345679012346,57.0,69.0,61.5,0.2857142857142857,0.0680272108843537,0.1666666666666666,0.3333333333333333,0.3333333333333333,0.2857142857142857,0.0680272108843537,0.1666666666666665,0.3333333333333335,0.3333333333333333,3.0,0.0,3.0,3.0,3.0,0.8571428571428571,0.2448979591836735,0.0,1.0,1.0,3.0,0.0,3.0,3.0,3.0,0.8333333333333334,0.2777777777777777,0.0,1.0,1.0,12.416666666666666,0.8750000000000003,10.0,13.0,13.0,0.8333333333333334,0.2499999999999999,0.3333333333333333,1.0,1.0,0.4285714285714285,0.5714285714285714,0.7142857142857143,0.2222222222222222,0.4444444444444444,0.6111111111111112,0.5,0.5555555555555556,1,0,0,0,1,0,1,0,0,0,0,1,0,0,3.0,1.0,1,0.7142857142857143,homorhythmic,high
7,2.0,1.5,1,18.0,8.5,6.0,6.0,3.5,0.4722222222222222,0.0,0.0,65.5,8.777777777777779,56.0,88.0,61.5,0.1666666666666666,0.0,0.1666666666666666,0.1666666666666666,0.1666666666666666,0.1666666666666666,6.47630097698008e-17,0.1666666666666665,0.1666666666666667,0.1666666666666666,3.0,0.0,3.0,3.0,3.0,1.5,0.5,1.0,2.0,1.5,3.0,0.0,3.0,3.0,3.0,1.5,0.5,1.0,2.0,1.5,23.666666666666668,5.166666666666665,14.0,33.0,24.0,0.7222222222222222,0.2314814814814814,0.3333333333333333,1.0,0.6666666666666666,0.5833333333333334,0.3333333333333333,0.0,0.3939393939393939,0.1515151515151515,0.2727272727272727,0.0606060606060606,0.5151515151515151,1,0,0,0,1,0,1,1,0,0,0,1,0,0,3.0,1.0,1,0.0,homorhythmic,high
8,2.0,1.5,1,10.5,4.0,3.5,3.5,3.5,0.3809523809523809,0.0,0.0,66.30555555555556,9.407407407407408,57.0,81.0,61.5,0.2857142857142857,0.0680272108843537,0.1666666666666666,0.3333333333333333,0.3333333333333333,0.2857142857142857,0.0680272108843537,0.1666666666666665,0.3333333333333335,0.3333333333333333,3.0,0.0,3.0,3.0,3.0,1.1428571428571428,0.2448979591836734,1.0,2.0,1.0,3.0,0.0,3.0,3.0,3.0,1.1666666666666667,0.2777777777777778,1.0,2.0,1.0,24.416666666666668,0.8749999999999994,22.0,25.0,25.0,0.8333333333333334,0.2499999999999999,0.3333333333333333,1.0,1.0,0.2857142857142857,0.5714285714285714,0.0,0.2222222222222222,0.4444444444444444,0.3888888888888889,0.0,0.5555555555555556,1,0,0,0,1,0,1,1,0,0,0,1,0,0,3.0,1.0,1,0.0,homorhythmic,high
9,2.0,1.5,1,8.0,4.0,6.0,6.0,3.5,0.5,0.0,0.0,74.4375,7.7734375,57.0,83.0,80.0,0.1666666666666666,0.0,0.1666666666666666,0.1666666666666666,0.1666666666666666,0.1666666666666666,6.47630097698008e-17,0.1666666666666665,0.1666666666666667,0.1666666666666666,1.3333333333333333,0.5555555555555555,1.0,3.0,1.0,0.1666666666666666,0.2777777777777778,0.0,1.0,0.0,1.3333333333333333,0.5555555555555555,1.0,3.0,1.0,0.1666666666666666,0.2777777777777778,0.0,1.0,0.0,4.916666666666667,6.527777777777778,1.0,25.0,1.0,0.9722222222222222,0.0509259259259259,0.6666666666666666,1.0,1.0,0.1666666666666666,0.0,0.0,0.7692307692307693,0.2307692307692307,0.0,0.0,0.1538461538461538,0,0,1,0,0,0,0,0,1,0,0,0,1,0,1.0,1.0,1,0.0,monophonic,high
10,2.0,1.5,1,10.5,4.0,3.5,3.5,3.0,0.3809523809523809,0.0,0.0,66.22222222222223,6.641975308641975,57.0,78.0,68.0,0.2857142857142857,0.0680272108843537,0.1666666666666666,0.3333333333333333,0.3333333333333333,0.2857142857142857,0.0680272108843537,0.1666666666666665,0.3333333333333335,0.3333333333333333,3.0,0.0,3.0,3.0,3.0,1.7142857142857142,0.4081632653061225,1.0,2.0,2.0,3.0,0.0,3.0,3.0,3.0,1.6666666666666667,0.4444444444444443,1.0,2.0,2.0,18.666666666666668,1.8888888888888893,17.0,22.0,17.5,0.75,0.25,0.3333333333333333,1.0,0.8333333333333333,0.5714285714285714,0.2857142857142857,0.2857142857142857,0.1666666666666666,0.2777777777777778,0.3888888888888889,0.1666666666666666,0.5555555555555556,1,0,0,0,1,1,1,1,0,0,0,1,0,0,3.0,1.0,1,0.2857142857142857,homorhythmic,high
11,2.0,1.5,1,7.0,5.0,4.5,4.5,3.5,0.7142857142857143,0.0,0.0,68.63636363636364,7.1900826446281,57.0,83.0,69.0,0.2619047619047619,0.0816326530612244,0.1666666666666666,0.3333333333333333,0.3333333333333333,0.2222222222222222,0.074074074074074,0.1666666666666665,0.3333333333333333,0.1666666666666667,1.5555555555555556,0.7407407407407408,1.0,3.0,1.0,0.4444444444444444,0.5925925925925926,0.0,2.0,0.0,1.8333333333333333,0.8333333333333334,1.0,3.0,1.5,0.6666666666666666,0.6666666666666666,0.0,2.0,0.5,8.333333333333334,7.333333333333333,1.0,17.0,7.0,1.0,0.0,1.0,1.0,1.0,0.2222222222222222,0.1111111111111111,0.2222222222222222,0.4545454545454545,0.1818181818181818,0.2727272727272727,0.1818181818181818,0.2727272727272727,1,0,1,0,0,1,1,1,1,0,0,0,1,1,1.5,0.8484848484848485,1,0.2222222222222222,homorhythmic,high
12,2.0,1.5,1,10.5,4.5,3.5,3.5,3.0,0.4285714285714285,0.0,0.0,65.69444444444444,7.839506172839506,53.0,83.0,68.0,0.2857142857142857,0.0680272108843537,0.1666666666666666,0.3333333333333333,0.3333333333333333,0.2857142857142857,0.0680272108843537,0.1666666666666665,0.3333333333333335,0.3333333333333333,3.0,0.0,3.0,3.0,3.0,1.5714285714285714,0.489795918367347,1.0,2.0,2.0,3.0,0.0,3.0,3.0,3.0,1.5,0.5,1.0,2.0,1.5,21.583333333333332,4.777777777777778,17.0,31.0,19.0,0.9722222222222222,0.0509259259259259,0.6666666666666666,1.0,1.0,0.5714285714285714,0.2857142857142857,0.4285714285714285,0.0555555555555555,0.2777777777777778,0.3888888888888889,0.3333333333333333,0.5555555555555556,1,0,0,0,1,1,1,1,0,0,0,1,0,0,3.0,1.0,1,0.4285714285714285,homorhythmic,high
13,2.0,1.5,1,10.5,5.0,3.5,3.5,2.5,0.4761904761904761,0.0,0.0,64.02777777777777,9.475308641975309,49.0,81.0,64.0,0.2857142857142857,0.0680272108843537,0.1666666666666666,0.3333333333333333,0.3333333333333333,0.2857142857142857,0.0680272108843537,0.1666666666666665,0.3333333333333335,0.3333333333333333,3.0,0.0,3.0,3.0,3.0,1.8571428571428572,0.2448979591836734,1.0,2.0,2.0,3.0,0.0,3.0,3.0,3.0,1.8333333333333333,0.2777777777777778,1.0,2.0,2.0,27.083333333333332,2.0277777777777786,21.0,31.0,28.0,0.9722222222222222,0.0509259259259259,0.6666666666666666,1.0,1.0,0.1428571428571428,0.2857142857142857,0.4285714285714285,0.0555555555555555,0.1111111111111111,0.3888888888888889,0.3888888888888889,0.5,1,0,0,0,1,1,1,1,0,0,0,1,0,0,3.0,1.0,1,0.4285714285714285,homorhythmic,high
14,2.0,1.5,1,13.5,6.0,4.5,4.5,3.5,0.4444444444444444,0.0,0.0,63.111111111111114,12.814814814814817,46.0,91.0,59.5,0.2222222222222222,0.074074074074074,0.1666666666666666,0.3333333333333333,0.1666666666666666,0.2222222222222222,0.074074074074074,0.1666666666666665,0.3333333333333333,0.1666666666666667,3.0,0.0,3.0,3.0,3.0,2.0,0.0,2.0,2.0,2.0,3.0,0.0,3.0,3.0,3.0,2.0,0.0,2.0,2.0,2.0,35.333333333333336,6.722222222222221,29.0,46.0,31.0,0.9166666666666666,0.1388888888888889,0.3333333333333333,1.0,1.0,0.2222222222222222,0.1111111111111111,0.4444444444444444,0.0833333333333333,0.25,0.1666666666666666,0.25,0.5416666666666666,1,0,1,0,1,1,1,1,1,0,0,1,0,0,3.0,1.0,1,0.4444444444444444,homorhythmic,high
15,2.0,1.5,1,18.0,6.5,6.0,6.0,3.5,0.3611111111111111,0.0,0.0,64.16666666666667,12.555555555555554,47.0,88.0,60.5,0.1666666666666666,0.0,0.1666666666666666,0.1666666666666666,0.1666666666666666,0.1666666666666666,6.47630097698008e-17,0.1666666666666665,0.1666666666666667,0.1666666666666666,3.0,0.0,3.0,3.0,3.0,2.0,0.0,2.0,2.0,2.0,3.0,0.0,3.0,3.0,3.0,2.0,0.0,2.0,2.0,2.0,34.5,2.6666666666666665,29.0,40.0,34.5,0.75,0.25,0.3333333333333333,1.0,0.8333333333333333,0.0,0.3333333333333333,0.3333333333333333,0.3636363636363636,0.0606060606060606,0.2727272727272727,0.2727272727272727,0.4848484848484848,1,0,0,0,1,0,1,1,0,0,0,1,0,0,3.0,1.0,1,0.3333333333333333,homorhythmic,high
16,2.0,1.5,1,9.5,4.0,3.5,3.5,2.5,0.4210526315789473,0.0,0.0,65.84375,8.84375,53.0,83.0,64.5,0.2807017543859649,0.0720221606648199,0.1666666666666666,0.3333333333333333,0.3333333333333333,0.2857142857142857,0.0680272108843537,0.1666666666666665,0.3333333333333335,0.3333333333333333,2.7142857142857144,0.4897959183673468,1.0,3.0,3.0,1.2857142857142858,0.6122448979591837,0.0,2.0,1.0,2.6666666666666665,0.5555555555555557,1.0,3.0,3.0,1.1666666666666667,0.5555555555555555,0.0,2.0,1.0,20.25,7.5,1.0,31.0,23.0,0.9722222222222222,0.0509259259259259,0.6666666666666666,1.0,1.0,0.4285714285714285,0.1428571428571428,0.2857142857142857,0.0,0.1875,0.25,0.375,0.5625,1,0,0,0,1,0,1,1,0,0,0,1,0,0,3.0,1.0,1,0.2857142857142857,homorhythmic,high
17,2.0,1.5,1,10.5,5.0,3.5,3.5,2.5,0.4761904761904761,0.0,0.0,64.02777777777777,9.475308641975309,49.0,81.0,64.0,0.2857142857142857,0.0680272108843537,0.1666666666666666,0.3333333333333333,0.3333333333333333,0.2857142857142857,0.0680272108843537,0.1666666666666665,0.3333333333333335,0.3333333333333333,3.0,0.0,3.0,3.0,3.0,1.8571428571428572,0.2448979591836734,1.0,2.0,2.0,3.0,0.0,3.0,3.0,3.0,1.8333333333333333,0.2777777777777778,1.0,2.0,2.0,27.083333333333332,2.0277777777777786,21.0,31.0,28.0,0.9722222222222222,0.0509259259259259,0.6666666666666666,1.0,1.0,0.1428571428571428,0.2857142857142857,0.4285714285714285,0.0555555555555555,0.1111111111111111,0.3888888888888889,0.3888888888888889,0.5,1,0,0,0,1,1,1,1,0,0,0,1,0,0,3.0,1.0,1,0.4285714285714285,homorhythmic,high
18,2.0,1.5,1,13.5,6.0,4.5,4.5,3.5,0.4444444444444444,0.0,0.0,63.111111111111114,12.814814814814817,46.0,91.0,59.5,0.2222222222222222,0.074074074074074,0.1666666666666666,0.3333333333333333,0.1666666666666666,0.2222222222222222,0.074074074074074,0.1666666666666665,0.3333333333333333,0.1666666666666667,3.0,0.0,3.0,3.0,3.0,2.0,0.0,2.0,2.0,2.0,3.0,0.0,3.0,3.0,3.0,2.0,0.0,2.0,2.0,2.0,35.333333333333336,6.722222222222221,29.0,46.0,31.0,0.9166666666666666,0.1388888888888889,0.3333333333333333,1.0,1.0,0.2222222222222222,0.1111111111111111,0.4444444444444444,0.0833333333333333,0.25,0.1666666666666666,0.25,0.5416666666666666,1,0,1,0,1,1,1,1,1,0,0,1,0,0,3.0,1.0,1,0.4444444444444444,homorhythmic,high
19,2.0,1.5,1,18.0,6.5,6.0,6.0,3.5,0.3611111111111111,0.0,0.0,64.16666666666667,12.555555555555554,47.0,88.0,60.5,0.1666666666666666,0.0,0.1666666666666666,0.1666666666666666,0.1666666666666666,0.1666666666666666,6.47630097698008e-17,0.1666666666666665,0.1666666666666667,0.1666666666666666,3.0,0.0,3.0,3.0,3.0,2.0,0.0,2.0,2.0,2.0,3.0,0.0,3.0,3.0,3.0,2.0,0.0,2.0,2.0,2.0,34.5,2.6666666666666665,29.0,40.0,34.5,0.75,0.25,0.3333333333333333,1.0,0.8333333333333333,0.0,0.3333333333333333,0.3333333333333333,0.3636363636363636,0.0606060606060606,0.2727272727272727,0.2727272727272727,0.4848484848484848,1,0,0,0,1,0,1,1,0,0,0,1,0,0,3.0,1.0,1,0.3333333333333333,homorhythmic,high
20,2.0,1.5,1,8.0,7.0,6.0,6.0,3.5,0.875,0.0,0.0,68.625,6.625,57.0,81.0,68.5,0.1666666666666666,0.0,0.1666666666666666,0.1666666666666666,0.1666666666666666,0.1666666666666666,6.47630097698008e-17,0.1666666666666665,0.1666666666666667,0.1666666666666666,1.3333333333333333,0.5555555555555555,1.0,3.0,1.0,0.1666666666666666,0.2777777777777778,0.0,1.0,0.0,1.3333333333333333,0.5555555555555555,1.0,3.0,1.0,0.1666666666666666,0.2777777777777778,0.0,1.0,0.0,4.916666666666667,6.527777777777778,1.0,25.0,1.0,0.9722222222222222,0.0509259259259259,0.6666666666666666,1.0,1.0,0.1666666666666666,0.0,0.0,0.8461538461538461,0.1538461538461538,0.0,0.0,0.1538461538461538,1,0,1,0,0,0,0,0,1,0,0,0,1,0,1.0,1.0,1,0.0,monophonic,high
21,2.0,1.5,1,12.0,9.5,6.0,6.0,3.5,0.7916666666666666,0.0,0.0,57.333333333333336,6.86111111111111,42.0,73.0,57.0,0.1666666666666666,0.0,0.1666666666666666,0.1666666666666666,0.1666666666666666,0.1666666666666666,6.47630097698008e-17,0.1666666666666665,0.1666666666666667,0.1666666666666666,2.0,0.0,2.0,2.0,2.0,1.0,0.0,1.0,1.0,1.0,2.0,0.0,2.0,2.0,2.0,1.0,0.0,1.0,1.0,1.0,13.0,0.0,13.0,13.0,13.0,1.0,0.0,1.0,1.0,1.0,0.0,0.0,1.0,1.0,0.0,0.0,0.0,0.0,1,0,1,0,1,1,1,1,1,0,0,0,0,0,2.0,1.0,1,1.0,homorhythmic,high
22,2.0,1.5,1,21.0,8.5,6.0,6.0,3.0,0.4047619047619047,0.0,0.0,55.904761904761905,11.32426303854875,41.0,74.0,51.5,0.1666666666666666,0.0,0.1666666666666666,0.1666666666666666,0.1666666666666666,0.1666666666666666,6.47630097698008e-17,0.1666666666666665,0.1666666666666667,0.1666666666666666,3.5,0.5,3.0,4.0,3.5,0.9166666666666666,0.1527777777777778,0.0,1.0,1.0,3.5,0.5,3.0,4.0,3.5,0.9166666666666666,0.1527777777777779,0.0,1.0,1.0,23.0,6.0,13.0,33.0,23.0,1.0,0.0,1.0,1.0,1.0,0.5,1.0,0.4166666666666667,0.0526315789473684,0.4736842105263157,0.6842105263157895,0.2105263157894736,0.6578947368421053,1,0,0,0,1,0,1,0,0,0,0,1,0,0,3.5,1.0,1,0.4166666666666667,homorhythmic,high
23,2.0,1.5,1,21.0,8.5,6.0,6.0,3.0,0.4047619047619047,0.0,0.0,55.904761904761905,11.32426303854875,41.0,74.0,51.5,0.1666666666666666,0.0,0.1666666666666666,0.1666666666666666,0.1666666666666666,0.1666666666666666,6.47630097698008e-17,0.1666666666666665,0.1666666666666667,0.1666666666666666,3.5,0.5,3.0,4.0,3.5,0.9166666666666666,0.1527777777777778,0.0,1.0,1.0,3.5,0.5,3.0,4.0,3.5,0.9166666666666666,0.1527777777777779,0.0,1.0,1.0,23.0,6.0,13.0,33.0,23.0,1.0,0.0,1.0,1.0,1.0,0.5,1.0,0.4166666666666667,0.0526315789473684,0.4736842105263157,0.6842105263157895,0.2105263157894736,0.6578947368421053,1,0,0,0,1,0,1,0,0,0,0,1,0,0,3.5,1.0,1,0.4166666666666667,homorhythmic,high
24,2.0,1.5,1,24.0,8.5,6.0,6.0,3.0,0.3541666666666667,0.0,0.0,59.666666666666664,12.527777777777777,42.0,78.0,58.0,0.1666666666666666,0.0,0.1666666666666666,0.1666666666666666,0.1666666666666666,0.1666666666666666,6.47630097698008e-17,0.1666666666666665,0.1666666666666667,0.1666666666666666,4.0,0.0,4.0,4.0,4.0,0.9166666666666666,0.1527777777777778,0.0,1.0,1.0,4.0,0.0,4.0,4.0,4.0,0.9166666666666666,0.1527777777777779,0.0,1.0,1.0,24.0,6.0,13.0,35.0,24.0,0.8888888888888888,0.1481481481481481,0.6666666666666666,1.0,1.0,1.0,1.0,0.3333333333333333,0.0227272727272727,0.7727272727272727,0.5681818181818182,0.1590909090909091,0.7045454545454546,1,0,0,0,1,0,1,0,0,0,1,1,0,0,4.0,1.0,1,0.3333333333333333,homorhythmic,high
25,2.0,1.5,1,6.0,2.5,1.5,1.5,2.5,0.4166666666666667,0.0,0.0,75.70833333333333,4.708333333333333,68.0,83.0,75.5,0.6666666666666666,0.2222222222222222,0.3333333333333333,1.0,0.6666666666666666,0.6666666666666666,0.2222222222222223,0.3333333333333332,1.0,0.6666666666666667,4.0,0.0,4.0,4.0,4.0,1.3333333333333333,0.4444444444444444,1.0,2.0,1.0,4.0,0.0,4.0,4.0,4.0,1.1666666666666667,0.2777777777777778,1.0,2.0,1.0,16.0,0.0,16.0,16.0,16.0,0.6666666666666666,0.0,0.6666666666666666,0.6666666666666666,0.6666666666666666,1.0,0.6666666666666666,0.0,0.125,0.5,0.375,0.0,0.875,1,1,0,1,1,0,1,0,0,0,0,1,0,0,4.0,1.0,1,0.0,homorhythmic,high
26,2.0,1.5,1,9.5,4.5,3.0,3.0,3.5,0.4736842105263157,0.0,0.0,70.0,6.421052631578948,52.0,83.0,69.0,0.3333333333333333,0.1403508771929824,0.1666666666666666,0.5,0.3333333333333333,0.3333333333333333,0.1111111111111111,0.1666666666666666,0.5,0.3333333333333333,3.1666666666666665,1.1111111111111112,1.0,4.0,4.0,1.1666666666666667,1.2222222222222223,0.0,3.0,0.5,3.1666666666666665,1.1111111111111112,1.0,4.0,4.0,1.25,1.1666666666666667,0.0,3.0,1.0,14.666666666666666,8.055555555555555,1.0,27.0,15.0,0.7083333333333334,0.2430555555555555,0.3333333333333333,1.0,0.6666666666666666,0.6666666666666666,0.3333333333333333,0.1666666666666666,0.2,0.3333333333333333,0.4666666666666667,0.1333333333333333,0.6,1,1,0,1,1,0,1,1,0,0,0,1,0,1,4.0,1.0,1,0.1666666666666666,homorhythmic,high
27,2.0,1.5,1,6.0,6.0,6.0,6.0,3.5,1.0,0.0,0.0,59.833333333333336,5.166666666666667,50.0,69.0,60.0,0.1666666666666666,0.0,0.1666666666666666,0.1666666666666666,0.1666666666666666,0.1666666666666666,6.47630097698008e-17,0.1666666666666665,0.1666666666666667,0.1666666666666666,1.0,0.0,1.0,1.0,1.0,0.0,0.0,0.0,0.0,0.0,1.0,0.0,1.0,1.0,1.0,0.0,0.0,0.0,0.0,0.0,1.0,0.0,1.0,1.0,1.0,1.0,0.0,1.0,1.0,1.0,0.0,0.0,0.0,1.0,0.0,0.0,0.0,0.0,1,0,1,0,0,0,0,0,1,0,0,0,0,0,1.0,1.0,0,0.0,monophonic,high
28,2.0,1.5,1,12.0,9.5,6.0,6.0,3.5,0.7916666666666666,0.0,0.0,56.833333333333336,6.999999999999997,42.0,73.0,56.5,0.1666666666666666,0.0,0.1666666666666666,0.1666666666666666,0.1666666666666666,0.1666666666666666,6.47630097698008e-17,0.1666666666666665,0.1666666666666667,0.1666666666666666,2.0,0.0,2.0,2.0,2.0,1.0,0.0,1.0,1.0,1.0,2.0,0.0,2.0,2.0,2.0,1.0,0.0,1.0,1.0,1.0,14.0,1.8333333333333333,13.0,25.0,13.0,1.0,0.0,1.0,1.0,1.0,0.0,0.0,0.9166666666666666,0.9545454545454546,0.0,0.0,0.0,0.0,1,0,1,0,0,1,0,1,1,0,0,0,0,0,2.0,1.0,1,0.9166666666666666,homorhythmic,low
29,2.0,1.5,1,21.0,8.5,6.0,6.0,3.0,0.4047619047619047,0.0,0.0,55.904761904761905,11.32426303854875,41.0,74.0,51.5,0.1666666666666666,0.0,0.1666666666666666,0.1666666666666666,0.1666666666666666,0.1666666666666666,6.47630097698008e-17,0.1666666666666665,0.1666666666666667,0.1666666666666666,3.5,0.5,3.0,4.0,3.5,0.9166666666666666,0.1527777777777778,0.0,1.0,1.0,3.5,0.5,3.0,4.0,3.5,0.9166666666666666,0.1527777777777779,0.0,1.0,1.0,23.0,6.0,13.0,33.0,23.0,1.0,0.0,1.0,1.0,1.0,0.5,1.0,0.4166666666666667,0.0526315789473684,0.4736842105263157,0.6842105263157895,0.2105263157894736,0.6578947368421053,1,0,0,0,1,0,1,0,0,0,0,1,0,0,3.5,1.0,1,0.4166666666666667,homorhythmic,high
30,2.0,1.5,1,21.0,8.5,6.0,6.0,3.0,0.4047619047619047,0.0,0.0,55.904761904761905,11.32426303854875,41.0,74.0,51.5,0.1666666666666666,0.0,0.1666666666666666,0.1666666666666666,0.1666666666666666,0.1666666666666666,6.47630097698008e-17,0.1666666666666665,0.1666666666666667,0.1666666666666666,3.5,0.5,3.0,4.0,3.5,0.9166666666666666,0.1527777777777778,0.0,1.0,1.0,3.5,0.5,3.0,4.0,3.5,0.9166666666666666,0.1527777777777779,0.0,1.0,1.0,23.0,6.0,13.0,33.0,23.0,1.0,0.0,1.0,1.0,1.0,0.5,1.0,0.4166666666666667,0.0526315789473684,0.4736842105263157,0.6842105263157895,0.2105263157894736,0.6578947368421053,1,0,0,0,1,0,1,0,0,0,0,1,0,0,3.5,1.0,1,0.4166666666666667,homorhythmic,high
31,2.0,1.5,1,24.0,8.5,6.0,6.0,3.0,0.3541666666666667,0.0,0.0,59.666666666666664,12.527777777777777,42.0,78.0,58.0,0.1666666666666666,0.0,0.1666666666666666,0.1666666666666666,0.1666666666666666,0.1666666666666666,6.47630097698008e-17,0.1666666666666665,0.1666666666666667,0.1666666666666666,4.0,0.0,4.0,4.0,4.0,0.9166666666666666,0.1527777777777778,0.0,1.0,1.0,4.0,0.0,4.0,4.0,4.0,0.9166666666666666,0.1527777777777779,0.0,1.0,1.0,24.0,6.0,13.0,35.0,24.0,0.8888888888888888,0.1481481481481481,0.6666666666666666,1.0,1.0,1.0,1.0,0.3333333333333333,0.0227272727272727,0.7727272727272727,0.5681818181818182,0.1590909090909091,0.7045454545454546,1,0,0,0,1,0,1,0,0,0,1,1,0,0,4.0,1.0,1,0.3333333333333333,homorhythmic,high
32,2.0,1.5,1,6.0,2.5,1.5,1.5,2.0,0.4166666666666667,0.0,0.0,75.20833333333333,5.208333333333333,66.0,83.0,75.5,0.6666666666666666,0.2222222222222222,0.3333333333333333,1.0,0.6666666666666666,0.6666666666666666,0.2222222222222223,0.3333333333333332,1.0,0.6666666666666667,4.0,0.0,4.0,4.0,4.0,1.3333333333333333,0.4444444444444444,1.0,2.0,1.0,4.0,0.0,4.0,4.0,4.0,1.1666666666666667,0.2777777777777778,1.0,2.0,1.0,18.0,0.0,18.0,18.0,18.0,0.9444444444444444,0.0925925925925926,0.6666666666666666,1.0,1.0,1.0,0.6666666666666666,0.6666666666666666,0.125,0.5,0.375,0.375,0.875,1,1,0,1,1,1,1,1,0,0,0,1,0,0,4.0,1.0,1,0.6666666666666666,homorhythmic,high
33,2.0,1.5,1,8.0,4.0,2.0,2.0,3.5,0.5,0.0,0.0,76.25,4.958333333333333,69.0,85.0,76.0,0.5,0.1666666666666666,0.3333333333333333,0.6666666666666666,0.5,0.5,0.1666666666666666,0.3333333333333332,0.6666666666666667,0.5,4.0,0.0,4.0,4.0,4.0,1.25,0.375,1.0,2.0,1.0,4.0,0.0,4.0,4.0,4.0,1.1666666666666667,0.2777777777777778,1.0,2.0,1.0,16.833333333333332,0.2777777777777785,16.0,17.0,17.0,0.9444444444444444,0.0925925925925926,0.6666666666666666,1.0,1.0,1.0,0.5,0.75,0.4166666666666667,0.5833333333333334,0.3333333333333333,0.4166666666666667,0.5833333333333334,1,1,0,1,1,1,1,1,0,0,0,1,0,0,4.0,1.0,1,0.75,homorhythmic,high
34,2.0,1.5,1,10.0,5.0,3.0,3.0,3.5,0.5,0.0,0.0,74.05,6.24,59.0,85.0,75.0,0.3333333333333333,0.15,0.1666666666666666,0.5,0.3333333333333333,0.3333333333333333,0.1111111111111111,0.1666666666666666,0.5,0.3333333333333333,3.3333333333333335,1.5555555555555554,1.0,5.0,4.0,1.0,1.3333333333333333,0.0,3.0,0.0,3.3333333333333335,1.5555555555555556,1.0,5.0,4.0,1.0,1.3333333333333333,0.0,3.0,0.0,13.333333333333334,8.277777777777779,1.0,25.0,15.0,0.85,0.125,0.6,1.0,0.8333333333333334,0.6666666666666666,0.6666666666666666,0.3333333333333333,0.125,0.4375,0.4375,0.125,0.5625,1,1,0,1,1,0,1,1,0,0,0,1,0,1,4.0,1.0,1,0.3333333333333333,homorhythmic,high
36,2.0,1.5,1,14.0,6.0,2.5,2.5,3.5,0.4285714285714285,0.0,0.0,52.710144927536234,6.650283553875237,40.0,66.0,54.0,0.4107142857142857,0.1479591836734694,0.1666666666666666,0.6666666666666666,0.3333333333333333,0.4,0.1466666666666666,0.1666666666666667,0.6666666666666666,0.3333333333333333,5.6,0.4800000000000001,5.0,6.0,6.0,1.6,0.48,1.0,2.0,2.0,5.75,0.375,5.0,6.0,6.0,1.5833333333333333,0.4861111111111111,1.0,2.0,2.0,24.0,1.6666666666666667,20.0,27.0,24.5,0.8000000000000002,0.1333333333333334,0.6,1.0,0.8,1.0,1.0,1.0,0.3636363636363636,0.4090909090909091,0.8636363636363636,0.5454545454545454,0.6363636363636364,1,1,0,1,1,1,1,1,0,0,0,1,0,0,6.0,0.9739130434782608,1,1.0,homorhythmic,high
37,2.0,1.5,1,13.5,5.0,2.5,2.5,2.0,0.3703703703703703,0.0,0.0,52.42424242424242,8.038567493112946,37.0,68.0,52.0,0.4074074074074074,0.1152263374485596,0.3333333333333333,0.6666666666666666,0.3333333333333333,0.4,0.1066666666666667,0.3333333333333332,0.6666666666666667,0.3333333333333333,5.4,0.4800000000000001,5.0,6.0,5.0,2.0,0.8,1.0,3.0,2.0,5.5,0.5,5.0,6.0,5.5,2.1666666666666665,0.8333333333333334,1.0,3.0,2.5,27.0,5.0,20.0,32.0,28.5,1.0,0.0,1.0,1.0,1.0,1.0,1.0,1.0,0.0454545454545454,0.5,0.5454545454545454,0.7272727272727273,0.7727272727272727,1,1,0,1,1,1,1,1,0,0,0,1,0,0,5.5,0.9818181818181819,1,1.0,homorhythmic,high
38,2.0,1.5,1,3.0,3.0,0.5,0.5,1.5,1.0,0.0,0.0,53.0,9.666666666666666,37.0,68.0,52.5,2.0,0.0,2.0,2.0,2.0,2.0,0.0,2.0,2.0,2.0,6.0,0.0,6.0,6.0,6.0,3.0,0.0,3.0,3.0,3.0,6.0,0.0,6.0,6.0,6.0,3.0,0.0,3.0,3.0,3.0,32.0,0.0,32.0,32.0,32.0,1.0,0.0,1.0,1.0,1.0,1.0,1.0,1.0,0.0,0.0,0.0,0.0,0.0,1,1,0,1,0,1,1,1,0,1,0,1,0,0,6.0,1.0,1,1.0,homorhythmic,high
39,2.0,1.5,1,13.0,5.0,2.5,2.5,2.5,0.3846153846153846,0.0,0.0,53.46666666666667,5.8,40.0,68.0,54.0,0.3846153846153846,0.0867850098619329,0.3333333333333333,0.6666666666666666,0.3333333333333333,0.4,0.1066666666666667,0.3333333333333332,0.6666666666666667,0.3333333333333333,5.2,0.96,4.0,6.0,6.0,1.0,0.4,0.0,2.0,1.0,5.0,1.0,4.0,6.0,5.0,1.0,0.3333333333333333,0.0,2.0,1.0,19.0,6.0,13.0,29.0,17.0,0.75,0.25,0.5,1.0,0.75,1.0,0.6,1.0,0.2,0.65,0.65,0.75,0.8,1,1,0,1,1,1,1,1,0,0,0,1,0,0,5.0,1.0,1,1.0,homorhythmic,high
40,2.0,1.5,1,14.0,6.0,2.5,2.5,3.5,0.4285714285714285,0.0,0.0,52.710144927536234,6.650283553875237,40.0,66.0,54.0,0.4107142857142857,0.1479591836734694,0.1666666666666666,0.6666666666666666,0.3333333333333333,0.4,0.1466666666666666,0.1666666666666667,0.6666666666666666,0.3333333333333333,5.6,0.4800000000000001,5.0,6.0,6.0,1.6,0.48,1.0,2.0,2.0,5.75,0.375,5.0,6.0,6.0,1.5833333333333333,0.4861111111111111,1.0,2.0,2.0,24.0,1.6666666666666667,20.0,27.0,24.5,0.8000000000000002,0.1333333333333334,0.6,1.0,0.8,1.0,1.0,1.0,0.3636363636363636,0.4090909090909091,0.8636363636363636,0.5454545454545454,0.6363636363636364,1,1,0,1,1,1,1,1,0,0,0,1,0,0,6.0,0.9739130434782608,1,1.0,homorhythmic,high
41,2.0,1.5,1,14.0,5.5,2.5,2.5,2.5,0.3928571428571428,0.0,0.0,53.94117647058823,8.173010380622838,39.0,71.0,52.0,0.4047619047619047,0.1122448979591836,0.3333333333333333,0.6666666666666666,0.3333333333333333,0.4,0.1066666666666667,0.3333333333333332,0.6666666666666667,0.3333333333333333,5.6,0.4800000000000001,5.0,6.0,6.0,1.8,1.04,0.0,3.0,2.0,5.666666666666667,0.4444444444444443,5.0,6.0,6.0,2.0,1.0,0.0,3.0,2.5,27.5,5.5,20.0,33.0,29.0,1.0,0.0,1.0,1.0,1.0,1.0,1.0,1.0,0.0869565217391304,0.4782608695652174,0.6956521739130435,0.6956521739130435,0.6956521739130435,1,1,0,1,1,1,1,1,0,0,0,1,0,0,6.0,0.988235294117647,1,1.0,homorhythmic,high
42,2.0,1.5,1,8.5,3.5,2.5,2.5,3.0,0.4117647058823529,0.0,0.0,62.904761904761905,6.517006802721089,49.0,73.0,64.0,0.4117647058823529,0.1510957324106112,0.1666666666666666,0.6666666666666666,0.3333333333333333,0.4,0.1466666666666666,0.1666666666666667,0.6666666666666666,0.3333333333333333,3.4,0.48,3.0,4.0,3.0,1.4,0.48,1.0,2.0,1.0,3.5,0.5,3.0,4.0,3.5,1.4166666666666667,0.4861111111111111,1.0,2.0,1.0,20.166666666666668,3.5,15.0,25.0,20.0,0.6111111111111112,0.2777777777777778,0.3333333333333333,1.0,0.5833333333333334,0.6,0.4,0.0,0.3076923076923077,0.4615384615384615,0.2307692307692307,0.0,0.6153846153846154,1,1,0,1,1,0,1,1,0,0,0,1,0,0,3.5,0.9714285714285714,1,0.0,homorhythmic,high
43,2.0,1.5,1,10.5,5.0,3.5,3.5,3.5,0.4761904761904761,0.0,0.0,59.861111111111114,7.058641975308642,46.0,71.0,63.0,0.2857142857142857,0.0680272108843537,0.1666666666666666,0.3333333333333333,0.3333333333333333,0.2857142857142857,0.0680272108843537,0.1666666666666666,0.3333333333333335,0.3333333333333332,3.0,0.0,3.0,3.0,3.0,1.4285714285714286,0.489795918367347,1.0,2.0,1.0,3.0,0.0,3.0,3.0,3.0,1.5,0.5,1.0,2.0,1.5,19.416666666666668,2.4166666666666665,17.0,25.0,18.5,0.8888888888888888,0.1851851851851852,0.3333333333333333,1.0,1.0,0.8571428571428571,0.1428571428571428,0.1428571428571428,0.2222222222222222,0.4444444444444444,0.3333333333333333,0.1666666666666666,0.5555555555555556,1,0,0,0,1,1,1,1,0,0,0,1,0,0,3.0,1.0,1,0.1428571428571428,homorhythmic,high
44,2.0,1.5,1,7.5,4.5,2.5,2.5,2.5,0.6,0.0,0.0,56.94444444444444,7.62962962962963,42.0,71.0,59.0,0.4,0.1066666666666666,0.3333333333333333,0.6666666666666666,0.3333333333333333,0.4,0.1066666666666667,0.3333333333333332,0.6666666666666667,0.3333333333333333,3.0,0.0,3.0,3.0,3.0,1.8,0.3199999999999999,1.0,2.0,2.0,3.0,0.0,3.0,3.0,3.0,1.8333333333333333,0.2777777777777778,1.0,2.0,2.0,21.833333333333332,3.8333333333333335,17.0,28.0,21.0,0.611111111111111,0.2777777777777777,0.3333333333333333,1.0,0.5,0.4,0.2,0.0,0.25,0.5,0.0833333333333333,0.0833333333333333,0.3333333333333333,1,1,0,1,1,1,1,1,0,0,0,0,0,0,3.0,1.0,1,0.0,homorhythmic,high
45,2.0,1.5,1,9.5,5.5,3.5,3.5,3.5,0.5789473684210527,0.0,0.0,66.8125,6.5625,52.0,78.0,67.0,0.2807017543859649,0.0720221606648199,0.1666666666666666,0.3333333333333333,0.3333333333333333,0.2857142857142857,0.0680272108843537,0.1666666666666667,0.3333333333333333,0.3333333333333332,2.7142857142857144,0.4081632653061224,2.0,3.0,3.0,1.1428571428571428,0.4897959183673469,0.0,2.0,1.0,2.6666666666666665,0.4444444444444446,2.0,3.0,3.0,1.0,0.3333333333333333,0.0,2.0,1.0,17.333333333333332,5.0,6.0,25.0,17.5,0.6388888888888888,0.3148148148148148,0.0,1.0,0.6666666666666666,0.4285714285714285,0.5714285714285714,0.1428571428571428,0.1764705882352941,0.1764705882352941,0.5294117647058824,0.2352941176470588,0.3529411764705882,1,0,0,0,1,0,1,0,0,0,0,1,0,0,3.0,1.0,1,0.1428571428571428,homorhythmic,high
46,2.0,1.5,1,8.0,4.5,3.0,3.0,2.0,0.5625,0.0,0.0,67.25,7.625,49.0,80.0,66.0,0.3333333333333333,0.0,0.3333333333333333,0.3333333333333333,0.3333333333333333,0.3333333333333333,5.551115123125783e-17,0.3333333333333332,0.3333333333333335,0.3333333333333333,2.6666666666666665,0.4444444444444445,2.0,3.0,3.0,1.0,0.0,1.0,1.0,1.0,2.6666666666666665,0.4444444444444445,2.0,3.0,3.0,1.0,0.0,1.0,1.0,1.0,20.0,4.0,13.0,32.0,19.0,1.0,0.0,1.0,1.0,1.0,0.5,0.1666666666666666,0.5,0.0,0.2857142857142857,0.3571428571428571,0.5,0.3571428571428571,0,0,0,0,1,0,1,1,0,0,0,0,0,0,3.0,1.0,1,0.5,homorhythmic,high
47,2.0,1.5,1,8.0,4.0,3.0,3.0,3.0,0.5,0.0,0.0,68.5625,8.578125,48.0,80.0,67.0,0.3333333333333333,0.0,0.3333333333333333,0.3333333333333333,0.3333333333333333,0.3333333333333333,5.551115123125783e-17,0.3333333333333332,0.3333333333333335,0.3333333333333333,2.6666666666666665,0.4444444444444445,2.0,3.0,3.0,1.0,0.0,1.0,1.0,1.0,2.6666666666666665,0.4444444444444445,2.0,3.0,3.0,1.0,0.0,1.0,1.0,1.0,22.5,6.666666666666667,15.0,33.0,19.0,0.8333333333333334,0.2222222222222221,0.3333333333333333,1.0,1.0,0.5,0.0,0.3333333333333333,0.0714285714285714,0.2142857142857142,0.1428571428571428,0.2857142857142857,0.5,1,0,0,0,1,0,1,1,0,0,0,1,0,0,3.0,1.0,1,0.3333333333333333,homorhythmic,high
48,2.0,1.5,1,8.0,5.0,3.0,3.0,3.0,0.625,0.0,0.0,66.25,6.5,52.0,80.0,66.0,0.3333333333333333,0.0,0.3333333333333333,0.3333333333333333,0.3333333333333333,0.3333333333333333,5.551115123125783e-17,0.3333333333333332,0.3333333333333335,0.3333333333333333,2.6666666666666665,0.4444444444444445,2.0,3.0,3.0,1.0,0.0,1.0,1.0,1.0,2.6666666666666665,0.4444444444444445,2.0,3.0,3.0,1.0,0.0,1.0,1.0,1.0,16.666666666666668,5.0,9.0,29.0,15.5,0.8888888888888888,0.1851851851851852,0.3333333333333333,1.0,1.0,0.5,0.1666666666666666,0.5,0.0714285714285714,0.2857142857142857,0.2857142857142857,0.3571428571428571,0.3571428571428571,1,0,0,0,1,0,1,1,0,0,0,0,0,0,3.0,1.0,1,0.5,homorhythmic,high
49,2.0,1.5,1,9.5,6.0,3.5,3.5,3.5,0.631578947368421,0.0,0.0,66.5625,6.8125,52.0,78.0,66.0,0.2807017543859649,0.0720221606648199,0.1666666666666666,0.3333333333333333,0.3333333333333333,0.2857142857142857,0.0680272108843537,0.1666666666666667,0.3333333333333333,0.3333333333333332,2.7142857142857144,0.4081632653061224,2.0,3.0,3.0,1.0,0.0,1.0,1.0,1.0,2.6666666666666665,0.4444444444444446,2.0,3.0,3.0,1.0,0.0,1.0,1.0,1.0,17.5,4.166666666666667,9.0,25.0,17.5,0.7222222222222222,0.324074074074074,0.3333333333333333,1.0,1.0,0.5714285714285714,0.1428571428571428,0.2857142857142857,0.1764705882352941,0.3529411764705882,0.2352941176470588,0.2941176470588235,0.3529411764705882,1,0,0,0,1,0,1,1,0,0,0,0,0,0,3.0,1.0,1,0.2857142857142857,homorhythmic,high
50,2.0,1.5,1,7.5,5.5,3.0,3.0,3.5,0.7333333333333333,0.0,0.0,69.66666666666667,8.000000000000002,53.0,83.0,68.0,0.3333333333333333,0.0,0.3333333333333333,0.3333333333333333,0.3333333333333333,0.3333333333333333,5.551115123125783e-17,0.3333333333333332,0.3333333333333335,0.3333333333333333,2.5,0.5,2.0,3.0,2.5,1.1666666666666667,0.2777777777777778,1.0,2.0,1.0,2.5,0.5,2.0,3.0,2.5,1.1666666666666667,0.2777777777777778,1.0,2.0,1.0,20.0,4.333333333333333,13.0,30.0,19.0,0.6666666666666666,0.3333333333333334,0.0,1.0,0.8333333333333333,0.1666666666666666,0.1666666666666666,0.5,0.0769230769230769,0.2307692307692307,0.1538461538461538,0.2307692307692307,0.3076923076923077,1,0,0,0,1,1,1,1,0,0,0,0,0,0,2.5,1.0,1,0.5,homorhythmic,high
51,2.0,1.5,1,8.0,5.5,3.0,3.0,3.0,0.6875,0.0,0.0,67.9375,7.8125,51.0,81.0,67.0,0.3333333333333333,0.0,0.3333333333333333,0.3333333333333333,0.3333333333333333,0.3333333333333333,5.551115123125783e-17,0.3333333333333332,0.3333333333333335,0.3333333333333333,2.6666666666666665,0.4444444444444445,2.0,3.0,3.0,1.1666666666666667,0.2777777777777778,1.0,2.0,1.0,2.6666666666666665,0.4444444444444445,2.0,3.0,3.0,1.1666666666666667,0.2777777777777778,1.0,2.0,1.0,20.666666666666668,4.0,13.0,30.0,20.5,0.9444444444444444,0.0925925925925926,0.6666666666666666,1.0,1.0,0.3333333333333333,0.3333333333333333,0.5,0.0714285714285714,0.2142857142857142,0.3571428571428571,0.3571428571428571,0.2857142857142857,1,0,0,0,1,1,1,1,0,0,0,0,0,0,3.0,1.0,1,0.5,homorhythmic,high
52,2.0,1.5,1,8.0,5.0,3.0,3.0,2.5,0.625,0.0,0.0,67.5625,8.4375,42.0,83.0,67.5,0.3333333333333333,0.0,0.3333333333333333,0.3333333333333333,0.3333333333333333,0.3333333333333333,5.551115123125783e-17,0.3333333333333332,0.3333333333333335,0.3333333333333333,2.6666666666666665,0.4444444444444445,2.0,3.0,3.0,1.1666666666666667,0.2777777777777778,1.0,2.0,1.0,2.6666666666666665,0.4444444444444445,2.0,3.0,3.0,1.1666666666666667,0.2777777777777778,1.0,2.0,1.0,22.5,8.666666666666666,13.0,42.0,19.0,1.0,0.0,1.0,1.0,1.0,0.5,0.3333333333333333,0.3333333333333333,0.0714285714285714,0.3571428571428571,0.1428571428571428,0.2857142857142857,0.2142857142857142,0,0,0,0,1,1,1,1,0,0,0,0,0,0,3.0,1.0,1,0.3333333333333333,homorhythmic,high
53,2.0,1.5,1,5.0,5.0,2.5,2.5,2.5,1.0,0.0,0.0,45.0,6.0,35.0,54.0,44.5,0.4,0.1466666666666666,0.1666666666666666,0.6666666666666666,0.3333333333333333,0.4,0.1466666666666666,0.1666666666666667,0.6666666666666666,0.3333333333333333,2.0,0.0,2.0,2.0,2.0,1.0,0.0,1.0,1.0,1.0,2.0,0.0,2.0,2.0,2.0,1.0,0.0,1.0,1.0,1.0,13.0,0.0,13.0,13.0,13.0,1.0,0.0,1.0,1.0,1.0,0.0,0.0,1.0,0.75,0.25,0.0,0.0,0.0,1,0,1,0,0,1,1,1,1,0,0,0,0,0,2.0,1.0,1,1.0,homorhythmic,high
54,2.0,1.5,1,18.0,7.0,6.0,6.0,4.0,0.3888888888888889,0.0,0.0,58.02777777777778,14.481481481481485,35.0,85.0,54.0,0.1666666666666666,0.0,0.1666666666666666,0.1666666666666666,0.1666666666666666,0.1666666666666666,6.47630097698008e-17,0.1666666666666665,0.1666666666666667,0.1666666666666666,3.0,0.0,3.0,3.0,3.0,2.0,0.0,2.0,2.0,2.0,3.0,0.0,3.0,3.0,3.0,2.0,0.0,2.0,2.0,2.0,39.583333333333336,3.819444444444444,32.0,46.0,41.0,0.8888888888888888,0.1851851851851852,0.3333333333333333,1.0,1.0,0.0,0.0,1.0,0.303030303030303,0.0909090909090909,0.0606060606060606,0.5454545454545454,0.5454545454545454,1,0,0,0,1,1,1,1,0,0,0,1,0,0,3.0,1.0,1,1.0,homorhythmic,high
55,2.0,1.5,1,18.0,7.0,6.0,6.0,4.0,0.3888888888888889,0.0,0.0,54.52777777777778,14.481481481481485,32.0,81.0,50.5,0.1666666666666666,0.0,0.1666666666666666,0.1666666666666666,0.1666666666666666,0.1666666666666666,6.47630097698008e-17,0.1666666666666665,0.1666666666666667,0.1666666666666666,3.0,0.0,3.0,3.0,3.0,2.0,0.0,2.0,2.0,2.0,3.0,0.0,3.0,3.0,3.0,2.0,0.0,2.0,2.0,2.0,39.583333333333336,3.4861111111111107,32.0,45.0,40.5,0.8888888888888888,0.1851851851851852,0.3333333333333333,1.0,1.0,0.0,0.0,1.0,0.3333333333333333,0.0606060606060606,0.0606060606060606,0.5454545454545454,0.5454545454545454,1,0,0,0,1,1,1,1,0,0,0,1,0,0,3.0,1.0,1,1.0,homorhythmic,high
56,2.0,1.5,1,18.0,7.0,6.0,6.0,4.0,0.3888888888888889,0.0,0.0,59.02777777777778,9.80555555555556,40.0,78.0,59.0,0.1666666666666666,0.0,0.1666666666666666,0.1666666666666666,0.1666666666666666,0.1666666666666666,6.47630097698008e-17,0.1666666666666665,0.1666666666666667,0.1666666666666666,3.0,0.0,3.0,3.0,3.0,2.0,0.0,2.0,2.0,2.0,3.0,0.0,3.0,3.0,3.0,2.0,0.0,2.0,2.0,2.0,27.583333333333332,3.819444444444445,20.0,34.0,29.0,0.8888888888888888,0.1851851851851852,0.3333333333333333,1.0,1.0,0.0833333333333333,0.0833333333333333,1.0,0.303030303030303,0.0909090909090909,0.0909090909090909,0.5757575757575758,0.5454545454545454,1,0,0,0,1,1,1,1,0,0,0,1,0,0,3.0,1.0,1,1.0,homorhythmic,high
57,2.0,1.5,1,19.5,9.0,6.0,6.0,3.5,0.4615384615384615,0.0,0.0,58.94871794871795,11.639710716633791,35.0,83.0,57.0,0.1666666666666666,0.0,0.1666666666666666,0.1666666666666666,0.1666666666666666,0.1666666666666666,6.47630097698008e-17,0.1666666666666665,0.1666666666666667,0.1666666666666666,3.25,0.4166666666666667,3.0,5.0,3.0,2.0,0.0,2.0,2.0,2.0,3.25,0.4166666666666667,3.0,5.0,3.0,2.0,0.0,2.0,2.0,2.0,30.833333333333332,6.305555555555556,22.0,49.0,29.5,1.0,0.0,1.0,1.0,1.0,0.3333333333333333,0.0833333333333333,1.0,0.0277777777777777,0.25,0.1944444444444444,0.6388888888888888,0.4722222222222222,1,1,0,1,1,1,1,1,0,0,0,0,0,0,3.0,1.0,1,1.0,homorhythmic,high
58,2.0,1.5,1,18.0,7.0,6.0,6.0,3.0,0.3888888888888889,0.0,0.0,53.583333333333336,12.157407407407412,36.0,80.0,50.0,0.1666666666666666,0.0,0.1666666666666666,0.1666666666666666,0.1666666666666666,0.1666666666666666,6.47630097698008e-17,0.1666666666666665,0.1666666666666667,0.1666666666666666,3.0,0.0,3.0,3.0,3.0,2.0,0.0,2.0,2.0,2.0,3.0,0.0,3.0,3.0,3.0,2.0,0.0,2.0,2.0,2.0,33.75,5.541666666666667,25.0,45.0,32.0,0.8888888888888888,0.1851851851851852,0.3333333333333333,1.0,1.0,0.0,0.0,1.0,0.0606060606060606,0.2121212121212121,0.0606060606060606,0.5757575757575758,0.5454545454545454,1,0,0,0,1,1,1,1,0,0,0,1,0,0,3.0,1.0,1,1.0,homorhythmic,high
59,2.0,1.5,1,18.0,7.0,6.0,6.0,2.5,0.3888888888888889,0.0,0.0,49.888888888888886,12.08641975308642,32.0,76.0,46.5,0.1666666666666666,0.0,0.1666666666666666,0.1666666666666666,0.1666666666666666,0.1666666666666666,6.47630097698008e-17,0.1666666666666665,0.1666666666666667,0.1666666666666666,3.0,0.0,3.0,3.0,3.0,2.0,0.0,2.0,2.0,2.0,3.0,0.0,3.0,3.0,3.0,2.0,0.0,2.0,2.0,2.0,33.666666666666664,5.611111111111111,25.0,45.0,32.0,0.8888888888888888,0.1851851851851852,0.3333333333333333,1.0,1.0,0.0,0.0,1.0,0.0606060606060606,0.1515151515151515,0.1212121212121212,0.5757575757575758,0.5454545454545454,1,0,0,0,1,1,1,1,0,0,0,1,0,0,3.0,1.0,1,1.0,homorhythmic,high
60,2.0,1.5,1,18.0,8.5,6.0,6.0,3.0,0.4722222222222222,0.0,0.0,49.666666666666664,15.999999999999996,29.0,85.0,43.0,0.1666666666666666,0.0,0.1666666666666666,0.1666666666666666,0.1666666666666666,0.1666666666666666,6.47630097698008e-17,0.1666666666666665,0.1666666666666667,0.1666666666666666,3.0,0.0,3.0,3.0,3.0,2.0,0.0,2.0,2.0,2.0,3.0,0.0,3.0,3.0,3.0,2.0,0.0,2.0,2.0,2.0,43.0,7.333333333333333,25.0,57.0,43.5,0.8888888888888888,0.1851851851851852,0.3333333333333333,1.0,1.0,0.0,0.0,1.0,0.0606060606060606,0.303030303030303,0.0909090909090909,0.5454545454545454,0.5454545454545454,1,0,1,0,1,1,1,1,1,0,0,0,0,0,3.0,1.0,1,1.0,homorhythmic,high
61,2.0,1.5,1,19.5,9.0,6.0,6.0,3.5,0.4615384615384615,0.0,0.0,58.94871794871795,11.639710716633791,35.0,83.0,57.0,0.1666666666666666,0.0,0.1666666666666666,0.1666666666666666,0.1666666666666666,0.1666666666666666,6.47630097698008e-17,0.1666666666666665,0.1666666666666667,0.1666666666666666,3.25,0.4166666666666667,3.0,5.0,3.0,2.0,0.0,2.0,2.0,2.0,3.25,0.4166666666666667,3.0,5.0,3.0,2.0,0.0,2.0,2.0,2.0,30.833333333333332,6.305555555555556,22.0,49.0,29.5,1.0,0.0,1.0,1.0,1.0,0.3333333333333333,0.0833333333333333,1.0,0.0277777777777777,0.25,0.1944444444444444,0.6388888888888888,0.4722222222222222,1,1,0,1,1,1,1,1,0,0,0,0,0,0,3.0,1.0,1,1.0,homorhythmic,high
62,2.0,1.5,1,16.0,6.5,6.0,6.0,3.5,0.40625,0.0,0.0,59.8125,5.27734375,52.0,75.0,59.0,0.1666666666666666,0.0,0.1666666666666666,0.1666666666666666,0.1666666666666666,0.1666666666666666,6.47630097698008e-17,0.1666666666666665,0.1666666666666667,0.1666666666666666,2.6666666666666665,1.5555555555555554,1.0,5.0,2.0,0.3333333333333333,0.4444444444444445,0.0,1.0,0.0,2.6666666666666665,1.5555555555555554,1.0,5.0,2.0,0.3333333333333333,0.4444444444444445,0.0,1.0,0.0,8.583333333333334,6.180555555555556,1.0,20.0,7.0,0.8583333333333334,0.1888888888888888,0.5,1.0,1.0,0.5,0.5,0.1666666666666666,0.6,0.2333333333333333,0.5666666666666667,0.1333333333333333,0.5,1,1,0,1,1,0,1,0,0,0,1,1,1,1,2.0,1.0,1,0.1666666666666666,homorhythmic,high
63,2.0,1.5,1,22.0,8.0,6.0,6.0,3.5,0.3636363636363636,0.0,0.0,62.63636363636363,7.421487603305787,52.0,83.0,59.0,0.1666666666666666,0.0,0.1666666666666666,0.1666666666666666,0.1666666666666666,0.1666666666666666,6.47630097698008e-17,0.1666666666666665,0.1666666666666667,0.1666666666666666,3.6666666666666665,1.777777777777778,1.0,5.0,5.0,0.8333333333333334,0.5555555555555555,0.0,2.0,1.0,3.6666666666666665,1.7777777777777777,1.0,5.0,5.0,0.8333333333333334,0.5555555555555555,0.0,2.0,1.0,17.0,10.666666666666666,1.0,32.0,21.0,0.875,0.1458333333333333,0.6,1.0,1.0,0.6666666666666666,0.6666666666666666,0.5,0.4102564102564102,0.2564102564102564,0.6153846153846154,0.2307692307692307,0.6153846153846154,1,1,0,1,1,0,1,1,0,0,1,1,0,0,5.0,1.0,1,0.5,homorhythmic,high
64,2.0,1.5,1,17.0,6.5,6.0,6.0,3.5,0.3823529411764705,0.0,0.0,62.1764705882353,7.678200692041522,52.0,87.0,59.0,0.1666666666666666,0.0,0.1666666666666666,0.1666666666666666,0.1666666666666666,0.1666666666666666,6.47630097698008e-17,0.1666666666666665,0.1666666666666667,0.1666666666666666,2.8333333333333335,1.5,1.0,5.0,2.5,0.6666666666666666,0.4444444444444445,0.0,1.0,1.0,2.8333333333333335,1.5,1.0,5.0,2.5,0.6666666666666666,0.4444444444444443,0.0,1.0,1.0,13.833333333333334,10.444444444444445,1.0,32.0,11.5,0.8583333333333334,0.1888888888888888,0.5,1.0,1.0,0.5,0.5,0.1666666666666666,0.5483870967741935,0.2258064516129032,0.4838709677419355,0.1290322580645161,0.5161290322580645,1,1,1,1,1,0,1,0,1,0,1,1,1,1,2.5,1.0,1,0.1666666666666666,homorhythmic,high
65,2.0,1.5,1,22.0,8.0,6.0,6.0,3.5,0.3636363636363636,0.0,0.0,62.63636363636363,7.421487603305787,52.0,83.0,59.0,0.1666666666666666,0.0,0.1666666666666666,0.1666666666666666,0.1666666666666666,0.1666666666666666,6.47630097698008e-17,0.1666666666666665,0.1666666666666667,0.1666666666666666,3.6666666666666665,1.777777777777778,1.0,5.0,5.0,0.8333333333333334,0.5555555555555555,0.0,2.0,1.0,3.6666666666666665,1.7777777777777777,1.0,5.0,5.0,0.8333333333333334,0.5555555555555555,0.0,2.0,1.0,17.0,10.666666666666666,1.0,32.0,21.0,0.875,0.1458333333333333,0.6,1.0,1.0,0.6666666666666666,0.6666666666666666,0.5,0.4102564102564102,0.2564102564102564,0.6153846153846154,0.2307692307692307,0.6153846153846154,1,1,0,1,1,0,1,1,0,0,1,1,0,0,5.0,1.0,1,0.5,homorhythmic,high
66,2.0,1.5,1,12.0,9.5,6.0,6.0,3.5,0.7916666666666666,0.0,0.0,56.583333333333336,7.201388888888889,40.0,71.0,57.0,0.1666666666666666,0.0,0.1666666666666666,0.1666666666666666,0.1666666666666666,0.1666666666666666,6.47630097698008e-17,0.1666666666666665,0.1666666666666667,0.1666666666666666,2.0,0.0,2.0,2.0,2.0,1.0,0.0,1.0,1.0,1.0,2.0,0.0,2.0,2.0,2.0,1.0,0.0,1.0,1.0,1.0,14.833333333333334,3.055555555555556,13.0,25.0,13.0,0.9166666666666666,0.1527777777777779,0.0,1.0,1.0,0.0,0.0,0.8333333333333334,0.9090909090909092,0.0,0.0,0.0,0.0454545454545454,1,0,1,0,0,1,0,1,1,0,0,0,0,0,2.0,1.0,1,0.8333333333333334,homorhythmic,low
67,2.0,1.5,1,12.0,9.5,6.0,6.0,3.5,0.7916666666666666,0.0,0.0,76.33333333333333,6.861111111111112,61.0,92.0,76.0,0.1666666666666666,0.0,0.1666666666666666,0.1666666666666666,0.1666666666666666,0.1666666666666666,6.47630097698008e-17,0.1666666666666665,0.1666666666666667,0.1666666666666666,2.0,0.0,2.0,2.0,2.0,1.0,0.0,1.0,1.0,1.0,2.0,0.0,2.0,2.0,2.0,1.0,0.0,1.0,1.0,1.0,13.0,0.0,13.0,13.0,13.0,1.0,0.0,1.0,1.0,1.0,0.0,0.0,1.0,1.0,0.0,0.0,0.0,0.0,1,0,1,0,1,1,0,1,1,0,0,0,0,0,2.0,1.0,1,1.0,homorhythmic,low
68,2.0,1.5,1,7.5,5.5,1.0,1.0,2.5,0.7333333333333333,0.0,0.0,80.26666666666667,8.346666666666668,60.0,93.0,81.0,1.0,0.0,1.0,1.0,1.0,1.0,0.0,1.0,1.0,1.0,7.5,0.5,7.0,8.0,7.5,1.5,1.5,0.0,3.0,1.5,7.5,0.5,7.0,8.0,7.5,1.5,1.5,0.0,3.0,1.5,28.5,5.5,23.0,34.0,28.5,0.7380952380952381,0.0238095238095237,0.7142857142857143,0.7619047619047619,0.7380952380952381,1.0,0.5,1.0,0.2857142857142857,0.5714285714285714,0.2857142857142857,0.8571428571428571,0.5714285714285714,1,1,0,1,1,1,1,1,0,0,0,1,0,0,7.5,1.0,1,1.0,homorhythmic,high
69,2.0,1.5,1,7.0,4.5,1.0,1.0,2.5,0.6428571428571429,0.0,0.0,77.85714285714286,10.591836734693878,61.0,93.0,81.0,1.0,0.0,1.0,1.0,1.0,1.0,0.0,1.0,1.0,1.0,7.0,0.0,7.0,7.0,7.0,1.5,0.5,1.0,2.0,1.5,7.0,0.0,7.0,7.0,7.0,1.5,0.5,1.0,2.0,1.5,32.5,0.5,32.0,33.0,32.5,0.9285714285714284,0.0714285714285714,0.8571428571428571,1.0,0.9285714285714286,1.0,1.0,1.0,0.2857142857142857,1.0,0.4285714285714285,0.4285714285714285,0.7142857142857143,1,1,0,1,1,1,1,1,0,0,0,1,0,0,7.0,1.0,1,1.0,homorhythmic,high
70,2.0,1.5,1,8.0,5.5,3.0,3.0,3.5,0.6875,0.0,0.0,69.75,7.59375,53.0,83.0,68.5,0.3333333333333333,0.0,0.3333333333333333,0.3333333333333333,0.3333333333333333,0.3333333333333333,5.551115123125783e-17,0.3333333333333332,0.3333333333333335,0.3333333333333333,2.6666666666666665,0.4444444444444445,2.0,3.0,3.0,1.1666666666666667,0.2777777777777778,1.0,2.0,1.0,2.6666666666666665,0.4444444444444445,2.0,3.0,3.0,1.1666666666666667,0.2777777777777778,1.0,2.0,1.0,20.0,4.333333333333333,13.0,30.0,19.0,0.6666666666666666,0.3333333333333334,0.0,1.0,0.8333333333333333,0.3333333333333333,0.1666666666666666,0.5,0.0714285714285714,0.2857142857142857,0.1428571428571428,0.2857142857142857,0.2857142857142857,1,0,0,0,1,1,1,1,0,0,0,0,0,0,3.0,1.0,1,0.5,homorhythmic,high
71,2.0,1.5,1,7.5,5.0,3.0,3.0,3.0,0.6666666666666666,0.0,0.0,67.86666666666666,8.257777777777777,51.0,81.0,66.0,0.3333333333333333,0.0,0.3333333333333333,0.3333333333333333,0.3333333333333333,0.3333333333333333,5.551115123125783e-17,0.3333333333333332,0.3333333333333335,0.3333333333333333,2.5,0.5,2.0,3.0,2.5,1.1666666666666667,0.2777777777777778,1.0,2.0,1.0,2.5,0.5,2.0,3.0,2.5,1.1666666666666667,0.2777777777777778,1.0,2.0,1.0,20.666666666666668,4.0,13.0,30.0,20.5,0.9444444444444444,0.0925925925925926,0.6666666666666666,1.0,1.0,0.1666666666666666,0.3333333333333333,0.5,0.0769230769230769,0.1538461538461538,0.3846153846153846,0.3076923076923077,0.3076923076923077,1,0,0,0,1,1,1,1,0,0,0,0,0,0,2.5,1.0,1,0.5,homorhythmic,high
72,2.0,1.5,1,11.0,7.0,3.0,3.0,2.5,0.6363636363636364,0.0,0.0,73.77272727272727,11.520661157024795,42.0,95.0,75.0,0.3333333333333333,0.0,0.3333333333333333,0.3333333333333333,0.3333333333333333,0.3333333333333333,5.551115123125783e-17,0.3333333333333332,0.3333333333333335,0.3333333333333333,3.6666666666666665,0.4444444444444445,3.0,4.0,4.0,2.1666666666666665,0.2777777777777777,2.0,3.0,2.0,3.6666666666666665,0.4444444444444445,3.0,4.0,4.0,2.1666666666666665,0.2777777777777777,2.0,3.0,2.0,34.5,8.666666666666666,25.0,54.0,31.0,1.0,0.0,1.0,1.0,1.0,0.5,0.3333333333333333,1.0,0.1052631578947368,0.4210526315789473,0.1052631578947368,0.3157894736842105,0.2105263157894736,0,0,0,0,1,1,1,1,0,0,0,0,0,0,4.0,1.0,1,1.0,homorhythmic,high
73,2.0,1.5,1,12.0,9.5,6.0,6.0,3.5,0.7916666666666666,0.0,0.0,55.666666666666664,6.861111111111113,40.0,71.0,56.0,0.1666666666666666,0.0,0.1666666666666666,0.1666666666666666,0.1666666666666666,0.1666666666666666,6.47630097698008e-17,0.1666666666666665,0.1666666666666667,0.1666666666666666,2.0,0.0,2.0,2.0,2.0,1.0,0.0,1.0,1.0,1.0,2.0,0.0,2.0,2.0,2.0,1.0,0.0,1.0,1.0,1.0,13.0,0.0,13.0,13.0,13.0,1.0,0.0,1.0,1.0,1.0,0.0,0.0,1.0,1.0,0.0,0.0,0.0,0.0,1,0,1,0,1,1,1,1,1,0,0,0,0,0,2.0,1.0,1,1.0,homorhythmic,high
74,2.0,1.5,1,12.0,9.5,6.0,6.0,3.5,0.7916666666666666,0.0,0.0,76.33333333333333,6.861111111111112,61.0,92.0,76.0,0.1666666666666666,0.0,0.1666666666666666,0.1666666666666666,0.1666666666666666,0.1666666666666666,6.47630097698008e-17,0.1666666666666665,0.1666666666666667,0.1666666666666666,2.0,0.0,2.0,2.0,2.0,1.0,0.0,1.0,1.0,1.0,2.0,0.0,2.0,2.0,2.0,1.0,0.0,1.0,1.0,1.0,13.0,0.0,13.0,13.0,13.0,1.0,0.0,1.0,1.0,1.0,0.0,0.0,1.0,1.0,0.0,0.0,0.0,0.0,1,0,1,0,1,1,0,1,1,0,0,0,0,0,2.0,1.0,1,1.0,homorhythmic,low
75,2.0,1.5,1,21.0,7.5,3.0,3.0,2.5,0.3571428571428571,0.0,0.0,73.03703703703704,11.072702331961592,47.0,93.0,75.0,0.3214285714285714,0.1105442176870748,0.1666666666666666,0.5,0.3333333333333333,0.3333333333333333,0.1111111111111111,0.1666666666666666,0.5,0.3333333333333333,7.0,0.6666666666666666,6.0,8.0,7.0,1.1666666666666667,0.888888888888889,0.0,3.0,1.0,6.75,0.75,6.0,8.0,6.5,1.5,1.0,0.0,3.0,1.5,34.5,12.0,22.0,47.0,34.5,0.7238095238095238,0.0095238095238094,0.7142857142857143,0.7333333333333333,0.7238095238095238,1.0,0.5,1.0,0.1111111111111111,0.5555555555555556,0.1666666666666666,0.7777777777777778,0.5277777777777778,1,1,0,1,1,1,1,1,0,0,1,1,0,0,6.5,1.0,1,1.0,homorhythmic,high
76,2.0,1.5,1,18.0,7.0,3.0,3.0,2.5,0.3888888888888889,0.0,0.0,73.95833333333333,10.625,49.0,93.0,75.5,0.3333333333333333,0.1111111111111111,0.1666666666666666,0.5,0.3333333333333333,0.3333333333333333,0.1111111111111111,0.1666666666666666,0.5,0.3333333333333333,6.0,0.0,6.0,6.0,6.0,1.1666666666666667,0.888888888888889,0.0,3.0,1.0,6.0,0.0,6.0,6.0,6.0,1.5,1.0,0.0,3.0,1.5,32.5,12.0,20.0,45.0,32.5,0.9,0.0999999999999999,0.8,1.0,0.9,1.0,0.8333333333333334,1.0,0.0333333333333333,0.6333333333333333,0.3333333333333333,0.7666666666666667,0.5666666666666667,1,1,0,1,1,1,1,1,0,0,1,1,0,0,6.0,1.0,1,1.0,homorhythmic,high
77,2.0,1.5,1,11.0,6.0,4.5,4.5,4.0,0.5454545454545454,0.0,0.0,70.0,8.266666666666667,53.0,83.0,68.5,0.2272727272727272,0.0771349862258953,0.1666666666666666,0.3333333333333333,0.1666666666666666,0.2222222222222222,0.074074074074074,0.1666666666666666,0.3333333333333335,0.1666666666666666,2.4444444444444446,0.6172839506172839,1.0,3.0,3.0,1.1111111111111112,0.3950617283950617,0.0,2.0,1.0,2.5,0.5833333333333334,1.0,3.0,3.0,1.0833333333333333,0.3055555555555555,0.0,2.0,1.0,19.583333333333332,6.013888888888888,1.0,30.0,19.0,0.7222222222222222,0.2777777777777777,0.0,1.0,0.8333333333333333,0.2222222222222222,0.1111111111111111,0.2222222222222222,0.25,0.15,0.1,0.25,0.3,1,0,0,0,1,0,1,1,0,0,0,0,0,0,3.0,0.9777777777777779,1,0.2222222222222222,homorhythmic,high
78,2.0,1.5,1,12.0,6.0,4.5,4.5,3.5,0.5,0.0,0.0,68.09375,7.98046875,51.0,81.0,67.0,0.2222222222222222,0.074074074074074,0.1666666666666666,0.3333333333333333,0.1666666666666666,0.2222222222222222,0.074074074074074,0.1666666666666666,0.3333333333333335,0.1666666666666666,2.6666666666666665,0.4444444444444444,2.0,3.0,3.0,1.2222222222222223,0.345679012345679,1.0,2.0,1.0,2.6666666666666665,0.4444444444444445,2.0,3.0,3.0,1.1666666666666667,0.2777777777777778,1.0,2.0,1.0,21.083333333333332,4.763888888888888,12.0,30.0,20.5,0.861111111111111,0.1851851851851852,0.3333333333333333,1.0,1.0,0.3333333333333333,0.3333333333333333,0.3333333333333333,0.2272727272727272,0.2272727272727272,0.2727272727272727,0.2727272727272727,0.3636363636363636,1,0,0,0,1,0,1,1,0,0,0,1,0,0,3.0,1.0,1,0.3333333333333333,homorhythmic,high
79,2.0,1.5,1,16.0,7.0,6.0,6.0,3.5,0.4375,0.0,0.0,68.40625,9.28125,42.0,87.0,67.5,0.1666666666666666,0.0,0.1666666666666666,0.1666666666666666,0.1666666666666666,0.1666666666666666,6.47630097698008e-17,0.1666666666666665,0.1666666666666667,0.1666666666666666,2.6666666666666665,0.4444444444444445,2.0,3.0,3.0,1.1666666666666667,0.2777777777777778,1.0,2.0,1.0,2.6666666666666665,0.4444444444444446,2.0,3.0,3.0,1.1666666666666667,0.2777777777777778,1.0,2.0,1.0,24.75,8.333333333333334,13.0,46.0,21.5,0.861111111111111,0.1851851851851851,0.3333333333333333,1.0,1.0,0.3333333333333333,0.3333333333333333,0.25,0.3333333333333333,0.2333333333333333,0.2,0.1666666666666666,0.4,1,0,0,0,1,0,1,1,0,0,0,0,0,0,3.0,1.0,1,0.25,homorhythmic,high
80,2.0,1.5,1,9.5,7.5,2.5,2.5,3.0,0.7894736842105263,0.0,0.0,65.75,8.770833333333334,47.0,83.0,67.0,0.4210526315789473,0.1708217913204062,0.1666666666666666,0.6666666666666666,0.5,0.4,0.1466666666666666,0.1666666666666667,0.6666666666666666,0.3333333333333333,3.8,1.44,2.0,5.0,5.0,1.8,0.96,1.0,3.0,1.0,4.0,1.3333333333333333,2.0,5.0,5.0,1.6666666666666667,0.888888888888889,1.0,3.0,1.0,23.833333333333332,7.222222222222222,13.0,35.0,25.0,0.9666666666666668,0.0611111111111111,0.6,1.0,1.0,0.4,0.6,1.0,0.4285714285714285,0.1428571428571428,0.3571428571428571,0.2857142857142857,0.2142857142857142,1,1,0,1,1,1,1,1,0,0,0,0,0,0,5.0,0.95,1,1.0,homorhythmic,high
81,2.0,1.5,1,10.0,8.0,2.5,2.5,3.0,0.8,0.0,0.0,63.76923076923077,17.325443786982248,35.0,88.0,71.0,0.4333333333333333,0.1733333333333333,0.1666666666666666,0.6666666666666666,0.5,0.4,0.1466666666666666,0.1666666666666667,0.6666666666666666,0.3333333333333333,4.0,1.6,2.0,6.0,5.0,2.0,0.8,1.0,3.0,2.0,4.333333333333333,1.5555555555555556,2.0,6.0,5.0,2.0,0.6666666666666666,1.0,3.0,2.0,35.833333333333336,15.22222222222222,13.0,49.0,45.0,0.9666666666666668,0.0611111111111111,0.6,1.0,1.0,0.2,0.6,1.0,0.4285714285714285,0.1428571428571428,0.2142857142857142,0.1428571428571428,0.2142857142857142,1,1,0,1,1,1,1,1,0,0,0,0,0,1,5.0,0.9230769230769231,1,1.0,homorhythmic,high
82,2.0,1.5,1,5.0,4.0,1.0,2.0,1.5,0.8,0.3333333333333333,0.1666666666666666,67.4,13.32,40.0,88.0,72.0,0.6666666666666666,0.0,0.6666666666666666,0.6666666666666666,0.6666666666666666,1.0,0.0,1.0,1.0,1.0,5.0,1.0,4.0,6.0,5.0,2.5,0.5,2.0,3.0,2.5,3.3333333333333335,2.222222222222222,0.0,6.0,4.0,1.6666666666666667,1.111111111111111,0.0,3.0,2.0,24.666666666666668,16.444444444444443,0.0,49.0,25.0,1.0,0.0,1.0,1.0,1.0,1.0,1.0,0.5,0.0,0.0,0.0,0.0,0.0,0,1,0,1,0,1,1,1,0,0,0,0,1,1,4.0,1.0,1,0.5,homorhythmic,high
83,2.0,1.5,1,4.0,2.0,1.0,2.0,1.5,0.5,0.3333333333333333,0.1666666666666666,63.75,8.25,52.0,76.0,63.5,0.6666666666666666,0.0,0.6666666666666666,0.6666666666666666,0.6666666666666666,1.0,0.0,1.0,1.0,1.0,4.0,0.0,4.0,4.0,4.0,3.0,0.0,3.0,3.0,3.0,2.6666666666666665,1.777777777777778,0.0,4.0,4.0,2.0,1.3333333333333333,0.0,3.0,3.0,16.666666666666668,11.111111111111107,0.0,25.0,25.0,1.0,0.0,1.0,1.0,1.0,1.0,1.0,0.0,0.0,0.0,0.0,0.0,0.0,0,1,0,1,0,1,1,1,0,0,0,1,0,1,4.0,1.0,1,0.0,homorhythmic,high
84,2.0,1.5,1,6.0,4.5,6.0,6.0,4.0,0.75,0.0,0.0,70.75,2.9583333333333335,64.0,76.0,71.0,0.1666666666666666,0.0,0.1666666666666666,0.1666666666666666,0.1666666666666666,0.1666666666666666,6.47630097698008e-17,0.1666666666666665,0.1666666666666667,0.1666666666666666,1.0,0.0,1.0,1.0,1.0,0.0,0.0,0.0,0.0,0.0,1.0,0.0,1.0,1.0,1.0,0.0,0.0,0.0,0.0,0.0,1.0,0.0,1.0,1.0,1.0,1.0,0.0,1.0,1.0,1.0,0.0,0.0,0.0,0.5454545454545454,0.4545454545454545,0.0,0.0,0.0,1,0,1,0,0,0,0,0,1,0,0,0,0,0,1.0,1.0,0,0.0,monophonic,high
85,2.0,1.5,1,6.0,3.0,6.0,6.0,3.0,0.5,0.0,0.0,78.75,2.0833333333333335,74.0,83.0,79.0,0.1666666666666666,0.0,0.1666666666666666,0.1666666666666666,0.1666666666666666,0.1666666666666666,6.47630097698008e-17,0.1666666666666665,0.1666666666666667,0.1666666666666666,1.0,0.0,1.0,1.0,1.0,0.0,0.0,0.0,0.0,0.0,1.0,0.0,1.0,1.0,1.0,0.0,0.0,0.0,0.0,0.0,1.0,0.0,1.0,1.0,1.0,1.0,0.0,1.0,1.0,1.0,0.0,0.0,0.0,0.7272727272727273,0.2727272727272727,0.0,0.0,0.0,1,0,1,0,0,0,0,0,1,0,0,0,0,0,1.0,1.0,0,0.0,monophonic,high
86,2.0,1.5,1,9.0,4.0,3.0,3.0,3.0,0.4444444444444444,0.0,0.0,67.38888888888889,5.098765432098765,61.0,81.0,66.0,0.3333333333333333,0.0,0.3333333333333333,0.3333333333333333,0.3333333333333333,0.3333333333333333,5.551115123125783e-17,0.3333333333333332,0.3333333333333335,0.3333333333333333,3.0,0.0,3.0,3.0,3.0,1.1666666666666667,0.2777777777777778,1.0,2.0,1.0,3.0,0.0,3.0,3.0,3.0,1.1666666666666667,0.2777777777777778,1.0,2.0,1.0,14.666666666666666,2.1111111111111107,13.0,21.0,13.5,0.8888888888888888,0.1481481481481481,0.6666666666666666,1.0,1.0,0.8333333333333334,0.5,0.6666666666666666,0.1333333333333333,0.4,0.6,0.3333333333333333,0.4666666666666667,1,0,0,0,1,1,1,1,0,0,0,1,0,0,3.0,1.0,1,0.6666666666666666,homorhythmic,high
87,2.0,1.5,1,7.0,5.0,4.5,4.5,4.0,0.7142857142857143,0.0,0.0,69.36363636363636,6.396694214876033,61.0,83.0,68.0,0.2619047619047619,0.0816326530612244,0.1666666666666666,0.3333333333333333,0.3333333333333333,0.2222222222222222,0.074074074074074,0.1666666666666665,0.3333333333333333,0.1666666666666667,1.5555555555555556,0.7407407407407408,1.0,3.0,1.0,0.2222222222222222,0.345679012345679,0.0,1.0,0.0,1.8333333333333333,0.8333333333333334,1.0,3.0,1.5,0.3333333333333333,0.4444444444444445,0.0,1.0,0.0,5.666666666666667,4.888888888888888,1.0,13.0,3.0,1.0,0.0,1.0,1.0,1.0,0.2222222222222222,0.1111111111111111,0.2222222222222222,0.4545454545454545,0.2727272727272727,0.1818181818181818,0.2727272727272727,0.2727272727272727,1,1,1,1,0,0,1,0,1,0,0,0,1,0,1.5,0.8484848484848485,1,0.2222222222222222,homorhythmic,high
88,2.0,1.5,1,13.5,5.0,4.5,4.5,3.5,0.3703703703703703,0.0,0.0,67.66666666666667,5.407407407407408,61.0,83.0,66.0,0.2222222222222222,0.074074074074074,0.1666666666666666,0.3333333333333333,0.1666666666666666,0.2222222222222222,0.074074074074074,0.1666666666666665,0.3333333333333333,0.1666666666666667,3.0,0.0,3.0,3.0,3.0,1.2222222222222223,0.345679012345679,1.0,2.0,1.0,3.0,0.0,3.0,3.0,3.0,1.1666666666666667,0.2777777777777778,1.0,2.0,1.0,15.5,3.0,13.0,23.0,13.5,0.8888888888888888,0.1666666666666667,0.3333333333333333,1.0,1.0,0.6666666666666666,0.5555555555555556,0.6666666666666666,0.125,0.375,0.4583333333333333,0.3333333333333333,0.5416666666666666,1,0,0,0,1,1,1,1,0,0,0,1,0,0,3.0,1.0,1,0.6666666666666666,homorhythmic,high
89,2.0,1.5,1,10.5,4.5,3.5,3.5,3.5,0.4285714285714285,0.0,0.0,67.0,5.333333333333333,59.0,78.0,66.0,0.2857142857142857,0.0680272108843537,0.1666666666666666,0.3333333333333333,0.3333333333333333,0.2857142857142857,0.0680272108843537,0.1666666666666665,0.3333333333333335,0.3333333333333333,3.0,0.0,3.0,3.0,3.0,1.5714285714285714,0.489795918367347,1.0,2.0,2.0,3.0,0.0,3.0,3.0,3.0,1.5,0.5,1.0,2.0,1.5,15.5,2.5,13.0,20.0,14.5,0.9444444444444444,0.0925925925925927,0.6666666666666666,1.0,1.0,0.7142857142857143,0.5714285714285714,0.5714285714285714,0.1666666666666666,0.3888888888888889,0.5,0.3888888888888889,0.5,1,0,0,0,1,1,1,1,0,0,0,1,0,0,3.0,1.0,1,0.5714285714285714,homorhythmic,high
90,2.0,1.5,1,10.5,4.5,3.5,3.5,3.5,0.4285714285714285,0.0,0.0,67.0,5.333333333333333,59.0,78.0,66.0,0.2857142857142857,0.0680272108843537,0.1666666666666666,0.3333333333333333,0.3333333333333333,0.2857142857142857,0.0680272108843537,0.1666666666666665,0.3333333333333335,0.3333333333333333,3.0,0.0,3.0,3.0,3.0,1.5714285714285714,0.489795918367347,1.0,2.0,2.0,3.0,0.0,3.0,3.0,3.0,1.5,0.5,1.0,2.0,1.5,15.5,2.5,13.0,20.0,14.5,0.9444444444444444,0.0925925925925927,0.6666666666666666,1.0,1.0,0.7142857142857143,0.5714285714285714,0.5714285714285714,0.1666666666666666,0.3888888888888889,0.5,0.3888888888888889,0.5,1,0,0,0,1,1,1,1,0,0,0,1,0,0,3.0,1.0,1,0.5714285714285714,homorhythmic,high
91,2.0,1.5,1,10.5,4.5,3.5,3.5,3.0,0.4285714285714285,0.0,0.0,62.25,8.583333333333334,47.0,74.0,62.5,0.2857142857142857,0.0680272108843537,0.1666666666666666,0.3333333333333333,0.3333333333333333,0.2857142857142857,0.0680272108843537,0.1666666666666665,0.3333333333333335,0.3333333333333333,3.0,0.0,3.0,3.0,3.0,1.8571428571428572,0.2448979591836734,1.0,2.0,2.0,3.0,0.0,3.0,3.0,3.0,1.8333333333333333,0.2777777777777778,1.0,2.0,2.0,21.75,4.75,17.0,28.0,21.0,0.9722222222222222,0.0509259259259259,0.6666666666666666,1.0,1.0,0.8571428571428571,0.2857142857142857,0.2857142857142857,0.1111111111111111,0.3888888888888889,0.1666666666666666,0.2222222222222222,0.5,1,0,0,0,1,1,1,1,0,0,0,1,0,0,3.0,1.0,1,0.2857142857142857,homorhythmic,high
92,2.0,1.5,1,12.0,5.0,4.0,4.0,3.0,0.4166666666666667,0.0,0.0,58.333333333333336,8.185185185185187,49.0,73.0,55.0,0.25,0.0833333333333333,0.1666666666666666,0.3333333333333333,0.25,0.25,0.0833333333333333,0.1666666666666665,0.3333333333333335,0.25,3.0,0.0,3.0,3.0,3.0,1.5,0.5,1.0,2.0,1.5,3.0,0.0,3.0,3.0,3.0,1.5,0.5,1.0,2.0,1.5,22.5,2.5,17.0,25.0,23.0,0.8888888888888888,0.1851851851851852,0.3333333333333333,1.0,1.0,0.25,0.5,0.0,0.0952380952380952,0.3809523809523809,0.3809523809523809,0.0952380952380952,0.5238095238095238,1,0,0,0,1,1,1,1,0,0,0,1,0,0,3.0,1.0,1,0.0,homorhythmic,high
93,2.0,1.5,1,15.0,7.0,6.0,6.0,4.0,0.4666666666666667,0.0,0.0,60.4,6.293333333333332,53.0,76.0,58.0,0.1666666666666666,0.0,0.1666666666666666,0.1666666666666666,0.1666666666666666,0.1666666666666666,6.47630097698008e-17,0.1666666666666665,0.1666666666666667,0.1666666666666666,2.5,0.6666666666666666,1.0,3.0,3.0,1.0,0.3333333333333333,0.0,2.0,1.0,2.5,0.6666666666666666,1.0,3.0,3.0,1.0,0.3333333333333333,0.0,2.0,1.0,14.416666666666666,5.416666666666667,1.0,24.0,14.5,0.8888888888888888,0.1851851851851852,0.0,1.0,1.0,0.5,0.25,0.3333333333333333,0.4074074074074074,0.2222222222222222,0.2962962962962963,0.2222222222222222,0.4814814814814814,1,0,0,0,1,0,1,1,0,0,0,1,0,0,3.0,1.0,1,0.3333333333333333,homorhythmic,high
94,2.0,1.5,1,15.0,7.0,6.0,6.0,4.0,0.4666666666666667,0.0,0.0,60.4,6.293333333333332,53.0,76.0,58.0,0.1666666666666666,0.0,0.1666666666666666,0.1666666666666666,0.1666666666666666,0.1666666666666666,6.47630097698008e-17,0.1666666666666665,0.1666666666666667,0.1666666666666666,2.5,0.6666666666666666,1.0,3.0,3.0,1.0,0.3333333333333333,0.0,2.0,1.0,2.5,0.6666666666666666,1.0,3.0,3.0,1.0,0.3333333333333333,0.0,2.0,1.0,14.416666666666666,5.416666666666667,1.0,24.0,14.5,0.8888888888888888,0.1851851851851852,0.0,1.0,1.0,0.5,0.25,0.3333333333333333,0.4074074074074074,0.2222222222222222,0.2962962962962963,0.2222222222222222,0.4814814814814814,1,0,0,0,1,0,1,1,0,0,0,1,0,0,3.0,1.0,1,0.3333333333333333,homorhythmic,high
95,2.0,1.5,1,16.0,6.0,6.0,6.0,3.5,0.375,0.0,0.0,62.125,6.65625,52.0,76.0,60.5,0.1666666666666666,0.0,0.1666666666666666,0.1666666666666666,0.1666666666666666,0.1666666666666666,6.47630097698008e-17,0.1666666666666665,0.1666666666666667,0.1666666666666666,2.6666666666666665,1.1111111111111112,1.0,4.0,3.0,1.0,0.6666666666666666,0.0,2.0,1.0,2.6666666666666665,1.1111111111111114,1.0,4.0,3.0,1.0,0.6666666666666666,0.0,2.0,1.0,11.916666666666666,7.277777777777778,1.0,22.0,15.5,0.8055555555555555,0.1990740740740741,0.3333333333333333,1.0,0.9166666666666669,0.6666666666666666,0.3333333333333333,0.25,0.3448275862068966,0.4137931034482758,0.2758620689655172,0.2413793103448276,0.5172413793103449,1,1,0,1,1,0,1,0,0,0,1,1,0,0,3.0,1.0,1,0.25,homorhythmic,high
96,2.0,1.5,1,15.0,7.0,6.0,6.0,3.5,0.4666666666666667,0.0,0.0,63.666666666666664,6.511111111111112,56.0,83.0,61.5,0.1666666666666666,0.0,0.1666666666666666,0.1666666666666666,0.1666666666666666,0.1666666666666666,6.47630097698008e-17,0.1666666666666665,0.1666666666666667,0.1666666666666666,2.5,0.6666666666666666,1.0,3.0,3.0,1.0,0.3333333333333333,0.0,2.0,1.0,2.5,0.6666666666666666,1.0,3.0,3.0,1.0,0.3333333333333333,0.0,2.0,1.0,14.916666666666666,5.916666666666667,1.0,28.0,14.5,0.8888888888888888,0.1851851851851852,0.0,1.0,1.0,0.5,0.25,0.3333333333333333,0.3703703703703703,0.2222222222222222,0.3333333333333333,0.2222222222222222,0.4814814814814814,1,0,1,0,1,0,1,1,1,0,0,1,0,0,3.0,1.0,1,0.3333333333333333,homorhythmic,high
97,2.0,1.5,1,15.0,7.0,6.0,6.0,3.5,0.4666666666666667,0.0,0.0,63.666666666666664,6.511111111111112,56.0,83.0,61.5,0.1666666666666666,0.0,0.1666666666666666,0.1666666666666666,0.1666666666666666,0.1666666666666666,6.47630097698008e-17,0.1666666666666665,0.1666666666666667,0.1666666666666666,2.5,0.6666666666666666,1.0,3.0,3.0,1.0,0.3333333333333333,0.0,2.0,1.0,2.5,0.6666666666666666,1.0,3.0,3.0,1.0,0.3333333333333333,0.0,2.0,1.0,14.916666666666666,5.916666666666667,1.0,28.0,14.5,0.8888888888888888,0.1851851851851852,0.0,1.0,1.0,0.5,0.25,0.3333333333333333,0.3703703703703703,0.2222222222222222,0.3333333333333333,0.2222222222222222,0.4814814814814814,1,0,1,0,1,0,1,1,1,0,0,1,0,0,3.0,1.0,1,0.3333333333333333,homorhythmic,high
98,2.0,1.5,1,16.0,7.0,6.0,6.0,4.5,0.4375,0.0,0.0,65.84375,6.59375,56.0,80.0,64.5,0.1666666666666666,0.0,0.1666666666666666,0.1666666666666666,0.1666666666666666,0.1666666666666666,6.47630097698008e-17,0.1666666666666665,0.1666666666666667,0.1666666666666666,2.6666666666666665,1.1111111111111112,1.0,4.0,3.0,1.0,0.6666666666666666,0.0,2.0,1.0,2.6666666666666665,1.1111111111111114,1.0,4.0,3.0,1.0,0.6666666666666666,0.0,2.0,1.0,11.916666666666666,7.277777777777778,1.0,21.0,16.0,0.8055555555555555,0.1990740740740741,0.3333333333333333,1.0,0.9166666666666669,0.6666666666666666,0.3333333333333333,0.25,0.3448275862068966,0.4137931034482758,0.2758620689655172,0.2413793103448276,0.5172413793103449,1,1,0,1,1,0,1,0,0,0,0,1,0,0,3.0,1.0,1,0.25,homorhythmic,high
99,2.0,1.5,1,12.0,7.0,6.0,6.0,3.5,0.5833333333333334,0.0,0.0,55.875,11.3125,39.0,73.0,60.0,0.1666666666666666,0.0,0.1666666666666666,0.1666666666666666,0.1666666666666666,0.1666666666666666,6.47630097698008e-17,0.1666666666666665,0.1666666666666667,0.1666666666666666,2.0,0.6666666666666666,1.0,3.0,2.0,1.0,0.6666666666666666,0.0,2.0,1.0,2.0,0.6666666666666666,1.0,3.0,2.0,1.0,0.6666666666666666,0.0,2.0,1.0,18.083333333333332,11.388888888888893,1.0,30.0,25.0,0.8055555555555555,0.2916666666666668,0.0,1.0,1.0,0.3333333333333333,0.0,0.0,0.5238095238095238,0.0,0.0,0.0,0.4285714285714285,1,0,1,0,1,0,1,1,1,0,0,0,0,1,2.0,1.0,1,0.0,homorhythmic,high
100,2.0,1.5,1,10.0,7.0,6.0,6.0,4.0,0.7,0.0,0.0,53.85,7.850000000000001,43.0,70.0,54.0,0.1666666666666666,0.0,0.1666666666666666,0.1666666666666666,0.1666666666666666,0.1666666666666666,6.47630097698008e-17,0.1666666666666665,0.1666666666666667,0.1666666666666666,1.6666666666666667,0.4444444444444444,1.0,2.0,2.0,0.5,0.5,0.0,1.0,0.5,1.6666666666666667,0.4444444444444442,1.0,2.0,2.0,0.5,0.5,0.0,1.0,0.5,11.166666666666666,9.388888888888888,1.0,28.0,7.0,0.9166666666666666,0.1527777777777779,0.0,1.0,1.0,0.1666666666666666,0.1666666666666666,0.0,0.5555555555555556,0.1111111111111111,0.2222222222222222,0.0,0.3333333333333333,1,0,1,0,0,0,0,0,1,0,0,0,0,0,2.0,1.0,1,0.0,homorhythmic,low
101,2.0,1.5,1,12.0,8.0,6.0,6.0,4.0,0.6666666666666666,0.0,0.0,58.25,7.666666666666667,46.0,73.0,57.5,0.1666666666666666,0.0,0.1666666666666666,0.1666666666666666,0.1666666666666666,0.1666666666666666,6.47630097698008e-17,0.1666666666666665,0.1666666666666667,0.1666666666666666,2.0,0.0,2.0,2.0,2.0,0.8333333333333334,0.2777777777777777,0.0,1.0,1.0,2.0,0.0,2.0,2.0,2.0,0.8333333333333334,0.2777777777777777,0.0,1.0,1.0,16.333333333333332,6.500000000000001,4.0,28.0,16.0,0.6666666666666666,0.4444444444444443,0.0,1.0,1.0,0.0833333333333333,0.0833333333333333,0.1666666666666666,0.4545454545454545,0.1818181818181818,0.2272727272727272,0.0909090909090909,0.2727272727272727,1,0,1,0,0,0,0,0,1,0,0,0,0,0,2.0,1.0,1,0.1666666666666666,homorhythmic,low
102,2.0,1.5,1,12.0,7.5,6.0,6.0,3.5,0.625,0.0,0.0,61.291666666666664,7.708333333333335,49.0,76.0,60.5,0.1666666666666666,0.0,0.1666666666666666,0.1666666666666666,0.1666666666666666,0.1666666666666666,6.47630097698008e-17,0.1666666666666665,0.1666666666666667,0.1666666666666666,2.0,0.0,2.0,2.0,2.0,0.8333333333333334,0.2777777777777777,0.0,1.0,1.0,2.0,0.0,2.0,2.0,2.0,0.8333333333333334,0.2777777777777777,0.0,1.0,1.0,16.416666666666668,6.583333333333332,4.0,28.0,16.5,0.75,0.375,0.0,1.0,1.0,0.0833333333333333,0.0833333333333333,0.1666666666666666,0.5,0.1363636363636363,0.2272727272727272,0.0909090909090909,0.2727272727272727,1,0,1,0,0,0,0,0,1,0,0,0,0,0,2.0,1.0,1,0.1666666666666666,homorhythmic,low
103,2.0,1.5,1,29.0,8.5,6.0,6.0,3.0,0.293103448275862,0.0,0.0,59.172413793103445,12.478002378121282,34.0,89.0,54.0,0.1666666666666666,0.0,0.1666666666666666,0.1666666666666666,0.1666666666666666,0.1666666666666666,6.47630097698008e-17,0.1666666666666665,0.1666666666666667,0.1666666666666666,4.833333333333333,0.2777777777777779,4.0,5.0,5.0,1.5,0.5833333333333334,1.0,3.0,1.0,4.833333333333333,0.2777777777777779,4.0,5.0,5.0,1.5,0.5833333333333334,1.0,3.0,1.0,33.833333333333336,4.333333333333333,25.0,44.0,34.0,0.9055555555555556,0.0944444444444444,0.6666666666666666,1.0,0.95,0.8333333333333334,1.0,0.3333333333333333,0.2407407407407407,0.5185185185185185,0.5740740740740741,0.1296296296296296,0.6666666666666666,1,0,0,0,1,0,1,1,0,0,1,1,0,0,5.0,1.0,1,0.3333333333333333,homorhythmic,high
104,2.0,1.5,1,30.0,5.5,6.0,6.0,2.5,0.1833333333333333,0.0,0.0,75.76666666666667,14.48,46.0,91.0,85.0,0.1666666666666666,0.0,0.1666666666666666,0.1666666666666666,0.1666666666666666,0.1666666666666666,6.47630097698008e-17,0.1666666666666665,0.1666666666666667,0.1666666666666666,5.0,0.0,5.0,5.0,5.0,1.0,0.0,1.0,1.0,1.0,5.0,0.0,5.0,5.0,5.0,1.0,0.0,1.0,1.0,1.0,35.833333333333336,6.0,25.0,46.0,35.5,0.7000000000000001,0.0666666666666667,0.6,0.8,0.7,1.0,0.6666666666666666,0.0,0.3090909090909091,0.7636363636363637,0.3636363636363636,0.0,0.7090909090909091,1,1,0,1,1,0,1,1,0,0,1,1,0,0,5.0,1.0,1,0.0,homorhythmic,high
105,2.0,1.5,1,13.0,7.0,6.0,6.0,3.5,0.5384615384615384,0.0,0.0,76.6923076923077,7.029585798816568,66.0,91.0,73.5,0.1666666666666666,0.0,0.1666666666666666,0.1666666666666666,0.1666666666666666,0.1666666666666666,6.47630097698008e-17,0.1666666666666665,0.1666666666666667,0.1666666666666666,2.1666666666666665,1.5555555555555554,1.0,6.0,1.0,0.3333333333333333,0.4444444444444445,0.0,1.0,0.0,2.1666666666666665,1.5555555555555554,1.0,6.0,1.0,0.3333333333333333,0.4444444444444445,0.0,1.0,0.0,8.583333333333334,10.111111111111112,1.0,26.0,1.0,0.9138888888888888,0.1148148148148148,0.6666666666666666,1.0,1.0,0.3333333333333333,0.3333333333333333,0.0833333333333333,0.45,0.6,0.3,0.1,0.45,1,1,0,1,0,0,1,0,0,0,0,0,1,0,1.0,1.0,1,0.0833333333333333,monophonic,high
106,2.0,1.5,1,6.0,5.5,6.0,6.0,3.5,0.9166666666666666,0.0,0.0,61.833333333333336,4.833333333333333,54.0,71.0,61.5,0.1666666666666666,0.0,0.1666666666666666,0.1666666666666666,0.1666666666666666,0.1666666666666666,6.47630097698008e-17,0.1666666666666665,0.1666666666666667,0.1666666666666666,1.0,0.0,1.0,1.0,1.0,0.0,0.0,0.0,0.0,0.0,1.0,0.0,1.0,1.0,1.0,0.0,0.0,0.0,0.0,0.0,1.0,0.0,1.0,1.0,1.0,1.0,0.0,1.0,1.0,1.0,0.0,0.0,0.0,0.8181818181818182,0.1818181818181818,0.0,0.0,0.0,1,0,1,0,0,0,0,0,1,0,0,0,0,0,1.0,1.0,0,0.0,monophonic,high
107,2.0,1.5,1,8.0,6.0,6.0,6.0,2.5,0.75,0.0,0.0,55.5,9.125,35.0,78.0,54.0,0.1666666666666666,0.0,0.1666666666666666,0.1666666666666666,0.1666666666666666,0.1666666666666666,6.47630097698008e-17,0.1666666666666665,0.1666666666666667,0.1666666666666666,1.3333333333333333,0.4444444444444444,1.0,2.0,1.0,0.25,0.375,0.0,1.0,0.0,1.3333333333333333,0.4444444444444445,1.0,2.0,1.0,0.25,0.375,0.0,1.0,0.0,4.833333333333333,5.111111111111111,1.0,20.0,1.0,1.0,0.0,1.0,1.0,1.0,0.0833333333333333,0.0833333333333333,0.0,0.0,0.6428571428571429,0.2857142857142857,0.1428571428571428,0.2142857142857142,0,0,1,0,0,0,0,0,1,0,0,0,1,1,1.0,1.0,1,0.0,monophonic,high
108,2.0,1.5,1,8.0,6.0,6.0,6.0,2.5,0.75,0.0,0.0,69.0,10.25,47.0,90.0,68.0,0.1666666666666666,0.0,0.1666666666666666,0.1666666666666666,0.1666666666666666,0.1666666666666666,6.47630097698008e-17,0.1666666666666665,0.1666666666666667,0.1666666666666666,1.3333333333333333,0.4444444444444444,1.0,2.0,1.0,0.25,0.375,0.0,1.0,0.0,1.3333333333333333,0.4444444444444445,1.0,2.0,1.0,0.25,0.375,0.0,1.0,0.0,6.833333333333333,8.083333333333334,1.0,32.0,1.0,1.0,0.0,1.0,1.0,1.0,0.0833333333333333,0.0833333333333333,0.0,0.0,0.6428571428571429,0.2857142857142857,0.0714285714285714,0.2142857142857142,0,0,1,0,0,0,0,0,1,0,0,0,1,0,1.0,1.0,1,0.0,monophonic,high
109,2.0,1.5,1,8.0,6.5,6.0,6.0,1.5,0.8125,0.0,0.0,60.75,13.71875,35.0,91.0,57.0,0.1666666666666666,0.0,0.1666666666666666,0.1666666666666666,0.1666666666666666,0.1666666666666666,6.47630097698008e-17,0.1666666666666665,0.1666666666666667,0.1666666666666666,1.3333333333333333,0.4444444444444444,1.0,2.0,1.0,0.25,0.375,0.0,1.0,0.0,1.3333333333333333,0.4444444444444445,1.0,2.0,1.0,0.25,0.375,0.0,1.0,0.0,11.0,14.833333333333334,1.0,57.0,1.0,1.0,0.0,1.0,1.0,1.0,0.0833333333333333,0.0833333333333333,0.0,0.0,0.5714285714285714,0.3571428571428571,0.0714285714285714,0.2142857142857142,0,0,1,0,0,0,0,0,1,0,0,0,1,0,1.0,1.0,1,0.0,monophonic,high
110,2.0,1.5,1,8.0,6.0,6.0,6.0,1.5,0.75,0.0,0.0,70.5,10.5,48.0,91.0,69.5,0.1666666666666666,0.0,0.1666666666666666,0.1666666666666666,0.1666666666666666,0.1666666666666666,6.47630097698008e-17,0.1666666666666665,0.1666666666666667,0.1666666666666666,1.3333333333333333,0.4444444444444444,1.0,2.0,1.0,0.25,0.375,0.0,1.0,0.0,1.3333333333333333,0.4444444444444445,1.0,2.0,1.0,0.25,0.375,0.0,1.0,0.0,7.0,8.166666666666666,1.0,32.0,1.0,1.0,0.0,1.0,1.0,1.0,0.0833333333333333,0.0833333333333333,0.0,0.0,0.5714285714285714,0.2857142857142857,0.0714285714285714,0.2142857142857142,0,0,1,0,0,0,0,0,1,0,0,0,1,0,1.0,1.0,1,0.0,monophonic,high
111,2.0,1.5,1,8.0,6.5,6.0,6.0,1.5,0.8125,0.0,0.0,62.75,13.71875,37.0,93.0,59.0,0.1666666666666666,0.0,0.1666666666666666,0.1666666666666666,0.1666666666666666,0.1666666666666666,6.47630097698008e-17,0.1666666666666665,0.1666666666666667,0.1666666666666666,1.3333333333333333,0.4444444444444444,1.0,2.0,1.0,0.25,0.375,0.0,1.0,0.0,1.3333333333333333,0.4444444444444445,1.0,2.0,1.0,0.25,0.375,0.0,1.0,0.0,11.0,14.833333333333334,1.0,57.0,1.0,1.0,0.0,1.0,1.0,1.0,0.0833333333333333,0.0833333333333333,0.0,0.0,0.5714285714285714,0.3571428571428571,0.0714285714285714,0.2142857142857142,0,0,1,0,0,0,0,0,1,0,0,0,1,0,1.0,1.0,1,0.0,monophonic,high
112,2.0,1.5,1,8.0,6.0,6.0,6.0,1.5,0.75,0.0,0.0,72.25,10.5,50.0,93.0,71.5,0.1666666666666666,0.0,0.1666666666666666,0.1666666666666666,0.1666666666666666,0.1666666666666666,6.47630097698008e-17,0.1666666666666665,0.1666666666666667,0.1666666666666666,1.3333333333333333,0.4444444444444444,1.0,2.0,1.0,0.25,0.375,0.0,1.0,0.0,1.3333333333333333,0.4444444444444445,1.0,2.0,1.0,0.25,0.375,0.0,1.0,0.0,7.0,8.166666666666666,1.0,32.0,1.0,1.0,0.0,1.0,1.0,1.0,0.0833333333333333,0.0833333333333333,0.0,0.0,0.5714285714285714,0.2857142857142857,0.0714285714285714,0.2142857142857142,0,0,1,0,0,0,0,0,1,0,0,0,1,0,1.0,1.0,1,0.0,monophonic,high
113,2.0,1.5,1,24.0,7.5,6.0,6.0,2.0,0.3125,0.0,0.0,78.91666666666667,11.625,34.0,93.0,83.5,0.1666666666666666,0.0,0.1666666666666666,0.1666666666666666,0.1666666666666666,0.1666666666666666,6.47630097698008e-17,0.1666666666666665,0.1666666666666667,0.1666666666666666,4.0,0.0,4.0,4.0,4.0,1.9166666666666667,0.1527777777777777,1.0,2.0,2.0,4.0,0.0,4.0,4.0,4.0,1.9166666666666667,0.1527777777777777,1.0,2.0,2.0,38.333333333333336,11.999999999999998,17.0,60.0,38.5,0.8888888888888888,0.1481481481481481,0.6666666666666666,1.0,1.0,0.0833333333333333,1.0,1.0,0.0,0.1818181818181818,0.8409090909090909,0.5454545454545454,0.75,0,0,0,0,1,1,1,1,0,0,1,1,0,0,4.0,1.0,1,1.0,homorhythmic,high
114,2.0,1.5,1,24.0,7.0,6.0,6.0,3.5,0.2916666666666667,0.0,0.0,67.52083333333333,7.520833333333336,58.0,92.0,65.0,0.1666666666666666,0.0,0.1666666666666666,0.1666666666666666,0.1666666666666666,0.1666666666666666,6.47630097698008e-17,0.1666666666666665,0.1666666666666667,0.1666666666666666,4.0,0.0,4.0,4.0,4.0,2.0,0.0,2.0,2.0,2.0,4.0,0.0,4.0,4.0,4.0,2.0,0.0,2.0,2.0,2.0,25.083333333333332,4.763888888888889,17.0,35.0,24.5,0.4305555555555556,0.1134259259259259,0.3333333333333333,0.6666666666666666,0.3333333333333333,1.0,0.0,0.1666666666666666,0.2045454545454545,0.5454545454545454,0.0,0.0909090909090909,0.75,1,1,0,1,1,0,1,1,0,0,1,1,0,0,4.0,1.0,1,0.1666666666666666,homorhythmic,high
115,2.0,1.5,1,8.0,6.5,6.0,6.0,2.5,0.8125,0.0,0.0,55.75,10.75,33.0,76.0,54.0,0.1666666666666666,0.0,0.1666666666666666,0.1666666666666666,0.1666666666666666,0.1666666666666666,6.47630097698008e-17,0.1666666666666665,0.1666666666666667,0.1666666666666666,1.3333333333333333,0.4444444444444444,1.0,2.0,1.0,0.25,0.375,0.0,1.0,0.0,1.3333333333333333,0.4444444444444445,1.0,2.0,1.0,0.25,0.375,0.0,1.0,0.0,7.583333333333333,9.208333333333334,1.0,37.0,1.0,1.0,0.0,1.0,1.0,1.0,0.0833333333333333,0.0833333333333333,0.0,0.0,0.6428571428571429,0.2857142857142857,0.0714285714285714,0.2142857142857142,0,0,1,0,0,0,0,0,1,0,0,0,1,0,1.0,1.0,1,0.0,monophonic,high
116,2.0,1.5,1,8.0,6.0,6.0,6.0,2.5,0.75,0.0,0.0,67.125,10.125,45.0,88.0,66.0,0.1666666666666666,0.0,0.1666666666666666,0.1666666666666666,0.1666666666666666,0.1666666666666666,6.47630097698008e-17,0.1666666666666665,0.1666666666666667,0.1666666666666666,1.3333333333333333,0.4444444444444444,1.0,2.0,1.0,0.25,0.375,0.0,1.0,0.0,1.3333333333333333,0.4444444444444445,1.0,2.0,1.0,0.25,0.375,0.0,1.0,0.0,6.75,7.958333333333333,1.0,32.0,1.0,1.0,0.0,1.0,1.0,1.0,0.0833333333333333,0.0833333333333333,0.0,0.0,0.6428571428571429,0.2857142857142857,0.0714285714285714,0.2142857142857142,0,0,1,0,0,0,0,0,1,0,0,0,1,0,1.0,1.0,1,0.0,monophonic,high
117,2.0,1.5,1,8.0,6.5,6.0,6.0,2.5,0.8125,0.0,0.0,58.5,13.8125,33.0,88.0,54.0,0.1666666666666666,0.0,0.1666666666666666,0.1666666666666666,0.1666666666666666,0.1666666666666666,6.47630097698008e-17,0.1666666666666665,0.1666666666666667,0.1666666666666666,1.3333333333333333,0.4444444444444444,1.0,2.0,1.0,0.25,0.375,0.0,1.0,0.0,1.3333333333333333,0.4444444444444445,1.0,2.0,1.0,0.25,0.375,0.0,1.0,0.0,11.0,14.333333333333334,1.0,56.0,1.0,0.9166666666666666,0.1527777777777779,0.0,1.0,1.0,0.0833333333333333,0.0,0.0,0.1428571428571428,0.5,0.0714285714285714,0.0714285714285714,0.2142857142857142,0,0,1,0,0,0,0,0,1,0,0,0,1,0,1.0,1.0,1,0.0,monophonic,high
118,2.0,1.5,1,8.0,6.0,6.0,6.0,2.5,0.75,0.0,0.0,67.5,10.5,45.0,88.0,66.0,0.1666666666666666,0.0,0.1666666666666666,0.1666666666666666,0.1666666666666666,0.1666666666666666,6.47630097698008e-17,0.1666666666666665,0.1666666666666667,0.1666666666666666,1.3333333333333333,0.4444444444444444,1.0,2.0,1.0,0.25,0.375,0.0,1.0,0.0,1.3333333333333333,0.4444444444444445,1.0,2.0,1.0,0.25,0.375,0.0,1.0,0.0,7.0,8.333333333333334,1.0,32.0,1.0,0.9166666666666666,0.1527777777777779,0.0,1.0,1.0,0.0833333333333333,0.0,0.0,0.1428571428571428,0.5,0.0714285714285714,0.0714285714285714,0.2142857142857142,0,0,1,0,0,0,0,0,1,0,0,0,1,0,1.0,1.0,1,0.0,monophonic,high
119,2.0,1.5,1,24.0,5.5,6.0,6.0,4.0,0.2291666666666666,0.0,0.0,66.79166666666667,9.187500000000002,57.0,90.0,62.5,0.1666666666666666,0.0,0.1666666666666666,0.1666666666666666,0.1666666666666666,0.1666666666666666,6.47630097698008e-17,0.1666666666666665,0.1666666666666667,0.1666666666666666,4.0,0.0,4.0,4.0,4.0,1.0,0.0,1.0,1.0,1.0,4.0,0.0,4.0,4.0,4.0,1.0,0.0,1.0,1.0,1.0,29.166666666666668,2.6666666666666665,24.0,34.0,29.5,0.875,0.1458333333333333,0.5,1.0,1.0,1.0,1.0,0.0,0.1818181818181818,0.8181818181818182,0.5,0.0,0.75,1,0,0,0,1,0,1,0,0,0,1,1,0,0,4.0,1.0,1,0.0,homorhythmic,high
120,2.0,1.5,1,24.0,5.0,6.0,6.0,3.5,0.2083333333333333,0.0,0.0,67.625,10.4375,57.0,93.0,62.5,0.1666666666666666,0.0,0.1666666666666666,0.1666666666666666,0.1666666666666666,0.1666666666666666,6.47630097698008e-17,0.1666666666666665,0.1666666666666667,0.1666666666666666,4.0,0.0,4.0,4.0,4.0,1.0,0.0,1.0,1.0,1.0,4.0,0.0,4.0,4.0,4.0,1.0,0.0,1.0,1.0,1.0,32.5,2.5,28.0,37.0,33.0,0.8472222222222222,0.1273148148148148,0.6666666666666666,1.0,0.8333333333333334,1.0,1.0,0.0,0.1818181818181818,0.8181818181818182,0.5,0.0,0.75,1,0,0,0,1,0,1,1,0,0,1,1,0,0,4.0,1.0,1,0.0,homorhythmic,high
121,2.0,1.5,1,12.0,5.0,6.0,6.0,3.5,0.4166666666666667,0.0,0.0,70.5,9.833333333333334,57.0,85.0,70.0,0.1666666666666666,0.0,0.1666666666666666,0.1666666666666666,0.1666666666666666,0.1666666666666666,6.47630097698008e-17,0.1666666666666665,0.1666666666666667,0.1666666666666666,2.0,1.3333333333333333,1.0,4.0,1.0,0.3333333333333333,0.4444444444444445,0.0,1.0,0.0,2.0,1.3333333333333333,1.0,4.0,1.0,0.3333333333333333,0.4444444444444445,0.0,1.0,0.0,9.75,11.666666666666666,1.0,29.0,1.0,0.9166666666666666,0.125,0.6666666666666666,1.0,1.0,0.3333333333333333,0.3333333333333333,0.0,0.4,0.6,0.3,0.0,0.45,1,1,0,1,0,0,1,0,0,0,1,1,1,0,1.0,1.0,1,0.0,monophonic,high
122,2.0,1.5,1,6.0,3.5,6.0,6.0,3.5,0.5833333333333334,0.0,0.0,85.16666666666667,2.1666666666666665,79.0,90.0,85.5,0.1666666666666666,0.0,0.1666666666666666,0.1666666666666666,0.1666666666666666,0.1666666666666666,6.47630097698008e-17,0.1666666666666665,0.1666666666666667,0.1666666666666666,1.0,0.0,1.0,1.0,1.0,0.0,0.0,0.0,0.0,0.0,1.0,0.0,1.0,1.0,1.0,0.0,0.0,0.0,0.0,0.0,1.0,0.0,1.0,1.0,1.0,1.0,0.0,1.0,1.0,1.0,0.0,0.0,0.0,0.9090909090909092,0.0909090909090909,0.0,0.0,0.0,1,0,1,0,0,0,0,0,1,0,0,0,0,0,1.0,1.0,0,0.0,monophonic,high
123,2.0,1.5,1,10.5,4.0,3.5,3.5,3.0,0.3809523809523809,0.0,0.0,71.22222222222223,6.641975308641975,62.0,83.0,73.0,0.2857142857142857,0.0680272108843537,0.1666666666666666,0.3333333333333333,0.3333333333333333,0.2857142857142857,0.0680272108843537,0.1666666666666665,0.3333333333333335,0.3333333333333333,3.0,0.0,3.0,3.0,3.0,1.7142857142857142,0.4081632653061225,1.0,2.0,2.0,3.0,0.0,3.0,3.0,3.0,1.6666666666666667,0.4444444444444443,1.0,2.0,2.0,18.666666666666668,1.8888888888888893,17.0,22.0,17.5,0.75,0.25,0.3333333333333333,1.0,0.8333333333333333,0.5714285714285714,0.2857142857142857,0.2857142857142857,0.1666666666666666,0.2777777777777778,0.3888888888888889,0.1666666666666666,0.5555555555555556,1,0,0,0,1,1,1,1,0,0,0,1,0,0,3.0,1.0,1,0.2857142857142857,homorhythmic,high
124,2.0,1.5,1,7.0,5.0,4.5,4.5,3.5,0.7142857142857143,0.0,0.0,73.63636363636364,7.1900826446281,62.0,88.0,74.0,0.2619047619047619,0.0816326530612244,0.1666666666666666,0.3333333333333333,0.3333333333333333,0.2222222222222222,0.074074074074074,0.1666666666666665,0.3333333333333333,0.1666666666666667,1.5555555555555556,0.7407407407407408,1.0,3.0,1.0,0.4444444444444444,0.5925925925925926,0.0,2.0,0.0,1.8333333333333333,0.8333333333333334,1.0,3.0,1.5,0.6666666666666666,0.6666666666666666,0.0,2.0,0.5,8.333333333333334,7.333333333333333,1.0,17.0,7.0,1.0,0.0,1.0,1.0,1.0,0.2222222222222222,0.1111111111111111,0.2222222222222222,0.4545454545454545,0.1818181818181818,0.2727272727272727,0.1818181818181818,0.2727272727272727,1,0,1,0,0,0,1,0,1,0,0,0,1,1,1.5,0.8484848484848485,1,0.2222222222222222,homorhythmic,high
125,2.0,1.5,1,10.5,4.0,3.5,3.5,3.0,0.3809523809523809,0.0,0.0,70.30555555555556,6.194444444444445,62.0,79.0,71.0,0.2857142857142857,0.0680272108843537,0.1666666666666666,0.3333333333333333,0.3333333333333333,0.2857142857142857,0.0680272108843537,0.1666666666666665,0.3333333333333335,0.3333333333333333,3.0,0.0,3.0,3.0,3.0,1.2857142857142858,0.4081632653061225,1.0,2.0,1.0,3.0,0.0,3.0,3.0,3.0,1.3333333333333333,0.4444444444444444,1.0,2.0,1.0,16.916666666666668,0.6388888888888881,15.0,18.0,17.0,0.8055555555555555,0.2268518518518518,0.3333333333333333,1.0,1.0,0.5714285714285714,0.5714285714285714,0.4285714285714285,0.2222222222222222,0.2222222222222222,0.5,0.2777777777777778,0.5555555555555556,1,0,0,0,1,0,1,1,0,0,0,1,0,0,3.0,1.0,1,0.4285714285714285,homorhythmic,high
126,2.0,1.5,1,10.5,4.0,3.5,3.5,3.5,0.3809523809523809,0.0,0.0,67.30555555555556,4.262345679012346,62.0,74.0,66.5,0.2857142857142857,0.0680272108843537,0.1666666666666666,0.3333333333333333,0.3333333333333333,0.2857142857142857,0.0680272108843537,0.1666666666666665,0.3333333333333335,0.3333333333333333,3.0,0.0,3.0,3.0,3.0,0.8571428571428571,0.2448979591836735,0.0,1.0,1.0,3.0,0.0,3.0,3.0,3.0,0.8333333333333334,0.2777777777777777,0.0,1.0,1.0,12.416666666666666,0.8750000000000003,10.0,13.0,13.0,0.8333333333333334,0.2499999999999999,0.3333333333333333,1.0,1.0,0.4285714285714285,0.5714285714285714,0.7142857142857143,0.2222222222222222,0.4444444444444444,0.6111111111111112,0.5,0.5555555555555556,1,0,0,0,1,0,1,0,0,0,0,1,0,0,3.0,1.0,1,0.7142857142857143,homorhythmic,high
127,2.0,1.5,1,10.5,4.0,3.5,3.5,3.5,0.3809523809523809,0.0,0.0,67.30555555555556,4.262345679012346,62.0,74.0,66.5,0.2857142857142857,0.0680272108843537,0.1666666666666666,0.3333333333333333,0.3333333333333333,0.2857142857142857,0.0680272108843537,0.1666666666666665,0.3333333333333335,0.3333333333333333,3.0,0.0,3.0,3.0,3.0,0.8571428571428571,0.2448979591836735,0.0,1.0,1.0,3.0,0.0,3.0,3.0,3.0,0.8333333333333334,0.2777777777777777,0.0,1.0,1.0,12.416666666666666,0.8750000000000003,10.0,13.0,13.0,0.8333333333333334,0.2499999999999999,0.3333333333333333,1.0,1.0,0.4285714285714285,0.5714285714285714,0.7142857142857143,0.2222222222222222,0.4444444444444444,0.6111111111111112,0.5,0.5555555555555556,1,0,0,0,1,0,1,0,0,0,0,1,0,0,3.0,1.0,1,0.7142857142857143,homorhythmic,high
128,2.0,1.5,1,18.0,8.5,6.0,6.0,3.5,0.4722222222222222,0.0,0.0,70.83333333333333,8.555555555555559,62.0,93.0,66.5,0.1666666666666666,0.0,0.1666666666666666,0.1666666666666666,0.1666666666666666,0.1666666666666666,6.47630097698008e-17,0.1666666666666665,0.1666666666666667,0.1666666666666666,3.0,0.0,3.0,3.0,3.0,1.3333333333333333,0.4444444444444444,1.0,2.0,1.0,3.0,0.0,3.0,3.0,3.0,1.3333333333333333,0.4444444444444445,1.0,2.0,1.0,22.666666666666668,5.166666666666665,13.0,32.0,23.0,0.7777777777777777,0.2222222222222222,0.3333333333333333,1.0,0.8333333333333333,0.4166666666666667,0.5,0.0833333333333333,0.4848484848484848,0.2424242424242424,0.3939393939393939,0.0909090909090909,0.5151515151515151,1,0,0,0,1,0,1,0,0,0,0,0,0,0,3.0,1.0,1,0.0833333333333333,homorhythmic,high
129,2.0,1.5,1,10.5,4.0,3.5,3.5,3.5,0.3809523809523809,0.0,0.0,71.30555555555556,9.407407407407408,62.0,86.0,66.5,0.2857142857142857,0.0680272108843537,0.1666666666666666,0.3333333333333333,0.3333333333333333,0.2857142857142857,0.0680272108843537,0.1666666666666665,0.3333333333333335,0.3333333333333333,3.0,0.0,3.0,3.0,3.0,1.1428571428571428,0.2448979591836734,1.0,2.0,1.0,3.0,0.0,3.0,3.0,3.0,1.1666666666666667,0.2777777777777778,1.0,2.0,1.0,24.416666666666668,0.8749999999999994,22.0,25.0,25.0,0.8333333333333334,0.2499999999999999,0.3333333333333333,1.0,1.0,0.2857142857142857,0.5714285714285714,0.0,0.2222222222222222,0.4444444444444444,0.3888888888888889,0.0,0.5555555555555556,1,0,0,0,1,0,1,1,0,0,0,1,0,0,3.0,1.0,1,0.0,homorhythmic,high
130,2.0,1.5,1,8.0,4.0,6.0,6.0,3.5,0.5,0.0,0.0,79.4375,7.7734375,62.0,88.0,85.0,0.1666666666666666,0.0,0.1666666666666666,0.1666666666666666,0.1666666666666666,0.1666666666666666,6.47630097698008e-17,0.1666666666666665,0.1666666666666667,0.1666666666666666,1.3333333333333333,0.5555555555555555,1.0,3.0,1.0,0.1666666666666666,0.2777777777777778,0.0,1.0,0.0,1.3333333333333333,0.5555555555555555,1.0,3.0,1.0,0.1666666666666666,0.2777777777777778,0.0,1.0,0.0,4.916666666666667,6.527777777777778,1.0,25.0,1.0,0.9722222222222222,0.0509259259259259,0.6666666666666666,1.0,1.0,0.1666666666666666,0.0,0.0,0.7692307692307693,0.2307692307692307,0.0,0.0,0.1538461538461538,0,0,1,0,0,0,0,0,1,0,0,0,1,0,1.0,1.0,1,0.0,monophonic,high
131,2.0,1.5,1,10.5,4.0,3.5,3.5,3.0,0.3809523809523809,0.0,0.0,71.22222222222223,6.641975308641975,62.0,83.0,73.0,0.2857142857142857,0.0680272108843537,0.1666666666666666,0.3333333333333333,0.3333333333333333,0.2857142857142857,0.0680272108843537,0.1666666666666665,0.3333333333333335,0.3333333333333333,3.0,0.0,3.0,3.0,3.0,1.7142857142857142,0.4081632653061225,1.0,2.0,2.0,3.0,0.0,3.0,3.0,3.0,1.6666666666666667,0.4444444444444443,1.0,2.0,2.0,18.666666666666668,1.8888888888888893,17.0,22.0,17.5,0.75,0.25,0.3333333333333333,1.0,0.8333333333333333,0.5714285714285714,0.2857142857142857,0.2857142857142857,0.1666666666666666,0.2777777777777778,0.3888888888888889,0.1666666666666666,0.5555555555555556,1,0,0,0,1,1,1,1,0,0,0,1,0,0,3.0,1.0,1,0.2857142857142857,homorhythmic,high
132,2.0,1.5,1,7.0,5.0,4.5,4.5,3.5,0.7142857142857143,0.0,0.0,73.63636363636364,7.1900826446281,62.0,88.0,74.0,0.2619047619047619,0.0816326530612244,0.1666666666666666,0.3333333333333333,0.3333333333333333,0.2222222222222222,0.074074074074074,0.1666666666666665,0.3333333333333333,0.1666666666666667,1.5555555555555556,0.7407407407407408,1.0,3.0,1.0,0.4444444444444444,0.5925925925925926,0.0,2.0,0.0,1.8333333333333333,0.8333333333333334,1.0,3.0,1.5,0.6666666666666666,0.6666666666666666,0.0,2.0,0.5,8.333333333333334,7.333333333333333,1.0,17.0,7.0,1.0,0.0,1.0,1.0,1.0,0.2222222222222222,0.1111111111111111,0.2222222222222222,0.4545454545454545,0.1818181818181818,0.2727272727272727,0.1818181818181818,0.2727272727272727,1,0,1,0,0,0,1,0,1,0,0,0,1,1,1.5,0.8484848484848485,1,0.2222222222222222,homorhythmic,high
133,2.0,1.5,1,10.5,4.5,3.5,3.5,3.0,0.4285714285714285,0.0,0.0,70.69444444444444,7.839506172839506,58.0,88.0,73.0,0.2857142857142857,0.0680272108843537,0.1666666666666666,0.3333333333333333,0.3333333333333333,0.2857142857142857,0.0680272108843537,0.1666666666666665,0.3333333333333335,0.3333333333333333,3.0,0.0,3.0,3.0,3.0,1.5714285714285714,0.489795918367347,1.0,2.0,2.0,3.0,0.0,3.0,3.0,3.0,1.5,0.5,1.0,2.0,1.5,21.583333333333332,4.777777777777778,17.0,31.0,19.0,0.9722222222222222,0.0509259259259259,0.6666666666666666,1.0,1.0,0.5714285714285714,0.2857142857142857,0.4285714285714285,0.0555555555555555,0.2777777777777778,0.3888888888888889,0.3333333333333333,0.5555555555555556,1,0,0,0,1,1,1,1,0,0,0,1,0,0,3.0,1.0,1,0.4285714285714285,homorhythmic,high
134,2.0,1.5,1,10.5,5.0,3.5,3.5,2.5,0.4761904761904761,0.0,0.0,69.02777777777777,9.475308641975309,54.0,86.0,69.0,0.2857142857142857,0.0680272108843537,0.1666666666666666,0.3333333333333333,0.3333333333333333,0.2857142857142857,0.0680272108843537,0.1666666666666665,0.3333333333333335,0.3333333333333333,3.0,0.0,3.0,3.0,3.0,1.8571428571428572,0.2448979591836734,1.0,2.0,2.0,3.0,0.0,3.0,3.0,3.0,1.8333333333333333,0.2777777777777778,1.0,2.0,2.0,27.083333333333332,2.0277777777777786,21.0,31.0,28.0,0.9722222222222222,0.0509259259259259,0.6666666666666666,1.0,1.0,0.1428571428571428,0.2857142857142857,0.4285714285714285,0.0555555555555555,0.1111111111111111,0.3888888888888889,0.3888888888888889,0.5,1,0,0,0,1,1,1,1,0,0,0,1,0,0,3.0,1.0,1,0.4285714285714285,homorhythmic,high
135,2.0,1.5,1,13.5,6.0,4.5,4.5,3.5,0.4444444444444444,0.0,0.0,66.11111111111111,10.34567901234568,51.0,84.0,64.5,0.2222222222222222,0.074074074074074,0.1666666666666666,0.3333333333333333,0.1666666666666666,0.2222222222222222,0.074074074074074,0.1666666666666665,0.3333333333333333,0.1666666666666667,3.0,0.0,3.0,3.0,3.0,2.0,0.0,2.0,2.0,2.0,3.0,0.0,3.0,3.0,3.0,2.0,0.0,2.0,2.0,2.0,29.333333333333332,1.944444444444444,21.0,34.0,29.0,0.9166666666666666,0.1388888888888889,0.3333333333333333,1.0,1.0,0.2222222222222222,0.1111111111111111,0.5555555555555556,0.0833333333333333,0.2916666666666667,0.1666666666666666,0.3333333333333333,0.5,1,0,0,0,1,1,1,1,0,0,0,1,0,0,3.0,1.0,1,0.5555555555555556,homorhythmic,high
136,2.0,1.5,1,18.0,6.5,6.0,6.0,3.5,0.3611111111111111,0.0,0.0,65.16666666666667,8.055555555555554,52.0,81.0,65.5,0.1666666666666666,0.0,0.1666666666666666,0.1666666666666666,0.1666666666666666,0.1666666666666666,6.47630097698008e-17,0.1666666666666665,0.1666666666666667,0.1666666666666666,3.0,0.0,3.0,3.0,3.0,1.9166666666666667,0.1527777777777777,1.0,2.0,2.0,3.0,0.0,3.0,3.0,3.0,1.9166666666666667,0.1527777777777777,1.0,2.0,2.0,22.5,2.6666666666666665,17.0,28.0,22.5,0.75,0.25,0.3333333333333333,1.0,0.8333333333333333,0.25,0.4166666666666667,0.4166666666666667,0.3636363636363636,0.0909090909090909,0.3636363636363636,0.3333333333333333,0.4848484848484848,1,0,0,0,1,0,1,1,0,0,0,1,0,0,3.0,1.0,1,0.4166666666666667,homorhythmic,high
137,2.0,1.5,1,8.5,4.0,3.5,3.5,2.5,0.4705882352941176,0.0,0.0,61.535714285714285,7.887755102040815,46.0,76.0,64.0,0.2745098039215686,0.0761245674740484,0.1666666666666666,0.3333333333333333,0.3333333333333333,0.2857142857142857,0.0680272108843537,0.1666666666666665,0.3333333333333335,0.3333333333333333,2.4285714285714284,0.816326530612245,1.0,3.0,3.0,1.1428571428571428,0.7346938775510203,0.0,2.0,1.0,2.3333333333333335,0.8888888888888887,1.0,3.0,3.0,1.0,0.6666666666666666,0.0,2.0,1.0,15.583333333333334,10.583333333333334,1.0,31.0,17.0,0.9722222222222222,0.0509259259259259,0.6666666666666666,1.0,1.0,0.2857142857142857,0.1428571428571428,0.2857142857142857,0.0,0.1428571428571428,0.2857142857142857,0.2857142857142857,0.5714285714285714,1,0,0,0,1,0,1,1,0,0,0,1,0,1,3.0,1.0,1,0.2857142857142857,homorhythmic,high
138,2.0,1.5,1,10.5,5.0,3.5,3.5,2.5,0.4761904761904761,0.0,0.0,57.02777777777778,9.47530864197531,42.0,74.0,57.0,0.2857142857142857,0.0680272108843537,0.1666666666666666,0.3333333333333333,0.3333333333333333,0.2857142857142857,0.0680272108843537,0.1666666666666665,0.3333333333333335,0.3333333333333333,3.0,0.0,3.0,3.0,3.0,1.8571428571428572,0.2448979591836734,1.0,2.0,2.0,3.0,0.0,3.0,3.0,3.0,1.8333333333333333,0.2777777777777778,1.0,2.0,2.0,27.083333333333332,2.0277777777777786,21.0,31.0,28.0,0.9722222222222222,0.0509259259259259,0.6666666666666666,1.0,1.0,0.1428571428571428,0.2857142857142857,0.4285714285714285,0.0555555555555555,0.1111111111111111,0.3888888888888889,0.3888888888888889,0.5,1,0,0,0,1,1,1,1,0,0,0,1,0,0,3.0,1.0,1,0.4285714285714285,homorhythmic,high
139,2.0,1.5,1,13.5,6.0,4.5,4.5,3.5,0.4444444444444444,0.0,0.0,56.111111111111114,12.814814814814817,39.0,84.0,52.5,0.2222222222222222,0.074074074074074,0.1666666666666666,0.3333333333333333,0.1666666666666666,0.2222222222222222,0.074074074074074,0.1666666666666665,0.3333333333333333,0.1666666666666667,3.0,0.0,3.0,3.0,3.0,2.0,0.0,2.0,2.0,2.0,3.0,0.0,3.0,3.0,3.0,2.0,0.0,2.0,2.0,2.0,35.333333333333336,6.722222222222221,29.0,46.0,31.0,0.9166666666666666,0.1388888888888889,0.3333333333333333,1.0,1.0,0.2222222222222222,0.1111111111111111,0.4444444444444444,0.0833333333333333,0.25,0.1666666666666666,0.25,0.5416666666666666,1,0,1,0,1,1,1,1,1,0,0,1,0,0,3.0,1.0,1,0.4444444444444444,homorhythmic,high
140,2.0,1.5,1,18.0,6.5,6.0,6.0,3.5,0.3611111111111111,0.0,0.0,57.166666666666664,12.555555555555555,40.0,81.0,53.5,0.1666666666666666,0.0,0.1666666666666666,0.1666666666666666,0.1666666666666666,0.1666666666666666,6.47630097698008e-17,0.1666666666666665,0.1666666666666667,0.1666666666666666,3.0,0.0,3.0,3.0,3.0,2.0,0.0,2.0,2.0,2.0,3.0,0.0,3.0,3.0,3.0,2.0,0.0,2.0,2.0,2.0,34.5,2.6666666666666665,29.0,40.0,34.5,0.75,0.25,0.3333333333333333,1.0,0.8333333333333333,0.0,0.3333333333333333,0.3333333333333333,0.3636363636363636,0.0606060606060606,0.2727272727272727,0.2727272727272727,0.4848484848484848,1,0,0,0,1,0,1,1,0,0,0,1,0,0,3.0,1.0,1,0.3333333333333333,homorhythmic,high
141,2.0,1.5,1,8.0,7.0,6.0,6.0,3.5,0.875,0.0,0.0,61.625,6.625,50.0,74.0,61.5,0.1666666666666666,0.0,0.1666666666666666,0.1666666666666666,0.1666666666666666,0.1666666666666666,6.47630097698008e-17,0.1666666666666665,0.1666666666666667,0.1666666666666666,1.3333333333333333,0.5555555555555555,1.0,3.0,1.0,0.1666666666666666,0.2777777777777778,0.0,1.0,0.0,1.3333333333333333,0.5555555555555555,1.0,3.0,1.0,0.1666666666666666,0.2777777777777778,0.0,1.0,0.0,4.916666666666667,6.527777777777778,1.0,25.0,1.0,0.9722222222222222,0.0509259259259259,0.6666666666666666,1.0,1.0,0.1666666666666666,0.0,0.0,0.8461538461538461,0.1538461538461538,0.0,0.0,0.1538461538461538,1,0,1,0,0,0,0,0,1,0,0,0,1,0,1.0,1.0,1,0.0,monophonic,high
142,2.0,1.5,1,12.0,9.5,6.0,6.0,3.5,0.7916666666666666,0.0,0.0,50.333333333333336,6.86111111111111,35.0,66.0,50.0,0.1666666666666666,0.0,0.1666666666666666,0.1666666666666666,0.1666666666666666,0.1666666666666666,6.47630097698008e-17,0.1666666666666665,0.1666666666666667,0.1666666666666666,2.0,0.0,2.0,2.0,2.0,1.0,0.0,1.0,1.0,1.0,2.0,0.0,2.0,2.0,2.0,1.0,0.0,1.0,1.0,1.0,13.0,0.0,13.0,13.0,13.0,1.0,0.0,1.0,1.0,1.0,0.0,0.0,1.0,1.0,0.0,0.0,0.0,0.0,1,0,1,0,1,1,1,1,1,0,0,0,0,0,2.0,1.0,1,1.0,homorhythmic,high
143,2.0,1.5,1,24.0,9.0,6.0,6.0,3.0,0.375,0.0,0.0,54.541666666666664,15.295138888888886,34.0,79.0,46.5,0.1666666666666666,0.0,0.1666666666666666,0.1666666666666666,0.1666666666666666,0.1666666666666666,6.47630097698008e-17,0.1666666666666665,0.1666666666666667,0.1666666666666666,4.0,1.0,3.0,5.0,4.0,1.0,0.0,1.0,1.0,1.0,4.0,1.0,3.0,5.0,4.0,1.0,0.0,1.0,1.0,1.0,29.0,7.333333333333333,13.0,45.0,29.0,1.0,0.0,1.0,1.0,1.0,0.5,1.0,0.6666666666666666,0.0465116279069767,0.627906976744186,0.5813953488372093,0.3023255813953488,0.6976744186046512,1,1,0,1,1,0,1,1,0,0,0,1,0,0,4.0,1.0,1,0.6666666666666666,homorhythmic,high
144,2.0,1.5,1,21.0,8.5,6.0,6.0,3.5,0.4047619047619047,0.0,0.0,60.95238095238095,11.32879818594104,46.0,79.0,57.0,0.1666666666666666,0.0,0.1666666666666666,0.1666666666666666,0.1666666666666666,0.1666666666666666,6.47630097698008e-17,0.1666666666666665,0.1666666666666667,0.1666666666666666,3.5,0.5,3.0,4.0,3.5,0.9166666666666666,0.1527777777777778,0.0,1.0,1.0,3.5,0.5,3.0,4.0,3.5,0.9166666666666666,0.1527777777777779,0.0,1.0,1.0,22.833333333333332,6.000000000000001,12.0,33.0,22.5,0.8888888888888888,0.1851851851851852,0.3333333333333333,1.0,1.0,0.5,1.0,0.3333333333333333,0.0526315789473684,0.4736842105263157,0.631578947368421,0.1842105263157894,0.6578947368421053,1,0,0,0,1,0,1,0,0,0,0,1,0,0,3.5,1.0,1,0.3333333333333333,homorhythmic,high
145,2.0,1.5,1,24.0,8.5,6.0,6.0,3.0,0.3541666666666667,0.0,0.0,64.66666666666667,12.52777777777778,47.0,83.0,63.0,0.1666666666666666,0.0,0.1666666666666666,0.1666666666666666,0.1666666666666666,0.1666666666666666,6.47630097698008e-17,0.1666666666666665,0.1666666666666667,0.1666666666666666,4.0,0.0,4.0,4.0,4.0,0.9166666666666666,0.1527777777777778,0.0,1.0,1.0,4.0,0.0,4.0,4.0,4.0,0.9166666666666666,0.1527777777777779,0.0,1.0,1.0,24.0,6.0,13.0,35.0,24.0,0.8888888888888888,0.1481481481481481,0.6666666666666666,1.0,1.0,1.0,1.0,0.3333333333333333,0.0227272727272727,0.7727272727272727,0.5681818181818182,0.1590909090909091,0.7045454545454546,1,0,0,0,1,0,1,0,0,0,1,1,0,0,4.0,1.0,1,0.3333333333333333,homorhythmic,high
146,2.0,1.5,1,7.0,3.0,2.0,2.0,3.0,0.4285714285714285,0.0,0.0,80.72727272727273,4.9338842975206605,72.0,88.0,82.0,0.5238095238095238,0.272108843537415,0.3333333333333333,1.0,0.3333333333333333,0.5,0.25,0.3333333333333332,1.0,0.3333333333333333,3.5,0.5,3.0,4.0,3.5,1.75,0.375,1.0,2.0,2.0,3.6666666666666665,0.4444444444444445,3.0,4.0,4.0,1.5,0.5,1.0,2.0,1.5,16.166666666666668,0.2777777777777785,16.0,17.0,16.0,0.611111111111111,0.0925925925925926,0.3333333333333333,0.6666666666666666,0.6666666666666666,0.75,0.25,0.0,0.2,0.3,0.1,0.0,0.8,1,1,0,1,1,0,1,1,0,0,0,1,0,0,4.0,0.9545454545454546,1,0.0,homorhythmic,high
147,2.0,1.5,1,10.0,5.5,3.0,3.0,3.5,0.55,0.0,0.0,75.75,6.8,60.0,91.0,76.0,0.3333333333333333,0.15,0.1666666666666666,0.5,0.3333333333333333,0.3333333333333333,0.1111111111111111,0.1666666666666666,0.5,0.3333333333333333,3.3333333333333335,1.5555555555555554,1.0,5.0,4.0,1.3333333333333333,1.111111111111111,0.0,3.0,1.0,3.3333333333333335,1.5555555555555556,1.0,5.0,4.0,1.3333333333333333,1.111111111111111,0.0,3.0,1.0,15.666666666666666,9.777777777777777,1.0,27.0,20.0,0.7916666666666666,0.1736111111111111,0.6,1.0,0.6833333333333333,0.6666666666666666,0.6666666666666666,0.1666666666666666,0.125,0.3125,0.375,0.0625,0.5625,1,1,0,1,1,0,1,1,0,0,0,1,0,1,4.0,1.0,1,0.1666666666666666,homorhythmic,high
148,2.0,1.5,1,6.0,6.0,6.0,6.0,3.5,1.0,0.0,0.0,55.833333333333336,5.166666666666667,46.0,65.0,56.0,0.1666666666666666,0.0,0.1666666666666666,0.1666666666666666,0.1666666666666666,0.1666666666666666,6.47630097698008e-17,0.1666666666666665,0.1666666666666667,0.1666666666666666,1.0,0.0,1.0,1.0,1.0,0.0,0.0,0.0,0.0,0.0,1.0,0.0,1.0,1.0,1.0,0.0,0.0,0.0,0.0,0.0,1.0,0.0,1.0,1.0,1.0,1.0,0.0,1.0,1.0,1.0,0.0,0.0,0.0,1.0,0.0,0.0,0.0,0.0,1,0,1,0,0,0,0,0,1,0,0,0,1,0,1.0,1.0,0,0.0,monophonic,high
149,2.0,1.5,1,12.0,9.5,6.0,6.0,3.5,0.7916666666666666,0.0,0.0,52.833333333333336,6.999999999999997,38.0,69.0,52.5,0.1666666666666666,0.0,0.1666666666666666,0.1666666666666666,0.1666666666666666,0.1666666666666666,6.47630097698008e-17,0.1666666666666665,0.1666666666666667,0.1666666666666666,2.0,0.0,2.0,2.0,2.0,1.0,0.0,1.0,1.0,1.0,2.0,0.0,2.0,2.0,2.0,1.0,0.0,1.0,1.0,1.0,14.0,1.8333333333333333,13.0,25.0,13.0,1.0,0.0,1.0,1.0,1.0,0.0,0.0,0.9166666666666666,0.9545454545454546,0.0,0.0,0.0,0.0,1,0,1,0,0,1,1,1,1,0,0,0,0,0,2.0,1.0,1,0.9166666666666666,homorhythmic,high
150,2.0,1.5,1,21.0,8.5,6.0,6.0,3.0,0.4047619047619047,0.0,0.0,51.904761904761905,11.32426303854875,37.0,70.0,47.5,0.1666666666666666,0.0,0.1666666666666666,0.1666666666666666,0.1666666666666666,0.1666666666666666,6.47630097698008e-17,0.1666666666666665,0.1666666666666667,0.1666666666666666,3.5,0.5,3.0,4.0,3.5,0.9166666666666666,0.1527777777777778,0.0,1.0,1.0,3.5,0.5,3.0,4.0,3.5,0.9166666666666666,0.1527777777777779,0.0,1.0,1.0,23.0,6.0,13.0,33.0,23.0,1.0,0.0,1.0,1.0,1.0,0.5,1.0,0.4166666666666667,0.0526315789473684,0.4736842105263157,0.6842105263157895,0.2105263157894736,0.6578947368421053,1,0,0,0,1,0,1,0,0,0,0,1,0,0,3.5,1.0,1,0.4166666666666667,homorhythmic,high
151,2.0,1.5,1,21.0,8.5,6.0,6.0,3.0,0.4047619047619047,0.0,0.0,51.904761904761905,11.32426303854875,37.0,70.0,47.5,0.1666666666666666,0.0,0.1666666666666666,0.1666666666666666,0.1666666666666666,0.1666666666666666,6.47630097698008e-17,0.1666666666666665,0.1666666666666667,0.1666666666666666,3.5,0.5,3.0,4.0,3.5,0.9166666666666666,0.1527777777777778,0.0,1.0,1.0,3.5,0.5,3.0,4.0,3.5,0.9166666666666666,0.1527777777777779,0.0,1.0,1.0,23.0,6.0,13.0,33.0,23.0,1.0,0.0,1.0,1.0,1.0,0.5,1.0,0.4166666666666667,0.0526315789473684,0.4736842105263157,0.6842105263157895,0.2105263157894736,0.6578947368421053,1,0,0,0,1,0,1,0,0,0,0,1,0,0,3.5,1.0,1,0.4166666666666667,homorhythmic,high
152,2.0,1.5,1,24.0,8.5,6.0,6.0,3.0,0.3541666666666667,0.0,0.0,55.666666666666664,12.527777777777777,38.0,74.0,54.0,0.1666666666666666,0.0,0.1666666666666666,0.1666666666666666,0.1666666666666666,0.1666666666666666,6.47630097698008e-17,0.1666666666666665,0.1666666666666667,0.1666666666666666,4.0,0.0,4.0,4.0,4.0,0.9166666666666666,0.1527777777777778,0.0,1.0,1.0,4.0,0.0,4.0,4.0,4.0,0.9166666666666666,0.1527777777777779,0.0,1.0,1.0,24.0,6.0,13.0,35.0,24.0,0.8888888888888888,0.1481481481481481,0.6666666666666666,1.0,1.0,1.0,1.0,0.3333333333333333,0.0227272727272727,0.7727272727272727,0.5681818181818182,0.1590909090909091,0.7045454545454546,1,0,0,0,1,0,1,0,0,0,0,1,0,0,4.0,1.0,1,0.3333333333333333,homorhythmic,high
153,2.0,1.5,1,6.0,2.5,1.5,1.5,2.5,0.4166666666666667,0.0,0.0,71.70833333333333,4.708333333333333,64.0,79.0,71.5,0.6666666666666666,0.2222222222222222,0.3333333333333333,1.0,0.6666666666666666,0.6666666666666666,0.2222222222222223,0.3333333333333332,1.0,0.6666666666666667,4.0,0.0,4.0,4.0,4.0,1.3333333333333333,0.4444444444444444,1.0,2.0,1.0,4.0,0.0,4.0,4.0,4.0,1.1666666666666667,0.2777777777777778,1.0,2.0,1.0,16.0,0.0,16.0,16.0,16.0,0.6666666666666666,0.0,0.6666666666666666,0.6666666666666666,0.6666666666666666,1.0,0.6666666666666666,0.0,0.125,0.5,0.375,0.0,0.875,1,1,0,1,1,0,1,0,0,0,0,1,0,0,4.0,1.0,1,0.0,homorhythmic,high
154,2.0,1.5,1,10.0,4.5,2.5,2.5,4.0,0.45,0.0,0.0,72.41666666666667,4.916666666666667,65.0,81.0,72.5,0.4,0.1066666666666666,0.3333333333333333,0.6666666666666666,0.3333333333333333,0.4,0.1066666666666666,0.3333333333333332,0.6666666666666666,0.3333333333333333,4.0,0.0,4.0,4.0,4.0,1.4,0.48,1.0,2.0,1.0,4.0,0.0,4.0,4.0,4.0,1.3333333333333333,0.4444444444444444,1.0,2.0,1.0,16.833333333333332,0.2777777777777785,16.0,17.0,17.0,0.8888888888888888,0.1481481481481481,0.6666666666666666,1.0,1.0,1.0,0.4,0.6,0.3125,0.5,0.375,0.3125,0.6875,1,1,0,1,1,1,1,1,0,0,0,1,0,0,4.0,1.0,1,0.6,homorhythmic,high
155,2.0,1.5,1,10.0,5.0,3.0,3.0,3.5,0.5,0.0,0.0,67.475,6.580000000000001,52.0,81.0,68.0,0.3333333333333333,0.15,0.1666666666666666,0.5,0.3333333333333333,0.3333333333333333,0.1111111111111111,0.1666666666666666,0.5,0.3333333333333333,3.3333333333333335,1.5555555555555554,1.0,5.0,4.0,1.1666666666666667,1.2222222222222223,0.0,3.0,0.5,3.3333333333333335,1.5555555555555556,1.0,5.0,4.0,1.25,1.1666666666666667,0.0,3.0,1.0,14.75,9.458333333333334,1.0,27.0,18.0,0.875,0.1666666666666666,0.6,1.0,1.0,0.6666666666666666,0.6666666666666666,0.3333333333333333,0.0625,0.375,0.4375,0.125,0.5625,1,1,0,1,1,0,1,1,0,0,0,1,0,1,4.0,1.0,1,0.3333333333333333,homorhythmic,high
157,2.0,1.5,1,12.5,6.0,2.5,2.5,3.5,0.48,0.0,0.0,56.766666666666666,6.664444444444444,45.0,71.0,57.0,0.4,0.1466666666666666,0.1666666666666666,0.6666666666666666,0.3333333333333333,0.4,0.1466666666666666,0.1666666666666667,0.6666666666666666,0.3333333333333333,5.0,0.0,5.0,5.0,5.0,2.0,0.4,1.0,3.0,2.0,5.0,0.0,5.0,5.0,5.0,2.1666666666666665,0.4166666666666666,1.0,3.0,2.0,24.0,1.6666666666666667,20.0,27.0,24.5,0.7666666666666666,0.1611111111111111,0.6,1.0,0.7,1.0,1.0,0.8,0.35,0.35,0.8,0.35,0.6,1,1,0,1,1,1,1,1,0,0,0,1,0,0,5.0,1.0,1,0.8,homorhythmic,high
158,2.0,1.5,1,11.0,5.0,2.0,2.0,2.0,0.4545454545454545,0.0,0.0,57.61764705882353,8.006920415224911,42.0,73.0,57.0,0.5151515151515151,0.2644628099173554,0.3333333333333333,1.0,0.3333333333333333,0.5,0.25,0.3333333333333333,1.0,0.3333333333333333,5.5,0.5,5.0,6.0,5.5,1.5,1.0,0.0,3.0,1.5,5.666666666666667,0.4444444444444443,5.0,6.0,6.0,2.0,1.0,0.0,3.0,2.5,27.0,5.0,20.0,32.0,28.5,1.0,0.0,1.0,1.0,1.0,1.0,1.0,1.0,0.0588235294117647,0.5882352941176471,0.5882352941176471,0.7058823529411765,0.6470588235294118,1,1,0,1,1,1,1,1,0,0,0,1,0,0,6.0,0.9705882352941176,1,1.0,homorhythmic,high
159,2.0,1.5,1,3.0,3.0,0.5,0.5,1.5,1.0,0.0,0.0,58.0,9.666666666666666,42.0,73.0,57.5,2.0,0.0,2.0,2.0,2.0,2.0,0.0,2.0,2.0,2.0,6.0,0.0,6.0,6.0,6.0,3.0,0.0,3.0,3.0,3.0,6.0,0.0,6.0,6.0,6.0,3.0,0.0,3.0,3.0,3.0,32.0,0.0,32.0,32.0,32.0,1.0,0.0,1.0,1.0,1.0,1.0,1.0,1.0,0.0,0.0,0.0,0.0,0.0,1,1,0,1,0,1,1,1,0,1,0,1,0,0,6.0,1.0,1,1.0,homorhythmic,high
160,2.0,1.5,1,11.0,5.0,2.0,2.0,2.5,0.4545454545454545,0.0,0.0,58.46666666666667,5.8,45.0,73.0,59.0,0.4545454545454545,0.1983471074380165,0.3333333333333333,1.0,0.3333333333333333,0.5,0.25,0.3333333333333333,1.0,0.3333333333333333,5.5,0.75,4.0,6.0,6.0,1.0,0.5,0.0,2.0,1.0,5.0,1.0,4.0,6.0,5.0,1.0,0.3333333333333333,0.0,2.0,1.0,19.0,6.0,13.0,29.0,17.0,0.75,0.25,0.5,1.0,0.75,1.0,0.75,1.0,0.125,0.6875,0.8125,0.8125,0.75,1,1,0,1,1,1,1,1,0,0,0,1,0,0,5.0,1.0,1,1.0,homorhythmic,high
161,2.0,1.5,1,12.5,6.0,2.5,2.5,3.5,0.48,0.0,0.0,56.766666666666666,6.664444444444444,45.0,71.0,57.0,0.4,0.1466666666666666,0.1666666666666666,0.6666666666666666,0.3333333333333333,0.4,0.1466666666666666,0.1666666666666667,0.6666666666666666,0.3333333333333333,5.0,0.0,5.0,5.0,5.0,2.0,0.4,1.0,3.0,2.0,5.0,0.0,5.0,5.0,5.0,2.1666666666666665,0.4166666666666666,1.0,3.0,2.0,24.0,1.6666666666666667,20.0,27.0,24.5,0.7666666666666666,0.1611111111111111,0.6,1.0,0.7,1.0,1.0,0.8,0.35,0.35,0.8,0.35,0.6,1,1,0,1,1,1,1,1,0,0,0,1,0,0,5.0,1.0,1,0.8,homorhythmic,high
162,2.0,1.5,1,10.5,5.5,2.0,2.0,2.5,0.5238095238095238,0.0,0.0,58.78787878787879,8.253443526170798,44.0,76.0,57.0,0.5238095238095238,0.272108843537415,0.3333333333333333,1.0,0.3333333333333333,0.5,0.25,0.3333333333333333,1.0,0.3333333333333333,5.25,0.375,5.0,6.0,5.0,1.75,0.75,1.0,3.0,1.5,5.5,0.5,5.0,6.0,5.5,2.1666666666666665,0.8333333333333334,1.0,3.0,2.5,27.5,5.5,20.0,33.0,29.0,1.0,0.0,1.0,1.0,1.0,1.0,1.0,1.0,0.125,0.5,0.6875,0.5,0.5625,1,1,0,1,1,1,1,1,0,0,0,1,0,0,5.5,0.9545454545454546,1,1.0,homorhythmic,high
163,2.0,1.5,1,8.5,3.5,2.5,2.5,3.0,0.4117647058823529,0.0,0.0,67.9047619047619,6.517006802721092,54.0,78.0,69.0,0.4117647058823529,0.1510957324106112,0.1666666666666666,0.6666666666666666,0.3333333333333333,0.4,0.1466666666666666,0.1666666666666667,0.6666666666666666,0.3333333333333333,3.4,0.48,3.0,4.0,3.0,1.4,0.48,1.0,2.0,1.0,3.5,0.5,3.0,4.0,3.5,1.4166666666666667,0.4861111111111111,1.0,2.0,1.0,20.166666666666668,3.5,15.0,25.0,20.0,0.6111111111111112,0.2777777777777778,0.3333333333333333,1.0,0.5833333333333334,0.6,0.4,0.0,0.3076923076923077,0.4615384615384615,0.2307692307692307,0.0,0.6153846153846154,1,1,0,1,1,0,1,1,0,0,0,1,0,0,3.5,0.9714285714285714,1,0.0,homorhythmic,high
164,2.0,1.5,1,10.5,5.0,3.5,3.5,3.5,0.4761904761904761,0.0,0.0,64.86111111111111,7.058641975308642,51.0,76.0,68.0,0.2857142857142857,0.0680272108843537,0.1666666666666666,0.3333333333333333,0.3333333333333333,0.2857142857142857,0.0680272108843537,0.1666666666666666,0.3333333333333335,0.3333333333333332,3.0,0.0,3.0,3.0,3.0,1.4285714285714286,0.489795918367347,1.0,2.0,1.0,3.0,0.0,3.0,3.0,3.0,1.5,0.5,1.0,2.0,1.5,19.416666666666668,2.4166666666666665,17.0,25.0,18.5,0.8888888888888888,0.1851851851851852,0.3333333333333333,1.0,1.0,0.8571428571428571,0.1428571428571428,0.1428571428571428,0.2222222222222222,0.4444444444444444,0.3333333333333333,0.1666666666666666,0.5555555555555556,1,0,0,0,1,1,1,1,0,0,0,1,0,0,3.0,1.0,1,0.1428571428571428,homorhythmic,high
165,2.0,1.5,1,7.5,4.5,2.5,2.5,2.5,0.6,0.0,0.0,61.94444444444444,7.62962962962963,47.0,76.0,64.0,0.4,0.1066666666666666,0.3333333333333333,0.6666666666666666,0.3333333333333333,0.4,0.1066666666666667,0.3333333333333332,0.6666666666666667,0.3333333333333333,3.0,0.0,3.0,3.0,3.0,1.8,0.3199999999999999,1.0,2.0,2.0,3.0,0.0,3.0,3.0,3.0,1.8333333333333333,0.2777777777777778,1.0,2.0,2.0,21.833333333333332,3.8333333333333335,17.0,28.0,21.0,0.611111111111111,0.2777777777777777,0.3333333333333333,1.0,0.5,0.4,0.2,0.0,0.25,0.5,0.0833333333333333,0.0833333333333333,0.3333333333333333,1,1,0,1,1,1,1,1,0,0,0,0,0,0,3.0,1.0,1,0.0,homorhythmic,high
166,2.0,1.5,1,9.5,5.5,3.5,3.5,3.5,0.5789473684210527,0.0,0.0,64.3125,11.765625,45.0,83.0,60.0,0.2807017543859649,0.0720221606648199,0.1666666666666666,0.3333333333333333,0.3333333333333333,0.2857142857142857,0.0680272108843537,0.1666666666666667,0.3333333333333333,0.3333333333333332,2.7142857142857144,0.4081632653061224,2.0,3.0,3.0,1.2857142857142858,0.4081632653061225,1.0,2.0,1.0,2.6666666666666665,0.4444444444444446,2.0,3.0,3.0,1.1666666666666667,0.2777777777777778,1.0,2.0,1.0,29.333333333333332,5.0,18.0,37.0,29.5,0.6388888888888888,0.3148148148148148,0.0,1.0,0.6666666666666666,0.2857142857142857,0.4285714285714285,0.0,0.1764705882352941,0.1764705882352941,0.3529411764705882,0.1176470588235294,0.3529411764705882,1,0,0,0,1,0,1,1,0,0,0,0,0,0,3.0,1.0,1,0.0,homorhythmic,high
167,2.0,1.5,1,8.0,4.5,3.0,3.0,2.0,0.5625,0.0,0.0,64.75,13.0625,42.0,85.0,59.0,0.3333333333333333,0.0,0.3333333333333333,0.3333333333333333,0.3333333333333333,0.3333333333333333,5.551115123125783e-17,0.3333333333333332,0.3333333333333335,0.3333333333333333,2.6666666666666665,0.4444444444444445,2.0,3.0,3.0,1.0,0.0,1.0,1.0,1.0,2.6666666666666665,0.4444444444444445,2.0,3.0,3.0,1.0,0.0,1.0,1.0,1.0,32.0,4.0,25.0,44.0,31.0,1.0,0.0,1.0,1.0,1.0,0.5,0.1666666666666666,0.0,0.0,0.2857142857142857,0.2857142857142857,0.1428571428571428,0.3571428571428571,0,0,0,0,1,0,1,1,0,0,0,0,0,0,3.0,1.0,1,0.0,homorhythmic,high
168,2.0,1.5,1,8.0,4.0,3.0,3.0,3.0,0.5,0.0,0.0,66.0625,14.203125,41.0,85.0,60.0,0.3333333333333333,0.0,0.3333333333333333,0.3333333333333333,0.3333333333333333,0.3333333333333333,5.551115123125783e-17,0.3333333333333332,0.3333333333333335,0.3333333333333333,2.6666666666666665,0.4444444444444445,2.0,3.0,3.0,1.0,0.0,1.0,1.0,1.0,2.6666666666666665,0.4444444444444445,2.0,3.0,3.0,1.0,0.0,1.0,1.0,1.0,34.5,6.666666666666667,27.0,45.0,31.0,0.8333333333333334,0.2222222222222221,0.3333333333333333,1.0,1.0,0.5,0.0,0.0,0.0714285714285714,0.2142857142857142,0.1428571428571428,0.0714285714285714,0.5,1,0,0,0,1,0,1,1,0,0,0,1,0,0,3.0,1.0,1,0.0,homorhythmic,high
169,2.0,1.5,1,8.0,5.0,3.0,3.0,3.0,0.625,0.0,0.0,63.75,11.5625,45.0,85.0,59.0,0.3333333333333333,0.0,0.3333333333333333,0.3333333333333333,0.3333333333333333,0.3333333333333333,5.551115123125783e-17,0.3333333333333332,0.3333333333333335,0.3333333333333333,2.6666666666666665,0.4444444444444445,2.0,3.0,3.0,1.1666666666666667,0.2777777777777778,1.0,2.0,1.0,2.6666666666666665,0.4444444444444445,2.0,3.0,3.0,1.1666666666666667,0.2777777777777778,1.0,2.0,1.0,28.666666666666668,5.0,21.0,41.0,27.5,0.8888888888888888,0.1851851851851852,0.3333333333333333,1.0,1.0,0.3333333333333333,0.1666666666666666,0.0,0.0,0.2142857142857142,0.2857142857142857,0.0714285714285714,0.3571428571428571,1,0,0,0,1,0,1,1,0,0,0,0,0,0,3.0,1.0,1,0.0,homorhythmic,high
170,2.0,1.5,1,9.5,6.0,3.5,3.5,3.5,0.631578947368421,0.0,0.0,64.0625,11.953125,45.0,83.0,59.0,0.2807017543859649,0.0720221606648199,0.1666666666666666,0.3333333333333333,0.3333333333333333,0.2857142857142857,0.0680272108843537,0.1666666666666667,0.3333333333333333,0.3333333333333332,2.7142857142857144,0.4081632653061224,2.0,3.0,3.0,1.1428571428571428,0.2448979591836734,1.0,2.0,1.0,2.6666666666666665,0.4444444444444446,2.0,3.0,3.0,1.1666666666666667,0.2777777777777778,1.0,2.0,1.0,29.5,4.166666666666667,21.0,37.0,29.5,0.7222222222222222,0.324074074074074,0.3333333333333333,1.0,1.0,0.4285714285714285,0.1428571428571428,0.0,0.1764705882352941,0.2941176470588235,0.1764705882352941,0.0588235294117647,0.3529411764705882,1,0,0,0,1,0,1,1,0,0,0,0,0,0,3.0,1.0,1,0.0,homorhythmic,high
171,2.0,1.5,1,8.0,6.0,3.0,3.0,3.5,0.75,0.0,0.0,67.25,13.0625,46.0,88.0,61.5,0.3333333333333333,0.0,0.3333333333333333,0.3333333333333333,0.3333333333333333,0.3333333333333333,5.551115123125783e-17,0.3333333333333332,0.3333333333333335,0.3333333333333333,2.6666666666666665,0.4444444444444445,2.0,3.0,3.0,1.1666666666666667,0.2777777777777778,1.0,2.0,1.0,2.6666666666666665,0.4444444444444445,2.0,3.0,3.0,1.1666666666666667,0.2777777777777778,1.0,2.0,1.0,32.0,4.333333333333333,25.0,42.0,31.0,0.6666666666666666,0.3333333333333334,0.0,1.0,0.8333333333333333,0.3333333333333333,0.1666666666666666,0.0,0.0714285714285714,0.2142857142857142,0.1428571428571428,0.0714285714285714,0.2857142857142857,1,0,0,0,1,0,1,1,0,0,0,0,0,0,3.0,1.0,1,0.0,homorhythmic,high
172,2.0,1.5,1,8.0,5.5,3.0,3.0,3.0,0.6875,0.0,0.0,65.4375,13.296875,44.0,86.0,60.0,0.3333333333333333,0.0,0.3333333333333333,0.3333333333333333,0.3333333333333333,0.3333333333333333,5.551115123125783e-17,0.3333333333333332,0.3333333333333335,0.3333333333333333,2.6666666666666665,0.4444444444444445,2.0,3.0,3.0,1.1666666666666667,0.2777777777777778,1.0,2.0,1.0,2.6666666666666665,0.4444444444444445,2.0,3.0,3.0,1.1666666666666667,0.2777777777777778,1.0,2.0,1.0,32.666666666666664,4.0,25.0,42.0,32.5,0.9444444444444444,0.0925925925925926,0.6666666666666666,1.0,1.0,0.3333333333333333,0.3333333333333333,0.0,0.0714285714285714,0.2142857142857142,0.2857142857142857,0.0714285714285714,0.2857142857142857,1,0,0,0,1,0,1,1,0,0,0,0,0,0,3.0,1.0,1,0.0,homorhythmic,high
173,2.0,1.5,1,8.0,5.0,3.0,3.0,2.5,0.625,0.0,0.0,65.25,13.5625,38.0,88.0,60.5,0.3333333333333333,0.0,0.3333333333333333,0.3333333333333333,0.3333333333333333,0.3333333333333333,5.551115123125783e-17,0.3333333333333332,0.3333333333333335,0.3333333333333333,2.6666666666666665,0.4444444444444445,2.0,3.0,3.0,1.1666666666666667,0.2777777777777778,1.0,2.0,1.0,2.6666666666666665,0.4444444444444445,2.0,3.0,3.0,1.1666666666666667,0.2777777777777778,1.0,2.0,1.0,34.0,8.0,25.0,51.0,31.0,0.8333333333333334,0.2777777777777777,0.0,1.0,1.0,0.3333333333333333,0.3333333333333333,0.0,0.0714285714285714,0.3571428571428571,0.1428571428571428,0.0714285714285714,0.2142857142857142,0,0,0,0,1,1,1,1,0,0,0,0,0,0,3.0,1.0,1,0.0,homorhythmic,high
174,2.0,1.5,1,5.0,5.0,2.5,2.5,2.5,1.0,0.0,0.0,50.0,6.0,40.0,59.0,49.5,0.4,0.1466666666666666,0.1666666666666666,0.6666666666666666,0.3333333333333333,0.4,0.1466666666666666,0.1666666666666667,0.6666666666666666,0.3333333333333333,2.0,0.0,2.0,2.0,2.0,1.0,0.0,1.0,1.0,1.0,2.0,0.0,2.0,2.0,2.0,1.0,0.0,1.0,1.0,1.0,13.0,0.0,13.0,13.0,13.0,1.0,0.0,1.0,1.0,1.0,0.0,0.0,1.0,0.75,0.25,0.0,0.0,0.0,1,0,1,0,0,1,1,1,1,0,0,0,0,0,2.0,1.0,1,1.0,homorhythmic,high
175,2.0,1.5,1,18.0,7.0,6.0,6.0,4.0,0.3888888888888889,0.0,0.0,63.02777777777778,14.481481481481485,40.0,90.0,59.0,0.1666666666666666,0.0,0.1666666666666666,0.1666666666666666,0.1666666666666666,0.1666666666666666,6.47630097698008e-17,0.1666666666666665,0.1666666666666667,0.1666666666666666,3.0,0.0,3.0,3.0,3.0,2.0,0.0,2.0,2.0,2.0,3.0,0.0,3.0,3.0,3.0,2.0,0.0,2.0,2.0,2.0,39.583333333333336,3.819444444444444,32.0,46.0,41.0,0.8888888888888888,0.1851851851851852,0.3333333333333333,1.0,1.0,0.0,0.0,1.0,0.303030303030303,0.0909090909090909,0.0606060606060606,0.5454545454545454,0.5454545454545454,1,0,0,0,1,1,1,1,0,0,0,1,0,0,3.0,1.0,1,1.0,homorhythmic,high
176,2.0,1.5,1,18.0,7.0,6.0,6.0,4.0,0.3888888888888889,0.0,0.0,59.52777777777778,14.481481481481485,37.0,86.0,55.5,0.1666666666666666,0.0,0.1666666666666666,0.1666666666666666,0.1666666666666666,0.1666666666666666,6.47630097698008e-17,0.1666666666666665,0.1666666666666667,0.1666666666666666,3.0,0.0,3.0,3.0,3.0,2.0,0.0,2.0,2.0,2.0,3.0,0.0,3.0,3.0,3.0,2.0,0.0,2.0,2.0,2.0,39.583333333333336,3.4861111111111107,32.0,45.0,40.5,0.8888888888888888,0.1851851851851852,0.3333333333333333,1.0,1.0,0.0,0.0,1.0,0.3333333333333333,0.0606060606060606,0.0606060606060606,0.5454545454545454,0.5454545454545454,1,0,0,0,1,1,1,1,0,0,0,1,0,0,3.0,1.0,1,1.0,homorhythmic,high
177,2.0,1.5,1,18.0,7.0,6.0,6.0,4.0,0.3888888888888889,0.0,0.0,56.02777777777778,14.481481481481485,33.0,83.0,52.0,0.1666666666666666,0.0,0.1666666666666666,0.1666666666666666,0.1666666666666666,0.1666666666666666,6.47630097698008e-17,0.1666666666666665,0.1666666666666667,0.1666666666666666,3.0,0.0,3.0,3.0,3.0,2.0,0.0,2.0,2.0,2.0,3.0,0.0,3.0,3.0,3.0,2.0,0.0,2.0,2.0,2.0,39.583333333333336,3.819444444444444,32.0,46.0,41.0,0.8888888888888888,0.1851851851851852,0.3333333333333333,1.0,1.0,0.0,0.0,1.0,0.303030303030303,0.0909090909090909,0.0606060606060606,0.5454545454545454,0.5454545454545454,1,0,0,0,1,1,1,1,0,0,0,1,0,0,3.0,1.0,1,1.0,homorhythmic,high
178,2.0,1.5,1,19.5,9.0,6.0,6.0,3.5,0.4615384615384615,0.0,0.0,56.56410256410256,17.309664694280084,28.0,88.0,50.0,0.1666666666666666,0.0,0.1666666666666666,0.1666666666666666,0.1666666666666666,0.1666666666666666,6.47630097698008e-17,0.1666666666666665,0.1666666666666667,0.1666666666666666,3.25,0.4166666666666667,3.0,5.0,3.0,2.0,0.0,2.0,2.0,2.0,3.25,0.4166666666666667,3.0,5.0,3.0,2.0,0.0,2.0,2.0,2.0,42.833333333333336,6.305555555555556,34.0,61.0,41.5,1.0,0.0,1.0,1.0,1.0,0.1666666666666666,0.0833333333333333,1.0,0.0277777777777777,0.25,0.1944444444444444,0.5555555555555556,0.4722222222222222,1,1,0,1,1,1,1,1,0,0,0,0,0,0,3.0,1.0,1,1.0,homorhythmic,high
179,2.0,1.5,1,18.0,7.0,6.0,6.0,3.0,0.3888888888888889,0.0,0.0,58.583333333333336,12.157407407407412,41.0,85.0,55.0,0.1666666666666666,0.0,0.1666666666666666,0.1666666666666666,0.1666666666666666,0.1666666666666666,6.47630097698008e-17,0.1666666666666665,0.1666666666666667,0.1666666666666666,3.0,0.0,3.0,3.0,3.0,2.0,0.0,2.0,2.0,2.0,3.0,0.0,3.0,3.0,3.0,2.0,0.0,2.0,2.0,2.0,33.75,5.541666666666667,25.0,45.0,32.0,0.8888888888888888,0.1851851851851852,0.3333333333333333,1.0,1.0,0.0,0.0,1.0,0.0606060606060606,0.2121212121212121,0.0606060606060606,0.5757575757575758,0.5454545454545454,1,0,0,0,1,1,1,1,0,0,0,1,0,0,3.0,1.0,1,1.0,homorhythmic,high
180,2.0,1.5,1,18.0,7.0,6.0,6.0,2.5,0.3888888888888889,0.0,0.0,54.888888888888886,12.08641975308642,37.0,81.0,51.5,0.1666666666666666,0.0,0.1666666666666666,0.1666666666666666,0.1666666666666666,0.1666666666666666,6.47630097698008e-17,0.1666666666666665,0.1666666666666667,0.1666666666666666,3.0,0.0,3.0,3.0,3.0,2.0,0.0,2.0,2.0,2.0,3.0,0.0,3.0,3.0,3.0,2.0,0.0,2.0,2.0,2.0,33.666666666666664,5.611111111111111,25.0,45.0,32.0,0.8888888888888888,0.1851851851851852,0.3333333333333333,1.0,1.0,0.0,0.0,1.0,0.0606060606060606,0.1515151515151515,0.1212121212121212,0.5757575757575758,0.5454545454545454,1,0,0,0,1,1,1,1,0,0,0,1,0,0,3.0,1.0,1,1.0,homorhythmic,high
181,2.0,1.5,1,18.0,8.5,6.0,6.0,3.0,0.4722222222222222,0.0,0.0,54.666666666666664,15.999999999999996,34.0,90.0,48.0,0.1666666666666666,0.0,0.1666666666666666,0.1666666666666666,0.1666666666666666,0.1666666666666666,6.47630097698008e-17,0.1666666666666665,0.1666666666666667,0.1666666666666666,3.0,0.0,3.0,3.0,3.0,2.0,0.0,2.0,2.0,2.0,3.0,0.0,3.0,3.0,3.0,2.0,0.0,2.0,2.0,2.0,43.0,7.333333333333333,25.0,57.0,43.5,0.8888888888888888,0.1851851851851852,0.3333333333333333,1.0,1.0,0.0,0.0,1.0,0.0606060606060606,0.303030303030303,0.0909090909090909,0.5454545454545454,0.5454545454545454,1,0,1,0,1,1,1,1,1,0,0,0,0,0,3.0,1.0,1,1.0,homorhythmic,high
182,2.0,1.5,1,19.5,9.0,6.0,6.0,3.5,0.4615384615384615,0.0,0.0,56.56410256410256,17.309664694280084,28.0,88.0,50.0,0.1666666666666666,0.0,0.1666666666666666,0.1666666666666666,0.1666666666666666,0.1666666666666666,6.47630097698008e-17,0.1666666666666665,0.1666666666666667,0.1666666666666666,3.25,0.4166666666666667,3.0,5.0,3.0,2.0,0.0,2.0,2.0,2.0,3.25,0.4166666666666667,3.0,5.0,3.0,2.0,0.0,2.0,2.0,2.0,42.833333333333336,6.305555555555556,34.0,61.0,41.5,1.0,0.0,1.0,1.0,1.0,0.1666666666666666,0.0833333333333333,1.0,0.0277777777777777,0.25,0.1944444444444444,0.5555555555555556,0.4722222222222222,1,1,0,1,1,1,1,1,0,0,0,0,0,0,3.0,1.0,1,1.0,homorhythmic,high
183,2.0,1.5,1,22.0,8.0,6.0,6.0,3.5,0.3636363636363636,0.0,0.0,59.31818181818182,10.572314049586778,45.0,81.0,56.0,0.1666666666666666,0.0,0.1666666666666666,0.1666666666666666,0.1666666666666666,0.1666666666666666,6.47630097698008e-17,0.1666666666666665,0.1666666666666667,0.1666666666666666,3.6666666666666665,1.777777777777778,1.0,5.0,5.0,0.6666666666666666,0.6666666666666666,0.0,2.0,0.5,3.6666666666666665,1.7777777777777777,1.0,5.0,5.0,0.6666666666666666,0.6666666666666666,0.0,2.0,0.5,18.5,12.583333333333334,1.0,37.0,17.5,0.8333333333333334,0.1777777777777777,0.5,1.0,0.95,0.6666666666666666,0.6666666666666666,0.1666666666666666,0.4615384615384615,0.3333333333333333,0.5897435897435898,0.1025641025641025,0.6153846153846154,1,1,0,1,1,0,1,1,0,0,1,1,0,0,5.0,1.0,1,0.1666666666666666,homorhythmic,high
184,2.0,1.5,1,22.0,8.0,6.0,6.0,3.5,0.3636363636363636,0.0,0.0,55.63636363636363,7.421487603305787,45.0,76.0,52.0,0.1666666666666666,0.0,0.1666666666666666,0.1666666666666666,0.1666666666666666,0.1666666666666666,6.47630097698008e-17,0.1666666666666665,0.1666666666666667,0.1666666666666666,3.6666666666666665,1.777777777777778,1.0,5.0,5.0,0.8333333333333334,0.5555555555555555,0.0,2.0,1.0,3.6666666666666665,1.7777777777777777,1.0,5.0,5.0,0.8333333333333334,0.5555555555555555,0.0,2.0,1.0,17.0,10.666666666666666,1.0,32.0,21.0,0.875,0.1458333333333333,0.6,1.0,1.0,0.6666666666666666,0.6666666666666666,0.5,0.4102564102564102,0.2564102564102564,0.6153846153846154,0.2307692307692307,0.6153846153846154,1,1,0,1,1,0,1,1,0,0,1,1,0,0,5.0,1.0,1,0.5,homorhythmic,high
185,2.0,1.5,1,16.0,6.5,6.0,6.0,3.5,0.40625,0.0,0.0,64.8125,5.27734375,57.0,80.0,64.0,0.1666666666666666,0.0,0.1666666666666666,0.1666666666666666,0.1666666666666666,0.1666666666666666,6.47630097698008e-17,0.1666666666666665,0.1666666666666667,0.1666666666666666,2.6666666666666665,1.5555555555555554,1.0,5.0,2.0,0.3333333333333333,0.4444444444444445,0.0,1.0,0.0,2.6666666666666665,1.5555555555555554,1.0,5.0,2.0,0.3333333333333333,0.4444444444444445,0.0,1.0,0.0,8.583333333333334,6.180555555555556,1.0,20.0,7.0,0.8583333333333334,0.1888888888888888,0.5,1.0,1.0,0.5,0.5,0.1666666666666666,0.6,0.2333333333333333,0.5666666666666667,0.1333333333333333,0.5,1,1,0,1,1,0,1,0,0,0,1,1,1,1,2.0,1.0,1,0.1666666666666666,homorhythmic,high
186,2.0,1.5,1,22.0,8.0,6.0,6.0,3.5,0.3636363636363636,0.0,0.0,67.63636363636364,7.421487603305788,57.0,88.0,64.0,0.1666666666666666,0.0,0.1666666666666666,0.1666666666666666,0.1666666666666666,0.1666666666666666,6.47630097698008e-17,0.1666666666666665,0.1666666666666667,0.1666666666666666,3.6666666666666665,1.777777777777778,1.0,5.0,5.0,0.8333333333333334,0.5555555555555555,0.0,2.0,1.0,3.6666666666666665,1.7777777777777777,1.0,5.0,5.0,0.8333333333333334,0.5555555555555555,0.0,2.0,1.0,17.0,10.666666666666666,1.0,32.0,21.0,0.875,0.1458333333333333,0.6,1.0,1.0,0.6666666666666666,0.6666666666666666,0.5,0.4102564102564102,0.2564102564102564,0.6153846153846154,0.2307692307692307,0.6153846153846154,1,1,0,1,1,0,1,1,0,0,1,1,0,0,5.0,1.0,1,0.5,homorhythmic,high
187,2.0,1.5,1,12.0,9.5,6.0,6.0,3.5,0.7916666666666666,0.0,0.0,48.666666666666664,6.861111111111113,33.0,64.0,49.0,0.1666666666666666,0.0,0.1666666666666666,0.1666666666666666,0.1666666666666666,0.1666666666666666,6.47630097698008e-17,0.1666666666666665,0.1666666666666667,0.1666666666666666,2.0,0.0,2.0,2.0,2.0,1.0,0.0,1.0,1.0,1.0,2.0,0.0,2.0,2.0,2.0,1.0,0.0,1.0,1.0,1.0,13.0,0.0,13.0,13.0,13.0,1.0,0.0,1.0,1.0,1.0,0.0,0.0,1.0,1.0,0.0,0.0,0.0,0.0,1,0,1,0,1,1,1,1,1,0,0,0,0,0,2.0,1.0,1,1.0,homorhythmic,high
188,2.0,1.5,1,12.0,9.5,6.0,6.0,3.5,0.7916666666666666,0.0,0.0,69.33333333333333,6.861111111111112,54.0,85.0,69.0,0.1666666666666666,0.0,0.1666666666666666,0.1666666666666666,0.1666666666666666,0.1666666666666666,6.47630097698008e-17,0.1666666666666665,0.1666666666666667,0.1666666666666666,2.0,0.0,2.0,2.0,2.0,1.0,0.0,1.0,1.0,1.0,2.0,0.0,2.0,2.0,2.0,1.0,0.0,1.0,1.0,1.0,13.0,0.0,13.0,13.0,13.0,1.0,0.0,1.0,1.0,1.0,0.0,0.0,1.0,1.0,0.0,0.0,0.0,0.0,1,0,1,0,1,1,1,1,1,0,0,0,0,0,2.0,1.0,1,1.0,homorhythmic,high
189,2.0,1.5,1,16.0,6.0,2.0,2.0,2.5,0.375,0.0,0.0,72.1875,9.0390625,53.0,86.0,74.0,0.5,0.1666666666666666,0.3333333333333333,0.6666666666666666,0.5,0.5,0.1666666666666666,0.3333333333333332,0.6666666666666667,0.5,8.0,0.0,8.0,8.0,8.0,1.0,1.0,0.0,2.0,1.0,8.0,0.0,8.0,8.0,8.0,1.0,1.0,0.0,2.0,1.0,28.5,5.5,23.0,34.0,28.5,0.7142857142857143,0.0,0.7142857142857143,0.7142857142857143,0.7142857142857143,1.0,0.5,1.0,0.1666666666666666,0.7916666666666666,0.25,0.75,0.8333333333333334,1,1,0,1,1,1,1,1,0,0,0,1,0,0,8.0,1.0,1,1.0,homorhythmic,high
190,2.0,1.5,1,7.0,4.5,1.0,1.0,2.5,0.6428571428571429,0.0,0.0,70.85714285714286,10.591836734693878,54.0,86.0,74.0,1.0,0.0,1.0,1.0,1.0,1.0,0.0,1.0,1.0,1.0,7.0,0.0,7.0,7.0,7.0,1.5,0.5,1.0,2.0,1.5,7.0,0.0,7.0,7.0,7.0,1.5,0.5,1.0,2.0,1.5,32.5,0.5,32.0,33.0,32.5,0.9285714285714284,0.0714285714285714,0.8571428571428571,1.0,0.9285714285714286,1.0,1.0,1.0,0.2857142857142857,1.0,0.4285714285714285,0.4285714285714285,0.7142857142857143,1,1,0,1,1,1,1,1,0,0,0,1,0,0,7.0,1.0,1,1.0,homorhythmic,high
191,2.0,1.5,1,8.0,5.5,3.0,3.0,3.5,0.6875,0.0,0.0,62.75,7.59375,46.0,76.0,61.5,0.3333333333333333,0.0,0.3333333333333333,0.3333333333333333,0.3333333333333333,0.3333333333333333,5.551115123125783e-17,0.3333333333333332,0.3333333333333335,0.3333333333333333,2.6666666666666665,0.4444444444444445,2.0,3.0,3.0,1.1666666666666667,0.2777777777777778,1.0,2.0,1.0,2.6666666666666665,0.4444444444444445,2.0,3.0,3.0,1.1666666666666667,0.2777777777777778,1.0,2.0,1.0,20.0,4.333333333333333,13.0,30.0,19.0,0.6666666666666666,0.3333333333333334,0.0,1.0,0.8333333333333333,0.3333333333333333,0.1666666666666666,0.5,0.0714285714285714,0.2857142857142857,0.1428571428571428,0.2857142857142857,0.2857142857142857,1,0,0,0,1,1,1,1,0,0,0,0,0,0,3.0,1.0,1,0.5,homorhythmic,high
192,2.0,1.5,1,8.0,5.5,3.0,3.0,3.0,0.6875,0.0,0.0,60.9375,7.8125,44.0,74.0,60.0,0.3333333333333333,0.0,0.3333333333333333,0.3333333333333333,0.3333333333333333,0.3333333333333333,5.551115123125783e-17,0.3333333333333332,0.3333333333333335,0.3333333333333333,2.6666666666666665,0.4444444444444445,2.0,3.0,3.0,1.1666666666666667,0.2777777777777778,1.0,2.0,1.0,2.6666666666666665,0.4444444444444445,2.0,3.0,3.0,1.1666666666666667,0.2777777777777778,1.0,2.0,1.0,20.666666666666668,4.0,13.0,30.0,20.5,0.9444444444444444,0.0925925925925926,0.6666666666666666,1.0,1.0,0.3333333333333333,0.3333333333333333,0.5,0.0714285714285714,0.2142857142857142,0.3571428571428571,0.3571428571428571,0.2857142857142857,1,0,0,0,1,1,1,1,0,0,0,0,0,0,3.0,1.0,1,0.5,homorhythmic,high
193,2.0,1.5,1,11.0,7.0,3.0,3.0,2.5,0.6363636363636364,0.0,0.0,66.9090909090909,11.37190082644628,38.0,88.0,68.0,0.3333333333333333,0.0,0.3333333333333333,0.3333333333333333,0.3333333333333333,0.3333333333333333,5.551115123125783e-17,0.3333333333333332,0.3333333333333335,0.3333333333333333,3.6666666666666665,0.4444444444444445,3.0,4.0,4.0,2.1666666666666665,0.2777777777777777,2.0,3.0,2.0,3.6666666666666665,0.4444444444444445,3.0,4.0,4.0,2.1666666666666665,0.2777777777777777,2.0,3.0,2.0,34.0,8.0,25.0,51.0,31.0,0.8888888888888888,0.1851851851851852,0.3333333333333333,1.0,1.0,0.5,0.3333333333333333,1.0,0.1052631578947368,0.4210526315789473,0.1052631578947368,0.3157894736842105,0.2105263157894736,1,0,0,0,1,1,1,1,0,0,0,0,0,0,4.0,1.0,1,1.0,homorhythmic,high
194,2.0,1.5,1,12.0,9.5,6.0,6.0,3.5,0.7916666666666666,0.0,0.0,48.666666666666664,6.861111111111113,33.0,64.0,49.0,0.1666666666666666,0.0,0.1666666666666666,0.1666666666666666,0.1666666666666666,0.1666666666666666,6.47630097698008e-17,0.1666666666666665,0.1666666666666667,0.1666666666666666,2.0,0.0,2.0,2.0,2.0,1.0,0.0,1.0,1.0,1.0,2.0,0.0,2.0,2.0,2.0,1.0,0.0,1.0,1.0,1.0,13.0,0.0,13.0,13.0,13.0,1.0,0.0,1.0,1.0,1.0,0.0,0.0,1.0,1.0,0.0,0.0,0.0,0.0,1,0,1,0,1,1,1,1,1,0,0,0,0,0,2.0,1.0,1,1.0,homorhythmic,high
195,2.0,1.5,1,12.0,9.5,6.0,6.0,3.5,0.7916666666666666,0.0,0.0,69.33333333333333,6.861111111111112,54.0,85.0,69.0,0.1666666666666666,0.0,0.1666666666666666,0.1666666666666666,0.1666666666666666,0.1666666666666666,6.47630097698008e-17,0.1666666666666665,0.1666666666666667,0.1666666666666666,2.0,0.0,2.0,2.0,2.0,1.0,0.0,1.0,1.0,1.0,2.0,0.0,2.0,2.0,2.0,1.0,0.0,1.0,1.0,1.0,13.0,0.0,13.0,13.0,13.0,1.0,0.0,1.0,1.0,1.0,0.0,0.0,1.0,1.0,0.0,0.0,0.0,0.0,1,0,1,0,1,1,1,1,1,0,0,0,0,0,2.0,1.0,1,1.0,homorhythmic,high
196,2.0,1.5,1,21.0,7.5,3.0,3.0,2.5,0.3571428571428571,0.0,0.0,66.03703703703704,11.072702331961592,40.0,86.0,68.0,0.3214285714285714,0.1105442176870748,0.1666666666666666,0.5,0.3333333333333333,0.3333333333333333,0.1111111111111111,0.1666666666666666,0.5,0.3333333333333333,7.0,0.6666666666666666,6.0,8.0,7.0,1.1666666666666667,0.888888888888889,0.0,3.0,1.0,6.75,0.75,6.0,8.0,6.5,1.5,1.0,0.0,3.0,1.5,34.5,12.0,22.0,47.0,34.5,0.7238095238095238,0.0095238095238094,0.7142857142857143,0.7333333333333333,0.7238095238095238,1.0,0.5,1.0,0.1111111111111111,0.5555555555555556,0.1666666666666666,0.7777777777777778,0.5277777777777778,1,1,0,1,1,1,1,1,0,0,1,1,0,0,6.5,1.0,1,1.0,homorhythmic,high
197,2.0,1.5,1,18.0,6.5,3.0,3.0,2.5,0.3611111111111111,0.0,0.0,67.0,10.583333333333334,42.0,86.0,68.5,0.3333333333333333,0.1111111111111111,0.1666666666666666,0.5,0.3333333333333333,0.3333333333333333,0.1111111111111111,0.1666666666666666,0.5,0.3333333333333333,6.0,0.0,6.0,6.0,6.0,0.8333333333333334,1.111111111111111,0.0,3.0,0.0,6.0,0.0,6.0,6.0,6.0,1.25,1.25,0.0,3.0,1.0,32.5,12.0,20.0,45.0,32.5,0.9333333333333336,0.0666666666666666,0.8,1.0,0.9666666666666668,1.0,0.8333333333333334,1.0,0.0333333333333333,0.6333333333333333,0.4333333333333333,0.7333333333333333,0.5666666666666667,1,1,0,1,1,1,1,1,0,0,1,1,0,0,6.0,1.0,1,1.0,homorhythmic,high
198,2.0,1.5,1,12.0,6.5,4.5,4.5,4.0,0.5416666666666666,0.0,0.0,67.46875,13.3359375,46.0,88.0,61.5,0.2222222222222222,0.074074074074074,0.1666666666666666,0.3333333333333333,0.1666666666666666,0.2222222222222222,0.074074074074074,0.1666666666666666,0.3333333333333335,0.1666666666666666,2.6666666666666665,0.4444444444444444,2.0,3.0,3.0,1.2222222222222223,0.345679012345679,1.0,2.0,1.0,2.6666666666666665,0.4444444444444445,2.0,3.0,3.0,1.1666666666666667,0.2777777777777778,1.0,2.0,1.0,32.583333333333336,5.180555555555556,24.0,42.0,31.0,0.7222222222222222,0.2777777777777777,0.0,1.0,0.8333333333333333,0.3333333333333333,0.1111111111111111,0.0,0.2272727272727272,0.2272727272727272,0.0909090909090909,0.0454545454545454,0.3636363636363636,1,0,0,0,1,0,1,1,0,0,0,0,0,0,3.0,1.0,1,0.0,homorhythmic,high
199,2.0,1.5,1,12.0,6.0,4.5,4.5,3.5,0.5,0.0,0.0,65.59375,13.4921875,44.0,86.0,60.0,0.2222222222222222,0.074074074074074,0.1666666666666666,0.3333333333333333,0.1666666666666666,0.2222222222222222,0.074074074074074,0.1666666666666666,0.3333333333333335,0.1666666666666666,2.6666666666666665,0.4444444444444444,2.0,3.0,3.0,1.2222222222222223,0.345679012345679,1.0,2.0,1.0,2.6666666666666665,0.4444444444444445,2.0,3.0,3.0,1.1666666666666667,0.2777777777777778,1.0,2.0,1.0,33.083333333333336,4.763888888888889,24.0,42.0,32.5,0.861111111111111,0.1851851851851852,0.3333333333333333,1.0,1.0,0.3333333333333333,0.3333333333333333,0.0,0.2272727272727272,0.2272727272727272,0.2727272727272727,0.0454545454545454,0.3636363636363636,1,0,0,0,1,0,1,1,0,0,0,1,0,0,3.0,1.0,1,0.0,homorhythmic,high
200,2.0,1.5,1,16.0,7.0,6.0,6.0,3.5,0.4375,0.0,0.0,66.09375,14.6171875,38.0,92.0,60.5,0.1666666666666666,0.0,0.1666666666666666,0.1666666666666666,0.1666666666666666,0.1666666666666666,6.47630097698008e-17,0.1666666666666665,0.1666666666666667,0.1666666666666666,2.6666666666666665,0.4444444444444445,2.0,3.0,3.0,1.1666666666666667,0.2777777777777778,1.0,2.0,1.0,2.6666666666666665,0.4444444444444446,2.0,3.0,3.0,1.1666666666666667,0.2777777777777778,1.0,2.0,1.0,36.25,7.666666666666667,25.0,55.0,33.5,0.7777777777777777,0.2592592592592593,0.0,1.0,1.0,0.3333333333333333,0.3333333333333333,0.0,0.3333333333333333,0.2333333333333333,0.2,0.0333333333333333,0.4,1,0,0,0,1,0,1,1,0,0,0,0,0,0,3.0,1.0,1,0.0,homorhythmic,high
201,2.0,1.5,1,10.0,8.0,2.5,2.5,3.0,0.8,0.0,0.0,62.30769230769231,11.36094674556213,40.0,81.0,64.0,0.4333333333333333,0.1733333333333333,0.1666666666666666,0.6666666666666666,0.5,0.4,0.1466666666666666,0.1666666666666667,0.6666666666666666,0.3333333333333333,4.0,1.6,2.0,6.0,5.0,2.0,0.8,1.0,3.0,2.0,4.333333333333333,1.5555555555555556,2.0,6.0,5.0,2.0,0.6666666666666666,1.0,3.0,2.0,27.833333333333332,9.88888888888889,13.0,37.0,33.0,0.9666666666666668,0.0611111111111111,0.6,1.0,1.0,0.4,0.6,1.0,0.4285714285714285,0.1428571428571428,0.2857142857142857,0.2857142857142857,0.2142857142857142,1,1,0,1,1,1,1,1,0,0,0,0,0,0,5.0,0.9230769230769231,1,1.0,homorhythmic,high
202,2.0,1.5,1,10.0,8.0,2.5,2.5,3.0,0.8,0.0,0.0,59.53846153846154,19.881656804733726,28.0,88.0,69.0,0.4333333333333333,0.1733333333333333,0.1666666666666666,0.6666666666666666,0.5,0.4,0.1466666666666666,0.1666666666666667,0.6666666666666666,0.3333333333333333,4.0,1.6,2.0,6.0,5.0,2.0,0.8,1.0,3.0,2.0,4.333333333333333,1.5555555555555556,2.0,6.0,5.0,2.0,0.6666666666666666,1.0,3.0,2.0,39.833333333333336,17.88888888888889,13.0,59.0,49.0,0.9666666666666668,0.0611111111111111,0.6,1.0,1.0,0.2,0.6,1.0,0.4285714285714285,0.1428571428571428,0.2142857142857142,0.1428571428571428,0.2142857142857142,1,1,0,1,1,1,1,1,0,0,0,0,0,1,5.0,0.9230769230769231,1,1.0,homorhythmic,high
203,2.0,1.5,1,5.0,4.5,1.0,2.0,1.5,0.9,0.3333333333333333,0.1666666666666666,70.0,16.2,33.0,93.0,77.0,0.6666666666666666,0.0,0.6666666666666666,0.6666666666666666,0.6666666666666666,1.0,0.0,1.0,1.0,1.0,5.0,1.0,4.0,6.0,5.0,2.5,0.5,2.0,3.0,2.5,3.3333333333333335,2.222222222222222,0.0,6.0,4.0,1.6666666666666667,1.111111111111111,0.0,3.0,2.0,28.666666666666668,21.555555555555554,0.0,61.0,25.0,1.0,0.0,1.0,1.0,1.0,1.0,1.0,0.5,0.0,0.0,0.0,0.0,0.0,0,1,0,1,1,1,1,1,0,0,0,0,1,1,4.0,1.0,1,0.5,homorhythmic,high
204,2.0,1.5,1,4.0,2.0,1.0,2.0,1.5,0.5,0.3333333333333333,0.1666666666666666,68.75,8.25,57.0,81.0,68.5,0.6666666666666666,0.0,0.6666666666666666,0.6666666666666666,0.6666666666666666,1.0,0.0,1.0,1.0,1.0,4.0,0.0,4.0,4.0,4.0,3.0,0.0,3.0,3.0,3.0,2.6666666666666665,1.777777777777778,0.0,4.0,4.0,2.0,1.3333333333333333,0.0,3.0,3.0,16.666666666666668,11.111111111111107,0.0,25.0,25.0,1.0,0.0,1.0,1.0,1.0,1.0,1.0,0.0,0.0,0.0,0.0,0.0,0.0,0,1,0,1,0,1,1,1,0,0,0,1,0,1,4.0,1.0,1,0.0,homorhythmic,high
205,2.0,1.5,1,6.0,3.5,6.0,6.0,3.5,0.5833333333333334,0.0,0.0,72.41666666666667,2.3472222222222214,68.0,76.0,73.0,0.1666666666666666,0.0,0.1666666666666666,0.1666666666666666,0.1666666666666666,0.1666666666666666,6.47630097698008e-17,0.1666666666666665,0.1666666666666667,0.1666666666666666,1.0,0.0,1.0,1.0,1.0,0.0,0.0,0.0,0.0,0.0,1.0,0.0,1.0,1.0,1.0,0.0,0.0,0.0,0.0,0.0,1.0,0.0,1.0,1.0,1.0,1.0,0.0,1.0,1.0,1.0,0.0,0.0,0.0,0.7272727272727273,0.2727272727272727,0.0,0.0,0.0,1,0,1,0,0,0,0,0,1,0,0,0,0,0,1.0,1.0,0,0.0,monophonic,high
206,2.0,1.5,1,6.0,3.0,6.0,6.0,3.0,0.5,0.0,0.0,78.75,2.0833333333333335,74.0,83.0,79.0,0.1666666666666666,0.0,0.1666666666666666,0.1666666666666666,0.1666666666666666,0.1666666666666666,6.47630097698008e-17,0.1666666666666665,0.1666666666666667,0.1666666666666666,1.0,0.0,1.0,1.0,1.0,0.0,0.0,0.0,0.0,0.0,1.0,0.0,1.0,1.0,1.0,0.0,0.0,0.0,0.0,0.0,1.0,0.0,1.0,1.0,1.0,1.0,0.0,1.0,1.0,1.0,0.0,0.0,0.0,0.7272727272727273,0.2727272727272727,0.0,0.0,0.0,1,0,1,0,0,0,0,0,1,0,0,0,0,0,1.0,1.0,0,0.0,monophonic,high
207,2.0,1.5,1,10.5,4.0,3.5,3.5,3.0,0.3809523809523809,0.0,0.0,66.22222222222223,6.641975308641975,57.0,78.0,68.0,0.2857142857142857,0.0680272108843537,0.1666666666666666,0.3333333333333333,0.3333333333333333,0.2857142857142857,0.0680272108843537,0.1666666666666665,0.3333333333333335,0.3333333333333333,3.0,0.0,3.0,3.0,3.0,1.7142857142857142,0.4081632653061225,1.0,2.0,2.0,3.0,0.0,3.0,3.0,3.0,1.6666666666666667,0.4444444444444443,1.0,2.0,2.0,18.666666666666668,1.8888888888888893,17.0,22.0,17.5,0.75,0.25,0.3333333333333333,1.0,0.8333333333333333,0.5714285714285714,0.2857142857142857,0.2857142857142857,0.1666666666666666,0.2777777777777778,0.3888888888888889,0.1666666666666666,0.5555555555555556,1,0,0,0,1,1,1,1,0,0,0,1,0,0,3.0,1.0,1,0.2857142857142857,homorhythmic,high
208,2.0,1.5,1,7.0,5.0,4.5,4.5,3.5,0.7142857142857143,0.0,0.0,68.63636363636364,7.1900826446281,57.0,83.0,69.0,0.2619047619047619,0.0816326530612244,0.1666666666666666,0.3333333333333333,0.3333333333333333,0.2222222222222222,0.074074074074074,0.1666666666666665,0.3333333333333333,0.1666666666666667,1.5555555555555556,0.7407407407407408,1.0,3.0,1.0,0.4444444444444444,0.5925925925925926,0.0,2.0,0.0,1.8333333333333333,0.8333333333333334,1.0,3.0,1.5,0.6666666666666666,0.6666666666666666,0.0,2.0,0.5,8.333333333333334,7.333333333333333,1.0,17.0,7.0,1.0,0.0,1.0,1.0,1.0,0.2222222222222222,0.1111111111111111,0.2222222222222222,0.4545454545454545,0.1818181818181818,0.2727272727272727,0.1818181818181818,0.2727272727272727,1,0,1,0,0,1,1,1,1,0,0,0,1,1,1.5,0.8484848484848485,1,0.2222222222222222,homorhythmic,high
209,2.0,1.5,1,10.5,4.0,3.5,3.5,3.0,0.3809523809523809,0.0,0.0,65.30555555555556,6.194444444444445,57.0,74.0,66.0,0.2857142857142857,0.0680272108843537,0.1666666666666666,0.3333333333333333,0.3333333333333333,0.2857142857142857,0.0680272108843537,0.1666666666666665,0.3333333333333335,0.3333333333333333,3.0,0.0,3.0,3.0,3.0,1.2857142857142858,0.4081632653061225,1.0,2.0,1.0,3.0,0.0,3.0,3.0,3.0,1.3333333333333333,0.4444444444444444,1.0,2.0,1.0,16.916666666666668,0.6388888888888881,15.0,18.0,17.0,0.8055555555555555,0.2268518518518518,0.3333333333333333,1.0,1.0,0.5714285714285714,0.5714285714285714,0.4285714285714285,0.2222222222222222,0.2222222222222222,0.5,0.2777777777777778,0.5555555555555556,1,0,0,0,1,1,1,1,0,0,0,1,0,0,3.0,1.0,1,0.4285714285714285,homorhythmic,high
210,2.0,1.5,1,10.0,5.0,4.0,4.0,3.5,0.5,0.0,0.0,66.93333333333334,5.546666666666666,57.0,78.0,68.0,0.25,0.0833333333333333,0.1666666666666666,0.3333333333333333,0.25,0.25,0.0833333333333333,0.1666666666666665,0.3333333333333335,0.25,2.5,0.5,2.0,3.0,2.5,1.0,0.0,1.0,1.0,1.0,2.5,0.5,2.0,3.0,2.5,1.0,0.0,1.0,1.0,1.0,12.333333333333334,2.5555555555555554,7.0,17.0,13.0,0.5277777777777778,0.4722222222222222,0.0,1.0,0.6666666666666666,0.375,0.125,0.5,0.3529411764705882,0.3529411764705882,0.3529411764705882,0.3529411764705882,0.4705882352941176,1,1,0,1,1,0,1,0,0,0,0,1,0,0,2.5,1.0,1,0.5,homorhythmic,high
211,2.0,1.5,1,12.0,4.0,4.0,4.0,3.0,0.3333333333333333,0.0,0.0,65.33333333333333,6.222222222222222,57.0,74.0,66.0,0.25,0.0833333333333333,0.1666666666666666,0.3333333333333333,0.25,0.25,0.0833333333333333,0.1666666666666665,0.3333333333333335,0.25,3.0,0.0,3.0,3.0,3.0,1.25,0.375,1.0,2.0,1.0,3.0,0.0,3.0,3.0,3.0,1.3333333333333333,0.4444444444444444,1.0,2.0,1.0,17.0,0.6666666666666666,15.0,18.0,17.0,0.8055555555555555,0.2268518518518519,0.3333333333333333,1.0,1.0,0.5,0.625,0.5,0.2857142857142857,0.238095238095238,0.4761904761904761,0.3333333333333333,0.5238095238095238,1,0,0,0,1,1,1,1,0,0,0,1,0,0,3.0,1.0,1,0.5,homorhythmic,high
212,2.0,1.5,1,15.0,7.0,5.0,5.0,3.5,0.4666666666666667,0.0,0.0,68.30555555555556,9.929012345679014,57.0,90.0,66.0,0.2,0.0533333333333333,0.1666666666666666,0.3333333333333333,0.1666666666666666,0.2,0.0533333333333333,0.1666666666666665,0.3333333333333335,0.1666666666666666,3.0,0.0,3.0,3.0,3.0,1.7,0.42,1.0,2.0,2.0,3.0,0.0,3.0,3.0,3.0,1.6666666666666667,0.4444444444444443,1.0,2.0,2.0,27.083333333333332,5.569444444444444,13.0,34.0,29.5,0.6944444444444443,0.2546296296296296,0.3333333333333333,1.0,0.6666666666666666,0.2,0.2,0.5,0.2592592592592592,0.2592592592592592,0.2222222222222222,0.2592592592592592,0.5185185185185185,1,0,0,0,1,0,1,1,0,0,0,1,0,0,3.0,1.0,1,0.5,homorhythmic,high
213,2.0,1.5,1,12.0,5.5,4.0,4.0,3.5,0.4583333333333333,0.0,0.0,69.63888888888889,11.185185185185183,57.0,90.0,66.0,0.25,0.0833333333333333,0.1666666666666666,0.3333333333333333,0.25,0.25,0.0833333333333333,0.1666666666666665,0.3333333333333335,0.25,3.0,0.0,3.0,3.0,3.0,1.625,0.46875,1.0,2.0,2.0,3.0,0.0,3.0,3.0,3.0,1.6666666666666667,0.4444444444444443,1.0,2.0,2.0,30.416666666666668,2.055555555555556,27.0,34.0,30.0,0.8055555555555555,0.2268518518518519,0.3333333333333333,1.0,1.0,0.125,0.375,0.375,0.1904761904761904,0.1904761904761904,0.3333333333333333,0.238095238095238,0.5238095238095238,1,0,0,0,1,1,1,1,0,0,0,1,0,0,3.0,1.0,1,0.375,homorhythmic,high
214,2.0,1.5,1,13.0,6.5,5.0,5.0,3.5,0.5,0.0,0.0,71.33333333333333,10.933333333333332,57.0,89.0,68.0,0.1923076923076923,0.0433925049309664,0.1666666666666666,0.3333333333333333,0.1666666666666666,0.2,0.0533333333333333,0.1666666666666665,0.3333333333333335,0.1666666666666666,2.6,0.48,2.0,3.0,3.0,1.4,0.48,1.0,2.0,1.0,2.5,0.5,2.0,3.0,2.5,1.3333333333333333,0.4444444444444445,1.0,2.0,1.0,25.0,3.3333333333333335,19.0,31.0,25.0,0.5277777777777778,0.4166666666666667,0.0,1.0,0.5,0.2,0.2,0.2,0.3043478260869565,0.2608695652173913,0.217391304347826,0.1304347826086956,0.4347826086956521,1,0,0,0,1,0,1,1,0,0,0,1,0,0,2.5,1.0,1,0.2,homorhythmic,high
215,2.0,1.5,1,12.0,6.0,4.0,4.0,3.5,0.5,0.0,0.0,69.5,11.0,57.0,90.0,66.0,0.25,0.0833333333333333,0.1666666666666666,0.3333333333333333,0.25,0.25,0.0833333333333333,0.1666666666666665,0.3333333333333335,0.25,3.0,0.0,3.0,3.0,3.0,1.625,0.46875,1.0,2.0,2.0,3.0,0.0,3.0,3.0,3.0,1.6666666666666667,0.4444444444444443,1.0,2.0,2.0,30.0,2.3333333333333335,24.0,34.0,30.0,0.7777777777777777,0.2592592592592593,0.3333333333333333,1.0,1.0,0.125,0.375,0.375,0.1428571428571428,0.1904761904761904,0.3333333333333333,0.238095238095238,0.5238095238095238,1,0,0,0,1,1,1,1,0,0,0,1,0,0,3.0,1.0,1,0.375,homorhythmic,high
216,2.0,1.5,1,5.5,5.5,1.0,2.0,2.5,1.0,0.3333333333333333,0.1666666666666666,64.9090909090909,7.355371900826446,52.0,81.0,64.0,0.6666666666666666,0.0,0.6666666666666666,0.6666666666666666,0.6666666666666666,1.0,0.0,1.0,1.0,1.0,5.5,1.5,4.0,7.0,5.5,1.0,1.0,0.0,2.0,1.0,3.6666666666666665,2.4444444444444446,0.0,7.0,4.0,0.6666666666666666,0.888888888888889,0.0,2.0,0.0,16.666666666666668,11.111111111111107,0.0,25.0,25.0,1.0,0.0,1.0,1.0,1.0,1.0,0.5,1.0,0.0,0.0,0.0,0.0,0.0,0,1,0,1,1,0,1,1,0,0,0,0,1,1,4.0,1.0,1,1.0,homorhythmic,high
217,2.0,1.5,1,4.0,4.0,0.5,1.0,1.5,1.0,0.6666666666666666,0.6666666666666666,62.75,12.0,45.0,81.0,63.0,0.6666666666666666,0.0,0.6666666666666666,0.6666666666666666,0.6666666666666666,2.0,0.0,2.0,2.0,2.0,8.0,0.0,8.0,8.0,8.0,1.0,0.0,1.0,1.0,1.0,2.6666666666666665,3.555555555555556,0.0,8.0,0.0,0.3333333333333333,0.4444444444444445,0.0,1.0,0.0,12.333333333333334,16.444444444444443,0.0,37.0,0.0,1.0,0.0,1.0,1.0,1.0,1.0,1.0,1.0,0.0,0.0,0.0,0.0,0.0,0,1,0,1,0,1,1,0,0,0,0,0,1,1,0.0,1.0,1,1.0,silence,high
