note_index,measure,measure_offset,quarter_length,time_position,duration_seconds,pitch_name,pitch_midi,staff,voice,layer_1_score,layer_1_mask,layer_2_score,layer_2_mask,layer_3_score,layer_3_mask
0,1,0.0,2.0,0.0,1.0,F4,65,1,1,0.930107831954956,True,0.9433939456939697,True,0.573156476020813,True
1,1,0.0,0.5,0.0,0.25,F3,53,2,5,0.6226875185966492,True,0.9101234674453735,True,0.9976369142532349,True
2,1,0.5,0.5,0.25,0.25,A3,57,2,5,0.907048225402832,True,0.9030507206916809,True,0.8842124342918396,True
3,1,1.0,0.5,0.5,0.25,C4,60,2,5,0.9090127944946289,True,0.7250036001205444,True,0.7655783891677856,True
4,1,1.5,0.5,0.75,0.25,A3,57,2,5,0.7211261987686157,True,0.807420015335083,True,0.823646068572998,True
5,1,2.0,1.0,1.0,0.5,A4,69,1,1,0.8976320028305054,True,0.5677153468132019,True,0.020328961312770844,False
6,1,2.0,0.5,1.0,0.25,C4,60,2,5,0.8653031587600708,True,0.7474728226661682,True,0.8171719312667847,True
7,1,2.5,0.5,1.25,0.25,A3,57,2,5,0.8409953117370605,True,0.8836754560470581,True,0.767768144607544,True
8,2,0.0,2.0,1.5,1.0,C5,72,1,1,0.9567574262619019,True,0.43483594059944153,False,0.49404293298721313,False
9,2,0.0,0.5,1.5,0.25,F3,53,2,5,0.5617149472236633,True,0.853096604347229,True,0.9975937008857727,True
10,2,0.5,0.5,1.75,0.25,C4,60,2,5,0.857309877872467,True,0.9150227308273315,True,0.774364709854126,True
11,2,1.0,0.5,2.0,0.25,Eb4,63,2,5,0.920396625995636,True,0.3519837558269501,False,0.47151631116867065,False
12,2,1.5,0.5,2.25,0.25,C4,60,2,5,0.8236972093582153,True,0.8371821045875549,True,0.4778139591217041,False
13,2,2.0,1.0,2.5,0.5,A4,69,1,1,0.86483234167099,True,0.4155051112174988,False,0.4008626937866211,False
14,2,2.0,0.5,2.5,0.25,Eb4,63,2,5,0.7811639308929443,True,0.5373930931091309,True,0.11548002064228058,False
15,2,2.5,0.5,2.75,0.25,C4,60,2,5,0.919120728969574,True,0.9216529726982117,True,0.631504237651825,True
16,3,0.0,2.0,3.0,1.0,Bb4,70,1,1,0.43192005157470703,False,0.7553645968437195,True,0.49989309906959534,False
17,3,0.0,0.5,3.0,0.25,F3,53,2,5,0.5582675337791443,True,0.6272239089012146,True,0.9702878594398499,True
18,3,0.5,0.5,3.25,0.25,Bb3,58,2,5,0.8981415629386902,True,0.9711909890174866,True,0.5854747891426086,True
19,3,1.0,0.5,3.5,0.25,D4,62,2,5,0.8315276503562927,True,0.5442430973052979,True,0.13115905225276947,False
20,3,1.5,0.5,3.75,0.25,Bb3,58,2,5,0.763491153717041,True,0.9530208706855774,True,0.83075350522995,True
21,3,2.0,1.0,4.0,0.5,G5,79,1,1,0.9715092182159424,True,0.5450453162193298,True,0.5983462333679199,True
22,3,2.0,0.5,4.0,0.25,D4,62,2,5,0.8125089406967163,True,0.4799681603908539,False,0.42453140020370483,False
23,3,2.5,0.5,4.25,0.25,Bb3,58,2,5,0.7779850363731384,True,0.7983276844024658,True,0.8761134743690491,True
24,4,0.0,0.5,4.5,0.25,F5,77,1,1,0.7770323157310486,True,0.11685767769813538,False,0.4164155423641205,False
25,4,0.0,0.5,4.5,0.25,F3,53,2,5,0.4832036793231964,False,0.7120713591575623,True,0.42839378118515015,False
26,4,0.5,0.5,4.75,0.25,E5,76,1,1,0.9415215849876404,True,0.36240947246551514,False,0.42499852180480957,False
27,4,0.5,0.5,4.75,0.25,G3,55,2,5,0.8029100298881531,True,0.9654780030250549,True,0.7387862801551819,True
28,4,1.0,1.0,5.0,0.5,E5,76,1,1,0.8393368721008301,True,0.516578733921051,True,0.03918676823377609,False
29,4,1.0,0.5,5.0,0.25,Bb3,58,2,5,0.8560159802436829,True,0.8617841005325317,True,0.8316529393196106,True
30,4,1.5,0.5,5.25,0.25,G3,55,2,5,0.6078144907951355,True,0.9182819128036499,True,0.6215927600860596,True
31,4,2.0,0.5,5.5,0.25,Bb3,58,2,5,0.8195173144340515,True,0.7544785737991333,True,0.8917455673217773,True
32,4,2.5,0.5,5.75,0.25,G3,55,2,5,0.48252686858177185,False,0.7064633369445801,True,0.46579596400260925,False
33,5,0.0,1.0,6.0,0.5,F5,77,1,1,0.809999406337738,True,0.15878118574619293,False,0.41735509037971497,False
34,5,1.0,1.0,6.5,0.5,A3,57,2,5,0.9565478563308716,True,0.9563592672348022,True,0.4257293939590454,False
35,5,0.0,1.0,6.0,0.5,F3,53,2,5,0.26779261231422424,False,0.5762249231338501,True,0.4201784133911133,False
36,5,1.0,1.0,6.5,0.5,A4,69,1,1,0.9457691311836243,True,0.5107829570770264,True,0.14746952056884766,False
37,5,2.0,1.0,7.0,0.5,D5,74,1,1,0.9909564852714539,True,0.7143436670303345,True,0.7789434790611267,True
38,6,0.0,1.0,7.5,0.5,G4,67,1,1,0.9432269930839539,True,0.8314329385757446,True,0.026420651003718376,False
39,6,1.0,1.5,8.0,0.75,C5,72,1,1,0.920564591884613,True,0.3436349034309387,False,0.4534188508987427,False
40,6,2.5,0.5,8.75,0.25,A4,69,1,1,0.9666750431060791,True,0.7475888729095459,True,0.014518670737743378,False
41,7,0.0,4.0,9.0,2.0,F4,65,1,1,0.9072453379631042,True,0.9651861786842346,True,0.19275809824466705,False
42,7,0.0,1.0,9.0,0.5,F3,53,2,6,0.5090305209159851,True,0.7510800361633301,True,0.7420196533203125,True
43,7,1.0,1.0,9.5,0.5,A2,45,2,6,0.4739621579647064,False,0.6085726618766785,True,0.4496136009693146,False
44,7,2.0,1.0,10.0,0.5,D3,50,2,6,0.7749626636505127,True,0.897261381149292,True,0.2645640969276428,False
45,8,0.0,3.0,10.5,1.5,G4,67,1,5,0.908054530620575,True,0.8589098453521729,True,0.11592461913824081,False
46,8,0.0,1.0,10.5,0.5,G2,43,2,6,0.7568608522415161,True,0.8510105013847351,True,0.6056731343269348,True
47,8,1.0,0.5,11.0,0.25,E4,64,1,1,0.9352141618728638,True,0.6708967089653015,True,0.11983084678649902,False
48,8,1.0,1.5,11.0,0.75,C3,48,2,6,0.4854324162006378,False,0.692082405090332,True,0.45404261350631714,False
49,8,1.5,0.5,11.25,0.25,D4,62,1,1,0.8694890737533569,True,0.8216581344604492,True,0.760063886642456,True
50,8,2.0,1.0,11.5,0.5,E4,64,1,1,0.8135785460472107,True,0.3669584095478058,False,0.42130544781684875,False
51,8,2.5,0.5,11.75,0.25,A2,45,2,6,0.13967616856098175,False,0.4249904751777649,False,0.4092080593109131,False
52,9,0.0,1.0,12.0,0.5,A4,69,1,1,0.9949729442596436,True,0.9097850918769836,True,0.30302169919013977,False
53,9,0.0,4.0,12.0,2.0,F4,65,1,5,0.9005758166313171,True,0.9613677859306335,True,0.2712177634239197,False
54,9,0.0,1.0,12.0,0.5,F2,41,2,6,0.5031394958496094,True,0.6079396605491638,True,0.34968772530555725,False
55,9,1.0,1.0,12.5,0.5,Bb4,70,1,1,0.7795639038085938,True,0.761623203754425,True,0.25209423899650574,False
56,9,1.0,1.0,12.5,0.5,D3,50,2,6,0.4544096887111664,False,0.6916729807853699,True,0.4315366744995117,False
57,9,2.0,1.0,13.0,0.5,D5,74,1,1,0.9887930750846863,True,0.3337620198726654,False,0.4666827917098999,False
58,9,2.0,1.0,13.0,0.5,Bb2,46,2,6,0.3715702295303345,False,0.6627672910690308,True,0.43733420968055725,False
59,10,0.0,0.5,13.5,0.25,D5,74,1,1,0.9860692024230957,True,0.367336630821228,False,0.47396281361579895,False
60,10,0.0,1.0,13.5,0.5,A2,45,2,6,0.15344372391700745,False,0.43111681938171387,False,0.41145527362823486,False
61,10,0.5,0.5,13.75,0.25,C5,72,1,1,0.8613508343696594,True,0.5188231468200684,True,0.5194833278656006,True
62,10,1.0,0.5,14.0,0.25,Bb4,70,1,1,0.7276250123977661,True,0.5241760015487671,True,0.389459490776062,False
63,10,1.5,0.5,14.25,0.25,A4,69,1,1,0.9257609844207764,True,0.4542686343193054,False,0.4380841553211212,False
64,10,2.0,0.5,14.5,0.25,G4,67,1,1,0.8098162412643433,True,0.4498070478439331,False,0.4328172504901886,False
65,10,2.0,1.0,14.5,0.5,D3,50,2,6,0.41740715503692627,False,0.6414471864700317,True,0.43109869956970215,False
66,10,2.5,0.5,14.75,0.25,F4,65,1,1,0.8446576595306396,True,0.8414983153343201,True,0.4822058379650116,False
67,11,0.0,1.0,15.0,0.5,G4,67,1,1,0.9115591049194336,True,0.3834053874015808,False,0.4377303421497345,False
68,11,0.0,1.0,15.0,0.5,Bb2,46,2,6,0.5515493750572205,True,0.7131930589675903,True,0.46587464213371277,False
69,11,1.0,1.0,15.5,0.5,Bb4,70,1,1,0.7086701393127441,True,0.428140789270401,False,0.44362396001815796,False
70,11,3.0,1.0,16.5,0.5,E4,64,1,1,0.7814126014709473,True,0.5596606731414795,True,0.535327672958374,True
71,11,2.0,1.0,16.0,0.5,Bb3,58,1,1,0.6851310133934021,True,0.8489868640899658,True,0.5455098152160645,True
72,11,2.0,1.0,16.0,0.5,C3,48,2,6,0.349949449300766,False,0.5799456238746643,True,0.4448238015174866,False
73,12,1.0,1.0,17.0,0.5,F4,65,1,1,0.7533097863197327,True,0.7068487405776978,True,0.41203418374061584,False
74,12,0.0,1.0,16.5,0.5,A3,57,1,1,0.6897244453430176,True,0.49674445390701294,False,0.3961072862148285,False
75,12,0.0,1.0,16.5,0.5,F2,41,2,6,0.33034321665763855,False,0.6007320284843445,True,0.4365575909614563,False
76,12,2.0,0.75,17.5,0.375,C6,84,1,1,0.9055242538452148,True,0.20701226592063904,False,0.41299349069595337,False
77,12,2.75,0.75,17.875,0.375,C5,72,2,6,0.8070642948150635,True,0.4709625542163849,False,0.4279564917087555,False
78,12,2.0,0.75,17.5,0.375,A4,69,2,6,0.5285861492156982,True,0.0888630822300911,False,0.40742790699005127,False
79,12,2.75,0.25,17.875,0.125,Bb5,82,1,1,0.9196269512176514,True,0.4286957085132599,False,0.43199390172958374,False
80,12,3.0,0.25,18.0,0.125,Bb4,70,2,6,0.7651028037071228,True,0.43441978096961975,False,0.4353296458721161,False
81,12,2.75,0.25,17.875,0.125,G4,67,2,6,0.8067831993103027,True,0.13842611014842987,False,0.41946130990982056,False
82,13,0.0,1.0,18.0,0.5,A5,81,1,1,0.9588119983673096,True,0.58164381980896,True,0.42798155546188354,False
83,13,1.0,1.0,18.5,0.5,A4,69,2,6,0.8022316098213196,True,0.7095978260040283,True,0.4023994207382202,False
84,13,0.0,1.0,18.0,0.5,F4,65,2,6,0.6446094512939453,True,0.42460694909095764,False,0.42063677310943604,False
85,13,1.0,1.0,18.5,0.5,A5,81,1,1,0.950420081615448,True,0.3819515109062195,False,0.42815133929252625,False
86,13,2.0,1.0,19.0,0.5,A4,69,2,6,0.7816240191459656,True,0.21731451153755188,False,0.40447065234184265,False
87,13,1.0,1.0,18.5,0.5,F4,65,2,6,0.6777955889701843,True,0.5911593437194824,True,0.4349393844604492,False
88,13,2.0,0.75,19.0,0.375,A5,81,1,1,0.9139382839202881,True,0.39178287982940674,False,0.41495025157928467,False
89,13,2.75,0.75,19.375,0.375,A4,69,2,6,0.7616741061210632,True,0.23658522963523865,False,0.39243030548095703,False
90,13,2.0,0.75,19.0,0.375,F4,65,2,6,0.4406246244907379,False,0.5985882878303528,True,0.4092332124710083,False
91,13,2.75,0.25,19.375,0.125,G5,79,1,1,0.9888413548469543,True,0.18465475738048553,False,0.41831618547439575,False
92,13,3.0,0.25,19.5,0.125,G4,67,2,6,0.8453856706619263,True,0.27822133898735046,False,0.4360799193382263,False
93,13,2.75,0.25,19.375,0.125,C4,60,2,6,0.4762881100177765,False,0.5300295352935791,True,0.41206321120262146,False
94,14,0.0,1.0,19.5,0.5,F5,77,1,1,0.9536915421485901,True,0.5509583950042725,True,0.30139437317848206,False
95,14,1.0,1.0,20.0,0.5,F4,65,2,5,0.6531059741973877,True,0.5585227608680725,True,0.43520551919937134,False
96,14,0.0,1.0,19.5,0.5,A3,57,2,5,0.7539558410644531,True,0.31907621026039124,False,0.40538501739501953,False
97,14,1.0,1.0,20.0,0.5,F5,77,1,1,0.8981508612632751,True,0.4323241114616394,False,0.4195852279663086,False
98,14,2.0,1.0,20.5,0.5,F4,65,2,5,0.62111896276474,True,0.5892233848571777,True,0.4195166826248169,False
99,14,1.0,1.0,20.0,0.5,A3,57,2,5,0.7988637685775757,True,0.32930421829223633,False,0.40555620193481445,False
100,14,2.0,1.0,20.5,0.5,F5,77,1,1,0.8974519371986389,True,0.561378002166748,True,0.35856279730796814,False
101,14,3.0,1.0,21.0,0.5,F4,65,2,5,0.5648249387741089,True,0.5258810520172119,True,0.40772220492362976,False
102,14,2.0,1.0,20.5,0.5,A3,57,2,5,0.6875538229942322,True,0.30729711055755615,False,0.40292853116989136,False
103,15,1.0,1.0,21.5,0.5,G5,79,1,1,0.9788991808891296,True,0.566845178604126,True,0.42584940791130066,False
104,15,0.0,1.0,21.0,0.5,E5,76,1,1,0.9289132952690125,True,0.6758780479431152,True,0.6291264295578003,True
105,15,1.0,1.0,21.5,0.5,G4,67,2,5,0.8953076004981995,True,0.22639131546020508,False,0.45024657249450684,False
106,15,0.0,1.0,21.0,0.5,C4,60,2,5,0.5396054983139038,True,0.844469428062439,True,0.4827592372894287,False
107,15,2.0,1.0,22.0,0.5,G5,79,1,1,0.9789415597915649,True,0.36720019578933716,False,0.4583674669265747,False
108,15,1.0,1.0,21.5,0.5,E5,76,1,1,0.930566668510437,True,0.18316909670829773,False,0.4236586093902588,False
109,15,2.0,1.0,22.0,0.5,G4,67,2,5,0.8912928700447083,True,0.357883095741272,False,0.45613816380500793,False
110,15,1.0,1.0,21.5,0.5,C4,60,2,5,0.47066426277160645,False,0.641577422618866,True,0.44637331366539,False
111,15,3.0,1.0,22.5,0.5,G5,79,1,1,0.9635427594184875,True,0.4802287518978119,False,0.4657726287841797,False
112,15,2.0,1.0,22.0,0.5,E5,76,1,1,0.9153617024421692,True,0.43653401732444763,False,0.4025653600692749,False
113,15,3.0,1.0,22.5,0.5,G4,67,2,5,0.7479602694511414,True,0.31712785363197327,False,0.44133222103118896,False
114,15,2.0,1.0,22.0,0.5,C4,60,2,5,0.5299035906791687,True,0.846457839012146,True,0.40469321608543396,False
115,16,1.0,1.0,23.0,0.5,G5,79,1,1,0.9820850491523743,True,0.703916609287262,True,0.339132159948349,False
116,16,0.0,1.0,22.5,0.5,E5,76,1,1,0.8620131611824036,True,0.27408578991889954,False,0.41752973198890686,False
117,16,1.0,1.0,23.0,0.5,G4,67,2,5,0.8774920105934143,True,0.6110498905181885,True,0.5251687169075012,True
118,16,0.0,1.0,22.5,0.5,C4,60,2,5,0.706279456615448,True,0.9251385927200317,True,0.6670293807983398,True
119,16,2.0,1.0,23.5,0.5,A5,81,1,1,0.9179531931877136,True,0.4971177279949188,False,0.45243343710899353,False
120,16,1.0,1.0,23.0,0.5,F5,77,1,1,0.9184091687202454,True,0.16331255435943604,False,0.41803687810897827,False
121,16,2.0,1.0,23.5,0.5,A4,69,2,5,0.8677855730056763,True,0.8169861435890198,True,0.34540078043937683,False
122,16,1.0,1.0,23.0,0.5,F4,65,2,5,0.5431138277053833,True,0.37052586674690247,False,0.3896896243095398,False
123,16,2.0,0.25,23.5,0.125,C6,84,1,1,0.8665475249290466,True,0.082313172519207,False,0.4178422689437866,False
124,16,2.75,0.75,23.875,0.375,C5,72,2,5,0.8833744525909424,True,0.2831107974052429,False,0.4270460903644562,False
125,16,2.0,0.75,23.5,0.375,A4,69,2,5,0.8260806798934937,True,0.6855790615081787,True,0.4048919379711151,False
126,16,2.25,0.25,23.625,0.125,D6,86,1,1,0.9070869088172913,True,0.20750442147254944,False,0.43452969193458557,False
127,16,2.5,0.25,23.75,0.125,C6,84,1,1,0.8369573354721069,True,0.11996477842330933,False,0.41609522700309753,False
128,16,2.75,0.25,23.875,0.125,Bb5,82,1,1,0.8919935822486877,True,0.1617973893880844,False,0.41985994577407837,False
129,16,3.0,0.25,24.0,0.125,Bb4,70,2,5,0.6332197189331055,True,0.39981740713119507,False,0.4240494966506958,False
130,16,2.75,0.25,23.875,0.125,G4,67,2,5,0.8690080642700195,True,0.4824103116989136,False,0.42335373163223267,False
131,17,0.0,1.0,24.0,0.5,A5,81,1,1,0.8471596837043762,True,0.12266680598258972,False,0.42655494809150696,False
132,17,1.0,1.0,24.5,0.5,A4,69,2,5,0.9253379702568054,True,0.6242624521255493,True,0.4356310963630676,False
133,17,0.0,1.0,24.0,0.5,F4,65,2,5,0.4532136619091034,False,0.6213014125823975,True,0.4132073223590851,False
134,17,1.0,1.0,24.5,0.5,A5,81,1,1,0.8785542249679565,True,0.0745069608092308,False,0.42423495650291443,False
135,17,2.0,1.0,25.0,0.5,A4,69,2,5,0.9058489799499512,True,0.3467109203338623,False,0.4050251245498657,False
136,17,1.0,1.0,24.5,0.5,F4,65,2,5,0.49862679839134216,False,0.6782578825950623,True,0.4261495769023895,False
137,17,2.0,0.25,25.0,0.125,A5,81,1,1,0.8555623292922974,True,0.029540950432419777,False,0.4201340079307556,False
138,17,2.75,0.75,25.375,0.375,A4,69,2,5,0.8533693552017212,True,0.14621323347091675,False,0.40513014793395996,False
139,17,2.0,0.75,25.0,0.375,F4,65,2,5,0.5987298488616943,True,0.6762037873268127,True,0.49866414070129395,False
140,17,2.25,0.25,25.125,0.125,Bb5,82,1,1,0.5467008948326111,True,0.03498540073633194,False,0.41871538758277893,False
141,17,2.5,0.25,25.25,0.125,A5,81,1,1,0.8341326713562012,True,0.12784451246261597,False,0.42114517092704773,False
142,17,2.75,0.25,25.375,0.125,G5,79,1,1,0.968333899974823,True,0.07985421270132065,False,0.41052186489105225,False
143,17,3.0,0.25,25.5,0.125,G4,67,2,5,0.7797349691390991,True,0.31290289759635925,False,0.4193090498447418,False
144,17,2.75,0.25,25.375,0.125,C4,60,2,5,0.4955134093761444,False,0.5454089641571045,True,0.4119477868080139,False
145,18,0.0,1.0,25.5,0.5,F5,77,1,1,0.9547613859176636,True,0.5678844451904297,True,0.3969394862651825,False
146,18,1.0,1.0,26.0,0.5,F4,65,2,5,0.784214973449707,True,0.6612504124641418,True,0.4744808077812195,False
147,18,0.0,1.0,25.5,0.5,A3,57,2,5,0.593560516834259,True,0.29142239689826965,False,0.3920500874519348,False
148,18,1.0,1.0,26.0,0.5,F5,77,1,1,0.9573376774787903,True,0.4818074107170105,False,0.43792346119880676,False
149,18,2.0,1.0,26.5,0.5,F4,65,2,5,0.7264546155929565,True,0.5632488131523132,True,0.4403078556060791,False
150,18,1.0,1.0,26.0,0.5,A3,57,2,5,0.5416968464851379,True,0.33371713757514954,False,0.3905927538871765,False
151,18,2.0,1.0,26.5,0.5,F5,77,1,1,0.9487096071243286,True,0.523414134979248,True,0.4096704125404358,False
152,18,3.0,1.0,27.0,0.5,F4,65,2,5,0.7905593514442444,True,0.705892026424408,True,0.45828598737716675,False
153,18,2.0,1.0,26.5,0.5,A3,57,2,5,0.7188632488250732,True,0.4689476191997528,False,0.41082099080085754,False
154,19,0.0,1.0,27.0,0.5,G5,79,1,1,0.9773983359336853,True,0.2677466571331024,False,0.42728596925735474,False
155,19,1.0,1.0,27.5,0.5,G4,67,2,5,0.8861951231956482,True,0.2927495539188385,False,0.43311071395874023,False
156,19,0.0,1.0,27.0,0.5,C4,60,2,5,0.6570504903793335,True,0.9363252520561218,True,0.5563777089118958,True
157,19,1.0,1.0,27.5,0.5,Bb5,82,1,1,0.752338707447052,True,0.20051215589046478,False,0.4311077296733856,False
158,19,3.0,1.0,28.5,0.5,E5,76,1,1,0.9275880455970764,True,0.5337582230567932,True,0.42769360542297363,False
159,19,2.0,1.0,28.0,0.5,Bb4,70,1,1,0.8265496492385864,True,0.2824503183364868,False,0.4264281392097473,False
160,19,3.0,1.0,28.5,0.5,G4,67,2,5,0.8607854247093201,True,0.10836144536733627,False,0.4268457889556885,False
161,19,2.0,1.0,28.0,0.5,C4,60,2,5,0.7694352269172668,True,0.9150113463401794,True,0.5576788783073425,True
162,20,1.0,1.0,29.0,0.5,F5,77,1,1,0.8915503621101379,True,0.6066601872444153,True,0.23545394837856293,False
163,20,0.0,1.0,28.5,0.5,A4,69,1,1,0.7727670669555664,True,0.3990378975868225,False,0.4073757529258728,False
164,20,0.0,1.0,28.5,0.5,F4,65,2,5,0.8333686590194702,True,0.8307626843452454,True,0.397307813167572,False
165,20,2.0,2.0,29.5,1.0,C6,84,1,1,0.9576767086982727,True,0.6135492920875549,True,0.3867989480495453,False
166,20,3.0,1.25,30.0,0.625,Bb4,70,2,5,0.8798426389694214,True,0.528178870677948,True,0.4317273795604706,False
167,20,3.0,1.3333333333333333,30.0,0.6666666666666666,E4,64,2,5,0.7155268788337708,True,0.26175424456596375,False,0.4173548221588135,False
168,20,2.0,1.5,29.5,0.75,C4,60,2,5,0.5224595069885254,True,0.6425319314002991,True,0.4430524408817291,False
169,21,0.0,1.0,30.0,0.5,F5,77,1,1,0.9017230868339539,True,0.2825111448764801,False,0.4140845537185669,False
170,21,1.0,1.0,30.5,0.5,A4,69,2,5,0.7100158929824829,True,0.4522268772125244,False,0.3877350687980652,False
171,21,0.0,1.0,30.0,0.5,F4,65,2,5,0.8560572862625122,True,0.8030403852462769,True,0.43375295400619507,False
172,21,2.0,1.0,31.0,0.5,C5,72,1,1,0.8718740344047546,True,0.5880197286605835,True,0.39789092540740967,False
173,21,3.0,1.0,31.5,0.5,Bb3,58,2,5,0.6682177782058716,True,0.6990146040916443,True,0.6017482876777649,True
174,21,3.0,1.0,31.5,0.5,E3,52,2,5,0.6224573254585266,True,0.8026837110519409,True,0.18000100553035736,False
175,21,2.0,1.0,31.0,0.5,C3,48,2,5,0.1689329296350479,False,0.44352564215660095,False,0.41187402606010437,False
176,22,0.0,1.0,31.5,0.5,F4,65,1,1,0.872075617313385,True,0.6983331441879272,True,0.41263219714164734,False
177,22,1.0,1.0,32.0,0.5,A3,57,2,5,0.7305571436882019,True,0.4789636731147766,False,0.4030474126338959,False
178,22,0.0,1.0,31.5,0.5,F3,53,2,5,0.3760320544242859,False,0.6338666081428528,True,0.41640886664390564,False
179,22,2.0,1.0,32.5,0.5,C#4,61,1,1,0.8826712369918823,True,0.8023389577865601,True,0.36776411533355713,False
180,22,3.0,1.0,33.0,0.5,C#3,49,2,5,0.3253547251224518,False,0.5520184636116028,True,0.39770275354385376,False
181,22,2.0,1.0,32.5,0.5,C#2,37,2,5,0.24519439041614532,False,0.49888211488723755,False,0.40089738368988037,False
182,23,0.0,1.5,33.0,0.75,D4,62,1,1,0.9008307456970215,True,0.4360203742980957,False,0.42020997405052185,False
183,23,0.5,0.5,33.25,0.25,D3,50,2,5,0.650362491607666,True,0.864741325378418,True,0.437386691570282,False
184,23,0.0,0.5,33.0,0.25,D2,38,2,5,0.5423353314399719,True,0.5338913798332214,True,0.3244083523750305,False
185,23,0.5,0.5,33.25,0.25,F3,53,2,5,0.3614390194416046,False,0.6338830590248108,True,0.41190075874328613,False
186,23,1.0,0.5,33.5,0.25,A3,57,2,5,0.6686617732048035,True,0.37374433875083923,False,0.39167872071266174,False
187,23,1.5,0.25,33.75,0.125,F4,65,1,1,0.8399180769920349,True,0.5631599426269531,True,0.3796072006225586,False
188,23,1.5,0.5,33.75,0.25,F3,53,2,5,0.21499328315258026,False,0.5151854753494263,True,0.40735769271850586,False
189,23,1.75,0.25,33.875,0.125,A4,69,1,1,0.6586902737617493,True,0.2693738341331482,False,0.39976072311401367,False
190,23,2.0,0.5,34.0,0.25,D5,74,1,1,0.9793887734413147,True,0.6672819256782532,True,0.47523027658462524,False
191,23,2.0,0.5,34.0,0.25,A3,57,2,5,0.6956719756126404,True,0.3827141523361206,False,0.39010488986968994,False
192,23,2.5,0.25,34.25,0.125,A4,69,1,1,0.6279091835021973,True,0.0670192763209343,False,0.4132786989212036,False
193,23,2.5,0.5,34.25,0.25,F3,53,2,5,0.25562599301338196,False,0.5443685054779053,True,0.4073452353477478,False
194,23,2.75,0.25,34.375,0.125,D5,74,1,1,0.9246072173118591,True,0.1516486406326294,False,0.41078877449035645,False
195,24,0.0,0.5,34.5,0.25,F5,77,1,1,0.7871941924095154,True,0.05546032264828682,False,0.4139426052570343,False
196,24,0.0,0.5,34.5,0.25,D3,50,2,5,0.5221664905548096,True,0.6127135753631592,True,0.4114557206630707,False
197,24,0.5,0.25,34.75,0.125,D5,74,1,1,0.8987298011779785,True,0.17714330554008484,False,0.40991976857185364,False
198,24,0.5,0.5,34.75,0.25,F3,53,2,5,0.20599816739559174,False,0.5221287608146667,True,0.4084036648273468,False
199,24,0.75,0.25,34.875,0.125,F5,77,1,1,0.8113594651222229,True,0.10147072374820709,False,0.4117228388786316,False
200,24,1.0,0.5,35.0,0.25,A5,81,1,1,0.8326432704925537,True,0.06512904167175293,False,0.41761526465415955,False
201,24,1.0,0.5,35.0,0.25,A3,57,2,5,0.5914395451545715,True,0.4556226134300232,False,0.37858375906944275,False
202,24,1.5,0.5,35.25,0.25,A5,81,1,1,0.7989827990531921,True,0.0335618257522583,False,0.4178151786327362,False
203,24,1.5,0.5,35.25,0.25,F3,53,2,5,0.22917361557483673,False,0.5317971706390381,True,0.40853166580200195,False
204,24,2.0,0.5,35.5,0.25,F5,77,1,1,0.8585283160209656,True,0.057312093675136566,False,0.415203720331192,False
205,24,2.0,0.5,35.5,0.25,A3,57,2,5,0.43389633297920227,False,0.5589417815208435,True,0.40958455204963684,False
206,24,2.5,0.5,35.75,0.25,D5,74,1,1,0.8710074424743652,True,0.1517035961151123,False,0.41161757707595825,False
207,24,2.5,0.5,35.75,0.25,F3,53,2,5,0.19241881370544434,False,0.5001342296600342,True,0.40672674775123596,False
208,25,0.0,0.0,36.0,0.0,C#5,73,1,1,0.48410966992378235,False,0.5709515810012817,True,0.3919960558414459,False
209,25,0.0,0.0,36.0,0.0,E5,76,1,1,0.7363290786743164,True,0.1327371597290039,False,0.40581050515174866,False
210,25,0.0,0.0,36.0,0.0,G5,79,1,1,0.825867772102356,True,0.06385777145624161,False,0.4165942370891571,False
211,25,0.0,1.5,36.0,0.75,Bb5,82,1,1,0.6489797234535217,True,0.03207841515541077,False,0.41803067922592163,False
212,25,1.0,1.0,36.5,0.5,E3,52,2,5,0.4694538116455078,False,0.6927860379219055,True,0.43589404225349426,False
213,25,0.0,1.0,36.0,0.5,E2,40,2,5,0.2867918610572815,False,0.5502164363861084,True,0.42305684089660645,False
214,25,2.0,1.0,37.0,0.5,C#4,61,2,5,0.8202877640724182,True,0.7865140438079834,True,0.35180383920669556,False
215,25,2.0,1.0,37.0,0.5,Bb3,58,2,5,0.6961879134178162,True,0.8854241967201233,True,0.6023297309875488,True
216,25,2.0,1.0,37.0,0.5,G3,55,2,5,0.3312198221683502,False,0.5962561368942261,True,0.44035080075263977,False
217,25,1.0,1.0,36.5,0.5,E3,52,2,5,0.4198972284793854,False,0.6612486243247986,True,0.4290896952152252,False
218,25,1.5,0.25,36.75,0.125,A5,81,1,1,0.8445310592651367,True,0.06460971385240555,False,0.4189382791519165,False
219,25,1.75,0.25,36.875,0.125,G5,79,1,1,0.7643105387687683,True,0.019205378368496895,False,0.4183145761489868,False
220,25,2.0,0.25,37.0,0.125,F5,77,1,1,0.7979884743690491,True,0.04989175498485565,False,0.4161703288555145,False
221,25,2.25,0.25,37.125,0.125,E5,76,1,1,0.6623873114585876,True,0.04736717417836189,False,0.4151068925857544,False
222,25,2.5,0.25,37.25,0.125,D5,74,1,1,0.8583410382270813,True,0.07690777629613876,False,0.416892945766449,False
223,25,2.75,0.25,37.375,0.125,C#5,73,1,1,0.4879242181777954,False,0.5404030680656433,True,0.38622552156448364,False
224,26,0.0,1.5,37.5,0.75,Bb5,82,1,1,0.7664974331855774,True,0.05022509768605232,False,0.4182796776294708,False
225,26,1.0,1.0,38.0,0.5,E3,52,2,5,0.3511824905872345,False,0.6187490820884705,True,0.42219671607017517,False
226,26,0.0,1.0,37.5,0.5,E2,40,2,5,0.2663874626159668,False,0.533751904964447,True,0.4157398045063019,False
227,26,2.0,1.0,38.5,0.5,C#4,61,2,5,0.7880903482437134,True,0.6218441724777222,True,0.28826501965522766,False
228,26,2.0,1.0,38.5,0.5,Bb3,58,2,5,0.8138894438743591,True,0.9373914003372192,True,0.6177677512168884,True
229,26,2.0,1.0,38.5,0.5,G3,55,2,5,0.6223820447921753,True,0.8353074193000793,True,0.5219357013702393,True
230,26,1.0,1.0,38.0,0.5,E3,52,2,5,0.30170461535453796,False,0.579636812210083,True,0.41993704438209534,False
231,26,1.5,0.25,38.25,0.125,A5,81,1,1,0.8495705127716064,True,0.04424808919429779,False,0.4186463952064514,False
232,26,1.75,0.25,38.375,0.125,G5,79,1,1,0.7042542695999146,True,0.003852012101560831,False,0.41925522685050964,False
233,26,2.0,0.25,38.5,0.125,F5,77,1,1,0.775614321231842,True,0.015222509391605854,False,0.4180021584033966,False
234,26,2.25,0.25,38.625,0.125,E5,76,1,1,0.6375535130500793,True,0.005046917591243982,False,0.41955727338790894,False
235,26,2.5,0.25,38.75,0.125,D5,74,1,1,0.875569224357605,True,0.03566398471593857,False,0.4161747395992279,False
236,26,2.75,0.25,38.875,0.125,C#5,73,1,1,0.7721810936927795,True,0.03577777370810509,False,0.4127441942691803,False
237,27,0.0,1.5,39.0,0.75,D5,74,1,1,0.8834611773490906,True,0.19805516302585602,False,0.407132625579834,False
238,27,0.0,0.5,39.0,0.25,F3,53,2,5,0.32211461663246155,False,0.6032097935676575,True,0.4088694751262665,False
239,27,0.5,0.5,39.25,0.25,A3,57,2,5,0.3546768128871918,False,0.5371456146240234,True,0.4039607346057892,False
240,27,1.0,0.5,39.5,0.25,D4,62,2,5,0.8065440058708191,True,0.4749142527580261,False,0.3969120681285858,False
241,27,1.5,0.25,39.75,0.125,F4,65,1,1,0.869472861289978,True,0.540307879447937,True,0.30535605549812317,False
242,27,1.5,0.5,39.75,0.25,A3,57,2,5,0.23055481910705566,False,0.46561864018440247,False,0.4038213789463043,False
243,27,1.75,0.25,39.875,0.125,A4,69,1,1,0.8995660543441772,True,0.15457458794116974,False,0.4125654399394989,False
244,27,2.0,0.5,40.0,0.25,D5,74,1,1,0.8501490950584412,True,0.11651241779327393,False,0.40936553478240967,False
245,27,2.0,0.5,40.0,0.25,D4,62,2,5,0.7988133430480957,True,0.46115851402282715,False,0.39963266253471375,False
246,27,2.5,0.25,40.25,0.125,A4,69,1,1,0.8621392250061035,True,0.1413956731557846,False,0.4115321934223175,False
247,27,2.5,0.5,40.25,0.25,A3,57,2,5,0.40220993757247925,False,0.5488786697387695,True,0.40186265110969543,False
248,27,2.75,0.25,40.375,0.125,D5,74,1,1,0.8609609007835388,True,0.11830154061317444,False,0.40842247009277344,False
249,28,0.0,0.5,40.5,0.25,F5,77,1,1,0.8352802991867065,True,0.08440377563238144,False,0.4107666015625,False
250,28,0.0,0.5,40.5,0.25,F3,53,2,5,0.19279435276985168,False,0.4921695590019226,False,0.4059006869792938,False
251,28,0.5,0.25,40.75,0.125,D5,74,1,1,0.8213963508605957,True,0.12548623979091644,False,0.4084387421607971,False
252,28,0.5,0.5,40.75,0.25,A3,57,2,5,0.318947970867157,False,0.5292618274688721,True,0.4039928913116455,False
253,28,0.75,0.25,40.875,0.125,F5,77,1,1,0.7872081398963928,True,0.1686401218175888,False,0.4013272523880005,False
254,28,1.0,0.5,41.0,0.25,A5,81,1,1,0.8634241819381714,True,0.4048362970352173,False,0.4033866226673126,False
255,28,1.0,0.5,41.0,0.25,D4,62,2,5,0.8464164137840271,True,0.72795569896698,True,0.412340372800827,False
256,28,1.5,0.5,41.25,0.25,A5,81,1,1,0.821037232875824,True,0.24004921317100525,False,0.4058785140514374,False
257,28,1.5,0.5,41.25,0.25,A3,57,2,5,0.30922189354896545,False,0.5072813630104065,True,0.4024544656276703,False
258,28,2.0,0.5,41.5,0.25,F5,77,1,1,0.850214421749115,True,0.31049448251724243,False,0.3981398046016693,False
259,28,2.0,0.5,41.5,0.25,D4,62,2,5,0.8680689930915833,True,0.7317953109741211,True,0.4347144365310669,False
260,28,2.5,0.5,41.75,0.25,D5,74,1,1,0.4883081018924713,False,0.6971715688705444,True,0.3985338807106018,False
261,28,2.5,0.5,41.75,0.25,A3,57,2,5,0.29410964250564575,False,0.5159254670143127,True,0.39957571029663086,False
262,29,1.5,1.5,42.75,0.75,Ab5,80,1,1,0.962810754776001,True,0.40523606538772583,False,0.4478943943977356,False
263,29,1.5,1.5,42.75,0.75,F5,77,1,1,0.9574267864227295,True,0.19613851606845856,False,0.41479212045669556,False
264,29,1.5,1.5,42.75,0.75,D5,74,1,1,0.8890239596366882,True,0.15946322679519653,False,0.421174019575119,False
265,29,0.0,1.5,42.0,0.75,B4,71,1,1,0.8916369676589966,True,0.4275323152542114,False,0.42549294233322144,False
266,29,1.0,1.0,42.5,0.5,D3,50,2,5,0.6721316576004028,True,0.872061014175415,True,0.4576585292816162,False
267,29,0.0,1.0,42.0,0.5,D2,38,2,5,0.49687469005584717,False,0.6931276321411133,True,0.4276259243488312,False
268,29,2.0,1.0,43.0,0.5,B3,59,2,5,0.5076817870140076,True,0.6006636023521423,True,0.39700278639793396,False
269,29,2.0,1.0,43.0,0.5,Ab3,56,2,5,0.4955543279647827,False,0.7046502232551575,True,0.44589361548423767,False
270,29,2.0,1.0,43.0,0.5,F3,53,2,5,0.1992933601140976,False,0.504555344581604,True,0.4113365411758423,False
271,29,1.0,1.0,42.5,0.5,D3,50,2,5,0.7202224731445312,True,0.9212802052497864,True,0.484043687582016,False
272,29,1.5,0.25,42.75,0.125,G5,79,1,1,0.762723982334137,True,0.028136953711509705,False,0.41780051589012146,False
273,29,1.75,0.25,42.875,0.125,F5,77,1,1,0.8944966197013855,True,0.09703053534030914,False,0.4117407202720642,False
274,29,2.0,0.25,43.0,0.125,Eb5,75,1,1,0.6122336387634277,True,0.04764436185359955,False,0.4204096496105194,False
275,29,2.25,0.25,43.125,0.125,D5,74,1,1,0.7187718152999878,True,0.047276780009269714,False,0.4168776571750641,False
276,29,2.5,0.25,43.25,0.125,C5,72,1,1,0.6396089196205139,True,0.17222484946250916,False,0.4157092571258545,False
277,29,2.75,0.25,43.375,0.125,B4,71,1,1,0.7929021120071411,True,0.37154263257980347,False,0.3847123384475708,False
278,30,0.0,1.5,43.5,0.75,Ab5,80,1,1,0.9181612730026245,True,0.12331247329711914,False,0.42350754141807556,False
279,30,1.0,1.0,44.0,0.5,D3,50,2,5,0.7447504997253418,True,0.8995532989501953,True,0.489582359790802,False
280,30,0.0,1.0,43.5,0.5,D2,38,2,5,0.5291851758956909,True,0.44572553038597107,False,0.41583433747291565,False
281,30,2.0,1.0,44.5,0.5,B3,59,2,5,0.5378641486167908,True,0.5624323487281799,True,0.34243908524513245,False
282,30,2.0,1.0,44.5,0.5,Ab3,56,2,5,0.6258227229118347,True,0.8637339472770691,True,0.4125634431838989,False
283,30,2.0,1.0,44.5,0.5,F3,53,2,5,0.4586559534072876,False,0.6557232141494751,True,0.411836713552475,False
284,30,1.0,1.0,44.0,0.5,D3,50,2,5,0.735318660736084,True,0.9037904739379883,True,0.4951147139072418,False
285,30,1.5,0.25,44.25,0.125,G5,79,1,1,0.786254346370697,True,0.020169943571090698,False,0.4186650812625885,False
286,30,1.75,0.25,44.375,0.125,F5,77,1,1,0.9012609720230103,True,0.2103009670972824,False,0.40968218445777893,False
287,30,2.0,0.25,44.5,0.125,Eb5,75,1,1,0.6154652833938599,True,0.04945836961269379,False,0.42189714312553406,False
288,30,2.25,0.25,44.625,0.125,D5,74,1,1,0.8258062601089478,True,0.12584130465984344,False,0.4194873571395874,False
289,30,2.5,0.25,44.75,0.125,C5,72,1,1,0.6180943846702576,True,0.14530952274799347,False,0.4120999574661255,False
290,30,2.75,0.25,44.875,0.125,B4,71,1,1,0.8165961503982544,True,0.25631171464920044,False,0.399345338344574,False
291,31,0.0,1.25,45.0,0.625,C5,72,1,1,0.7458645701408386,True,0.13300316035747528,False,0.41755977272987366,False
292,31,0.0,0.5,45.0,0.25,Eb3,51,2,5,0.3004772961139679,False,0.5941091775894165,True,0.4377020001411438,False
293,31,0.5,0.5,45.25,0.25,G3,55,2,5,0.742186963558197,True,0.9282087683677673,True,0.5296235084533691,True
294,31,1.25,0.25,45.625,0.125,G4,67,1,1,0.7159017324447632,True,0.1714656949043274,False,0.4229462146759033,False
295,31,1.5,0.25,45.75,0.125,C5,72,1,1,0.7241166830062866,True,0.10378749668598175,False,0.41445863246917725,False
296,31,1.5,0.5,45.75,0.25,G3,55,2,5,0.632319450378418,True,0.7840659618377686,True,0.5283095836639404,True
297,31,1.75,0.25,45.875,0.125,G4,67,1,1,0.6714697480201721,True,0.12178730219602585,False,0.41963544487953186,False
298,31,2.0,0.25,46.0,0.125,Eb5,75,1,1,0.7094820737838745,True,0.1369783729314804,False,0.42910975217819214,False
299,31,2.0,0.5,46.0,0.25,C4,60,2,5,0.44505950808525085,False,0.5784024000167847,True,0.41265952587127686,False
300,31,2.25,0.25,46.125,0.125,C5,72,1,1,0.6359125971794128,True,0.10002084821462631,False,0.41339683532714844,False
301,31,2.5,0.25,46.25,0.125,Eb5,75,1,1,0.6669443845748901,True,0.0639895498752594,False,0.42238715291023254,False
302,31,2.5,0.5,46.25,0.25,G3,55,2,5,0.6964525580406189,True,0.8105511665344238,True,0.6244080662727356,True
303,31,2.75,0.25,46.375,0.125,C5,72,1,1,0.6554060578346252,True,0.11533030867576599,False,0.41241684556007385,False
304,32,0.0,0.25,46.5,0.125,G5,79,1,1,0.8682834506034851,True,0.0495029091835022,False,0.41985970735549927,False
305,32,0.0,0.5,46.5,0.25,Eb3,51,2,5,0.2776319682598114,False,0.5720940828323364,True,0.4304090142250061,False
306,32,0.25,0.25,46.625,0.125,Eb5,75,1,1,0.576850175857544,True,0.05619395896792412,False,0.4206940531730652,False
307,32,0.5,0.25,46.75,0.125,G5,79,1,1,0.8422718048095703,True,0.039744783192873,False,0.41829198598861694,False
308,32,0.5,0.5,46.75,0.25,G3,55,2,5,0.5893030166625977,True,0.7692144513130188,True,0.5545912384986877,True
309,32,0.75,0.25,46.875,0.125,Eb5,75,1,1,0.5827713012695312,True,0.1263820230960846,False,0.4244028627872467,False
310,32,1.0,0.5,47.0,0.25,C4,60,2,5,0.5061023831367493,True,0.580895721912384,True,0.3860150873661041,False
311,32,1.5,0.5,47.25,0.25,G3,55,2,5,0.5823175311088562,True,0.7807672023773193,True,0.5025345087051392,True
312,32,2.0,0.5,47.5,0.25,C4,60,2,5,0.5104041695594788,True,0.7194525003433228,True,0.36815088987350464,False
313,32,2.5,0.5,47.75,0.25,G3,55,2,5,0.6746100783348083,True,0.9062634110450745,True,0.5978647470474243,True
314,33,0.0,1.25,48.0,0.625,C5,72,1,1,0.7360522747039795,True,0.19484670460224152,False,0.41593804955482483,False
315,33,0.0,0.5,48.0,0.25,C3,48,2,5,0.38344138860702515,False,0.5590115785598755,True,0.41556641459465027,False
316,33,0.5,0.5,48.25,0.25,Eb3,51,2,5,0.24251560866832733,False,0.5438768267631531,True,0.4261915981769562,False
317,33,1.0,0.5,48.5,0.25,Ab3,56,2,5,0.4023858606815338,False,0.6200178861618042,True,0.41494590044021606,False
318,33,1.25,0.25,48.625,0.125,Ab4,68,1,1,0.6686233282089233,True,0.37021082639694214,False,0.41176119446754456,False
319,33,1.5,0.25,48.75,0.125,C5,72,1,1,0.6890297532081604,True,0.0943138375878334,False,0.4137885570526123,False
320,33,1.5,0.5,48.75,0.25,Eb3,51,2,5,0.24631436169147491,False,0.5457288026809692,True,0.42471230030059814,False
321,33,1.75,0.25,48.875,0.125,Ab4,68,1,1,0.5875952243804932,True,0.41471436619758606,False,0.4067131280899048,False
322,33,2.0,0.25,49.0,0.125,Eb5,75,1,1,0.7595295310020447,True,0.1606699824333191,False,0.43241584300994873,False
323,33,2.0,0.5,49.0,0.25,Ab3,56,2,5,0.40505358576774597,False,0.6171011328697205,True,0.4133843183517456,False
324,33,2.25,0.25,49.125,0.125,C5,72,1,1,0.7079558968544006,True,0.11782209575176239,False,0.41252896189689636,False
325,33,2.5,0.25,49.25,0.125,Eb5,75,1,1,0.7489574551582336,True,0.1319984346628189,False,0.42909184098243713,False
326,33,2.5,0.5,49.25,0.25,Eb3,51,2,5,0.2863953113555908,False,0.5828431248664856,True,0.42954331636428833,False
327,33,2.75,0.25,49.375,0.125,C5,72,1,1,0.7182152271270752,True,0.12610623240470886,False,0.4121667146682739,False
328,34,0.0,0.25,49.5,0.125,Ab5,80,1,1,0.7138978242874146,True,0.05584704875946045,False,0.41751202940940857,False
329,34,0.0,0.5,49.5,0.25,C3,48,2,5,0.32277312874794006,False,0.5150146484375,True,0.40855085849761963,False
330,34,0.25,0.25,49.625,0.125,Eb5,75,1,1,0.7176343202590942,True,0.12019382417201996,False,0.425688236951828,False
331,34,0.5,0.25,49.75,0.125,Ab5,80,1,1,0.7861210107803345,True,0.08055724948644638,False,0.41591623425483704,False
332,34,0.5,0.5,49.75,0.25,Eb3,51,2,5,0.3017589747905731,False,0.5850052833557129,True,0.432014137506485,False
333,34,0.75,0.25,49.875,0.125,Eb5,75,1,1,0.7083105444908142,True,0.20124167203903198,False,0.4330066442489624,False
334,34,1.0,1.0,50.0,0.5,C6,84,1,1,0.8191461563110352,True,0.05300797522068024,False,0.4176580309867859,False
335,34,1.0,0.5,50.0,0.25,Ab3,56,2,5,0.4738110303878784,False,0.6566292643547058,True,0.41760826110839844,False
336,34,1.5,0.5,50.25,0.25,Eb3,51,2,5,0.2841866910457611,False,0.5756286382675171,True,0.42891359329223633,False
337,34,2.0,0.5,50.5,0.25,Ab3,56,2,5,0.44671913981437683,False,0.6396166086196899,True,0.4185003936290741,False
338,34,2.5,0.5,50.75,0.25,Eb3,51,2,5,0.2607179880142212,False,0.5701988935470581,True,0.4259793758392334,False
339,35,0.0,1.25,51.0,0.625,C5,72,1,1,0.7644571661949158,True,0.165823295712471,False,0.4138818681240082,False
340,35,0.0,0.5,51.0,0.25,Ab2,44,2,5,0.18132928013801575,False,0.51030433177948,True,0.4131315350532532,False
341,35,0.5,0.5,51.25,0.25,C3,48,2,5,0.38210850954055786,False,0.5394837260246277,True,0.4109672009944916,False
342,35,1.0,0.5,51.5,0.25,Eb3,51,2,5,0.21419470012187958,False,0.5346353054046631,True,0.421753853559494,False
343,35,1.25,0.25,51.625,0.125,F#4,66,1,1,0.7060828804969788,True,0.3150443732738495,False,0.39638984203338623,False
344,35,1.5,0.25,51.75,0.125,C5,72,1,1,0.7571260333061218,True,0.11852055788040161,False,0.41252830624580383,False
345,35,1.5,0.5,51.75,0.25,C3,48,2,5,0.3101353645324707,False,0.5021122097969055,True,0.4076428711414337,False
346,35,1.75,0.25,51.875,0.125,F#4,66,1,1,0.5824236273765564,True,0.17405551671981812,False,0.4053895175457001,False
347,35,2.0,0.25,52.0,0.125,Eb5,75,1,1,0.7110280990600586,True,0.12035791575908661,False,0.4266039729118347,False
348,35,2.0,0.5,52.0,0.25,Eb3,51,2,5,0.23326487839221954,False,0.5426267385482788,True,0.42407768964767456,False
349,35,2.25,0.25,52.125,0.125,C5,72,1,1,0.7236951589584351,True,0.13055506348609924,False,0.4118712544441223,False
350,35,2.5,0.25,52.25,0.125,Eb5,75,1,1,0.6991321444511414,True,0.14017577469348907,False,0.42733633518218994,False
351,35,2.5,0.5,52.25,0.25,C3,48,2,5,0.23527464270591736,False,0.4659545123577118,False,0.40726691484451294,False
352,35,2.75,0.25,52.375,0.125,C5,72,1,1,0.7160612940788269,True,0.14717663824558258,False,0.41017407178878784,False
353,36,0.0,0.25,52.5,0.125,F#5,78,1,1,0.8526862263679504,True,0.14239731431007385,False,0.40607771277427673,False
354,36,0.0,0.5,52.5,0.25,Ab2,44,2,5,0.21146756410598755,False,0.5319070816040039,True,0.4119647741317749,False
355,36,0.25,0.25,52.625,0.125,Eb5,75,1,1,0.6968035697937012,True,0.17218127846717834,False,0.4202393591403961,False
356,36,0.5,0.25,52.75,0.125,F#5,78,1,1,0.7708772420883179,True,0.05619717016816139,False,0.412373811006546,False
357,36,0.5,0.5,52.75,0.25,C3,48,2,5,0.32807978987693787,False,0.5115213394165039,True,0.4066534638404846,False
358,36,0.75,0.25,52.875,0.125,Eb5,75,1,1,0.8284268379211426,True,0.119800865650177,False,0.42231354117393494,False
359,36,1.0,1.0,53.0,0.5,C6,84,1,1,0.7765483260154724,True,0.03441388159990311,False,0.4165685772895813,False
360,36,1.0,0.5,53.0,0.25,Eb3,51,2,5,0.3573862314224243,False,0.6275157332420349,True,0.4396307170391083,False
361,36,1.5,0.5,53.25,0.25,C3,48,2,5,0.2791807949542999,False,0.49037835001945496,False,0.4076921343803406,False
362,36,2.0,1.0,53.5,0.5,F#5,78,1,1,0.6958932876586914,True,0.0492798276245594,False,0.4126627445220947,False
363,36,2.0,0.5,53.5,0.25,Eb3,51,2,5,0.3576769232749939,False,0.6245512962341309,True,0.4394161105155945,False
364,36,2.5,0.5,53.75,0.25,C3,48,2,5,0.2627183496952057,False,0.47728171944618225,False,0.40868350863456726,False
365,37,0.0,0.0,54.0,0.0,G4,67,1,1,0.6542692184448242,True,0.08973609656095505,False,0.41648972034454346,False
366,37,0.0,0.0,54.0,0.0,B4,71,1,1,0.7489153742790222,True,0.366731196641922,False,0.385932594537735,False
367,37,0.0,0.0,54.0,0.0,D5,74,1,1,0.881272554397583,True,0.07873138040304184,False,0.41575154662132263,False
368,37,0.0,2.0,54.0,1.0,G5,79,1,1,0.8958052396774292,True,0.026189027354121208,False,0.418414831161499,False
369,37,0.0,0.5,54.0,0.25,G2,43,2,5,0.5718910694122314,True,0.799971342086792,True,0.49811479449272156,False
370,37,0.5,0.5,54.25,0.25,B2,47,2,5,0.46048614382743835,False,0.6359385251998901,True,0.4140462279319763,False
371,37,1.0,0.5,54.5,0.25,D3,50,2,5,0.7855339050292969,True,0.9132952690124512,True,0.44473883509635925,False
372,37,1.5,0.5,54.75,0.25,G3,55,2,5,0.7675765752792358,True,0.902119517326355,True,0.6010432243347168,True
373,37,2.0,0.25,55.0,0.125,F5,77,1,1,0.830594539642334,True,0.18347850441932678,False,0.40728089213371277,False
374,37,2.0,0.5,55.0,0.25,C3,48,2,5,0.24229764938354492,False,0.4597730040550232,False,0.4066351056098938,False
375,37,2.25,0.25,55.125,0.125,Eb5,75,1,1,0.7593885064125061,True,0.04978613555431366,False,0.42242616415023804,False
376,37,2.5,0.25,55.25,0.125,D5,74,1,1,0.8509234189987183,True,0.07600400596857071,False,0.41638702154159546,False
377,37,2.5,0.5,55.25,0.25,Eb3,51,2,5,0.32819774746894836,False,0.6027125716209412,True,0.4331001341342926,False
378,37,2.75,0.25,55.375,0.125,C5,72,1,1,0.6914061307907104,True,0.20980753004550934,False,0.4172394871711731,False
379,38,0.0,2.0,55.5,1.0,G5,79,1,1,0.9296302795410156,True,0.05097963288426399,False,0.41829580068588257,False
380,38,0.0,0.5,55.5,0.25,G2,43,2,5,0.6172921061515808,True,0.7652466893196106,True,0.47112390398979187,False
381,38,0.5,0.5,55.75,0.25,B2,47,2,5,0.31031787395477295,False,0.5393502712249756,True,0.4103391766548157,False
382,38,1.0,0.5,56.0,0.25,D3,50,2,5,0.7296756505966187,True,0.8173640966415405,True,0.42766594886779785,False
383,38,1.5,0.5,56.25,0.25,G3,55,2,5,0.770041823387146,True,0.8717849850654602,True,0.5996516942977905,True
384,38,2.0,0.25,56.5,0.125,F5,77,1,1,0.873708963394165,True,0.1990874707698822,False,0.4058719873428345,False
385,38,2.0,0.5,56.5,0.25,C3,48,2,5,0.2098226249217987,False,0.4610428214073181,False,0.4099753797054291,False
386,38,2.25,0.25,56.625,0.125,Eb5,75,1,1,0.8152957558631897,True,0.04673745110630989,False,0.4226645827293396,False
387,38,2.5,0.25,56.75,0.125,D5,74,1,1,0.8613089323043823,True,0.1247192993760109,False,0.4128414988517761,False
388,38,2.5,0.5,56.75,0.25,Eb3,51,2,5,0.4691552221775055,False,0.7066985964775085,True,0.4605315625667572,False
389,38,2.75,0.25,56.875,0.125,C5,72,1,1,0.7426864504814148,True,0.18531444668769836,False,0.4177226722240448,False
390,39,0.0,1.5,57.0,0.75,G5,79,1,1,0.9387511610984802,True,0.06857568770647049,False,0.41838887333869934,False
391,39,1.5,1.5,57.75,0.75,G3,55,2,6,0.7704238295555115,True,0.8875939846038818,True,0.6169052124023438,True
392,39,0.0,1.5,57.0,0.75,G2,43,2,6,0.5331686735153198,True,0.49847307801246643,False,0.4478345215320587,False
393,39,1.5,0.25,57.75,0.125,Ab5,80,1,1,0.8983730673789978,True,0.08636806905269623,False,0.4209602475166321,False
394,39,1.5,0.25,57.75,0.125,Ab3,56,2,6,0.25379693508148193,False,0.5248103737831116,True,0.4112219214439392,False
395,39,1.75,0.25,57.875,0.125,G5,79,1,1,0.8925368189811707,True,0.028876421973109245,False,0.4177536070346832,False
396,39,1.75,0.25,57.875,0.125,G3,55,2,6,0.6907830238342285,True,0.8866711854934692,True,0.6035724878311157,True
397,39,2.0,0.25,58.0,0.125,F5,77,1,1,0.8679603934288025,True,0.08622162789106369,False,0.41538742184638977,False
398,39,2.0,0.25,58.0,0.125,F3,53,2,6,0.3105188012123108,False,0.5844674110412598,True,0.4136497974395752,False
399,39,2.25,0.25,58.125,0.125,Eb5,75,1,1,0.9231104254722595,True,0.27927717566490173,False,0.4508657455444336,False
400,39,2.25,0.25,58.125,0.125,Eb3,51,2,6,0.5545547604560852,True,0.735010027885437,True,0.5056775808334351,True
401,39,2.5,0.25,58.25,0.125,D5,74,1,1,0.8451720476150513,True,0.19575144350528717,False,0.4098632037639618,False
402,39,2.5,0.25,58.25,0.125,D3,50,2,6,0.5389840602874756,True,0.7545492649078369,True,0.39781567454338074,False
403,39,2.75,0.25,58.375,0.125,C5,72,1,1,0.7486723065376282,True,0.15685634315013885,False,0.4202786087989807,False
404,39,2.75,0.25,58.375,0.125,C3,48,2,6,0.22014965116977692,False,0.4728933572769165,False,0.41242077946662903,False
405,40,0.0,1.0,58.5,0.5,G5,79,1,1,0.9027780294418335,True,0.07017149031162262,False,0.4181006848812103,False
406,40,0.0,1.0,58.5,0.5,G3,55,2,6,0.6628146767616272,True,0.8612663149833679,True,0.5974788069725037,True
407,40,1.0,1.0,59.0,0.5,G4,67,1,1,0.8386519551277161,True,0.4454110562801361,False,0.43609896302223206,False
408,40,1.0,1.0,59.0,0.5,G2,43,2,6,0.6104879975318909,True,0.882762610912323,True,0.37663406133651733,False
409,41,0.0,0.0,60.0,0.0,C3,48,2,6,0.1246621385216713,False,0.4065084755420685,False,0.4083854854106903,False
410,41,0.0,0.0,60.0,0.0,G4,67,1,1,0.7911537289619446,True,0.1522543728351593,False,0.4182571768760681,False
411,41,0.0,0.0,60.0,0.0,G3,55,2,6,0.6776481866836548,True,0.8194099068641663,True,0.5769796371459961,True
412,41,0.0,0.5,60.0,0.25,E5,76,1,1,0.8630114197731018,True,0.47276586294174194,False,0.423429936170578,False
413,41,0.0,1.0,60.0,0.5,C4,60,2,6,0.687140166759491,True,0.9448702335357666,True,0.41363614797592163,False
414,41,1.0,0.5,60.5,0.25,E5,76,1,1,0.8233765363693237,True,0.12506435811519623,False,0.41231483221054077,False
415,41,2.0,0.5,61.0,0.25,E5,76,1,1,0.7934433221817017,True,0.1564001590013504,False,0.4070395529270172,False
416,42,0.0,0.0,61.5,0.0,G3,55,2,6,0.4892389178276062,False,0.6140548586845398,True,0.41892075538635254,False
417,42,0.0,0.0,61.5,0.0,B4,71,1,1,0.7439625859260559,True,0.35861748456954956,False,0.40836724638938904,False
418,42,0.0,0.0,61.5,0.0,D4,62,2,6,0.8950366973876953,True,0.8592427372932434,True,0.41116097569465637,False
419,42,0.0,1.5,61.5,0.75,G5,79,1,1,0.8204065561294556,True,0.05245533213019371,False,0.4167686700820923,False
420,42,0.0,1.0,61.5,0.5,F4,65,2,6,0.7425456047058105,True,0.6686596274375916,True,0.30071794986724854,False
421,42,1.5,0.5,62.25,0.25,F5,77,1,1,0.7429047226905823,True,0.05616212636232376,False,0.4149821996688843,False
422,42,2.0,1.0,62.5,0.5,D5,74,1,1,0.6875067949295044,True,0.11002226173877716,False,0.4156869351863861,False
423,43,0.0,0.5,63.0,0.25,D5,74,1,1,0.8250755071640015,True,0.15758392214775085,False,0.418251097202301,False
424,43,0.0,1.0,63.0,0.5,E4,64,1,5,0.7875282764434814,True,0.49487918615341187,False,0.41582775115966797,False
425,43,0.0,1.0,63.0,0.5,C3,48,2,6,0.10001066327095032,False,0.41147008538246155,False,0.4097166359424591,False
426,43,0.5,0.5,63.25,0.25,C5,72,1,1,0.7235572934150696,True,0.2865900993347168,False,0.41381677985191345,False
427,43,2.5,1.5,64.25,0.75,C5,72,1,1,0.8292884230613708,True,0.362998902797699,False,0.4042065143585205,False
428,43,1.0,1.5,63.5,0.75,G4,67,1,1,0.8506113290786743,True,0.25596365332603455,False,0.4213336408138275,False
429,43,1.0,1.0,63.5,0.5,E3,52,2,6,0.38924476504325867,False,0.6393277645111084,True,0.424955278635025,False
430,43,2.0,1.0,64.0,0.5,G3,55,2,6,0.5032141804695129,True,0.8643143177032471,True,0.5752667188644409,True
431,43,3.0,0.5,64.5,0.25,D5,74,1,1,0.6894015669822693,True,0.18452952802181244,False,0.4189881980419159,False
432,43,2.5,0.5,64.25,0.25,B4,71,1,1,0.6260558366775513,True,0.31805694103240967,False,0.39310380816459656,False
433,44,2.0,2.0,65.5,1.0,D5,74,1,1,0.8407503962516785,True,0.20120464265346527,False,0.4241214394569397,False
434,44,0.0,2.0,64.5,1.0,B4,71,1,1,0.6858794093132019,True,0.3093000054359436,False,0.3992053270339966,False
435,44,0.0,1.0,64.5,0.5,C4,60,2,6,0.7224895358085632,True,0.7554795145988464,True,0.45198243856430054,False
436,44,1.0,1.0,65.0,0.5,C3,48,2,6,0.2182832956314087,False,0.4697311222553253,False,0.4132412075996399,False
437,44,3.0,1.0,66.0,0.5,E5,76,1,1,0.6976450681686401,True,0.32356640696525574,False,0.3890238404273987,False
438,44,2.0,1.0,65.5,0.5,C5,72,1,1,0.5775193572044373,True,0.22368066012859344,False,0.4049624800682068,False
439,45,0.0,1.5,66.0,0.75,F5,77,1,1,0.7993457913398743,True,0.18366175889968872,False,0.4104166626930237,False
440,45,0.0,1.0,66.0,0.5,A3,57,2,5,0.7803422808647156,True,0.9276708364486694,True,0.411089688539505,False
441,45,2.0,1.0,67.0,0.5,F4,65,2,5,0.818301796913147,True,0.5283457636833191,True,0.3306010067462921,False
442,45,1.0,1.0,66.5,0.5,C4,60,2,5,0.7266904711723328,True,0.7989534139633179,True,0.45493990182876587,False
443,45,1.5,0.0,66.75,0.0,G5,79,1,1,0.7303173542022705,True,0.043358996510505676,False,0.41673073172569275,False
444,45,1.5,0.0,66.75,0.0,F5,77,1,1,0.7717828154563904,True,0.1862502098083496,False,0.40841439366340637,False
445,45,1.5,0.0,66.75,0.0,E5,76,1,1,0.6729222536087036,True,0.12546676397323608,False,0.40139099955558777,False
446,45,1.5,0.5,66.75,0.25,F5,77,1,1,0.8299665451049805,True,0.15562669932842255,False,0.4157741665840149,False
447,45,2.0,0.5,67.0,0.25,G5,79,1,1,0.7277026772499084,True,0.03918573260307312,False,0.4172601103782654,False
448,45,2.5,0.5,67.25,0.25,A5,81,1,1,0.9614236950874329,True,0.05891134589910507,False,0.420102059841156,False
449,46,0.0,0.5,67.5,0.25,A5,81,1,1,0.9240908026695251,True,0.046035002917051315,False,0.41820240020751953,False
450,46,0.0,1.0,67.5,0.5,B3,59,2,5,0.36833763122558594,False,0.6068475842475891,True,0.41651883721351624,False
451,46,0.5,0.5,67.75,0.25,G5,79,1,1,0.6804189682006836,True,0.04150281846523285,False,0.4162060618400574,False
452,46,1.0,0.5,68.0,0.25,F#5,78,1,1,0.8173751831054688,True,0.06887512654066086,False,0.40914469957351685,False
453,46,2.0,1.0,68.5,0.5,G4,67,2,5,0.7950518727302551,True,0.2534042298793793,False,0.42429956793785095,False
454,46,1.0,1.0,68.0,0.5,D4,62,2,5,0.9230625629425049,True,0.8656745553016663,True,0.4979645907878876,False
455,46,1.5,0.5,68.25,0.25,G5,79,1,1,0.7704477906227112,True,0.09743157029151917,False,0.41277632117271423,False
456,46,2.0,0.5,68.5,0.25,F5,77,1,1,0.8355278968811035,True,0.12519654631614685,False,0.415857195854187,False
457,46,2.5,0.5,68.75,0.25,D5,74,1,1,0.7596465349197388,True,0.07767043262720108,False,0.4157695770263672,False
458,47,0.0,0.5,69.0,0.25,D#5,75,1,1,0.900967001914978,True,0.6683985590934753,True,0.49559539556503296,False
459,47,0.0,1.0,69.0,0.5,C4,60,2,5,0.4857352077960968,False,0.6386045217514038,True,0.42696914076805115,False
460,47,0.5,0.5,69.25,0.25,E5,76,1,1,0.5650463104248047,True,0.19710612297058105,False,0.3975261449813843,False
461,47,1.0,0.5,69.5,0.25,F5,77,1,1,0.885888934135437,True,0.3005177974700928,False,0.4148697257041931,False
462,47,2.0,1.0,70.0,0.5,C4,60,2,5,0.6248388886451721,True,0.3940373659133911,False,0.40789103507995605,False
463,47,1.0,1.0,69.5,0.5,A3,57,2,5,0.6643683910369873,True,0.6246092319488525,True,0.4067859947681427,False
464,47,1.5,0.5,69.75,0.25,E5,76,1,1,0.7023021578788757,True,0.1776520013809204,False,0.3988572955131531,False
465,47,2.0,0.5,70.0,0.25,G5,79,1,1,0.8828595876693726,True,0.1029459536075592,False,0.4150240123271942,False
466,47,3.0,1.0,70.5,0.5,D4,62,2,5,0.8907443284988403,True,0.7851777076721191,True,0.43236082792282104,False
467,47,2.0,1.0,70.0,0.5,F3,53,2,5,0.08806027472019196,False,0.43346261978149414,False,0.4106394648551941,False
468,47,2.5,0.5,70.25,0.25,F5,77,1,1,0.7550487518310547,True,0.1164465844631195,False,0.41090044379234314,False
469,48,0.0,0.5,70.5,0.25,E5,76,1,1,0.8743253350257874,True,0.2682896852493286,False,0.3980587422847748,False
470,48,1.0,1.0,71.0,0.5,B3,59,2,5,0.506257951259613,True,0.7575259804725647,True,0.36170846223831177,False
471,48,0.0,1.0,70.5,0.5,G3,55,2,5,0.6030770540237427,True,0.8335318565368652,True,0.4521222710609436,False
472,48,0.5,0.5,70.75,0.25,D5,74,1,1,0.7736055254936218,True,0.28500089049339294,False,0.42017704248428345,False
473,48,1.0,0.5,71.0,0.25,C5,72,1,1,0.40908852219581604,False,0.5362201929092407,True,0.4137037396430969,False
474,48,1.5,0.5,71.25,0.25,B4,71,1,1,0.5735744833946228,True,0.27351120114326477,False,0.40496736764907837,False
475,48,2.0,0.5,71.5,0.25,A4,69,1,1,0.8418656587600708,True,0.37281402945518494,False,0.4232294261455536,False
476,48,2.5,0.5,71.75,0.25,G4,67,1,1,0.6020416617393494,True,0.2663898169994354,False,0.41150155663490295,False
477,49,0.0,0.5,72.0,0.25,D#5,75,1,1,0.8935413360595703,True,0.6463223695755005,True,0.4682645797729492,False
478,49,0.0,0.3333333333333333,72.0,0.16666666666666666,C4,60,2,5,0.5509681701660156,True,0.6173511147499084,True,0.44531458616256714,False
479,49,0.5,0.5,72.25,0.25,E5,76,1,1,0.7310711741447449,True,0.1442074179649353,False,0.401630699634552,False
480,49,0.6666666666666666,0.3333333333333333,72.33333333333334,0.16666666666666666,G4,67,2,5,0.6595425009727478,True,0.3668409585952759,False,0.4088028371334076,False
481,49,1.0,0.5,72.5,0.25,D#5,75,1,1,0.8751835227012634,True,0.566895604133606,True,0.4961223900318146,False
482,49,1.0,0.3333333333333333,72.50000000000001,0.16666666666666666,C4,60,2,5,0.37813666462898254,False,0.5062190294265747,True,0.41264933347702026,False
483,49,1.3333333333333333,0.3333333333333333,72.66666666666669,0.16666666666666666,E4,64,2,5,0.846500813961029,True,0.4083968997001648,False,0.4235221743583679,False
484,49,1.5,0.5,72.75,0.25,E5,76,1,1,0.7573486566543579,True,0.10038360208272934,False,0.4043346047401428,False
485,49,1.6666666666666667,0.3333333333333333,72.83333333333336,0.16666666666666666,G4,67,2,5,0.7490290403366089,True,0.6297220587730408,True,0.47934359312057495,False
486,49,2.0,0.5,73.0,0.25,D#5,75,1,1,0.8996793031692505,True,0.5643672347068787,True,0.495488703250885,False
487,49,2.0,0.3333333333333333,73.00000000000003,0.16666666666666666,C4,60,2,5,0.5187216401100159,True,0.6127235293388367,True,0.420561283826828,False
488,49,2.3333333333333335,0.3333333333333333,73.1666666666667,0.16666666666666666,E4,64,2,5,0.7131847143173218,True,0.1818011999130249,False,0.4038870632648468,False
489,49,2.5,0.5,73.25,0.25,E5,76,1,1,0.8271288871765137,True,0.12856872379779816,False,0.40352559089660645,False
490,49,2.6666666666666665,0.3333333333333333,73.33333333333337,0.16666666666666666,G4,67,2,5,0.8022567629814148,True,0.49211910367012024,False,0.42061105370521545,False
491,50,0.0,0.5,73.50000000000004,0.25,F#5,78,1,1,0.7441245913505554,True,0.04578402265906334,False,0.4132457673549652,False
492,50,0.0,0.3333333333333333,73.50000000000004,0.16666666666666666,B3,59,2,6,0.20644380152225494,False,0.4782026410102844,False,0.4054352641105652,False
493,50,0.3333333333333333,0.3333333333333333,73.66666666666671,0.16666666666666666,D4,62,2,6,0.9162167906761169,True,0.7906432747840881,True,0.4255707859992981,False
494,50,0.5,0.5,73.75000000000004,0.25,G5,79,1,1,0.765628457069397,True,0.022748971357941628,False,0.417398601770401,False
495,50,0.6666666666666666,0.3333333333333333,73.83333333333339,0.16666666666666666,G4,67,2,6,0.7053566575050354,True,0.35438865423202515,False,0.4119431972503662,False
496,50,1.0,0.5,74.00000000000004,0.25,F#5,78,1,1,0.707324743270874,True,0.045153774321079254,False,0.41197696328163147,False
497,50,1.0,0.3333333333333333,74.00000000000006,0.16666666666666666,B3,59,2,6,0.24901103973388672,False,0.49606049060821533,False,0.4041638672351837,False
498,50,1.3333333333333333,0.3333333333333333,74.16666666666673,0.16666666666666666,D4,62,2,6,0.8960617780685425,True,0.6547688841819763,True,0.3986704349517822,False
499,50,1.5,0.5,74.25000000000004,0.25,G5,79,1,1,0.7457628846168518,True,0.025654133409261703,False,0.41691315174102783,False
500,50,1.6666666666666667,0.3333333333333333,74.3333333333334,0.16666666666666666,G4,67,2,6,0.7220433950424194,True,0.28574320673942566,False,0.4152534604072571,False
501,50,2.0,0.5,74.50000000000004,0.25,F5,77,1,1,0.7370973229408264,True,0.08844079077243805,False,0.41317760944366455,False
502,50,2.0,0.3333333333333333,74.50000000000007,0.16666666666666666,B3,59,2,6,0.4290023744106293,False,0.6060036420822144,True,0.4087235629558563,False
503,50,2.3333333333333335,0.3333333333333333,74.66666666666674,0.16666666666666666,F4,65,2,6,0.8010261058807373,True,0.4204195737838745,False,0.3879795968532562,False
504,50,2.5,0.5,74.75000000000004,0.25,D5,74,1,1,0.75688636302948,True,0.11158255487680435,False,0.42060258984565735,False
505,50,2.6666666666666665,0.3333333333333333,74.83333333333341,0.16666666666666666,G4,67,2,6,0.7077940702438354,True,0.2802353501319885,False,0.421021431684494,False
506,51,0.0,0.5,75.00000000000009,0.25,D5,74,1,1,0.8939050436019897,True,0.09611253440380096,False,0.42001354694366455,False
507,51,1.0,1.0,75.50000000000009,0.5,E4,64,2,6,0.621846616268158,True,0.30346813797950745,False,0.40129461884498596,False
508,51,0.0,1.0,75.00000000000009,0.5,C4,60,2,6,0.4328237771987915,False,0.5944579243659973,True,0.42258813977241516,False
509,51,0.5,0.5,75.25000000000009,0.25,C5,72,1,1,0.4435722529888153,False,0.5919621586799622,True,0.41338205337524414,False
510,51,1.0,0.5,75.50000000000009,0.25,D5,74,1,1,0.8798936009407043,True,0.09979353100061417,False,0.41772541403770447,False
511,51,1.0,1.0,75.50000000000009,0.5,G4,67,1,5,0.718835175037384,True,0.3575144112110138,False,0.4208728075027466,False
512,51,1.0,1.0,75.50000000000009,0.5,E3,52,2,6,0.15430307388305664,False,0.4814334511756897,False,0.4097047746181488,False
513,51,1.5,0.5,75.75000000000009,0.25,C5,72,1,1,0.398946613073349,False,0.576391875743866,True,0.40815335512161255,False
514,51,2.0,0.5,76.00000000000009,0.25,E5,76,1,1,0.9180322885513306,True,0.09040828049182892,False,0.4174131751060486,False
515,51,2.0,1.0,76.00000000000009,0.5,B4,71,1,5,0.6646576523780823,True,0.16012264788150787,False,0.40514296293258667,False
516,51,2.0,1.0,76.00000000000009,0.5,G3,55,2,6,0.5723225474357605,True,0.7899854779243469,True,0.44897574186325073,False
517,51,2.5,0.5,76.25000000000009,0.25,D5,74,1,1,0.7767651081085205,True,0.08302939683198929,False,0.4148901700973511,False
518,52,0.0,1.5,76.50000000000009,0.75,D5,74,1,1,0.8603190779685974,True,0.30926865339279175,False,0.4180227816104889,False
519,52,0.0,2.0,76.50000000000009,1.0,B4,71,1,5,0.5662600994110107,True,0.1754506230354309,False,0.40278515219688416,False
520,52,0.0,1.0,76.50000000000009,0.5,C4,60,2,6,0.6234898567199707,True,0.8387817144393921,True,0.46077582240104675,False
521,52,1.0,1.0,77.00000000000009,0.5,G3,55,2,6,0.6095669269561768,True,0.8462253212928772,True,0.43865230679512024,False
522,52,1.5,0.5,77.25000000000009,0.25,D#5,75,1,1,0.9024184942245483,True,0.20975282788276672,False,0.42757976055145264,False
523,52,2.0,1.0,77.50000000000009,0.5,E5,76,1,1,0.8602780103683472,True,0.1780298948287964,False,0.4072628915309906,False
524,52,2.0,1.0,77.50000000000009,0.5,C5,72,1,5,0.587336003780365,True,0.23017747700214386,False,0.41311657428741455,False
525,52,2.0,1.0,77.50000000000009,0.5,C3,48,2,6,0.0796055942773819,False,0.39547139406204224,False,0.4093056619167328,False
526,53,0.0,1.5,78.00000000000009,0.75,F5,77,1,1,0.8116207122802734,True,0.2758967876434326,False,0.41139277815818787,False
527,53,0.0,0.5,78.00000000000009,0.25,A3,57,2,6,0.6455779075622559,True,0.6114204525947571,True,0.36554765701293945,False
528,53,0.5,0.5,78.25000000000009,0.25,C4,60,2,6,0.5677617192268372,True,0.7667794227600098,True,0.4148845970630646,False
529,53,1.0,0.5,78.50000000000009,0.25,F4,65,2,6,0.6774324774742126,True,0.4369856119155884,False,0.371053546667099,False
530,53,1.5,0.0,78.75000000000009,0.0,G5,79,1,1,0.7401059865951538,True,0.10318946093320847,False,0.412916898727417,False
531,53,1.5,0.0,78.75000000000009,0.0,F5,77,1,1,0.8225530385971069,True,0.24023127555847168,False,0.4073517620563507,False
532,53,1.5,0.0,78.75000000000009,0.0,E5,76,1,1,0.7075096368789673,True,0.0565483421087265,False,0.4122166931629181,False
533,53,1.5,0.5,78.75000000000009,0.25,F5,77,1,1,0.8931409120559692,True,0.25348973274230957,False,0.4173099100589752,False
534,53,1.5,0.5,78.75000000000009,0.25,C4,60,2,6,0.47712916135787964,False,0.6239712238311768,True,0.4260188341140747,False
535,53,2.0,0.5,79.00000000000009,0.25,G5,79,1,1,0.7863391637802124,True,0.07550299167633057,False,0.4162633717060089,False
536,53,2.0,0.5,79.00000000000009,0.25,A3,57,2,6,0.6419851183891296,True,0.4240068197250366,False,0.39910832047462463,False
537,53,2.5,0.5,79.25000000000009,0.25,A5,81,1,1,0.9239847660064697,True,0.14741022884845734,False,0.4213196039199829,False
538,53,2.5,0.5,79.25000000000009,0.25,C4,60,2,6,0.3318891227245331,False,0.5330467820167542,True,0.4090801775455475,False
539,54,0.0,0.5,79.50000000000009,0.25,A5,81,1,1,0.8225120306015015,True,0.0633179098367691,False,0.41783827543258667,False
540,54,0.0,0.5,79.50000000000009,0.25,B3,59,2,6,0.4645855724811554,False,0.6192176938056946,True,0.4080505669116974,False
541,54,0.5,0.5,79.75000000000009,0.25,G5,79,1,1,0.737277626991272,True,0.04817581921815872,False,0.4171794652938843,False
542,54,0.5,0.5,79.75000000000009,0.25,D4,62,2,6,0.9068898558616638,True,0.6453543901443481,True,0.42486974596977234,False
543,54,1.0,0.5,80.00000000000009,0.25,F#5,78,1,1,0.653474748134613,True,0.19283372163772583,False,0.3867296278476715,False
544,54,1.0,0.5,80.00000000000009,0.25,G4,67,2,6,0.8425914645195007,True,0.32334762811660767,False,0.42225876450538635,False
545,54,1.5,0.5,80.25000000000009,0.25,G5,79,1,1,0.7941770553588867,True,0.08483164757490158,False,0.4152727425098419,False
546,54,1.5,0.5,80.25000000000009,0.25,D4,62,2,6,0.9170158505439758,True,0.7591764330863953,True,0.410481721162796,False
547,54,2.0,0.5,80.50000000000009,0.25,F5,77,1,1,0.8478491306304932,True,0.10893668979406357,False,0.4124549627304077,False
548,54,2.0,0.5,80.50000000000009,0.25,B3,59,2,6,0.47222867608070374,False,0.6155484318733215,True,0.40467435121536255,False
549,54,2.5,0.5,80.75000000000009,0.25,D5,74,1,1,0.8330692052841187,True,0.22140999138355255,False,0.41068655252456665,False
550,54,2.5,0.5,80.75000000000009,0.25,D4,62,2,6,0.8922752737998962,True,0.656859815120697,True,0.3846244215965271,False
551,55,0.0,0.5,81.00000000000009,0.25,D#5,75,1,1,0.6359043121337891,True,0.15894314646720886,False,0.41502586007118225,False
552,55,0.0,1.0,81.00000000000009,0.5,C4,60,2,5,0.31888458132743835,False,0.5293512940406799,True,0.4133179783821106,False
553,55,0.5,0.5,81.25000000000009,0.25,E5,76,1,1,0.5989804863929749,True,0.07188145071268082,False,0.41200584173202515,False
554,55,1.0,0.5,81.50000000000009,0.25,G5,79,1,1,0.8684208989143372,True,0.029140803962945938,False,0.41818612813949585,False
555,55,2.0,1.0,82.00000000000009,0.5,D4,62,2,5,0.903234601020813,True,0.6437164545059204,True,0.39308780431747437,False
556,55,1.0,1.0,81.50000000000009,0.5,F3,53,2,5,0.1371324509382248,False,0.46399128437042236,False,0.4093104302883148,False
557,55,1.5,0.5,81.75000000000009,0.25,F5,77,1,1,0.8086358308792114,True,0.1365373730659485,False,0.41348856687545776,False
558,55,2.0,0.5,82.00000000000009,0.25,D5,74,1,1,0.8621254563331604,True,0.17707832157611847,False,0.4166039228439331,False
559,55,3.0,1.0,82.50000000000009,0.5,F4,65,2,5,0.6728995442390442,True,0.14778028428554535,False,0.40154221653938293,False
560,55,2.0,1.0,82.00000000000009,0.5,G3,55,2,5,0.4466753602027893,False,0.6745635867118835,True,0.43747153878211975,False
561,55,2.5,0.5,82.25000000000009,0.25,B4,71,1,1,0.43736088275909424,False,0.6674790978431702,True,0.4098052978515625,False
562,56,0.0,0.5,82.50000000000009,0.25,C5,72,1,1,0.8474277853965759,True,0.24225817620754242,False,0.4170512557029724,False
563,56,1.0,1.0,83.00000000000009,0.5,E4,64,2,5,0.6833927035331726,True,0.2065037339925766,False,0.4084751307964325,False
564,56,0.0,1.0,82.50000000000009,0.5,C4,60,2,5,0.40807002782821655,False,0.5730640888214111,True,0.4119105637073517,False
565,56,0.5,0.5,82.75000000000009,0.25,G4,67,1,1,0.7187376618385315,True,0.3376082181930542,False,0.42820465564727783,False
566,56,1.0,1.0,83.00000000000009,0.5,E4,64,2,5,0.6673541069030762,True,0.20173326134681702,False,0.4077257215976715,False
567,56,1.5,0.5,83.25000000000009,0.25,G4,67,1,1,0.7531230449676514,True,0.18775911629199982,False,0.4248144030570984,False
568,56,2.0,1.0,83.50000000000009,0.5,C4,60,2,5,0.3351384997367859,False,0.5254330039024353,True,0.4077094495296478,False
569,56,2.5,0.5,83.75000000000009,0.25,G4,67,1,1,0.6703527569770813,True,0.10891098529100418,False,0.4182572662830353,False
570,57,0.5,0.5,84.25000000000009,0.25,G4,67,1,1,0.8289021253585815,True,0.4636937081813812,False,0.45010891556739807,False
571,57,0.0,0.5,84.00000000000009,0.25,F4,65,1,1,0.743105411529541,True,0.5141652822494507,True,0.29030856490135193,False
572,57,0.0,1.0,84.00000000000009,0.5,D4,62,2,5,0.8969380855560303,True,0.5675232410430908,True,0.2700202763080597,False
573,57,1.0,0.5,84.50000000000009,0.25,G4,67,1,1,0.7816986441612244,True,0.3657073378562927,False,0.4364078938961029,False
574,57,0.5,0.5,84.25000000000009,0.25,F4,65,1,1,0.7784379720687866,True,0.5604444146156311,True,0.2960159480571747,False
575,57,1.0,1.0,84.50000000000009,0.5,B3,59,2,5,0.7374957799911499,True,0.7349004745483398,True,0.28044945001602173,False
576,57,2.0,0.5,85.00000000000009,0.25,G4,67,1,1,0.707121729850769,True,0.23899416625499725,False,0.4259798526763916,False
577,57,1.5,0.5,84.75000000000009,0.25,F4,65,1,1,0.7448412775993347,True,0.3476414084434509,False,0.38880810141563416,False
578,57,2.0,1.0,85.00000000000009,0.5,G3,55,2,5,0.7345801591873169,True,0.9013803601264954,True,0.5767645239830017,True
579,57,3.0,0.5,85.50000000000009,0.25,G4,67,1,1,0.7178435921669006,True,0.26549986004829407,False,0.4230085015296936,False
580,57,2.5,0.5,85.25000000000009,0.25,F4,65,1,1,0.7191494703292847,True,0.2851056158542633,False,0.3876895308494568,False
581,58,0.5,0.5,85.75000000000009,0.25,G4,67,1,1,0.8546267747879028,True,0.4647968113422394,False,0.45562008023262024,False
582,58,0.0,0.5,85.50000000000009,0.25,Eb4,63,1,1,0.6148115396499634,True,0.7022918462753296,True,0.5508740544319153,True
583,58,0.0,1.0,85.50000000000009,0.5,C3,48,2,5,0.13885974884033203,False,0.4281783699989319,False,0.410143107175827,False
584,58,1.0,0.5,86.00000000000009,0.25,G4,67,1,1,0.7443442344665527,True,0.4409038722515106,False,0.43814048171043396,False
585,58,0.5,0.5,85.75000000000009,0.25,Eb4,63,1,1,0.6332430839538574,True,0.8101624250411987,True,0.5601738691329956,True
586,58,1.0,1.0,86.00000000000009,0.5,Eb3,51,2,5,0.34978410601615906,False,0.643165111541748,True,0.4474545121192932,False
587,58,2.0,0.5,86.50000000000009,0.25,G4,67,1,1,0.7537740468978882,True,0.22230511903762817,False,0.425763338804245,False
588,58,1.5,0.5,86.25000000000009,0.25,Eb4,63,1,1,0.572347104549408,True,0.6310194730758667,True,0.607525110244751,True
589,58,2.0,1.0,86.50000000000009,0.5,C3,48,2,5,0.1456950306892395,False,0.43023285269737244,False,0.4094456434249878,False
590,58,3.0,0.5,87.00000000000009,0.25,G4,67,1,1,0.6757789850234985,True,0.20534412562847137,False,0.4186793863773346,False
591,58,2.5,0.5,86.75000000000009,0.25,Eb4,63,1,1,0.6095272898674011,True,0.5934975743293762,True,0.6167769432067871,True
592,59,0.5,0.5,87.25000000000009,0.25,G4,67,1,1,0.7896205186843872,True,0.45595499873161316,False,0.4462023675441742,False
593,59,0.0,0.5,87.00000000000009,0.25,F4,65,1,1,0.7601097822189331,True,0.5472262501716614,True,0.21833275258541107,False
594,59,0.0,1.0,87.00000000000009,0.5,D3,50,2,5,0.7732272744178772,True,0.9288960099220276,True,0.601911723613739,True
595,59,1.0,0.5,87.50000000000009,0.25,G4,67,1,1,0.7230335474014282,True,0.3753032088279724,False,0.43323758244514465,False
596,59,0.5,0.5,87.25000000000009,0.25,F4,65,1,1,0.7589370012283325,True,0.5723061561584473,True,0.25527819991111755,False
597,59,1.0,1.0,87.50000000000009,0.5,B2,47,2,5,0.2858891189098358,False,0.5291228890419006,True,0.4104306697845459,False
598,59,2.0,0.5,88.00000000000009,0.25,G4,67,1,1,0.6658797860145569,True,0.25686192512512207,False,0.42397618293762207,False
599,59,1.5,0.5,87.75000000000009,0.25,F4,65,1,1,0.7162391543388367,True,0.3602188527584076,False,0.3846805989742279,False
600,59,2.0,1.0,88.00000000000009,0.5,G2,43,2,5,0.4934540390968323,False,0.7354674339294434,True,0.45785337686538696,False
601,59,3.0,0.5,88.50000000000009,0.25,G4,67,1,1,0.6980398297309875,True,0.22465546429157257,False,0.4169451594352722,False
602,59,2.5,0.5,88.25000000000009,0.25,F4,65,1,1,0.7639262676239014,True,0.3836301863193512,False,0.3777220845222473,False
603,60,0.5,0.5,88.75000000000009,0.25,G4,67,1,1,0.8020786046981812,True,0.39789077639579773,False,0.43827521800994873,False
604,60,0.0,0.5,88.50000000000009,0.25,Eb4,63,1,1,0.712108850479126,True,0.7158540487289429,True,0.6496604681015015,True
605,60,1.0,1.0,89.00000000000009,0.5,C3,48,2,5,0.15219064056873322,False,0.4396876394748688,False,0.41169077157974243,False
606,60,0.0,1.0,88.50000000000009,0.5,C2,36,2,5,0.15132111310958862,False,0.44582176208496094,False,0.41449174284935,False
607,60,1.0,0.5,89.00000000000009,0.25,G4,67,1,1,0.7399919033050537,True,0.4351726770401001,False,0.431234747171402,False
608,60,0.5,0.5,88.75000000000009,0.25,Eb4,63,1,1,0.7218354344367981,True,0.8444446325302124,True,0.5521441102027893,True
609,60,1.0,1.0,89.00000000000009,0.5,Eb3,51,2,5,0.3261503279209137,False,0.6130476593971252,True,0.4409189224243164,False
610,60,2.0,0.5,89.50000000000009,0.25,G4,67,1,1,0.7800706028938293,True,0.24915368854999542,False,0.4236094057559967,False
611,60,1.5,0.5,89.25000000000009,0.25,Eb4,63,1,1,0.6879816055297852,True,0.7157788872718811,True,0.6304448246955872,True
612,60,2.0,1.0,89.50000000000009,0.5,G3,55,2,5,0.8868526816368103,True,0.8840811252593994,True,0.5841407179832458,True
613,60,3.0,0.5,90.00000000000009,0.25,G4,67,1,1,0.7492988109588623,True,0.32877087593078613,False,0.4175948202610016,False
614,60,2.5,0.5,89.75000000000009,0.25,Eb4,63,1,1,0.7565755248069763,True,0.7618101835250854,True,0.5648531913757324,True
615,61,0.5,0.5,90.25000000000009,0.25,Ab4,68,1,1,0.8672646880149841,True,0.7434278130531311,True,0.6076399087905884,True
616,61,0.0,0.5,90.00000000000009,0.25,Eb4,63,1,1,0.7517570853233337,True,0.7693297863006592,True,0.658165454864502,True
617,61,1.0,1.0,90.50000000000009,0.5,F3,53,2,5,0.26724743843078613,False,0.5562902092933655,True,0.4138752818107605,False
618,61,0.0,1.0,90.00000000000009,0.5,F2,41,2,5,0.21342182159423828,False,0.5437262058258057,True,0.4165434241294861,False
619,61,1.0,0.5,90.50000000000009,0.25,Ab4,68,1,1,0.8440532684326172,True,0.7347669005393982,True,0.5495228171348572,True
620,61,0.5,0.5,90.25000000000009,0.25,Eb4,63,1,1,0.7419798970222473,True,0.8820952773094177,True,0.5378847718238831,True
621,61,1.0,1.0,90.50000000000009,0.5,Ab3,56,2,5,0.3203768730163574,False,0.5945729613304138,True,0.41461363434791565,False
622,61,2.0,0.5,91.00000000000009,0.25,Ab4,68,1,1,0.8095992803573608,True,0.4415164291858673,False,0.39973950386047363,False
623,61,1.5,0.5,90.75000000000009,0.25,Eb4,63,1,1,0.7454262375831604,True,0.6657625436782837,True,0.49335432052612305,False
624,61,2.0,1.0,91.00000000000009,0.5,C4,60,2,5,0.7095810770988464,True,0.8266789317131042,True,0.40373164415359497,False
625,61,3.0,0.5,91.50000000000009,0.25,Ab4,68,1,1,0.7802145481109619,True,0.4323618710041046,False,0.3822440207004547,False
626,61,2.5,0.5,91.25000000000009,0.25,Eb4,63,1,1,0.6179196834564209,True,0.45321351289749146,False,0.43195152282714844,False
627,62,0.5,0.5,91.75000000000009,0.25,Ab4,68,1,1,0.8944767713546753,True,0.6874692440032959,True,0.6042567491531372,True
628,62,0.0,0.5,91.50000000000009,0.25,D4,62,1,1,0.8074365258216858,True,0.6032025218009949,True,0.3790435492992401,False
629,62,1.0,1.0,92.00000000000009,0.5,Bb2,46,2,5,0.42646631598472595,False,0.6750342845916748,True,0.42920589447021484,False
630,62,0.0,1.0,91.50000000000009,0.5,Bb1,34,2,5,0.3965493142604828,False,0.6611844897270203,True,0.43276435136795044,False
631,62,1.0,0.5,92.00000000000009,0.25,Ab4,68,1,1,0.8354435563087463,True,0.7896369695663452,True,0.5953354835510254,True
632,62,0.5,0.5,91.75000000000009,0.25,D4,62,1,1,0.7448614835739136,True,0.6441391110420227,True,0.3963891565799713,False
633,62,1.0,1.0,92.00000000000009,0.5,D3,50,2,5,0.7659634351730347,True,0.9036571979522705,True,0.42304345965385437,False
634,62,2.0,0.5,92.50000000000009,0.25,Ab4,68,1,1,0.8532297015190125,True,0.5139374136924744,True,0.6150602102279663,True
635,62,1.5,0.5,92.25000000000009,0.25,D4,62,1,1,0.7526775002479553,True,0.44394776225090027,False,0.3991186022758484,False
636,62,2.0,1.0,92.50000000000009,0.5,F3,53,2,5,0.2955738306045532,False,0.5851742625236511,True,0.41277197003364563,False
637,62,3.0,0.5,93.00000000000009,0.25,Ab4,68,1,1,0.8107318878173828,True,0.3728684186935425,False,0.38262102007865906,False
638,62,2.5,0.5,92.75000000000009,0.25,D4,62,1,1,0.663723349571228,True,0.3954004645347595,False,0.38894179463386536,False
639,63,0.5,0.5,93.25000000000009,0.25,G4,67,1,1,0.8317344784736633,True,0.34094974398612976,False,0.43638503551483154,False
640,63,0.0,0.5,93.00000000000009,0.25,D4,62,1,1,0.8471473455429077,True,0.7912404537200928,True,0.4215109348297119,False
641,63,1.0,1.0,93.50000000000009,0.5,Eb3,51,2,5,0.3632493019104004,False,0.6436623334884644,True,0.44528040289878845,False
642,63,0.0,1.0,93.00000000000009,0.5,Eb2,39,2,5,0.456104576587677,False,0.7309972047805786,True,0.4659242331981659,False
643,63,1.0,0.5,93.50000000000009,0.25,G4,67,1,1,0.5999536514282227,True,0.2879941463470459,False,0.4198934733867645,False
644,63,0.5,0.5,93.25000000000009,0.25,D4,62,1,1,0.689479410648346,True,0.6389961838722229,True,0.40456902980804443,False
645,63,1.0,1.0,93.50000000000009,0.5,G3,55,2,5,0.8132871389389038,True,0.6948158144950867,True,0.48872843384742737,False
646,63,2.0,0.5,94.00000000000009,0.25,G4,67,1,1,0.5817773342132568,True,0.2562433183193207,False,0.4201659560203552,False
647,63,1.5,0.5,93.75000000000009,0.25,D4,62,1,1,0.6909830570220947,True,0.5905811190605164,True,0.3952125608921051,False
648,63,2.0,1.0,94.00000000000009,0.5,Bb3,58,2,5,0.8284171223640442,True,0.7911183834075928,True,0.16382060945034027,False
649,63,3.0,0.5,94.50000000000009,0.25,G4,67,1,1,0.5011583566665649,True,0.1536591649055481,False,0.4132425785064697,False
650,63,2.5,0.5,94.25000000000009,0.25,D4,62,1,1,0.4465371370315552,False,0.6758087873458862,True,0.4057999551296234,False
651,64,0.5,0.5,94.75000000000009,0.25,G4,67,1,1,0.7262212634086609,True,0.36793893575668335,False,0.42489001154899597,False
652,64,0.0,0.5,94.50000000000009,0.25,C4,60,1,1,0.6203980445861816,True,0.328907310962677,False,0.398980975151062,False
653,64,1.0,1.0,95.00000000000009,0.5,Ab2,44,2,5,0.3215528428554535,False,0.6115480661392212,True,0.4269968569278717,False
654,64,0.0,1.0,94.50000000000009,0.5,Ab1,32,2,5,0.42276373505592346,False,0.6683990955352783,True,0.43581169843673706,False
655,64,1.0,0.5,95.00000000000009,0.25,G4,67,1,1,0.5331045985221863,True,0.22885015606880188,False,0.4117194712162018,False
656,64,0.5,0.5,94.75000000000009,0.25,C4,60,1,1,0.5214329957962036,True,0.24465565383434296,False,0.39717987179756165,False
657,64,1.0,1.0,95.00000000000009,0.5,Ab3,56,2,5,0.2699480652809143,False,0.5587632656097412,True,0.4100942611694336,False
658,64,2.0,0.5,95.50000000000009,0.25,G4,67,1,1,0.4395657777786255,False,0.6342270970344543,True,0.42934316396713257,False
659,64,1.5,0.5,95.25000000000009,0.25,C4,60,1,1,0.3848215639591217,False,0.5522772073745728,True,0.4011715054512024,False
660,64,2.5,0.5,95.75000000000009,0.25,F4,65,1,1,0.7993346452713013,True,0.5996330380439758,True,0.3938421607017517,False
661,64,2.0,0.5,95.50000000000009,0.25,C4,60,1,1,0.6517988443374634,True,0.4013415277004242,False,0.39731934666633606,False
662,64,3.0,1.0,96.00000000000009,0.5,D3,50,2,5,0.7013505101203918,True,0.8377054929733276,True,0.5182223916053772,True
663,64,2.0,1.0,95.50000000000009,0.5,D2,38,2,5,0.33352428674697876,False,0.5889544486999512,True,0.4199708104133606,False
664,64,3.0,0.5,96.00000000000009,0.25,F4,65,1,1,0.746301531791687,True,0.39122989773750305,False,0.38479310274124146,False
665,64,2.5,0.5,95.75000000000009,0.25,C4,60,1,1,0.4542824625968933,False,0.5671676993370056,True,0.40989768505096436,False
666,65,0.0,1.0,96.00000000000009,0.5,D4,62,2,5,0.6406096816062927,True,0.5649852156639099,True,0.4224272668361664,False
667,65,1.0,0.5,96.50000000000009,0.25,F4,65,1,1,0.7728732228279114,True,0.3045773506164551,False,0.3839135468006134,False
668,65,0.5,0.5,96.25000000000009,0.25,C4,60,1,1,0.47536003589630127,False,0.5995787382125854,True,0.4055051803588867,False
669,65,1.5,0.5,96.75000000000009,0.25,F4,65,1,1,0.8540904521942139,True,0.46644046902656555,False,0.3848711848258972,False
670,65,1.0,0.5,96.50000000000009,0.25,B3,59,1,1,0.5918124914169312,True,0.6101865768432617,True,0.5185551047325134,True
671,65,2.0,1.0,97.00000000000009,0.5,G2,43,2,5,0.28783485293388367,False,0.5829368233680725,True,0.43404361605644226,False
672,65,1.0,1.0,96.50000000000009,0.5,G1,31,2,5,0.34066858887672424,False,0.6276367902755737,True,0.44463181495666504,False
673,65,2.0,0.5,97.00000000000009,0.25,F4,65,1,1,0.7746023535728455,True,0.5856789350509644,True,0.4476064145565033,False
674,65,1.5,0.5,96.75000000000009,0.25,B3,59,1,1,0.530239462852478,True,0.5724592208862305,True,0.5451904535293579,True
675,65,2.0,1.0,97.00000000000009,0.5,G3,55,2,5,0.8892457485198975,True,0.8925546407699585,True,0.5211332440376282,True
676,65,3.0,0.5,97.50000000000009,0.25,F4,65,1,1,0.791176974773407,True,0.49828386306762695,False,0.3732871413230896,False
677,65,2.5,0.5,97.25000000000009,0.25,B3,59,1,1,0.5301852822303772,True,0.6311441659927368,True,0.46856191754341125,False
678,66,0.0,1.0,97.50000000000009,0.5,Ab3,56,2,5,0.3606983721256256,False,0.6327114701271057,True,0.42505571246147156,False
679,66,1.0,0.5,98.00000000000009,0.25,Eb4,63,1,1,0.7489817142486572,True,0.7223803400993347,True,0.5134760141372681,True
680,66,0.5,0.5,97.75000000000009,0.25,C4,60,1,1,0.73013836145401,True,0.5267946124076843,True,0.4824444055557251,False
681,66,1.0,1.0,98.00000000000009,0.5,G3,55,2,5,0.8242138028144836,True,0.7749202847480774,True,0.459237664937973,False
682,66,2.0,0.5,98.50000000000009,0.25,Eb4,63,1,1,0.7413589358329773,True,0.46691271662712097,False,0.46375006437301636,False
683,66,1.5,0.5,98.25000000000009,0.25,C4,60,1,1,0.6851659417152405,True,0.41417989134788513,False,0.41751089692115784,False
684,66,2.0,1.0,98.50000000000009,0.5,F#3,54,2,5,0.3199658989906311,False,0.5763168931007385,True,0.40922030806541443,False
685,66,3.0,0.5,99.00000000000009,0.25,Eb4,63,1,1,0.6103021502494812,True,0.34109145402908325,False,0.4367770850658417,False
686,66,2.5,0.5,98.75000000000009,0.25,C4,60,1,1,0.6129652261734009,True,0.3753127455711365,False,0.4068571627140045,False
687,67,0.5,0.5,99.25000000000009,0.25,D4,62,1,1,0.7972914576530457,True,0.6622401475906372,True,0.4076252579689026,False
688,67,0.0,0.5,99.00000000000009,0.25,B3,59,1,1,0.3612755537033081,False,0.5836883783340454,True,0.41043737530708313,False
689,67,0.0,1.0,99.00000000000009,0.5,G3,55,2,5,0.8026113510131836,True,0.7845129370689392,True,0.4873794913291931,False
690,67,1.0,0.5,99.50000000000009,0.25,G4,67,1,1,0.7007429003715515,True,0.07825253903865814,False,0.41798362135887146,False
691,67,0.5,0.5,99.25000000000009,0.25,Eb4,63,1,1,0.6464490294456482,True,0.2797749936580658,False,0.43367698788642883,False
692,67,1.5,0.5,99.75000000000009,0.25,F4,65,1,1,0.7347663044929504,True,0.18978151679039001,False,0.39497825503349304,False
693,67,1.0,0.5,99.50000000000009,0.25,D4,62,1,1,0.6371725797653198,True,0.3562556207180023,False,0.40115928649902344,False
694,67,2.0,0.5,100.00000000000009,0.25,Eb4,63,1,1,0.7596288919448853,True,0.38321906328201294,False,0.45429185032844543,False
695,67,1.5,0.5,99.75000000000009,0.25,C4,60,1,1,0.604617178440094,True,0.3909755051136017,False,0.4085221588611603,False
696,67,2.5,0.5,100.25000000000009,0.25,D4,62,1,1,0.7310730218887329,True,0.6256597638130188,True,0.4070666432380676,False
697,67,2.0,0.5,100.00000000000009,0.25,B3,59,1,1,0.4843039810657501,False,0.6503841876983643,True,0.41197359561920166,False
698,67,3.0,0.5,100.50000000000009,0.25,Eb4,63,1,1,0.7463564276695251,True,0.3591991662979126,False,0.44894883036613464,False
699,67,2.5,0.5,100.25000000000009,0.25,C4,60,1,1,0.6343169212341309,True,0.42910513281822205,False,0.40535008907318115,False
700,67,2.5,0.5,100.25000000000009,0.25,F#3,54,2,5,0.1951959729194641,False,0.47018587589263916,False,0.4037734270095825,False
701,68,0.5,0.5,100.75000000000009,0.25,D4,62,1,1,0.8497393131256104,True,0.5551689267158508,True,0.4187092185020447,False
702,68,0.0,0.5,100.50000000000009,0.25,B3,59,1,1,0.47591838240623474,False,0.6522530913352966,True,0.41471046209335327,False
703,68,0.0,1.0,100.50000000000009,0.5,G3,55,2,5,0.8263912796974182,True,0.7849944829940796,True,0.48670104146003723,False
704,68,1.0,0.5,101.00000000000009,0.25,G4,67,1,1,0.7497220039367676,True,0.07392606884241104,False,0.41830649971961975,False
705,68,0.5,0.5,100.75000000000009,0.25,Eb4,63,1,1,0.6873404383659363,True,0.2317577302455902,False,0.43247032165527344,False
706,68,1.5,0.5,101.25000000000009,0.25,F4,65,1,1,0.7709968686103821,True,0.2034229189157486,False,0.3965250551700592,False
707,68,1.0,0.5,101.00000000000009,0.25,D4,62,1,1,0.7394305467605591,True,0.4351111054420471,False,0.39464789628982544,False
708,68,2.0,0.5,101.50000000000009,0.25,Eb4,63,1,1,0.822674036026001,True,0.3629990816116333,False,0.4563998878002167,False
709,68,1.5,0.5,101.25000000000009,0.25,C4,60,1,1,0.5195388197898865,True,0.39193394780158997,False,0.40961554646492004,False
710,68,2.5,0.5,101.75000000000009,0.25,D4,62,1,1,0.8043068647384644,True,0.6675871014595032,True,0.405092716217041,False
711,68,2.0,0.5,101.50000000000009,0.25,B3,59,1,1,0.4807581305503845,False,0.6399419903755188,True,0.40970873832702637,False
712,68,3.0,0.5,102.00000000000009,0.25,Eb4,63,1,1,0.8484010100364685,True,0.40430164337158203,False,0.4635457694530487,False
713,68,2.5,0.5,101.75000000000009,0.25,C4,60,1,1,0.5780548453330994,True,0.3771713078022003,False,0.4069150686264038,False
714,68,2.5,0.5,101.75000000000009,0.25,F#3,54,2,5,0.18763183057308197,False,0.4668724834918976,False,0.4029269516468048,False
715,69,0.5,0.5,102.25000000000009,0.25,D4,62,1,1,0.8842713832855225,True,0.6616234183311462,True,0.41534343361854553,False
716,69,0.0,0.5,102.00000000000009,0.25,B3,59,1,1,0.4854346513748169,False,0.6516811847686768,True,0.41078871488571167,False
717,69,0.0,0.5,102.00000000000009,0.25,G3,55,2,5,0.7829872369766235,True,0.697746992111206,True,0.45228102803230286,False
718,69,1.0,0.5,102.50000000000009,0.25,Eb4,63,1,1,0.8583314418792725,True,0.43550416827201843,False,0.4683772325515747,False
719,69,0.5,0.5,102.25000000000009,0.25,C4,60,1,1,0.5732875466346741,True,0.3384317457675934,False,0.40819022059440613,False
720,69,0.5,0.5,102.25000000000009,0.25,F#3,54,2,5,0.18433929979801178,False,0.466237872838974,False,0.4034312069416046,False
721,69,1.5,0.5,102.75000000000009,0.25,D4,62,1,1,0.928007960319519,True,0.6791735291481018,True,0.3739505410194397,False
722,69,1.0,0.5,102.50000000000009,0.25,B3,59,1,1,0.3814171552658081,False,0.5859698057174683,True,0.4088192880153656,False
723,69,1.0,0.5,102.50000000000009,0.25,G3,55,2,5,0.7751880288124084,True,0.7523581385612488,True,0.40048927068710327,False
724,69,2.0,0.5,103.00000000000009,0.25,Eb4,63,1,1,0.8663429021835327,True,0.5482546091079712,True,0.43293529748916626,False
725,69,1.5,0.5,102.75000000000009,0.25,C4,60,1,1,0.5857580304145813,True,0.32658126950263977,False,0.40881434082984924,False
726,69,1.5,0.5,102.75000000000009,0.25,F#3,54,2,5,0.18217283487319946,False,0.4644380807876587,False,0.4033983051776886,False
727,69,2.5,0.5,103.25000000000009,0.25,D4,62,1,1,0.9418883919715881,True,0.6132478713989258,True,0.47197839617729187,False
728,69,2.0,0.5,103.00000000000009,0.25,B3,59,1,1,0.345762699842453,False,0.5655546188354492,True,0.40897977352142334,False
729,69,2.0,0.5,103.00000000000009,0.25,G3,55,2,5,0.7615730166435242,True,0.8601796627044678,True,0.39966315031051636,False
730,69,3.0,0.5,103.50000000000009,0.25,Eb4,63,1,1,0.7993992567062378,True,0.653805673122406,True,0.5638896822929382,True
731,69,2.5,0.5,103.25000000000009,0.25,C4,60,1,1,0.5325299501419067,True,0.4919402301311493,False,0.40834537148475647,False
732,69,2.5,0.5,103.25000000000009,0.25,F#3,54,2,5,0.16250987350940704,False,0.4503156542778015,False,0.4041222035884857,False
733,70,0.5,0.5,103.75000000000009,0.25,D4,62,1,1,0.908639132976532,True,0.5288220047950745,True,0.5581377744674683,True
734,70,0.0,0.5,103.50000000000009,0.25,B3,59,1,1,0.37070533633232117,False,0.5717178583145142,True,0.4074747562408447,False
735,70,0.0,1.0,103.50000000000009,0.5,G3,55,2,6,0.736608624458313,True,0.8884204626083374,True,0.46263429522514343,False
736,70,1.0,0.5,104.00000000000009,0.25,C#4,61,1,1,0.5100930333137512,True,0.7327516078948975,True,0.4073619246482849,False
737,70,0.5,0.5,103.75000000000009,0.25,A#3,58,1,1,0.5726346969604492,True,0.5750057101249695,True,0.14609435200691223,False
738,70,1.5,0.5,104.25000000000009,0.25,D4,62,1,1,0.7943281531333923,True,0.5538138747215271,True,0.4243088364601135,False
739,70,1.0,0.5,104.00000000000009,0.25,B3,59,1,1,0.49845945835113525,False,0.624953031539917,True,0.40163788199424744,False
740,70,2.0,0.5,104.50000000000009,0.25,E4,64,1,1,0.571037769317627,True,0.10374261438846588,False,0.4122370183467865,False
741,70,1.5,0.5,104.25000000000009,0.25,C#4,61,1,1,0.5894764065742493,True,0.6401283740997314,True,0.3746984601020813,False
742,70,2.5,0.5,104.75000000000009,0.25,F4,65,1,1,0.8233742117881775,True,0.24975541234016418,False,0.3894600570201874,False
743,70,2.0,0.5,104.50000000000009,0.25,D4,62,1,1,0.8154361844062805,True,0.4663178622722626,False,0.41069573163986206,False
744,70,3.0,0.5,105.00000000000009,0.25,G4,67,1,1,0.8926093578338623,True,0.050372164696455,False,0.42018648982048035,False
745,70,2.5,0.5,104.75000000000009,0.25,E4,64,1,1,0.6601232290267944,True,0.09117329120635986,False,0.41193297505378723,False
746,71,1.0,1.0,105.50000000000009,0.5,A4,69,1,1,0.8855511546134949,True,0.2681092321872711,False,0.42105576395988464,False
747,71,0.0,1.0,105.00000000000009,0.5,F4,65,1,1,0.8015920519828796,True,0.30315127968788147,False,0.3971494436264038,False
748,71,0.0,1.0,105.00000000000009,0.5,F3,53,2,6,0.2515011429786682,False,0.5612378120422363,True,0.41576483845710754,False
749,71,2.0,1.0,106.00000000000009,0.5,A4,69,1,1,0.7575094103813171,True,0.11808181554079056,False,0.41396719217300415,False
750,71,2.0,1.0,106.00000000000009,0.5,F4,65,1,1,0.8305652737617493,True,0.4135420620441437,False,0.38918569684028625,False
751,71,1.0,1.0,105.50000000000009,0.5,C4,60,1,1,0.6127079725265503,True,0.8032069206237793,True,0.4339895248413086,False
752,71,1.0,1.0,105.50000000000009,0.5,F3,53,2,6,0.21453768014907837,False,0.5221148729324341,True,0.40841129422187805,False
753,71,3.0,1.0,106.50000000000009,0.5,A4,69,1,1,0.7826259732246399,True,0.13312526047229767,False,0.4134898781776428,False
754,71,3.0,1.0,106.50000000000009,0.5,F4,65,1,1,0.8760552406311035,True,0.40018579363822937,False,0.3945263922214508,False
755,71,2.0,1.0,106.00000000000009,0.5,C4,60,1,1,0.6187258958816528,True,0.7477261424064636,True,0.41843661665916443,False
756,71,2.0,1.0,106.00000000000009,0.5,F3,53,2,6,0.2523312568664551,False,0.5484216809272766,True,0.40928781032562256,False
757,72,2.0,2.0,107.50000000000009,1.0,A4,69,1,1,0.8487751483917236,True,0.14472104609012604,False,0.4161509573459625,False
758,72,0.0,2.0,106.50000000000009,1.0,F4,65,1,1,0.8874228596687317,True,0.40666574239730835,False,0.41096219420433044,False
759,72,0.0,3.0,106.50000000000009,1.5,C4,60,1,5,0.6947337985038757,True,0.7493377327919006,True,0.4369032084941864,False
760,72,0.0,2.0,106.50000000000009,1.0,F3,53,2,6,0.15678447484970093,False,0.504812479019165,True,0.4141363203525543,False
761,72,3.0,1.0,108.00000000000009,0.5,G4,67,1,1,0.9018635153770447,True,0.053615208715200424,False,0.4207361936569214,False
762,72,2.0,1.0,107.50000000000009,0.5,E4,64,1,1,0.7180290222167969,True,0.06561686098575592,False,0.41341572999954224,False
763,72,2.0,1.0,107.50000000000009,0.5,C3,48,2,6,0.2392934262752533,False,0.5025007724761963,True,0.4198640286922455,False
764,73,0.0,0.0,108.00000000000009,0.0,G4,67,2,5,0.7677507996559143,True,0.03696100041270256,False,0.418690949678421,False
765,73,0.0,1.0,108.00000000000009,0.5,F4,65,1,1,0.8887963891029358,True,0.33188191056251526,False,0.40353724360466003,False
766,73,1.0,1.0,108.50000000000009,0.5,D4,62,1,5,0.8461095690727234,True,0.37987348437309265,False,0.4161875545978546,False
767,73,0.0,1.0,108.00000000000009,0.5,B3,59,1,5,0.38864511251449585,False,0.5977032780647278,True,0.408867746591568,False
768,73,0.0,1.0,108.00000000000009,0.5,G2,43,2,6,0.23615586757659912,False,0.5441774725914001,True,0.4241753816604614,False
769,73,1.0,1.0,108.50000000000009,0.5,F4,65,1,1,0.8830220699310303,True,0.331110417842865,False,0.40351080894470215,False
770,73,2.0,1.0,109.00000000000009,0.5,D4,62,1,5,0.7937401533126831,True,0.292569637298584,False,0.40960705280303955,False
771,73,1.0,1.0,108.50000000000009,0.5,B3,59,1,5,0.3882651925086975,False,0.5959070920944214,True,0.4067724049091339,False
772,73,1.0,1.0,108.50000000000009,0.5,G2,43,2,6,0.23589900135993958,False,0.5432153344154358,True,0.4237692952156067,False
773,73,2.0,1.0,109.00000000000009,0.5,F4,65,1,1,0.9150576591491699,True,0.38458797335624695,False,0.39482590556144714,False
774,73,3.0,1.0,109.50000000000009,0.5,D4,62,1,5,0.7688477039337158,True,0.333230197429657,False,0.4061914086341858,False
775,73,2.0,1.0,109.00000000000009,0.5,B3,59,1,5,0.385530024766922,False,0.5982754826545715,True,0.4064334034919739,False
776,73,2.0,1.0,109.00000000000009,0.5,G2,43,2,6,0.20870153605937958,False,0.5298862457275391,True,0.4220593273639679,False
777,74,2.0,2.0,110.50000000000009,1.0,F4,65,1,1,0.9298389554023743,True,0.37383460998535156,False,0.4031802713871002,False
778,74,2.0,2.0,110.50000000000009,1.0,D4,62,1,1,0.8577831387519836,True,0.540762722492218,True,0.42506134510040283,False
779,74,0.0,2.0,109.50000000000009,1.0,B3,59,1,1,0.4557715356349945,False,0.6725794672966003,True,0.41911444067955017,False
780,74,0.0,2.0,109.50000000000009,1.0,G2,43,2,6,0.23100101947784424,False,0.5625680685043335,True,0.42891746759414673,False
781,74,3.0,1.0,111.00000000000009,0.5,E4,64,1,1,0.8059496283531189,True,0.10982473194599152,False,0.4127746522426605,False
782,74,2.0,1.0,110.50000000000009,0.5,C4,60,1,1,0.5367409586906433,True,0.5739829540252686,True,0.41356974840164185,False
783,74,2.0,1.0,110.50000000000009,0.5,A2,45,2,6,0.176158607006073,False,0.462615966796875,False,0.41278859972953796,False
784,75,0.5,0.5,111.25000000000009,0.25,G4,67,1,1,0.891696572303772,True,0.08312937617301941,False,0.422269344329834,False
785,75,0.0,0.5,111.00000000000009,0.25,E4,64,1,1,0.6988903880119324,True,0.06320900470018387,False,0.41397029161453247,False
786,75,0.0,1.0,111.00000000000009,0.5,F2,41,2,6,0.14431490004062653,False,0.4918597936630249,False,0.41462424397468567,False
787,75,1.0,0.5,111.50000000000009,0.25,F4,65,1,1,0.831107497215271,True,0.2764085531234741,False,0.3893444240093231,False
788,75,0.5,0.5,111.25000000000009,0.25,D4,62,1,1,0.8581241369247437,True,0.4503147006034851,False,0.3970510959625244,False
789,75,2.0,1.0,112.00000000000009,0.5,E4,64,1,1,0.7915381193161011,True,0.19797120988368988,False,0.4084898829460144,False
790,75,1.0,1.0,111.50000000000009,0.5,C4,60,1,1,0.6376849412918091,True,0.8521286845207214,True,0.34851983189582825,False
791,75,1.0,1.0,111.50000000000009,0.5,G2,43,2,6,0.3174895644187927,False,0.5857767462730408,True,0.42886093258857727,False
792,75,3.0,1.0,112.50000000000009,0.5,D4,62,1,1,0.8431488275527954,True,0.5473719835281372,True,0.40726664662361145,False
793,75,2.0,1.0,112.00000000000009,0.5,B3,59,1,1,0.4142184257507324,False,0.6377168893814087,True,0.413507878780365,False
794,75,2.0,1.0,112.00000000000009,0.5,G2,43,2,6,0.26140841841697693,False,0.5658271312713623,True,0.4256897270679474,False
795,76,0.5,0.5,112.75000000000009,0.25,E4,64,1,1,0.766537606716156,True,0.36121493577957153,False,0.39050939679145813,False
796,76,0.0,0.5,112.50000000000009,0.25,C4,60,1,1,0.6121070981025696,True,0.8138081431388855,True,0.35012128949165344,False
797,76,0.0,1.0,112.50000000000009,0.5,C3,48,2,6,0.30908507108688354,False,0.5126957297325134,True,0.41849881410598755,False
798,76,0.5,0.5,112.75000000000009,0.25,C5,72,1,1,0.6818041205406189,True,0.07442682981491089,False,0.41526445746421814,False
799,76,1.0,0.5,113.00000000000009,0.25,D5,74,1,1,0.879795491695404,True,0.08685828745365143,False,0.4169881045818329,False
800,76,1.5,0.5,113.25000000000009,0.25,E5,76,1,1,0.79012131690979,True,0.04340548813343048,False,0.41633477807044983,False
801,76,2.0,0.5,113.50000000000009,0.25,F5,77,1,1,0.8293309807777405,True,0.055294983088970184,False,0.4164542555809021,False
802,76,2.5,0.5,113.75000000000009,0.25,G5,79,1,1,0.6768457889556885,True,0.013013052754104137,False,0.41846591234207153,False
803,77,0.0,1.0,114.00000000000009,0.5,A5,81,1,1,0.8923600912094116,True,0.08108866959810257,False,0.4213809669017792,False
804,77,1.0,1.0,114.50000000000009,0.5,F4,65,2,6,0.8180850148200989,True,0.5012694001197815,True,0.420457661151886,False
805,77,0.0,1.0,114.00000000000009,0.5,C4,60,2,6,0.6166548132896423,True,0.8895559906959534,True,0.37098243832588196,False
806,77,1.0,1.0,114.50000000000009,0.5,A5,81,1,1,0.8496267795562744,True,0.05546332150697708,False,0.41845205426216125,False
807,77,2.0,1.0,115.00000000000009,0.5,F4,65,2,6,0.7481665015220642,True,0.49103429913520813,False,0.38185328245162964,False
808,77,1.0,1.0,114.50000000000009,0.5,C4,60,2,6,0.5645973086357117,True,0.9004538059234619,True,0.44208812713623047,False
809,77,2.0,1.0,115.00000000000009,0.5,A5,81,1,1,0.8496102094650269,True,0.04982108995318413,False,0.4186607301235199,False
810,77,3.0,1.0,115.50000000000009,0.5,F4,65,2,6,0.7364922165870667,True,0.6289289593696594,True,0.3433314263820648,False
811,77,2.0,1.0,115.00000000000009,0.5,C4,60,2,6,0.5137295722961426,True,0.7896920442581177,True,0.24078091979026794,False
812,78,0.0,1.5,115.50000000000009,0.75,A5,81,1,1,0.8154885768890381,True,0.03959706425666809,False,0.4180150330066681,False
813,78,0.0,2.0,115.50000000000009,1.0,F4,65,2,6,0.7773991823196411,True,0.6910833120346069,True,0.40459948778152466,False
814,78,0.0,3.0,115.50000000000009,1.5,C4,60,2,7,0.5367019772529602,True,0.8052314519882202,True,0.3121803104877472,False
815,78,1.5,0.25,116.25000000000009,0.125,B5,83,1,1,0.8656945824623108,True,0.12236808240413666,False,0.41764622926712036,False
816,78,1.75,0.25,116.37500000000009,0.125,A5,81,1,1,0.8088470101356506,True,0.02621801570057869,False,0.4189184904098511,False
817,78,2.0,1.0,116.50000000000009,0.5,G5,79,1,1,0.6602075695991516,True,0.01953277364373207,False,0.41771650314331055,False
818,78,2.0,1.0,116.50000000000009,0.5,E4,64,2,6,0.5305586457252502,True,0.23106113076210022,False,0.3947518467903137,False
819,79,0.0,0.0,117.00000000000009,0.0,G5,79,1,1,0.6851820945739746,True,0.029697708785533905,False,0.4167650640010834,False
820,79,0.0,1.0,117.00000000000009,0.5,F5,77,1,1,0.9172617197036743,True,0.12855365872383118,False,0.4163662791252136,False
821,79,0.0,1.0,117.00000000000009,0.5,B4,71,1,5,0.8073933124542236,True,0.2293027937412262,False,0.4062599837779999,False
822,79,0.0,1.0,117.00000000000009,0.5,D4,62,2,6,0.7080023288726807,True,0.4410336911678314,False,0.39574819803237915,False
823,79,0.0,1.0,117.00000000000009,0.5,G3,55,2,7,0.5278788805007935,True,0.5963117480278015,True,0.39878731966018677,False
824,79,1.0,1.0,117.50000000000009,0.5,F5,77,1,1,0.9033094048500061,True,0.10155919939279556,False,0.4158891439437866,False
825,79,1.0,1.0,117.50000000000009,0.5,B4,71,1,5,0.651611328125,True,0.1291261613368988,False,0.40850040316581726,False
826,79,1.0,1.0,117.50000000000009,0.5,D4,62,2,6,0.7092457413673401,True,0.4672551453113556,False,0.3949253261089325,False
827,79,1.0,1.0,117.50000000000009,0.5,G3,55,2,7,0.4267893433570862,False,0.6275507807731628,True,0.4239506423473358,False
828,79,2.0,1.0,118.00000000000009,0.5,F5,77,1,1,0.9029593467712402,True,0.11397919803857803,False,0.415537565946579,False
829,79,2.0,1.0,118.00000000000009,0.5,B4,71,1,5,0.6387283802032471,True,0.1402643769979477,False,0.4068835377693176,False
830,79,2.0,1.0,118.00000000000009,0.5,D4,62,2,6,0.6914669275283813,True,0.3995805084705353,False,0.39460745453834534,False
831,79,2.0,1.0,118.00000000000009,0.5,G3,55,2,7,0.416763037443161,False,0.6264792084693909,True,0.42393621802330017,False
832,80,0.0,2.0,118.50000000000009,1.0,F5,77,1,1,0.9156293869018555,True,0.1437169313430786,False,0.4166520833969116,False
833,80,0.0,2.0,118.50000000000009,1.0,B4,71,1,5,0.6862182021141052,True,0.1039217859506607,False,0.4123231768608093,False
834,80,0.0,2.0,118.50000000000009,1.0,D4,62,2,6,0.7508169412612915,True,0.5558942556381226,True,0.4094001054763794,False
835,80,0.0,2.0,118.50000000000009,1.0,G3,55,2,7,0.4470016360282898,False,0.6652339696884155,True,0.43286505341529846,False
836,80,2.0,1.0,119.50000000000009,0.5,E5,76,1,1,0.8567494750022888,True,0.07797835767269135,False,0.4159153699874878,False
837,80,2.0,1.0,119.50000000000009,0.5,C5,72,1,5,0.7078629732131958,True,0.07525589317083359,False,0.41784119606018066,False
838,80,2.0,1.0,119.50000000000009,0.5,C4,60,2,6,0.474620521068573,False,0.6148171424865723,True,0.4197444021701813,False
839,80,2.0,1.0,119.50000000000009,0.5,A3,57,2,7,0.8362699747085571,True,0.5131692886352539,True,0.4202893078327179,False
840,81,0.5,0.5,120.25000000000009,0.25,G5,79,1,1,0.8333719372749329,True,0.040574125945568085,False,0.41777580976486206,False
841,81,0.0,0.5,120.00000000000009,0.25,E5,76,1,1,0.7013118267059326,True,0.02820599637925625,False,0.4173116385936737,False
842,81,0.0,1.0,120.00000000000009,0.5,F3,53,2,6,0.2053055614233017,False,0.5233349800109863,True,0.4112808406352997,False
843,81,1.0,0.5,120.50000000000009,0.25,F5,77,1,1,0.8890636563301086,True,0.1783514767885208,False,0.40952709317207336,False
844,81,0.5,0.5,120.25000000000009,0.25,D5,74,1,1,0.9112030267715454,True,0.0720168799161911,False,0.4158390164375305,False
845,81,2.0,1.0,121.00000000000009,0.5,E5,76,1,1,0.7911306023597717,True,0.10159073024988174,False,0.41606372594833374,False
846,81,1.0,1.0,120.50000000000009,0.5,C5,72,1,1,0.7167750597000122,True,0.07908681035041809,False,0.4179147779941559,False
847,81,1.0,1.0,120.50000000000009,0.5,G3,55,2,6,0.461760550737381,False,0.6549557447433472,True,0.43442046642303467,False
848,81,3.0,1.0,121.50000000000009,0.5,D5,74,1,1,0.9045524001121521,True,0.10275258123874664,False,0.41691601276397705,False
849,81,2.0,1.0,121.00000000000009,0.5,B4,71,1,1,0.5507897734642029,True,0.08241058886051178,False,0.4133034944534302,False
850,81,2.0,1.0,121.00000000000009,0.5,F3,53,2,6,0.2742575705051422,False,0.57578444480896,True,0.41493597626686096,False
851,82,0.5,0.5,121.75000000000009,0.25,G5,79,1,1,0.8772273659706116,True,0.10869293659925461,False,0.41788357496261597,False
852,82,0.0,0.5,121.50000000000009,0.25,E5,76,1,1,0.8176472783088684,True,0.13056984543800354,False,0.4143253266811371,False
853,82,0.5,0.5,121.75000000000009,0.25,E3,52,2,6,0.5618764162063599,True,0.7826076149940491,True,0.3888380229473114,False
854,82,0.0,0.5,121.50000000000009,0.25,E2,40,2,6,0.22653372585773468,False,0.519078254699707,True,0.41519084572792053,False
855,82,1.0,0.5,122.00000000000009,0.25,G5,79,1,1,0.7471363544464111,True,0.10635996609926224,False,0.41483864188194275,False
856,82,0.5,0.5,121.75000000000009,0.25,E5,76,1,1,0.7222622632980347,True,0.21567219495773315,False,0.411906361579895,False
857,82,1.0,0.5,122.00000000000009,0.25,G#3,56,2,6,0.4404652714729309,False,0.6644760966300964,True,0.4372907876968384,False
858,82,2.0,0.5,122.50000000000009,0.25,F5,77,1,1,0.9129980802536011,True,0.3442942500114441,False,0.42297884821891785,False
859,82,1.5,0.5,122.25000000000009,0.25,D5,74,1,1,0.809985876083374,True,0.14331410825252533,False,0.41350871324539185,False
860,82,2.0,0.5,122.50000000000009,0.25,A3,57,2,6,0.7637719511985779,True,0.37976372241973877,False,0.4045798182487488,False
861,82,3.0,0.5,123.00000000000009,0.25,E5,76,1,1,0.7255536913871765,True,0.0810147076845169,False,0.41516122221946716,False
862,82,2.5,0.5,122.75000000000009,0.25,C5,72,1,1,0.6808460354804993,True,0.20215170085430145,False,0.42027783393859863,False
863,83,0.0,0.5,123.00000000000009,0.25,F3,53,2,6,0.30898451805114746,False,0.578148365020752,True,0.4180227816104889,False
864,83,1.0,0.5,123.50000000000009,0.25,D5,74,1,1,0.823188304901123,True,0.08757489174604416,False,0.415661484003067,False
865,83,0.5,0.5,123.25000000000009,0.25,F4,65,1,1,0.7898059487342834,True,0.5529817938804626,True,0.5501856803894043,True
866,83,1.0,0.5,123.50000000000009,0.25,G3,55,2,6,0.6991146206855774,True,0.8933242559432983,True,0.4592668414115906,False
867,83,2.0,0.5,124.00000000000009,0.25,C5,72,1,1,0.7022942900657654,True,0.18250857293605804,False,0.4173884391784668,False
868,83,1.5,0.5,123.75000000000009,0.25,E4,64,1,1,0.6108885407447815,True,0.5838425159454346,True,0.5475004315376282,True
869,83,2.0,0.5,124.00000000000009,0.25,F3,53,2,6,0.3038950264453888,False,0.5672874450683594,True,0.41150158643722534,False
870,83,3.0,0.5,124.50000000000009,0.25,B4,71,1,1,0.5911815762519836,True,0.17925907671451569,False,0.4143509566783905,False
871,83,2.5,0.5,124.25000000000009,0.25,D4,62,1,1,0.838433027267456,True,0.8492096662521362,True,0.4393828511238098,False
872,84,1.0,1.0,125.00000000000009,0.5,E3,52,2,5,0.3942427337169647,False,0.6430598497390747,True,0.41453826427459717,False
873,84,0.0,1.0,124.50000000000009,0.5,E2,40,2,5,0.2824420630931854,False,0.54609215259552,True,0.4115854501724243,False
874,84,0.25,0.25,124.62500000000009,0.125,E5,76,1,1,0.6707237958908081,True,0.023740902543067932,False,0.4185909628868103,False
875,84,0.5,0.25,124.75000000000009,0.125,G5,79,1,1,0.8263172507286072,True,0.05468789115548134,False,0.41748133301734924,False
876,84,0.75,0.25,124.87500000000009,0.125,E5,76,1,1,0.8523799777030945,True,0.07313492894172668,False,0.41699016094207764,False
877,84,2.0,1.0,125.50000000000009,0.5,G#3,56,2,5,0.49733975529670715,False,0.7076274156570435,True,0.43248245120048523,False
878,84,1.0,1.0,125.00000000000009,0.5,G#2,44,2,5,0.3245997130870819,False,0.6182328462600708,True,0.430336594581604,False
879,84,1.25,0.25,125.12500000000009,0.125,D5,74,1,1,0.7700614333152771,True,0.03410445526242256,False,0.41682299971580505,False
880,84,1.5,0.25,125.25000000000009,0.125,F5,77,1,1,0.9097817540168762,True,0.08266184478998184,False,0.4186807870864868,False
881,84,1.75,0.25,125.37500000000009,0.125,D5,74,1,1,0.8952593803405762,True,0.10188302397727966,False,0.4169580936431885,False
882,84,3.0,1.0,126.00000000000009,0.5,A3,57,2,5,0.7242015600204468,True,0.5296672582626343,True,0.3842172622680664,False
883,84,2.0,1.0,125.50000000000009,0.5,A2,45,2,5,0.24024586379528046,False,0.4665544629096985,False,0.4099248945713043,False
884,84,2.25,0.25,125.62500000000009,0.125,C5,72,1,1,0.5172454714775085,True,0.030243447050452232,False,0.4184163212776184,False
885,84,2.5,0.25,125.75000000000009,0.125,E5,76,1,1,0.825810432434082,True,0.07164665311574936,False,0.41657838225364685,False
886,84,2.75,0.25,125.87500000000009,0.125,C5,72,1,1,0.8058463931083679,True,0.18975509703159332,False,0.4223310649394989,False
887,85,1.0,1.0,126.50000000000009,0.5,F3,53,2,5,0.24631257355213165,False,0.537605881690979,True,0.41115760803222656,False
888,85,0.0,1.0,126.00000000000009,0.5,F2,41,2,5,0.15762580931186676,False,0.5003383755683899,True,0.4161359369754791,False
889,85,0.25,0.25,126.12500000000009,0.125,F4,65,1,1,0.6946483254432678,True,0.7362087965011597,True,0.4189450442790985,False
890,85,0.5,0.25,126.25000000000009,0.125,D5,74,1,1,0.8464183807373047,True,0.11011357605457306,False,0.41628336906433105,False
891,85,0.75,0.25,126.37500000000009,0.125,F4,65,1,1,0.7754454612731934,True,0.8155581951141357,True,0.4078371524810791,False
892,85,2.0,1.0,127.00000000000009,0.5,G3,55,2,5,0.7902921438217163,True,0.9353525042533875,True,0.46789851784706116,False
893,85,1.0,1.0,126.50000000000009,0.5,G2,43,2,5,0.3784794211387634,False,0.6098434925079346,True,0.43689611554145813,False
894,85,1.25,0.25,126.62500000000009,0.125,E4,64,1,1,0.45250609517097473,False,0.6502362489700317,True,0.41549763083457947,False
895,85,1.5,0.25,126.75000000000009,0.125,C5,72,1,1,0.8419010639190674,True,0.28185540437698364,False,0.4317122995853424,False
896,85,1.75,0.25,126.87500000000009,0.125,E4,64,1,1,0.5998640060424805,True,0.11520954966545105,False,0.4094087779521942,False
897,85,3.0,1.0,127.50000000000009,0.5,G3,55,2,5,0.8390081524848938,True,0.9678313732147217,True,0.6606951355934143,True
898,85,2.0,1.0,127.00000000000009,0.5,G2,43,2,5,0.2757817506790161,False,0.5589374303817749,True,0.4283866882324219,False
899,85,2.25,0.25,127.12500000000009,0.125,D4,62,1,1,0.79142165184021,True,0.4751741290092468,False,0.3900233805179596,False
900,85,2.5,0.25,127.25000000000009,0.125,B4,71,1,1,0.5430479645729065,True,0.06220809370279312,False,0.4148690104484558,False
901,85,2.75,0.25,127.37500000000009,0.125,D4,62,1,1,0.8435419797897339,True,0.7160565257072449,True,0.4112482964992523,False
902,86,1.0,1.0,128.00000000000009,0.5,C5,72,1,1,0.9267326593399048,True,0.34524837136268616,False,0.43520790338516235,False
903,86,1.0,1.0,128.00000000000009,0.5,G4,67,1,1,0.8994402885437012,True,0.22043800354003906,False,0.43506118655204773,False
904,86,0.0,1.0,127.50000000000009,0.5,E4,64,1,1,0.5835930109024048,True,0.19155551493167877,False,0.4009722173213959,False
905,86,0.0,0.25,127.50000000000009,0.125,C3,48,2,5,0.29844897985458374,False,0.477746844291687,False,0.4104299545288086,False
906,86,0.25,0.25,127.62500000000009,0.125,E3,52,2,5,0.3031758964061737,False,0.5656440258026123,True,0.41268864274024963,False
907,86,0.5,0.25,127.75000000000009,0.125,G3,55,2,5,0.8362836837768555,True,0.9555385708808899,True,0.6535623073577881,True
908,86,0.75,0.25,127.87500000000009,0.125,C4,60,2,5,0.6946229934692383,True,0.9316959381103516,True,0.5803252458572388,True
909,86,1.0,0.25,128.00000000000009,0.125,C3,48,2,5,0.35299330949783325,False,0.5164214372634888,True,0.41165611147880554,False
910,86,1.25,0.25,128.12500000000009,0.125,E3,52,2,5,0.3004867136478424,False,0.5559058785438538,True,0.41071972250938416,False
911,86,1.5,0.25,128.25000000000009,0.125,G3,55,2,5,0.8372330665588379,True,0.884930431842804,True,0.623429536819458,True
912,86,1.75,0.25,128.37500000000009,0.125,C4,60,2,5,0.5392178893089294,True,0.7227722406387329,True,0.48894840478897095,False
913,86,2.0,0.75,128.50000000000009,0.375,E5,76,1,1,0.6738107204437256,True,0.02303565852344036,False,0.41799256205558777,False
914,86,2.0,0.25,128.50000000000009,0.125,C3,48,2,5,0.33159419894218445,False,0.5048385858535767,True,0.4106537401676178,False
915,86,2.25,0.25,128.62500000000009,0.125,E3,52,2,5,0.3665516674518585,False,0.6014991402626038,True,0.4133204519748688,False
916,86,2.5,0.25,128.75000000000009,0.125,G3,55,2,5,0.7890728116035461,True,0.8821989893913269,True,0.6263526082038879,True
917,86,2.75,0.125,128.87500000000009,0.0625,D5,74,1,1,0.685806155204773,True,0.042321644723415375,False,0.41699448227882385,False
918,86,2.75,0.25,128.87500000000009,0.125,C4,60,2,5,0.5661954283714294,True,0.7233750224113464,True,0.522477924823761,True
919,86,2.875,0.125,128.93750000000009,0.0625,C5,72,1,1,0.7208922505378723,True,0.05285932496190071,False,0.41876623034477234,False
920,87,0.0,2.0,129.00000000000009,1.0,G5,79,1,1,0.8467197418212891,True,0.027104901149868965,False,0.4184268116950989,False
921,87,0.0,0.25,129.00000000000009,0.125,C3,48,2,5,0.3536597788333893,False,0.5142821669578552,True,0.4108332097530365,False
922,87,0.25,0.25,129.12500000000009,0.125,E3,52,2,5,0.29803356528282166,False,0.5563524961471558,True,0.4107961356639862,False
923,87,0.5,0.25,129.25000000000009,0.125,G3,55,2,5,0.838556170463562,True,0.9476205110549927,True,0.639726459980011,True
924,87,0.75,0.25,129.37500000000009,0.125,C4,60,2,5,0.6172413229942322,True,0.8099495768547058,True,0.520063579082489,True
925,87,1.0,0.25,129.50000000000009,0.125,C3,48,2,5,0.33834367990493774,False,0.5076361894607544,True,0.4101282060146332,False
926,87,1.25,0.25,129.62500000000009,0.125,E3,52,2,5,0.3077375888824463,False,0.5614573955535889,True,0.41067570447921753,False
927,87,1.5,0.25,129.75000000000009,0.125,G3,55,2,5,0.8279810547828674,True,0.8871647715568542,True,0.642173707485199,True
928,87,1.75,0.25,129.87500000000009,0.125,C4,60,2,5,0.5042089223861694,True,0.6945115923881531,True,0.4933963418006897,False
929,87,2.0,0.75,130.00000000000009,0.375,B5,83,1,1,0.7778041362762451,True,0.04971728101372719,False,0.41681596636772156,False
930,87,2.0,0.25,130.00000000000009,0.125,C3,48,2,5,0.45805028080940247,False,0.5493245124816895,True,0.4134844243526459,False
931,87,2.25,0.25,130.12500000000009,0.125,F3,53,2,5,0.25895264744758606,False,0.5402799844741821,True,0.4106244742870331,False
932,87,2.5,0.25,130.25000000000009,0.125,G3,55,2,5,0.8083287477493286,True,0.8997535109519958,True,0.6332823634147644,True
933,87,2.75,0.125,130.37500000000009,0.0625,A5,81,1,1,0.6563794016838074,True,0.014677929691970348,False,0.41981956362724304,False
934,87,2.75,0.25,130.37500000000009,0.125,C4,60,2,5,0.5711604356765747,True,0.756026029586792,True,0.5155175924301147,True
935,87,2.875,0.125,130.43750000000009,0.0625,G5,79,1,1,0.8283572196960449,True,0.014588232152163982,False,0.4181946814060211,False
936,88,0.0,2.0,130.50000000000009,1.0,C6,84,1,1,0.8728131651878357,True,0.1583387553691864,False,0.41822564601898193,False
937,88,0.0,0.25,130.50000000000009,0.125,C3,48,2,5,0.39546483755111694,False,0.5365456938743591,True,0.4127005338668823,False
938,88,0.25,0.25,130.62500000000009,0.125,E3,52,2,5,0.3355887830257416,False,0.5848579406738281,True,0.4125940501689911,False
939,88,0.5,0.25,130.75000000000009,0.125,G3,55,2,5,0.8434520363807678,True,0.9477217197418213,True,0.6399197578430176,True
940,88,0.75,0.25,130.87500000000009,0.125,C4,60,2,5,0.593035101890564,True,0.8065180778503418,True,0.521718442440033,True
941,88,1.0,0.25,131.00000000000009,0.125,C3,48,2,5,0.4130985140800476,False,0.5460330843925476,True,0.4126449525356293,False
942,88,1.25,0.25,131.12500000000009,0.125,E3,52,2,5,0.3080408275127411,False,0.5612761974334717,True,0.41091081500053406,False
943,88,1.5,0.25,131.25000000000009,0.125,G3,55,2,5,0.8490983843803406,True,0.8870006203651428,True,0.6413268446922302,True
944,88,1.75,0.25,131.37500000000009,0.125,C4,60,2,5,0.538465678691864,True,0.6909204125404358,True,0.495562344789505,False
945,88,2.0,0.75,131.50000000000009,0.375,E5,76,1,1,0.7503116726875305,True,0.029749445617198944,False,0.4175918996334076,False
946,88,2.0,0.25,131.50000000000009,0.125,C3,48,2,5,0.38024380803108215,False,0.5261974334716797,True,0.4115235507488251,False
947,88,2.25,0.25,131.62500000000009,0.125,E3,52,2,5,0.3753882944583893,False,0.6089964509010315,True,0.41407814621925354,False
948,88,2.5,0.25,131.75000000000009,0.125,G3,55,2,5,0.7968672513961792,True,0.8605141043663025,True,0.6305480599403381,True
949,88,2.75,0.125,131.87500000000009,0.0625,D5,74,1,1,0.6531563401222229,True,0.02043689601123333,False,0.4178537428379059,False
950,88,2.75,0.25,131.87500000000009,0.125,C4,60,2,5,0.5543487071990967,True,0.6869940161705017,True,0.5206151604652405,True
951,88,2.875,0.125,131.93750000000009,0.0625,C5,72,1,1,0.62721186876297,True,0.039286404848098755,False,0.4187517762184143,False
952,89,0.0,1.0,132.00000000000009,0.5,G5,79,1,1,0.8897578716278076,True,0.04228849336504936,False,0.41728726029396057,False
953,89,0.0,0.25,132.00000000000009,0.125,C3,48,2,5,0.39704740047454834,False,0.5350836515426636,True,0.4110981822013855,False
954,89,0.25,0.25,132.12500000000009,0.125,E3,52,2,5,0.30255407094955444,False,0.5580060482025146,True,0.41074442863464355,False
955,89,0.5,0.25,132.25000000000009,0.125,G3,55,2,5,0.8395991325378418,True,0.9094861149787903,True,0.6448575258255005,True
956,89,0.75,0.25,132.37500000000009,0.125,C4,60,2,5,0.5527413487434387,True,0.7389492392539978,True,0.5098335146903992,True
957,89,1.0,1.0,132.50000000000009,0.5,G5,79,1,1,0.8699575066566467,True,0.028593063354492188,False,0.4174235463142395,False
958,89,1.0,0.25,132.50000000000009,0.125,C3,48,2,5,0.3487560451030731,False,0.5101426839828491,True,0.4101164638996124,False
959,89,1.25,0.25,132.62500000000009,0.125,E3,52,2,5,0.29877033829689026,False,0.5618852972984314,True,0.41069096326828003,False
960,89,1.5,0.25,132.75000000000009,0.125,G3,55,2,5,0.8190422654151917,True,0.8977205753326416,True,0.6472422480583191,True
961,89,1.75,0.25,132.87500000000009,0.125,C4,60,2,5,0.5580990314483643,True,0.7350896596908569,True,0.5002918839454651,True
962,89,2.0,0.75,133.00000000000009,0.375,B5,83,1,1,0.6993612051010132,True,0.039003290235996246,False,0.41692790389060974,False
963,89,2.0,0.25,133.00000000000009,0.125,C3,48,2,5,0.45368462800979614,False,0.5577602982521057,True,0.4149339199066162,False
964,89,2.25,0.25,133.12500000000009,0.125,F3,53,2,5,0.33164554834365845,False,0.5817089080810547,True,0.4103923738002777,False
965,89,2.5,0.25,133.25000000000009,0.125,G3,55,2,5,0.8351731896400452,True,0.8859370946884155,True,0.5902741551399231,True
966,89,2.75,0.125,133.37500000000009,0.0625,A5,81,1,1,0.679593563079834,True,0.02080760896205902,False,0.4192896783351898,False
967,89,2.75,0.25,133.37500000000009,0.125,C4,60,2,5,0.6452121138572693,True,0.8093783259391785,True,0.40498924255371094,False
968,89,2.875,0.125,133.43750000000009,0.0625,G5,79,1,1,0.8238955736160278,True,0.020977135747671127,False,0.41764870285987854,False
969,90,0.0,1.0,133.50000000000009,0.5,C6,84,1,1,0.9244999885559082,True,0.08759184926748276,False,0.4149812161922455,False
970,90,1.0,1.0,134.00000000000009,0.5,C4,60,2,5,0.7629491686820984,True,0.9190658330917358,True,0.479463666677475,False
971,90,1.0,1.0,134.00000000000009,0.5,G3,55,2,5,0.861840546131134,True,0.8940680623054504,True,0.5811691880226135,True
972,90,1.0,1.0,134.00000000000009,0.5,E3,52,2,5,0.2729203402996063,False,0.568213701248169,True,0.4140198230743408,False
973,90,0.0,1.0,133.50000000000009,0.5,C3,48,2,5,0.3150367736816406,False,0.5214217901229858,True,0.41608452796936035,False
974,90,1.0,1.5,134.00000000000009,0.75,E6,88,1,1,0.9609631896018982,True,0.8346332311630249,True,0.44431227445602417,False
975,90,2.5,1.5,134.75000000000009,0.75,E4,64,2,5,0.6444132328033447,True,0.30454152822494507,False,0.395302414894104,False
976,90,1.0,1.5,134.00000000000009,0.75,E3,52,2,5,0.3031843304634094,False,0.5989607572555542,True,0.41741666197776794,False
977,90,2.5,0.5,134.75000000000009,0.25,G#5,80,1,1,0.9277732968330383,True,0.24800440669059753,False,0.42310798168182373,False
978,90,3.0,0.5,135.00000000000009,0.25,G#3,56,2,5,0.7218586206436157,True,0.9040464162826538,True,0.6402623057365417,True
979,90,2.5,0.5,134.75000000000009,0.25,G#2,44,2,5,0.2380790263414383,False,0.5286995768547058,True,0.4175030291080475,False
980,91,0.0,1.0,135.00000000000009,0.5,A5,81,1,1,0.7201254367828369,True,0.034394294023513794,False,0.41834163665771484,False
981,91,1.0,1.0,135.50000000000009,0.5,A3,57,2,6,0.7515512704849243,True,0.735355794429779,True,0.35356390476226807,False
982,91,0.0,1.0,135.00000000000009,0.5,A2,45,2,6,0.1759360134601593,False,0.4585188627243042,False,0.41064828634262085,False
983,91,1.0,1.5,135.50000000000009,0.75,C6,84,1,1,0.9052029252052307,True,0.08488322794437408,False,0.41668444871902466,False
984,91,2.5,1.5,136.25000000000009,0.75,C4,60,2,6,0.5239447355270386,True,0.6609900593757629,True,0.5795438289642334,True
985,91,1.0,1.5,135.50000000000009,0.75,C3,48,2,6,0.3246338665485382,False,0.5477339625358582,True,0.42054131627082825,False
986,91,2.5,0.5,136.25000000000009,0.25,E5,76,1,1,0.7609972357749939,True,0.04211989417672157,False,0.4159711003303528,False
987,91,2.5,0.5,136.25000000000009,0.25,E3,52,2,6,0.41372936964035034,False,0.6359750032424927,True,0.41083937883377075,False
988,92,0.0,0.75,136.50000000000009,0.375,F5,77,1,1,0.8066999316215515,True,0.024451060220599174,False,0.4185447692871094,False
989,92,0.0,0.75,136.50000000000009,0.375,F3,53,2,6,0.4070468842983246,False,0.6475001573562622,True,0.4089852571487427,False
990,92,0.75,0.125,136.87500000000009,0.0625,E5,76,1,1,0.6538275480270386,True,0.03186655417084694,False,0.41668882966041565,False
991,92,0.75,0.125,136.87500000000009,0.0625,E3,52,2,6,0.2793554663658142,False,0.5420138239860535,True,0.40716418623924255,False
992,92,0.875,0.125,136.93750000000009,0.0625,D5,74,1,1,0.7518419623374939,True,0.06047775223851204,False,0.4172760844230652,False
993,92,0.875,0.125,136.93750000000009,0.0625,D3,50,2,6,0.7175207138061523,True,0.6772463917732239,True,0.33282309770584106,False
994,92,1.0,1.0,137.00000000000009,0.5,G5,79,1,1,0.866878867149353,True,0.06233072653412819,False,0.41750288009643555,False
995,92,1.0,1.0,137.00000000000009,0.5,G3,55,2,6,0.8160943984985352,True,0.8519182205200195,True,0.6058378219604492,True
996,92,3.0,1.0,138.00000000000009,0.5,B5,83,1,1,0.8313488364219666,True,0.14284689724445343,False,0.40836355090141296,False
997,92,3.0,1.0,138.00000000000009,0.5,G5,79,1,1,0.9124281406402588,True,0.036948539316654205,False,0.41798946261405945,False
998,92,2.0,1.0,137.50000000000009,0.5,D5,74,1,1,0.8068935871124268,True,0.05180609971284866,False,0.41613247990608215,False
999,92,3.0,1.0,138.00000000000009,0.5,G3,55,2,6,0.7302728295326233,True,0.8208132386207581,True,0.5043874979019165,True
1000,92,2.0,1.0,137.50000000000009,0.5,G2,43,2,6,0.18252934515476227,False,0.5138586163520813,True,0.421708881855011,False
1001,93,1.0,1.0,138.50000000000009,0.5,C6,84,1,1,0.9514849185943604,True,0.13425637781620026,False,0.4173429012298584,False
1002,93,1.0,1.0,138.50000000000009,0.5,G5,79,1,1,0.9227858781814575,True,0.03244421258568764,False,0.4190021753311157,False
1003,93,0.0,1.0,138.00000000000009,0.5,E5,76,1,1,0.7310886979103088,True,0.06075362488627434,False,0.41548001766204834,False
1004,93,1.0,1.0,138.50000000000009,0.5,C4,60,2,6,0.5480245351791382,True,0.7971059679985046,True,0.5780574083328247,True
1005,93,0.0,1.0,138.00000000000009,0.5,C3,48,2,6,0.5067195296287537,True,0.8661336302757263,True,0.6853423118591309,True
1006,93,1.0,1.0,138.50000000000009,0.5,C4,60,1,1,0.6386433839797974,True,0.8654482364654541,True,0.6295158267021179,True
1007,93,2.0,1.0,139.00000000000009,0.5,C3,48,2,6,0.5231512188911438,True,0.8364986181259155,True,0.68819260597229,True
1008,93,1.0,1.0,138.50000000000009,0.5,C2,36,2,6,0.27772262692451477,False,0.5340756177902222,True,0.4253416359424591,False
1009,94,0.0,1.0,139.50000000000009,0.5,G4,67,1,1,0.7180399894714355,True,0.08207738399505615,False,0.4174458682537079,False
1010,94,0.0,3.0,139.50000000000009,1.5,G4,67,1,5,0.710002064704895,True,0.12244875729084015,False,0.42290613055229187,False
1011,94,1.0,1.0,140.00000000000009,0.5,C5,72,1,1,0.7371395230293274,True,0.10654082894325256,False,0.4174083173274994,False
1012,94,1.0,1.0,140.00000000000009,0.5,E3,52,2,6,0.34073606133461,False,0.5991402864456177,True,0.41432636976242065,False
1013,94,2.0,1.0,140.50000000000009,0.5,E5,76,1,1,0.7370625734329224,True,0.038155633956193924,False,0.41643089056015015,False
1014,94,2.0,1.0,140.50000000000009,0.5,C3,48,2,6,0.46296268701553345,False,0.6226425170898438,True,0.43223288655281067,False
1015,95,2.0,2.0,142.00000000000009,1.0,E5,76,1,1,0.7129586935043335,True,0.07500950247049332,False,0.4121462404727936,False
1016,95,0.0,2.0,141.00000000000009,1.0,C5,72,1,1,0.8629698753356934,True,0.1442912369966507,False,0.41601818799972534,False
1017,95,0.0,3.0,141.00000000000009,1.5,G4,67,1,5,0.8084774613380432,True,0.20564711093902588,False,0.42635899782180786,False
1018,95,0.0,3.0,141.00000000000009,1.5,G3,55,2,6,0.8556352853775024,True,0.9380812048912048,True,0.711715042591095,True
1019,95,3.0,1.0,142.50000000000009,0.5,D5,74,1,1,0.828393280506134,True,0.0502316951751709,False,0.4176385700702667,False
1020,95,2.0,1.0,142.00000000000009,0.5,B4,71,1,1,0.6545253992080688,True,0.08928002417087555,False,0.4152298867702484,False
1021,96,0.0,1.0,142.50000000000009,0.5,G5,79,1,1,0.8744005560874939,True,0.012658832594752312,False,0.4190267026424408,False
1022,96,1.0,1.0,143.00000000000009,0.5,C5,72,1,1,0.8973115086555481,True,0.12999491393566132,False,0.4210638403892517,False
1023,96,1.0,2.0,143.00000000000009,1.0,G4,67,1,5,0.8083174228668213,True,0.1627824753522873,False,0.41809821128845215,False
1024,96,1.0,1.0,143.00000000000009,0.5,E3,52,2,6,0.32380422949790955,False,0.5796363353729248,True,0.41190335154533386,False
1025,96,2.0,1.0,143.50000000000009,0.5,E5,76,1,1,0.7468741536140442,True,0.08582565933465958,False,0.4123738706111908,False
1026,96,2.0,1.0,143.50000000000009,0.5,C3,48,2,6,0.43521708250045776,False,0.6134222745895386,True,0.428498774766922,False
1027,97,2.0,2.0,145.00000000000009,1.0,E5,76,1,1,0.8805176615715027,True,0.21982209384441376,False,0.4024334251880646,False
1028,97,0.0,2.0,144.00000000000009,1.0,C5,72,1,1,0.8931362628936768,True,0.11207670718431473,False,0.41953662037849426,False
1029,97,0.0,3.0,144.00000000000009,1.5,G4,67,1,5,0.8962070345878601,True,0.24874435365200043,False,0.4266347289085388,False
1030,97,0.0,3.0,144.00000000000009,1.5,G3,55,2,6,0.8273131847381592,True,0.8606463670730591,True,0.6945134401321411,True
1031,97,3.0,1.0,145.50000000000009,0.5,D5,74,1,1,0.8167083263397217,True,0.060460157692432404,False,0.4174017310142517,False
1032,97,2.0,1.0,145.00000000000009,0.5,B4,71,1,1,0.5738741159439087,True,0.1442575603723526,False,0.4090363085269928,False
1033,98,0.0,1.0,145.50000000000009,0.5,A4,69,1,1,0.8523119688034058,True,0.2738880217075348,False,0.4167101979255676,False
1034,98,1.0,1.0,146.00000000000009,0.5,D4,62,2,6,0.9209157824516296,True,0.9479420185089111,True,0.5788592100143433,True
1035,98,1.0,1.0,146.00000000000009,0.5,A3,57,2,6,0.6896108984947205,True,0.7278333306312561,True,0.3270077109336853,False
1036,98,0.0,1.0,145.50000000000009,0.5,F3,53,2,6,0.34920889139175415,False,0.5956839323043823,True,0.4162897765636444,False
1037,98,1.0,1.0,146.00000000000009,0.5,D5,74,1,1,0.7726828455924988,True,0.040319785475730896,False,0.4169776439666748,False
1038,98,2.0,1.0,146.50000000000009,0.5,F5,77,1,1,0.8410780429840088,True,0.07294456660747528,False,0.4165591299533844,False
1039,99,0.0,1.0,147.00000000000009,0.5,E5,76,1,1,0.8026926517486572,True,0.1419447511434555,False,0.4127916097640991,False
1040,99,1.0,1.0,147.50000000000009,0.5,D4,62,2,6,0.7796384692192078,True,0.7306774258613586,True,0.457483172416687,False
1041,99,1.0,1.0,147.50000000000009,0.5,A3,57,2,6,0.6664844751358032,True,0.7119846940040588,True,0.2886852025985718,False
1042,99,0.0,1.0,147.00000000000009,0.5,F3,53,2,6,0.39869412779808044,False,0.6275953054428101,True,0.41722241044044495,False
1043,99,1.0,1.0,147.50000000000009,0.5,D5,74,1,1,0.8810209035873413,True,0.04367339238524437,False,0.41847527027130127,False
1044,99,2.0,2.0,148.00000000000009,1.0,A5,81,1,1,0.8473197817802429,True,0.06853330880403519,False,0.41961613297462463,False
1045,100,3.0,3.0,150.00000000000009,1.5,F4,65,2,6,0.5940666794776917,True,0.3953237533569336,False,0.39644888043403625,False
1046,100,3.0,3.0,150.00000000000009,1.5,D4,62,2,6,0.5690658688545227,True,0.7514743804931641,True,0.4514442980289459,False
1047,100,0.0,3.0,148.50000000000009,1.5,G3,55,2,6,0.6990853548049927,True,0.672433078289032,True,0.5256809592247009,True
1048,100,1.0,1.0,149.00000000000009,0.5,G5,79,1,1,0.8881469964981079,True,0.03148305043578148,False,0.41701754927635193,False
1049,100,2.0,1.0,149.50000000000009,0.5,B4,71,1,1,0.6090550422668457,True,0.11384474486112595,False,0.40914303064346313,False
1050,101,0.0,0.5,150.00000000000009,0.25,C5,72,1,1,0.9140148758888245,True,0.14387254416942596,False,0.4262809455394745,False
1051,101,1.0,1.0,150.50000000000009,0.5,E4,64,2,6,0.7400367856025696,True,0.15348033607006073,False,0.4164636433124542,False
1052,101,0.0,1.0,150.00000000000009,0.5,C4,60,2,6,0.357972651720047,False,0.5500703454017639,True,0.4243329167366028,False
1053,101,0.5,0.5,150.25000000000009,0.25,G4,67,1,1,0.6475637555122375,True,0.041218116879463196,False,0.4166746437549591,False
1054,101,1.0,0.5,150.50000000000009,0.25,E4,64,1,1,0.7014768123626709,True,0.049386780709028244,False,0.4175005853176117,False
1055,101,1.5,0.5,150.75000000000009,0.25,G4,67,1,1,0.8397728204727173,True,0.12132050096988678,False,0.4157243072986603,False
1056,101,2.0,0.5,151.00000000000009,0.25,F4,65,1,1,0.6825972199440002,True,0.42620760202407837,False,0.3768473267555237,False
1057,101,2.5,0.5,151.25000000000009,0.25,D4,62,1,1,0.7147147059440613,True,0.6937142610549927,True,0.41764846444129944,False
1058,102,0.0,0.75,151.50000000000009,0.375,C4,60,1,1,0.5841859579086304,True,0.644025444984436,True,0.24024732410907745,False
1059,102,0.75,0.25,151.87500000000009,0.125,G3,55,1,1,0.6592511534690857,True,0.6184136271476746,True,0.6134742498397827,True
1060,102,1.0,1.0,152.00000000000009,0.5,C4,60,1,1,0.6158002018928528,True,0.5604208707809448,True,0.3055509626865387,False
1061,102,1.0,1.0,152.00000000000009,0.5,E3,52,2,6,0.42923077940940857,False,0.6416452527046204,True,0.41495978832244873,False
1062,102,2.0,1.0,152.50000000000009,0.5,E4,64,1,1,0.710877001285553,True,0.07167313992977142,False,0.4151375889778137,False
1063,102,2.0,1.0,152.50000000000009,0.5,C3,48,2,6,0.4505954682826996,False,0.6160567402839661,True,0.43157124519348145,False
1064,103,2.0,2.0,154.00000000000009,1.0,E4,64,1,1,0.6976587176322937,True,0.30211350321769714,False,0.39598503708839417,False
1065,103,0.0,2.0,153.00000000000009,1.0,C4,60,1,1,0.6344500184059143,True,0.649167001247406,True,0.3442111313343048,False
1066,103,3.0,3.0,154.50000000000009,1.5,G3,55,2,6,0.8410694599151611,True,0.8544025421142578,True,0.7400032877922058,True
1067,103,0.0,3.0,153.00000000000009,1.5,G2,43,2,6,0.31916382908821106,False,0.6136723756790161,True,0.44768041372299194,False
1068,103,3.0,1.0,154.50000000000009,0.5,D4,62,1,1,0.7510079145431519,True,0.7781251072883606,True,0.46260055899620056,False
1069,103,2.0,1.0,154.00000000000009,0.5,B3,59,1,1,0.42118504643440247,False,0.6463841199874878,True,0.419109582901001,False
1070,104,0.0,1.0,154.50000000000009,0.5,G4,67,1,1,0.8978975415229797,True,0.38647449016571045,False,0.4262374937534332,False
1071,104,1.0,1.0,155.00000000000009,0.5,C4,60,1,1,0.695435106754303,True,0.7380576133728027,True,0.372489869594574,False
1072,104,1.0,2.0,155.00000000000009,1.0,G3,55,1,5,0.7657564878463745,True,0.7675459384918213,True,0.6552804708480835,True
1073,104,1.0,1.0,155.00000000000009,0.5,E3,52,2,6,0.48646074533462524,False,0.6769518256187439,True,0.41301053762435913,False
1074,104,2.0,1.0,155.50000000000009,0.5,E4,64,1,1,0.6843619346618652,True,0.2615855038166046,False,0.39978519082069397,False
1075,104,2.0,1.0,155.50000000000009,0.5,C3,48,2,6,0.49518755078315735,False,0.6331216096878052,True,0.43167734146118164,False
1076,105,2.0,2.0,157.00000000000009,1.0,E4,64,1,1,0.7318188548088074,True,0.43252018094062805,False,0.39052149653434753,False
1077,105,0.0,2.0,156.00000000000009,1.0,C4,60,1,1,0.7392334342002869,True,0.6212179660797119,True,0.4037564992904663,False
1078,105,3.0,3.0,157.50000000000009,1.5,G3,55,2,6,0.8032128214836121,True,0.813463032245636,True,0.6016224026679993,True
1079,105,0.0,3.0,156.00000000000009,1.5,G2,43,2,6,0.38564178347587585,False,0.6418247222900391,True,0.4503070116043091,False
1080,105,3.0,1.0,157.50000000000009,0.5,D4,62,1,1,0.858790397644043,True,0.8143588304519653,True,0.36281144618988037,False
1081,105,2.0,1.0,157.00000000000009,0.5,B3,59,1,1,0.23482798039913177,False,0.5068020224571228,True,0.40740302205085754,False
1082,106,0.0,1.0,157.50000000000009,0.5,A3,57,1,1,0.6483448147773743,True,0.5507735013961792,True,0.221067413687706,False
1083,106,1.0,1.0,158.00000000000009,0.5,D3,50,2,6,0.7451473474502563,True,0.8040947318077087,True,0.5859622955322266,True
1084,106,1.0,1.0,158.00000000000009,0.5,A2,45,2,6,0.30644237995147705,False,0.5085504055023193,True,0.41404709219932556,False
1085,106,0.0,1.0,157.50000000000009,0.5,F2,41,2,6,0.16942603886127472,False,0.4893643856048584,False,0.41604313254356384,False
1086,106,1.0,1.0,158.00000000000009,0.5,D4,62,1,1,0.81290602684021,True,0.8084650039672852,True,0.4392774701118469,False
1087,106,2.0,1.0,158.50000000000009,0.5,F4,65,1,1,0.8166959881782532,True,0.8314728140830994,True,0.34449490904808044,False
1088,107,0.0,1.0,159.00000000000009,0.5,E4,64,1,1,0.4238432049751282,False,0.6312930583953857,True,0.4166238605976105,False
1089,107,1.0,1.0,159.50000000000009,0.5,D3,50,2,5,0.6833067536354065,True,0.9232184290885925,True,0.7142623662948608,True
1090,107,1.0,1.0,159.50000000000009,0.5,A2,45,2,5,0.27398449182510376,False,0.47663941979408264,False,0.41435325145721436,False
1091,107,0.0,1.0,159.00000000000009,0.5,F2,41,2,5,0.16969779133796692,False,0.49270278215408325,False,0.41537460684776306,False
1092,107,1.0,1.0,159.50000000000009,0.5,D4,62,1,1,0.8380947709083557,True,0.8327804803848267,True,0.2965851426124573,False
1093,107,2.0,2.0,160.00000000000009,1.0,A4,69,1,1,0.9301996231079102,True,0.5346677303314209,True,0.3969637155532837,False
1094,108,1.0,1.0,161.00000000000009,0.5,F3,53,2,5,0.5554612278938293,True,0.836654782295227,True,0.39917007088661194,False
1095,108,1.0,1.0,161.00000000000009,0.5,D3,50,2,5,0.6861310005187988,True,0.7141316533088684,True,0.6463158130645752,True
1096,108,0.0,1.0,160.50000000000009,0.5,G2,43,2,5,0.29551181197166443,False,0.5571035742759705,True,0.43186473846435547,False
1097,108,1.0,1.0,161.00000000000009,0.5,G4,67,1,1,0.6906508207321167,True,0.2967071533203125,False,0.41155245900154114,False
1098,108,2.0,1.0,161.50000000000009,0.5,B3,59,1,1,0.42576131224632263,False,0.6322018504142761,True,0.404623419046402,False
1099,109,0.0,0.5,162.00000000000009,0.25,C4,60,1,1,0.8291182518005371,True,0.7736340165138245,True,0.3370024859905243,False
1100,109,1.0,1.0,162.50000000000009,0.5,E3,52,2,5,0.4291197657585144,False,0.6352002620697021,True,0.4058181345462799,False
1101,109,0.0,1.0,162.00000000000009,0.5,C3,48,2,5,0.38830283284187317,False,0.5563276410102844,True,0.4166841208934784,False
1102,109,0.5,0.5,162.25000000000009,0.25,G4,67,1,1,0.6934413313865662,True,0.5136901140213013,True,0.5109728574752808,True
1103,109,1.0,1.0,162.50000000000009,0.5,E4,64,2,5,0.6631457805633545,True,0.3099241852760315,False,0.40080687403678894,False
1104,109,1.5,0.5,162.75000000000009,0.25,G4,67,1,1,0.7740254998207092,True,0.23837044835090637,False,0.4200313687324524,False
1105,109,2.0,1.0,163.00000000000009,0.5,C4,60,2,5,0.4954417049884796,False,0.6001064777374268,True,0.41208499670028687,False
1106,109,2.5,0.5,163.25000000000009,0.25,G4,67,1,1,0.6298739314079285,True,0.1844244748353958,False,0.41195642948150635,False
1107,110,0.5,0.5,163.75000000000009,0.25,G4,67,1,1,0.8489391803741455,True,0.6258938908576965,True,0.6173793077468872,True
1108,110,0.0,0.5,163.50000000000009,0.25,F4,65,1,1,0.8931288123130798,True,0.9161843061447144,True,0.24175910651683807,False
1109,110,0.0,1.0,163.50000000000009,0.5,D4,62,2,5,0.9012647271156311,True,0.7683889269828796,True,0.1217382401227951,False
1110,110,1.0,0.5,164.00000000000009,0.25,G4,67,1,1,0.7666456699371338,True,0.600501298904419,True,0.6951155066490173,True
1111,110,0.5,0.5,163.75000000000009,0.25,F4,65,1,1,0.8929741382598877,True,0.948739767074585,True,0.3713221848011017,False
1112,110,1.0,1.0,164.00000000000009,0.5,B3,59,2,5,0.5018935799598694,True,0.5072330832481384,True,0.29682931303977966,False
1113,110,2.0,0.5,164.50000000000009,0.25,G4,67,1,1,0.8065909743309021,True,0.48464998602867126,False,0.4367251992225647,False
1114,110,1.5,0.5,164.25000000000009,0.25,F4,65,1,1,0.8768043518066406,True,0.8769716024398804,True,0.22505617141723633,False
1115,110,2.0,1.0,164.50000000000009,0.5,G3,55,2,5,0.7632754445075989,True,0.7925919890403748,True,0.528586208820343,True
1116,110,3.0,0.5,165.00000000000009,0.25,G4,67,1,1,0.7946281433105469,True,0.48429229855537415,False,0.4255286455154419,False
1117,110,2.5,0.5,164.75000000000009,0.25,F4,65,1,1,0.8541340231895447,True,0.8525513410568237,True,0.18255898356437683,False
1118,111,0.5,0.5,165.25000000000009,0.25,G4,67,1,1,0.9143427014350891,True,0.6414497494697571,True,0.570609986782074,True
1119,111,0.0,0.5,165.00000000000009,0.25,Eb4,63,1,1,0.6471366882324219,True,0.7033502459526062,True,0.5068987011909485,True
1120,111,0.0,1.0,165.00000000000009,0.5,C3,48,2,5,0.24452553689479828,False,0.47954973578453064,False,0.41516613960266113,False
1121,111,1.0,0.5,165.50000000000009,0.25,G4,67,1,1,0.8220584392547607,True,0.6245732307434082,True,0.3463922441005707,False
1122,111,0.5,0.5,165.25000000000009,0.25,Eb4,63,1,1,0.6828045845031738,True,0.8494062423706055,True,0.34021273255348206,False
1123,111,1.0,1.0,165.50000000000009,0.5,Eb3,51,2,5,0.6827035546302795,True,0.8826739192008972,True,0.3036387860774994,False
1124,111,2.0,0.5,166.00000000000009,0.25,G4,67,1,1,0.8396438360214233,True,0.41483160853385925,False,0.43126943707466125,False
1125,111,1.5,0.5,165.75000000000009,0.25,Eb4,63,1,1,0.6272997260093689,True,0.6997188925743103,True,0.5422588586807251,True
1126,111,2.0,1.0,166.00000000000009,0.5,C3,48,2,5,0.42038634419441223,False,0.5813885927200317,True,0.42123714089393616,False
1127,111,3.0,0.5,166.50000000000009,0.25,G4,67,1,1,0.7585471868515015,True,0.4270695745944977,False,0.4169500768184662,False
1128,111,2.5,0.5,166.25000000000009,0.25,Eb4,63,1,1,0.6577566266059875,True,0.7261941432952881,True,0.48342910408973694,False
1129,112,0.5,0.5,166.75000000000009,0.25,G4,67,1,1,0.8798951506614685,True,0.5763882398605347,True,0.6290306448936462,True
1130,112,0.0,0.5,166.50000000000009,0.25,F4,65,1,1,0.8632505536079407,True,0.9235873818397522,True,0.08361596614122391,False
1131,112,0.0,1.0,166.50000000000009,0.5,D3,50,2,5,0.5763698816299438,True,0.7017862200737,True,0.30357280373573303,False
1132,112,1.0,0.5,167.00000000000009,0.25,G4,67,1,1,0.8029316067695618,True,0.641118049621582,True,0.4338410496711731,False
1133,112,0.5,0.5,166.75000000000009,0.25,F4,65,1,1,0.8474505543708801,True,0.9523358941078186,True,0.0751252993941307,False
1134,112,1.0,1.0,167.00000000000009,0.5,B2,47,2,5,0.33295533061027527,False,0.5820837616920471,True,0.42151588201522827,False
1135,112,2.0,0.5,167.50000000000009,0.25,G4,67,1,1,0.7748597264289856,True,0.5260196328163147,True,0.3898131847381592,False
1136,112,1.5,0.5,167.25000000000009,0.25,F4,65,1,1,0.8528379797935486,True,0.87518709897995,True,0.09014515578746796,False
1137,112,2.0,1.0,167.50000000000009,0.5,G2,43,2,5,0.3463284373283386,False,0.6138543486595154,True,0.43592602014541626,False
1138,112,3.0,0.5,168.00000000000009,0.25,G4,67,1,1,0.7457345128059387,True,0.6342052221298218,True,0.3192702829837799,False
1139,112,2.5,0.5,167.75000000000009,0.25,F4,65,1,1,0.7828741669654846,True,0.8568150997161865,True,0.0532715730369091,False
1140,113,0.5,0.5,168.25000000000009,0.25,G4,67,1,1,0.8938440084457397,True,0.7601373195648193,True,0.5556536316871643,True
1141,113,0.0,0.5,168.00000000000009,0.25,Eb4,63,1,1,0.8458974957466125,True,0.8061672449111938,True,0.584098756313324,True
1142,113,1.0,1.0,168.50000000000009,0.5,C3,48,2,5,0.44239866733551025,False,0.6155343055725098,True,0.4287041425704956,False
1143,113,0.0,1.0,168.00000000000009,0.5,C2,36,2,5,0.29878032207489014,False,0.5230105519294739,True,0.4153151214122772,False
1144,113,1.0,0.5,168.50000000000009,0.25,G4,67,1,1,0.7485224008560181,True,0.773181676864624,True,0.195756733417511,False
1145,113,0.5,0.5,168.25000000000009,0.25,Eb4,63,1,1,0.7993994355201721,True,0.9038949608802795,True,0.26862797141075134,False
1146,113,1.0,1.0,168.50000000000009,0.5,C4,60,2,5,0.7126988768577576,True,0.9120340347290039,True,0.2385665327310562,False
1147,113,2.0,0.5,169.00000000000009,0.25,G4,67,1,1,0.8309792876243591,True,0.639803409576416,True,0.5183256268501282,True
1148,113,1.5,0.5,168.75000000000009,0.25,Eb4,63,1,1,0.7352230548858643,True,0.7776643633842468,True,0.5581710338592529,True
1149,113,2.0,1.0,169.00000000000009,0.5,C3,48,2,5,0.525619387626648,True,0.7522768974304199,True,0.4575631618499756,False
1150,113,3.0,0.5,169.50000000000009,0.25,G4,67,1,1,0.7500471472740173,True,0.6538452506065369,True,0.33290934562683105,False
1151,113,2.5,0.5,169.25000000000009,0.25,Eb4,63,1,1,0.7377439141273499,True,0.7994413375854492,True,0.4074075222015381,False
1152,114,0.5,0.5,169.75000000000009,0.25,F#4,66,1,1,0.7771626114845276,True,0.781542956829071,True,0.38915926218032837,False
1153,114,0.5,0.5,169.75000000000009,0.25,Eb4,63,1,1,0.817058265209198,True,0.8967738151550293,True,0.6519562005996704,True
1154,114,0.0,0.5,169.50000000000009,0.25,C4,60,1,1,0.46082809567451477,False,0.5623289346694946,True,0.42383861541748047,False
1155,114,1.0,1.0,170.00000000000009,0.5,A2,45,2,5,0.11100690811872482,False,0.42949461936950684,False,0.4126925468444824,False
1156,114,0.0,1.0,169.50000000000009,0.5,A1,33,2,5,0.12136119604110718,False,0.44810232520103455,False,0.4135613739490509,False
1157,114,1.0,0.5,170.00000000000009,0.25,F#4,66,1,1,0.8372276425361633,True,0.9273650050163269,True,0.32960444688796997,False
1158,114,1.0,0.5,170.00000000000009,0.25,Eb4,63,1,1,0.7634794116020203,True,0.9660730957984924,True,0.5915666818618774,True
1159,114,0.5,0.5,169.75000000000009,0.25,C4,60,1,1,0.4857402741909027,False,0.5670629739761353,True,0.4178474247455597,False
1160,114,1.0,1.0,170.00000000000009,0.5,A3,57,2,5,0.6934012174606323,True,0.7798490524291992,True,0.2849535644054413,False
1161,114,2.0,0.5,170.50000000000009,0.25,F#4,66,1,1,0.817808985710144,True,0.6551578044891357,True,0.3454018831253052,False
1162,114,2.0,0.5,170.50000000000009,0.25,Eb4,63,1,1,0.8483948707580566,True,0.8983299732208252,True,0.6093709468841553,True
1163,114,1.5,0.5,170.25000000000009,0.25,C4,60,1,1,0.41175851225852966,False,0.5345900058746338,True,0.41632458567619324,False
1164,114,2.0,1.0,170.50000000000009,0.5,A2,45,2,5,0.09571494907140732,False,0.420256108045578,False,0.41141602396965027,False
1165,114,3.0,0.5,171.00000000000009,0.25,F#4,66,1,1,0.6240087151527405,True,0.45941323041915894,False,0.3765270411968231,False
1166,114,3.0,0.5,171.00000000000009,0.25,Eb4,63,1,1,0.6034998297691345,True,0.4823932945728302,False,0.4455386996269226,False
1167,114,2.5,0.5,170.75000000000009,0.25,C4,60,1,1,0.322101891040802,False,0.4804382920265198,False,0.4044453799724579,False
1168,115,0.5,0.5,171.25000000000009,0.25,G4,67,1,1,0.8307693004608154,True,0.64418625831604,True,0.44417887926101685,False
1169,115,0.0,0.5,171.00000000000009,0.25,D4,62,1,1,0.8594850301742554,True,0.9550442099571228,True,0.2836698293685913,False
1170,115,1.0,1.0,171.50000000000009,0.5,Bb2,46,2,5,0.40619438886642456,False,0.6383298635482788,True,0.4336841106414795,False
1171,115,0.0,1.0,171.00000000000009,0.5,Bb1,34,2,5,0.3799116611480713,False,0.6375651359558105,True,0.43756574392318726,False
1172,115,1.0,0.5,171.50000000000009,0.25,G4,67,1,1,0.610016405582428,True,0.6764942407608032,True,0.4511287808418274,False
1173,115,0.5,0.5,171.25000000000009,0.25,D4,62,1,1,0.6735458970069885,True,0.942385196685791,True,0.333832323551178,False
1174,115,1.0,1.0,171.50000000000009,0.5,Bb3,58,2,5,0.672603964805603,True,0.9578648805618286,True,0.3434264361858368,False
1175,115,2.0,0.5,172.00000000000009,0.25,G4,67,1,1,0.644425630569458,True,0.5111133456230164,True,0.3914041519165039,False
1176,115,1.5,0.5,171.75000000000009,0.25,D4,62,1,1,0.7406721711158752,True,0.8047904968261719,True,0.2753112316131592,False
1177,115,2.0,1.0,172.00000000000009,0.5,Bb2,46,2,5,0.42028138041496277,False,0.6530171632766724,True,0.4230879843235016,False
1178,115,3.0,0.5,172.50000000000009,0.25,G4,67,1,1,0.6043714284896851,True,0.5266961455345154,True,0.42780762910842896,False
1179,115,2.5,0.5,172.25000000000009,0.25,D4,62,1,1,0.5480664968490601,True,0.6574844717979431,True,0.29817891120910645,False
1180,116,0.5,0.5,172.75000000000009,0.25,C5,72,1,1,0.7766801118850708,True,0.25121229887008667,False,0.4181213974952698,False
1181,116,0.5,0.5,172.75000000000009,0.25,A4,69,1,1,0.8143032789230347,True,0.3851104974746704,False,0.411650687456131,False
1182,116,0.0,0.5,172.50000000000009,0.25,D4,62,1,1,0.7061801552772522,True,0.8243120908737183,True,0.27260735630989075,False
1183,116,1.0,1.0,173.00000000000009,0.5,F#2,42,2,5,0.11134354770183563,False,0.429636687040329,False,0.4092350900173187,False
1184,116,0.0,1.0,172.50000000000009,0.5,F#1,30,2,5,0.7063779234886169,True,0.809562623500824,True,0.41384580731391907,False
1185,116,1.0,0.5,173.00000000000009,0.25,C5,72,1,1,0.8251023888587952,True,0.33450254797935486,False,0.41967666149139404,False
1186,116,1.0,0.5,173.00000000000009,0.25,A4,69,1,1,0.7623643279075623,True,0.3098810911178589,False,0.3941671848297119,False
1187,116,0.5,0.5,172.75000000000009,0.25,D4,62,1,1,0.6690789461135864,True,0.7483586072921753,True,0.4413531720638275,False
1188,116,1.0,1.0,173.00000000000009,0.5,F#3,54,2,5,0.6771547198295593,True,0.8032214045524597,True,0.3647531569004059,False
1189,116,2.0,0.5,173.50000000000009,0.25,C5,72,1,1,0.8392511606216431,True,0.12056092917919159,False,0.4196048676967621,False
1190,116,2.0,0.5,173.50000000000009,0.25,A4,69,1,1,0.8643894791603088,True,0.23674796521663666,False,0.40379008650779724,False
1191,116,1.5,0.5,173.25000000000009,0.25,D4,62,1,1,0.6737390160560608,True,0.6648653149604797,True,0.25616443157196045,False
1192,116,2.0,1.0,173.50000000000009,0.5,F#2,42,2,5,0.07386568933725357,False,0.4099307954311371,False,0.40954211354255676,False
1193,116,3.0,0.5,174.00000000000009,0.25,C5,72,1,1,0.6394168734550476,True,0.2209482043981552,False,0.4040967524051666,False
1194,116,3.0,0.5,174.00000000000009,0.25,A4,69,1,1,0.6524711847305298,True,0.17776378989219666,False,0.403701514005661,False
1195,116,2.5,0.5,173.75000000000009,0.25,D4,62,1,1,0.5146725177764893,True,0.7827662825584412,True,0.2762705087661743,False
1196,117,0.5,0.5,174.25000000000009,0.25,Bb4,70,1,1,0.9661073684692383,True,0.836284875869751,True,0.6438635587692261,True
1197,117,0.5,0.5,174.25000000000009,0.25,G4,67,1,1,0.7958516478538513,True,0.6831782460212708,True,0.5260279178619385,True
1198,117,0.0,0.5,174.00000000000009,0.25,D4,62,1,1,0.789435625076294,True,0.8921341300010681,True,0.31729528307914734,False
1199,117,1.0,1.0,174.50000000000009,0.5,G2,43,2,5,0.5465474128723145,True,0.6924268007278442,True,0.5127812623977661,True
1200,117,0.0,1.0,174.00000000000009,0.5,G1,31,2,5,0.7108784317970276,True,0.703384518623352,True,0.4300720989704132,False
1201,117,1.0,0.5,174.50000000000009,0.25,Bb4,70,1,1,0.9256938695907593,True,0.8205299377441406,True,0.4369717240333557,False
1202,117,1.0,0.5,174.50000000000009,0.25,G4,67,1,1,0.6070729494094849,True,0.7951478362083435,True,0.3736410140991211,False
1203,117,0.5,0.5,174.25000000000009,0.25,D4,62,1,1,0.6192240118980408,True,0.8198481202125549,True,0.22970165312290192,False
1204,117,1.0,1.0,174.50000000000009,0.5,G3,55,2,5,0.6941210031509399,True,0.6951966285705566,True,0.4594362676143646,False
1205,117,2.0,0.5,175.00000000000009,0.25,Bb4,70,1,1,0.9483103156089783,True,0.5020075440406799,True,0.447494775056839,False
1206,117,2.0,0.5,175.00000000000009,0.25,G4,67,1,1,0.7337005138397217,True,0.6238195896148682,True,0.41803982853889465,False
1207,117,1.5,0.5,174.75000000000009,0.25,D4,62,1,1,0.7525019645690918,True,0.8242413997650146,True,0.44780999422073364,False
1208,117,2.0,1.0,175.00000000000009,0.5,G2,43,2,5,0.41571831703186035,False,0.629909873008728,True,0.43338289856910706,False
1209,117,3.0,0.5,175.50000000000009,0.25,Bb4,70,1,1,0.888623058795929,True,0.5273950099945068,True,0.4276588261127472,False
1210,117,3.0,0.5,175.50000000000009,0.25,G4,67,1,1,0.531328558921814,True,0.42187613248825073,False,0.40271642804145813,False
1211,117,2.5,0.5,175.25000000000009,0.25,D4,62,1,1,0.45883315801620483,False,0.6443711519241333,True,0.4049545228481293,False
1212,118,0.5,0.5,175.75000000000009,0.25,C#5,73,1,1,0.895651638507843,True,0.6772254109382629,True,0.28269216418266296,False
1213,118,0.5,0.5,175.75000000000009,0.25,Bb4,70,1,1,0.9331190586090088,True,0.7248645424842834,True,0.5056686997413635,True
1214,118,0.0,0.5,175.50000000000009,0.25,G4,67,1,1,0.7297706007957458,True,0.5591513514518738,True,0.44954028725624084,False
1215,118,1.0,1.0,176.00000000000009,0.5,E3,52,2,5,0.264396995306015,False,0.5298744440078735,True,0.41128402948379517,False
1216,118,0.0,1.0,175.50000000000009,0.5,E2,40,2,5,0.42428070306777954,False,0.5963648557662964,True,0.4032805860042572,False
1217,118,1.0,0.5,176.00000000000009,0.25,C#5,73,1,1,0.8543812036514282,True,0.7159716486930847,True,0.2438691258430481,False
1218,118,1.0,0.5,176.00000000000009,0.25,Bb4,70,1,1,0.8496876955032349,True,0.8381214141845703,True,0.4072116017341614,False
1219,118,0.5,0.5,175.75000000000009,0.25,G4,67,1,1,0.7061730623245239,True,0.7706055641174316,True,0.3569806218147278,False
1220,118,1.0,1.0,176.00000000000009,0.5,E4,64,2,5,0.615851104259491,True,0.663672924041748,True,0.5296404957771301,True
1221,118,2.0,0.5,176.50000000000009,0.25,C#5,73,1,1,0.8646638989448547,True,0.34112685918807983,False,0.3808710277080536,False
1222,118,2.0,0.5,176.50000000000009,0.25,Bb4,70,1,1,0.9181681275367737,True,0.7708517909049988,True,0.4808802604675293,False
1223,118,1.5,0.5,176.25000000000009,0.25,G4,67,1,1,0.6700052618980408,True,0.687239408493042,True,0.40832844376564026,False
1224,118,2.0,1.0,176.50000000000009,0.5,E3,52,2,5,0.4163484275341034,False,0.6183783411979675,True,0.4075010418891907,False
1225,118,3.0,0.5,177.00000000000009,0.25,C#5,73,1,1,0.7112683653831482,True,0.19665023684501648,False,0.3918536305427551,False
1226,118,3.0,0.5,177.00000000000009,0.25,Bb4,70,1,1,0.6779783368110657,True,0.36929789185523987,False,0.4046998918056488,False
1227,118,2.5,0.5,176.75000000000009,0.25,G4,67,1,1,0.7059931755065918,True,0.6634634733200073,True,0.4023381769657135,False
1228,119,0.5,0.5,177.25000000000009,0.25,D5,74,1,1,0.928311824798584,True,0.15636160969734192,False,0.4159136116504669,False
1229,119,0.0,0.5,177.00000000000009,0.25,A4,69,1,1,0.8303425908088684,True,0.7599658370018005,True,0.5012961626052856,True
1230,119,1.0,1.0,177.50000000000009,0.5,F3,53,2,5,0.37470701336860657,False,0.6434386968612671,True,0.4243372678756714,False
1231,119,0.0,1.0,177.00000000000009,0.5,F2,41,2,5,0.2747584581375122,False,0.5740984678268433,True,0.41843339800834656,False
1232,119,1.0,0.5,177.50000000000009,0.25,D5,74,1,1,0.830906093120575,True,0.09800772368907928,False,0.41221198439598083,False
1233,119,0.5,0.5,177.25000000000009,0.25,A4,69,1,1,0.7142053842544556,True,0.5919936299324036,True,0.5099897980690002,True
1234,119,1.0,1.0,177.50000000000009,0.5,F4,65,2,5,0.6537395715713501,True,0.8784821033477783,True,0.4196785092353821,False
1235,119,2.0,0.5,178.00000000000009,0.25,D5,74,1,1,0.8534024357795715,True,0.06585396826267242,False,0.4138127565383911,False
1236,119,1.5,0.5,177.75000000000009,0.25,A4,69,1,1,0.7928565144538879,True,0.3535234332084656,False,0.4128105342388153,False
1237,119,2.0,1.0,178.00000000000009,0.5,F3,53,2,5,0.2555863857269287,False,0.5677598714828491,True,0.4119203984737396,False
1238,119,3.0,0.5,178.50000000000009,0.25,D5,74,1,1,0.7606773972511292,True,0.06693761795759201,False,0.4111406207084656,False
1239,119,2.5,0.5,178.25000000000009,0.25,A4,69,1,1,0.5114030241966248,True,0.23105788230895996,False,0.405184805393219,False
1240,120,0.5,0.5,178.75000000000009,0.25,G5,79,1,1,0.9188526272773743,True,0.10988028347492218,False,0.4178842306137085,False
1241,120,0.5,0.5,178.75000000000009,0.25,E5,76,1,1,0.8825246095657349,True,0.10397648066282272,False,0.417170912027359,False
1242,120,0.0,0.5,178.50000000000009,0.25,A4,69,1,1,0.8614529967308044,True,0.5968096852302551,True,0.5285857915878296,True
1243,120,1.0,1.0,179.00000000000009,0.5,C#3,49,2,5,0.4457949697971344,False,0.6384049654006958,True,0.4012289345264435,False
1244,120,0.0,1.0,178.50000000000009,0.5,C#2,37,2,5,0.58914715051651,True,0.7183250784873962,True,0.4019005000591278,False
1245,120,1.0,0.5,179.00000000000009,0.25,G5,79,1,1,0.9130117893218994,True,0.07352600991725922,False,0.4188637137413025,False
1246,120,1.0,0.5,179.00000000000009,0.25,E5,76,1,1,0.5654752850532532,True,0.04879981279373169,False,0.41474661231040955,False
1247,120,0.5,0.5,178.75000000000009,0.25,A4,69,1,1,0.7271528244018555,True,0.34591028094291687,False,0.40815502405166626,False
1248,120,1.0,1.0,179.00000000000009,0.5,C#4,61,2,5,0.6220171451568604,True,0.79295414686203,True,0.3843115568161011,False
1249,120,2.0,0.5,179.50000000000009,0.25,G5,79,1,1,0.9300490617752075,True,0.035846468061208725,False,0.4187253415584564,False
1250,120,2.0,0.5,179.50000000000009,0.25,E5,76,1,1,0.7126526236534119,True,0.07110568881034851,False,0.4131346046924591,False
1251,120,1.5,0.5,179.25000000000009,0.25,A4,69,1,1,0.7334806323051453,True,0.26220768690109253,False,0.4086361527442932,False
1252,120,2.0,1.0,179.50000000000009,0.5,C#3,49,2,5,0.30044499039649963,False,0.5111108422279358,True,0.3903595507144928,False
1253,120,3.0,0.5,180.00000000000009,0.25,G5,79,1,1,0.811466634273529,True,0.01486190315335989,False,0.4181819558143616,False
1254,120,3.0,0.5,180.00000000000009,0.25,E5,76,1,1,0.5805429220199585,True,0.025116045027971268,False,0.4164596199989319,False
1255,120,2.5,0.5,179.75000000000009,0.25,A4,69,1,1,0.5685009360313416,True,0.24779795110225677,False,0.4003966748714447,False
1256,121,0.5,0.5,180.25000000000009,0.25,F5,77,1,1,0.825228214263916,True,0.15770597755908966,False,0.41939324140548706,False
1257,121,0.5,0.5,180.25000000000009,0.25,D5,74,1,1,0.8603976964950562,True,0.08098503202199936,False,0.4163212180137634,False
1258,121,0.0,0.5,180.00000000000009,0.25,A4,69,1,1,0.7766080498695374,True,0.46426719427108765,False,0.4065183103084564,False
1259,121,1.0,1.0,180.50000000000009,0.5,D3,50,2,5,0.4825552999973297,False,0.7208433747291565,True,0.42340806126594543,False
1260,121,0.0,1.0,180.00000000000009,0.5,D2,38,2,5,0.2777196764945984,False,0.5692561268806458,True,0.4196988344192505,False
1261,121,1.0,0.5,180.50000000000009,0.25,F5,77,1,1,0.7199466228485107,True,0.14313092827796936,False,0.41507411003112793,False
1262,121,1.0,0.5,180.50000000000009,0.25,D5,74,1,1,0.6742855310440063,True,0.06326360255479813,False,0.4162270724773407,False
1263,121,0.5,0.5,180.25000000000009,0.25,A4,69,1,1,0.588579535484314,True,0.4020170569419861,False,0.3979834020137787,False
1264,121,1.0,1.0,180.50000000000009,0.5,D4,62,2,5,0.6751064658164978,True,0.7858397364616394,True,0.43059641122817993,False
1265,121,2.0,0.5,181.00000000000009,0.25,F5,77,1,1,0.7491540312767029,True,0.05629708990454674,False,0.41718778014183044,False
1266,121,2.0,0.5,181.00000000000009,0.25,D5,74,1,1,0.7680471539497375,True,0.048266373574733734,False,0.417052686214447,False
1267,121,1.5,0.5,180.75000000000009,0.25,A4,69,1,1,0.6743777990341187,True,0.39466592669487,False,0.39821532368659973,False
1268,121,2.0,1.0,181.00000000000009,0.5,D3,50,2,5,0.47000059485435486,False,0.7009227871894836,True,0.40849047899246216,False
1269,121,3.0,0.5,181.50000000000009,0.25,F5,77,1,1,0.5470868349075317,True,0.02620585635304451,False,0.4167869985103607,False
1270,121,3.0,0.5,181.50000000000009,0.25,D5,74,1,1,0.5119206309318542,True,0.027379874140024185,False,0.4169315695762634,False
1271,121,2.5,0.5,181.25000000000009,0.25,A4,69,1,1,0.3302572965621948,False,0.5302393436431885,True,0.40215641260147095,False
1272,122,0.5,0.5,181.75000000000009,0.25,G#5,80,1,1,0.8919951915740967,True,0.2341999113559723,False,0.4236135482788086,False
1273,122,0.0,0.5,181.50000000000009,0.25,D5,74,1,1,0.8295855522155762,True,0.08423149585723877,False,0.41899099946022034,False
1274,122,1.0,1.0,182.00000000000009,0.5,Bb2,46,2,5,0.47887054085731506,False,0.6789805889129639,True,0.4263489246368408,False
1275,122,0.0,1.0,181.50000000000009,0.5,Bb1,34,2,5,0.597892701625824,True,0.7330807447433472,True,0.43719029426574707,False
1276,122,1.0,0.5,182.00000000000009,0.25,G#5,80,1,1,0.6977068185806274,True,0.09066106379032135,False,0.41645970940589905,False
1277,122,0.5,0.5,181.75000000000009,0.25,D5,74,1,1,0.7208552360534668,True,0.07800683379173279,False,0.4171486794948578,False
1278,122,1.0,1.0,182.00000000000009,0.5,Bb3,58,2,5,0.38217851519584656,False,0.6188462972640991,True,0.41984352469444275,False
1279,122,2.0,0.5,182.50000000000009,0.25,G#5,80,1,1,0.6808516383171082,True,0.10259225219488144,False,0.4152953028678894,False
1280,122,1.5,0.5,182.25000000000009,0.25,D5,74,1,1,0.7682759761810303,True,0.050491444766521454,False,0.417403906583786,False
1281,122,2.0,1.0,182.50000000000009,0.5,Bb2,46,2,5,0.49715656042099,False,0.6998597979545593,True,0.4264655113220215,False
1282,122,3.0,0.5,183.00000000000009,0.25,G#5,80,1,1,0.46309220790863037,False,0.5702629685401917,True,0.4032254219055176,False
1283,122,2.5,0.5,182.75000000000009,0.25,D5,74,1,1,0.7103724479675293,True,0.03739552199840546,False,0.41617247462272644,False
1284,123,0.5,0.5,183.25000000000009,0.25,A5,81,1,1,0.8344048857688904,True,0.03149914741516113,False,0.41824468970298767,False
1285,123,0.0,0.5,183.00000000000009,0.25,C#5,73,1,1,0.6030617952346802,True,0.13569611310958862,False,0.39926770329475403,False
1286,123,0.0,1.0,183.00000000000009,0.5,A2,45,2,5,0.22594404220581055,False,0.47684869170188904,False,0.4143647849559784,False
1287,123,1.0,0.5,183.50000000000009,0.25,A5,81,1,1,0.8548310995101929,True,0.021843384951353073,False,0.4187791049480438,False
1288,123,0.5,0.5,183.25000000000009,0.25,F5,77,1,1,0.7133580446243286,True,0.05159781873226166,False,0.41533827781677246,False
1289,123,1.5,0.5,183.75000000000009,0.25,G5,79,1,1,0.6977349519729614,True,0.006115710828453302,False,0.41905349493026733,False
1290,123,1.0,0.5,183.50000000000009,0.25,E5,76,1,1,0.7013614177703857,True,0.041910767555236816,False,0.41486939787864685,False
1291,123,2.0,0.5,184.00000000000009,0.25,F5,77,1,1,0.7576507925987244,True,0.039117105305194855,False,0.4163380563259125,False
1292,123,1.5,0.5,183.75000000000009,0.25,D5,74,1,1,0.8195933699607849,True,0.05927193537354469,False,0.41472238302230835,False
1293,123,2.5,0.5,184.25000000000009,0.25,E5,76,1,1,0.6832242012023926,True,0.03552066907286644,False,0.41614341735839844,False
1294,123,2.0,0.5,184.00000000000009,0.25,C#5,73,1,1,0.6093220710754395,True,0.11104924231767654,False,0.40385398268699646,False
1295,123,3.0,0.5,184.50000000000009,0.25,F5,77,1,1,0.8031176328659058,True,0.04896286502480507,False,0.41521695256233215,False
1296,123,2.5,0.5,184.25000000000009,0.25,D5,74,1,1,0.7828565239906311,True,0.05679982528090477,False,0.4133305847644806,False
1297,123,2.5,0.5,184.25000000000009,0.25,G#4,68,2,5,0.42632415890693665,False,0.5579009652137756,True,0.4085088074207306,False
1298,124,0.5,0.5,184.75000000000009,0.25,E5,76,1,1,0.877280592918396,True,0.09946553409099579,False,0.4117790460586548,False
1299,124,0.0,0.5,184.50000000000009,0.25,C#5,73,1,1,0.6746397018432617,True,0.07497388124465942,False,0.4069743752479553,False
1300,124,0.0,1.0,184.50000000000009,0.5,A4,69,2,5,0.7401072382926941,True,0.28089332580566406,False,0.409898579120636,False
1301,124,1.0,0.5,185.00000000000009,0.25,A4,69,1,1,0.816265881061554,True,0.31917744874954224,False,0.41097262501716614,False
1302,124,0.5,0.5,184.75000000000009,0.25,F4,65,1,1,0.5037736892700195,True,0.49787700176239014,False,0.39109280705451965,False
1303,124,1.5,0.5,185.25000000000009,0.25,G4,67,1,1,0.7725836038589478,True,0.5010510683059692,True,0.5579344630241394,True
1304,124,1.0,0.5,185.00000000000009,0.25,E4,64,1,1,0.35932379961013794,False,0.5807514786720276,True,0.40842777490615845,False
1305,124,2.0,0.5,185.50000000000009,0.25,F4,65,1,1,0.6199493408203125,True,0.6896868348121643,True,0.3795773684978485,False
1306,124,1.5,0.5,185.25000000000009,0.25,D4,62,1,1,0.6263361573219299,True,0.8877080082893372,True,0.516202986240387,True
1307,124,2.5,0.5,185.75000000000009,0.25,E4,64,1,1,0.44739124178886414,False,0.6446923613548279,True,0.40602314472198486,False
1308,124,2.0,0.5,185.50000000000009,0.25,C#4,61,1,1,0.6977190971374512,True,0.6326695084571838,True,0.5445131659507751,True
1309,124,3.0,0.5,186.00000000000009,0.25,F4,65,1,1,0.6629043221473694,True,0.48621562123298645,False,0.3963986039161682,False
1310,124,2.5,0.5,185.75000000000009,0.25,D4,62,1,1,0.678779125213623,True,0.797883927822113,True,0.4578648507595062,False
1311,124,2.5,0.5,185.75000000000009,0.25,G#3,56,2,5,0.4579695463180542,False,0.6397066712379456,True,0.4130591154098511,False
1312,125,0.5,0.5,186.25000000000009,0.25,E4,64,1,1,0.5153390765190125,True,0.1598903089761734,False,0.4073167145252228,False
1313,125,0.0,0.5,186.00000000000009,0.25,C#4,61,1,1,0.7005124092102051,True,0.5846327543258667,True,0.45086535811424255,False
1314,125,0.0,0.5,186.00000000000009,0.25,A3,57,2,5,0.3486953675746918,False,0.534346878528595,True,0.40872347354888916,False
1315,125,1.0,0.5,186.50000000000009,0.25,F4,65,1,1,0.6479495763778687,True,0.4868079125881195,False,0.3964664340019226,False
1316,125,0.5,0.5,186.25000000000009,0.25,D4,62,1,1,0.6685611605644226,True,0.7546090483665466,True,0.447733998298645,False
1317,125,0.5,0.5,186.25000000000009,0.25,G#3,56,2,5,0.42381078004837036,False,0.6124294996261597,True,0.412637323141098,False
1318,125,1.5,0.5,186.75000000000009,0.25,E4,64,1,1,0.5510984063148499,True,0.18525291979312897,False,0.4035337567329407,False
1319,125,1.0,0.5,186.50000000000009,0.25,C#4,61,1,1,0.6660662889480591,True,0.6028811931610107,True,0.47704851627349854,False
1320,125,1.0,0.5,186.50000000000009,0.25,A3,57,2,5,0.397040456533432,False,0.5724767446517944,True,0.4083959758281708,False
1321,125,2.0,0.5,187.00000000000009,0.25,F4,65,1,1,0.6467068791389465,True,0.6362580060958862,True,0.3554571866989136,False
1322,125,1.5,0.5,186.75000000000009,0.25,D4,62,1,1,0.6742360591888428,True,0.800971269607544,True,0.46007469296455383,False
1323,125,1.5,0.5,186.75000000000009,0.25,G#3,56,2,5,0.42513081431388855,False,0.6153579354286194,True,0.4140016734600067,False
1324,125,2.5,0.5,187.25000000000009,0.25,E4,64,1,1,0.6149349808692932,True,0.3938458263874054,False,0.3860698640346527,False
1325,125,2.0,0.5,187.00000000000009,0.25,C#4,61,1,1,0.7404139637947083,True,0.6133898496627808,True,0.45400065183639526,False
1326,125,2.0,0.5,187.00000000000009,0.25,A3,57,2,5,0.3282587230205536,False,0.5290544033050537,True,0.4064297378063202,False
1327,125,3.0,0.5,187.50000000000009,0.25,F4,65,1,1,0.6867140531539917,True,0.6025919318199158,True,0.41201913356781006,False
1328,125,2.5,0.5,187.25000000000009,0.25,D4,62,1,1,0.735742449760437,True,0.8080630898475647,True,0.4258023202419281,False
1329,125,2.5,0.5,187.25000000000009,0.25,G#3,56,2,5,0.5695381760597229,True,0.7340525984764099,True,0.5155394673347473,True
1330,126,1.0,1.0,188.00000000000009,0.5,E4,64,1,1,0.7383024096488953,True,0.49268391728401184,False,0.4092141091823578,False
1331,126,0.0,1.0,187.50000000000009,0.5,C#4,61,1,1,0.7008947134017944,True,0.6504971385002136,True,0.411917507648468,False
1332,126,0.0,1.0,187.50000000000009,0.5,A3,57,2,5,0.601061999797821,True,0.6628767251968384,True,0.2886546552181244,False
1333,127,0.5,0.5,189.25000000000009,0.25,E4,64,1,1,0.48329290747642517,False,0.6687139272689819,True,0.41341474652290344,False
1334,127,0.0,0.5,189.00000000000009,0.25,C4,60,1,1,0.38703247904777527,False,0.5465526580810547,True,0.41374921798706055,False
1335,127,0.0,0.5,189.00000000000009,0.25,A3,57,2,5,0.3475007116794586,False,0.5464557409286499,True,0.40707284212112427,False
1336,127,1.0,0.5,189.50000000000009,0.25,F4,65,1,1,0.5769520998001099,True,0.5067013502120972,True,0.2773795425891876,False
1337,127,0.5,0.5,189.25000000000009,0.25,D4,62,1,1,0.6766757369041443,True,0.8002846240997314,True,0.39596226811408997,False
1338,127,0.5,0.5,189.25000000000009,0.25,G#3,56,2,5,0.35369986295700073,False,0.5747966766357422,True,0.4122812747955322,False
1339,127,1.5,0.5,189.75000000000009,0.25,E4,64,1,1,0.530737578868866,True,0.1786092221736908,False,0.40391337871551514,False
1340,127,1.0,0.5,189.50000000000009,0.25,C4,60,1,1,0.4427856504917145,False,0.5612518787384033,True,0.4082801938056946,False
1341,127,1.0,0.5,189.50000000000009,0.25,A3,57,2,5,0.4093450903892517,False,0.5647633671760559,True,0.4030083417892456,False
1342,127,2.0,0.5,190.00000000000009,0.25,F4,65,1,1,0.7372644543647766,True,0.716974675655365,True,0.3509189784526825,False
1343,127,1.5,0.5,189.75000000000009,0.25,D4,62,1,1,0.6461679339408875,True,0.7159121036529541,True,0.37111377716064453,False
1344,127,1.5,0.5,189.75000000000009,0.25,G#3,56,2,5,0.39582139253616333,False,0.5916576385498047,True,0.41156473755836487,False
1345,127,2.5,0.5,190.25000000000009,0.25,E4,64,1,1,0.5117714405059814,True,0.30688273906707764,False,0.3905455470085144,False
1346,127,2.0,0.5,190.00000000000009,0.25,C4,60,1,1,0.49220120906829834,False,0.5864155888557434,True,0.41229724884033203,False
1347,127,2.0,0.5,190.00000000000009,0.25,A3,57,2,5,0.4570893943309784,False,0.5775904655456543,True,0.3986680507659912,False
1348,127,3.0,0.5,190.50000000000009,0.25,F4,65,1,1,0.7737824320793152,True,0.6268545985221863,True,0.296141654253006,False
1349,127,2.5,0.5,190.25000000000009,0.25,D4,62,1,1,0.6863781809806824,True,0.7757535576820374,True,0.3030855357646942,False
1350,127,2.5,0.5,190.25000000000009,0.25,G#3,56,2,5,0.19677971303462982,False,0.46377018094062805,False,0.4123859405517578,False
1351,128,1.0,1.0,191.00000000000009,0.5,E4,64,1,1,0.6333636045455933,True,0.4424087703227997,False,0.38643908500671387,False
1352,128,0.0,1.0,190.50000000000009,0.5,C4,60,1,1,0.5101422667503357,True,0.8809943795204163,True,0.25720757246017456,False
1353,128,0.0,1.0,190.50000000000009,0.5,A3,57,2,5,0.5659618377685547,True,0.6443002820014954,True,0.3241923451423645,False
1354,129,0.0,0.5,192.00000000000009,0.25,E4,64,1,1,0.532052218914032,True,0.2080412656068802,False,0.3992541432380676,False
1355,129,3.0,4.0,193.50000000000009,2.0,C4,60,1,5,0.43379828333854675,False,0.637126624584198,True,0.452543169260025,False
1356,129,0.0,4.0,192.00000000000009,2.0,Bb3,58,1,5,0.6183465719223022,True,0.976249098777771,True,0.5280462503433228,True
1357,129,0.0,0.5,192.00000000000009,0.25,G3,55,2,6,0.6145176887512207,True,0.5741100311279297,True,0.46149420738220215,False
1358,129,0.5,0.5,192.25000000000009,0.25,F4,65,1,1,0.6149843335151672,True,0.6495301723480225,True,0.6179699897766113,True
1359,129,0.5,0.5,192.25000000000009,0.25,A3,57,2,6,0.5585500001907349,True,0.7367149591445923,True,0.4151865839958191,False
1360,129,1.0,0.5,192.50000000000009,0.25,E4,64,1,1,0.40328511595726013,False,0.6014842391014099,True,0.4020063579082489,False
1361,129,1.0,0.5,192.50000000000009,0.25,G3,55,2,6,0.7627284526824951,True,0.8520717620849609,True,0.545291543006897,True
1362,129,1.5,0.5,192.75000000000009,0.25,F4,65,1,1,0.6468766331672668,True,0.7869447469711304,True,0.641887903213501,True
1363,129,1.5,0.5,192.75000000000009,0.25,A3,57,2,6,0.5957620739936829,True,0.5898942947387695,True,0.4350472390651703,False
1364,129,2.0,0.5,193.00000000000009,0.25,E4,64,1,1,0.4300724267959595,False,0.6026766300201416,True,0.4015175402164459,False
1365,129,2.0,0.5,193.00000000000009,0.25,G3,55,2,6,0.7393092513084412,True,0.6375144720077515,True,0.5149425268173218,True
1366,129,2.5,0.5,193.25000000000009,0.25,F4,65,1,1,0.6153419017791748,True,0.6697332262992859,True,0.6122613549232483,True
1367,129,2.5,0.5,193.25000000000009,0.25,A3,57,2,6,0.6365182399749756,True,0.584879457950592,True,0.3958783745765686,False
1368,130,0.0,1.0,193.50000000000009,0.5,E4,64,1,1,0.3666152060031891,False,0.5704901218414307,True,0.4058653712272644,False
1369,130,0.0,1.0,193.50000000000009,0.5,G3,55,2,6,0.7421050667762756,True,0.8314669728279114,True,0.5236362814903259,True
1370,131,0.0,0.5,195.00000000000009,0.25,Bb5,82,1,1,0.9235796332359314,True,0.0799298882484436,False,0.41623222827911377,False
1371,131,0.0,4.0,195.00000000000009,2.0,E5,76,1,5,0.9274477362632751,True,0.13265830278396606,False,0.418758362531662,False
1372,131,0.0,0.5,195.00000000000009,0.25,G4,67,2,6,0.8454515933990479,True,0.6174373626708984,True,0.4094231128692627,False
1373,131,0.0,4.0,195.00000000000009,2.0,C4,60,2,7,0.34618595242500305,False,0.5779255628585815,True,0.43691426515579224,False
1374,131,0.5,0.5,195.25000000000009,0.25,A5,81,1,1,0.8473101854324341,True,0.02015649899840355,False,0.41961470246315,False
1375,131,0.5,0.5,195.25000000000009,0.25,F#4,66,2,6,0.21404531598091125,False,0.4904586672782898,False,0.4068669080734253,False
1376,131,1.0,0.5,195.50000000000009,0.25,Bb5,82,1,1,0.7124821543693542,True,0.02492525428533554,False,0.4175698459148407,False
1377,131,1.0,0.5,195.50000000000009,0.25,G4,67,2,6,0.8834626078605652,True,0.5693321824073792,True,0.40268251299858093,False
1378,131,1.5,0.5,195.75000000000009,0.25,A5,81,1,1,0.7604591250419617,True,0.015575939789414406,False,0.41937312483787537,False
1379,131,1.5,0.5,195.75000000000009,0.25,F#4,66,2,6,0.3477485775947571,False,0.5547195672988892,True,0.4019731879234314,False
1380,131,2.0,0.5,196.00000000000009,0.25,Bb5,82,1,1,0.7559465169906616,True,0.026078367605805397,False,0.41724300384521484,False
1381,131,2.0,0.5,196.00000000000009,0.25,G4,67,2,6,0.8855264782905579,True,0.5319398641586304,True,0.3906075060367584,False
1382,131,2.5,0.5,196.25000000000009,0.25,A5,81,1,1,0.7756192684173584,True,0.026035649701952934,False,0.4191462993621826,False
1383,131,2.5,0.5,196.25000000000009,0.25,F#4,66,2,6,0.44963565468788147,False,0.5613948106765747,True,0.39960527420043945,False
1384,132,0.0,1.0,196.50000000000009,0.5,Bb5,82,1,1,0.7344313859939575,True,0.02673502266407013,False,0.41809526085853577,False
1385,132,0.0,1.0,196.50000000000009,0.5,G4,67,2,6,0.8939698338508606,True,0.4536861479282379,False,0.4322570264339447,False
1386,133,0.0,2.0,198.00000000000009,1.0,F4,65,1,1,0.5404399633407593,True,0.621571958065033,True,0.45161035656929016,False
1387,133,0.0,0.5,198.00000000000009,0.25,F3,53,2,6,0.38963398337364197,False,0.6581735610961914,True,0.41697338223457336,False
1388,133,0.5,0.5,198.25000000000009,0.25,A3,57,2,6,0.5229480266571045,True,0.5442489385604858,True,0.3820686638355255,False
1389,133,1.0,0.5,198.50000000000009,0.25,C4,60,2,6,0.28345343470573425,False,0.48716267943382263,False,0.4101977050304413,False
1390,133,1.5,0.5,198.75000000000009,0.25,A3,57,2,6,0.5210217237472534,True,0.4986054599285126,False,0.38636255264282227,False
1391,133,2.0,1.0,199.00000000000009,0.5,A4,69,1,1,0.7544623613357544,True,0.5786399245262146,True,0.38738304376602173,False
1392,133,2.0,0.5,199.00000000000009,0.25,C4,60,2,6,0.24788470566272736,False,0.46941882371902466,False,0.41025078296661377,False
1393,133,2.5,0.5,199.25000000000009,0.25,A3,57,2,6,0.6097701191902161,True,0.7071961760520935,True,0.3864627182483673,False
1394,134,0.0,2.0,199.50000000000009,1.0,C5,72,1,1,0.8298726081848145,True,0.32426774501800537,False,0.4339834153652191,False
1395,134,0.0,0.5,199.50000000000009,0.25,F3,53,2,6,0.2816942036151886,False,0.5529280304908752,True,0.40752464532852173,False
1396,134,0.5,0.5,199.75000000000009,0.25,C4,60,2,6,0.19846145808696747,False,0.4480697214603424,False,0.4096932113170624,False
1397,134,1.0,0.5,200.00000000000009,0.25,Eb4,63,2,6,0.5441335439682007,True,0.7636570334434509,True,0.49236398935317993,False
1398,134,1.5,0.5,200.25000000000009,0.25,C4,60,2,6,0.2115912139415741,False,0.46282750368118286,False,0.4097587764263153,False
1399,134,2.0,1.0,200.50000000000009,0.5,A4,69,1,1,0.6422419548034668,True,0.365821897983551,False,0.39780232310295105,False
1400,134,2.0,0.5,200.50000000000009,0.25,Eb4,63,2,6,0.6133468151092529,True,0.7242556214332581,True,0.463126003742218,False
1401,134,2.5,0.5,200.75000000000009,0.25,C4,60,2,6,0.4965694844722748,False,0.618830144405365,True,0.41612547636032104,False
1402,135,0.0,2.0,201.00000000000009,1.0,Bb4,70,1,1,0.6528293490409851,True,0.5375897288322449,True,0.501436173915863,True
1403,135,0.0,0.5,201.00000000000009,0.25,F3,53,2,6,0.3399401009082794,False,0.5856503248214722,True,0.4076131582260132,False
1404,135,0.5,0.5,201.25000000000009,0.25,Bb3,58,2,6,0.5432255268096924,True,0.7457361221313477,True,0.390362948179245,False
1405,135,1.0,0.5,201.50000000000009,0.25,D4,62,2,6,0.7123965620994568,True,0.7842464447021484,True,0.43487629294395447,False
1406,135,1.5,0.5,201.75000000000009,0.25,Bb3,58,2,6,0.5185374021530151,True,0.6508099436759949,True,0.3345458209514618,False
1407,135,2.0,1.0,202.00000000000009,0.5,G5,79,1,1,0.9151381254196167,True,0.014154789038002491,False,0.419043630361557,False
1408,135,2.0,0.5,202.00000000000009,0.25,D4,62,2,6,0.7336309552192688,True,0.8321876525878906,True,0.41942545771598816,False
1409,135,2.5,0.5,202.25000000000009,0.25,Bb3,58,2,6,0.6719785928726196,True,0.8111944198608398,True,0.29467344284057617,False
1410,136,0.0,0.5,202.50000000000009,0.25,F5,77,1,1,0.8320758938789368,True,0.04926387220621109,False,0.4160780608654022,False
1411,136,0.0,0.5,202.50000000000009,0.25,F3,53,2,6,0.39746174216270447,False,0.6346904039382935,True,0.41321054100990295,False
1412,136,0.5,0.5,202.75000000000009,0.25,E5,76,1,1,0.766115128993988,True,0.03383248299360275,False,0.4172394275665283,False
1413,136,0.5,0.5,202.75000000000009,0.25,G3,55,2,6,0.4898238182067871,False,0.6420432925224304,True,0.43311911821365356,False
1414,136,1.0,1.0,203.00000000000009,0.5,E5,76,1,1,0.7969962358474731,True,0.09289202839136124,False,0.4128984212875366,False
1415,136,1.0,0.5,203.00000000000009,0.25,Bb3,58,2,6,0.8105713129043579,True,0.8898981213569641,True,0.3286344110965729,False
1416,136,1.5,0.5,203.25000000000009,0.25,G3,55,2,6,0.3809652328491211,False,0.5906081199645996,True,0.42364224791526794,False
1417,136,2.0,0.5,203.50000000000009,0.25,Bb3,58,2,6,0.8215089440345764,True,0.8268596529960632,True,0.34949132800102234,False
1418,136,2.5,0.5,203.75000000000009,0.25,G3,55,2,6,0.42210695147514343,False,0.6107024550437927,True,0.42897069454193115,False
1419,137,0.0,1.0,204.00000000000009,0.5,F5,77,1,1,0.8880739212036133,True,0.07162071019411087,False,0.4145458936691284,False
1420,137,1.0,1.0,204.50000000000009,0.5,A3,57,2,6,0.745049238204956,True,0.6801277995109558,True,0.3680818974971771,False
1421,137,0.0,1.0,204.00000000000009,0.5,F3,53,2,6,0.40109625458717346,False,0.6330834031105042,True,0.41923052072525024,False
1422,137,1.0,1.0,204.50000000000009,0.5,A4,69,1,1,0.58188796043396,True,0.34803158044815063,False,0.3980647623538971,False
1423,137,2.0,1.0,205.00000000000009,0.5,D5,74,1,1,0.8745637536048889,True,0.0576806515455246,False,0.41689351201057434,False
1424,138,0.0,1.0,205.50000000000009,0.5,G4,67,1,1,0.6829017400741577,True,0.31782078742980957,False,0.4112786650657654,False
1425,138,1.0,1.5,206.00000000000009,0.75,C5,72,1,1,0.7288544774055481,True,0.11451703310012817,False,0.41866594552993774,False
1426,138,2.5,0.5,206.75000000000009,0.25,A4,69,1,1,0.8093530535697937,True,0.569807231426239,True,0.39383384585380554,False
1427,139,0.0,4.0,207.00000000000009,2.0,F4,65,1,1,0.48332488536834717,False,0.7313626408576965,True,0.4227045774459839,False
1428,139,0.0,1.0,207.00000000000009,0.5,F3,53,2,6,0.5216444134712219,True,0.7694951891899109,True,0.4041237533092499,False
1429,139,1.0,1.0,207.50000000000009,0.5,A2,45,2,6,0.15970838069915771,False,0.4521518647670746,False,0.4119529724121094,False
1430,139,2.0,1.0,208.00000000000009,0.5,D3,50,2,6,0.648462176322937,True,0.7279660701751709,True,0.4615139663219452,False
1431,140,0.0,3.0,208.50000000000009,1.5,G4,67,1,5,0.7116379737854004,True,0.4110829532146454,False,0.42482972145080566,False
1432,140,0.0,1.0,208.50000000000009,0.5,G2,43,2,6,0.4903993308544159,False,0.6465772986412048,True,0.43144503235816956,False
1433,140,1.0,0.5,209.00000000000009,0.25,E4,64,1,1,0.3505035936832428,False,0.5815910696983337,True,0.40744349360466003,False
1434,140,1.0,1.5,209.00000000000009,0.75,C3,48,2,6,0.6659467816352844,True,0.7541097402572632,True,0.33323267102241516,False
1435,140,1.5,0.5,209.25000000000009,0.25,D4,62,1,1,0.755710244178772,True,0.8625459671020508,True,0.40278351306915283,False
1436,140,2.0,1.0,209.50000000000009,0.5,E4,64,1,1,0.4915994703769684,False,0.6628623604774475,True,0.409297913312912,False
1437,140,2.5,0.5,209.75000000000009,0.25,A2,45,2,6,0.12455964833498001,False,0.4277348816394806,False,0.40965235233306885,False
1438,141,0.0,1.0,210.00000000000009,0.5,A4,69,1,5,0.8157408237457275,True,0.25703221559524536,False,0.400770366191864,False
1439,141,0.0,3.0,210.00000000000009,1.5,F4,65,1,1,0.4593145251274109,False,0.6863067746162415,True,0.41914546489715576,False
1440,141,0.0,1.0,210.00000000000009,0.5,F2,41,2,6,0.23988303542137146,False,0.5508217811584473,True,0.41584697365760803,False
1441,141,1.0,1.0,210.50000000000009,0.5,Bb4,70,1,5,0.6907709240913391,True,0.28428176045417786,False,0.42123809456825256,False
1442,141,1.0,1.0,210.50000000000009,0.5,D3,50,2,6,0.6191869974136353,True,0.6009734869003296,True,0.258622407913208,False
1443,141,2.0,1.0,211.00000000000009,0.5,D5,74,1,5,0.8663196563720703,True,0.020293282344937325,False,0.4180820882320404,False
1444,141,2.0,1.0,211.00000000000009,0.5,Bb2,46,2,6,0.34645000100135803,False,0.6214043498039246,True,0.4255453646183014,False
1445,142,0.0,0.5,211.50000000000009,0.25,D5,74,1,5,0.9200182557106018,True,0.035874370485544205,False,0.4172520935535431,False
1446,142,0.0,1.0,211.50000000000009,0.5,F4,65,1,1,0.3439807891845703,False,0.5779862999916077,True,0.403292715549469,False
1447,142,0.0,1.0,211.50000000000009,0.5,A2,45,2,6,0.17032422125339508,False,0.456040620803833,False,0.4128005802631378,False
1448,142,0.5,0.5,211.75000000000009,0.25,C5,72,1,5,0.6388132572174072,True,0.07210595160722733,False,0.41668498516082764,False
1449,142,1.0,0.5,212.00000000000009,0.25,Bb4,70,1,5,0.6198002099990845,True,0.23250684142112732,False,0.40851256251335144,False
1450,142,1.5,0.5,212.25000000000009,0.25,A4,69,1,5,0.7694728970527649,True,0.35930147767066956,False,0.3959776759147644,False
1451,142,2.0,0.5,212.50000000000009,0.25,G4,67,1,5,0.567263126373291,True,0.5518838763237,True,0.5097076892852783,True
1452,142,2.0,1.0,212.50000000000009,0.5,D3,50,2,6,0.6508211493492126,True,0.7694699764251709,True,0.2421114295721054,False
1453,142,2.5,0.5,212.75000000000009,0.25,F4,65,1,5,0.576981246471405,True,0.6453995704650879,True,0.5332099199295044,True
1454,143,0.0,1.0,213.00000000000009,0.5,G4,67,1,1,0.5906445384025574,True,0.6000033020973206,True,0.4285338222980499,False
1455,143,0.0,1.0,213.00000000000009,0.5,Bb2,46,2,6,0.667312741279602,True,0.7310354113578796,True,0.46900519728660583,False
1456,143,1.0,1.0,213.50000000000009,0.5,Bb4,70,1,1,0.6401390433311462,True,0.35838985443115234,False,0.4048994481563568,False
1457,143,3.0,1.0,214.50000000000009,0.5,E4,64,1,1,0.6019552946090698,True,0.5401567816734314,True,0.5131443738937378,True
1458,143,2.0,1.0,214.00000000000009,0.5,Bb3,58,1,1,0.7801033854484558,True,0.7740636467933655,True,0.40274906158447266,False
1459,143,2.0,1.0,214.00000000000009,0.5,C3,48,2,6,0.3220108151435852,False,0.5120880603790283,True,0.4214322865009308,False
1460,144,1.0,1.0,215.00000000000009,0.5,F4,65,1,1,0.5489724278450012,True,0.7309014797210693,True,0.4009479284286499,False
1461,144,0.0,1.0,214.50000000000009,0.5,A3,57,1,1,0.5194136500358582,True,0.4532923698425293,False,0.3971123695373535,False
1462,144,0.0,1.0,214.50000000000009,0.5,F2,41,2,6,0.2723492980003357,False,0.5529629588127136,True,0.416486918926239,False
1463,144,2.0,0.75,215.50000000000009,0.375,C6,84,1,1,0.921501636505127,True,0.10873084515333176,False,0.4204592704772949,False
1464,144,2.75,0.75,215.87500000000009,0.375,C5,72,2,6,0.6944397687911987,True,0.2563636004924774,False,0.42114385962486267,False
1465,144,2.0,0.75,215.50000000000009,0.375,A4,69,2,6,0.673612117767334,True,0.4973040223121643,False,0.3868173658847809,False
1466,144,2.75,0.25,215.87500000000009,0.125,Bb5,82,1,1,0.6648918390274048,True,0.01925024949014187,False,0.41763556003570557,False
1467,144,2.75,0.25,215.87500000000009,0.125,G4,67,2,6,0.5485312938690186,True,0.5570201277732849,True,0.44349417090415955,False
1468,145,0.0,1.0,216.00000000000009,0.5,A5,81,1,1,0.8624258041381836,True,0.05698129162192345,False,0.4179665148258209,False
1469,145,1.0,1.0,216.50000000000009,0.5,A4,69,2,6,0.7290698289871216,True,0.537827730178833,True,0.39313745498657227,False
1470,145,0.0,1.0,216.00000000000009,0.5,F4,65,2,6,0.40482839941978455,False,0.6322207450866699,True,0.405943900346756,False
1471,145,1.0,1.0,216.50000000000009,0.5,A5,81,1,1,0.863288402557373,True,0.05939985439181328,False,0.41680121421813965,False
1472,145,2.0,1.0,217.00000000000009,0.5,A4,69,2,6,0.7251118421554565,True,0.4902450144290924,False,0.38252678513526917,False
1473,145,1.0,1.0,216.50000000000009,0.5,F4,65,2,6,0.4045809507369995,False,0.6281097531318665,True,0.40432292222976685,False
1474,145,2.0,0.75,217.00000000000009,0.375,A5,81,1,1,0.8683440089225769,True,0.05939699336886406,False,0.4166685938835144,False
1475,145,2.75,0.75,217.37500000000009,0.375,A4,69,2,6,0.7326866984367371,True,0.46502816677093506,False,0.3820812702178955,False
1476,145,2.0,0.75,217.00000000000009,0.375,F4,65,2,6,0.41973045468330383,False,0.630132257938385,True,0.40512827038764954,False
1477,145,2.75,0.25,217.37500000000009,0.125,G5,79,1,1,0.9519219994544983,True,0.03665478155016899,False,0.4170570969581604,False
1478,145,3.0,0.25,217.50000000000009,0.125,G4,67,2,6,0.6084371209144592,True,0.504825234413147,True,0.4055325984954834,False
1479,145,2.75,0.25,217.37500000000009,0.125,C4,60,2,6,0.4681592285633087,False,0.5881410241127014,True,0.4156586825847626,False
1480,146,0.0,1.0,217.50000000000009,0.5,F5,77,1,1,0.8745353817939758,True,0.08737866580486298,False,0.4125198721885681,False
1481,146,1.0,1.0,218.00000000000009,0.5,F4,65,2,6,0.46498167514801025,False,0.6627604365348816,True,0.40907323360443115,False
1482,146,0.0,1.0,217.50000000000009,0.5,A3,57,2,6,0.3982142210006714,False,0.5464873313903809,True,0.4033655524253845,False
1483,146,1.0,1.0,218.00000000000009,0.5,F5,77,1,1,0.8583593964576721,True,0.10706514120101929,False,0.41208335757255554,False
1484,146,2.0,1.0,218.50000000000009,0.5,F4,65,2,6,0.48193737864494324,False,0.6648933291435242,True,0.40714436769485474,False
1485,146,1.0,1.0,218.00000000000009,0.5,A3,57,2,6,0.42815274000167847,False,0.5517438650131226,True,0.40419822931289673,False
1486,146,2.0,1.0,218.50000000000009,0.5,F5,77,1,1,0.8279706835746765,True,0.07784321904182434,False,0.4135039448738098,False
1487,146,3.0,1.0,219.00000000000009,0.5,F4,65,2,6,0.3855169415473938,False,0.614478588104248,True,0.4072013199329376,False
1488,146,2.0,1.0,218.50000000000009,0.5,A3,57,2,6,0.34395498037338257,False,0.5236434936523438,True,0.40580663084983826,False
1489,147,1.0,1.0,219.50000000000009,0.5,G5,79,1,1,0.9582141041755676,True,0.08980366587638855,False,0.41773438453674316,False
1490,147,0.0,1.0,219.00000000000009,0.5,E5,76,1,1,0.8704560995101929,True,0.056571949273347855,False,0.4159186780452728,False
1491,147,1.0,1.0,219.50000000000009,0.5,G4,67,2,6,0.5549667477607727,True,0.5256544947624207,True,0.42320796847343445,False
1492,147,0.0,1.0,219.00000000000009,0.5,C4,60,2,6,0.44165632128715515,False,0.5895848274230957,True,0.41627898812294006,False
1493,147,2.0,1.0,220.00000000000009,0.5,G5,79,1,1,0.9442975521087646,True,0.0819019079208374,False,0.41734564304351807,False
1494,147,1.0,1.0,219.50000000000009,0.5,E5,76,1,1,0.7962449789047241,True,0.0531313493847847,False,0.41394534707069397,False
1495,147,2.0,1.0,220.00000000000009,0.5,G4,67,2,6,0.5616198778152466,True,0.5927009582519531,True,0.4203222095966339,False
1496,147,1.0,1.0,219.50000000000009,0.5,C4,60,2,6,0.4403914511203766,False,0.5898598432540894,True,0.4172530174255371,False
1497,147,3.0,1.0,220.50000000000009,0.5,G5,79,1,1,0.9318522810935974,True,0.11525732278823853,False,0.4158475399017334,False
1498,147,2.0,1.0,220.00000000000009,0.5,E5,76,1,1,0.80338454246521,True,0.06829184293746948,False,0.41224339604377747,False
1499,147,3.0,1.0,220.50000000000009,0.5,G4,67,2,6,0.5526759028434753,True,0.6057124733924866,True,0.41603803634643555,False
1500,147,2.0,1.0,220.00000000000009,0.5,C4,60,2,6,0.43173980712890625,False,0.5879689455032349,True,0.4169872999191284,False
1501,148,1.0,1.0,221.00000000000009,0.5,G5,79,1,1,0.9273648858070374,True,0.09422216564416885,False,0.41495928168296814,False
1502,148,0.0,1.0,220.50000000000009,0.5,E5,76,1,1,0.80250483751297,True,0.06792734563350677,False,0.41286909580230713,False
1503,148,1.0,1.0,221.00000000000009,0.5,G4,67,2,6,0.5368260145187378,True,0.5703083276748657,True,0.41682764887809753,False
1504,148,0.0,1.0,220.50000000000009,0.5,C4,60,2,6,0.4235484302043915,False,0.5898621082305908,True,0.41617923974990845,False
1505,148,2.0,1.0,221.50000000000009,0.5,A5,81,1,1,0.8949538469314575,True,0.105415478348732,False,0.416057825088501,False
1506,148,1.0,1.0,221.00000000000009,0.5,F5,77,1,1,0.8221445679664612,True,0.047890275716781616,False,0.41560837626457214,False
1507,148,2.0,1.0,221.50000000000009,0.5,A4,69,2,6,0.7489727735519409,True,0.3623676300048828,False,0.3902478516101837,False
1508,148,1.0,1.0,221.00000000000009,0.5,F4,65,2,6,0.3902432918548584,False,0.6274198889732361,True,0.4040713310241699,False
1509,148,2.0,0.25,221.50000000000009,0.125,C6,84,1,1,0.8631030321121216,True,0.05975383147597313,False,0.41657188534736633,False
1510,148,2.75,0.75,221.87500000000009,0.375,C5,72,2,6,0.7779587507247925,True,0.10822295397520065,False,0.4171225428581238,False
1511,148,2.0,0.75,221.50000000000009,0.375,A4,69,2,6,0.7392244338989258,True,0.40221384167671204,False,0.39250290393829346,False
1512,148,2.25,0.25,221.62500000000009,0.125,D6,86,1,1,0.9605152606964111,True,0.23728571832180023,False,0.4425414502620697,False
1513,148,2.5,0.25,221.75000000000009,0.125,C6,84,1,1,0.8410168290138245,True,0.056396640837192535,False,0.41831424832344055,False
1514,148,2.75,0.25,221.87500000000009,0.125,Bb5,82,1,1,0.8714028000831604,True,0.06287368386983871,False,0.4175710678100586,False
1515,148,3.0,0.25,222.00000000000009,0.125,Bb4,70,2,6,0.6423025727272034,True,0.3653186559677124,False,0.4068566560745239,False
1516,148,2.75,0.25,221.87500000000009,0.125,G4,67,2,6,0.6038378477096558,True,0.5942362546920776,True,0.5159826874732971,True
1517,149,0.0,1.0,222.00000000000009,0.5,A5,81,1,1,0.7932740449905396,True,0.050660569220781326,False,0.4174426198005676,False
1518,149,1.0,1.0,222.50000000000009,0.5,A4,69,2,5,0.7984153032302856,True,0.41402390599250793,False,0.3982270359992981,False
1519,149,0.0,1.0,222.00000000000009,0.5,F4,65,2,5,0.5098485350608826,True,0.7822487354278564,True,0.514723539352417,True
1520,149,1.0,1.0,222.50000000000009,0.5,A5,81,1,1,0.7822374701499939,True,0.04939587414264679,False,0.4169110953807831,False
1521,149,2.0,1.0,223.00000000000009,0.5,A4,69,2,5,0.7371038794517517,True,0.295309454202652,False,0.39617374539375305,False
1522,149,1.0,1.0,222.50000000000009,0.5,F4,65,2,5,0.5049570202827454,True,0.7648686766624451,True,0.5661219954490662,True
1523,149,2.0,0.25,223.00000000000009,0.125,A5,81,1,1,0.7722578644752502,True,0.02747204899787903,False,0.417828768491745,False
1524,149,2.75,0.75,223.37500000000009,0.375,A4,69,2,5,0.74862140417099,True,0.43714645504951477,False,0.3860716223716736,False
1525,149,2.0,0.75,223.00000000000009,0.375,F4,65,2,5,0.5589503049850464,True,0.7796460390090942,True,0.44695281982421875,False
1526,149,2.25,0.25,223.12500000000009,0.125,Bb5,82,1,1,0.5883690118789673,True,0.02072994038462639,False,0.417754590511322,False
1527,149,2.5,0.25,223.25000000000009,0.125,A5,81,1,1,0.713100016117096,True,0.025368530303239822,False,0.4179847538471222,False
1528,149,2.75,0.25,223.37500000000009,0.125,G5,79,1,1,0.9480749368667603,True,0.08844328671693802,False,0.41192561388015747,False
1529,149,3.0,0.25,223.50000000000009,0.125,G4,67,2,5,0.5657759308815002,True,0.609825849533081,True,0.5891412496566772,True
1530,149,2.75,0.25,223.37500000000009,0.125,C4,60,2,5,0.49505722522735596,False,0.5921502709388733,True,0.40968841314315796,False
1531,150,0.0,1.0,223.50000000000009,0.5,F5,77,1,1,0.8843967914581299,True,0.14459112286567688,False,0.40961456298828125,False
1532,150,1.0,1.0,224.00000000000009,0.5,F4,65,2,5,0.6118963956832886,True,0.7604774236679077,True,0.45030897855758667,False
1533,150,0.0,1.0,223.50000000000009,0.5,A3,57,2,5,0.34688910841941833,False,0.5269671082496643,True,0.4046109914779663,False
1534,150,1.0,1.0,224.00000000000009,0.5,F5,77,1,1,0.881112813949585,True,0.14042256772518158,False,0.41032809019088745,False
1535,150,2.0,1.0,224.50000000000009,0.5,F4,65,2,5,0.6029518246650696,True,0.7224112153053284,True,0.4369628429412842,False
1536,150,1.0,1.0,224.00000000000009,0.5,A3,57,2,5,0.37695324420928955,False,0.5318673253059387,True,0.40448421239852905,False
1537,150,2.0,1.0,224.50000000000009,0.5,F5,77,1,1,0.8776460886001587,True,0.16480818390846252,False,0.4107203781604767,False
1538,150,3.0,1.0,225.00000000000009,0.5,F4,65,2,5,0.604935884475708,True,0.7407782077789307,True,0.40845465660095215,False
1539,150,2.0,1.0,224.50000000000009,0.5,A3,57,2,5,0.38878166675567627,False,0.5424718856811523,True,0.4098946154117584,False
1540,151,0.0,1.0,225.00000000000009,0.5,G5,79,1,1,0.9461271166801453,True,0.09010468423366547,False,0.4118107557296753,False
1541,151,1.0,1.0,225.50000000000009,0.5,G4,67,2,5,0.6467445492744446,True,0.6475151181221008,True,0.5249854326248169,True
1542,151,0.0,1.0,225.00000000000009,0.5,C4,60,2,5,0.6658499240875244,True,0.6665531992912292,True,0.5258027911186218,True
1543,151,1.0,1.0,225.50000000000009,0.5,Bb5,82,1,1,0.580398678779602,True,0.050010379403829575,False,0.4160974621772766,False
1544,151,3.0,1.0,226.50000000000009,0.5,E5,76,1,1,0.8767321109771729,True,0.22158771753311157,False,0.4054716229438782,False
1545,151,2.0,1.0,226.00000000000009,0.5,Bb4,70,1,1,0.8199065327644348,True,0.4495449662208557,False,0.42934662103652954,False
1546,151,3.0,1.0,226.50000000000009,0.5,G4,67,2,5,0.564876139163971,True,0.4410282075405121,False,0.41031894087791443,False
1547,151,2.0,1.0,226.00000000000009,0.5,C4,60,2,5,0.5882049798965454,True,0.547745406627655,True,0.48631224036216736,False
1548,152,1.0,1.0,227.00000000000009,0.5,F5,77,1,1,0.8722596168518066,True,0.19276204705238342,False,0.4132142961025238,False
1549,152,0.0,1.0,226.50000000000009,0.5,A4,69,1,1,0.6886959671974182,True,0.6620360612869263,True,0.36607712507247925,False
1550,152,0.0,1.0,226.50000000000009,0.5,F4,65,2,5,0.7330584526062012,True,0.8339869976043701,True,0.3836112320423126,False
1551,152,2.0,1.0,227.50000000000009,0.5,C6,84,1,1,0.897369921207428,True,0.11306940019130707,False,0.4215657711029053,False
1552,152,3.0,1.0,228.00000000000009,0.5,Bb4,70,2,5,0.7326381206512451,True,0.3883671164512634,False,0.42481595277786255,False
1553,152,3.0,1.0,228.00000000000009,0.5,E4,64,2,5,0.3800153136253357,False,0.5892690420150757,True,0.4079475998878479,False
1554,152,2.0,1.0,227.50000000000009,0.5,C4,60,2,5,0.4888747036457062,False,0.6104032397270203,True,0.42363113164901733,False
1555,153,0.0,1.0,228.00000000000009,0.5,F5,77,1,1,0.79885333776474,True,0.10899166762828827,False,0.415723979473114,False
1556,153,1.0,1.0,228.50000000000009,0.5,A4,69,2,5,0.544283926486969,True,0.4297127425670624,False,0.37384533882141113,False
1557,153,0.0,1.0,228.00000000000009,0.5,F4,65,2,5,0.680077314376831,True,0.9242329597473145,True,0.2685853838920593,False
1558,153,2.0,1.0,229.00000000000009,0.5,C5,72,1,1,0.8125953674316406,True,0.6073970198631287,True,0.5024524331092834,True
1559,153,3.0,1.0,229.50000000000009,0.5,Bb3,58,2,5,0.8456315994262695,True,0.8895530700683594,True,0.4290890693664551,False
1560,153,3.0,1.0,229.50000000000009,0.5,E3,52,2,5,0.3935759365558624,False,0.5989946722984314,True,0.42319583892822266,False
1561,153,2.0,1.0,229.00000000000009,0.5,C3,48,2,5,0.201028510928154,False,0.46527940034866333,False,0.4163913130760193,False
1562,154,0.0,1.0,229.50000000000009,0.5,F4,65,1,1,0.7052792310714722,True,0.8849838376045227,True,0.28398019075393677,False
1563,154,1.0,1.0,230.00000000000009,0.5,A3,57,2,5,0.29134950041770935,False,0.503715991973877,True,0.4120473265647888,False
1564,154,0.0,1.0,229.50000000000009,0.5,F3,53,2,5,0.5148972868919373,True,0.5326615571975708,True,0.285243958234787,False
1565,154,2.0,1.0,230.50000000000009,0.5,C#4,61,1,1,0.858639657497406,True,0.7980397343635559,True,0.45380356907844543,False
1566,154,3.0,1.0,231.00000000000009,0.5,C#3,49,2,5,0.16090929508209229,False,0.4347658157348633,False,0.40048813819885254,False
1567,154,2.0,1.0,230.50000000000009,0.5,C#2,37,2,5,0.36377882957458496,False,0.5507098436355591,True,0.38943880796432495,False
1568,155,0.0,1.5,231.00000000000009,0.75,D4,62,1,1,0.5596268773078918,True,0.6348387598991394,True,0.5403465628623962,True
1569,155,0.5,0.5,231.25000000000009,0.25,D3,50,2,5,0.7157444357872009,True,0.7467576265335083,True,0.2951313555240631,False
1570,155,0.0,0.5,231.00000000000009,0.25,D2,38,2,5,0.4977060854434967,False,0.7066607475280762,True,0.42517322301864624,False
1571,155,0.5,0.5,231.25000000000009,0.25,F3,53,2,5,0.5614039301872253,True,0.5812149047851562,True,0.3394816815853119,False
1572,155,1.0,0.5,231.50000000000009,0.25,A3,57,2,5,0.18795545399188995,False,0.45219528675079346,False,0.4085647165775299,False
1573,155,1.5,0.25,231.75000000000009,0.125,F4,65,1,1,0.7507181167602539,True,0.8795582056045532,True,0.280982106924057,False
1574,155,1.5,0.5,231.75000000000009,0.25,F3,53,2,5,0.43930426239967346,False,0.6467519402503967,True,0.4043152630329132,False
1575,155,1.75,0.25,231.87500000000009,0.125,A4,69,1,1,0.6163068413734436,True,0.5976893901824951,True,0.36796683073043823,False
1576,155,2.0,0.5,232.00000000000009,0.25,D5,74,1,1,0.9466707110404968,True,0.7317922711372375,True,0.46440422534942627,False
1577,155,2.0,0.5,232.00000000000009,0.25,A3,57,2,5,0.22122085094451904,False,0.470694899559021,False,0.4072130620479584,False
1578,155,2.5,0.25,232.25000000000009,0.125,A4,69,1,1,0.4928632378578186,False,0.5631704926490784,True,0.40056824684143066,False
1579,155,2.5,0.5,232.25000000000009,0.25,F3,53,2,5,0.395103394985199,False,0.6225705742835999,True,0.40540778636932373,False
1580,155,2.75,0.25,232.37500000000009,0.125,D5,74,1,1,0.8640256524085999,True,0.34048351645469666,False,0.39472103118896484,False
1581,156,0.0,0.5,232.50000000000009,0.25,F5,77,1,1,0.6511431932449341,True,0.06652123481035233,False,0.41311267018318176,False
1582,156,0.0,0.5,232.50000000000009,0.25,D3,50,2,5,0.5958148241043091,True,0.4968729019165039,False,0.38964641094207764,False
1583,156,0.5,0.25,232.75000000000009,0.125,D5,74,1,1,0.8398790955543518,True,0.29592061042785645,False,0.3978777229785919,False
1584,156,0.5,0.5,232.75000000000009,0.25,F3,53,2,5,0.38128912448883057,False,0.6343115568161011,True,0.408109575510025,False
1585,156,0.75,0.25,232.87500000000009,0.125,F5,77,1,1,0.7115378975868225,True,0.11020773649215698,False,0.41092121601104736,False
1586,156,1.0,0.5,233.00000000000009,0.25,A5,81,1,1,0.884701132774353,True,0.04245600476861,False,0.41812601685523987,False
1587,156,1.0,0.5,233.00000000000009,0.25,A3,57,2,5,0.18118758499622345,False,0.452094167470932,False,0.40874946117401123,False
1588,156,1.5,0.5,233.25000000000009,0.25,A5,81,1,1,0.8995819687843323,True,0.028448183089494705,False,0.4182789623737335,False
1589,156,1.5,0.5,233.25000000000009,0.25,F3,53,2,5,0.45762088894844055,False,0.6695798635482788,True,0.40842530131340027,False
1590,156,2.0,0.5,233.50000000000009,0.25,F5,77,1,1,0.7271792888641357,True,0.05318838730454445,False,0.4151647090911865,False
1591,156,2.0,0.5,233.50000000000009,0.25,A3,57,2,5,0.08828775584697723,False,0.4081284999847412,False,0.40972548723220825,False
1592,156,2.5,0.5,233.75000000000009,0.25,D5,74,1,1,0.8133774995803833,True,0.327756404876709,False,0.3974997401237488,False
1593,156,2.5,0.5,233.75000000000009,0.25,F3,53,2,5,0.37496045231819153,False,0.6052865386009216,True,0.40215006470680237,False
1594,157,0.0,0.0,234.00000000000009,0.0,C#5,73,1,1,0.21698026359081268,False,0.41997629404067993,False,0.3982571065425873,False
1595,157,0.0,0.0,234.00000000000009,0.0,E5,76,1,1,0.6976983547210693,True,0.17643259465694427,False,0.40006470680236816,False
1596,157,0.0,0.0,234.00000000000009,0.0,G5,79,1,1,0.7274107336997986,True,0.04996312037110329,False,0.41516101360321045,False
1597,157,0.0,1.5,234.00000000000009,0.75,Bb5,82,1,1,0.7704336047172546,True,0.05669161677360535,False,0.4183221757411957,False
1598,157,1.0,1.0,234.50000000000009,0.5,E3,52,2,5,0.20601290464401245,False,0.47156015038490295,False,0.41141635179519653,False
1599,157,0.0,1.0,234.00000000000009,0.5,E2,40,2,5,0.20934703946113586,False,0.482183039188385,False,0.40969935059547424,False
1600,157,2.0,1.0,235.00000000000009,0.5,C#4,61,2,5,0.9128939509391785,True,0.8438475131988525,True,0.3844814896583557,False
1601,157,2.0,1.0,235.00000000000009,0.5,Bb3,58,2,5,0.8416352272033691,True,0.9499360918998718,True,0.4049891233444214,False
1602,157,2.0,1.0,235.00000000000009,0.5,G3,55,2,5,0.16035296022891998,False,0.5189631581306458,True,0.4267321228981018,False
1603,157,1.0,1.0,234.50000000000009,0.5,E3,52,2,5,0.22183574736118317,False,0.4872048795223236,False,0.41206613183021545,False
1604,157,1.5,0.25,234.75000000000009,0.125,A5,81,1,1,0.9132400155067444,True,0.049181971698999405,False,0.4190739393234253,False
1605,157,1.75,0.25,234.87500000000009,0.125,G5,79,1,1,0.7195747494697571,True,0.023620307445526123,False,0.4173179864883423,False
1606,157,2.0,0.25,235.00000000000009,0.125,F5,77,1,1,0.6559175252914429,True,0.04208014905452728,False,0.4163442552089691,False
1607,157,2.25,0.25,235.12500000000009,0.125,E5,76,1,1,0.6435763239860535,True,0.11234813183546066,False,0.40596380829811096,False
1608,157,2.5,0.25,235.25000000000009,0.125,D5,74,1,1,0.7809458374977112,True,0.2383616417646408,False,0.40573662519454956,False
1609,157,2.75,0.25,235.37500000000009,0.125,C#5,73,1,1,0.23909315466880798,False,0.41558146476745605,False,0.3952730596065521,False
1610,158,0.0,1.5,235.50000000000009,0.75,Bb5,82,1,1,0.8311638236045837,True,0.0741836428642273,False,0.41922062635421753,False
1611,158,1.0,1.0,236.00000000000009,0.5,E3,52,2,5,0.1641252636909485,False,0.4547731876373291,False,0.4102885127067566,False
1612,158,0.0,1.0,235.50000000000009,0.5,E2,40,2,5,0.2662196755409241,False,0.5029370784759521,True,0.4057379364967346,False
1613,158,2.0,1.0,236.50000000000009,0.5,C#4,61,2,5,0.8172900080680847,True,0.687152087688446,True,0.38029879331588745,False
1614,158,2.0,1.0,236.50000000000009,0.5,Bb3,58,2,5,0.9308890700340271,True,0.8999247550964355,True,0.37841901183128357,False
1615,158,2.0,1.0,236.50000000000009,0.5,G3,55,2,5,0.4682966470718384,False,0.6713479161262512,True,0.44722041487693787,False
1616,158,1.0,1.0,236.00000000000009,0.5,E3,52,2,5,0.1537676602602005,False,0.4492155611515045,False,0.41083410382270813,False
1617,158,1.5,0.25,236.25000000000009,0.125,A5,81,1,1,0.9075086712837219,True,0.06283637881278992,False,0.417430579662323,False
1618,158,1.75,0.25,236.37500000000009,0.125,G5,79,1,1,0.6694930195808411,True,0.03750722482800484,False,0.41607925295829773,False
1619,158,2.0,0.25,236.50000000000009,0.125,F5,77,1,1,0.6614415645599365,True,0.05312230810523033,False,0.41444721817970276,False
1620,158,2.25,0.25,236.62500000000009,0.125,E5,76,1,1,0.6635046601295471,True,0.10988912731409073,False,0.4057484269142151,False
1621,158,2.5,0.25,236.75000000000009,0.125,D5,74,1,1,0.7727100253105164,True,0.2772705852985382,False,0.39413097500801086,False
1622,158,2.75,0.25,236.87500000000009,0.125,C#5,73,1,1,0.40152087807655334,False,0.4798037111759186,False,0.3804110586643219,False
1623,159,0.0,1.5,237.00000000000009,0.75,D5,74,1,1,0.8684007525444031,True,0.48464328050613403,False,0.38501080870628357,False
1624,159,0.0,0.5,237.00000000000009,0.25,F3,53,2,5,0.4944004416465759,False,0.7092645764350891,True,0.40875792503356934,False
1625,159,0.5,0.5,237.25000000000009,0.25,A3,57,2,5,0.10924086719751358,False,0.4148437976837158,False,0.40818411111831665,False
1626,159,1.0,0.5,237.50000000000009,0.25,D4,62,2,5,0.4623572528362274,False,0.6570749878883362,True,0.40089407563209534,False
1627,159,1.5,0.25,237.75000000000009,0.125,F4,65,1,1,0.7837582230567932,True,0.8418144583702087,True,0.2742893397808075,False
1628,159,1.5,0.5,237.75000000000009,0.25,A3,57,2,5,0.06817379593849182,False,0.3976704180240631,False,0.4088345468044281,False
1629,159,1.75,0.25,237.87500000000009,0.125,A4,69,1,1,0.41956016421318054,False,0.5499584078788757,True,0.40201041102409363,False
1630,159,2.0,0.5,238.00000000000009,0.25,D5,74,1,1,0.8446587920188904,True,0.4123353064060211,False,0.3817978799343109,False
1631,159,2.0,0.5,238.00000000000009,0.25,D4,62,2,5,0.5447552800178528,True,0.7743136882781982,True,0.332680881023407,False
1632,159,2.5,0.25,238.25000000000009,0.125,A4,69,1,1,0.42631614208221436,False,0.5367169976234436,True,0.3995252251625061,False
1633,159,2.5,0.5,238.25000000000009,0.25,A3,57,2,5,0.1378568410873413,False,0.4229668378829956,False,0.4073280692100525,False
1634,159,2.75,0.25,238.37500000000009,0.125,D5,74,1,1,0.8178115487098694,True,0.2161887139081955,False,0.3948085904121399,False
1635,160,0.0,0.5,238.50000000000009,0.25,F5,77,1,1,0.8293163776397705,True,0.18335354328155518,False,0.40228474140167236,False
1636,160,0.0,0.5,238.50000000000009,0.25,F3,53,2,5,0.296376496553421,False,0.5617626905441284,True,0.405284583568573,False
1637,160,0.5,0.25,238.75000000000009,0.125,D5,74,1,1,0.7734673619270325,True,0.2348615974187851,False,0.39423492550849915,False
1638,160,0.5,0.5,238.75000000000009,0.25,A3,57,2,5,0.10994552820920944,False,0.41908642649650574,False,0.4081708490848541,False
1639,160,0.75,0.25,238.87500000000009,0.125,F5,77,1,1,0.7360260486602783,True,0.2435690313577652,False,0.395341157913208,False
1640,160,1.0,0.5,239.00000000000009,0.25,A5,81,1,1,0.9021030068397522,True,0.39382219314575195,False,0.39737802743911743,False
1641,160,1.0,0.5,239.00000000000009,0.25,D4,62,2,5,0.634364902973175,True,0.7585335969924927,True,0.3275015950202942,False
1642,160,1.5,0.5,239.25000000000009,0.25,A5,81,1,1,0.8377283811569214,True,0.28165146708488464,False,0.4014440178871155,False
1643,160,1.5,0.5,239.25000000000009,0.25,A3,57,2,5,0.1156248152256012,False,0.41560253500938416,False,0.40753859281539917,False
1644,160,2.0,0.5,239.50000000000009,0.25,F5,77,1,1,0.8392539620399475,True,0.3849407136440277,False,0.396658331155777,False
1645,160,2.0,0.5,239.50000000000009,0.25,D4,62,2,5,0.6901459693908691,True,0.6548675894737244,True,0.339427649974823,False
1646,160,2.5,0.5,239.75000000000009,0.25,D5,74,1,1,0.4125431180000305,False,0.6332833170890808,True,0.39596375823020935,False
1647,160,2.5,0.5,239.75000000000009,0.25,A3,57,2,5,0.10364522784948349,False,0.4198480248451233,False,0.4072476625442505,False
1648,161,1.5,1.5,240.75000000000009,0.75,Ab5,80,1,1,0.8985299468040466,True,0.24821369349956512,False,0.42483898997306824,False
1649,161,1.5,1.5,240.75000000000009,0.75,F5,77,1,1,0.9415817260742188,True,0.40909039974212646,False,0.41282662749290466,False
1650,161,1.5,1.5,240.75000000000009,0.75,D5,74,1,1,0.8274089694023132,True,0.37442442774772644,False,0.40972718596458435,False
1651,161,0.0,1.5,240.00000000000009,0.75,B4,71,1,1,0.7007867097854614,True,0.4696296751499176,False,0.3975300192832947,False
1652,161,1.0,1.0,240.50000000000009,0.5,D3,50,2,5,0.702556312084198,True,0.7618067264556885,True,0.29910439252853394,False
1653,161,0.0,1.0,240.00000000000009,0.5,D2,38,2,5,0.43872326612472534,False,0.636878490447998,True,0.41658520698547363,False
1654,161,2.0,1.0,241.00000000000009,0.5,B3,59,2,5,0.23852045834064484,False,0.5318755507469177,True,0.4130801260471344,False
1655,161,2.0,1.0,241.00000000000009,0.5,Ab3,56,2,5,0.20917777717113495,False,0.5096820592880249,True,0.4162447154521942,False
1656,161,2.0,1.0,241.00000000000009,0.5,F3,53,2,5,0.3238515257835388,False,0.5838645696640015,True,0.41360536217689514,False
1657,161,1.0,1.0,240.50000000000009,0.5,D3,50,2,5,0.7747009992599487,True,0.8596434593200684,True,0.3144550621509552,False
1658,161,1.5,0.25,240.75000000000009,0.125,G5,79,1,1,0.7137305736541748,True,0.04417739063501358,False,0.4157324731349945,False
1659,161,1.75,0.25,240.87500000000009,0.125,F5,77,1,1,0.8844602108001709,True,0.27938389778137207,False,0.40065717697143555,False
1660,161,2.0,0.25,241.00000000000009,0.125,Eb5,75,1,1,0.6028777956962585,True,0.09828220307826996,False,0.42234325408935547,False
1661,161,2.25,0.25,241.12500000000009,0.125,D5,74,1,1,0.6825602650642395,True,0.3268665373325348,False,0.39692795276641846,False
1662,161,2.5,0.25,241.25000000000009,0.125,C5,72,1,1,0.6676551699638367,True,0.4457746148109436,False,0.4109753370285034,False
1663,161,2.75,0.25,241.37500000000009,0.125,B4,71,1,1,0.32903921604156494,False,0.5299564003944397,True,0.39776259660720825,False
1664,162,0.0,1.5,241.50000000000009,0.75,Ab5,80,1,1,0.8858758211135864,True,0.11594069749116898,False,0.41853147745132446,False
1665,162,1.0,1.0,242.00000000000009,0.5,D3,50,2,5,0.7745003700256348,True,0.8077335953712463,True,0.3078216016292572,False
1666,162,0.0,1.0,241.50000000000009,0.5,D2,38,2,5,0.4699145555496216,False,0.658635675907135,True,0.4176010489463806,False
1667,162,2.0,1.0,242.50000000000009,0.5,B3,59,2,5,0.26870808005332947,False,0.5295256972312927,True,0.4121648669242859,False
1668,162,2.0,1.0,242.50000000000009,0.5,Ab3,56,2,5,0.3663901090621948,False,0.5812146067619324,True,0.4168250858783722,False
1669,162,2.0,1.0,242.50000000000009,0.5,F3,53,2,5,0.2507157623767853,False,0.5417470932006836,True,0.4145740270614624,False
1670,162,1.0,1.0,242.00000000000009,0.5,D3,50,2,5,0.7795671820640564,True,0.8403386473655701,True,0.3117315173149109,False
1671,162,1.5,0.25,242.25000000000009,0.125,G5,79,1,1,0.7774656414985657,True,0.040724851191043854,False,0.4167662560939789,False
1672,162,1.75,0.25,242.37500000000009,0.125,F5,77,1,1,0.8371064066886902,True,0.30618157982826233,False,0.4055398106575012,False
1673,162,2.0,0.25,242.50000000000009,0.125,Eb5,75,1,1,0.7955549359321594,True,0.26589640974998474,False,0.44358310103416443,False
1674,162,2.25,0.25,242.62500000000009,0.125,D5,74,1,1,0.763289213180542,True,0.5951947569847107,True,0.34246131777763367,False
1675,162,2.5,0.25,242.75000000000009,0.125,C5,72,1,1,0.5209977030754089,True,0.6134529113769531,True,0.3524225056171417,False
1676,162,2.75,0.25,242.87500000000009,0.125,B4,71,1,1,0.38394400477409363,False,0.5611457824707031,True,0.3958941400051117,False
1677,163,0.0,1.5,243.00000000000009,0.75,C5,72,1,1,0.6662011742591858,True,0.4773312509059906,False,0.4040509760379791,False
1678,163,0.0,0.5,243.00000000000009,0.25,Eb3,51,2,5,0.6766765713691711,True,0.8322576880455017,True,0.5210467576980591,True
1679,163,0.5,0.5,243.25000000000009,0.25,G3,55,2,5,0.3588153123855591,False,0.609852135181427,True,0.4325942099094391,False
1680,163,1.0,0.5,243.50000000000009,0.25,C4,60,2,5,0.16256535053253174,False,0.4369611144065857,False,0.4112929701805115,False
1681,163,1.5,0.25,243.75000000000009,0.125,Eb4,63,1,1,0.7150077819824219,True,0.7985595464706421,True,0.5762937664985657,True
1682,163,1.5,0.5,243.75000000000009,0.25,G3,55,2,5,0.29488223791122437,False,0.5807360410690308,True,0.42766112089157104,False
1683,163,1.75,0.25,243.87500000000009,0.125,G4,67,1,1,0.6030961275100708,True,0.8193355202674866,True,0.4398418664932251,False
1684,163,2.0,0.5,244.00000000000009,0.25,C5,72,1,1,0.6013138890266418,True,0.4998730719089508,False,0.3950200080871582,False
1685,163,2.0,0.5,244.00000000000009,0.25,C4,60,2,5,0.4324920177459717,False,0.5825791358947754,True,0.4163511395454407,False
1686,163,2.5,0.25,244.25000000000009,0.125,G4,67,1,1,0.7565975189208984,True,0.7378520965576172,True,0.4447251260280609,False
1687,163,2.5,0.5,244.25000000000009,0.25,G3,55,2,5,0.36163485050201416,False,0.6275110840797424,True,0.4353943467140198,False
1688,163,2.75,0.25,244.37500000000009,0.125,C5,72,1,1,0.5675615668296814,True,0.3588399291038513,False,0.3934417963027954,False
1689,164,0.0,0.5,244.50000000000009,0.25,Eb5,75,1,1,0.9015631675720215,True,0.5382696390151978,True,0.6022458672523499,True
1690,164,0.0,0.5,244.50000000000009,0.25,Eb3,51,2,5,0.6800056099891663,True,0.7396306395530701,True,0.3830685317516327,False
1691,164,0.5,0.25,244.75000000000009,0.125,C5,72,1,1,0.5187973976135254,True,0.32423514127731323,False,0.3934463858604431,False
1692,164,0.5,0.5,244.75000000000009,0.25,G3,55,2,5,0.3178744912147522,False,0.603976309299469,True,0.4327332675457001,False
1693,164,0.75,0.25,244.87500000000009,0.125,Eb5,75,1,1,0.9007875919342041,True,0.4671657681465149,False,0.47087860107421875,False
1694,164,1.0,0.5,245.00000000000009,0.25,G5,79,1,1,0.8208852410316467,True,0.06035766005516052,False,0.4187350571155548,False
1695,164,1.0,0.5,245.00000000000009,0.25,C4,60,2,5,0.45381367206573486,False,0.5986533761024475,True,0.4186144471168518,False
1696,164,1.5,0.5,245.25000000000009,0.25,G5,79,1,1,0.7452752590179443,True,0.07905016094446182,False,0.416135311126709,False
1697,164,1.5,0.5,245.25000000000009,0.25,G3,55,2,5,0.33148193359375,False,0.6074193120002747,True,0.4318341016769409,False
1698,164,2.0,0.5,245.50000000000009,0.25,Eb5,75,1,1,0.9387274980545044,True,0.769955039024353,True,0.7028341293334961,True
1699,164,2.0,0.5,245.50000000000009,0.25,C4,60,2,5,0.4597702622413635,False,0.5966095328330994,True,0.42048096656799316,False
1700,164,2.5,0.5,245.75000000000009,0.25,C5,72,1,1,0.40575259923934937,False,0.5868770480155945,True,0.40715092420578003,False
1701,164,2.5,0.5,245.75000000000009,0.25,G3,55,2,5,0.46121490001678467,False,0.6967846155166626,True,0.43603795766830444,False
1702,165,1.5,1.5,246.75000000000009,0.75,Gb5,78,1,1,0.7161803841590881,True,0.26795494556427,False,0.3804861903190613,False
1703,165,1.5,1.5,246.75000000000009,0.75,Eb5,75,1,1,0.9547467231750488,True,0.7864623069763184,True,0.7270700335502625,True
1704,165,1.5,1.5,246.75000000000009,0.75,C5,72,1,1,0.5574230551719666,True,0.18576575815677643,False,0.40994852781295776,False
1705,165,0.0,1.5,246.00000000000009,0.75,A4,69,1,1,0.31453466415405273,False,0.5396259427070618,True,0.4135698974132538,False
1706,165,0.0,1.0,246.00000000000009,0.5,Eb2,39,2,5,0.3983455002307892,False,0.6478883624076843,True,0.44834017753601074,False
1707,165,2.0,1.0,247.00000000000009,0.5,C4,60,2,5,0.6618028283119202,True,0.7758623957633972,True,0.5511389970779419,True
1708,165,2.0,1.0,247.00000000000009,0.5,A3,57,2,5,0.4187803566455841,False,0.586420476436615,True,0.4204452633857727,False
1709,165,2.0,1.0,247.00000000000009,0.5,Gb3,54,2,5,0.4073919951915741,False,0.5672926306724548,True,0.4043518900871277,False
1710,165,1.0,1.0,246.50000000000009,0.5,Eb3,51,2,5,0.5877205729484558,True,0.8330091834068298,True,0.38313010334968567,False
1711,165,1.5,0.25,246.75000000000009,0.125,F5,77,1,1,0.801603376865387,True,0.6627401113510132,True,0.34664058685302734,False
1712,165,1.75,0.25,246.87500000000009,0.125,Eb5,75,1,1,0.8950373530387878,True,0.5444206595420837,True,0.6746324300765991,True
1713,165,2.0,0.25,247.00000000000009,0.125,Db5,73,1,1,0.33612746000289917,False,0.5634002089500427,True,0.4073679745197296,False
1714,165,2.25,0.25,247.12500000000009,0.125,C5,72,1,1,0.5227112770080566,True,0.2471846342086792,False,0.4073743522167206,False
1715,165,2.5,0.25,247.25000000000009,0.125,Bb4,70,1,1,0.8166853189468384,True,0.6857360601425171,True,0.48445889353752136,False
1716,165,2.75,0.25,247.37500000000009,0.125,A4,69,1,1,0.5477193593978882,True,0.35521256923675537,False,0.3887505531311035,False
1717,166,0.0,1.5,247.50000000000009,0.75,Gb5,78,1,1,0.6344968676567078,True,0.15789306163787842,False,0.39318203926086426,False
1718,166,0.0,1.0,247.50000000000009,0.5,Eb2,39,2,5,0.40020933747291565,False,0.6295419931411743,True,0.44237878918647766,False
1719,166,2.0,1.0,248.50000000000009,0.5,C4,60,2,5,0.6315311789512634,True,0.7540950179100037,True,0.5360800623893738,True
1720,166,2.0,1.0,248.50000000000009,0.5,A3,57,2,5,0.474671870470047,False,0.5759126543998718,True,0.4123547375202179,False
1721,166,2.0,1.0,248.50000000000009,0.5,Gb3,54,2,5,0.28675922751426697,False,0.4944952726364136,False,0.40266767144203186,False
1722,166,1.0,1.0,248.00000000000009,0.5,Eb3,51,2,5,0.5736087560653687,True,0.6770098805427551,True,0.32497671246528625,False
1723,166,1.5,0.25,248.25000000000009,0.125,F5,77,1,1,0.8698673844337463,True,0.5769217014312744,True,0.47883307933807373,False
1724,166,1.75,0.25,248.37500000000009,0.125,Eb5,75,1,1,0.747096061706543,True,0.2984011471271515,False,0.4274768829345703,False
1725,166,2.0,0.25,248.50000000000009,0.125,Db5,73,1,1,0.44021040201187134,False,0.6360800266265869,True,0.41148993372917175,False
1726,166,2.25,0.25,248.62500000000009,0.125,C5,72,1,1,0.6286413669586182,True,0.3391513526439667,False,0.4067205786705017,False
1727,166,2.5,0.25,248.75000000000009,0.125,Bb4,70,1,1,0.6757524013519287,True,0.5173133015632629,True,0.4542134702205658,False
1728,166,2.75,0.25,248.87500000000009,0.125,A4,69,1,1,0.5239493250846863,True,0.3707669675350189,False,0.3889599144458771,False
1729,167,0.0,1.25,249.00000000000009,0.625,Bb4,70,1,1,0.7231926321983337,True,0.6005072593688965,True,0.5299292802810669,True
1730,167,0.0,0.5,249.00000000000009,0.25,Db3,49,2,5,0.4511320888996124,False,0.6595296859741211,True,0.4239329993724823,False
1731,167,0.5,0.5,249.25000000000009,0.25,F3,53,2,5,0.3648022711277008,False,0.6107176542282104,True,0.4128867983818054,False
1732,167,1.0,0.5,249.50000000000009,0.25,Bb3,58,2,5,0.6225211024284363,True,0.6991325616836548,True,0.15215729176998138,False
1733,167,1.25,0.25,249.62500000000009,0.125,F4,65,1,1,0.6164460778236389,True,0.7615160942077637,True,0.3805578649044037,False
1734,167,1.5,0.25,249.75000000000009,0.125,Bb4,70,1,1,0.7159106731414795,True,0.706622838973999,True,0.5118687748908997,True
1735,167,1.5,0.5,249.75000000000009,0.25,F3,53,2,5,0.26919105648994446,False,0.5513523817062378,True,0.4083959460258484,False
1736,167,1.75,0.25,249.87500000000009,0.125,F4,65,1,1,0.6341686844825745,True,0.8310507535934448,True,0.41615551710128784,False
1737,167,2.0,0.25,250.00000000000009,0.125,Db5,73,1,1,0.5729830861091614,True,0.41707944869995117,False,0.40036481618881226,False
1738,167,2.0,0.5,250.00000000000009,0.25,Bb3,58,2,5,0.6776509881019592,True,0.8589498996734619,True,0.17689873278141022,False
1739,167,2.25,0.25,250.12500000000009,0.125,Bb4,70,1,1,0.7704266309738159,True,0.7118977904319763,True,0.5287109017372131,True
1740,167,2.5,0.25,250.25000000000009,0.125,Db5,73,1,1,0.4894571304321289,False,0.6334165930747986,True,0.40793344378471375,False
1741,167,2.5,0.5,250.25000000000009,0.25,F3,53,2,5,0.2667325735092163,False,0.5410956740379333,True,0.40758216381073,False
1742,167,2.75,0.25,250.37500000000009,0.125,Bb4,70,1,1,0.6675111055374146,True,0.565110981464386,True,0.5122859477996826,True
1743,168,0.0,0.25,250.50000000000009,0.125,F5,77,1,1,0.6861786246299744,True,0.07007431238889694,False,0.41450491547584534,False
1744,168,0.0,0.5,250.50000000000009,0.25,Db3,49,2,5,0.6382526159286499,True,0.6584343910217285,True,0.43139442801475525,False
1745,168,0.25,0.25,250.62500000000009,0.125,Db5,73,1,1,0.634369432926178,True,0.21846307814121246,False,0.4066242277622223,False
1746,168,0.5,0.25,250.75000000000009,0.125,F5,77,1,1,0.7072848081588745,True,0.15701442956924438,False,0.4072868227958679,False
1747,168,0.5,0.5,250.75000000000009,0.25,F3,53,2,5,0.3419651687145233,False,0.5923776030540466,True,0.40937212109565735,False
1748,168,0.75,0.25,250.87500000000009,0.125,Db5,73,1,1,0.6750516295433044,True,0.3590727746486664,False,0.4057503640651703,False
1749,168,1.0,1.0,251.00000000000009,0.5,Bb5,82,1,1,0.8398000597953796,True,0.14119037985801697,False,0.41754820942878723,False
1750,168,1.0,0.5,251.00000000000009,0.25,Bb3,58,2,5,0.7369681596755981,True,0.7798109650611877,True,0.16841816902160645,False
1751,168,1.5,0.5,251.25000000000009,0.25,F3,53,2,5,0.2694268524646759,False,0.5470365881919861,True,0.4070180654525757,False
1752,168,2.0,0.5,251.50000000000009,0.25,Bb3,58,2,5,0.7494871616363525,True,0.8103161454200745,True,0.17259521782398224,False
1753,168,2.5,0.5,251.75000000000009,0.25,F3,53,2,5,0.19766144454479218,False,0.5086402893066406,True,0.4075022339820862,False
1754,169,0.0,1.25,252.00000000000009,0.625,A4,69,1,1,0.534140944480896,True,0.5453690886497498,True,0.42975544929504395,False
1755,169,0.0,0.5,252.00000000000009,0.25,C3,48,2,5,0.37122678756713867,False,0.5678637623786926,True,0.4258079528808594,False
1756,169,0.5,0.5,252.25000000000009,0.25,F3,53,2,5,0.21107584238052368,False,0.5117946863174438,True,0.40910804271698,False
1757,169,1.0,0.5,252.50000000000009,0.25,A3,57,2,5,0.34446480870246887,False,0.5287656784057617,True,0.4031151533126831,False
1758,169,1.25,0.25,252.62500000000009,0.125,F4,65,1,1,0.7648819088935852,True,0.9216843843460083,True,0.4280245304107666,False
1759,169,1.5,0.25,252.75000000000009,0.125,A4,69,1,1,0.4545368254184723,False,0.5409968495368958,True,0.39818501472473145,False
1760,169,1.5,0.5,252.75000000000009,0.25,F3,53,2,5,0.18020325899124146,False,0.49182796478271484,False,0.4075462818145752,False
1761,169,1.75,0.25,252.87500000000009,0.125,F4,65,1,1,0.6742679476737976,True,0.7641372680664062,True,0.42050960659980774,False
1762,169,2.0,0.25,253.00000000000009,0.125,C5,72,1,1,0.7552971243858337,True,0.6407709717750549,True,0.4255683720111847,False
1763,169,2.0,0.5,253.00000000000009,0.25,A3,57,2,5,0.30862995982170105,False,0.5054885149002075,True,0.4039275348186493,False
1764,169,2.25,0.25,253.12500000000009,0.125,A4,69,1,1,0.4266960024833679,False,0.5541370511054993,True,0.3981211185455322,False
1765,169,2.5,0.25,253.25000000000009,0.125,C5,72,1,1,0.6771112680435181,True,0.195086270570755,False,0.41166961193084717,False
1766,169,2.5,0.5,253.25000000000009,0.25,F3,53,2,5,0.2267828732728958,False,0.5148528814315796,True,0.4069955348968506,False
1767,169,2.75,0.25,253.37500000000009,0.125,A4,69,1,1,0.5310398936271667,True,0.38187721371650696,False,0.3847157955169678,False
1768,170,0.0,0.25,253.50000000000009,0.125,F5,77,1,1,0.6728715300559998,True,0.14773477613925934,False,0.4089462161064148,False
1769,170,0.0,0.5,253.50000000000009,0.25,C3,48,2,5,0.3563648760318756,False,0.5235956311225891,True,0.4146724343299866,False
1770,170,0.25,0.25,253.62500000000009,0.125,C5,72,1,1,0.6333074569702148,True,0.26782557368278503,False,0.4005565643310547,False
1771,170,0.5,0.25,253.75000000000009,0.125,F5,77,1,1,0.6426118016242981,True,0.15335196256637573,False,0.40767499804496765,False
1772,170,0.5,0.5,253.75000000000009,0.25,F3,53,2,5,0.248263880610466,False,0.5368796586990356,True,0.4090312719345093,False
1773,170,0.75,0.25,253.87500000000009,0.125,C5,72,1,1,0.7106329798698425,True,0.29275989532470703,False,0.4055939316749573,False
1774,170,1.0,1.0,254.00000000000009,0.5,A5,81,1,1,0.8479894995689392,True,0.2020673155784607,False,0.4114986062049866,False
1775,170,1.0,0.5,254.00000000000009,0.25,A3,57,2,5,0.3534446656703949,False,0.5166355967521667,True,0.404333233833313,False
1776,170,1.5,0.5,254.25000000000009,0.25,F3,53,2,5,0.20712392032146454,False,0.5135550498962402,True,0.4090808629989624,False
1777,170,2.0,0.5,254.50000000000009,0.25,A3,57,2,5,0.34983745217323303,False,0.5171820521354675,True,0.4041306674480438,False
1778,170,2.5,0.5,254.75000000000009,0.25,F3,53,2,5,0.1740776002407074,False,0.4836621880531311,False,0.40732842683792114,False
1779,171,0.0,1.25,255.00000000000009,0.625,Ab4,68,1,1,0.6003403067588806,True,0.6095660328865051,True,0.3309294581413269,False
1780,171,0.0,0.5,255.0000000000001,0.25,B2,47,2,5,0.4615190923213959,False,0.5977354049682617,True,0.39767760038375854,False
1781,171,0.5,0.5,255.2500000000001,0.25,F3,53,2,5,0.2044750303030014,False,0.5058043003082275,True,0.4093417227268219,False
1782,171,1.0,0.5,255.5000000000001,0.25,Ab3,56,2,5,0.2177869975566864,False,0.5163232684135437,True,0.4086397886276245,False
1783,171,1.25,0.25,255.62500000000009,0.125,F4,65,1,1,0.6795870661735535,True,0.7808973789215088,True,0.4126405715942383,False
1784,171,1.5,0.25,255.75000000000009,0.125,Ab4,68,1,1,0.5607213377952576,True,0.7085921168327332,True,0.3485617935657501,False
1785,171,1.5,0.5,255.7500000000001,0.25,F3,53,2,5,0.14571800827980042,False,0.46718117594718933,False,0.40828749537467957,False
1786,171,1.75,0.25,255.87500000000009,0.125,F4,65,1,1,0.495052307844162,False,0.7056457996368408,True,0.4135431945323944,False
1787,171,2.0,0.25,256.0000000000001,0.125,D5,74,1,1,0.914106011390686,True,0.3797588646411896,False,0.40108102560043335,False
1788,171,2.0,0.5,256.0000000000001,0.25,Ab3,56,2,5,0.24221858382225037,False,0.5307106971740723,True,0.40926095843315125,False
1789,171,2.25,0.25,256.1250000000001,0.125,Ab4,68,1,1,0.3980584442615509,False,0.6003462672233582,True,0.4077915549278259,False
1790,171,2.5,0.25,256.2500000000001,0.125,D5,74,1,1,0.8527334332466125,True,0.3106984496116638,False,0.39285677671432495,False
1791,171,2.5,0.5,256.2500000000001,0.25,F3,53,2,5,0.22745534777641296,False,0.513313889503479,True,0.40731948614120483,False
1792,171,2.75,0.25,256.3750000000001,0.125,Ab4,68,1,1,0.5308205485343933,True,0.6296876072883606,True,0.3503027856349945,False
1793,172,0.0,0.25,256.5000000000001,0.125,F5,77,1,1,0.654403567314148,True,0.20643429458141327,False,0.4020233452320099,False
1794,172,0.0,0.5,256.5000000000001,0.25,B2,47,2,5,0.42296627163887024,False,0.5593973398208618,True,0.3931795358657837,False
1795,172,0.25,0.25,256.6250000000001,0.125,D5,74,1,1,0.8944001793861389,True,0.28519994020462036,False,0.3964408040046692,False
1796,172,0.5,0.25,256.7500000000001,0.125,F5,77,1,1,0.6348384618759155,True,0.2979986071586609,False,0.3950268626213074,False
1797,172,0.5,0.5,256.7500000000001,0.25,F3,53,2,5,0.1740904301404953,False,0.48473113775253296,False,0.40830689668655396,False
1798,172,0.75,0.25,256.8750000000001,0.125,D5,74,1,1,0.8081651329994202,True,0.26914966106414795,False,0.3959914743900299,False
1799,172,1.0,1.0,257.0000000000001,0.5,Ab5,80,1,1,0.6041466593742371,True,0.2547670006752014,False,0.4067406952381134,False
1800,172,1.0,0.5,257.0000000000001,0.25,Ab3,56,2,5,0.2660965323448181,False,0.5344663858413696,True,0.41032591462135315,False
1801,172,1.5,0.5,257.2500000000001,0.25,F3,53,2,5,0.16692836582660675,False,0.4798562526702881,False,0.4087832570075989,False
1802,172,2.0,1.0,257.5000000000001,0.5,F5,77,1,1,0.7288928031921387,True,0.3178633749485016,False,0.40113523602485657,False
1803,172,2.0,0.5,257.5000000000001,0.25,Ab3,56,2,5,0.31711289286613464,False,0.5678288340568542,True,0.4100930392742157,False
1804,172,2.5,0.5,257.7500000000001,0.25,F3,53,2,5,0.1585821807384491,False,0.4755127429962158,False,0.4086707532405853,False
1805,173,0.0,0.0,258.0000000000001,0.0,C5,72,1,1,0.5058519840240479,True,0.3106755018234253,False,0.4032011032104492,False
1806,173,0.0,0.0,258.0000000000001,0.0,E5,76,1,1,0.6178423762321472,True,0.26985692977905273,False,0.39201977849006653,False
1807,173,0.0,0.0,258.0000000000001,0.0,G5,79,1,1,0.8796582818031311,True,0.17653940618038177,False,0.40996265411376953,False
1808,173,0.0,2.0,258.0000000000001,1.0,C6,84,1,1,0.801963746547699,True,0.14955969154834747,False,0.412016898393631,False
1809,173,0.0,0.5,258.0000000000001,0.25,C3,48,2,5,0.4219202399253845,False,0.5736737251281738,True,0.4189569354057312,False
1810,173,0.5,0.5,258.2500000000001,0.25,E3,52,2,5,0.10724478214979172,False,0.42592525482177734,False,0.41057130694389343,False
1811,173,1.0,0.5,258.5000000000001,0.25,G3,55,2,5,0.5857299566268921,True,0.6746754050254822,True,0.4424057602882385,False
1812,173,1.5,0.5,258.7500000000001,0.25,C4,60,2,5,0.31649884581565857,False,0.5124338865280151,True,0.4073290526866913,False
1813,173,2.0,0.25,259.0000000000001,0.125,Bb5,82,1,1,0.7600757479667664,True,0.150642529129982,False,0.41358888149261475,False
1814,173,2.0,0.5,259.0000000000001,0.25,F3,53,2,5,0.15765520930290222,False,0.47466257214546204,False,0.41001108288764954,False
1815,173,2.25,0.25,259.1250000000001,0.125,Ab5,80,1,1,0.5165054202079773,True,0.25290361046791077,False,0.4089260399341583,False
1816,173,2.5,0.25,259.2500000000001,0.125,G5,79,1,1,0.8737170696258545,True,0.09586329013109207,False,0.4150279462337494,False
1817,173,2.5,0.5,259.2500000000001,0.25,Ab3,56,2,5,0.3712606430053711,False,0.6030247807502747,True,0.4038431942462921,False
1818,173,2.75,0.25,259.3750000000001,0.125,F5,77,1,1,0.5789896249771118,True,0.15014296770095825,False,0.41038113832473755,False
1819,174,0.0,2.0,259.5000000000001,1.0,C6,84,1,1,0.8342148661613464,True,0.17957790195941925,False,0.4123678505420685,False
1820,174,0.0,0.5,259.5000000000001,0.25,C3,48,2,5,0.3593371510505676,False,0.5438746809959412,True,0.41714611649513245,False
1821,174,0.5,0.5,259.7500000000001,0.25,E3,52,2,5,0.19516777992248535,False,0.4789193272590637,False,0.411006897687912,False
1822,174,1.0,0.5,260.0000000000001,0.25,G3,55,2,5,0.4888561964035034,False,0.6711075305938721,True,0.43515607714653015,False
1823,174,1.5,0.5,260.2500000000001,0.25,C4,60,2,5,0.2809314727783203,False,0.49570122361183167,False,0.4057338833808899,False
1824,174,2.0,0.25,260.5000000000001,0.125,Bb5,82,1,1,0.7382259368896484,True,0.16160230338573456,False,0.4119414687156677,False
1825,174,2.0,0.5,260.5000000000001,0.25,F3,53,2,5,0.3592734932899475,False,0.6084770560264587,True,0.408568799495697,False
1826,174,2.25,0.25,260.6250000000001,0.125,Ab5,80,1,1,0.5346226692199707,True,0.22848716378211975,False,0.4137656092643738,False
1827,174,2.5,0.25,260.7500000000001,0.125,G5,79,1,1,0.64266437292099,True,0.07273111492395401,False,0.41452959179878235,False
1828,174,2.5,0.5,260.7500000000001,0.25,Ab3,56,2,5,0.19466906785964966,False,0.4963558316230774,False,0.40898868441581726,False
1829,174,2.75,0.25,260.8750000000001,0.125,F5,77,1,1,0.5591006278991699,True,0.2765597999095917,False,0.40512460470199585,False
1830,175,0.0,1.5,261.0000000000001,0.75,C5,72,1,1,0.5924796462059021,True,0.6877632141113281,True,0.38961461186408997,False
1831,175,0.0,1.5,261.0000000000001,0.75,C4,60,2,5,0.35041335225105286,False,0.5582084059715271,True,0.41044312715530396,False
1832,175,1.5,0.25,261.7500000000001,0.125,Db5,73,1,1,0.421107679605484,False,0.6367744207382202,True,0.4114190340042114,False
1833,175,1.5,0.25,261.7500000000001,0.125,Db4,61,2,5,0.5643819570541382,True,0.6842060089111328,True,0.3701954483985901,False
1834,175,1.75,0.25,261.8750000000001,0.125,C5,72,1,1,0.6061663031578064,True,0.5235193967819214,True,0.3752974569797516,False
1835,175,1.75,0.25,261.8750000000001,0.125,C4,60,2,5,0.37101343274116516,False,0.5487348437309265,True,0.4066912829875946,False
1836,175,2.0,0.25,262.0000000000001,0.125,Bb4,70,1,1,0.45763570070266724,False,0.6980271935462952,True,0.4378547668457031,False
1837,175,2.0,0.25,262.0000000000001,0.125,Bb3,58,2,5,0.4943065643310547,False,0.6704335808753967,True,0.4233742654323578,False
1838,175,2.25,0.25,262.1250000000001,0.125,Ab4,68,1,1,0.6065717339515686,True,0.7145724892616272,True,0.3939954340457916,False
1839,175,2.25,0.25,262.1250000000001,0.125,Ab3,56,2,5,0.33950144052505493,False,0.585462749004364,True,0.41177451610565186,False
1840,175,2.5,0.25,262.2500000000001,0.125,G4,67,1,1,0.8081783056259155,True,0.8259835243225098,True,0.4774037301540375,False
1841,175,2.5,0.25,262.2500000000001,0.125,G3,55,2,5,0.49892598390579224,False,0.6514598727226257,True,0.43400606513023376,False
1842,175,2.75,0.25,262.3750000000001,0.125,F4,65,1,1,0.5743524432182312,True,0.7364517450332642,True,0.43214723467826843,False
1843,175,2.75,0.25,262.3750000000001,0.125,F3,53,2,5,0.4338313043117523,False,0.6507174372673035,True,0.4103885591030121,False
1844,176,0.0,1.0,262.5000000000001,0.5,C5,72,1,1,0.6892649531364441,True,0.6832610964775085,True,0.39585554599761963,False
1845,176,0.0,1.0,262.5000000000001,0.5,C4,60,2,5,0.4419857859611511,False,0.5872929692268372,True,0.4240380525588989,False
1846,176,1.0,1.0,263.0000000000001,0.5,C4,60,1,1,0.5116040706634521,True,0.8489505648612976,True,0.4885948598384857,False
1847,176,2.0,1.0,263.5000000000001,0.5,C3,48,2,5,0.4421631693840027,False,0.5952889323234558,True,0.43370965123176575,False
1848,176,1.0,1.0,263.0000000000001,0.5,C2,36,2,5,0.3836568295955658,False,0.6162323951721191,True,0.4398694634437561,False
1849,177,0.0,0.0,264.0000000000001,0.0,F2,41,2,5,0.21011550724506378,False,0.5080479979515076,True,0.4102899730205536,False
1850,177,0.0,0.0,264.0000000000001,0.0,C4,60,1,1,0.3777090013027191,False,0.5205990672111511,True,0.4116121530532837,False
1851,177,0.0,0.0,264.0000000000001,0.0,C3,48,2,5,0.4523148238658905,False,0.5634125471115112,True,0.42257800698280334,False
1852,177,0.0,0.5,264.0000000000001,0.25,A4,69,1,1,0.5807974338531494,True,0.5648478269577026,True,0.29948556423187256,False
1853,177,0.0,1.0,264.0000000000001,0.5,F3,53,2,5,0.4458051323890686,False,0.6442226767539978,True,0.4156131446361542,False
1854,177,1.0,0.5,264.5000000000001,0.25,A4,69,1,1,0.5922589898109436,True,0.43122899532318115,False,0.38863056898117065,False
1855,177,2.0,0.5,265.0000000000001,0.25,A4,69,1,1,0.5460171699523926,True,0.5153687596321106,True,0.3009427785873413,False
1856,178,0.0,0.0,265.5000000000001,0.0,C3,48,2,6,0.5121661424636841,True,0.6027368307113647,True,0.42093420028686523,False
1857,178,0.0,0.0,265.5000000000001,0.0,E4,64,1,1,0.16015364229679108,False,0.4295141398906708,False,0.4030285179615021,False
1858,178,0.0,0.0,265.5000000000001,0.0,G3,55,2,6,0.44073954224586487,False,0.6150967478752136,True,0.4270927309989929,False
1859,178,0.0,1.5,265.5000000000001,0.75,C5,72,1,1,0.48860904574394226,False,0.605634331703186,True,0.418143093585968,False
1860,178,0.0,1.0,265.5000000000001,0.5,Bb3,58,2,6,0.5536619424819946,True,0.8073226809501648,True,0.14605963230133057,False
1861,178,1.5,0.5,266.2500000000001,0.25,Bb4,70,1,1,0.5716739892959595,True,0.6968955993652344,True,0.4363810122013092,False
1862,178,2.0,1.0,266.5000000000001,0.5,G4,67,1,1,0.690919816493988,True,0.735766589641571,True,0.444860577583313,False
1863,179,0.0,0.5,267.0000000000001,0.25,G4,67,1,1,0.6722081303596497,True,0.7388954162597656,True,0.44803646206855774,False
1864,179,0.0,1.0,267.0000000000001,0.5,A3,57,1,5,0.2247452586889267,False,0.4575730860233307,False,0.4064675271511078,False
1865,179,0.0,1.0,267.0000000000001,0.5,F2,41,2,6,0.2833523154258728,False,0.5720525979995728,True,0.4131178855895996,False
1866,179,0.5,0.5,267.2500000000001,0.25,F4,65,1,1,0.6213741302490234,True,0.6097131371498108,True,0.4056648910045624,False
1867,179,2.5,1.5,268.2500000000001,0.75,F4,65,1,1,0.8110965490341187,True,0.7222232222557068,True,0.4559910297393799,False
1868,179,1.0,1.5,267.5000000000001,0.75,C4,60,1,1,0.6431705951690674,True,0.7862781286239624,True,0.4994346797466278,False
1869,179,1.0,1.0,267.5000000000001,0.5,A2,45,2,6,0.20521174371242523,False,0.4763844609260559,False,0.41019314527511597,False
1870,179,2.0,1.0,268.0000000000001,0.5,C3,48,2,6,0.5633180737495422,True,0.6629374027252197,True,0.4274899959564209,False
1871,179,3.0,0.5,268.5000000000001,0.25,G4,67,1,1,0.6290637850761414,True,0.7689744234085083,True,0.4365423321723938,False
1872,179,2.5,0.5,268.2500000000001,0.25,E4,64,1,1,0.2388310730457306,False,0.49003365635871887,False,0.40203821659088135,False
1873,180,2.0,2.0,269.5000000000001,1.0,G4,67,1,1,0.636395275592804,True,0.7167539000511169,True,0.4638615548610687,False
1874,180,0.0,2.0,268.5000000000001,1.0,E4,64,1,1,0.21040625870227814,False,0.502827525138855,True,0.4085822105407715,False
1875,180,0.0,1.0,268.5000000000001,0.5,F3,53,2,6,0.3278884291648865,False,0.594997227191925,True,0.41846951842308044,False
1876,180,1.0,1.0,269.0000000000001,0.5,F2,41,2,6,0.21779921650886536,False,0.5273382067680359,True,0.41908198595046997,False
1877,180,3.0,1.0,270.0000000000001,0.5,A4,69,1,1,0.29945582151412964,False,0.49437952041625977,False,0.4083459973335266,False
1878,180,2.0,1.0,269.5000000000001,0.5,F4,65,1,1,0.4755411744117737,False,0.6951346397399902,True,0.4151354134082794,False
1879,181,0.0,1.5,270.0000000000001,0.75,Bb4,70,1,1,0.6105388402938843,True,0.7221928834915161,True,0.44993335008621216,False
1880,181,0.0,1.0,270.0000000000001,0.5,D3,50,2,6,0.7175727486610413,True,0.7860917448997498,True,0.3127846121788025,False
1881,181,2.0,1.0,271.0000000000001,0.5,Bb3,58,2,6,0.5143182277679443,True,0.7513291239738464,True,0.14484810829162598,False
1882,181,1.0,1.0,270.5000000000001,0.5,F3,53,2,6,0.2929585576057434,False,0.5704342126846313,True,0.4145568013191223,False
1883,181,1.5,0.0,270.7500000000001,0.0,C5,72,1,1,0.3200352191925049,False,0.4962993860244751,False,0.40573787689208984,False
1884,181,1.5,0.0,270.7500000000001,0.0,Bb4,70,1,1,0.6499735116958618,True,0.6309533715248108,True,0.4375625550746918,False
1885,181,1.5,0.0,270.7500000000001,0.0,A4,69,1,1,0.28640028834342957,False,0.46556124091148376,False,0.4020601212978363,False
1886,181,1.5,0.5,270.7500000000001,0.25,Bb4,70,1,1,0.6862714886665344,True,0.6958314180374146,True,0.43847984075546265,False
1887,181,2.0,0.5,271.0000000000001,0.25,C5,72,1,1,0.4082877039909363,False,0.5511900782585144,True,0.4081760048866272,False
1888,181,2.5,0.5,271.2500000000001,0.25,D5,74,1,1,0.7945860028266907,True,0.49802666902542114,False,0.39709731936454773,False
1889,182,0.0,0.5,271.5000000000001,0.25,D5,74,1,1,0.8029576539993286,True,0.3208329379558563,False,0.3963707387447357,False
1890,182,0.0,1.0,271.5000000000001,0.5,E3,52,2,6,0.24320264160633087,False,0.5170632004737854,True,0.41218268871307373,False
1891,182,0.5,0.5,271.7500000000001,0.25,C5,72,1,1,0.4132576584815979,False,0.5578632950782776,True,0.40888330340385437,False
1892,182,1.0,0.5,272.0000000000001,0.25,B4,71,1,1,0.5131130218505859,True,0.4158506691455841,False,0.38619351387023926,False
1893,182,2.0,1.0,272.5000000000001,0.5,C4,60,2,6,0.595231294631958,True,0.7269735932350159,True,0.4746874272823334,False
1894,182,1.0,1.0,272.0000000000001,0.5,G3,55,2,6,0.4202466905117035,False,0.6150301694869995,True,0.43860507011413574,False
1895,182,1.5,0.5,272.2500000000001,0.25,C5,72,1,1,0.4934677183628082,False,0.597140908241272,True,0.4100808799266815,False
1896,182,2.0,0.5,272.5000000000001,0.25,Bb4,70,1,1,0.7132512927055359,True,0.2904544174671173,False,0.4296838641166687,False
1897,182,2.5,0.5,272.7500000000001,0.25,G4,67,1,1,0.7753504514694214,True,0.7096394896507263,True,0.45262545347213745,False
1898,183,0.0,0.5,273.0000000000001,0.25,G#4,68,1,1,0.6139376759529114,True,0.7806041836738586,True,0.35163193941116333,False
1899,183,0.0,1.0,273.0000000000001,0.5,F3,53,2,6,0.20714545249938965,False,0.5255987048149109,True,0.4118250906467438,False
1900,183,0.5,0.5,273.2500000000001,0.25,A4,69,1,1,0.3769994080066681,False,0.5129680633544922,True,0.40139442682266235,False
1901,183,1.0,0.5,273.5000000000001,0.25,Bb4,70,1,1,0.7964972853660583,True,0.4279041886329651,False,0.4533134996891022,False
1902,183,2.0,1.0,274.0000000000001,0.5,F3,53,2,6,0.25739485025405884,False,0.5610554218292236,True,0.40997689962387085,False
1903,183,1.0,1.0,273.5000000000001,0.5,D3,50,2,6,0.6168808341026306,True,0.7270451188087463,True,0.31373223662376404,False
1904,183,1.5,0.5,273.7500000000001,0.25,A4,69,1,1,0.44115057587623596,False,0.5456923246383667,True,0.40096011757850647,False
1905,183,2.0,0.5,274.0000000000001,0.25,C5,72,1,1,0.6686950325965881,True,0.566796600818634,True,0.38511013984680176,False
1906,183,3.0,1.0,274.5000000000001,0.5,G3,55,2,6,0.38800400495529175,False,0.6126071214675903,True,0.4325040578842163,False
1907,183,2.0,1.0,274.0000000000001,0.5,Bb2,46,2,6,0.3507593870162964,False,0.6660677790641785,True,0.438504159450531,False
1908,183,2.5,0.5,274.2500000000001,0.25,Bb4,70,1,1,0.6025413274765015,True,0.28246787190437317,False,0.43017929792404175,False
1909,184,0.0,0.5,274.5000000000001,0.25,A4,69,1,1,0.5372607707977295,True,0.5879026651382446,True,0.29852035641670227,False
1910,184,1.0,1.0,275.0000000000001,0.5,E3,52,2,6,0.1802944839000702,False,0.4633558988571167,False,0.4114827811717987,False
1911,184,0.0,1.0,274.5000000000001,0.5,C3,48,2,6,0.43530401587486267,False,0.6010736227035522,True,0.4262165427207947,False
1912,184,0.5,0.5,274.7500000000001,0.25,G4,67,1,1,0.7561399340629578,True,0.8526073694229126,True,0.48442524671554565,False
1913,184,1.0,0.5,275.0000000000001,0.25,F4,65,1,1,0.6371210813522339,True,0.7704688906669617,True,0.4786495566368103,False
1914,184,1.5,0.5,275.2500000000001,0.25,E4,64,1,1,0.23302273452281952,False,0.4824712574481964,False,0.4040862023830414,False
1915,184,2.0,0.5,275.5000000000001,0.25,D4,62,1,1,0.5937014222145081,True,0.4189439117908478,False,0.3935641348361969,False
1916,184,2.5,0.5,275.7500000000001,0.25,C4,60,1,1,0.5289366841316223,True,0.6722372770309448,True,0.3924928307533264,False
1917,185,0.5,0.5,276.2500000000001,0.25,G#5,80,1,1,0.6020408868789673,True,0.472709596157074,False,0.40445613861083984,False
1918,185,0.0,0.5,276.0000000000001,0.25,G#4,68,1,1,0.6618742346763611,True,0.5576292276382446,True,0.4815589189529419,False
1919,185,0.0,0.3333333333333333,276.0000000000001,0.16666666666666666,F3,53,2,6,0.2529550790786743,False,0.5402200222015381,True,0.4100881516933441,False
1920,185,0.3333333333333333,0.3333333333333333,276.1666666666668,0.16666666666666666,A3,57,2,6,0.4396856129169464,False,0.5492027997970581,True,0.40718361735343933,False
1921,185,1.0,0.5,276.5000000000001,0.25,A5,81,1,1,0.8715201616287231,True,0.5471721887588501,True,0.3418678343296051,False
1922,185,0.5,0.5,276.2500000000001,0.25,A4,69,1,1,0.42287370562553406,False,0.5441363453865051,True,0.39260461926460266,False
1923,185,0.6666666666666666,0.3333333333333333,276.3333333333335,0.16666666666666666,C4,60,2,6,0.5534669756889343,True,0.6746235489845276,True,0.3566754162311554,False
1924,185,1.5,0.5,276.7500000000001,0.25,G#5,80,1,1,0.7324637770652771,True,0.3931927978992462,False,0.4058540165424347,False
1925,185,1.0,0.5,276.5000000000001,0.25,G#4,68,1,1,0.6055746078491211,True,0.47885769605636597,False,0.4072055220603943,False
1926,185,1.0,0.3333333333333333,276.50000000000017,0.16666666666666666,F3,53,2,6,0.28279659152030945,False,0.551464855670929,True,0.40601611137390137,False
1927,185,1.3333333333333333,0.3333333333333333,276.66666666666686,0.16666666666666666,A3,57,2,6,0.267678827047348,False,0.4720745086669922,False,0.4070330560207367,False
1928,185,2.0,0.5,277.0000000000001,0.25,A5,81,1,1,0.8784192800521851,True,0.3893735408782959,False,0.38825881481170654,False
1929,185,1.5,0.5,276.7500000000001,0.25,A4,69,1,1,0.5723817348480225,True,0.30643534660339355,False,0.3826840817928314,False
1930,185,1.6666666666666667,0.3333333333333333,276.83333333333354,0.16666666666666666,C4,60,2,6,0.6165998578071594,True,0.6846765875816345,True,0.35137543082237244,False
1931,185,2.5,0.5,277.2500000000001,0.25,G#5,80,1,1,0.6460828185081482,True,0.36554694175720215,False,0.40836718678474426,False
1932,185,2.0,0.5,277.0000000000001,0.25,G#4,68,1,1,0.4468840956687927,False,0.6027320027351379,True,0.4114481508731842,False
1933,185,2.0,0.3333333333333333,277.0000000000002,0.16666666666666666,F3,53,2,6,0.33142566680908203,False,0.57803875207901,True,0.4040321409702301,False
1934,185,2.3333333333333335,0.3333333333333333,277.1666666666669,0.16666666666666666,A3,57,2,6,0.20580452680587769,False,0.4550791084766388,False,0.4070301949977875,False
1935,185,3.0,0.5,277.5000000000001,0.25,A5,81,1,1,0.7444607019424438,True,0.40567129850387573,False,0.3910966217517853,False
1936,185,2.5,0.5,277.2500000000001,0.25,A4,69,1,1,0.5303170680999756,True,0.37087270617485046,False,0.3705202639102936,False
1937,185,2.6666666666666665,0.3333333333333333,277.3333333333336,0.16666666666666666,C4,60,2,6,0.6306582689285278,True,0.7097734212875366,True,0.3430621027946472,False
1938,186,0.5,0.5,277.7500000000003,0.25,B5,83,1,1,0.898037314414978,True,0.1391519457101822,False,0.41437968611717224,False
1939,186,0.0,0.5,277.5000000000003,0.25,B4,71,1,1,0.49581652879714966,False,0.5424202084541321,True,0.3863076865673065,False
1940,186,0.0,0.3333333333333333,277.5000000000003,0.16666666666666666,E3,52,2,6,0.11489153653383255,False,0.4206550121307373,False,0.40863361954689026,False
1941,186,0.3333333333333333,0.3333333333333333,277.66666666666697,0.16666666666666666,G3,55,2,6,0.45081573724746704,False,0.6463949084281921,True,0.43366551399230957,False
1942,186,1.0,0.5,278.0000000000003,0.25,C6,84,1,1,0.7344375848770142,True,0.17748138308525085,False,0.4056120216846466,False
1943,186,0.5,0.5,277.7500000000003,0.25,C5,72,1,1,0.6066477298736572,True,0.5105563402175903,True,0.3916196823120117,False
1944,186,0.6666666666666666,0.3333333333333333,277.83333333333366,0.16666666666666666,C4,60,2,6,0.647567629814148,True,0.7684674263000488,True,0.34080421924591064,False
1945,186,1.5,0.5,278.2500000000003,0.25,B5,83,1,1,0.7115685939788818,True,0.05644051730632782,False,0.41183480620384216,False
1946,186,1.0,0.5,278.0000000000003,0.25,B4,71,1,1,0.4078487455844879,False,0.5165379047393799,True,0.38890835642814636,False
1947,186,1.0,0.3333333333333333,278.00000000000034,0.16666666666666666,E3,52,2,6,0.15951156616210938,False,0.4432491064071655,False,0.4082367420196533,False
1948,186,1.3333333333333333,0.3333333333333333,278.166666666667,0.16666666666666666,G3,55,2,6,0.42455989122390747,False,0.6352537870407104,True,0.427045077085495,False
1949,186,2.0,0.5,278.5000000000003,0.25,C6,84,1,1,0.819370448589325,True,0.16022059321403503,False,0.4082958400249481,False
1950,186,1.5,0.5,278.2500000000003,0.25,C5,72,1,1,0.6781696677207947,True,0.2919761538505554,False,0.41820254921913147,False
1951,186,1.6666666666666667,0.3333333333333333,278.3333333333337,0.16666666666666666,C4,60,2,6,0.5921415090560913,True,0.6249410510063171,True,0.40950343012809753,False
1952,186,2.0,0.5,278.5000000000003,0.25,Bb5,82,1,1,0.5645879507064819,True,0.11637458950281143,False,0.41280603408813477,False
1953,186,2.0,0.3333333333333333,278.5000000000004,0.16666666666666666,E3,52,2,6,0.1643318086862564,False,0.4402007460594177,False,0.4064883291721344,False
1954,186,2.3333333333333335,0.3333333333333333,278.6666666666671,0.16666666666666666,Bb3,58,2,6,0.637691855430603,True,0.8536988496780396,True,0.13417798280715942,False
1955,186,2.5,0.5,278.7500000000003,0.25,G5,79,1,1,0.814166784286499,True,0.15733478963375092,False,0.4166143238544464,False
1956,186,2.6666666666666665,0.3333333333333333,278.83333333333377,0.16666666666666666,C4,60,2,6,0.624789834022522,True,0.7704710960388184,True,0.4262259304523468,False
1957,187,0.0,0.5,279.00000000000045,0.25,G5,79,1,1,0.8047506213188171,True,0.08128239959478378,False,0.417452335357666,False
1958,187,1.0,1.0,279.50000000000045,0.5,A3,57,2,6,0.23901914060115814,False,0.49401313066482544,False,0.4064929187297821,False
1959,187,0.0,1.0,279.00000000000045,0.5,F3,53,2,6,0.218764066696167,False,0.5280165672302246,True,0.41046643257141113,False
1960,187,0.5,0.5,279.25000000000045,0.25,F5,77,1,1,0.4389037787914276,False,0.6453779935836792,True,0.4129457175731659,False
1961,187,1.0,0.5,279.50000000000045,0.25,G5,79,1,1,0.8415672779083252,True,0.04283237084746361,False,0.41759616136550903,False
1962,187,1.0,1.0,279.50000000000045,0.5,C5,72,1,5,0.7393289804458618,True,0.26067909598350525,False,0.4173884391784668,False
1963,187,1.0,1.0,279.50000000000045,0.5,A3,57,2,6,0.2108408361673355,False,0.4808329641819,False,0.40732771158218384,False
1964,187,1.5,0.5,279.75000000000045,0.25,F5,77,1,1,0.5030242204666138,True,0.23738473653793335,False,0.40638768672943115,False
1965,187,2.0,0.5,280.00000000000045,0.25,A5,81,1,1,0.9032022356987,True,0.22327889502048492,False,0.4192295968532562,False
1966,187,2.0,1.0,280.00000000000045,0.5,E5,76,1,5,0.6436256766319275,True,0.12813854217529297,False,0.408351331949234,False
1967,187,2.0,1.0,280.00000000000045,0.5,C4,60,2,6,0.2932349145412445,False,0.523079514503479,True,0.4059299826622009,False
1968,187,2.5,0.5,280.25000000000045,0.25,G5,79,1,1,0.6378985643386841,True,0.04816312715411186,False,0.4160473644733429,False
1969,188,0.0,1.5,280.50000000000045,0.75,G5,79,1,1,0.8069868087768555,True,0.05550225451588631,False,0.4174046218395233,False
1970,188,0.0,3.0,280.50000000000045,1.5,E5,76,1,5,0.6287606358528137,True,0.13949771225452423,False,0.40883567929267883,False
1971,188,0.0,1.0,280.50000000000045,0.5,F4,65,2,6,0.763308048248291,True,0.8976196050643921,True,0.47848159074783325,False
1972,188,1.0,1.0,281.00000000000045,0.5,C4,60,2,6,0.38130834698677063,False,0.5832035541534424,True,0.40761709213256836,False
1973,188,1.5,0.5,281.25000000000045,0.25,G#5,80,1,1,0.7069603800773621,True,0.15117165446281433,False,0.4111076891422272,False
1974,188,2.0,1.0,281.50000000000045,0.5,A5,81,1,1,0.726003885269165,True,0.20133653283119202,False,0.40730011463165283,False
1975,188,2.0,1.0,281.50000000000045,0.5,F3,53,2,6,0.09028860926628113,False,0.44409024715423584,False,0.41121482849121094,False
1976,189,0.0,1.5,282.00000000000045,0.75,Bb5,82,1,1,0.6061357855796814,True,0.10327468067407608,False,0.41745322942733765,False
1977,189,0.0,0.5,282.00000000000045,0.25,D4,62,2,5,0.580851674079895,True,0.4837585389614105,False,0.38477957248687744,False
1978,189,0.5,0.5,282.25000000000045,0.25,F4,65,2,5,0.7078529596328735,True,0.7825049757957458,True,0.4608883559703827,False
1979,189,1.0,0.5,282.50000000000045,0.25,Bb4,70,2,5,0.636033296585083,True,0.27688366174697876,False,0.4205201268196106,False
1980,189,1.5,0.0,282.75000000000045,0.0,C6,84,1,1,0.6510187983512878,True,0.14284993708133698,False,0.41280797123908997,False
1981,189,1.5,0.0,282.75000000000045,0.0,Bb5,82,1,1,0.5697193145751953,True,0.09215352684259415,False,0.4154394268989563,False
1982,189,1.5,0.0,282.75000000000045,0.0,A5,81,1,1,0.7009806036949158,True,0.14634522795677185,False,0.41091370582580566,False
1983,189,1.5,0.5,282.75000000000045,0.25,Bb5,82,1,1,0.6697229146957397,True,0.09088575839996338,False,0.4169822931289673,False
1984,189,1.5,0.5,282.75000000000045,0.25,F4,65,2,5,0.6861670613288879,True,0.7966822385787964,True,0.4487481415271759,False
1985,189,2.0,0.5,283.00000000000045,0.25,C6,84,1,1,0.6966899037361145,True,0.16262272000312805,False,0.4100671410560608,False
1986,189,2.0,0.5,283.00000000000045,0.25,D4,62,2,5,0.5126008987426758,True,0.4748673737049103,False,0.3769572675228119,False
1987,189,2.5,0.5,283.25000000000045,0.25,D6,86,1,1,0.9295791983604431,True,0.29342347383499146,False,0.4343445897102356,False
1988,189,2.5,0.5,283.25000000000045,0.25,F4,65,2,5,0.6596865057945251,True,0.8653635382652283,True,0.4613908529281616,False
1989,190,0.0,0.5,283.50000000000045,0.25,D6,86,1,1,0.8811083436012268,True,0.21271497011184692,False,0.4196754992008209,False
1990,190,0.0,0.5,283.50000000000045,0.25,E4,64,2,5,0.3100358247756958,False,0.5009737610816956,True,0.3992726504802704,False
1991,190,0.5,0.5,283.75000000000045,0.25,C6,84,1,1,0.7001042366027832,True,0.12851864099502563,False,0.4121360182762146,False
1992,190,0.5,0.5,283.75000000000045,0.25,G4,67,2,5,0.8156566619873047,True,0.6239446401596069,True,0.34175100922584534,False
1993,190,1.0,0.5,284.00000000000045,0.25,B5,83,1,1,0.5447671413421631,True,0.05452221259474754,False,0.41256052255630493,False
1994,190,1.0,0.5,284.00000000000045,0.25,C5,72,2,5,0.8950328826904297,True,0.350870817899704,False,0.41916996240615845,False
1995,190,1.5,0.5,284.25000000000045,0.25,C6,84,1,1,0.7573773264884949,True,0.17828570306301117,False,0.4112631380558014,False
1996,190,1.5,0.5,284.25000000000045,0.25,G4,67,2,5,0.7843999266624451,True,0.705329418182373,True,0.3177846670150757,False
1997,190,2.0,0.5,284.50000000000045,0.25,Bb5,82,1,1,0.6808961033821106,True,0.08197713643312454,False,0.4174438714981079,False
1998,190,2.0,0.5,284.50000000000045,0.25,E4,64,2,5,0.3291647136211395,False,0.5168918967247009,True,0.40107420086860657,False
1999,190,2.5,0.5,284.75000000000045,0.25,G5,79,1,1,0.8229601383209229,True,0.05547352507710457,False,0.4156591296195984,False
2000,190,2.5,0.5,284.75000000000045,0.25,G4,67,2,5,0.7657334208488464,True,0.6534990072250366,True,0.3037850856781006,False
2001,191,0.0,0.5,285.00000000000045,0.25,G#5,80,1,1,0.6138563752174377,True,0.11296829581260681,False,0.41283124685287476,False
2002,191,0.0,1.0,285.00000000000045,0.5,F4,65,2,5,0.6713108420372009,True,0.6774855256080627,True,0.4575585722923279,False
2003,191,0.5,0.5,285.25000000000045,0.25,A5,81,1,1,0.617936909198761,True,0.14638273417949677,False,0.40830108523368835,False
2004,191,1.0,0.5,285.50000000000045,0.25,C6,84,1,1,0.8636462092399597,True,0.24349592626094818,False,0.40958020091056824,False
2005,191,2.0,1.0,286.00000000000045,0.5,G4,67,2,5,0.8033757209777832,True,0.6587498784065247,True,0.3184608519077301,False
2006,191,1.0,1.0,285.50000000000045,0.5,Bb3,58,2,5,0.3518516719341278,False,0.6523703336715698,True,0.4269753098487854,False
2007,191,1.5,0.5,285.75000000000045,0.25,Bb5,82,1,1,0.5125126838684082,True,0.07911866158246994,False,0.4150084853172302,False
2008,191,2.0,0.5,286.00000000000045,0.25,G5,79,1,1,0.8462927937507629,True,0.05871557071805,False,0.41680875420570374,False
2009,191,3.0,1.0,286.50000000000045,0.5,Bb4,70,2,5,0.5912120938301086,True,0.26240769028663635,False,0.41683587431907654,False
2010,191,2.0,1.0,286.00000000000045,0.5,C4,60,2,5,0.20989520847797394,False,0.4706701934337616,False,0.40597137808799744,False
2011,191,2.5,0.5,286.25000000000045,0.25,E5,76,1,1,0.519208550453186,True,0.12477953732013702,False,0.4036973714828491,False
2012,192,0.0,0.5,286.50000000000045,0.25,F5,77,1,1,0.8947382569313049,True,0.2214963287115097,False,0.41031521558761597,False
2013,192,1.0,1.0,287.00000000000045,0.5,A4,69,2,5,0.837770938873291,True,0.8214755058288574,True,0.376819372177124,False
2014,192,0.0,1.0,286.50000000000045,0.5,F4,65,2,5,0.6679313778877258,True,0.737096905708313,True,0.40199828147888184,False
2015,192,0.5,0.5,286.75000000000045,0.25,C5,72,1,1,0.7331355810165405,True,0.4090423583984375,False,0.42284679412841797,False
2016,192,1.0,1.0,287.00000000000045,0.5,A4,69,2,5,0.7769429087638855,True,0.6175533533096313,True,0.3713357746601105,False
2017,192,1.5,0.5,287.25000000000045,0.25,C5,72,1,1,0.571097731590271,True,0.2876242697238922,False,0.41408079862594604,False
2018,192,2.0,1.0,287.50000000000045,0.5,F4,65,2,5,0.4496673345565796,False,0.6806973218917847,True,0.41469424962997437,False
2019,192,2.5,0.5,287.75000000000045,0.25,C5,72,1,1,0.540569007396698,True,0.3448044955730438,False,0.408102810382843,False
2020,193,0.5,0.5,288.25000000000045,0.25,C5,72,1,1,0.7623530030250549,True,0.6280229687690735,True,0.4274824559688568,False
2021,193,0.0,0.5,288.00000000000045,0.25,Bb4,70,1,1,0.6995714902877808,True,0.5684568881988525,True,0.44569215178489685,False
2022,193,0.0,1.0,288.00000000000045,0.5,G4,67,2,5,0.7904799580574036,True,0.7533958554267883,True,0.3678533732891083,False
2023,193,1.0,0.5,288.50000000000045,0.25,C5,72,1,1,0.6147593855857849,True,0.3963938057422638,False,0.4107208251953125,False
2024,193,0.5,0.5,288.25000000000045,0.25,Bb4,70,1,1,0.6703036427497864,True,0.540883481502533,True,0.47981753945350647,False
2025,193,1.0,1.0,288.50000000000045,0.5,E4,64,2,5,0.3799843192100525,False,0.5671993494033813,True,0.4062891900539398,False
2026,193,2.0,0.5,289.00000000000045,0.25,C5,72,1,1,0.5412600636482239,True,0.237408846616745,False,0.415463924407959,False
2027,193,1.5,0.5,288.75000000000045,0.25,Bb4,70,1,1,0.677634596824646,True,0.3975212574005127,False,0.43343889713287354,False
2028,193,2.0,1.0,289.00000000000045,0.5,C4,60,2,5,0.40136483311653137,False,0.599785327911377,True,0.41103875637054443,False
2029,193,3.0,0.5,289.50000000000045,0.25,C5,72,1,1,0.5740115642547607,True,0.2594636380672455,False,0.40968266129493713,False
2030,193,2.5,0.5,289.25000000000045,0.25,Bb4,70,1,1,0.6531330347061157,True,0.3508388102054596,False,0.4197119474411011,False
2031,194,0.5,0.5,289.75000000000045,0.25,C5,72,1,1,0.6578570604324341,True,0.3471835255622864,False,0.4173138737678528,False
2032,194,0.0,0.5,289.50000000000045,0.25,Ab4,68,1,1,0.5287532806396484,True,0.7738185524940491,True,0.3866903781890869,False
2033,194,0.0,1.0,289.50000000000045,0.5,F3,53,2,5,0.12414614856243134,False,0.46147480607032776,False,0.4107588231563568,False
2034,194,1.0,0.5,290.00000000000045,0.25,C5,72,1,1,0.5639275908470154,True,0.3472486436367035,False,0.41425976157188416,False
2035,194,0.5,0.5,289.75000000000045,0.25,Ab4,68,1,1,0.5566527843475342,True,0.7233372330665588,True,0.4151357114315033,False
2036,194,1.0,1.0,290.00000000000045,0.5,Ab3,56,2,5,0.47896209359169006,False,0.6683071851730347,True,0.4216131865978241,False
2037,194,2.0,0.5,290.50000000000045,0.25,C5,72,1,1,0.5873695611953735,True,0.24190355837345123,False,0.4138776659965515,False
2038,194,1.5,0.5,290.25000000000045,0.25,Ab4,68,1,1,0.5116010904312134,True,0.5573866367340088,True,0.3848908841609955,False
2039,194,2.0,1.0,290.50000000000045,0.5,F3,53,2,5,0.13326486945152283,False,0.46665531396865845,False,0.41060924530029297,False
2040,194,3.0,0.5,291.00000000000045,0.25,C5,72,1,1,0.5269396901130676,True,0.2527485489845276,False,0.4100044369697571,False
2041,194,2.5,0.5,290.75000000000045,0.25,Ab4,68,1,1,0.5455251336097717,True,0.6441544890403748,True,0.3871845006942749,False
2042,195,0.5,0.5,291.25000000000045,0.25,C5,72,1,1,0.7201321721076965,True,0.48223212361335754,False,0.4234171211719513,False
2043,195,0.0,0.5,291.00000000000045,0.25,Bb4,70,1,1,0.702319860458374,True,0.5121726989746094,True,0.4243241250514984,False
2044,195,0.0,1.0,291.00000000000045,0.5,G3,55,2,5,0.6361792087554932,True,0.7148314118385315,True,0.435707688331604,False
2045,195,1.0,0.5,291.50000000000045,0.25,C5,72,1,1,0.5525786876678467,True,0.26431402564048767,False,0.4144376814365387,False
2046,195,0.5,0.5,291.25000000000045,0.25,Bb4,70,1,1,0.6103202700614929,True,0.4899854063987732,False,0.43475526571273804,False
2047,195,1.0,1.0,291.50000000000045,0.5,E3,52,2,5,0.15485471487045288,False,0.456599622964859,False,0.41059184074401855,False
2048,195,2.0,0.5,292.00000000000045,0.25,C5,72,1,1,0.5137341022491455,True,0.22800607979297638,False,0.41479194164276123,False
2049,195,1.5,0.5,291.75000000000045,0.25,Bb4,70,1,1,0.5968201756477356,True,0.453142374753952,False,0.42790699005126953,False
2050,195,2.0,1.0,292.00000000000045,0.5,C3,48,2,5,0.27198970317840576,False,0.5094360113143921,True,0.4113423824310303,False
2051,195,3.0,0.5,292.50000000000045,0.25,C5,72,1,1,0.5663105845451355,True,0.28739991784095764,False,0.4066391885280609,False
2052,195,2.5,0.5,292.25000000000045,0.25,Bb4,70,1,1,0.655651330947876,True,0.44410157203674316,False,0.41126999258995056,False
2053,196,0.5,0.5,292.75000000000045,0.25,C5,72,1,1,0.5909428596496582,True,0.3125103712081909,False,0.4115045666694641,False
2054,196,0.0,0.5,292.50000000000045,0.25,Ab4,68,1,1,0.6104760766029358,True,0.7505108714103699,True,0.40784499049186707,False
2055,196,1.0,1.0,293.00000000000045,0.5,F3,53,2,5,0.3456130623817444,False,0.5625514984130859,True,0.4060053527355194,False
2056,196,0.0,1.0,292.50000000000045,0.5,F2,41,2,5,0.2784523665904999,False,0.5690407156944275,True,0.41659894585609436,False
2057,196,1.0,0.5,293.00000000000045,0.25,C5,72,1,1,0.52569580078125,True,0.30438941717147827,False,0.40918466448783875,False
2058,196,0.5,0.5,292.75000000000045,0.25,Ab4,68,1,1,0.6371809244155884,True,0.715460479259491,True,0.405571311712265,False
2059,196,1.0,1.0,293.00000000000045,0.5,Ab3,56,2,5,0.5310733914375305,True,0.6787858605384827,True,0.32748591899871826,False
2060,196,2.0,0.5,293.50000000000045,0.25,C5,72,1,1,0.42494964599609375,False,0.5673468708992004,True,0.4091595411300659,False
2061,196,1.5,0.5,293.25000000000045,0.25,Ab4,68,1,1,0.4675159454345703,False,0.6337403059005737,True,0.41430649161338806,False
2062,196,2.0,1.0,293.50000000000045,0.5,C4,60,2,5,0.5892549157142639,True,0.8400443196296692,True,0.17992281913757324,False
2063,196,3.0,0.5,294.00000000000045,0.25,C5,72,1,1,0.32694754004478455,False,0.5126605033874512,True,0.4003544747829437,False
2064,196,2.5,0.5,293.75000000000045,0.25,Ab4,68,1,1,0.5619398951530457,True,0.6917049884796143,True,0.33388084173202515,False
2065,197,0.5,0.5,294.25000000000045,0.25,Db5,73,1,1,0.7452796697616577,True,0.6485156416893005,True,0.34169092774391174,False
2066,197,0.0,0.5,294.00000000000045,0.25,Ab4,68,1,1,0.5165563225746155,True,0.6752934455871582,True,0.39331138134002686,False
2067,197,1.0,1.0,294.50000000000045,0.5,Bb3,58,2,5,0.5014581084251404,True,0.5996406674385071,True,0.0890132263302803,False
2068,197,0.0,1.0,294.00000000000045,0.5,Bb2,46,2,5,0.572708010673523,True,0.8589287996292114,True,0.5212936997413635,True
2069,197,1.0,0.5,294.50000000000045,0.25,Db5,73,1,1,0.6935478448867798,True,0.5977537035942078,True,0.4001140594482422,False
2070,197,0.5,0.5,294.25000000000045,0.25,Ab4,68,1,1,0.486960768699646,False,0.6547867655754089,True,0.4215606153011322,False
2071,197,1.0,1.0,294.50000000000045,0.5,Db4,61,2,5,0.6431612372398376,True,0.7324859499931335,True,0.4121852517127991,False
2072,197,2.0,0.5,295.00000000000045,0.25,Db5,73,1,1,0.6609436273574829,True,0.44770383834838867,False,0.4045075476169586,False
2073,197,1.5,0.5,294.75000000000045,0.25,Ab4,68,1,1,0.4553290903568268,False,0.6267245411872864,True,0.4132521152496338,False
2074,197,2.0,1.0,295.00000000000045,0.5,F4,65,2,5,0.4326247572898865,False,0.6968812942504883,True,0.43694600462913513,False
2075,197,3.0,0.5,295.50000000000045,0.25,Db5,73,1,1,0.643836259841919,True,0.4686662256717682,False,0.3925369083881378,False
2076,197,2.5,0.5,295.25000000000045,0.25,Ab4,68,1,1,0.353153795003891,False,0.5782037377357483,True,0.40543442964553833,False
2077,198,0.5,0.5,295.75000000000045,0.25,Db5,73,1,1,0.8376069664955139,True,0.6098424196243286,True,0.15492282807826996,False
2078,198,0.0,0.5,295.50000000000045,0.25,G4,67,1,1,0.8877957463264465,True,0.756225049495697,True,0.037940774112939835,False
2079,198,1.0,1.0,296.00000000000045,0.5,Eb3,51,2,5,0.6341821551322937,True,0.6484415531158447,True,0.209850013256073,False
2080,198,0.0,1.0,295.50000000000045,0.5,Eb2,39,2,5,0.615624725818634,True,0.8303812146186829,True,0.8391274809837341,True
2081,198,1.0,0.5,296.00000000000045,0.25,Db5,73,1,1,0.6942466497421265,True,0.6160212159156799,True,0.3480627238750458,False
2082,198,0.5,0.5,295.75000000000045,0.25,G4,67,1,1,0.7909491062164307,True,0.807714581489563,True,0.10107555240392685,False
2083,198,1.0,1.0,296.00000000000045,0.5,G3,55,2,5,0.7962917685508728,True,0.8273044228553772,True,0.47913700342178345,False
2084,198,2.0,0.5,296.50000000000045,0.25,Db5,73,1,1,0.7217599153518677,True,0.5284392237663269,True,0.38288557529449463,False
2085,198,1.5,0.5,296.25000000000045,0.25,G4,67,1,1,0.7856886386871338,True,0.7366776466369629,True,0.28178152441978455,False
2086,198,2.0,1.0,296.50000000000045,0.5,Bb3,58,2,5,0.38672998547554016,False,0.6641160845756531,True,0.42957058548927307,False
2087,198,3.0,0.5,297.00000000000045,0.25,Db5,73,1,1,0.6422362327575684,True,0.35679078102111816,False,0.3859347999095917,False
2088,198,2.5,0.5,296.75000000000045,0.25,G4,67,1,1,0.773831844329834,True,0.7830187082290649,True,0.20622289180755615,False
2089,199,0.5,0.5,297.25000000000045,0.25,C5,72,1,1,0.6656821370124817,True,0.4107184112071991,False,0.4091477394104004,False
2090,199,0.0,0.5,297.00000000000045,0.25,G4,67,1,1,0.8267073631286621,True,0.8252027630805969,True,0.3144984245300293,False
2091,199,1.0,1.0,297.50000000000045,0.5,Ab3,56,2,5,0.1792479008436203,False,0.4830639958381653,False,0.4119069278240204,False
2092,199,0.0,1.0,297.00000000000045,0.5,Ab2,44,2,5,0.5459709167480469,True,0.756868839263916,True,0.2964005172252655,False
2093,199,1.0,0.5,297.50000000000045,0.25,C5,72,1,1,0.5069224238395691,True,0.3465859889984131,False,0.40714433789253235,False
2094,199,0.5,0.5,297.25000000000045,0.25,G4,67,1,1,0.7395956516265869,True,0.7018803358078003,True,0.2668362855911255,False
2095,199,1.0,1.0,297.50000000000045,0.5,C4,60,2,5,0.747351884841919,True,0.7913371920585632,True,0.15243522822856903,False
2096,199,2.0,0.5,298.00000000000045,0.25,C5,72,1,1,0.4669699966907501,False,0.5723011493682861,True,0.4079555571079254,False
2097,199,1.5,0.5,297.75000000000045,0.25,G4,67,1,1,0.7732197046279907,True,0.7298886179924011,True,0.41305074095726013,False
2098,199,2.0,1.0,298.00000000000045,0.5,Eb4,63,2,5,0.43149787187576294,False,0.6308685541152954,True,0.43695664405822754,False
2099,199,3.0,0.5,298.50000000000045,0.25,C5,72,1,1,0.32680296897888184,False,0.4908064007759094,False,0.39907798171043396,False
2100,199,2.5,0.5,298.25000000000045,0.25,G4,67,1,1,0.47306862473487854,False,0.6153422594070435,True,0.4164431691169739,False
2101,200,0.5,0.5,298.75000000000045,0.25,C5,72,1,1,0.6335833072662354,True,0.4484858214855194,False,0.41082170605659485,False
2102,200,0.0,0.5,298.50000000000045,0.25,F4,65,1,1,0.33631423115730286,False,0.5988703370094299,True,0.42940303683280945,False
2103,200,1.0,1.0,299.00000000000045,0.5,Db3,49,2,5,0.830638587474823,True,0.8204664587974548,True,0.4003320038318634,False
2104,200,0.0,1.0,298.50000000000045,0.5,Db2,37,2,5,0.5537927150726318,True,0.5705596804618835,True,0.6472113132476807,True
2105,200,1.0,0.5,299.00000000000045,0.25,C5,72,1,1,0.42310890555381775,False,0.5467426776885986,True,0.4059084951877594,False
2106,200,0.5,0.5,298.75000000000045,0.25,F4,65,1,1,0.1904517412185669,False,0.4936578869819641,False,0.41389894485473633,False
2107,200,1.0,1.0,299.00000000000045,0.5,Db4,61,2,5,0.6462234854698181,True,0.801676332950592,True,0.35250014066696167,False
2108,200,2.0,0.5,299.50000000000045,0.25,C5,72,1,1,0.32369324564933777,False,0.5013800263404846,True,0.4035591781139374,False
2109,200,1.5,0.5,299.25000000000045,0.25,F4,65,1,1,0.1268220990896225,False,0.457083523273468,False,0.41179490089416504,False
2110,200,2.5,0.5,299.75000000000045,0.25,Bb4,70,1,1,0.6286761164665222,True,0.6767343878746033,True,0.300253301858902,False
2111,200,2.0,0.5,299.50000000000045,0.25,F4,65,1,1,0.27423548698425293,False,0.5642736554145813,True,0.419171005487442,False
2112,200,3.0,1.0,300.00000000000045,0.5,G3,55,2,5,0.8404285311698914,True,0.7136353254318237,True,0.44845321774482727,False
2113,200,2.0,1.0,299.50000000000045,0.5,G2,43,2,5,0.5228343605995178,True,0.5259750485420227,True,0.5671089887619019,True
2114,200,3.0,0.5,300.00000000000045,0.25,Bb4,70,1,1,0.45776480436325073,False,0.6824500560760498,True,0.43555235862731934,False
2115,200,2.5,0.5,299.75000000000045,0.25,F4,65,1,1,0.16626489162445068,False,0.47944265604019165,False,0.4130971133708954,False
2116,201,0.0,1.0,300.00000000000045,0.5,G4,67,2,5,0.7998436093330383,True,0.9314696788787842,True,0.41468027234077454,False
2117,201,1.0,0.5,300.50000000000045,0.25,Bb4,70,1,1,0.38066497445106506,False,0.6637032628059387,True,0.4231381118297577,False
2118,201,0.5,0.5,300.25000000000045,0.25,F4,65,1,1,0.1070559173822403,False,0.4475608468055725,False,0.4104595482349396,False
2119,201,1.5,0.5,300.75000000000045,0.25,Bb4,70,1,1,0.6069698929786682,True,0.6584711670875549,True,0.39263322949409485,False
2120,201,1.0,0.5,300.50000000000045,0.25,E4,64,1,1,0.37395036220550537,False,0.5454378724098206,True,0.4065878093242645,False
2121,201,2.0,1.0,301.00000000000045,0.5,C3,48,2,5,0.5433568954467773,True,0.5789884924888611,True,0.3476003110408783,False
2122,201,1.0,1.0,300.50000000000045,0.5,C2,36,2,5,0.5109888911247253,True,0.7866126298904419,True,0.6463192105293274,True
2123,201,2.0,0.5,301.00000000000045,0.25,Bb4,70,1,1,0.47745731472969055,False,0.7175188064575195,True,0.4456210732460022,False
2124,201,1.5,0.5,300.75000000000045,0.25,E4,64,1,1,0.28188079595565796,False,0.49215808510780334,False,0.4047665596008301,False
2125,201,2.0,1.0,301.00000000000045,0.5,C4,60,2,5,0.571877121925354,True,0.7195632457733154,True,0.1805044710636139,False
2126,201,3.0,0.5,301.50000000000045,0.25,Bb4,70,1,1,0.4977685213088989,False,0.739579975605011,True,0.451288104057312,False
2127,201,2.5,0.5,301.25000000000045,0.25,E4,64,1,1,0.24622057378292084,False,0.4726502597332001,False,0.4025474786758423,False
2128,202,0.0,1.0,301.50000000000045,0.5,Db4,61,2,6,0.7713825702667236,True,0.7847362756729126,True,0.41904371976852417,False
2129,202,1.0,0.5,302.00000000000045,0.25,Ab4,68,1,1,0.507352888584137,True,0.7009263038635254,True,0.42103296518325806,False
2130,202,0.5,0.5,301.75000000000045,0.25,F4,65,1,1,0.2738044857978821,False,0.5600225329399109,True,0.4200032949447632,False
2131,202,1.0,1.0,302.00000000000045,0.5,C4,60,2,6,0.7321904897689819,True,0.794903576374054,True,0.1708013117313385,False
2132,202,2.0,0.5,302.50000000000045,0.25,Ab4,68,1,1,0.5755717158317566,True,0.6915799379348755,True,0.41403844952583313,False
2133,202,1.5,0.5,302.25000000000045,0.25,F4,65,1,1,0.30151262879371643,False,0.5622739791870117,True,0.4182860553264618,False
2134,202,2.0,1.0,302.50000000000045,0.5,B3,59,2,6,0.1196809709072113,False,0.4419664442539215,False,0.41097766160964966,False
2135,202,3.0,0.5,303.00000000000045,0.25,Ab4,68,1,1,0.48868268728256226,False,0.660026490688324,True,0.4127689003944397,False
2136,202,2.5,0.5,302.75000000000045,0.25,F4,65,1,1,0.26928913593292236,False,0.5522070527076721,True,0.4153757393360138,False
2137,203,0.5,0.5,303.25000000000045,0.25,G4,67,1,1,0.849659264087677,True,0.8932161331176758,True,0.4311434328556061,False
2138,203,0.0,0.5,303.00000000000045,0.25,E4,64,1,1,0.2121681571006775,False,0.4650013744831085,False,0.402535617351532,False
2139,203,0.0,1.0,303.00000000000045,0.5,C4,60,2,6,0.7510852217674255,True,0.8051620125770569,True,0.18486517667770386,False
2140,203,1.0,0.5,303.50000000000045,0.25,C5,72,1,1,0.522936224937439,True,0.29847997426986694,False,0.4101647436618805,False
2141,203,0.5,0.5,303.25000000000045,0.25,Ab4,68,1,1,0.4993141293525696,False,0.6770883202552795,True,0.4153192341327667,False
2142,203,1.5,0.5,303.75000000000045,0.25,Bb4,70,1,1,0.47309190034866333,False,0.7008744478225708,True,0.4368821978569031,False
2143,203,1.0,0.5,303.50000000000045,0.25,G4,67,1,1,0.8178423047065735,True,0.7892836332321167,True,0.4421316385269165,False
2144,203,2.0,0.5,304.00000000000045,0.25,Ab4,68,1,1,0.564723789691925,True,0.677001953125,True,0.40926095843315125,False
2145,203,1.5,0.5,303.75000000000045,0.25,F4,65,1,1,0.22403162717819214,False,0.5319734215736389,True,0.41558030247688293,False
2146,203,2.5,0.5,304.25000000000045,0.25,G4,67,1,1,0.8704720735549927,True,0.8066481947898865,True,0.44995376467704773,False
2147,203,2.0,0.5,304.00000000000045,0.25,E4,64,1,1,0.3422018587589264,False,0.5175949931144714,True,0.39652153849601746,False
2148,203,3.0,0.5,304.50000000000045,0.25,Ab4,68,1,1,0.5530140399932861,True,0.6716113686561584,True,0.40845558047294617,False
2149,203,2.5,0.5,304.25000000000045,0.25,F4,65,1,1,0.2615430951118469,False,0.558037281036377,True,0.4175984859466553,False
2150,203,2.5,0.5,304.25000000000045,0.25,B3,59,2,6,0.18100190162658691,False,0.4628962576389313,False,0.408915638923645,False
2151,204,0.5,0.5,304.75000000000045,0.25,G4,67,1,1,0.867148220539093,True,0.710854172706604,True,0.48487481474876404,False
2152,204,0.0,0.5,304.50000000000045,0.25,E4,64,1,1,0.2679300904273987,False,0.4930015206336975,False,0.39960190653800964,False
2153,204,0.0,1.0,304.50000000000045,0.5,C4,60,2,6,0.7272217869758606,True,0.7925950288772583,True,0.15832266211509705,False
2154,204,1.0,0.5,305.00000000000045,0.25,C5,72,1,1,0.5801147222518921,True,0.19270610809326172,False,0.41314226388931274,False
2155,204,0.5,0.5,304.75000000000045,0.25,Ab4,68,1,1,0.4672319293022156,False,0.6609421968460083,True,0.41465458273887634,False
2156,204,1.5,0.5,305.25000000000045,0.25,Bb4,70,1,1,0.5005855560302734,True,0.5482439398765564,True,0.4248470366001129,False
2157,204,1.0,0.5,305.00000000000045,0.25,G4,67,1,1,0.8299656510353088,True,0.7131677269935608,True,0.45462584495544434,False
2158,204,2.0,0.5,305.50000000000045,0.25,Ab4,68,1,1,0.5361502766609192,True,0.6818602681159973,True,0.40985000133514404,False
2159,204,1.5,0.5,305.25000000000045,0.25,F4,65,1,1,0.24243402481079102,False,0.547802209854126,True,0.41716235876083374,False
2160,204,2.5,0.5,305.75000000000045,0.25,G4,67,1,1,0.8395699262619019,True,0.7924035787582397,True,0.4582113027572632,False
2161,204,2.0,0.5,305.50000000000045,0.25,E4,64,1,1,0.3412932753562927,False,0.5101025700569153,True,0.39607635140419006,False
2162,204,3.0,0.5,306.00000000000045,0.25,Ab4,68,1,1,0.5585506558418274,True,0.6802884340286255,True,0.41230276226997375,False
2163,204,2.5,0.5,305.75000000000045,0.25,F4,65,1,1,0.23909252882003784,False,0.5437611937522888,True,0.41595491766929626,False
2164,204,2.5,0.5,305.75000000000045,0.25,B3,59,2,6,0.1749771684408188,False,0.4622616171836853,False,0.408002644777298,False
2165,205,0.5,0.5,306.25000000000045,0.25,G4,67,1,1,0.8863882422447205,True,0.8016988039016724,True,0.5268663763999939,True
2166,205,0.0,0.5,306.00000000000045,0.25,E4,64,1,1,0.34485524892807007,False,0.5188641548156738,True,0.3958626389503479,False
2167,205,0.0,0.5,306.00000000000045,0.25,C4,60,2,6,0.6905391812324524,True,0.844277024269104,True,0.1515934318304062,False
2168,205,1.0,0.5,306.50000000000045,0.25,Ab4,68,1,1,0.5765795111656189,True,0.6976097226142883,True,0.4117855131626129,False
2169,205,0.5,0.5,306.25000000000045,0.25,F4,65,1,1,0.22857213020324707,False,0.5376880168914795,True,0.41566142439842224,False
2170,205,0.5,0.5,306.25000000000045,0.25,B3,59,2,6,0.17584897577762604,False,0.4592152535915375,False,0.408112108707428,False
2171,205,1.5,0.5,306.75000000000045,0.25,G4,67,1,1,0.9220210313796997,True,0.8324230313301086,True,0.5231616497039795,True
2172,205,1.0,0.5,306.50000000000045,0.25,E4,64,1,1,0.2994721233844757,False,0.49229878187179565,False,0.3985588252544403,False
2173,205,1.0,0.5,306.50000000000045,0.25,C4,60,2,6,0.732011079788208,True,0.7896796464920044,True,0.14190244674682617,False
2174,205,2.0,0.5,307.00000000000045,0.25,Ab4,68,1,1,0.5326871275901794,True,0.45572835206985474,False,0.40673089027404785,False
2175,205,1.5,0.5,306.75000000000045,0.25,F4,65,1,1,0.2143157422542572,False,0.5285657048225403,True,0.41574087738990784,False
2176,205,1.5,0.5,306.75000000000045,0.25,B3,59,2,6,0.18451544642448425,False,0.4495686888694763,False,0.40564677119255066,False
2177,205,2.5,0.5,307.25000000000045,0.25,G4,67,1,1,0.9216996431350708,True,0.8240740299224854,True,0.4936031103134155,False
2178,205,2.0,0.5,307.00000000000045,0.25,E4,64,1,1,0.3168193995952606,False,0.5011548399925232,True,0.39812999963760376,False
2179,205,2.0,0.5,307.00000000000045,0.25,C4,60,2,6,0.7296159267425537,True,0.7950124740600586,True,0.14682842791080475,False
2180,205,3.0,0.5,307.50000000000045,0.25,Ab4,68,1,1,0.7899805307388306,True,0.6468408107757568,True,0.3844072222709656,False
2181,205,2.5,0.5,307.25000000000045,0.25,F4,65,1,1,0.16896067559719086,False,0.5037416815757751,True,0.41523975133895874,False
2182,205,2.5,0.5,307.25000000000045,0.25,B3,59,2,6,0.1560537964105606,False,0.4356032907962799,False,0.4072795510292053,False
2183,206,0.5,0.5,307.75000000000045,0.25,G4,67,1,1,0.869284987449646,True,0.7814843654632568,True,0.22529269754886627,False
2184,206,0.0,0.5,307.50000000000045,0.25,E4,64,1,1,0.4245443046092987,False,0.541382372379303,True,0.3894016146659851,False
2185,206,0.0,1.0,307.50000000000045,0.5,C4,60,2,6,0.4865986108779907,False,0.615608811378479,True,0.42846211791038513,False
2186,206,1.0,0.5,308.00000000000045,0.25,F#4,66,1,1,0.5580578446388245,True,0.6102390885353088,True,0.431934654712677,False
2187,206,0.5,0.5,307.75000000000045,0.25,D#4,63,1,1,0.7419164776802063,True,0.8538311719894409,True,0.5334415435791016,True
2188,206,1.5,0.5,308.25000000000045,0.25,G4,67,1,1,0.8005824685096741,True,0.7937367558479309,True,0.20770125091075897,False
2189,206,1.0,0.5,308.00000000000045,0.25,E4,64,1,1,0.41214969754219055,False,0.5443699955940247,True,0.3903830647468567,False
2190,206,2.0,0.5,308.50000000000045,0.25,A4,69,1,1,0.6694953441619873,True,0.5324362516403198,True,0.41014179587364197,False
2191,206,1.5,0.5,308.25000000000045,0.25,F#4,66,1,1,0.48546072840690613,False,0.5815478563308716,True,0.3883271813392639,False
2192,206,2.5,0.5,308.75000000000045,0.25,Bb4,70,1,1,0.570388913154602,True,0.42841556668281555,False,0.419979989528656,False
2193,206,2.0,0.5,308.50000000000045,0.25,G4,67,1,1,0.7870426177978516,True,0.6608129739761353,True,0.20124106109142303,False
2194,206,3.0,0.5,309.00000000000045,0.25,C5,72,1,1,0.6111364364624023,True,0.3006556034088135,False,0.41186973452568054,False
2195,206,2.5,0.5,308.75000000000045,0.25,A4,69,1,1,0.5913161635398865,True,0.3661263883113861,False,0.38290926814079285,False
2196,207,1.0,1.0,309.50000000000045,0.5,D5,74,1,1,0.8541983366012573,True,0.5884798169136047,True,0.39289137721061707,False
2197,207,0.0,1.0,309.00000000000045,0.5,Bb4,70,1,1,0.5437506437301636,True,0.43460893630981445,False,0.42062047123908997,False
2198,207,0.0,1.0,309.00000000000045,0.5,Bb3,58,2,6,0.4279771149158478,False,0.680543839931488,True,0.4431895613670349,False
2199,207,2.0,1.0,310.00000000000045,0.5,D5,74,1,1,0.7088069915771484,True,0.26522499322891235,False,0.40685468912124634,False
2200,207,1.0,1.0,309.50000000000045,0.5,Bb4,70,1,1,0.54997718334198,True,0.5242611765861511,True,0.4032638669013977,False
2201,207,1.0,1.0,309.50000000000045,0.5,F4,65,1,5,0.23921765387058258,False,0.5458174347877502,True,0.4147811233997345,False
2202,207,1.0,1.0,309.50000000000045,0.5,Bb3,58,2,6,0.33638373017311096,False,0.6110197305679321,True,0.4262479841709137,False
2203,207,3.0,1.0,310.50000000000045,0.5,D5,74,1,1,0.7168499231338501,True,0.4681893289089203,False,0.39937642216682434,False
2204,207,2.0,1.0,310.00000000000045,0.5,Bb4,70,1,1,0.5356733202934265,True,0.5151050686836243,True,0.3374864459037781,False
2205,207,2.0,1.0,310.00000000000045,0.5,F4,65,1,5,0.22968512773513794,False,0.5374760627746582,True,0.4134213924407959,False
2206,207,2.0,1.0,310.00000000000045,0.5,Bb3,58,2,6,0.3609341084957123,False,0.6241421699523926,True,0.42862632870674133,False
2207,208,2.0,2.0,311.50000000000045,1.0,D5,74,1,1,0.8328849077224731,True,0.7192727327346802,True,0.25919845700263977,False
2208,208,0.0,2.0,310.50000000000045,1.0,Bb4,70,1,1,0.5878119468688965,True,0.5379143953323364,True,0.3355839252471924,False
2209,208,0.0,3.0,310.50000000000045,1.5,F4,65,1,5,0.28598782420158386,False,0.6218081712722778,True,0.4293074905872345,False
2210,208,0.0,2.0,310.50000000000045,1.0,Bb3,58,2,6,0.3066112697124481,False,0.6207484006881714,True,0.43496444821357727,False
2211,208,3.0,1.0,312.00000000000045,0.5,C5,72,1,1,0.7415547370910645,True,0.46583688259124756,False,0.43255627155303955,False
2212,208,2.0,1.0,311.50000000000045,0.5,A4,69,1,1,0.6769287586212158,True,0.2888557016849518,False,0.3955291509628296,False
2213,208,2.0,1.0,311.50000000000045,0.5,F3,53,2,6,0.8430938720703125,True,0.9843767881393433,True,0.6736525893211365,True
2214,209,0.0,0.0,312.00000000000045,0.0,C5,72,1,1,0.6666484475135803,True,0.35012224316596985,False,0.41911590099334717,False
2215,209,0.0,1.0,312.00000000000045,0.5,Bb4,70,1,1,0.560752272605896,True,0.5983697772026062,True,0.3175073564052582,False
2216,209,1.0,1.0,312.50000000000045,0.5,G4,67,1,5,0.8659873604774475,True,0.7717806100845337,True,0.1232045590877533,False
2217,209,0.0,1.0,312.00000000000045,0.5,E4,64,1,5,0.21510286629199982,False,0.47112029790878296,False,0.4042987525463104,False
2218,209,0.0,1.0,312.00000000000045,0.5,C3,48,2,6,0.7285372614860535,True,0.37062838673591614,False,0.41994911432266235,False
2219,209,1.0,1.0,312.50000000000045,0.5,Bb4,70,1,1,0.5555213093757629,True,0.6936443448066711,True,0.3462836444377899,False
2220,209,2.0,1.0,313.00000000000045,0.5,G4,67,1,5,0.840770423412323,True,0.7212203741073608,True,0.15249955654144287,False
2221,209,1.0,1.0,312.50000000000045,0.5,E4,64,1,5,0.22800485789775848,False,0.47757279872894287,False,0.40347978472709656,False
2222,209,1.0,1.0,312.50000000000045,0.5,C3,48,2,6,0.7065612077713013,True,0.41258588433265686,False,0.4155304729938507,False
2223,209,2.0,1.0,313.00000000000045,0.5,Bb4,70,1,1,0.6897774338722229,True,0.6768274307250977,True,0.3379359245300293,False
2224,209,3.0,1.0,313.50000000000045,0.5,G4,67,1,5,0.8538772463798523,True,0.7750512361526489,True,0.14703592658042908,False
2225,209,2.0,1.0,313.00000000000045,0.5,E4,64,1,5,0.3051110804080963,False,0.5141125321388245,True,0.40060436725616455,False
2226,209,2.0,1.0,313.00000000000045,0.5,C3,48,2,6,0.7180905342102051,True,0.44202765822410583,False,0.41436731815338135,False
2227,210,2.0,2.0,314.50000000000045,1.0,Bb4,70,1,1,0.6685481071472168,True,0.668833315372467,True,0.3442084491252899,False
2228,210,2.0,2.0,314.50000000000045,1.0,G4,67,1,1,0.8742285966873169,True,0.8282809853553772,True,0.22527159750461578,False
2229,210,0.0,2.0,313.50000000000045,1.0,E4,64,1,1,0.36997854709625244,False,0.5578868985176086,True,0.40327024459838867,False
2230,210,0.0,2.0,313.50000000000045,1.0,C3,48,2,6,0.7073132395744324,True,0.5127354860305786,True,0.7386758327484131,True
2231,210,3.0,1.0,315.00000000000045,0.5,A4,69,1,1,0.6903618574142456,True,0.34434476494789124,False,0.39895355701446533,False
2232,210,2.0,1.0,314.50000000000045,0.5,F4,65,1,1,0.1951472908258438,False,0.5300672650337219,True,0.4151151180267334,False
2233,210,2.0,1.0,314.50000000000045,0.5,D3,50,2,6,0.6075467467308044,True,0.8507764339447021,True,0.2734089493751526,False
2234,211,0.5,0.5,315.25000000000045,0.25,C5,72,1,1,0.8703998327255249,True,0.5848431587219238,True,0.18319760262966156,False
2235,211,0.0,0.5,315.00000000000045,0.25,A4,69,1,1,0.7135716080665588,True,0.34351712465286255,False,0.39644166827201843,False
2236,211,0.0,1.0,315.00000000000045,0.5,Bb2,46,2,6,0.562811017036438,True,0.9018526673316956,True,0.6915826797485352,True
2237,211,1.0,0.5,315.50000000000045,0.25,Bb4,70,1,1,0.4366351366043091,False,0.6760754585266113,True,0.43167757987976074,False
2238,211,0.5,0.5,315.25000000000045,0.25,G4,67,1,1,0.8937084078788757,True,0.7608029246330261,True,0.18882755935192108,False
2239,211,2.0,1.0,316.00000000000045,0.5,A4,69,1,1,0.765466034412384,True,0.38392311334609985,False,0.3952224850654602,False
2240,211,1.0,1.0,315.50000000000045,0.5,F4,65,1,1,0.21403448283672333,False,0.5366159081459045,True,0.4159603714942932,False
2241,211,1.0,1.0,315.50000000000045,0.5,C3,48,2,6,0.7134992480278015,True,0.5049635767936707,True,0.5549115538597107,True
2242,211,3.0,1.0,316.50000000000045,0.5,G4,67,1,1,0.8621188998222351,True,0.7902443408966064,True,0.22417910397052765,False
2243,211,2.0,1.0,316.00000000000045,0.5,E4,64,1,1,0.453345388174057,False,0.5867944955825806,True,0.3983330726623535,False
2244,211,2.0,1.0,316.00000000000045,0.5,C3,48,2,6,0.7446795105934143,True,0.4100126624107361,False,0.4124032258987427,False
2245,212,0.5,0.5,316.75000000000045,0.25,A4,69,1,1,0.6883896589279175,True,0.2902766168117523,False,0.39073723554611206,False
2246,212,0.0,0.5,316.50000000000045,0.25,F4,65,1,1,0.3625873327255249,False,0.6307140588760376,True,0.41922321915626526,False
2247,212,0.0,1.0,316.50000000000045,0.5,F3,53,2,6,0.9188568592071533,True,0.9804507493972778,True,0.8221900463104248,True
2248,212,0.5,0.5,316.75000000000045,0.25,F5,77,1,1,0.6770449280738831,True,0.21659116446971893,False,0.4037378430366516,False
2249,212,1.0,0.5,317.00000000000045,0.25,G5,79,1,1,0.7888646125793457,True,0.24003255367279053,False,0.40115195512771606,False
2250,212,1.5,0.5,317.25000000000045,0.25,A5,81,1,1,0.7285628318786621,True,0.46316903829574585,False,0.40044543147087097,False
2251,212,2.0,0.5,317.50000000000045,0.25,Bb5,82,1,1,0.5632874369621277,True,0.44467806816101074,False,0.39868855476379395,False
2252,212,2.5,0.5,317.75000000000045,0.25,C6,84,1,1,0.7716474533081055,True,0.30306053161621094,False,0.4067116677761078,False
2253,213,0.0,1.0,318.00000000000045,0.5,D6,86,1,1,0.8823737502098083,True,0.5040796995162964,True,0.32494980096817017,False
2254,213,1.0,1.0,318.50000000000045,0.5,Bb4,70,2,6,0.4172198474407196,False,0.6643627285957336,True,0.43859052658081055,False
2255,213,0.0,1.0,318.00000000000045,0.5,F4,65,2,6,0.31639909744262695,False,0.6030994653701782,True,0.4171573221683502,False
2256,213,1.0,1.0,318.50000000000045,0.5,D6,86,1,1,0.8512201905250549,True,0.4928848147392273,False,0.4162481725215912,False
2257,213,2.0,1.0,319.00000000000045,0.5,Bb4,70,2,6,0.41489601135253906,False,0.6615484952926636,True,0.4341941177845001,False
2258,213,1.0,1.0,318.50000000000045,0.5,F4,65,2,6,0.3040890693664551,False,0.5888693928718567,True,0.41408243775367737,False
2259,213,2.0,1.0,319.00000000000045,0.5,D6,86,1,1,0.8323802947998047,True,0.5516262650489807,True,0.2866628170013428,False
2260,213,3.0,1.0,319.50000000000045,0.5,Bb4,70,2,6,0.35670867562294006,False,0.6401705741882324,True,0.43308764696121216,False
2261,213,2.0,1.0,319.00000000000045,0.5,F4,65,2,6,0.21183401346206665,False,0.5338348150253296,True,0.4132683575153351,False
2262,214,0.0,1.5,319.50000000000045,0.75,D6,86,1,1,0.8775473237037659,True,0.7009407877922058,True,0.3108331859111786,False
2263,214,0.0,2.0,319.50000000000045,1.0,Bb4,70,2,6,0.5125998258590698,True,0.5327706933021545,True,0.44598856568336487,False
2264,214,0.0,3.0,319.50000000000045,1.5,F4,65,2,7,0.3304111659526825,False,0.6587929129600525,True,0.4321599304676056,False
2265,214,1.5,0.25,320.25000000000045,0.125,E6,88,1,1,0.9236527681350708,True,0.7170870900154114,True,0.4193820059299469,False
2266,214,1.75,0.25,320.37500000000045,0.125,D6,86,1,1,0.7163779139518738,True,0.3865438401699066,False,0.39583468437194824,False
2267,214,2.0,1.0,320.50000000000045,0.5,C6,84,1,1,0.8501786589622498,True,0.521318256855011,True,0.29733309149742126,False
2268,214,2.0,1.0,320.50000000000045,0.5,A4,69,2,6,0.6749759316444397,True,0.4467175602912903,False,0.3831513226032257,False
2269,215,0.0,0.0,321.00000000000045,0.0,C6,84,1,1,0.8404191136360168,True,0.47950947284698486,False,0.4243760406970978,False
2270,215,0.0,1.0,321.00000000000045,0.5,Bb5,82,1,1,0.7815284729003906,True,0.7666248083114624,True,0.2272048443555832,False
2271,215,0.0,1.0,321.00000000000045,0.5,E5,76,1,5,0.6125411987304688,True,0.5813694596290588,True,0.14642073214054108,False
2272,215,0.0,1.0,321.00000000000045,0.5,G4,67,2,6,0.8328109979629517,True,0.7792373895645142,True,0.2718345522880554,False
2273,215,0.0,1.0,321.00000000000045,0.5,C4,60,2,7,0.5518293380737305,True,0.9107215404510498,True,0.7884774804115295,True
2274,215,1.0,1.0,321.50000000000045,0.5,Bb5,82,1,1,0.7895920872688293,True,0.6945427060127258,True,0.17703746259212494,False
2275,215,1.0,1.0,321.50000000000045,0.5,E5,76,1,5,0.5623122453689575,True,0.45916512608528137,False,0.3856188654899597,False
2276,215,1.0,1.0,321.50000000000045,0.5,G4,67,2,6,0.8734279274940491,True,0.8909013867378235,True,0.2892594039440155,False
2277,215,1.0,1.0,321.50000000000045,0.5,C4,60,2,7,0.5311819314956665,True,0.609285831451416,True,0.45994773507118225,False
2278,215,2.0,1.0,322.00000000000045,0.5,Bb5,82,1,1,0.7925195097923279,True,0.7117975354194641,True,0.31102487444877625,False
2279,215,2.0,1.0,322.00000000000045,0.5,E5,76,1,5,0.5558106899261475,True,0.4099559783935547,False,0.3830185830593109,False
2280,215,2.0,1.0,322.00000000000045,0.5,G4,67,2,6,0.8686116337776184,True,0.8537018299102783,True,0.3869403302669525,False
2281,215,2.0,1.0,322.00000000000045,0.5,C4,60,2,7,0.6083828210830688,True,0.7247350215911865,True,0.5663524270057678,True
2282,216,0.0,2.0,322.50000000000045,1.0,Bb5,82,1,1,0.7378678917884827,True,0.6881849765777588,True,0.35330286622047424,False
2283,216,0.0,2.0,322.50000000000045,1.0,E5,76,1,5,0.5003429651260376,True,0.41601088643074036,False,0.3903638422489166,False
2284,216,0.0,2.0,322.50000000000045,1.0,G4,67,2,6,0.874796450138092,True,0.8504617810249329,True,0.4081117510795593,False
2285,216,0.0,2.0,322.50000000000045,1.0,C#4,61,2,7,0.8351039886474609,True,0.7937742471694946,True,0.39772504568099976,False
2286,216,2.0,1.0,323.50000000000045,0.5,A5,81,1,1,0.5874815583229065,True,0.42183825373649597,False,0.4023607671260834,False
2287,216,2.0,1.0,323.50000000000045,0.5,F5,77,1,5,0.4652751684188843,False,0.6723624467849731,True,0.4176275134086609,False
2288,216,2.0,1.0,323.50000000000045,0.5,F4,65,2,6,0.45603781938552856,False,0.6999054551124573,True,0.4196476638317108,False
2289,216,2.0,1.0,323.50000000000045,0.5,D4,62,2,7,0.7510223388671875,True,0.655218243598938,True,0.4108727276325226,False
2290,217,0.5,0.5,324.25000000000045,0.25,C6,84,1,1,0.9347142577171326,True,0.5725405216217041,True,0.39888477325439453,False
2291,217,0.0,0.5,324.00000000000045,0.25,A5,81,1,1,0.5250566601753235,True,0.3197466731071472,False,0.3983345329761505,False
2292,217,0.0,1.0,324.00000000000045,0.5,Bb3,58,2,6,0.3538736402988434,False,0.646443247795105,True,0.4363459646701813,False
2293,217,1.0,0.5,324.50000000000045,0.25,Bb5,82,1,1,0.6464080810546875,True,0.6145066618919373,True,0.4095364212989807,False
2294,217,0.5,0.5,324.25000000000045,0.25,G5,79,1,1,0.8727207183837891,True,0.4808966815471649,False,0.3867924213409424,False
2295,217,2.0,1.0,325.00000000000045,0.5,A5,81,1,1,0.6993444561958313,True,0.5248997211456299,True,0.3455851972103119,False
2296,217,1.0,1.0,324.50000000000045,0.5,F5,77,1,1,0.4731210768222809,False,0.6786156296730042,True,0.41712552309036255,False
2297,217,1.0,1.0,324.50000000000045,0.5,C4,60,2,6,0.8121462464332581,True,0.8556807637214661,True,0.6941996216773987,True
2298,217,3.0,1.0,325.50000000000045,0.5,G5,79,1,1,0.8301391005516052,True,0.372200608253479,False,0.4015888273715973,False
2299,217,2.0,1.0,325.00000000000045,0.5,E5,76,1,1,0.4134818911552429,False,0.577480673789978,True,0.40167200565338135,False
2300,217,2.0,1.0,325.00000000000045,0.5,Bb3,58,2,6,0.39801016449928284,False,0.6675502061843872,True,0.4420698583126068,False
2301,218,0.5,0.5,325.75000000000045,0.25,C6,84,1,1,0.9177656173706055,True,0.4912402927875519,False,0.44819560647010803,False
2302,218,0.0,0.5,325.50000000000045,0.25,A5,81,1,1,0.6316692233085632,True,0.48352178931236267,False,0.4007742702960968,False
2303,218,0.5,0.5,325.75000000000045,0.25,A3,57,2,6,0.26003730297088623,False,0.48750150203704834,False,0.41334399580955505,False
2304,218,0.0,0.5,325.50000000000045,0.25,A2,45,2,6,0.24161742627620697,False,0.515009880065918,True,0.41928914189338684,False
2305,218,1.0,0.5,326.00000000000045,0.25,C6,84,1,1,0.8079342842102051,True,0.6356185078620911,True,0.4093473255634308,False
2306,218,0.5,0.5,325.75000000000045,0.25,A5,81,1,1,0.5485846996307373,True,0.5850866436958313,True,0.32950466871261597,False
2307,218,1.0,0.5,326.00000000000045,0.25,C#4,61,2,6,0.7596935629844666,True,0.6808686852455139,True,0.38234373927116394,False
2308,218,2.0,0.5,326.50000000000045,0.25,Bb5,82,1,1,0.7354829907417297,True,0.6128315925598145,True,0.451105535030365,False
2309,218,1.5,0.5,326.25000000000045,0.25,G5,79,1,1,0.7814722657203674,True,0.3811345398426056,False,0.4037380814552307,False
2310,218,2.0,0.5,326.50000000000045,0.25,D4,62,2,6,0.7550589442253113,True,0.6265783905982971,True,0.45473000407218933,False
2311,218,3.0,0.5,327.00000000000045,0.25,A5,81,1,1,0.6058056354522705,True,0.2984083592891693,False,0.3985959589481354,False
2312,218,2.5,0.5,326.75000000000045,0.25,F5,77,1,1,0.47981151938438416,False,0.6716230511665344,True,0.4192037284374237,False
2313,219,0.0,0.5,327.00000000000045,0.25,Bb3,58,2,6,0.49953314661979675,False,0.7007958292961121,True,0.45352062582969666,False
2314,219,1.0,0.5,327.50000000000045,0.25,G5,79,1,1,0.822267472743988,True,0.3873942792415619,False,0.4013954699039459,False
2315,219,0.5,0.5,327.25000000000045,0.25,Bb4,70,1,1,0.4362074136734009,False,0.6599165797233582,True,0.44095760583877563,False
2316,219,1.0,0.5,327.50000000000045,0.25,C4,60,2,6,0.8546567559242249,True,0.8140825033187866,True,0.6540842056274414,True
2317,219,2.0,0.5,328.00000000000045,0.25,F5,77,1,1,0.6422237157821655,True,0.21971537172794342,False,0.41533753275871277,False
2318,219,1.5,0.5,327.75000000000045,0.25,A4,69,1,1,0.8242740631103516,True,0.3915899693965912,False,0.3848000466823578,False
2319,219,2.0,0.5,328.00000000000045,0.25,Bb3,58,2,6,0.6441307067871094,True,0.8852928876876831,True,0.7424624562263489,True
2320,219,3.0,0.5,328.50000000000045,0.25,E5,76,1,1,0.4269985556602478,False,0.5679196119308472,True,0.4023670554161072,False
2321,219,2.5,0.5,328.25000000000045,0.25,G4,67,1,1,0.8084337711334229,True,0.49502718448638916,False,0.4224222004413605,False
2322,220,0.5,0.5,328.75000000000045,0.25,A3,57,2,5,0.32909950613975525,False,0.5111198425292969,True,0.41483134031295776,False
2323,220,0.0,0.5,328.50000000000045,0.25,A2,45,2,5,0.34198713302612305,False,0.5385833382606506,True,0.4184575378894806,False
2324,220,0.25,0.25,328.62500000000045,0.125,A5,81,1,1,0.4854690432548523,False,0.5627680420875549,True,0.4017537534236908,False
2325,220,0.5,0.25,328.75000000000045,0.125,C6,84,1,1,0.8827754259109497,True,0.6324141621589661,True,0.32509881258010864,False
2326,220,0.75,0.25,328.87500000000045,0.125,A5,81,1,1,0.755073070526123,True,0.4806070625782013,False,0.4042557179927826,False
2327,220,1.5,0.5,329.25000000000045,0.25,C#4,61,2,5,0.6894316673278809,True,0.578987181186676,True,0.47915199398994446,False
2328,220,1.0,0.5,329.00000000000045,0.25,C#3,49,2,5,0.7347350120544434,True,0.4282960295677185,False,0.39956367015838623,False
2329,220,1.25,0.25,329.12500000000045,0.125,G5,79,1,1,0.9119001030921936,True,0.5844006538391113,True,0.48958122730255127,False
2330,220,1.5,0.25,329.25000000000045,0.125,Bb5,82,1,1,0.8057611584663391,True,0.6333988308906555,True,0.4053228497505188,False
2331,220,1.75,0.25,329.37500000000045,0.125,G5,79,1,1,0.9564775228500366,True,0.6809670329093933,True,0.5043407678604126,True
2332,220,2.5,0.5,329.75000000000045,0.25,D4,62,2,5,0.5948131084442139,True,0.7162627577781677,True,0.15314722061157227,False
2333,220,2.0,0.5,329.50000000000045,0.25,D3,50,2,5,0.7244474291801453,True,0.7650541663169861,True,0.4046151340007782,False
2334,220,2.25,0.25,329.62500000000045,0.125,F5,77,1,1,0.4417012929916382,False,0.6659433841705322,True,0.40980595350265503,False
2335,220,2.5,0.25,329.75000000000045,0.125,A5,81,1,1,0.802628219127655,True,0.5584118366241455,True,0.38854676485061646,False
2336,220,2.75,0.25,329.87500000000045,0.125,F5,77,1,1,0.5651711225509644,True,0.1892387419939041,False,0.41248729825019836,False
2337,221,0.5,0.5,330.25000000000045,0.25,Bb3,58,2,5,0.6489599347114563,True,0.8331339359283447,True,0.8416131138801575,True
2338,221,0.0,0.5,330.00000000000045,0.25,Bb2,46,2,5,0.6261184811592102,True,0.9008529782295227,True,0.7621942162513733,True
2339,221,0.25,0.25,330.12500000000045,0.125,Bb4,70,1,1,0.4972265660762787,False,0.7064146995544434,True,0.45105689764022827,False
2340,221,0.5,0.25,330.25000000000045,0.125,G5,79,1,1,0.9237581491470337,True,0.3815138638019562,False,0.3975919187068939,False
2341,221,0.75,0.25,330.37500000000045,0.125,Bb4,70,1,1,0.5079367160797119,True,0.41558170318603516,False,0.42067474126815796,False
2342,221,1.5,0.5,330.75000000000045,0.25,C4,60,2,5,0.8638622760772705,True,0.9166452288627625,True,0.42943671345710754,False
2343,221,1.0,0.5,330.50000000000045,0.25,C3,48,2,5,0.685835063457489,True,0.7733126282691956,True,0.475273072719574,False
2344,221,1.25,0.25,330.62500000000045,0.125,A4,69,1,1,0.7147139310836792,True,0.30887874960899353,False,0.3810470998287201,False
2345,221,1.5,0.25,330.75000000000045,0.125,F5,77,1,1,0.578844428062439,True,0.22963470220565796,False,0.41296324133872986,False
2346,221,1.75,0.25,330.87500000000045,0.125,A4,69,1,1,0.8318504095077515,True,0.4144376814365387,False,0.3784606456756592,False
2347,221,2.5,0.5,331.25000000000045,0.25,C3,48,2,5,0.6723178029060364,True,0.7511454820632935,True,0.6990867853164673,True
2348,221,2.0,0.5,331.00000000000045,0.25,C2,36,2,5,0.5587431788444519,True,0.7683925032615662,True,0.5845773816108704,True
2349,221,2.25,0.25,331.12500000000045,0.125,G4,67,1,1,0.7757750749588013,True,0.5658680200576782,True,0.28895333409309387,False
2350,221,2.5,0.25,331.25000000000045,0.125,E5,76,1,1,0.7028727531433105,True,0.4776535928249359,False,0.39661285281181335,False
2351,221,2.75,0.25,331.37500000000045,0.125,G4,67,1,1,0.8433087468147278,True,0.6417630314826965,True,0.29197871685028076,False
2352,222,1.0,1.0,332.00000000000045,0.5,F5,77,1,1,0.6475964188575745,True,0.37609440088272095,False,0.4084692895412445,False
2353,222,1.0,1.0,332.00000000000045,0.5,C5,72,1,1,0.8829860687255859,True,0.5498785376548767,True,0.15099412202835083,False
2354,222,0.0,1.0,331.50000000000045,0.5,A4,69,1,1,0.7767864465713501,True,0.39331966638565063,False,0.3775257170200348,False
2355,222,0.0,0.25,331.50000000000045,0.125,F2,41,2,5,0.7192768454551697,True,0.8706845045089722,True,0.46268007159233093,False
2356,222,0.25,0.25,331.62500000000045,0.125,A2,45,2,5,0.4576459527015686,False,0.5963433980941772,True,0.406505286693573,False
2357,222,0.5,0.25,331.75000000000045,0.125,C3,48,2,5,0.678620457649231,True,0.6786367297172546,True,0.6326789259910583,True
2358,222,0.75,0.25,331.87500000000045,0.125,F3,53,2,5,0.6419128179550171,True,0.6977663040161133,True,0.6969890594482422,True
2359,222,1.0,0.25,332.00000000000045,0.125,F2,41,2,5,0.7404977679252625,True,0.8231756091117859,True,0.5285479426383972,True
2360,222,1.25,0.25,332.12500000000045,0.125,A2,45,2,5,0.37586691975593567,False,0.5518243312835693,True,0.40741974115371704,False
2361,222,1.5,0.25,332.25000000000045,0.125,C3,48,2,5,0.6887768507003784,True,0.7059767246246338,True,0.5931582450866699,True
2362,222,1.75,0.25,332.37500000000045,0.125,F3,53,2,5,0.6371572613716125,True,0.7450628876686096,True,0.5742405652999878,True
2363,222,2.0,0.75,332.50000000000045,0.375,A4,69,1,1,0.8415619730949402,True,0.6033321022987366,True,0.2848030626773834,False
2364,222,2.0,0.25,332.50000000000045,0.125,F2,41,2,5,0.6943074464797974,True,0.6869814395904541,True,0.6110445261001587,True
2365,222,2.25,0.25,332.62500000000045,0.125,A2,45,2,5,0.3882940411567688,False,0.5575723648071289,True,0.409289687871933,False
2366,222,2.5,0.25,332.75000000000045,0.125,C3,48,2,5,0.7082082629203796,True,0.6381175518035889,True,0.6994599103927612,True
2367,222,2.75,0.125,332.87500000000045,0.0625,G4,67,1,1,0.7724084854125977,True,0.8081743121147156,True,0.20297423005104065,False
2368,222,2.75,0.25,332.87500000000045,0.125,F3,53,2,5,0.58980393409729,True,0.7360373139381409,True,0.5789080858230591,True
2369,222,2.875,0.125,332.93750000000045,0.0625,F4,65,1,1,0.8054778575897217,True,0.9488856196403503,True,0.24976526200771332,False
2370,223,0.0,2.0,333.00000000000045,1.0,C5,72,1,1,0.7280144691467285,True,0.8198549747467041,True,0.1493459790945053,False
2371,223,0.0,0.25,333.00000000000045,0.125,F2,41,2,5,0.7250996232032776,True,0.7402155995368958,True,0.5842369794845581,True
2372,223,0.25,0.25,333.12500000000045,0.125,A2,45,2,5,0.3694201707839966,False,0.5508425235748291,True,0.4076458513736725,False
2373,223,0.5,0.25,333.25000000000045,0.125,C3,48,2,5,0.670600414276123,True,0.7158538103103638,True,0.6450225114822388,True
2374,223,0.75,0.25,333.37500000000045,0.125,F3,53,2,5,0.6488623023033142,True,0.8107086420059204,True,0.6727038621902466,True
2375,223,1.0,0.25,333.50000000000045,0.125,F2,41,2,5,0.6960188746452332,True,0.6456028819084167,True,0.58486407995224,True
2376,223,1.25,0.25,333.62500000000045,0.125,A2,45,2,5,0.3824492394924164,False,0.5549060702323914,True,0.40717971324920654,False
2377,223,1.5,0.25,333.75000000000045,0.125,C3,48,2,5,0.6672400236129761,True,0.6776228547096252,True,0.6863319277763367,True
2378,223,1.75,0.25,333.87500000000045,0.125,F3,53,2,5,0.6494799256324768,True,0.8379877805709839,True,0.6240183711051941,True
2379,223,2.0,0.75,334.00000000000045,0.375,E5,76,1,1,0.5668656826019287,True,0.46470996737480164,False,0.384048730134964,False
2380,223,2.0,0.25,334.00000000000045,0.125,F2,41,2,5,0.659574031829834,True,0.6646133661270142,True,0.5273670554161072,True
2381,223,2.25,0.25,334.12500000000045,0.125,Bb2,46,2,5,0.5989566445350647,True,0.7766475081443787,True,0.629755973815918,True
2382,223,2.5,0.25,334.25000000000045,0.125,C3,48,2,5,0.6099224090576172,True,0.65616774559021,True,0.6200319528579712,True
2383,223,2.75,0.125,334.37500000000045,0.0625,D5,74,1,1,0.9494017362594604,True,0.8157352805137634,True,0.30374273657798767,False
2384,223,2.75,0.25,334.37500000000045,0.125,F3,53,2,5,0.6740955710411072,True,0.8260510563850403,True,0.7026537656784058,True
2385,223,2.875,0.125,334.43750000000045,0.0625,C5,72,1,1,0.681656539440155,True,0.5919014811515808,True,0.1927587389945984,False
2386,224,0.0,2.0,334.50000000000045,1.0,F5,77,1,1,0.5102306604385376,True,0.3036317825317383,False,0.39602941274642944,False
2387,224,0.0,0.25,334.50000000000045,0.125,F2,41,2,5,0.7114378809928894,True,0.709683358669281,True,0.5992028713226318,True
2388,224,0.25,0.25,334.62500000000045,0.125,A2,45,2,5,0.378464013338089,False,0.5575343370437622,True,0.4082469642162323,False
2389,224,0.5,0.25,334.75000000000045,0.125,C3,48,2,5,0.6582611799240112,True,0.6918355226516724,True,0.6336394548416138,True
2390,224,0.75,0.25,334.87500000000045,0.125,F3,53,2,5,0.6244739294052124,True,0.8124808669090271,True,0.6677612066268921,True
2391,224,1.0,0.25,335.00000000000045,0.125,F2,41,2,5,0.726081907749176,True,0.7229365110397339,True,0.5834217071533203,True
2392,224,1.25,0.25,335.12500000000045,0.125,A2,45,2,5,0.3772740066051483,False,0.5533604621887207,True,0.4076842963695526,False
2393,224,1.5,0.25,335.25000000000045,0.125,C3,48,2,5,0.6785120964050293,True,0.7073062658309937,True,0.6501309275627136,True
2394,224,1.75,0.25,335.37500000000045,0.125,F3,53,2,5,0.6318333148956299,True,0.8225229382514954,True,0.6642301082611084,True
2395,224,2.0,0.75,335.50000000000045,0.375,A5,81,1,1,0.6987832188606262,True,0.2907201051712036,False,0.40485879778862,False
2396,224,2.0,0.25,335.50000000000045,0.125,F2,41,2,5,0.7194435596466064,True,0.7052246928215027,True,0.4974556267261505,False
2397,224,2.25,0.25,335.62500000000045,0.125,A2,45,2,5,0.37789103388786316,False,0.5528073906898499,True,0.40952688455581665,False
2398,224,2.5,0.25,335.75000000000045,0.125,C3,48,2,5,0.7308142781257629,True,0.6925108432769775,True,0.6996364593505859,True
2399,224,2.75,0.125,335.87500000000045,0.0625,G5,79,1,1,0.8588587045669556,True,0.5618938207626343,True,0.15400566160678864,False
2400,224,2.75,0.25,335.87500000000045,0.125,F3,53,2,5,0.5765209794044495,True,0.7946615815162659,True,0.6595093607902527,True
2401,224,2.875,0.125,335.93750000000045,0.0625,F5,77,1,1,0.7507520914077759,True,0.5748957395553589,True,0.5159643888473511,True
2402,225,0.0,1.0,336.00000000000045,0.5,C6,84,1,1,0.8802642822265625,True,0.8150906562805176,True,0.2821881175041199,False
2403,225,0.0,0.25,336.00000000000045,0.125,F2,41,2,5,0.7175628542900085,True,0.6946260929107666,True,0.559711217880249,True
2404,225,0.25,0.25,336.12500000000045,0.125,A2,45,2,5,0.4341956675052643,False,0.5733506083488464,True,0.40724071860313416,False
2405,225,0.5,0.25,336.25000000000045,0.125,C3,48,2,5,0.7213006615638733,True,0.7157164812088013,True,0.6335350871086121,True
2406,225,0.75,0.25,336.37500000000045,0.125,F3,53,2,5,0.6070499420166016,True,0.7915458083152771,True,0.6528293490409851,True
2407,225,1.0,1.0,336.50000000000045,0.5,C6,84,1,1,0.803310215473175,True,0.6497634053230286,True,0.23424522578716278,False
2408,225,1.0,0.25,336.50000000000045,0.125,F2,41,2,5,0.7330262660980225,True,0.7002038955688477,True,0.6385966539382935,True
2409,225,1.25,0.25,336.62500000000045,0.125,A2,45,2,5,0.493757039308548,False,0.6011680960655212,True,0.41280779242515564,False
2410,225,1.5,0.25,336.75000000000045,0.125,C3,48,2,5,0.709838330745697,True,0.6375477313995361,True,0.705255925655365,True
2411,225,1.75,0.25,336.87500000000045,0.125,F3,53,2,5,0.5801029801368713,True,0.8150544166564941,True,0.6339483261108398,True
2412,225,2.0,0.75,337.00000000000045,0.375,E6,88,1,1,0.9229088425636292,True,0.8138123154640198,True,0.27916765213012695,False
2413,225,2.0,0.25,337.00000000000045,0.125,F2,41,2,5,0.7598778605461121,True,0.8150384426116943,True,0.7053994536399841,True
2414,225,2.25,0.25,337.12500000000045,0.125,Bb2,46,2,5,0.5815514922142029,True,0.755881667137146,True,0.6887915134429932,True
2415,225,2.5,0.25,337.25000000000045,0.125,C3,48,2,5,0.6045933961868286,True,0.5423541069030762,True,0.7619830965995789,True
2416,225,2.75,0.125,337.37500000000045,0.0625,D6,86,1,1,0.5970330238342285,True,0.6439486145973206,True,0.3897889256477356,False
2417,225,2.75,0.25,337.37500000000045,0.125,F3,53,2,5,0.6869202256202698,True,0.9019675254821777,True,0.7230133414268494,True
2418,225,2.875,0.125,337.43750000000045,0.0625,C6,84,1,1,0.8146274089813232,True,0.7725633978843689,True,0.2440120130777359,False
2419,226,0.0,1.0,337.50000000000045,0.5,F6,89,1,1,0.6940483450889587,True,0.78229820728302,True,0.21495582163333893,False
2420,226,1.0,1.0,338.00000000000045,0.5,F3,53,2,5,0.824949324131012,True,0.9246218800544739,True,0.8241332769393921,True
2421,226,1.0,1.0,338.00000000000045,0.5,C3,48,2,5,0.6806592345237732,True,0.6812350749969482,True,0.8116418123245239,True
2422,226,1.0,1.0,338.00000000000045,0.5,A2,45,2,5,0.5007331371307373,True,0.4954376816749573,False,0.4158693253993988,False
2423,226,0.0,1.0,337.50000000000045,0.5,F2,41,2,5,0.6490659117698669,True,0.5287784337997437,True,0.6886313557624817,True
2424,226,1.0,1.5,338.00000000000045,0.75,A5,81,1,1,0.8943060636520386,True,0.5999717116355896,True,0.22242175042629242,False
2425,226,2.5,1.5,338.75000000000045,0.75,A3,57,2,5,0.6833499670028687,True,0.8945716619491577,True,0.25326570868492126,False
2426,226,1.0,1.5,338.00000000000045,0.75,A2,45,2,5,0.5538180470466614,True,0.5335424542427063,True,0.26393795013427734,False
2427,226,2.5,0.5,338.75000000000045,0.25,C#5,73,1,1,0.6968768835067749,True,0.5466642379760742,True,0.3079588711261749,False
2428,226,3.0,0.5,339.00000000000045,0.25,C#4,61,2,5,0.6531227231025696,True,0.657232940196991,True,0.2941792607307434,False
2429,226,2.5,0.5,338.75000000000045,0.25,C#3,49,2,5,0.5320010185241699,True,0.42462682723999023,False,0.3791866600513458,False
2430,227,0.0,1.0,339.00000000000045,0.5,D5,74,1,1,0.8681609630584717,True,0.7805395722389221,True,0.32688385248184204,False
2431,227,1.0,1.0,339.50000000000045,0.5,D4,62,2,5,0.7836726307868958,True,0.8221144676208496,True,0.46958619356155396,False
2432,227,0.0,1.0,339.00000000000045,0.5,D3,50,2,5,0.5454393625259399,True,0.5280824899673462,True,0.4747544825077057,False
2433,227,1.0,1.5,339.50000000000045,0.75,F5,77,1,1,0.8357772827148438,True,0.6855723261833191,True,0.4005613625049591,False
2434,227,2.5,1.5,340.25000000000045,0.75,F4,65,2,5,0.6143038272857666,True,0.7595283389091492,True,0.17179648578166962,False
2435,227,1.0,1.5,339.50000000000045,0.75,F3,53,2,5,0.7649526596069336,True,0.8799229264259338,True,0.6658048033714294,True
2436,227,2.5,0.5,340.25000000000045,0.25,A4,69,1,1,0.6698502898216248,True,0.9100563526153564,True,0.4018474817276001,False
2437,227,2.5,0.5,340.25000000000045,0.25,A3,57,2,5,0.7561854124069214,True,0.8416947722434998,True,0.23187141120433807,False
2438,228,0.0,0.75,340.50000000000045,0.375,Bb4,70,1,1,0.6790251135826111,True,0.8104129433631897,True,0.20821863412857056,False
2439,228,0.0,0.75,340.50000000000045,0.375,Bb3,58,2,5,0.6336562633514404,True,0.7323592305183411,True,0.2237556427717209,False
2440,228,0.75,0.125,340.87500000000045,0.0625,A4,69,1,1,0.6341332197189331,True,0.7276840806007385,True,0.42849794030189514,False
2441,228,0.75,0.125,340.87500000000045,0.0625,A3,57,2,5,0.7023009657859802,True,0.785552442073822,True,0.16628853976726532,False
2442,228,0.875,0.125,340.93750000000045,0.0625,G4,67,1,1,0.8399734497070312,True,0.8510454893112183,True,0.3723328411579132,False
2443,228,0.875,0.125,340.93750000000045,0.0625,G3,55,2,5,0.8802893161773682,True,0.9390891194343567,True,0.4522794187068939,False
2444,228,1.0,1.0,341.00000000000045,0.5,C5,72,1,1,0.8527542352676392,True,0.9113296270370483,True,0.41638827323913574,False
2445,228,1.0,1.0,341.00000000000045,0.5,C4,60,2,5,0.7589312195777893,True,0.8174750804901123,True,0.4331723153591156,False
2446,228,3.0,1.0,342.00000000000045,0.5,E5,76,1,1,0.8203471302986145,True,0.8710557222366333,True,0.3819696307182312,False
2447,228,3.0,1.0,342.00000000000045,0.5,C5,72,1,1,0.7121036052703857,True,0.6432324647903442,True,0.3894186019897461,False
2448,228,2.0,1.0,341.50000000000045,0.5,G4,67,1,1,0.8367719054222107,True,0.7257558107376099,True,0.4446897506713867,False
2449,228,3.0,1.0,342.00000000000045,0.5,C4,60,2,5,0.5104251503944397,True,0.44958779215812683,False,0.4180813431739807,False
2450,228,2.0,1.0,341.50000000000045,0.5,C3,48,2,5,0.4836350977420807,False,0.575465738773346,True,0.4225625991821289,False
2451,229,1.0,1.0,342.50000000000045,0.5,F5,77,1,1,0.8740779161453247,True,0.7663760185241699,True,0.28400498628616333,False
2452,229,1.0,1.0,342.50000000000045,0.5,C5,72,1,1,0.8717485666275024,True,0.7896528244018555,True,0.3701174259185791,False
2453,229,0.0,1.0,342.00000000000045,0.5,A4,69,1,1,0.8421710133552551,True,0.7335759997367859,True,0.4725550413131714,False
2454,229,1.0,1.0,342.50000000000045,0.5,F4,65,2,5,0.7204175591468811,True,0.6489850282669067,True,0.409089595079422,False
2455,229,0.0,1.0,342.00000000000045,0.5,F3,53,2,5,0.7378556132316589,True,0.5732825398445129,True,0.4369586408138275,False
2456,229,1.0,1.0,342.50000000000045,0.5,F4,65,1,1,0.8610387444496155,True,0.8567521572113037,True,0.4328737258911133,False
2457,229,2.0,1.0,343.00000000000045,0.5,F3,53,2,5,0.7282023429870605,True,0.741062581539154,True,0.422446072101593,False
2458,229,1.0,1.0,342.50000000000045,0.5,F2,41,2,5,0.7339239716529846,True,0.6893401741981506,True,0.41237199306488037,False
