note_index,measure,measure_offset,quarter_length,time_position,duration_seconds,pitch_name,pitch_midi,staff,voice,layer_1_score,layer_1_mask,layer_2_score,layer_2_mask,layer_3_score,layer_3_mask
0,1,0.0,1.0,0.0,24.0,B4,71,,0,0.44562751054763794,False,0.4641140103340149,False,0.46144556999206543,False
1,1,0.0,1.5,0.0,36.0,F#4,66,,0,0.8814529776573181,True,0.5891269445419312,True,0.4732452929019928,False
2,1,0.0,1.5,0.0,36.0,D4,62,,0,0.7743074297904968,True,0.6418516039848328,True,0.46107983589172363,False
3,1,0.0,1.0,0.0,24.0,B3,59,,0,0.1907958835363388,False,0.33905452489852905,False,0.41166234016418457,False
4,1,0.0,1.5,0.0,36.0,F#3,54,,0,0.8436166048049927,True,0.4130227565765381,False,0.44577163457870483,False
5,1,0.0,1.5,0.0,36.0,D3,50,,0,0.9788627624511719,True,0.3368336260318756,False,0.4157499670982361,False
6,1,1.0,0.5,24.0,12.0,A4,69,,0,0.9818414449691772,True,0.6718102097511292,True,0.5705907344818115,True
7,1,1.0,0.5,24.0,12.0,A3,57,,0,0.9952329993247986,True,0.4313593804836273,False,0.4143275022506714,False
8,1,1.5,0.5,36.0,12.0,A4,69,,0,0.9575735926628113,True,0.5708740949630737,True,0.5328788161277771,True
9,1,1.5,0.5,36.0,12.0,F#4,66,,0,0.5286678075790405,True,0.35971599817276,False,0.3635537028312683,False
10,1,1.5,0.5,36.0,12.0,D4,62,,0,0.23038674890995026,False,0.21220745146274567,False,0.36793315410614014,False
11,1,1.5,0.5,36.0,12.0,A3,57,,0,0.9914809465408325,True,0.4151155352592468,False,0.4402341842651367,False
12,1,1.5,0.5,36.0,12.0,F#3,54,,0,0.393650621175766,False,0.3975883424282074,False,0.43518370389938354,False
13,1,1.5,0.5,36.0,12.0,D3,50,,0,0.9342723488807678,True,0.23750612139701843,False,0.3758697509765625,False
14,1,2.0,0.5,48.0,12.0,A4,69,,0,0.9649802446365356,True,0.5173832178115845,True,0.47297632694244385,False
15,1,2.0,0.5,48.0,12.0,F#4,66,,0,0.6471785306930542,True,0.5189861059188843,True,0.31633883714675903,False
16,1,2.0,0.5,48.0,12.0,D4,62,,0,0.24157550930976868,False,0.2407054454088211,False,0.3689698874950409,False
17,1,2.0,0.5,48.0,12.0,A3,57,,0,0.9372577667236328,True,0.2769365608692169,False,0.3700242340564728,False
18,1,2.0,0.5,48.0,12.0,F#3,54,,0,0.514750599861145,True,0.24323728680610657,False,0.34887534379959106,False
19,1,2.0,0.5,48.0,12.0,D3,50,,0,0.9090105891227722,True,0.18178163468837738,False,0.3518983721733093,False
20,1,2.5,0.5,60.0,12.0,A4,69,,0,0.9913522005081177,True,0.3898973762989044,False,0.39515942335128784,False
21,1,2.5,0.5,60.0,12.0,F#4,66,,0,0.7857524156570435,True,0.36155128479003906,False,0.3659397065639496,False
22,1,2.5,0.5,60.0,12.0,D4,62,,0,0.7076267004013062,True,0.3230690658092499,False,0.3724466860294342,False
23,1,2.5,0.5,60.0,12.0,A3,57,,0,0.9788161516189575,True,0.33564889430999756,False,0.41419774293899536,False
24,1,2.5,0.5,60.0,12.0,F#3,54,,0,0.6180515289306641,True,0.17254219949245453,False,0.3654026687145233,False
25,1,2.5,0.5,60.0,12.0,D3,50,,0,0.9691827297210693,True,0.12244624644517899,False,0.3653819262981415,False
26,2,0.0,1.5,72.0,36.0,F#4,66,,0,0.9087399840354919,True,0.688019871711731,True,0.4183639585971832,False
27,2,0.0,1.5,72.0,36.0,D4,62,,0,0.8111906051635742,True,0.6615962982177734,True,0.4361106753349304,False
28,2,0.0,1.5,72.0,36.0,F#3,54,,0,0.9213489890098572,True,0.46145033836364746,False,0.4801960289478302,False
29,2,0.0,1.5,72.0,36.0,D3,50,,0,0.9737483263015747,True,0.42928650975227356,False,0.4404389262199402,False
30,2,1.5,0.5,108.0,12.0,D4,62,,0,0.7318764925003052,True,0.5062106847763062,True,0.33956512808799744,False
31,2,1.5,0.5,108.0,12.0,F#3,54,,0,0.8211907744407654,True,0.1422027051448822,False,0.37217411398887634,False
32,2,1.5,0.5,108.0,12.0,D3,50,,0,0.9881913065910339,True,0.254457950592041,False,0.38088881969451904,False
33,2,2.0,0.5,120.0,12.0,F#4,66,,0,0.5767612457275391,True,0.20641565322875977,False,0.3356998562812805,False
34,2,2.0,0.5,120.0,12.0,F#3,54,,0,0.356406033039093,False,0.370076447725296,False,0.41681012511253357,False
35,2,2.0,0.5,120.0,12.0,D3,50,,0,0.9340445399284363,True,0.1834903508424759,False,0.3621882200241089,False
36,2,2.5,0.5,132.0,12.0,D4,62,,0,0.6352337002754211,True,0.28383907675743103,False,0.3715988099575043,False
37,2,2.5,0.5,132.0,12.0,F#3,54,,0,0.6361522078514099,True,0.2153601348400116,False,0.3692365884780884,False
38,2,2.5,0.5,132.0,12.0,D3,50,,0,0.9437717795372009,True,0.06469261646270752,False,0.35937589406967163,False
39,3,0.0,1.0,144.0,24.0,B4,71,,0,0.8016486763954163,True,0.5270863771438599,True,0.3759559690952301,False
40,3,0.0,1.5,144.0,36.0,G4,67,,0,0.6658373475074768,True,0.5271189212799072,True,0.5956249833106995,True
41,3,0.0,1.5,144.0,36.0,E4,64,,0,0.03408558666706085,False,0.32284432649612427,False,0.4098392724990845,False
42,3,0.0,1.0,144.0,24.0,B3,59,,0,0.9206860065460205,True,0.8266820311546326,True,0.7559189796447754,True
43,3,0.0,1.5,144.0,36.0,G3,55,,0,0.6559866666793823,True,0.2686356008052826,False,0.4128067195415497,False
44,3,0.0,1.5,144.0,36.0,E3,52,,0,0.8795128464698792,True,0.6538726687431335,True,0.673484206199646,True
45,3,0.0,1.5,144.0,36.0,C#3,49,,0,0.9679898619651794,True,0.8824343681335449,True,0.7645553350448608,True
46,3,1.0,0.5,168.0,12.0,A4,69,,0,0.9850104451179504,True,0.6712059378623962,True,0.6137860417366028,True
47,3,1.0,0.5,168.0,12.0,A3,57,,0,0.9508519768714905,True,0.47453105449676514,False,0.44911861419677734,False
48,3,1.5,0.5,180.0,12.0,A4,69,,0,0.7136555314064026,True,0.3351587653160095,False,0.40039703249931335,False
49,3,1.5,0.5,180.0,12.0,G4,67,,0,0.06270268559455872,False,0.17036764323711395,False,0.36725112795829773,False
50,3,1.5,0.5,180.0,12.0,E4,64,,0,0.007567948661744595,False,0.17947044968605042,False,0.371803879737854,False
51,3,1.5,0.5,180.0,12.0,A3,57,,0,0.6668364405632019,True,0.30994489789009094,False,0.4078108072280884,False
52,3,1.5,0.5,180.0,12.0,G3,55,,0,0.1753239631652832,False,0.22612819075584412,False,0.37894517183303833,False
53,3,1.5,0.5,180.0,12.0,E3,52,,0,0.555098295211792,True,0.19068551063537598,False,0.40273934602737427,False
54,3,1.5,0.5,180.0,12.0,C#3,49,,0,0.6696484088897705,True,0.5445787906646729,True,0.5338037014007568,True
55,3,2.0,0.5,192.0,12.0,A4,69,,0,0.8919130563735962,True,0.6035797595977783,True,0.5599415898323059,True
56,3,2.0,0.5,192.0,12.0,G4,67,,0,0.033685170114040375,False,0.1821800023317337,False,0.36459651589393616,False
57,3,2.0,0.5,192.0,12.0,E4,64,,0,0.006671900860965252,False,0.20572802424430847,False,0.3718584477901459,False
58,3,2.0,0.5,192.0,12.0,A3,57,,0,0.857721745967865,True,0.3709073066711426,False,0.40914174914360046,False
59,3,2.0,0.5,192.0,12.0,G3,55,,0,0.09536793828010559,False,0.20717549324035645,False,0.36970964074134827,False
60,3,2.0,0.5,192.0,12.0,E3,52,,0,0.44468608498573303,False,0.4619043469429016,False,0.4503828287124634,False
61,3,2.0,0.5,192.0,12.0,C#3,49,,0,0.663438081741333,True,0.6700839400291443,True,0.5209429264068604,True
62,3,2.5,0.5,204.0,12.0,A4,69,,0,0.9872890710830688,True,0.500853955745697,True,0.5681946873664856,True
63,3,2.5,0.5,204.0,12.0,G4,67,,0,0.14378109574317932,False,0.20502732694149017,False,0.37303850054740906,False
64,3,2.5,0.5,204.0,12.0,E4,64,,0,0.002127670682966709,False,0.17746256291866302,False,0.37143445014953613,False
65,3,2.5,0.5,204.0,12.0,A3,57,,0,0.8516503572463989,True,0.44405311346054077,False,0.427617609500885,False
66,3,2.5,0.5,204.0,12.0,G3,55,,0,0.2608467638492584,False,0.249009370803833,False,0.3833353817462921,False
67,3,2.5,0.5,204.0,12.0,E3,52,,0,0.43747538328170776,False,0.4385051429271698,False,0.45528995990753174,False
68,3,2.5,0.5,204.0,12.0,C#3,49,,0,0.7327606678009033,True,0.5674653649330139,True,0.6074182987213135,True
69,4,0.0,1.5,216.0,36.0,E4,64,,0,0.013546675443649292,False,0.3082534968852997,False,0.40543729066848755,False
70,4,0.0,1.5,216.0,36.0,A3,57,,0,0.946707010269165,True,0.7242312431335449,True,0.6366211771965027,True
71,4,0.0,1.5,216.0,36.0,G3,55,,0,0.5602235794067383,True,0.3967853784561157,False,0.4399113655090332,False
72,4,0.0,1.5,216.0,36.0,C#3,49,,0,0.9385786056518555,True,0.9032735824584961,True,0.7578450441360474,True
73,4,1.5,0.5,252.0,12.0,E4,64,,0,0.010384922847151756,False,0.180426687002182,False,0.3719325363636017,False
74,4,1.5,0.5,252.0,12.0,A3,57,,0,0.8320803642272949,True,0.3550300598144531,False,0.3974546790122986,False
75,4,1.5,0.5,252.0,12.0,E3,52,,0,0.3552936315536499,False,0.34092023968696594,False,0.4172913134098053,False
76,4,1.5,0.5,252.0,12.0,C#3,49,,0,0.7697243094444275,True,0.5493864417076111,True,0.5916730165481567,True
77,4,2.0,0.5,264.0,12.0,G4,67,,0,0.13078241050243378,False,0.22393809258937836,False,0.37132659554481506,False
78,4,2.0,0.5,264.0,12.0,A3,57,,0,0.8508558869361877,True,0.3784094452857971,False,0.3760935962200165,False
79,4,2.0,0.5,264.0,12.0,G3,55,,0,0.07633397728204727,False,0.19933703541755676,False,0.3677753806114197,False
80,4,2.0,0.5,264.0,12.0,C#3,49,,0,0.5884304642677307,True,0.547995924949646,True,0.56937575340271,True
81,4,2.5,0.5,276.0,12.0,E4,64,,0,0.032253239303827286,False,0.1868000328540802,False,0.37300077080726624,False
82,4,2.5,0.5,276.0,12.0,A3,57,,0,0.9348016381263733,True,0.3715207874774933,False,0.4142313003540039,False
83,4,2.5,0.5,276.0,12.0,E3,52,,0,0.7578862905502319,True,0.3807409107685089,False,0.45319664478302,False
84,4,2.5,0.5,276.0,12.0,C#3,49,,0,0.5137162208557129,True,0.5525494813919067,True,0.5507282018661499,True
85,5,0.0,1.0,288.0,24.0,B4,71,,0,0.8471454381942749,True,0.6162760853767395,True,0.392818421125412,False
86,5,0.0,1.5,288.0,36.0,F#4,66,,0,0.8778720498085022,True,0.7197694182395935,True,0.5700444579124451,True
87,5,0.0,1.5,288.0,36.0,D4,62,,0,0.3764875829219818,False,0.46934160590171814,False,0.4588598608970642,False
88,5,0.0,1.0,288.0,24.0,B3,59,,0,0.3374521732330322,False,0.4112511873245239,False,0.43732112646102905,False
89,5,0.0,1.5,288.0,36.0,F#3,54,,0,0.7446918487548828,True,0.8129863739013672,True,0.7631454467773438,True
90,5,0.0,1.5,288.0,36.0,D3,50,,0,0.933204710483551,True,0.46870434284210205,False,0.43636512756347656,False
91,5,1.0,0.5,312.0,12.0,A4,69,,0,0.9933109283447266,True,0.47755321860313416,False,0.4282189905643463,False
92,5,1.0,0.5,312.0,12.0,A3,57,,0,0.9809637069702148,True,0.42973509430885315,False,0.4121190309524536,False
93,5,1.5,0.5,324.0,12.0,A4,69,,0,0.9854760766029358,True,0.29075971245765686,False,0.392203152179718,False
94,5,1.5,0.5,324.0,12.0,F#4,66,,0,0.6479167342185974,True,0.38850536942481995,False,0.3932914137840271,False
95,5,1.5,0.5,324.0,12.0,D4,62,,0,0.06577161699533463,False,0.16540004312992096,False,0.35899367928504944,False
96,5,1.5,0.5,324.0,12.0,A3,57,,0,0.9547872543334961,True,0.33543989062309265,False,0.3950260877609253,False
97,5,1.5,0.5,324.0,12.0,F#3,54,,0,0.3704826831817627,False,0.37501832842826843,False,0.4243145287036896,False
98,5,1.5,0.5,324.0,12.0,D3,50,,0,0.8806259036064148,True,0.20977826416492462,False,0.36995968222618103,False
99,5,2.0,0.5,336.0,12.0,A4,69,,0,0.9936503767967224,True,0.32189372181892395,False,0.3825356364250183,False
100,5,2.0,0.5,336.0,12.0,F#4,66,,0,0.5727242827415466,True,0.38827764987945557,False,0.3979822099208832,False
101,5,2.0,0.5,336.0,12.0,D4,62,,0,0.12476948648691177,False,0.21622571349143982,False,0.36286768317222595,False
102,5,2.0,0.5,336.0,12.0,A3,57,,0,0.896921694278717,True,0.44675394892692566,False,0.4021426737308502,False
103,5,2.0,0.5,336.0,12.0,F#3,54,,0,0.7336249351501465,True,0.6004167199134827,True,0.6449872851371765,True
104,5,2.0,0.5,336.0,12.0,D3,50,,0,0.9093962907791138,True,0.39898625016212463,False,0.36445924639701843,False
105,5,2.5,0.5,348.0,12.0,D5,74,,0,0.41326627135276794,False,0.22753797471523285,False,0.3671593964099884,False
106,5,2.5,0.5,348.0,12.0,F#4,66,,0,0.7317635416984558,True,0.48209038376808167,False,0.4202352464199066,False
107,5,2.5,0.5,348.0,12.0,D4,62,,0,0.4955163300037384,False,0.3274582326412201,False,0.394235223531723,False
108,5,2.5,0.5,348.0,12.0,D4,62,,0,0.21932366490364075,False,0.21250788867473602,False,0.3659692406654358,False
109,5,2.5,0.5,348.0,12.0,F#3,54,,0,0.36604636907577515,False,0.3545898199081421,False,0.41754812002182007,False
110,5,2.5,0.5,348.0,12.0,D3,50,,0,0.9141001105308533,True,0.4803970158100128,False,0.42063072323799133,False
111,6,0.0,1.0,360.0,24.0,F#4,66,,0,0.7116091251373291,True,0.7209790349006653,True,0.589847207069397,True
112,6,0.0,1.5,360.0,36.0,C#4,61,,0,0.8115426301956177,True,0.7399073839187622,True,0.7704809904098511,True
113,6,0.0,1.5,360.0,36.0,G3,55,,0,0.8958297371864319,True,0.8599350452423096,True,0.6507247686386108,True
114,6,0.0,1.5,360.0,36.0,A2,45,,0,0.9697256684303284,True,0.8551456928253174,True,0.7946089506149292,True
115,6,1.0,0.5,384.0,12.0,E4,64,,0,0.03001502901315689,False,0.26323559880256653,False,0.3897022008895874,False
116,6,1.5,0.5,396.0,12.0,E4,64,,0,0.006092905532568693,False,0.1790226250886917,False,0.37159934639930725,False
117,6,1.5,0.5,396.0,12.0,C#4,61,,0,0.09709710627794266,False,0.1793675273656845,False,0.3667493462562561,False
118,6,1.5,0.5,396.0,12.0,G3,55,,0,0.1530383825302124,False,0.21627262234687805,False,0.37531930208206177,False
119,6,1.5,0.5,396.0,12.0,A2,45,,0,0.7634739875793457,True,0.6472464799880981,True,0.6361466646194458,True
120,6,2.0,0.5,408.0,12.0,E4,64,,0,0.005979329813271761,False,0.2051089107990265,False,0.37165164947509766,False
121,6,2.0,0.5,408.0,12.0,C#4,61,,0,0.05265241861343384,False,0.1842421591281891,False,0.3629707098007202,False
122,6,2.0,0.5,408.0,12.0,G3,55,,0,0.0632319226861,False,0.19842571020126343,False,0.3679777681827545,False
123,6,2.0,0.5,408.0,12.0,A2,45,,0,0.425161749124527,False,0.36824679374694824,False,0.4113653898239136,False
124,6,2.5,0.5,420.0,12.0,A4,69,,0,0.9725080132484436,True,0.3415589928627014,False,0.37335696816444397,False
125,6,2.5,0.5,420.0,12.0,C#4,61,,0,0.21800336241722107,False,0.2286105901002884,False,0.3767108619213104,False
126,6,2.5,0.5,420.0,12.0,G3,55,,0,0.09492450952529907,False,0.1825156956911087,False,0.3697170615196228,False
127,6,2.5,0.5,420.0,12.0,A2,45,,0,0.6997036337852478,True,0.3597600758075714,False,0.3988192677497864,False
128,7,0.0,0.75,432.0,18.0,D4,62,,0,0.9227155447006226,True,0.9152473211288452,True,0.8551982641220093,True
129,7,0.0,1.0,432.0,24.0,D4,62,,0,0.8074041604995728,True,0.7775976061820984,True,0.7142424583435059,True
130,7,0.0,1.0,432.0,24.0,F#3,54,,0,0.8445473909378052,True,0.9215553998947144,True,0.8330322504043579,True
131,7,0.0,1.0,432.0,24.0,B2,47,,0,0.981914758682251,True,0.9417707324028015,True,0.9001967906951904,True
132,7,0.75,0.125,450.0,3.0,E4,64,,0,0.02356523647904396,False,0.1862480640411377,False,0.36576780676841736,False
133,7,0.875,0.125,453.0,3.0,F#4,66,,0,0.9287090301513672,True,0.647605836391449,True,0.2871968746185303,False
134,7,1.0,0.75,456.0,18.0,G4,67,,0,0.25557026267051697,False,0.4007796049118042,False,0.4273673892021179,False
135,7,1.0,1.0,456.0,24.0,E4,64,,0,0.04063764214515686,False,0.2745399475097656,False,0.3942820727825165,False
136,7,1.0,1.5,456.0,36.0,A3,57,,0,0.9901137351989746,True,0.816886842250824,True,0.6830137968063354,True
137,7,1.0,1.0,456.0,24.0,C#3,49,,0,0.40120813250541687,False,0.4487845003604889,False,0.44879260659217834,False
138,7,1.75,0.125,474.0,3.0,B4,71,,0,0.11058209091424942,False,0.17868971824645996,False,0.3596543073654175,False
139,7,1.875,0.125,477.0,3.0,A4,69,,0,0.993294894695282,True,0.20195846259593964,False,0.3551676869392395,False
140,7,2.0,0.5,480.0,12.0,F#4,66,,0,0.950349748134613,True,0.47305938601493835,False,0.40402233600616455,False
141,7,2.0,0.5,480.0,12.0,D4,62,,0,0.9534122347831726,True,0.7839458584785461,True,0.3477376103401184,False
142,7,2.0,0.5,480.0,12.0,D3,50,,0,0.8617790341377258,True,0.13540203869342804,False,0.3606840968132019,False
143,8,0.0,1.0,504.0,24.0,B4,71,,0,0.07006537914276123,False,0.28546521067619324,False,0.39281851053237915,False
144,8,0.0,1.5,504.0,36.0,F#4,66,,0,0.900924026966095,True,0.5627017021179199,True,0.6419946551322937,True
145,8,0.0,1.5,504.0,36.0,D4,62,,0,0.9303192496299744,True,0.9269359111785889,True,0.6072694659233093,True
146,8,0.0,1.0,504.0,24.0,B3,59,,0,0.17516814172267914,False,0.33636730909347534,False,0.40987229347229004,False
147,8,0.0,1.5,504.0,36.0,F#3,54,,0,0.9147114157676697,True,0.948411762714386,True,0.827116072177887,True
148,8,0.0,1.5,504.0,36.0,D3,50,,0,0.9848360419273376,True,0.4805990159511566,False,0.44386324286460876,False
149,8,1.0,0.5,528.0,12.0,A4,69,,0,0.9980625510215759,True,0.3568587303161621,False,0.3743886947631836,False
150,8,1.0,0.5,528.0,12.0,A3,57,,0,0.9826027154922485,True,0.8594105839729309,True,0.5206603407859802,True
151,8,1.5,0.5,540.0,12.0,A4,69,,0,0.9959930181503296,True,0.18610720336437225,False,0.37284210324287415,False
152,8,1.5,0.5,540.0,12.0,F#4,66,,0,0.5647547841072083,True,0.18597263097763062,False,0.36296898126602173,False
153,8,1.5,0.5,540.0,12.0,D4,62,,0,0.5194048285484314,True,0.5345124006271362,True,0.4466942846775055,False
154,8,1.5,0.5,540.0,12.0,A3,57,,0,0.975737452507019,True,0.864480197429657,True,0.5489093065261841,True
155,8,1.5,0.5,540.0,12.0,F#3,54,,0,0.47843241691589355,False,0.4421215355396271,False,0.45163875818252563,False
156,8,1.5,0.5,540.0,12.0,D3,50,,0,0.9514777064323425,True,0.5167372226715088,True,0.5798651576042175,True
157,8,2.0,0.5,552.0,12.0,A4,69,,0,0.9961212277412415,True,0.21385259926319122,False,0.3656785786151886,False
158,8,2.0,0.5,552.0,12.0,F#4,66,,0,0.7117576599121094,True,0.4238353967666626,False,0.3743852376937866,False
159,8,2.0,0.5,552.0,12.0,D4,62,,0,0.5666993260383606,True,0.7091970443725586,True,0.3714124262332916,False
160,8,2.0,0.5,552.0,12.0,A3,57,,0,0.9494864344596863,True,0.8902228474617004,True,0.40794825553894043,False
161,8,2.0,0.5,552.0,12.0,F#3,54,,0,0.4964330196380615,False,0.4436033070087433,False,0.44446703791618347,False
162,8,2.0,0.5,552.0,12.0,D3,50,,0,0.9038229584693909,True,0.21049340069293976,False,0.3571675419807434,False
163,8,2.5,0.5,564.0,12.0,A4,69,,0,0.9936162233352661,True,0.18388643860816956,False,0.36472105979919434,False
164,8,2.5,0.5,564.0,12.0,F#4,66,,0,0.9164031744003296,True,0.3208608329296112,False,0.3754710853099823,False
165,8,2.5,0.5,564.0,12.0,D4,62,,0,0.9286146759986877,True,0.7805973291397095,True,0.5060958862304688,True
166,8,2.5,0.5,564.0,12.0,A3,57,,0,0.9118520021438599,True,0.8097637891769409,True,0.38580259680747986,False
167,8,2.5,0.5,564.0,12.0,F#3,54,,0,0.602236270904541,True,0.8144199252128601,True,0.6265604496002197,True
168,8,2.5,0.5,564.0,12.0,D3,50,,0,0.964554488658905,True,0.1780908703804016,False,0.36740967631340027,False
169,9,0.0,1.5,576.0,36.0,F#4,66,,0,0.9444623589515686,True,0.606524646282196,True,0.7051041722297668,True
170,9,0.0,1.5,576.0,36.0,D4,62,,0,0.9630001783370972,True,0.8835820555686951,True,0.5630254745483398,True
171,9,0.0,1.5,576.0,36.0,F#3,54,,0,0.7222088575363159,True,0.9019126892089844,True,0.750688374042511,True
172,9,0.0,1.5,576.0,36.0,D3,50,,0,0.9642966985702515,True,0.49510058760643005,False,0.44977524876594543,False
173,9,1.5,0.5,612.0,12.0,D4,62,,0,0.9297865033149719,True,0.8362876176834106,True,0.4634092450141907,False
174,9,1.5,0.5,612.0,12.0,D3,50,,0,0.9835845232009888,True,0.42128920555114746,False,0.4039992094039917,False
175,9,2.0,0.5,624.0,12.0,F#4,66,,0,0.8639484643936157,True,0.41215723752975464,False,0.3666175603866577,False
176,9,2.0,0.5,624.0,12.0,D4,62,,0,0.8033347725868225,True,0.7158706188201904,True,0.42241370677948,False
177,9,2.0,0.5,624.0,12.0,F#3,54,,0,0.37913405895233154,False,0.37270304560661316,False,0.4115283489227295,False
178,9,2.0,0.5,624.0,12.0,D3,50,,0,0.919709324836731,True,0.36337777972221375,False,0.37444719672203064,False
179,9,2.5,0.5,636.0,12.0,B4,71,,0,0.49456968903541565,False,0.3012389540672302,False,0.3981334865093231,False
180,9,2.5,0.5,636.0,12.0,F#4,66,,0,0.9615194201469421,True,0.3718918263912201,False,0.3866332173347473,False
181,9,2.5,0.5,636.0,12.0,D4,62,,0,0.8941552042961121,True,0.25413382053375244,False,0.3679587244987488,False
182,9,2.5,0.5,636.0,12.0,B3,59,,0,0.8787397742271423,True,0.9045006036758423,True,0.2968147099018097,False
183,9,2.5,0.5,636.0,12.0,F#3,54,,0,0.2757239043712616,False,0.2938113212585449,False,0.39525195956230164,False
184,9,2.5,0.5,636.0,12.0,D3,50,,0,0.9652448296546936,True,0.17855489253997803,False,0.36525413393974304,False
185,10,0.0,1.0,648.0,24.0,C#5,73,,0,0.7822161316871643,True,0.7372171878814697,True,0.7590591907501221,True
186,10,0.0,1.5,648.0,36.0,F#4,66,,0,0.9745312333106995,True,0.6204938292503357,True,0.6366592049598694,True
187,10,0.0,1.5,648.0,36.0,D4,62,,0,0.7889477014541626,True,0.7555676698684692,True,0.5935805439949036,True
188,10,0.0,1.0,648.0,24.0,C#4,61,,0,0.9551998376846313,True,0.8996078968048096,True,0.8687669634819031,True
189,10,0.0,1.5,648.0,36.0,F#3,54,,0,0.7676844596862793,True,0.6902086138725281,True,0.555812418460846,True
190,10,0.0,1.5,648.0,36.0,B2,47,,0,0.8512545824050903,True,0.8718416094779968,True,0.84806889295578,True
191,10,1.0,0.5,672.0,12.0,B4,71,,0,0.16676084697246552,False,0.2894152104854584,False,0.3912543058395386,False
192,10,1.0,0.5,672.0,12.0,B3,59,,0,0.5315769910812378,True,0.898168683052063,True,0.22006815671920776,False
193,10,1.5,0.5,684.0,12.0,B4,71,,0,0.1073724702000618,False,0.18256422877311707,False,0.36762407422065735,False
194,10,1.5,0.5,684.0,12.0,F#4,66,,0,0.9489454030990601,True,0.31345605850219727,False,0.3920283615589142,False
195,10,1.5,0.5,684.0,12.0,D4,62,,0,0.5769098997116089,True,0.7067651748657227,True,0.4365061819553375,False
196,10,1.5,0.5,684.0,12.0,B3,59,,0,0.4529196321964264,False,0.34314024448394775,False,0.41285255551338196,False
197,10,1.5,0.5,684.0,12.0,F#3,54,,0,0.742729127407074,True,0.557462215423584,True,0.5811288952827454,True
198,10,1.5,0.5,684.0,12.0,B2,47,,0,0.735098659992218,True,0.4645695984363556,False,0.46502014994621277,False
199,10,2.0,0.5,696.0,12.0,B4,71,,0,0.1482052356004715,False,0.22873127460479736,False,0.37171128392219543,False
200,10,2.0,0.5,696.0,12.0,F#4,66,,0,0.9015783071517944,True,0.5356541872024536,True,0.4647374749183655,False
201,10,2.0,0.5,696.0,12.0,D4,62,,0,0.5601397156715393,True,0.7663467526435852,True,0.34896430373191833,False
202,10,2.0,0.5,696.0,12.0,B3,59,,0,0.19632522761821747,False,0.2423359751701355,False,0.37543436884880066,False
203,10,2.0,0.5,696.0,12.0,F#3,54,,0,0.29492515325546265,False,0.30360642075538635,False,0.3916460871696472,False
204,10,2.0,0.5,696.0,12.0,B2,47,,0,0.37719711661338806,False,0.3272869288921356,False,0.39756065607070923,False
205,10,2.5,0.5,708.0,12.0,B4,71,,0,0.5158398747444153,True,0.2587035000324249,False,0.3678615689277649,False
206,10,2.5,0.5,708.0,12.0,F#4,66,,0,0.9229599833488464,True,0.28343066573143005,False,0.37592047452926636,False
207,10,2.5,0.5,708.0,12.0,D4,62,,0,0.7780323624610901,True,0.39865604043006897,False,0.3799232244491577,False
208,10,2.5,0.5,708.0,12.0,B3,59,,0,0.8050683736801147,True,0.8103554248809814,True,0.19253043830394745,False
209,10,2.5,0.5,708.0,12.0,F#3,54,,0,0.19293317198753357,False,0.2499641478061676,False,0.3841792345046997,False
210,10,2.5,0.5,708.0,12.0,B2,47,,0,0.5908405184745789,True,0.24473118782043457,False,0.38405823707580566,False
211,11,0.0,1.5,720.0,36.0,F#4,66,,0,0.9849697351455688,True,0.6123074293136597,True,0.5602328777313232,True
212,11,0.0,1.5,720.0,36.0,D4,62,,0,0.8883596658706665,True,0.8055716156959534,True,0.5340797305107117,True
213,11,0.0,1.5,720.0,36.0,F#3,54,,0,0.3955928385257721,False,0.49150773882865906,False,0.47494253516197205,False
214,11,0.0,1.5,720.0,36.0,B2,47,,0,0.6763128042221069,True,0.4964016377925873,False,0.4836692214012146,False
215,11,1.5,0.5,756.0,12.0,B4,71,,0,0.31314802169799805,False,0.264157772064209,False,0.38317427039146423,False
216,11,1.5,0.5,756.0,12.0,B3,59,,0,0.8814117312431335,True,0.9038740992546082,True,0.22066770493984222,False
217,11,2.0,0.5,768.0,12.0,D5,74,,0,0.3207491934299469,False,0.2733435332775116,False,0.3741251826286316,False
218,11,2.0,0.5,768.0,12.0,B4,71,,0,0.23850542306900024,False,0.2720576524734497,False,0.3801940083503723,False
219,11,2.0,0.5,768.0,12.0,D4,62,,0,0.8081414699554443,True,0.6214219927787781,True,0.2855066657066345,False
220,11,2.0,0.5,768.0,12.0,B3,59,,0,0.2990092635154724,False,0.29197022318840027,False,0.3879393935203552,False
221,11,2.5,0.5,780.0,12.0,F#5,78,,0,0.8922884464263916,True,0.5426901578903198,True,0.5307227969169617,True
222,11,2.5,0.5,780.0,12.0,D5,74,,0,0.5915225148200989,True,0.13950958847999573,False,0.35318344831466675,False
223,11,2.5,0.5,780.0,12.0,F#4,66,,0,0.9482909440994263,True,0.3744945824146271,False,0.38136422634124756,False
224,11,2.5,0.5,780.0,12.0,D4,62,,0,0.6582555770874023,True,0.49480825662612915,False,0.39997023344039917,False
225,11,2.5,0.5,780.0,12.0,B3,59,,0,0.673491895198822,True,0.7293784022331238,True,0.23290380835533142,False
226,12,0.0,1.0,792.0,24.0,G5,79,,0,0.8888442516326904,True,0.593010663986206,True,0.5364236235618591,True
227,12,0.0,1.5,792.0,36.0,D5,74,,0,0.607267439365387,True,0.24975454807281494,False,0.39749497175216675,False
228,12,0.0,1.5,792.0,36.0,B4,71,,0,0.7736045718193054,True,0.4919586777687073,False,0.5144229531288147,True
229,12,0.0,1.0,792.0,24.0,G4,67,,0,0.6762088537216187,True,0.5461312532424927,True,0.6811325550079346,True
230,12,0.0,1.5,792.0,36.0,D4,62,,0,0.8596396446228027,True,0.8415484428405762,True,0.4702950716018677,False
231,12,0.0,1.5,792.0,36.0,B3,59,,0,0.7329566478729248,True,0.9097756147384644,True,0.25837936997413635,False
232,12,1.0,0.5,816.0,12.0,F#5,78,,0,0.8959290385246277,True,0.47579994797706604,False,0.4345194697380066,False
233,12,1.0,0.5,816.0,12.0,F#4,66,,0,0.9299237728118896,True,0.5907935500144958,True,0.5085232853889465,True
234,12,1.5,0.5,828.0,12.0,F#5,78,,0,0.883800745010376,True,0.3967597186565399,False,0.4199714958667755,False
235,12,1.5,0.5,828.0,12.0,D5,74,,0,0.24033044278621674,False,0.20077605545520782,False,0.36364424228668213,False
236,12,1.5,0.5,828.0,12.0,B4,71,,0,0.4018191397190094,False,0.3305032253265381,False,0.40328845381736755,False
237,12,1.5,0.5,828.0,12.0,F#4,66,,0,0.9702447652816772,True,0.38510745763778687,False,0.406032532453537,False
238,12,1.5,0.5,828.0,12.0,D4,62,,0,0.6126469969749451,True,0.6214582920074463,True,0.3218243718147278,False
239,12,1.5,0.5,828.0,12.0,B3,59,,0,0.7022680044174194,True,0.8280064463615417,True,0.18948772549629211,False
240,12,2.0,0.5,840.0,12.0,F#5,78,,0,0.8984842300415039,True,0.37193062901496887,False,0.38752952218055725,False
241,12,2.0,0.5,840.0,12.0,D5,74,,0,0.24949504435062408,False,0.24786575138568878,False,0.36795574426651,False
242,12,2.0,0.5,840.0,12.0,B4,71,,0,0.23999075591564178,False,0.27965474128723145,False,0.38224542140960693,False
243,12,2.0,0.5,840.0,12.0,F#4,66,,0,0.8670191764831543,True,0.5691369771957397,True,0.42683106660842896,False
244,12,2.0,0.5,840.0,12.0,D4,62,,0,0.5147221684455872,True,0.6162342429161072,True,0.27177873253822327,False
245,12,2.0,0.5,840.0,12.0,B3,59,,0,0.377163290977478,False,0.30636730790138245,False,0.39111167192459106,False
246,12,2.5,0.5,852.0,12.0,F#5,78,,0,0.9481019377708435,True,0.37739330530166626,False,0.419371098279953,False
247,12,2.5,0.5,852.0,12.0,D5,74,,0,0.5640577077865601,True,0.18932460248470306,False,0.35349780321121216,False
248,12,2.5,0.5,852.0,12.0,B4,71,,0,0.535002589225769,True,0.10227828472852707,False,0.3682779371738434,False
249,12,2.5,0.5,852.0,12.0,F#4,66,,0,0.9941225647926331,True,0.39132416248321533,False,0.40332794189453125,False
250,12,2.5,0.5,852.0,12.0,D4,62,,0,0.5002937316894531,True,0.3029550015926361,False,0.3708333671092987,False
251,12,2.5,0.5,852.0,12.0,B3,59,,0,0.797868549823761,True,0.8038188815116882,True,0.15683534741401672,False
252,13,0.0,1.0,864.0,24.0,B5,83,,0,0.5000984072685242,True,0.23278498649597168,False,0.3950463533401489,False
253,13,0.0,1.5,864.0,36.0,D5,74,,0,0.4746469259262085,False,0.4181889593601227,False,0.43085259199142456,False
254,13,0.0,1.5,864.0,36.0,A4,69,,0,0.999910831451416,True,0.32271456718444824,False,0.3940168619155884,False
255,13,0.0,1.5,864.0,36.0,F#4,66,,0,0.989575982093811,True,0.7467078566551208,True,0.6649618148803711,True
256,13,0.0,1.5,864.0,36.0,D4,62,,0,0.5348875522613525,True,0.7161685228347778,True,0.5478615164756775,True
257,13,0.0,1.5,864.0,36.0,F#3,54,,0,0.5620195865631104,True,0.6629706025123596,True,0.5742929577827454,True
258,13,1.0,0.5,888.0,12.0,A5,81,,0,0.9976050853729248,True,0.7272602915763855,True,0.5554216504096985,True
259,13,1.5,0.5,900.0,12.0,A5,81,,0,0.9928810596466064,True,0.646715521812439,True,0.5187719464302063,True
260,13,1.5,0.5,900.0,12.0,D5,74,,0,0.15033428370952606,False,0.1800999790430069,False,0.35957109928131104,False
261,13,1.5,0.5,900.0,12.0,A4,69,,0,0.9995402097702026,True,0.2346697449684143,False,0.36845606565475464,False
262,13,1.5,0.5,900.0,12.0,F#4,66,,0,0.9557727575302124,True,0.72334885597229,True,0.5732772350311279,True
263,13,1.5,0.5,900.0,12.0,D4,62,,0,0.24723662436008453,False,0.19918176531791687,False,0.36264923214912415,False
264,13,1.5,0.5,900.0,12.0,F#3,54,,0,0.497659295797348,False,0.45829907059669495,False,0.4523276388645172,False
265,13,2.0,0.5,912.0,12.0,A5,81,,0,0.9923422932624817,True,0.6086657047271729,True,0.4358185827732086,False
266,13,2.0,0.5,912.0,12.0,D5,74,,0,0.3142101764678955,False,0.23818258941173553,False,0.3637728691101074,False
267,13,2.0,0.5,912.0,12.0,A4,69,,0,0.9990405440330505,True,0.2366873323917389,False,0.3525172173976898,False
268,13,2.0,0.5,912.0,12.0,F#4,66,,0,0.9043287038803101,True,0.7630804181098938,True,0.5256343483924866,True
269,13,2.0,0.5,912.0,12.0,D4,62,,0,0.06662647426128387,False,0.1792123019695282,False,0.356108695268631,False
270,13,2.0,0.5,912.0,12.0,F#3,54,,0,0.3209277391433716,False,0.32983627915382385,False,0.39981335401535034,False
271,13,2.5,0.5,924.0,12.0,D6,86,,0,0.506773054599762,True,0.16210278868675232,False,0.350186824798584,False
272,13,2.5,0.5,924.0,12.0,D5,74,,0,0.6798732280731201,True,0.09452615678310394,False,0.3540583550930023,False
273,13,2.5,0.5,924.0,12.0,F#4,66,,0,0.9760823845863342,True,0.5062520503997803,True,0.5447635054588318,True
274,13,2.5,0.5,924.0,12.0,D4,62,,0,0.2845361828804016,False,0.188881978392601,False,0.3609565794467926,False
275,13,2.5,0.5,924.0,12.0,A3,57,,0,0.9898014664649963,True,0.8030563592910767,True,0.5519291758537292,True
276,14,0.0,1.0,936.0,24.0,F#5,78,,0,0.5027192234992981,True,0.5926210880279541,True,0.3750356435775757,False
277,14,0.0,1.5,936.0,36.0,C#5,73,,0,0.6962793469429016,True,0.7116597294807434,True,0.6356250047683716,True
278,14,0.0,1.5,936.0,36.0,G4,67,,0,0.7062051296234131,True,0.6062445640563965,True,0.7258449792861938,True
279,14,0.0,1.5,936.0,36.0,A3,57,,0,0.995126485824585,True,0.8937968611717224,True,0.5900118350982666,True
280,14,1.0,0.5,960.0,12.0,E5,76,,0,0.9947665929794312,True,0.896763265132904,True,0.5448738932609558,True
281,14,1.5,0.5,972.0,12.0,E5,76,,0,0.8939634561538696,True,0.5386846661567688,True,0.3520660102367401,False
282,14,1.5,0.5,972.0,12.0,C#5,73,,0,0.08645325899124146,False,0.16271625459194183,False,0.362228125333786,False
283,14,1.5,0.5,972.0,12.0,G4,67,,0,0.08826405555009842,False,0.18465949594974518,False,0.36914125084877014,False
284,14,1.5,0.5,972.0,12.0,A3,57,,0,0.9549630880355835,True,0.7213482856750488,True,0.5156542062759399,True
285,14,2.0,0.5,984.0,12.0,E5,76,,0,0.8104473352432251,True,0.5500373840332031,True,0.2984911799430847,False
286,14,2.0,0.5,984.0,12.0,C#5,73,,0,0.0797569528222084,False,0.18575675785541534,False,0.3612566590309143,False
287,14,2.0,0.5,984.0,12.0,G4,67,,0,0.05659523978829384,False,0.1948036104440689,False,0.36649271845817566,False
288,14,2.0,0.5,984.0,12.0,A3,57,,0,0.9077315926551819,True,0.7929778099060059,True,0.45012611150741577,False
289,14,2.5,0.5,996.0,12.0,A5,81,,0,0.966179370880127,True,0.5507113933563232,True,0.4172016382217407,False
290,14,2.5,0.5,996.0,12.0,C#5,73,,0,0.23178790509700775,False,0.19392453134059906,False,0.36573326587677,False
291,14,2.5,0.5,996.0,12.0,G4,67,,0,0.5275413393974304,True,0.21252059936523438,False,0.37089231610298157,False
292,14,2.5,0.5,996.0,12.0,A3,57,,0,0.996417760848999,True,0.7170813083648682,True,0.4968685507774353,False
293,15,0.0,0.25,1008.0,6.0,D5,74,,0,0.4993813633918762,False,0.37554624676704407,False,0.4061560034751892,False
294,15,0.0,0.5,1008.0,12.0,F#4,66,,0,0.8193316459655762,True,0.7199553847312927,True,0.5425736904144287,True
295,15,0.0,0.5,1008.0,12.0,D4,62,,0,0.6316908597946167,True,0.6664063334465027,True,0.5292909741401672,True
296,15,0.25,0.25,1014.0,6.0,A4,69,,0,0.9783614277839661,True,0.3525214195251465,False,0.339730441570282,False
297,15,0.5,0.25,1020.0,6.0,G#4,68,,0,0.592621922492981,True,0.6059225797653198,True,0.48072418570518494,False
298,15,0.75,0.25,1026.0,6.0,A4,69,,0,0.8426112532615662,True,0.3405323922634125,False,0.35307419300079346,False
299,15,1.0,0.25,1032.0,6.0,B4,71,,0,0.16040320694446564,False,0.2790800929069519,False,0.38845184445381165,False
300,15,1.25,0.25,1038.0,6.0,A4,69,,0,0.9093583226203918,True,0.5245617628097534,True,0.35064199566841125,False
301,15,1.5,0.25,1044.0,6.0,B4,71,,0,0.09969275444746017,False,0.1707722246646881,False,0.36487844586372375,False
302,15,1.75,0.25,1050.0,6.0,C#5,73,,0,0.11136063933372498,False,0.16804687678813934,False,0.3564174175262451,False
303,15,2.0,0.25,1056.0,6.0,D5,74,,0,0.6939008831977844,True,0.10642141848802567,False,0.3506864011287689,False
304,15,2.25,0.25,1062.0,6.0,C#5,73,,0,0.14847847819328308,False,0.18740640580654144,False,0.3600934147834778,False
305,15,2.5,0.25,1068.0,6.0,D5,74,,0,0.31373313069343567,False,0.17511971294879913,False,0.35653257369995117,False
306,15,2.75,0.25,1074.0,6.0,E5,76,,0,0.9374630451202393,True,0.6416680812835693,True,0.39517489075660706,False
307,16,0.0,1.0,1080.0,24.0,G5,79,,0,0.9818735122680664,True,0.7368605732917786,True,0.6955108642578125,True
308,16,0.0,0.25,1080.0,6.0,A#3,58,,0,0.9947429895401001,True,0.9719171524047852,True,0.5337072610855103,True
309,16,0.25,0.25,1086.0,6.0,C#4,61,,0,0.7538446187973022,True,0.5736746191978455,True,0.5691964626312256,True
310,16,0.5,0.25,1092.0,6.0,F#4,66,,0,0.8344773650169373,True,0.4365263283252716,False,0.3730663061141968,False
311,16,0.75,0.25,1098.0,6.0,C#4,61,,0,0.5135600566864014,True,0.40558886528015137,False,0.35740187764167786,False
312,16,1.0,0.5,1104.0,12.0,F#5,78,,0,0.6245107054710388,True,0.6470387578010559,True,0.32919061183929443,False
313,16,1.0,0.25,1104.0,6.0,A#3,58,,0,0.9770686030387878,True,0.9263797998428345,True,0.4117899537086487,False
314,16,1.25,0.25,1110.0,6.0,C#4,61,,0,0.502863883972168,True,0.3303455114364624,False,0.34417158365249634,False
315,16,1.5,0.5,1116.0,12.0,F#5,78,,0,0.21392537653446198,False,0.2547365725040436,False,0.38414713740348816,False
316,16,1.5,0.25,1116.0,6.0,F#4,66,,0,0.7617583870887756,True,0.5027785301208496,True,0.4609333872795105,False
317,16,1.75,0.25,1122.0,6.0,C#4,61,,0,0.6165401339530945,True,0.308414101600647,False,0.3487553298473358,False
318,16,2.0,0.5,1128.0,12.0,F#5,78,,0,0.2552621364593506,False,0.2982216775417328,False,0.390436589717865,False
319,16,2.0,0.25,1128.0,6.0,A#3,58,,0,0.916414201259613,True,0.7940645217895508,True,0.3173971176147461,False
320,16,2.25,0.25,1134.0,6.0,C#4,61,,0,0.7091808319091797,True,0.556233823299408,True,0.5219427943229675,True
321,16,2.5,0.5,1140.0,12.0,F#5,78,,0,0.15602298080921173,False,0.23305174708366394,False,0.37994393706321716,False
322,16,2.5,0.25,1140.0,6.0,F#4,66,,0,0.8123791813850403,True,0.4249023199081421,False,0.374185174703598,False
323,16,2.75,0.25,1146.0,6.0,C#4,61,,0,0.5244912505149841,True,0.32637786865234375,False,0.3666537404060364,False
324,17,0.0,3.0,1152.0,72.0,C#6,85,,0,0.9686505794525146,True,0.769972026348114,True,0.5933477282524109,True
325,17,0.0,0.25,1152.0,6.0,G#3,56,,0,0.9839034080505371,True,0.9178243279457092,True,0.8147692084312439,True
326,17,0.25,0.25,1158.0,6.0,B3,59,,0,0.10764733701944351,False,0.16748173534870148,False,0.35907551646232605,False
327,17,0.5,0.25,1164.0,6.0,E#4,65,,0,0.9996309280395508,True,0.7519710063934326,True,0.46094316244125366,False
328,17,0.75,0.25,1170.0,6.0,B3,59,,0,0.23026084899902344,False,0.1785774976015091,False,0.36117473244667053,False
329,17,1.0,0.25,1176.0,6.0,G#3,56,,0,0.9473831653594971,True,0.6676791310310364,True,0.5336466431617737,True
330,17,1.25,0.25,1182.0,6.0,B3,59,,0,0.13153506815433502,False,0.16877517104148865,False,0.3594380021095276,False
331,17,1.5,0.25,1188.0,6.0,E#4,65,,0,0.9993259906768799,True,0.7056503891944885,True,0.42475107312202454,False
332,17,1.75,0.25,1194.0,6.0,B3,59,,0,0.20520539581775665,False,0.17299491167068481,False,0.3601455092430115,False
333,17,2.0,0.25,1200.0,6.0,G#3,56,,0,0.8701384663581848,True,0.3855958878993988,False,0.3872624337673187,False
334,17,2.25,0.25,1206.0,6.0,B3,59,,0,0.2241925150156021,False,0.17806939780712128,False,0.3612258732318878,False
335,17,2.5,0.25,1212.0,6.0,E#4,65,,0,0.9981269240379333,True,0.6691811084747314,True,0.44712182879447937,False
336,17,2.75,0.25,1218.0,6.0,B3,59,,0,0.2302497774362564,False,0.1894795298576355,False,0.363349586725235,False
337,18,0.0,1.0,1224.0,24.0,G#5,80,,0,0.5349286198616028,True,0.40260934829711914,False,0.4361432194709778,False
338,18,0.0,0.25,1224.0,6.0,A3,57,,0,0.9982391595840454,True,0.963135302066803,True,0.7360986471176147,True
339,18,0.25,0.25,1230.0,6.0,C#4,61,,0,0.5522871613502502,True,0.6765657663345337,True,0.5409572124481201,True
340,18,0.5,0.25,1236.0,6.0,F#4,66,,0,0.8397353291511536,True,0.4668014645576477,False,0.3838355243206024,False
341,18,0.75,0.25,1242.0,6.0,C#4,61,,0,0.5622342228889465,True,0.5428676605224609,True,0.47943341732025146,False
342,18,1.0,0.5,1248.0,12.0,F#5,78,,0,0.3457784056663513,False,0.41175001859664917,False,0.4349248707294464,False
343,18,1.0,0.25,1248.0,6.0,A3,57,,0,0.9941416382789612,True,0.9127857685089111,True,0.6614975333213806,True
344,18,1.25,0.25,1254.0,6.0,C#4,61,,0,0.42302533984184265,False,0.2963753938674927,False,0.3875349462032318,False
345,18,1.5,0.5,1260.0,12.0,F#5,78,,0,0.1987980455160141,False,0.24986933171749115,False,0.38292524218559265,False
346,18,1.5,0.25,1260.0,6.0,F#4,66,,0,0.8129215836524963,True,0.49789756536483765,False,0.40875858068466187,False
347,18,1.75,0.25,1266.0,6.0,C#4,61,,0,0.5540739893913269,True,0.4431805908679962,False,0.3595445156097412,False
348,18,2.0,0.5,1272.0,12.0,F#5,78,,0,0.23818640410900116,False,0.29040348529815674,False,0.38794782757759094,False
349,18,2.0,0.25,1272.0,6.0,A3,57,,0,0.9899458289146423,True,0.8696659207344055,True,0.5608073472976685,True
350,18,2.25,0.25,1278.0,6.0,C#4,61,,0,0.6365258097648621,True,0.6553874611854553,True,0.46678146719932556,False
351,18,2.5,0.5,1284.0,12.0,F#5,78,,0,0.12906517088413239,False,0.2239820510149002,False,0.37736976146698,False
352,18,2.5,0.25,1284.0,6.0,F#4,66,,0,0.6711692810058594,True,0.3861200511455536,False,0.3770916759967804,False
353,18,2.75,0.25,1290.0,6.0,C#4,61,,0,0.6606418490409851,True,0.6294049024581909,True,0.47526049613952637,False
354,19,0.0,3.0,1296.0,72.0,D6,86,,0,0.7519063353538513,True,0.5209110379219055,True,0.5501295924186707,True
355,19,0.0,0.25,1296.0,6.0,G#3,56,,0,0.8952868580818176,True,0.5739051699638367,True,0.5372711420059204,True
356,19,0.25,0.25,1302.0,6.0,B3,59,,0,0.14407949149608612,False,0.17146460711956024,False,0.3598148822784424,False
357,19,0.5,0.25,1308.0,6.0,E#4,65,,0,0.9992850422859192,True,0.7985072731971741,True,0.4177149832248688,False
358,19,0.75,0.25,1314.0,6.0,B3,59,,0,0.23590822517871857,False,0.18226692080497742,False,0.3618498742580414,False
359,19,1.0,0.25,1320.0,6.0,G#3,56,,0,0.8271405696868896,True,0.4250961244106293,False,0.4284936487674713,False
360,19,1.25,0.25,1326.0,6.0,B3,59,,0,0.12015778571367264,False,0.1693253368139267,False,0.3595034182071686,False
361,19,1.5,0.25,1332.0,6.0,E#4,65,,0,0.998653769493103,True,0.8059380650520325,True,0.37692320346832275,False
362,19,1.75,0.25,1338.0,6.0,B3,59,,0,0.2494799643754959,False,0.18315081298351288,False,0.36192160844802856,False
363,19,2.0,0.25,1344.0,6.0,G#3,56,,0,0.5592710375785828,True,0.15902939438819885,False,0.3660140335559845,False
364,19,2.25,0.25,1350.0,6.0,B3,59,,0,0.15075300633907318,False,0.1662272810935974,False,0.35911521315574646,False
365,19,2.5,0.25,1356.0,6.0,E#4,65,,0,0.998747706413269,True,0.7640891075134277,True,0.3613685369491577,False
366,19,2.75,0.25,1362.0,6.0,B3,59,,0,0.11278526484966278,False,0.16926278173923492,False,0.35970139503479004,False
367,20,0.0,1.0,1368.0,24.0,C#6,85,,0,0.9672567844390869,True,0.6972957849502563,True,0.530521810054779,True
368,20,0.0,0.25,1368.0,6.0,A3,57,,0,0.9951100945472717,True,0.8872472047805786,True,0.6634879112243652,True
369,20,0.25,0.25,1374.0,6.0,C#4,61,,0,0.950144350528717,True,0.31567275524139404,False,0.3876272737979889,False
370,20,0.5,0.25,1380.0,6.0,F#4,66,,0,0.43462425470352173,False,0.24388091266155243,False,0.3846086859703064,False
371,20,0.75,0.25,1386.0,6.0,F#3,54,,0,0.8788003325462341,True,0.6407972574234009,True,0.5840124487876892,True
372,20,1.0,0.5,1392.0,12.0,B5,83,,0,0.8989860415458679,True,0.8133681416511536,True,0.7349728345870972,True
373,20,1.0,0.25,1392.0,6.0,B3,59,,0,0.5092886090278625,True,0.5228689908981323,True,0.1759706288576126,False
374,20,1.0,0.25,1392.0,6.0,G#3,56,,0,0.7292463183403015,True,0.4074094891548157,False,0.41432636976242065,False
375,20,1.25,0.25,1398.0,6.0,F#4,66,,0,0.6138553023338318,True,0.3523642122745514,False,0.35768240690231323,False
376,20,1.5,0.5,1404.0,12.0,A5,81,,0,0.583695650100708,True,0.5726499557495117,True,0.5005184412002563,True
377,20,1.5,0.25,1404.0,6.0,C#4,61,,0,0.8498930931091309,True,0.5054363012313843,True,0.5266179442405701,True
378,20,1.5,0.25,1404.0,6.0,A3,57,,0,0.9745882153511047,True,0.8683098554611206,True,0.5698922276496887,True
379,20,1.75,0.25,1410.0,6.0,F#4,66,,0,0.8052168488502502,True,0.3192896544933319,False,0.376050740480423,False
380,20,2.0,0.5,1416.0,12.0,G#5,80,,0,0.5628933906555176,True,0.5093321800231934,True,0.5009709000587463,True
381,20,2.0,0.25,1416.0,6.0,D4,62,,0,0.8082181811332703,True,0.8393536806106567,True,0.3364737331867218,False
382,20,2.0,0.25,1416.0,6.0,B3,59,,0,0.2767728269100189,False,0.2462865263223648,False,0.3744337558746338,False
383,20,2.25,0.25,1422.0,6.0,F#4,66,,0,0.8404049873352051,True,0.3831711411476135,False,0.3578428030014038,False
384,20,2.5,0.5,1428.0,12.0,F#5,78,,0,0.09758021682500839,False,0.2077624797821045,False,0.3738687038421631,False
385,20,2.5,0.25,1428.0,6.0,C#4,61,,0,0.9302423000335693,True,0.37576809525489807,False,0.37724438309669495,False
386,20,2.5,0.25,1428.0,6.0,A3,57,,0,0.9737514853477478,True,0.86763995885849,True,0.6892371773719788,True
387,20,2.75,0.25,1434.0,6.0,F#4,66,,0,0.6334584951400757,True,0.36004167795181274,False,0.3558918833732605,False
388,21,0.0,1.0,1440.0,24.0,D5,74,,0,0.17012828588485718,False,0.2866615951061249,False,0.38470005989074707,False
389,21,0.0,0.25,1440.0,6.0,B2,47,,0,0.707431972026825,True,0.38094058632850647,False,0.4396393597126007,False
390,21,0.25,0.25,1446.0,6.0,D3,50,,0,0.5887739062309265,True,0.16413739323616028,False,0.33862531185150146,False
391,21,0.5,0.25,1452.0,6.0,B3,59,,0,0.4965208172798157,False,0.22880327701568604,False,0.37600618600845337,False
392,21,0.75,0.25,1458.0,6.0,B2,47,,0,0.5872466564178467,True,0.19206716120243073,False,0.3727298378944397,False
393,21,1.0,0.5,1464.0,12.0,C#5,73,,0,0.20571233332157135,False,0.2843814790248871,False,0.38722166419029236,False
394,21,1.0,0.25,1464.0,6.0,E3,52,,0,0.10424211621284485,False,0.3321199119091034,False,0.40942323207855225,False
395,21,1.0,0.25,1464.0,6.0,C#3,49,,0,0.8033879399299622,True,0.4479551613330841,False,0.4807799458503723,False
396,21,1.25,0.25,1470.0,6.0,B3,59,,0,0.3273010551929474,False,0.19340957701206207,False,0.36401182413101196,False
397,21,1.5,0.5,1476.0,12.0,B4,71,,0,0.5958921313285828,True,0.19886070489883423,False,0.3897783160209656,False
398,21,1.5,0.25,1476.0,6.0,F#3,54,,0,0.24625064432621002,False,0.2984493672847748,False,0.3960880637168884,False
399,21,1.5,0.25,1476.0,6.0,D3,50,,0,0.7640954852104187,True,0.2193058431148529,False,0.361818790435791,False
400,21,1.75,0.25,1482.0,6.0,B3,59,,0,0.6891366839408875,True,0.4393235743045807,False,0.36536934971809387,False
401,21,2.0,0.5,1488.0,12.0,A4,69,,0,0.9860868453979492,True,0.47260552644729614,False,0.4066871702671051,False
402,21,2.0,0.25,1488.0,6.0,F#3,54,,0,0.24679100513458252,False,0.3156645596027374,False,0.3953053057193756,False
403,21,2.0,0.25,1488.0,6.0,C#3,49,,0,0.5241028666496277,True,0.13618260622024536,False,0.37296104431152344,False
404,21,2.25,0.25,1494.0,6.0,C#4,61,,0,0.969704270362854,True,0.23129387199878693,False,0.3592855930328369,False
405,21,2.5,0.5,1500.0,12.0,G#4,68,,0,0.29725974798202515,False,0.20990806818008423,False,0.37337663769721985,False
406,21,2.5,0.25,1500.0,6.0,F#3,54,,0,0.17575235664844513,False,0.24247954785823822,False,0.3815840482711792,False
407,21,2.5,0.25,1500.0,6.0,B2,47,,0,0.4478302299976349,False,0.3539576828479767,False,0.4154396057128906,False
408,21,2.75,0.25,1506.0,6.0,D4,62,,0,0.9217077493667603,True,0.41570374369621277,False,0.32925376296043396,False
409,22,0.0,2.0,1512.0,48.0,F#4,66,,0,0.9906788468360901,True,0.8408324718475342,True,0.5897587537765503,True
410,22,0.0,0.25,1512.0,6.0,C#3,49,,0,0.7624625563621521,True,0.3992910385131836,False,0.4591987431049347,False
411,22,0.25,0.25,1518.0,6.0,A3,57,,0,0.9810123443603516,True,0.8138812184333801,True,0.5573833584785461,True
412,22,0.5,0.25,1524.0,6.0,C#4,61,,0,0.9108829498291016,True,0.4820767045021057,False,0.4081990420818329,False
413,22,0.75,0.25,1530.0,6.0,A3,57,,0,0.9817520380020142,True,0.62530517578125,True,0.5219686031341553,True
414,22,1.0,0.25,1536.0,6.0,C#3,49,,0,0.4319309890270233,False,0.4122121036052704,False,0.42229634523391724,False
415,22,1.25,0.25,1542.0,6.0,A3,57,,0,0.9703291654586792,True,0.8471540212631226,True,0.5609064102172852,True
416,22,1.5,0.25,1548.0,6.0,C#4,61,,0,0.8636855483055115,True,0.2659877836704254,False,0.3620856702327728,False
417,22,1.75,0.25,1554.0,6.0,A3,57,,0,0.9942582845687866,True,0.6002635955810547,True,0.4898269474506378,False
418,22,2.0,0.75,1560.0,18.0,A4,69,,0,0.932127833366394,True,0.5260950922966003,True,0.40038058161735535,False
419,22,2.0,0.25,1560.0,6.0,C#3,49,,0,0.19271434843540192,False,0.22910284996032715,False,0.36902010440826416,False
420,22,2.25,0.25,1566.0,6.0,B3,59,,0,0.4852583706378937,False,0.21442995965480804,False,0.3697304129600525,False
421,22,2.5,0.25,1572.0,6.0,C#4,61,,0,0.9656792879104614,True,0.5397835373878479,True,0.500650942325592,True
422,22,2.75,0.25,1578.0,6.0,G#4,68,,0,0.016088111326098442,False,0.14616581797599792,False,0.35763096809387207,False
423,22,2.75,0.25,1578.0,6.0,B3,59,,0,0.6342065930366516,True,0.3119632601737976,False,0.35388320684432983,False
424,23,0.0,1.0,1584.0,24.0,C#6,85,,0,0.8587689399719238,True,0.7369242906570435,True,0.6250903606414795,True
425,23,0.0,0.25,1584.0,6.0,A3,57,,0,0.9980260133743286,True,0.9431876540184021,True,0.6584362387657166,True
426,23,0.0,0.25,1584.0,6.0,F#3,54,,0,0.8260778188705444,True,0.6813216805458069,True,0.6216918230056763,True
427,23,0.25,0.25,1590.0,6.0,C#4,61,,0,0.9523223042488098,True,0.28131651878356934,False,0.3796706199645996,False
428,23,0.5,0.25,1596.0,6.0,F#4,66,,0,0.4633929431438446,False,0.2601468563079834,False,0.38610023260116577,False
429,23,0.75,0.25,1602.0,6.0,F#3,54,,0,0.8258341550827026,True,0.48779621720314026,False,0.42527738213539124,False
430,23,1.0,0.5,1608.0,12.0,B5,83,,0,0.5246441960334778,True,0.555446445941925,True,0.3502953052520752,False
431,23,1.0,0.25,1608.0,6.0,B3,59,,0,0.5238338112831116,True,0.7409769892692566,True,0.16373081505298615,False
432,23,1.0,0.25,1608.0,6.0,G#3,56,,0,0.8669741749763489,True,0.5290785431861877,True,0.47158873081207275,False
433,23,1.25,0.25,1614.0,6.0,F#4,66,,0,0.523537278175354,True,0.3433254063129425,False,0.358170747756958,False
434,23,1.5,0.5,1620.0,12.0,A5,81,,0,0.7766346335411072,True,0.4598759412765503,False,0.41301628947257996,False
435,23,1.5,0.25,1620.0,6.0,C#4,61,,0,0.9511163830757141,True,0.7156352400779724,True,0.607661247253418,True
436,23,1.5,0.25,1620.0,6.0,A3,57,,0,0.9958842396736145,True,0.878166675567627,True,0.512969434261322,True
437,23,1.75,0.25,1626.0,6.0,F#4,66,,0,0.7429404258728027,True,0.3541683554649353,False,0.37996000051498413,False
438,23,2.0,0.5,1632.0,12.0,G#5,80,,0,0.8242056965827942,True,0.3889344334602356,False,0.3858194053173065,False
439,23,2.0,0.25,1632.0,6.0,D4,62,,0,0.8829235434532166,True,0.8805454969406128,True,0.44196876883506775,False
440,23,2.0,0.25,1632.0,6.0,B3,59,,0,0.36153528094291687,False,0.28931596875190735,False,0.384584903717041,False
441,23,2.25,0.25,1638.0,6.0,F#4,66,,0,0.9129398465156555,True,0.42851120233535767,False,0.35023531317710876,False
442,23,2.5,0.5,1644.0,12.0,F#5,78,,0,0.4530683755874634,False,0.3645683228969574,False,0.4091845452785492,False
443,23,2.5,0.25,1644.0,6.0,C#4,61,,0,0.9465107917785645,True,0.47512853145599365,False,0.3869187831878662,False
444,23,2.5,0.25,1644.0,6.0,A3,57,,0,0.9784316420555115,True,0.9301814436912537,True,0.6773388981819153,True
445,23,2.75,0.25,1650.0,6.0,F#4,66,,0,0.7920965552330017,True,0.32355189323425293,False,0.3412506580352783,False
446,24,0.0,0.0,1656.0,0.0,E5,76,,0,0.5910825729370117,True,0.9448869228363037,True,0.4021216332912445,False
447,24,0.0,1.0,1656.0,24.0,D5,74,,0,0.02504487708210945,False,0.2551378309726715,False,0.37733960151672363,False
448,24,0.0,0.25,1656.0,6.0,B2,47,,0,0.6871488094329834,True,0.44835835695266724,False,0.45877644419670105,False
449,24,0.25,0.25,1662.0,6.0,D3,50,,0,0.5785658359527588,True,0.17387698590755463,False,0.34453141689300537,False
450,24,0.5,0.25,1668.0,6.0,B3,59,,0,0.43131712079048157,False,0.2521139681339264,False,0.38143643736839294,False
451,24,0.75,0.25,1674.0,6.0,B2,47,,0,0.5905324816703796,True,0.1787281632423401,False,0.36479029059410095,False
452,24,1.0,0.5,1680.0,12.0,C#5,73,,0,0.5366495847702026,True,0.38566163182258606,False,0.3978536128997803,False
453,24,1.0,0.25,1680.0,6.0,E3,52,,0,0.05871902406215668,False,0.2993960678577423,False,0.39890149235725403,False
454,24,1.0,0.25,1680.0,6.0,C#3,49,,0,0.5468268394470215,True,0.3759968876838684,False,0.43692705035209656,False
455,24,1.25,0.25,1686.0,6.0,B3,59,,0,0.7964513301849365,True,0.6506152153015137,True,0.1588832587003708,False
456,24,1.5,0.5,1692.0,12.0,B4,71,,0,0.1841079592704773,False,0.1917087286710739,False,0.36978453397750854,False
457,24,1.5,0.25,1692.0,6.0,F#3,54,,0,0.05796420946717262,False,0.20283570885658264,False,0.3743312656879425,False
458,24,1.5,0.25,1692.0,6.0,D3,50,,0,0.580930233001709,True,0.19298379123210907,False,0.3627542555332184,False
459,24,1.75,0.25,1698.0,6.0,B3,59,,0,0.8676843047142029,True,0.5974409580230713,True,0.15350909531116486,False
460,24,2.0,0.5,1704.0,12.0,A4,69,,0,0.9184571504592896,True,0.39195579290390015,False,0.3771221935749054,False
461,24,2.0,0.25,1704.0,6.0,F#3,54,,0,0.0354856476187706,False,0.2184031456708908,False,0.37258270382881165,False
462,24,2.0,0.25,1704.0,6.0,C#3,49,,0,0.4430772066116333,False,0.365683913230896,False,0.39819663763046265,False
463,24,2.25,0.25,1710.0,6.0,C#4,61,,0,0.9856955409049988,True,0.34376436471939087,False,0.36923739314079285,False
464,24,2.5,0.5,1716.0,12.0,G#4,68,,0,0.41426214575767517,False,0.30142349004745483,False,0.3965616524219513,False
465,24,2.5,0.25,1716.0,6.0,F#3,54,,0,0.010125855915248394,False,0.18233677744865417,False,0.37030646204948425,False
466,24,2.5,0.25,1716.0,6.0,B2,47,,0,0.8540419936180115,True,0.4135991334915161,False,0.435567170381546,False
467,24,2.75,0.25,1722.0,6.0,D4,62,,0,0.9396706223487854,True,0.4974665343761444,False,0.3454049825668335,False
468,25,0.0,1.5,1728.0,36.0,C#5,73,,0,0.6336908340454102,True,0.40711870789527893,False,0.44256943464279175,False
469,25,0.0,0.25,1728.0,6.0,C#3,49,,0,0.47624921798706055,False,0.5130980610847473,True,0.4755384027957916,False
470,25,0.25,0.25,1734.0,6.0,A3,57,,0,0.943452000617981,True,0.8345673084259033,True,0.5905119776725769,True
471,25,0.5,0.25,1740.0,6.0,C#4,61,,0,0.7906820774078369,True,0.41655170917510986,False,0.40903007984161377,False
472,25,0.75,0.25,1746.0,6.0,A3,57,,0,0.9195512533187866,True,0.669244110584259,True,0.5528483390808105,True
473,25,1.0,0.25,1752.0,6.0,C#3,49,,0,0.3093366026878357,False,0.3578891456127167,False,0.4070218801498413,False
474,25,1.25,0.25,1758.0,6.0,A3,57,,0,0.9700002670288086,True,0.8764988780021667,True,0.5794475078582764,True
475,25,1.5,0.5,1764.0,12.0,F#4,66,,0,0.8874514102935791,True,0.43819093704223633,False,0.3784225285053253,False
476,25,1.5,0.25,1764.0,6.0,C#4,61,,0,0.8008612394332886,True,0.25583121180534363,False,0.38255438208580017,False
477,25,1.75,0.25,1770.0,6.0,A3,57,,0,0.8990402817726135,True,0.7151786684989929,True,0.49564868211746216,False
478,25,2.0,0.75,1776.0,18.0,A4,69,,0,0.9484783411026001,True,0.21709845960140228,False,0.3670922815799713,False
479,25,2.0,0.25,1776.0,6.0,C#3,49,,0,0.36954939365386963,False,0.3019496202468872,False,0.38178130984306335,False
480,25,2.25,0.25,1782.0,6.0,B3,59,,0,0.9205827713012695,True,0.869335412979126,True,0.2542627155780792,False
481,25,2.5,0.25,1788.0,6.0,C#4,61,,0,0.9195155501365662,True,0.714755117893219,True,0.7217308282852173,True
482,25,2.75,0.25,1794.0,6.0,G#4,68,,0,0.23447273671627045,False,0.20970039069652557,False,0.36511191725730896,False
483,25,2.75,0.25,1794.0,6.0,B3,59,,0,0.9315345883369446,True,0.7567428350448608,True,0.21404170989990234,False
484,26,0.0,1.0,1800.0,24.0,G#4,68,,0,0.43181970715522766,False,0.45226073265075684,False,0.4446263909339905,False
485,26,0.0,3.0,1800.0,72.0,A3,57,,0,0.9824712872505188,True,0.9412908554077148,True,0.7401891350746155,True
486,26,0.0,3.0,1800.0,72.0,D3,50,,0,0.9636978507041931,True,0.3773050606250763,False,0.4213945269584656,False
487,26,1.0,0.5,1824.0,12.0,F#4,66,,0,0.9530782699584961,True,0.7293740510940552,True,0.5354531407356262,True
488,26,1.5,0.5,1836.0,12.0,F#4,66,,0,0.864605188369751,True,0.41841432452201843,False,0.39702898263931274,False
489,26,2.0,0.5,1848.0,12.0,F#4,66,,0,0.8008669018745422,True,0.4448896646499634,False,0.39396271109580994,False
490,26,2.5,0.5,1860.0,12.0,F#4,66,,0,0.8314003944396973,True,0.21940550208091736,False,0.3716397285461426,False
491,27,0.0,3.0,1872.0,72.0,B#3,60,,0,0.9916706085205078,True,0.2535390257835388,False,0.41315779089927673,False
492,27,0.0,1.0,1872.0,24.0,G#3,56,,0,0.8914711475372314,True,0.37179359793663025,False,0.4637637436389923,False
493,27,0.0,3.0,1872.0,72.0,D3,50,,0,0.9309477210044861,True,0.20760805904865265,False,0.3817422091960907,False
494,27,1.0,0.5,1896.0,12.0,A3,57,,0,0.8542628288269043,True,0.8921136260032654,True,0.5855743885040283,True
495,27,1.5,0.5,1908.0,12.0,A3,57,,0,0.5869729518890381,True,0.7619001269340515,True,0.5285377502441406,True
496,27,2.0,0.5,1920.0,12.0,A3,57,,0,0.6647840142250061,True,0.8018235564231873,True,0.5344833731651306,True
497,27,2.5,0.5,1932.0,12.0,A3,57,,0,0.7260884046554565,True,0.7890231609344482,True,0.48701781034469604,False
498,28,0.0,1.0,1944.0,24.0,G#4,68,,0,0.13018551468849182,False,0.28343430161476135,False,0.3921375572681427,False
499,28,0.0,3.0,1944.0,72.0,A3,57,,0,0.9106730222702026,True,0.8641958236694336,True,0.7245990633964539,True
500,28,0.0,3.0,1944.0,72.0,C#3,49,,0,0.8750832080841064,True,0.4049830734729767,False,0.45536351203918457,False
501,28,1.0,0.5,1968.0,12.0,F#4,66,,0,0.9856560230255127,True,0.7022733092308044,True,0.5717854499816895,True
502,28,1.5,0.5,1980.0,12.0,F#4,66,,0,0.9644210934638977,True,0.5152748823165894,True,0.41625893115997314,False
503,28,2.0,0.5,1992.0,12.0,F#4,66,,0,0.9322190880775452,True,0.5397819876670837,True,0.46112069487571716,False
504,28,2.5,0.5,2004.0,12.0,F#4,66,,0,0.9638234972953796,True,0.23854078352451324,False,0.3683137595653534,False
505,29,0.0,3.0,2016.0,72.0,C#4,61,,0,0.7864289283752441,True,0.7310462594032288,True,0.6736451387405396,True
506,29,0.0,1.0,2016.0,24.0,B3,59,,0,0.8565490245819092,True,0.8534001111984253,True,0.2612442672252655,False
507,29,0.0,1.0,2016.0,24.0,G3,55,,0,0.14354567229747772,False,0.3454129099845886,False,0.4148821234703064,False
508,29,0.0,3.0,2016.0,72.0,C3,48,,0,0.9761366844177246,True,0.5507560968399048,True,0.548464298248291,True
509,29,1.0,0.5,2040.0,12.0,A3,57,,0,0.6594288945198059,True,0.8485865592956543,True,0.5714147686958313,True
510,29,1.0,0.5,2040.0,12.0,F#3,54,,0,0.11341248452663422,False,0.32280105352401733,False,0.4069478511810303,False
511,29,1.5,0.5,2052.0,12.0,A3,57,,0,0.7177064418792725,True,0.6579328179359436,True,0.49944713711738586,False
512,29,1.5,0.5,2052.0,12.0,F#3,54,,0,0.06642017513513565,False,0.20858809351921082,False,0.3762662410736084,False
513,29,2.0,0.5,2064.0,12.0,A3,57,,0,0.5943761467933655,True,0.6545403003692627,True,0.4984576106071472,False
514,29,2.0,0.5,2064.0,12.0,F#3,54,,0,0.030376439914107323,False,0.2218271791934967,False,0.3739531338214874,False
515,29,2.5,0.5,2076.0,12.0,A3,57,,0,0.39517778158187866,False,0.2726023197174072,False,0.38954368233680725,False
516,29,2.5,0.5,2076.0,12.0,F#3,54,,0,0.03756154701113701,False,0.19479136168956757,False,0.3732183873653412,False
517,30,0.0,1.0,2088.0,24.0,A4,69,,0,0.9978150129318237,True,0.5659047961235046,True,0.5383855104446411,True
518,30,0.0,3.0,2088.0,72.0,A3,57,,0,0.6208637356758118,True,0.8625103831291199,True,0.6894469857215881,True
519,30,0.0,3.0,2088.0,72.0,F#3,54,,0,0.050550833344459534,False,0.3625420331954956,False,0.42812830209732056,False
520,30,0.0,3.0,2088.0,72.0,D#3,51,,0,0.7332212328910828,True,0.33935871720314026,False,0.40405893325805664,False
521,30,0.0,3.0,2088.0,72.0,C3,48,,0,0.9804373383522034,True,0.5558480024337769,True,0.6323900818824768,True
522,30,1.0,0.5,2112.0,12.0,F#4,66,,0,0.9820448160171509,True,0.7086659669876099,True,0.4980555474758148,False
523,30,1.5,0.5,2124.0,12.0,F#4,66,,0,0.9616798162460327,True,0.4683929681777954,False,0.39451518654823303,False
524,30,2.0,0.5,2136.0,12.0,F#4,66,,0,0.9168749451637268,True,0.4728558659553528,False,0.38514289259910583,False
525,30,2.5,0.5,2148.0,12.0,F#4,66,,0,0.9027504324913025,True,0.23460975289344788,False,0.36191266775131226,False
526,31,0.0,1.0,2160.0,24.0,A4,69,,0,0.9979677796363831,True,0.5920076370239258,True,0.6083561182022095,True
527,31,0.0,3.0,2160.0,72.0,A3,57,,0,0.9528751969337463,True,0.7236407995223999,True,0.6468478441238403,True
528,31,0.0,3.0,2160.0,72.0,F#3,54,,0,0.16775958240032196,False,0.4342916011810303,False,0.4566099941730499,False
529,31,0.0,3.0,2160.0,72.0,D#3,51,,0,0.6767717003822327,True,0.25941920280456543,False,0.39790478348731995,False
530,31,0.0,3.0,2160.0,72.0,B2,47,,0,0.9726517796516418,True,0.786039412021637,True,0.7847362756729126,True
531,31,1.0,0.5,2184.0,12.0,F#4,66,,0,0.9242231845855713,True,0.7658523321151733,True,0.6030274033546448,True
532,31,1.5,0.5,2196.0,12.0,F#4,66,,0,0.9014719128608704,True,0.6007441282272339,True,0.5192626118659973,True
533,31,2.0,0.5,2208.0,12.0,F#4,66,,0,0.7914171814918518,True,0.553851306438446,True,0.4796510636806488,False
534,31,2.5,0.5,2220.0,12.0,F#4,66,,0,0.8314242362976074,True,0.5113087892532349,True,0.48867860436439514,False
535,32,0.0,0.5,2232.0,12.0,B4,71,,0,0.17996448278427124,False,0.31854450702667236,False,0.39937224984169006,False
536,32,0.0,1.0,2232.0,24.0,G3,55,,0,0.372316837310791,False,0.4704087972640991,False,0.46303823590278625,False
537,32,0.0,1.0,2232.0,24.0,D3,50,,0,0.8880696296691895,True,0.49158817529678345,False,0.442707896232605,False
538,32,0.0,1.0,2232.0,24.0,B2,47,,0,0.8870111107826233,True,0.8197981715202332,True,0.7904379963874817,True
539,32,0.5,0.5,2244.0,12.0,G4,67,,0,0.8699671626091003,True,0.6260176301002502,True,0.6777845621109009,True
540,32,1.0,0.5,2256.0,12.0,C5,72,,0,0.8935168981552124,True,0.8142859935760498,True,0.6198530793190002,True
541,32,1.0,1.0,2256.0,24.0,A3,57,,0,0.8973299264907837,True,0.8750098347663879,True,0.4877079427242279,False
542,32,1.0,1.0,2256.0,24.0,E3,52,,0,0.0003442294546402991,False,0.2777809798717499,False,0.3956967890262604,False
543,32,1.0,1.0,2256.0,24.0,C3,48,,0,0.2040552943944931,False,0.33015722036361694,False,0.40696829557418823,False
544,32,1.0,1.0,2256.0,24.0,A2,45,,0,0.8229624629020691,True,0.6853419542312622,True,0.6954134106636047,True
545,32,1.5,0.5,2268.0,12.0,A4,69,,0,0.9933949112892151,True,0.32869622111320496,False,0.37507084012031555,False
546,32,2.0,0.5,2280.0,12.0,G4,67,,0,0.2754257619380951,False,0.3024701774120331,False,0.39138197898864746,False
547,32,2.0,1.0,2280.0,24.0,C4,60,,0,0.9609383940696716,True,0.3692825436592102,False,0.42138731479644775,False
548,32,2.0,1.0,2280.0,24.0,A3,57,,0,0.9783357977867126,True,0.9545572400093079,True,0.5412561297416687,True
549,32,2.0,1.0,2280.0,24.0,D3,50,,0,0.6145457625389099,True,0.42078715562820435,False,0.38330554962158203,False
550,32,2.5,0.5,2292.0,12.0,F#4,66,,0,0.8357504606246948,True,0.4790985882282257,False,0.39814135432243347,False
551,33,0.0,1.0,2304.0,24.0,E5,76,,0,0.3509359061717987,False,0.4363066852092743,False,0.44037091732025146,False
552,33,0.0,1.3333333333333333,2304.0,32.0,B4,71,,0,0.720463216304779,True,0.5276358127593994,True,0.5219447016716003,True
553,33,0.0,1.3333333333333333,2304.0,32.0,G4,67,,0,0.7018404603004456,True,0.3362419605255127,False,0.4411940574645996,False
554,33,0.0,0.3333333333333333,2304.0,8.0,G2,43,,0,0.9591814875602722,True,0.7983658313751221,True,0.6141327619552612,True
555,33,0.3333333333333333,0.3333333333333333,2312.0,8.0,D3,50,,0,0.5610665678977966,True,0.24383974075317383,False,0.35318005084991455,False
556,33,0.6666666666666666,0.3333333333333333,2320.0,8.0,G3,55,,0,0.342379629611969,False,0.30423012375831604,False,0.38512033224105835,False
557,33,1.0,0.3333333333333333,2328.0,8.0,D5,74,,0,0.4305805265903473,False,0.3700219690799713,False,0.4082244634628296,False
558,33,1.0,0.3333333333333333,2328.0,8.0,B3,59,,0,0.9643668532371521,True,0.5740106105804443,True,0.15743450820446014,False
559,33,1.3333333333333333,0.3333333333333333,2336.0,8.0,D5,74,,0,0.14754781126976013,False,0.17406204342842102,False,0.3525365889072418,False
560,33,1.3333333333333333,0.3333333333333333,2336.0,8.0,B4,71,,0,0.09870491176843643,False,0.16745206713676453,False,0.35779693722724915,False
561,33,1.3333333333333333,0.3333333333333333,2336.0,8.0,G4,67,,0,0.2349662184715271,False,0.2229689657688141,False,0.3686276078224182,False
562,33,1.3333333333333333,0.3333333333333333,2336.0,8.0,G3,55,,0,0.09751056134700775,False,0.18200795352458954,False,0.362547367811203,False
563,33,1.6666666666666667,0.3333333333333333,2344.0,8.0,D5,74,,0,0.32403355836868286,False,0.22742244601249695,False,0.363473504781723,False
564,33,1.6666666666666667,0.3333333333333333,2344.0,8.0,B4,71,,0,0.19310200214385986,False,0.19424478709697723,False,0.3621673882007599,False
565,33,1.6666666666666667,0.3333333333333333,2344.0,8.0,G4,67,,0,0.3235042095184326,False,0.27734068036079407,False,0.38023120164871216,False
566,33,1.6666666666666667,0.3333333333333333,2344.0,8.0,D3,50,,0,0.7988470196723938,True,0.35136678814888,False,0.3755057752132416,False
567,33,2.0,0.3333333333333333,2352.0,8.0,D5,74,,0,0.3906865119934082,False,0.2948865294456482,False,0.38081851601600647,False
568,33,2.0,0.3333333333333333,2352.0,8.0,B4,71,,0,0.28732064366340637,False,0.2742758095264435,False,0.3805433511734009,False
569,33,2.0,0.3333333333333333,2352.0,8.0,G4,67,,0,0.3671949505805969,False,0.3672054708003998,False,0.4103786051273346,False
570,33,2.0,0.3333333333333333,2352.0,8.0,B3,59,,0,0.7922611236572266,True,0.3163560628890991,False,0.3829452097415924,False
571,33,2.3333333333333335,0.3333333333333333,2360.0,8.0,D5,74,,0,0.22808927297592163,False,0.20131881535053253,False,0.3566563129425049,False
572,33,2.3333333333333335,0.3333333333333333,2360.0,8.0,B4,71,,0,0.17224547266960144,False,0.1798229217529297,False,0.35936856269836426,False
573,33,2.3333333333333335,0.3333333333333333,2360.0,8.0,G4,67,,0,0.3064437806606293,False,0.2555406093597412,False,0.37546515464782715,False
574,33,2.3333333333333335,0.3333333333333333,2360.0,8.0,G3,55,,0,0.31608569622039795,False,0.28689107298851013,False,0.38180428743362427,False
575,33,2.6666666666666665,0.3333333333333333,2368.0,8.0,D5,74,,0,0.15200069546699524,False,0.17273104190826416,False,0.3532002568244934,False
576,33,2.6666666666666665,0.3333333333333333,2368.0,8.0,B4,71,,0,0.29818859696388245,False,0.20383061468601227,False,0.364361047744751,False
577,33,2.6666666666666665,0.3333333333333333,2368.0,8.0,G4,67,,0,0.39189833402633667,False,0.28519406914711,False,0.38256973028182983,False
578,33,2.6666666666666665,0.3333333333333333,2368.0,8.0,D3,50,,0,0.6994592547416687,True,0.44393494725227356,False,0.3767048418521881,False
579,34,0.0,1.3333333333333333,2376.0,32.0,B4,71,,0,0.7676246166229248,True,0.5094084143638611,True,0.5170832276344299,True
580,34,0.0,1.3333333333333333,2376.0,32.0,G4,67,,0,0.8531746864318848,True,0.5433858633041382,True,0.6677151322364807,True
581,34,0.0,0.3333333333333333,2376.0,8.0,G2,43,,0,0.9455243349075317,True,0.8412803411483765,True,0.5897316336631775,True
582,34,0.3333333333333333,0.3333333333333333,2384.0,8.0,D3,50,,0,0.707814633846283,True,0.3672049641609192,False,0.3755277991294861,False
583,34,0.6666666666666666,0.3333333333333333,2392.0,8.0,G3,55,,0,0.12400378286838531,False,0.19286870956420898,False,0.3639989495277405,False
584,34,1.0,0.3333333333333333,2400.0,8.0,B3,59,,0,0.9258984923362732,True,0.7116131782531738,True,0.1601412296295166,False
585,34,1.3333333333333333,0.3333333333333333,2408.0,8.0,D4,62,,0,0.847393274307251,True,0.8045569658279419,True,0.5171054005622864,True
586,34,1.3333333333333333,0.3333333333333333,2408.0,8.0,G3,55,,0,0.036960601806640625,False,0.15809360146522522,False,0.35933080315589905,False
587,34,1.6666666666666667,0.3333333333333333,2416.0,8.0,G4,67,,0,0.7570314407348633,True,0.2545914351940155,False,0.37696805596351624,False
588,34,1.6666666666666667,0.3333333333333333,2416.0,8.0,D3,50,,0,0.42071643471717834,False,0.2218254953622818,False,0.3585532307624817,False
589,34,2.0,0.3333333333333333,2424.0,8.0,B4,71,,0,0.4590442180633545,False,0.2790905833244324,False,0.3802219033241272,False
590,34,2.0,0.3333333333333333,2424.0,8.0,B3,59,,0,0.9483672380447388,True,0.28198274970054626,False,0.37041881680488586,False
591,34,2.3333333333333335,0.3333333333333333,2432.0,8.0,G4,67,,0,0.22847433388233185,False,0.1967718005180359,False,0.3642214238643646,False
592,34,2.3333333333333335,0.3333333333333333,2432.0,8.0,G3,55,,0,0.27682989835739136,False,0.2734176516532898,False,0.3788353502750397,False
593,34,2.6666666666666665,0.3333333333333333,2440.0,8.0,B4,71,,0,0.24815605580806732,False,0.18232329189777374,False,0.3599439859390259,False
594,34,2.6666666666666665,0.3333333333333333,2440.0,8.0,D3,50,,0,0.3197348117828369,False,0.20192229747772217,False,0.3570508658885956,False
595,35,0.0,1.0,2448.0,24.0,E5,76,,0,0.7602214217185974,True,0.8685652017593384,True,0.33933714032173157,False
596,35,0.0,1.3333333333333333,2448.0,32.0,C5,72,,0,0.9950798749923706,True,0.8103716373443604,True,0.7290692925453186,True
597,35,0.0,1.3333333333333333,2448.0,32.0,A4,69,,0,0.9892733693122864,True,0.8756207823753357,True,0.6955476999282837,True
598,35,0.0,0.3333333333333333,2448.0,8.0,F#2,42,,0,0.9945639371871948,True,0.8124517202377319,True,0.8361364006996155,True
599,35,0.3333333333333333,0.3333333333333333,2456.0,8.0,D3,50,,0,0.101463682949543,False,0.1608070284128189,False,0.3519299626350403,False
600,35,0.6666666666666666,0.3333333333333333,2464.0,8.0,A3,57,,0,0.9962420463562012,True,0.9446395635604858,True,0.5295507907867432,True
601,35,1.0,0.3333333333333333,2472.0,8.0,D5,74,,0,0.24599458277225494,False,0.30696699023246765,False,0.3879135251045227,False
602,35,1.0,0.3333333333333333,2472.0,8.0,C4,60,,0,0.912216305732727,True,0.46727579832077026,False,0.4594857394695282,False
603,35,1.3333333333333333,0.3333333333333333,2480.0,8.0,D5,74,,0,0.03384978324174881,False,0.14710359275341034,False,0.3490128517150879,False
604,35,1.3333333333333333,0.3333333333333333,2480.0,8.0,C5,72,,0,0.8407279849052429,True,0.4520935118198395,False,0.3824104070663452,False
605,35,1.3333333333333333,0.3333333333333333,2480.0,8.0,A4,69,,0,0.951595664024353,True,0.30721133947372437,False,0.36467111110687256,False
606,35,1.3333333333333333,0.3333333333333333,2480.0,8.0,A3,57,,0,0.9381861686706543,True,0.9280725121498108,True,0.4279833137989044,False
607,35,1.6666666666666667,0.3333333333333333,2488.0,8.0,D5,74,,0,0.12482151389122009,False,0.16930624842643738,False,0.35186800360679626,False
608,35,1.6666666666666667,0.3333333333333333,2488.0,8.0,C5,72,,0,0.9187474250793457,True,0.5188740491867065,True,0.47245070338249207,False
609,35,1.6666666666666667,0.3333333333333333,2488.0,8.0,A4,69,,0,0.9692733287811279,True,0.48079538345336914,False,0.4212290942668915,False
610,35,1.6666666666666667,0.3333333333333333,2488.0,8.0,D3,50,,0,0.29612213373184204,False,0.20006075501441956,False,0.3564288914203644,False
611,35,2.0,0.3333333333333333,2496.0,8.0,D5,74,,0,0.06557454913854599,False,0.19382265210151672,False,0.35713991522789,False
612,35,2.0,0.3333333333333333,2496.0,8.0,C5,72,,0,0.9140307903289795,True,0.5393768548965454,True,0.5174115300178528,True
613,35,2.0,0.3333333333333333,2496.0,8.0,A4,69,,0,0.9677664041519165,True,0.5083199143409729,True,0.49096864461898804,False
614,35,2.0,0.3333333333333333,2496.0,8.0,C4,60,,0,0.9321563243865967,True,0.24058377742767334,False,0.3813766837120056,False
615,35,2.3333333333333335,0.3333333333333333,2504.0,8.0,D5,74,,0,0.04452063515782356,False,0.14974699914455414,False,0.3492872714996338,False
616,35,2.3333333333333335,0.3333333333333333,2504.0,8.0,C5,72,,0,0.9050761461257935,True,0.379023939371109,False,0.377387672662735,False
617,35,2.3333333333333335,0.3333333333333333,2504.0,8.0,A4,69,,0,0.9646732807159424,True,0.30728742480278015,False,0.36184462904930115,False
618,35,2.3333333333333335,0.3333333333333333,2504.0,8.0,A3,57,,0,0.9873127341270447,True,0.9398983716964722,True,0.45557084679603577,False
619,35,2.6666666666666665,0.3333333333333333,2512.0,8.0,D5,74,,0,0.14508971571922302,False,0.1667734980583191,False,0.35175633430480957,False
620,35,2.6666666666666665,0.3333333333333333,2512.0,8.0,C5,72,,0,0.9802963733673096,True,0.5747794508934021,True,0.5500974059104919,True
621,35,2.6666666666666665,0.3333333333333333,2512.0,8.0,A4,69,,0,0.9703363180160522,True,0.3767807185649872,False,0.3911169767379761,False
622,35,2.6666666666666665,0.3333333333333333,2512.0,8.0,D3,50,,0,0.32978904247283936,False,0.21491087973117828,False,0.35930898785591125,False
623,36,0.0,1.3333333333333333,2520.0,32.0,A4,69,,0,0.9979761242866516,True,0.716860830783844,True,0.5975654125213623,True
624,36,0.0,1.3333333333333333,2520.0,32.0,D4,62,,0,0.9886811971664429,True,0.7615948915481567,True,0.5913085341453552,True
625,36,0.0,0.3333333333333333,2520.0,8.0,F#2,42,,0,0.9761448502540588,True,0.7089194059371948,True,0.7448137402534485,True
626,36,0.3333333333333333,0.3333333333333333,2528.0,8.0,D3,50,,0,0.3054293394088745,False,0.1972256898880005,False,0.35577070713043213,False
627,36,0.6666666666666666,0.3333333333333333,2536.0,8.0,A3,57,,0,0.9922463893890381,True,0.9331467151641846,True,0.6129587292671204,True
628,36,1.0,0.3333333333333333,2544.0,8.0,C4,60,,0,0.8998426198959351,True,0.3563954532146454,False,0.41881099343299866,False
629,36,1.3333333333333333,0.3333333333333333,2552.0,8.0,D4,62,,0,0.7718020081520081,True,0.4100625514984131,False,0.3659927248954773,False
630,36,1.3333333333333333,0.3333333333333333,2552.0,8.0,A3,57,,0,0.7241350412368774,True,0.9155632257461548,True,0.5420994758605957,True
631,36,1.6666666666666667,0.3333333333333333,2560.0,8.0,A4,69,,0,0.9696171879768372,True,0.3083222806453705,False,0.36202695965766907,False
632,36,1.6666666666666667,0.3333333333333333,2560.0,8.0,D3,50,,0,0.3575620651245117,False,0.20888034999370575,False,0.3573855459690094,False
633,36,2.0,0.3333333333333333,2568.0,8.0,C5,72,,0,0.9544731974601746,True,0.6072405576705933,True,0.44455504417419434,False
634,36,2.0,0.3333333333333333,2568.0,8.0,C4,60,,0,0.8254801034927368,True,0.27764540910720825,False,0.37241125106811523,False
635,36,2.3333333333333335,0.3333333333333333,2576.0,8.0,A4,69,,0,0.7933152318000793,True,0.14158950746059418,False,0.3501436114311218,False
636,36,2.3333333333333335,0.3333333333333333,2576.0,8.0,A3,57,,0,0.7923760414123535,True,0.9111510515213013,True,0.4587009847164154,False
637,36,2.6666666666666665,0.3333333333333333,2584.0,8.0,C5,72,,0,0.9541313052177429,True,0.42911386489868164,False,0.36816731095314026,False
638,36,2.6666666666666665,0.3333333333333333,2584.0,8.0,D3,50,,0,0.15853264927864075,False,0.17271208763122559,False,0.3532874882221222,False
639,37,0.0,0.75,2592.0,18.0,E5,76,,0,0.24007998406887054,False,0.39631643891334534,False,0.4261646568775177,False
640,37,0.0,1.0,2592.0,24.0,B4,71,,0,0.3824099898338318,False,0.4335446059703827,False,0.44947120547294617,False
641,37,0.0,1.0,2592.0,24.0,G4,67,,0,0.9317375421524048,True,0.5108102560043335,True,0.617164134979248,True
642,37,0.0,0.3333333333333333,2592.0,8.0,G2,43,,0,0.6302831172943115,True,0.6962617039680481,True,0.5612412691116333,True
643,37,0.3333333333333333,0.3333333333333333,2600.0,8.0,D3,50,,0,0.13534194231033325,False,0.1662144809961319,False,0.3524974286556244,False
644,37,0.6666666666666666,0.3333333333333333,2608.0,8.0,G3,55,,0,0.3414350748062134,False,0.3189578950405121,False,0.39050495624542236,False
645,37,0.75,0.25,2610.0,6.0,D5,74,,0,0.2966597378253937,False,0.18228039145469666,False,0.3529418110847473,False
646,37,1.0,0.3333333333333333,2616.0,8.0,B4,71,,0,0.17675191164016724,False,0.29223865270614624,False,0.38990458846092224,False
647,37,1.0,0.3333333333333333,2616.0,8.0,G4,67,,0,0.9653434753417969,True,0.3805416524410248,False,0.4241294860839844,False
648,37,1.0,0.3333333333333333,2616.0,8.0,B3,59,,0,0.9844850301742554,True,0.8809207081794739,True,0.26965948939323425,False
649,37,1.3333333333333333,0.3333333333333333,2624.0,8.0,C5,72,,0,0.2929435074329376,False,0.2288106381893158,False,0.367134153842926,False
650,37,1.3333333333333333,0.3333333333333333,2624.0,8.0,B4,71,,0,0.02514014206826687,False,0.1495409905910492,False,0.35576730966567993,False
651,37,1.3333333333333333,0.3333333333333333,2624.0,8.0,G4,67,,0,0.8647732138633728,True,0.20606087148189545,False,0.36212480068206787,False
652,37,1.3333333333333333,0.3333333333333333,2624.0,8.0,G3,55,,0,0.24321255087852478,False,0.2579416036605835,False,0.3761740028858185,False
653,37,1.6666666666666667,0.3333333333333333,2632.0,8.0,D5,74,,0,0.6705894470214844,True,0.30260491371154785,False,0.3599452078342438,False
654,37,1.6666666666666667,0.3333333333333333,2632.0,8.0,B4,71,,0,0.07777602225542068,False,0.16582109034061432,False,0.3579370975494385,False
655,37,1.6666666666666667,0.3333333333333333,2632.0,8.0,G4,67,,0,0.9301579594612122,True,0.18671122193336487,False,0.36247923970222473,False
656,37,1.6666666666666667,0.3333333333333333,2632.0,8.0,D3,50,,0,0.20927412807941437,False,0.18188577890396118,False,0.35414576530456543,False
657,37,2.0,0.3333333333333333,2640.0,8.0,E5,76,,0,0.27183786034584045,False,0.2972497045993805,False,0.38659384846687317,False
658,37,2.0,0.3333333333333333,2640.0,8.0,B4,71,,0,0.22755120694637299,False,0.282706618309021,False,0.3821597993373871,False
659,37,2.0,0.3333333333333333,2640.0,8.0,G4,67,,0,0.9310815334320068,True,0.25896579027175903,False,0.38463374972343445,False
660,37,2.0,0.3333333333333333,2640.0,8.0,B3,59,,0,0.9642225503921509,True,0.6027964949607849,True,0.10924332588911057,False
661,37,2.3333333333333335,0.3333333333333333,2648.0,8.0,F#5,78,,0,0.8721850514411926,True,0.6524891257286072,True,0.5166749954223633,True
662,37,2.3333333333333335,0.3333333333333333,2648.0,8.0,B4,71,,0,0.09164220094680786,False,0.16998079419136047,False,0.3580581545829773,False
663,37,2.3333333333333335,0.3333333333333333,2648.0,8.0,G4,67,,0,0.7762079238891602,True,0.26613083481788635,False,0.35843589901924133,False
664,37,2.3333333333333335,0.3333333333333333,2648.0,8.0,G3,55,,0,0.5349857807159424,True,0.6339738368988037,True,0.5033034682273865,True
665,37,2.6666666666666665,0.3333333333333333,2656.0,8.0,G5,79,,0,0.9980796575546265,True,0.6776926517486572,True,0.5008220672607422,True
666,37,2.6666666666666665,0.3333333333333333,2656.0,8.0,B4,71,,0,0.16928961873054504,False,0.19068847596645355,False,0.3605870008468628,False
667,37,2.6666666666666665,0.3333333333333333,2656.0,8.0,G4,67,,0,0.9366366863250732,True,0.14624576270580292,False,0.3598152697086334,False
668,37,2.6666666666666665,0.3333333333333333,2656.0,8.0,D3,50,,0,0.2986138164997101,False,0.22768624126911163,False,0.3612843155860901,False
669,38,0.0,0.75,2664.0,18.0,B4,71,,0,0.1184285506606102,False,0.31860557198524475,False,0.3998565375804901,False
670,38,0.0,1.0,2664.0,24.0,F#4,66,,0,0.4920105040073395,False,0.616156816482544,True,0.5488459467887878,True
671,38,0.0,1.0,2664.0,24.0,D4,62,,0,0.978894829750061,True,0.6255873441696167,True,0.5738335251808167,True
672,38,0.0,0.3333333333333333,2664.0,8.0,D2,38,,0,0.9578356742858887,True,0.7238566279411316,True,0.6175158023834229,True
673,38,0.3333333333333333,0.3333333333333333,2672.0,8.0,D3,50,,0,0.18074578046798706,False,0.19104228913784027,False,0.3555377721786499,False
674,38,0.6666666666666666,0.3333333333333333,2680.0,8.0,A3,57,,0,0.9853466749191284,True,0.9095556735992432,True,0.5907841324806213,True
675,38,0.75,0.25,2682.0,6.0,A4,69,,0,0.9820350408554077,True,0.4705842137336731,False,0.39328473806381226,False
676,38,1.0,0.3333333333333333,2688.0,8.0,F#4,66,,0,0.21864883601665497,False,0.3594970405101776,False,0.4116741418838501,False
677,38,1.0,0.3333333333333333,2688.0,8.0,D4,62,,0,0.5730776190757751,True,0.46775421500205994,False,0.4249315559864044,False
678,38,1.0,0.3333333333333333,2688.0,8.0,C4,60,,0,0.9422969222068787,True,0.5991144776344299,True,0.6287325620651245,True
679,38,1.3333333333333333,0.3333333333333333,2696.0,8.0,G4,67,,0,0.7768312692642212,True,0.2187647819519043,False,0.36873677372932434,False
680,38,1.3333333333333333,0.3333333333333333,2696.0,8.0,F#4,66,,0,0.11954153329133987,False,0.2048434466123581,False,0.3663400113582611,False
681,38,1.3333333333333333,0.3333333333333333,2696.0,8.0,D4,62,,0,0.6030548214912415,True,0.5852321982383728,True,0.20827502012252808,False
682,38,1.3333333333333333,0.3333333333333333,2696.0,8.0,A3,57,,0,0.9761921167373657,True,0.932220458984375,True,0.5076350569725037,True
683,38,1.6666666666666667,0.3333333333333333,2704.0,8.0,A4,69,,0,0.9775573015213013,True,0.19231843948364258,False,0.3484632670879364,False
684,38,1.6666666666666667,0.3333333333333333,2704.0,8.0,F#4,66,,0,0.21635928750038147,False,0.25079745054244995,False,0.37533360719680786,False
685,38,1.6666666666666667,0.3333333333333333,2704.0,8.0,D4,62,,0,0.72265625,True,0.3539002239704132,False,0.36372947692871094,False
686,38,1.6666666666666667,0.3333333333333333,2704.0,8.0,D3,50,,0,0.5669803619384766,True,0.49512243270874023,False,0.3877805173397064,False
687,38,2.0,0.3333333333333333,2712.0,8.0,B4,71,,0,0.45503348112106323,False,0.43065765500068665,False,0.4304496645927429,False
688,38,2.0,0.3333333333333333,2712.0,8.0,F#4,66,,0,0.48413604497909546,False,0.40322598814964294,False,0.4163171052932739,False
689,38,2.0,0.3333333333333333,2712.0,8.0,D4,62,,0,0.5563057065010071,True,0.5230850577354431,True,0.16680775582790375,False
690,38,2.0,0.3333333333333333,2712.0,8.0,A3,57,,0,0.9895461201667786,True,0.9053516387939453,True,0.5501425862312317,True
691,38,2.3333333333333335,0.3333333333333333,2720.0,8.0,C5,72,,0,0.7753220796585083,True,0.37051352858543396,False,0.3531206250190735,False
692,38,2.3333333333333335,0.3333333333333333,2720.0,8.0,F#4,66,,0,0.29230600595474243,False,0.2517104148864746,False,0.3737069368362427,False
693,38,2.3333333333333335,0.3333333333333333,2720.0,8.0,D4,62,,0,0.4008614420890808,False,0.18507102131843567,False,0.352300226688385,False
694,38,2.3333333333333335,0.3333333333333333,2720.0,8.0,F#3,54,,0,0.665412962436676,True,0.5217346549034119,True,0.43204161524772644,False
695,38,2.6666666666666665,0.3333333333333333,2728.0,8.0,D5,74,,0,0.9652757048606873,True,0.574936032295227,True,0.39351803064346313,False
696,38,2.6666666666666665,0.3333333333333333,2728.0,8.0,F#4,66,,0,0.4096509516239166,False,0.2592872977256775,False,0.37607184052467346,False
697,38,2.6666666666666665,0.3333333333333333,2728.0,8.0,D4,62,,0,0.8453403115272522,True,0.4003535211086273,False,0.36458900570869446,False
698,38,2.6666666666666665,0.3333333333333333,2728.0,8.0,C3,48,,0,0.18101738393306732,False,0.19839195907115936,False,0.3651005029678345,False
699,39,0.0,0.75,2736.0,18.0,G4,67,,0,0.94623863697052,True,0.7704699039459229,True,0.8108943700790405,True
700,39,0.0,1.0,2736.0,24.0,B3,59,,0,0.9980085492134094,True,0.758551836013794,True,0.26097509264945984,False
701,39,0.0,0.3333333333333333,2736.0,8.0,E2,40,,0,0.7255352139472961,True,0.8996099233627319,True,0.4723433256149292,False
702,39,0.3333333333333333,0.3333333333333333,2744.0,8.0,B2,47,,0,0.40705716609954834,False,0.20447731018066406,False,0.36246371269226074,False
703,39,0.6666666666666666,0.3333333333333333,2752.0,8.0,G3,55,,0,0.8960998058319092,True,0.848267138004303,True,0.5160841345787048,True
704,39,0.75,0.125,2754.0,3.0,A4,69,,0,0.9355040788650513,True,0.473522812128067,False,0.36574968695640564,False
705,39,0.875,0.125,2757.0,3.0,B4,71,,0,0.46654629707336426,False,0.3525800406932831,False,0.39584964513778687,False
706,39,1.0,0.75,2760.0,18.0,C5,72,,0,0.7118363380432129,True,0.7496819496154785,True,0.5228477716445923,True
707,39,1.0,1.0,2760.0,24.0,A4,69,,0,0.9453040957450867,True,0.5333545804023743,True,0.34907716512680054,False
708,39,1.0,1.5,2760.0,36.0,D4,62,,0,0.9691333770751953,True,0.8178537487983704,True,0.5786565542221069,True
709,39,1.0,0.3333333333333333,2760.0,8.0,F#2,42,,0,0.36513552069664,False,0.41599908471107483,False,0.4334653913974762,False
710,39,1.3333333333333333,0.3333333333333333,2768.0,8.0,D3,50,,0,0.8840242624282837,True,0.7223118543624878,True,0.8426976203918457,True
711,39,1.6666666666666667,0.3333333333333333,2776.0,8.0,A3,57,,0,0.9755226373672485,True,0.9601863026618958,True,0.6511679887771606,True
712,39,1.75,0.125,2778.0,3.0,E5,76,,0,0.38980597257614136,False,0.3042614758014679,False,0.3842981457710266,False
713,39,1.875,0.125,2781.0,3.0,D5,74,,0,0.8897589445114136,True,0.4372877776622772,False,0.3564322888851166,False
714,39,2.0,0.5,2784.0,12.0,B4,71,,0,0.2809305787086487,False,0.28357136249542236,False,0.382866770029068,False
715,39,2.0,0.5,2784.0,12.0,G4,67,,0,0.7748997807502747,True,0.5571582317352295,True,0.5927663445472717,True
716,39,2.0,0.3333333333333333,2784.0,8.0,G2,43,,0,0.2577155828475952,False,0.27461060881614685,False,0.37885281443595886,False
717,39,2.3333333333333335,0.3333333333333333,2792.0,8.0,D3,50,,0,0.8365203142166138,True,0.15424750745296478,False,0.34225910902023315,False
718,39,2.6666666666666665,0.3333333333333333,2800.0,8.0,B3,59,,0,0.9618895649909973,True,0.41165369749069214,False,0.3474375903606415,False
719,40,0.0,1.0,2808.0,24.0,E5,76,,0,0.2986763119697571,False,0.4417073726654053,False,0.44586601853370667,False
720,40,0.0,1.3333333333333333,2808.0,32.0,B4,71,,0,0.6025983691215515,True,0.5394317507743835,True,0.4601520001888275,False
721,40,0.0,1.3333333333333333,2808.0,32.0,G4,67,,0,0.7995312213897705,True,0.8709418773651123,True,0.7992383241653442,True
722,40,0.0,0.3333333333333333,2808.0,8.0,G2,43,,0,0.6899532675743103,True,0.8376421928405762,True,0.5951249599456787,True
723,40,0.3333333333333333,0.3333333333333333,2816.0,8.0,D3,50,,0,0.756239116191864,True,0.23771870136260986,False,0.3452417552471161,False
724,40,0.6666666666666666,0.3333333333333333,2824.0,8.0,G3,55,,0,0.9488272070884705,True,0.8779563903808594,True,0.5713915824890137,True
725,40,1.0,0.3333333333333333,2832.0,8.0,D5,74,,0,0.8711045384407043,True,0.7867778539657593,True,0.5698815584182739,True
726,40,1.0,0.3333333333333333,2832.0,8.0,B3,59,,0,0.9888880848884583,True,0.6144279837608337,True,0.12418030202388763,False
727,40,1.3333333333333333,0.3333333333333333,2840.0,8.0,D5,74,,0,0.6234171390533447,True,0.6247340440750122,True,0.43888700008392334,False
728,40,1.3333333333333333,0.3333333333333333,2840.0,8.0,B4,71,,0,0.078765869140625,False,0.1638258397579193,False,0.3570857346057892,False
729,40,1.3333333333333333,0.3333333333333333,2840.0,8.0,G4,67,,0,0.36180579662323,False,0.28503936529159546,False,0.37766432762145996,False
730,40,1.3333333333333333,0.3333333333333333,2840.0,8.0,G3,55,,0,0.7302202582359314,True,0.8749423027038574,True,0.4847946763038635,False
731,40,1.6666666666666667,0.3333333333333333,2848.0,8.0,D5,74,,0,0.8670849204063416,True,0.5983490943908691,True,0.46899187564849854,False
732,40,1.6666666666666667,0.3333333333333333,2848.0,8.0,B4,71,,0,0.17991672456264496,False,0.1927684247493744,False,0.36135295033454895,False
733,40,1.6666666666666667,0.3333333333333333,2848.0,8.0,G4,67,,0,0.5496055483818054,True,0.4669572114944458,False,0.39176037907600403,False
734,40,1.6666666666666667,0.3333333333333333,2848.0,8.0,D3,50,,0,0.8184890747070312,True,0.21964186429977417,False,0.3402867615222931,False
735,40,2.0,0.3333333333333333,2856.0,8.0,D5,74,,0,0.8274295330047607,True,0.6608608961105347,True,0.5221113562583923,True
736,40,2.0,0.3333333333333333,2856.0,8.0,B4,71,,0,0.274792343378067,False,0.2736310362815857,False,0.37943464517593384,False
737,40,2.0,0.3333333333333333,2856.0,8.0,G4,67,,0,0.5916976928710938,True,0.6041316390037537,True,0.6557815670967102,True
738,40,2.0,0.3333333333333333,2856.0,8.0,B3,59,,0,0.9896219968795776,True,0.4827771782875061,False,0.3953667879104614,False
739,40,2.3333333333333335,0.3333333333333333,2864.0,8.0,D5,74,,0,0.7580860257148743,True,0.7253382802009583,True,0.4576147198677063,False
740,40,2.3333333333333335,0.3333333333333333,2864.0,8.0,B4,71,,0,0.22792938351631165,False,0.19341464340686798,False,0.3605799376964569,False
741,40,2.3333333333333335,0.3333333333333333,2864.0,8.0,G4,67,,0,0.6880403161048889,True,0.5644862651824951,True,0.5979791879653931,True
742,40,2.3333333333333335,0.3333333333333333,2864.0,8.0,G3,55,,0,0.8367471694946289,True,0.8911303877830505,True,0.5031498670578003,True
743,40,2.6666666666666665,0.3333333333333333,2872.0,8.0,D5,74,,0,0.8280479311943054,True,0.6628276109695435,True,0.6474121809005737,True
744,40,2.6666666666666665,0.3333333333333333,2872.0,8.0,B4,71,,0,0.5097100138664246,True,0.32461637258529663,False,0.37203651666641235,False
745,40,2.6666666666666665,0.3333333333333333,2872.0,8.0,G4,67,,0,0.9347367286682129,True,0.6405510902404785,True,0.6635344624519348,True
746,40,2.6666666666666665,0.3333333333333333,2872.0,8.0,D3,50,,0,0.7247108221054077,True,0.1497843712568283,False,0.3404882252216339,False
747,41,0.0,1.0,2880.0,24.0,A5,81,,0,0.862332820892334,True,0.8011607527732849,True,0.7461363673210144,True
748,41,0.0,1.3333333333333333,2880.0,32.0,E5,76,,0,0.6336498856544495,True,0.8899362683296204,True,0.7760132551193237,True
749,41,0.0,1.3333333333333333,2880.0,32.0,B4,71,,0,0.901774525642395,True,0.8296708464622498,True,0.7255141735076904,True
750,41,0.0,0.3333333333333333,2880.0,8.0,E2,40,,0,0.9441555738449097,True,0.9716033935546875,True,0.6238495707511902,True
751,41,0.3333333333333333,0.3333333333333333,2888.0,8.0,E3,52,,0,0.11452287435531616,False,0.24664521217346191,False,0.3778543174266815,False
752,41,0.6666666666666666,0.3333333333333333,2896.0,8.0,G3,55,,0,0.8644275665283203,True,0.7665848135948181,True,0.46651408076286316,False
753,41,1.0,0.3333333333333333,2904.0,8.0,G5,79,,0,0.9773237109184265,True,0.8816220164299011,True,0.4276590645313263,False
754,41,1.0,0.3333333333333333,2904.0,8.0,B3,59,,0,0.9934913516044617,True,0.8021540641784668,True,0.17092904448509216,False
755,41,1.3333333333333333,0.3333333333333333,2912.0,8.0,G5,79,,0,0.9655517935752869,True,0.6706035137176514,True,0.33849015831947327,False
756,41,1.3333333333333333,0.3333333333333333,2912.0,8.0,E5,76,,0,0.12143675237894058,False,0.20958976447582245,False,0.36747345328330994,False
757,41,1.3333333333333333,0.3333333333333333,2912.0,8.0,B4,71,,0,0.3545753061771393,False,0.20717932283878326,False,0.36194708943367004,False
758,41,1.3333333333333333,0.3333333333333333,2912.0,8.0,G3,55,,0,0.5973967909812927,True,0.7109030485153198,True,0.3890713155269623,False
759,41,1.6666666666666667,0.3333333333333333,2920.0,8.0,G5,79,,0,0.9754436016082764,True,0.6108031272888184,True,0.3327808678150177,False
760,41,1.6666666666666667,0.3333333333333333,2920.0,8.0,E5,76,,0,0.3374313414096832,False,0.29018741846084595,False,0.38259240984916687,False
761,41,1.6666666666666667,0.3333333333333333,2920.0,8.0,B4,71,,0,0.41414958238601685,False,0.2619454562664032,False,0.3746112287044525,False
762,41,1.6666666666666667,0.3333333333333333,2920.0,8.0,E3,52,,0,0.04094383865594864,False,0.19701287150382996,False,0.367929071187973,False
763,41,2.0,0.3333333333333333,2928.0,8.0,G5,79,,0,0.9781096577644348,True,0.7935689091682434,True,0.4976779818534851,False
764,41,2.0,0.3333333333333333,2928.0,8.0,E5,76,,0,0.2830050587654114,False,0.33276399970054626,False,0.3970511257648468,False
765,41,2.0,0.3333333333333333,2928.0,8.0,B4,71,,0,0.7658855319023132,True,0.7562767267227173,True,0.5704843997955322,True
766,41,2.0,0.3333333333333333,2928.0,8.0,B3,59,,0,0.922666072845459,True,0.5793904066085815,True,0.12251222133636475,False
767,41,2.3333333333333335,0.3333333333333333,2936.0,8.0,G5,79,,0,0.969952404499054,True,0.6990137100219727,True,0.3564242124557495,False
768,41,2.3333333333333335,0.3333333333333333,2936.0,8.0,E5,76,,0,0.195870503783226,False,0.23172228038311005,False,0.37073108553886414,False
769,41,2.3333333333333335,0.3333333333333333,2936.0,8.0,B4,71,,0,0.6608266830444336,True,0.5512672066688538,True,0.471846342086792,False
770,41,2.3333333333333335,0.3333333333333333,2936.0,8.0,G3,55,,0,0.6917129755020142,True,0.6266545057296753,True,0.3613167405128479,False
771,41,2.6666666666666665,0.3333333333333333,2944.0,8.0,G5,79,,0,0.9675406217575073,True,0.6907071471214294,True,0.4033638536930084,False
772,41,2.6666666666666665,0.3333333333333333,2944.0,8.0,E5,76,,0,0.3701649606227875,False,0.2933742105960846,False,0.3822614252567291,False
773,41,2.6666666666666665,0.3333333333333333,2944.0,8.0,B4,71,,0,0.5758063197135925,True,0.43711912631988525,False,0.35455048084259033,False
774,41,2.6666666666666665,0.3333333333333333,2944.0,8.0,E3,52,,0,0.08586734533309937,False,0.21287208795547485,False,0.3704526424407959,False
775,42,0.0,1.0,2952.0,24.0,E6,88,,0,0.6780537962913513,True,0.6997033953666687,True,0.7928495407104492,True
776,42,0.0,1.3333333333333333,2952.0,32.0,G5,79,,0,0.9883072972297668,True,0.8922065496444702,True,0.4781820476055145,False
777,42,0.0,1.3333333333333333,2952.0,32.0,E5,76,,0,0.3059588670730591,False,0.472229540348053,False,0.4607710540294647,False
778,42,0.0,3.0,2952.0,72.0,A2,45,,0,0.9609587788581848,True,0.9946407079696655,True,0.8288573026657104,True
779,42,0.0,3.0,2952.0,72.0,A1,33,,0,0.38595548272132874,False,0.5140255689620972,True,0.49332496523857117,False
780,42,1.0,0.3333333333333333,2976.0,8.0,C#6,85,,0,0.8046480417251587,True,0.9255728125572205,True,0.6976713538169861,True
781,42,1.3333333333333333,0.3333333333333333,2984.0,8.0,C#6,85,,0,0.4469568133354187,False,0.2701171040534973,False,0.3716350793838501,False
782,42,1.3333333333333333,0.3333333333333333,2984.0,8.0,G5,79,,0,0.9553556442260742,True,0.6470432281494141,True,0.3496384918689728,False
783,42,1.3333333333333333,0.3333333333333333,2984.0,8.0,E5,76,,0,0.24441610276699066,False,0.24942120909690857,False,0.37365418672561646,False
784,42,1.6666666666666667,0.3333333333333333,2992.0,8.0,C#6,85,,0,0.582484245300293,True,0.7482922077178955,True,0.5100637078285217,True
785,42,1.6666666666666667,0.3333333333333333,2992.0,8.0,G5,79,,0,0.9727510213851929,True,0.7025583386421204,True,0.3750411868095398,False
786,42,1.6666666666666667,0.3333333333333333,2992.0,8.0,E5,76,,0,0.3391476571559906,False,0.2869977653026581,False,0.38148146867752075,False
787,42,2.0,0.3333333333333333,3000.0,8.0,C#6,85,,0,0.6368919014930725,True,0.7781911492347717,True,0.5205815434455872,True
788,42,2.0,0.3333333333333333,3000.0,8.0,G5,79,,0,0.9817628860473633,True,0.7622852325439453,True,0.40000155568122864,False
789,42,2.0,0.3333333333333333,3000.0,8.0,E5,76,,0,0.34614452719688416,False,0.3568015396595001,False,0.4033341705799103,False
790,42,2.3333333333333335,0.3333333333333333,3008.0,8.0,C#6,85,,0,0.49277371168136597,False,0.23348034918308258,False,0.3630496859550476,False
791,42,2.3333333333333335,0.3333333333333333,3008.0,8.0,G5,79,,0,0.9476794004440308,True,0.6776326894760132,True,0.3486495316028595,False
792,42,2.3333333333333335,0.3333333333333333,3008.0,8.0,E5,76,,0,0.31240537762641907,False,0.2614607512950897,False,0.3749183714389801,False
793,42,2.6666666666666665,0.3333333333333333,3016.0,8.0,C#6,85,,0,0.6545224785804749,True,0.6167500615119934,True,0.45742931962013245,False
794,42,2.6666666666666665,0.3333333333333333,3016.0,8.0,G5,79,,0,0.9306401610374451,True,0.7075973749160767,True,0.38744112849235535,False
795,42,2.6666666666666665,0.3333333333333333,3016.0,8.0,E5,76,,0,0.5069451332092285,True,0.4659341275691986,False,0.35524868965148926,False
796,43,0.0,1.0,3024.0,24.0,E6,88,,0,0.6354788541793823,True,0.5697196125984192,True,0.6449122428894043,True
797,43,0.0,1.0,3024.0,24.0,G#5,80,,0,0.29720914363861084,False,0.3234569728374481,False,0.4010274112224579,False
798,43,0.0,1.0,3024.0,24.0,E5,76,,0,0.2725600004196167,False,0.4335629940032959,False,0.44450846314430237,False
799,43,0.0,1.0,3024.0,24.0,B-3,58,,0,0.9952396154403687,True,0.8111411333084106,True,0.6490811705589294,True
800,43,0.0,1.0,3024.0,24.0,B-2,46,,0,0.9892004728317261,True,0.9132069945335388,True,0.8379895687103271,True
801,43,1.0,2.0,3048.0,48.0,D6,86,,0,0.7722989320755005,True,0.7650086283683777,True,0.7554205060005188,True
802,43,1.0,2.0,3048.0,48.0,G#5,80,,0,0.4557856023311615,False,0.34942302107810974,False,0.40565818548202515,False
803,43,1.0,2.0,3048.0,48.0,E5,76,,0,0.23679965734481812,False,0.3791777193546295,False,0.42337602376937866,False
804,43,1.0,0.3333333333333333,3048.0,8.0,B-2,46,,0,0.9677758812904358,True,0.8399474620819092,True,0.722322404384613,True
805,43,1.0,0.3333333333333333,3048.0,8.0,B-1,34,,0,0.9369187355041504,True,0.8830039501190186,True,0.7241529226303101,True
806,43,1.3333333333333333,0.3333333333333333,3056.0,8.0,B-2,46,,0,0.8732410073280334,True,0.5748965740203857,True,0.5707626342773438,True
807,43,1.3333333333333333,0.3333333333333333,3056.0,8.0,B-1,34,,0,0.8239537477493286,True,0.6151036024093628,True,0.4892728924751282,False
808,43,1.6666666666666667,0.3333333333333333,3064.0,8.0,B-2,46,,0,0.9173679351806641,True,0.5686430931091309,True,0.6164523959159851,True
809,43,1.6666666666666667,0.3333333333333333,3064.0,8.0,B-1,34,,0,0.6185014843940735,True,0.5087888240814209,True,0.4647057056427002,False
810,43,2.0,0.3333333333333333,3072.0,8.0,B-2,46,,0,0.9228718280792236,True,0.7292541861534119,True,0.6334115266799927,True
811,43,2.0,0.3333333333333333,3072.0,8.0,B-1,34,,0,0.8065847754478455,True,0.6761754751205444,True,0.48697325587272644,False
812,43,2.3333333333333335,0.3333333333333333,3080.0,8.0,B-2,46,,0,0.8903491497039795,True,0.5656718611717224,True,0.5858454704284668,True
813,43,2.3333333333333335,0.3333333333333333,3080.0,8.0,B-1,34,,0,0.7692057490348816,True,0.4508111774921417,False,0.384951651096344,False
814,43,2.6666666666666665,0.3333333333333333,3088.0,8.0,B-2,46,,0,0.8275856375694275,True,0.4854491651058197,False,0.34264761209487915,False
815,43,2.6666666666666665,0.3333333333333333,3088.0,8.0,B-1,34,,0,0.4617640972137451,False,0.2784828245639801,False,0.37546277046203613,False
816,44,0.0,1.0,3096.0,24.0,E5,76,,0,0.10364218056201935,False,0.3441060185432434,False,0.4115777015686035,False
817,44,0.0,1.3333333333333333,3096.0,32.0,G4,67,,0,0.8562704920768738,True,0.910474419593811,True,0.7173116207122803,True
818,44,0.0,1.3333333333333333,3096.0,32.0,E4,64,,0,0.9605451822280884,True,0.9456465244293213,True,0.8989892601966858,True
819,44,0.0,3.0,3096.0,72.0,A2,45,,0,0.956505298614502,True,0.9862620234489441,True,0.7501786947250366,True
820,44,0.0,3.0,3096.0,72.0,A1,33,,0,0.8578880429267883,True,0.8008038997650146,True,0.6225081086158752,True
821,44,1.0,0.3333333333333333,3120.0,8.0,C#5,73,,0,0.8869910836219788,True,0.9467885494232178,True,0.7215242981910706,True
822,44,1.3333333333333333,0.3333333333333333,3128.0,8.0,C#5,73,,0,0.3335728645324707,False,0.251117467880249,False,0.3677283525466919,False
823,44,1.3333333333333333,0.3333333333333333,3128.0,8.0,G4,67,,0,0.6642287969589233,True,0.7765360474586487,True,0.4356353282928467,False
824,44,1.3333333333333333,0.3333333333333333,3128.0,8.0,E4,64,,0,0.15039165318012238,False,0.22237783670425415,False,0.37087783217430115,False
825,44,1.6666666666666667,0.3333333333333333,3136.0,8.0,C#5,73,,0,0.5356721878051758,True,0.6412115693092346,True,0.5051550269126892,True
826,44,1.6666666666666667,0.3333333333333333,3136.0,8.0,G4,67,,0,0.8025693893432617,True,0.792748749256134,True,0.4147678315639496,False
827,44,1.6666666666666667,0.3333333333333333,3136.0,8.0,E4,64,,0,0.33837589621543884,False,0.29183000326156616,False,0.38536423444747925,False
828,44,2.0,0.3333333333333333,3144.0,8.0,C#5,73,,0,0.5394113659858704,True,0.7230088710784912,True,0.5400953888893127,True
829,44,2.0,0.3333333333333333,3144.0,8.0,G4,67,,0,0.850793719291687,True,0.873353898525238,True,0.5031684637069702,True
830,44,2.0,0.3333333333333333,3144.0,8.0,E4,64,,0,0.365710973739624,False,0.37456291913986206,False,0.4122072458267212,False
831,44,2.3333333333333335,0.3333333333333333,3152.0,8.0,C#5,73,,0,0.5296220183372498,True,0.6562161445617676,True,0.4926055669784546,False
832,44,2.3333333333333335,0.3333333333333333,3152.0,8.0,G4,67,,0,0.6914610266685486,True,0.7777623534202576,True,0.3885934054851532,False
833,44,2.3333333333333335,0.3333333333333333,3152.0,8.0,E4,64,,0,0.3369685709476471,False,0.27816042304039,False,0.380398690700531,False
834,44,2.6666666666666665,0.3333333333333333,3160.0,8.0,C#5,73,,0,0.5305463671684265,True,0.5445817708969116,True,0.45759356021881104,False
835,44,2.6666666666666665,0.3333333333333333,3160.0,8.0,G4,67,,0,0.7644839286804199,True,0.7178217172622681,True,0.351798951625824,False
836,44,2.6666666666666665,0.3333333333333333,3160.0,8.0,E4,64,,0,0.5696191191673279,True,0.20364589989185333,False,0.36382725834846497,False
837,45,0.0,1.0,3168.0,24.0,E5,76,,0,0.2250913679599762,False,0.3885538876056671,False,0.4240483343601227,False
838,45,0.0,3.0,3168.0,72.0,G#4,68,,0,0.2469157725572586,False,0.36763083934783936,False,0.42339733242988586,False
839,45,0.0,3.0,3168.0,72.0,E4,64,,0,0.6172089576721191,True,0.3013213872909546,False,0.4266015291213989,False
840,45,0.0,1.0,3168.0,24.0,B-2,46,,0,0.7869760990142822,True,0.752252995967865,True,0.7367973923683167,True
841,45,1.0,2.0,3192.0,48.0,D5,74,,0,0.8967369198799133,True,0.6041423678398132,True,0.6348575949668884,True
842,45,1.0,0.3333333333333333,3192.0,8.0,B-1,34,,0,0.8685731887817383,True,0.5501691699028015,True,0.4746820628643036,False
843,45,1.3333333333333333,0.3333333333333333,3200.0,8.0,B-1,34,,0,0.7597450017929077,True,0.3229743540287018,False,0.3773564398288727,False
844,45,1.6666666666666667,0.3333333333333333,3208.0,8.0,B-1,34,,0,0.7830916047096252,True,0.26948729157447815,False,0.37042883038520813,False
845,45,2.0,0.3333333333333333,3216.0,8.0,B-1,34,,0,0.7939063906669617,True,0.395355761051178,False,0.39939984679222107,False
846,45,2.3333333333333335,0.3333333333333333,3224.0,8.0,B-1,34,,0,0.56261146068573,True,0.17554780840873718,False,0.3601553440093994,False
847,45,2.6666666666666665,0.3333333333333333,3232.0,8.0,B-1,34,,0,0.7450146079063416,True,0.3033391833305359,False,0.37539899349212646,False
848,46,0.0,1.0,3240.0,24.0,C#5,73,,0,0.6145007610321045,True,0.8520569205284119,True,0.6517759561538696,True
849,46,0.0,1.0,3240.0,24.0,A4,69,,0,0.9435571432113647,True,0.9118397235870361,True,0.5955070853233337,True
850,46,0.0,1.0,3240.0,24.0,E4,64,,0,0.554929256439209,True,0.26321354508399963,False,0.40310314297676086,False
851,46,0.0,1.3333333333333333,3240.0,32.0,A1,33,,0,0.6312853693962097,True,0.6563992500305176,True,0.4826095998287201,False
852,46,1.0,2.0,3264.0,48.0,A4,69,,0,0.8557713627815247,True,0.7523908019065857,True,0.5172916650772095,True
853,46,1.0,2.0,3264.0,48.0,E4,64,,0,0.26311618089675903,False,0.40353888273239136,False,0.4348942041397095,False
854,46,1.0,2.0,3264.0,48.0,C#4,61,,0,0.6947763562202454,True,0.6816926002502441,True,0.7119608521461487,True
855,46,1.3333333333333333,0.3333333333333333,3272.0,8.0,A2,45,,0,0.7144293785095215,True,0.9290711879730225,True,0.5870603919029236,True
856,46,1.6666666666666667,0.3333333333333333,3280.0,8.0,A2,45,,0,0.6289806365966797,True,0.9067094922065735,True,0.5711361765861511,True
857,46,2.0,0.3333333333333333,3288.0,8.0,A2,45,,0,0.7224248647689819,True,0.9513349533081055,True,0.6538891196250916,True
858,46,2.3333333333333335,0.3333333333333333,3296.0,8.0,A2,45,,0,0.6829136610031128,True,0.9225594401359558,True,0.552898108959198,True
859,46,2.6666666666666665,0.3333333333333333,3304.0,8.0,A2,45,,0,0.7742862105369568,True,0.9349527359008789,True,0.6589232087135315,True
860,47,0.0,1.0,3312.0,24.0,B4,71,,0,0.8537102937698364,True,0.8641842603683472,True,0.7049767971038818,True
861,47,0.0,1.0,3312.0,24.0,G4,67,,0,0.813148558139801,True,0.8679384589195251,True,0.4100067913532257,False
862,47,0.0,1.0,3312.0,24.0,D4,62,,0,0.7242593765258789,True,0.4848844110965729,False,0.4034530818462372,False
863,47,0.0,1.3333333333333333,3312.0,32.0,A1,33,,0,0.586570143699646,True,0.6722025871276855,True,0.5200704336166382,True
864,47,1.0,2.0,3336.0,48.0,G4,67,,0,0.9074709415435791,True,0.9145426750183105,True,0.520035982131958,True
865,47,1.0,2.0,3336.0,48.0,D4,62,,0,0.7982965707778931,True,0.2818721532821655,False,0.37606674432754517,False
866,47,1.0,2.0,3336.0,48.0,B3,59,,0,0.98271644115448,True,0.4048892855644226,False,0.44924917817115784,False
867,47,1.3333333333333333,0.3333333333333333,3344.0,8.0,A2,45,,0,0.7444635629653931,True,0.932305634021759,True,0.5874735116958618,True
868,47,1.6666666666666667,0.3333333333333333,3352.0,8.0,A2,45,,0,0.6681658029556274,True,0.913640022277832,True,0.5845569372177124,True
869,47,2.0,0.3333333333333333,3360.0,8.0,A2,45,,0,0.691815972328186,True,0.9478427171707153,True,0.6494997143745422,True
870,47,2.3333333333333335,0.3333333333333333,3368.0,8.0,A2,45,,0,0.6308355927467346,True,0.9123881459236145,True,0.5478091835975647,True
871,47,2.6666666666666665,0.3333333333333333,3376.0,8.0,A2,45,,0,0.6411424279212952,True,0.8951086401939392,True,0.5557583570480347,True
872,48,0.0,1.0,3384.0,24.0,A4,69,,0,0.852498471736908,True,0.756568968296051,True,0.5420346856117249,True
873,48,0.0,1.0,3384.0,24.0,F#4,66,,0,0.544900119304657,True,0.889840841293335,True,0.577597439289093,True
874,48,0.0,1.0,3384.0,24.0,D4,62,,0,0.531997561454773,True,0.33302125334739685,False,0.38918107748031616,False
875,48,0.0,1.3333333333333333,3384.0,32.0,A2,45,,0,0.8191559314727783,True,0.9738643169403076,True,0.7219078540802002,True
876,48,1.0,2.0,3408.0,48.0,F#4,66,,0,0.27096444368362427,False,0.3766941428184509,False,0.42344748973846436,False
877,48,1.0,2.0,3408.0,48.0,D4,62,,0,0.7679773569107056,True,0.3910256028175354,False,0.3923574686050415,False
878,48,1.0,2.0,3408.0,48.0,A3,57,,0,0.9966495633125305,True,0.649697482585907,True,0.6543230414390564,True
879,48,1.3333333333333333,0.3333333333333333,3416.0,8.0,A1,33,,0,0.3530243933200836,False,0.29291361570358276,False,0.3864305019378662,False
880,48,1.6666666666666667,0.3333333333333333,3424.0,8.0,A1,33,,0,0.4326803386211395,False,0.3311079144477844,False,0.3968135416507721,False
881,48,2.0,0.3333333333333333,3432.0,8.0,A1,33,,0,0.4906046688556671,False,0.43025144934654236,False,0.4337494373321533,False
882,48,2.3333333333333335,0.3333333333333333,3440.0,8.0,A1,33,,0,0.38596925139427185,False,0.3057725131511688,False,0.3900962769985199,False
883,48,2.6666666666666665,0.3333333333333333,3448.0,8.0,A1,33,,0,0.48455822467803955,False,0.3601718842983246,False,0.40627434849739075,False
884,49,0.0,1.0,3456.0,24.0,G4,67,,0,0.6322357058525085,True,0.8706953525543213,True,0.4276092052459717,False
885,49,0.0,1.0,3456.0,24.0,E4,64,,0,0.10412057489156723,False,0.35395312309265137,False,0.417235404253006,False
886,49,0.0,1.0,3456.0,24.0,C#4,61,,0,0.20430366694927216,False,0.36200156807899475,False,0.41500258445739746,False
887,49,0.0,1.0,3456.0,24.0,A3,57,,0,0.9370651245117188,True,0.4357622563838959,False,0.4391486942768097,False
888,49,0.0,1.3333333333333333,3456.0,32.0,A2,45,,0,0.7394191026687622,True,0.9167338609695435,True,0.5763731002807617,True
889,49,1.0,2.0,3480.0,48.0,E4,64,,0,0.4376194477081299,False,0.4482491910457611,False,0.45183736085891724,False
890,49,1.0,2.0,3480.0,48.0,C#4,61,,0,0.5863881707191467,True,0.2512863576412201,False,0.3886878490447998,False
891,49,1.0,2.0,3480.0,48.0,A3,57,,0,0.9816240668296814,True,0.5466645956039429,True,0.5871422290802002,True
892,49,1.0,2.0,3480.0,48.0,G3,55,,0,0.9799140095710754,True,0.7780232429504395,True,0.7200812101364136,True
893,49,1.3333333333333333,0.3333333333333333,3488.0,8.0,A1,33,,0,0.5950537919998169,True,0.45372316241264343,False,0.4020301401615143,False
894,49,1.6666666666666667,0.3333333333333333,3496.0,8.0,A1,33,,0,0.6711575984954834,True,0.5285947322845459,True,0.34884190559387207,False
895,49,2.0,0.3333333333333333,3504.0,8.0,A1,33,,0,0.7418086528778076,True,0.6033408641815186,True,0.38368311524391174,False
896,49,2.3333333333333335,0.3333333333333333,3512.0,8.0,A1,33,,0,0.33267834782600403,False,0.26379531621932983,False,0.38046202063560486,False
897,49,2.6666666666666665,0.3333333333333333,3520.0,8.0,A1,33,,0,0.678877592086792,True,0.6071646213531494,True,0.4271882176399231,False
898,50,0.0,1.0,3528.0,24.0,B4,71,,0,0.6625828146934509,True,0.5683795213699341,True,0.5817064046859741,True
899,50,0.0,1.5,3528.0,36.0,F#4,66,,0,0.13482849299907684,False,0.35858309268951416,False,0.41837042570114136,False
900,50,0.0,1.5,3528.0,36.0,D4,62,,0,0.4711308479309082,False,0.4351540803909302,False,0.44172462821006775,False
901,50,0.0,2.0,3528.0,48.0,F#3,54,,0,0.9959375858306885,True,0.8656450510025024,True,0.7255024909973145,True
902,50,0.0,2.0,3528.0,48.0,D3,50,,0,0.9564470648765564,True,0.6510489583015442,True,0.6698738932609558,True
903,50,1.0,0.5,3552.0,12.0,A4,69,,0,0.9791991114616394,True,0.7378832697868347,True,0.4374259412288666,False
904,50,1.5,0.5,3564.0,12.0,A4,69,,0,0.9614174962043762,True,0.6193913817405701,True,0.45719319581985474,False
905,50,1.5,0.5,3564.0,12.0,F#4,66,,0,0.1641635149717331,False,0.22572749853134155,False,0.3770085275173187,False
906,50,1.5,0.5,3564.0,12.0,D4,62,,0,0.5190362334251404,True,0.3139857053756714,False,0.3555249273777008,False
907,50,2.0,0.5,3576.0,12.0,A4,69,,0,0.9517143368721008,True,0.5492823123931885,True,0.3927559554576874,False
908,50,2.0,0.5,3576.0,12.0,F#4,66,,0,0.13763834536075592,False,0.24748891592025757,False,0.3768092393875122,False
909,50,2.0,0.5,3576.0,12.0,D4,62,,0,0.3969593346118927,False,0.27699947357177734,False,0.3738866150379181,False
910,50,2.5,0.5,3588.0,12.0,A4,69,,0,0.9834666848182678,True,0.5545466542243958,True,0.4798680543899536,False
911,50,2.5,0.5,3588.0,12.0,F#4,66,,0,0.3268209993839264,False,0.2632639706134796,False,0.38497194647789,False
912,50,2.5,0.5,3588.0,12.0,D4,62,,0,0.8554438948631287,True,0.4460751712322235,False,0.37194228172302246,False
913,51,0.0,1.5,3600.0,36.0,F#4,66,,0,0.1679839789867401,False,0.38224583864212036,False,0.42714932560920715,False
914,51,0.0,1.5,3600.0,36.0,D4,62,,0,0.69051194190979,True,0.507851243019104,True,0.602548360824585,True
915,51,0.0,1.0,3600.0,24.0,B3,59,,0,0.810066819190979,True,0.3042892813682556,False,0.3849497437477112,False
916,51,0.0,1.5,3600.0,36.0,F#3,54,,0,0.9785691499710083,True,0.6500725746154785,True,0.4819265305995941,False
917,51,0.0,1.5,3600.0,36.0,D3,50,,0,0.9579857587814331,True,0.9005605578422546,True,0.8052461743354797,True
918,51,1.0,0.5,3624.0,12.0,A3,57,,0,0.9810822010040283,True,0.7776444554328918,True,0.42594462633132935,False
919,51,1.5,0.5,3636.0,12.0,F#4,66,,0,0.04193870350718498,False,0.1964803785085678,False,0.371856153011322,False
920,51,1.5,0.5,3636.0,12.0,A3,57,,0,0.8984082937240601,True,0.464854896068573,False,0.3912338316440582,False
921,51,1.5,0.5,3636.0,12.0,F#3,54,,0,0.9129250645637512,True,0.5452251434326172,True,0.43610668182373047,False
922,51,1.5,0.5,3636.0,12.0,D3,50,,0,0.5435121655464172,True,0.5236621499061584,True,0.603775143623352,True
923,51,2.0,0.5,3648.0,12.0,D4,62,,0,0.47203001379966736,False,0.270947128534317,False,0.371462881565094,False
924,51,2.0,0.5,3648.0,12.0,A3,57,,0,0.9632949233055115,True,0.6276917457580566,True,0.30102789402008057,False
925,51,2.0,0.5,3648.0,12.0,F#3,54,,0,0.9447020888328552,True,0.6428942084312439,True,0.3477121889591217,False
926,51,2.0,0.5,3648.0,12.0,D3,50,,0,0.6494823694229126,True,0.8096789717674255,True,0.6406426429748535,True
927,51,2.5,0.5,3660.0,12.0,F#4,66,,0,0.05234025418758392,False,0.1982448548078537,False,0.3722097873687744,False
928,51,2.5,0.5,3660.0,12.0,A3,57,,0,0.9648414850234985,True,0.4826320707798004,False,0.38569220900535583,False
929,51,2.5,0.5,3660.0,12.0,F#3,54,,0,0.8480031490325928,True,0.23113076388835907,False,0.3551991581916809,False
930,51,2.5,0.5,3660.0,12.0,D3,50,,0,0.7712092399597168,True,0.30497437715530396,False,0.3637697696685791,False
931,52,0.0,1.0,3672.0,24.0,B4,71,,0,0.9762365221977234,True,0.7268974184989929,True,0.6839110255241394,True
932,52,0.0,1.5,3672.0,36.0,G4,67,,0,0.9616461992263794,True,0.8485741019248962,True,0.5848361849784851,True
933,52,0.0,1.5,3672.0,36.0,E4,64,,0,0.5868949294090271,True,0.6690551042556763,True,0.5670857429504395,True
934,52,0.0,1.5,3672.0,36.0,E3,52,,0,0.9786004424095154,True,0.8767364025115967,True,0.7677157521247864,True
935,52,0.0,1.5,3672.0,36.0,C#3,49,,0,0.9775779247283936,True,0.9522446393966675,True,0.5028751492500305,True
936,52,1.0,0.5,3696.0,12.0,A4,69,,0,0.9150887727737427,True,0.8470128178596497,True,0.6007490754127502,True
937,52,1.5,0.5,3708.0,12.0,A4,69,,0,0.5687049031257629,True,0.46409016847610474,False,0.40830355882644653,False
938,52,1.5,0.5,3708.0,12.0,G4,67,,0,0.5332964658737183,True,0.6119239926338196,True,0.3923873007297516,False
939,52,1.5,0.5,3708.0,12.0,E4,64,,0,0.16509677469730377,False,0.2492097020149231,False,0.3847178816795349,False
940,52,1.5,0.5,3708.0,12.0,A3,57,,0,0.8567132353782654,True,0.27516523003578186,False,0.3930061459541321,False
941,52,1.5,0.5,3708.0,12.0,E3,52,,0,0.7238739132881165,True,0.3477615416049957,False,0.38875675201416016,False
942,52,1.5,0.5,3708.0,12.0,C#3,49,,0,0.7737992405891418,True,0.8481019735336304,True,0.31287384033203125,False
943,52,2.0,0.5,3720.0,12.0,A4,69,,0,0.6847208142280579,True,0.6031534075737,True,0.4636850655078888,False
944,52,2.0,0.5,3720.0,12.0,G4,67,,0,0.6108306050300598,True,0.7400856018066406,True,0.3706783652305603,False
945,52,2.0,0.5,3720.0,12.0,E4,64,,0,0.3230612277984619,False,0.369370698928833,False,0.4107539653778076,False
946,52,2.0,0.5,3720.0,12.0,E3,52,,0,0.7020905017852783,True,0.47565901279449463,False,0.3738163709640503,False
947,52,2.0,0.5,3720.0,12.0,C#3,49,,0,0.7027263641357422,True,0.7603332996368408,True,0.21661226451396942,False
948,52,2.5,0.5,3732.0,12.0,A4,69,,0,0.87417072057724,True,0.5078006386756897,True,0.48449429869651794,False
949,52,2.5,0.5,3732.0,12.0,G4,67,,0,0.613508403301239,True,0.7276735901832581,True,0.4742717742919922,False
950,52,2.5,0.5,3732.0,12.0,E4,64,,0,0.2168469876050949,False,0.2705867290496826,False,0.3884968161582947,False
951,52,2.5,0.5,3732.0,12.0,A3,57,,0,0.9398689866065979,True,0.3551768660545349,False,0.4092637300491333,False
952,52,2.5,0.5,3732.0,12.0,E3,52,,0,0.677748441696167,True,0.29031869769096375,False,0.37679827213287354,False
953,52,2.5,0.5,3732.0,12.0,C#3,49,,0,0.9064950346946716,True,0.625466525554657,True,0.24885031580924988,False
954,53,0.0,1.5,3744.0,36.0,E4,64,,0,0.22679665684700012,False,0.4431948661804199,False,0.4542806148529053,False
955,53,0.0,1.0,3744.0,24.0,B3,59,,0,0.9864805340766907,True,0.630177915096283,True,0.7221275568008423,True
956,53,0.0,1.5,3744.0,36.0,G3,55,,0,0.982725203037262,True,0.6944100260734558,True,0.6085141897201538,True
957,53,0.0,1.5,3744.0,36.0,E3,52,,0,0.851472795009613,True,0.8344881534576416,True,0.7502188682556152,True
958,53,0.0,1.5,3744.0,36.0,C#3,49,,0,0.9468866586685181,True,0.9261841177940369,True,0.44755125045776367,False
959,53,1.0,0.5,3768.0,12.0,A3,57,,0,0.8530364632606506,True,0.5821521878242493,True,0.4958830773830414,False
960,53,1.5,0.5,3780.0,12.0,G4,67,,0,0.4194841682910919,False,0.32152190804481506,False,0.395691454410553,False
961,53,1.5,0.5,3780.0,12.0,A3,57,,0,0.5246068239212036,True,0.32709965109825134,False,0.3894270062446594,False
962,53,1.5,0.5,3780.0,12.0,G3,55,,0,0.9164882898330688,True,0.8640025854110718,True,0.6033396124839783,True
963,53,1.5,0.5,3780.0,12.0,E3,52,,0,0.6551094055175781,True,0.5674645900726318,True,0.5079759955406189,True
964,53,1.5,0.5,3780.0,12.0,C#3,49,,0,0.8505967259407043,True,0.7813979387283325,True,0.27580124139785767,False
965,53,2.0,0.5,3792.0,12.0,E4,64,,0,0.10327646881341934,False,0.256098210811615,False,0.3806672692298889,False
966,53,2.0,0.5,3792.0,12.0,A3,57,,0,0.6240561008453369,True,0.2743742763996124,False,0.3602806031703949,False
967,53,2.0,0.5,3792.0,12.0,G3,55,,0,0.7074238061904907,True,0.5522293448448181,True,0.33458301424980164,False
968,53,2.0,0.5,3792.0,12.0,E3,52,,0,0.420329749584198,False,0.40578195452690125,False,0.42585277557373047,False
969,53,2.0,0.5,3792.0,12.0,C#3,49,,0,0.5766873359680176,True,0.7571423053741455,True,0.2223760187625885,False
970,53,2.5,0.5,3804.0,12.0,G4,67,,0,0.7513582110404968,True,0.7254636287689209,True,0.6148925423622131,True
971,53,2.5,0.5,3804.0,12.0,A3,57,,0,0.9359956979751587,True,0.5191195607185364,True,0.6313376426696777,True
972,53,2.5,0.5,3804.0,12.0,G3,55,,0,0.7400621175765991,True,0.5672147274017334,True,0.5319968461990356,True
973,53,2.5,0.5,3804.0,12.0,E3,52,,0,0.8229508399963379,True,0.4238037168979645,False,0.39521899819374084,False
974,53,2.5,0.5,3804.0,12.0,C#3,49,,0,0.874236524105072,True,0.6505348086357117,True,0.27821987867355347,False
975,54,0.0,1.0,3816.0,24.0,B4,71,,0,0.8733202815055847,True,0.6052424311637878,True,0.7255544662475586,True
976,54,0.0,1.5,3816.0,36.0,F#4,66,,0,0.30520379543304443,False,0.4227507710456848,False,0.43820348381996155,False
977,54,0.0,1.5,3816.0,36.0,D4,62,,0,0.6969894170761108,True,0.4230935871601105,False,0.43607091903686523,False
978,54,0.0,1.5,3816.0,36.0,F#3,54,,0,0.9745283126831055,True,0.8863400220870972,True,0.748995304107666,True
979,54,0.0,1.5,3816.0,36.0,D3,50,,0,0.9513738751411438,True,0.6497186422348022,True,0.7520259022712708,True
980,54,1.0,0.5,3840.0,12.0,A4,69,,0,0.9436639547348022,True,0.7740104794502258,True,0.5858294367790222,True
981,54,1.5,0.5,3852.0,12.0,A4,69,,0,0.9236910939216614,True,0.5312004685401917,True,0.49060603976249695,False
982,54,1.5,0.5,3852.0,12.0,F#4,66,,0,0.08028168976306915,False,0.2025858461856842,False,0.3724594712257385,False
983,54,1.5,0.5,3852.0,12.0,D4,62,,0,0.452370285987854,False,0.2522658407688141,False,0.3724859952926636,False
984,54,1.5,0.5,3852.0,12.0,F#3,54,,0,0.8491118550300598,True,0.38968315720558167,False,0.3803691565990448,False
985,54,1.5,0.5,3852.0,12.0,D3,50,,0,0.9380497336387634,True,0.4700619876384735,False,0.4200917184352875,False
986,54,2.0,0.5,3864.0,12.0,A4,69,,0,0.8152883052825928,True,0.45151934027671814,False,0.3873760402202606,False
987,54,2.0,0.5,3864.0,12.0,F#4,66,,0,0.09338986873626709,False,0.2396204024553299,False,0.37494957447052,False
988,54,2.0,0.5,3864.0,12.0,D4,62,,0,0.1829756498336792,False,0.2277752012014389,False,0.36356014013290405,False
989,54,2.0,0.5,3864.0,12.0,A3,57,,0,0.827268123626709,True,0.451659619808197,False,0.3962043523788452,False
990,54,2.0,0.5,3864.0,12.0,F#3,54,,0,0.809023916721344,True,0.5131482481956482,True,0.4049570858478546,False
991,54,2.0,0.5,3864.0,12.0,D3,50,,0,0.8568076491355896,True,0.39496344327926636,False,0.37885820865631104,False
992,54,2.5,0.5,3876.0,12.0,A4,69,,0,0.9754720330238342,True,0.421842485666275,False,0.39145076274871826,False
993,54,2.5,0.5,3876.0,12.0,F#4,66,,0,0.41221651434898376,False,0.25648799538612366,False,0.37942370772361755,False
994,54,2.5,0.5,3876.0,12.0,D4,62,,0,0.7547852396965027,True,0.2356986701488495,False,0.36396750807762146,False
995,54,2.5,0.5,3876.0,12.0,F#3,54,,0,0.8335225582122803,True,0.3129894733428955,False,0.3766047954559326,False
996,54,2.5,0.5,3876.0,12.0,D3,50,,0,0.9846811294555664,True,0.28401246666908264,False,0.3770618438720703,False
997,55,0.0,1.0,3888.0,24.0,E5,76,,0,0.10120368003845215,False,0.3406044542789459,False,0.41018396615982056,False
998,55,0.0,1.5,3888.0,36.0,F#4,66,,0,0.5147083401679993,True,0.21351055800914764,False,0.3969487249851227,False
999,55,0.0,1.0,3888.0,24.0,C#4,61,,0,0.5313000679016113,True,0.5728186964988708,True,0.6336523294448853,True
1000,55,0.0,1.5,3888.0,36.0,F#3,54,,0,0.9328986406326294,True,0.7249132990837097,True,0.5497655868530273,True
1001,55,0.0,1.5,3888.0,36.0,B2,47,,0,0.9083417654037476,True,0.9741982817649841,True,0.8069421052932739,True
1002,55,1.0,0.5,3912.0,12.0,D5,74,,0,0.8964633345603943,True,0.6171477437019348,True,0.32188576459884644,False
1003,55,1.0,0.5,3912.0,12.0,B3,59,,0,0.9042304158210754,True,0.5530588626861572,True,0.5162331461906433,True
1004,55,1.5,0.5,3924.0,12.0,D5,74,,0,0.8307934403419495,True,0.30583879351615906,False,0.36100536584854126,False
1005,55,1.5,0.5,3924.0,12.0,F#4,66,,0,0.2824482321739197,False,0.26566430926322937,False,0.38364899158477783,False
1006,55,1.5,0.5,3924.0,12.0,D4,62,,0,0.6511140465736389,True,0.566733717918396,True,0.44720160961151123,False
1007,55,1.5,0.5,3924.0,12.0,B3,59,,0,0.5945766568183899,True,0.10203074663877487,False,0.3534189462661743,False
1008,55,2.0,0.5,3936.0,12.0,D5,74,,0,0.8629470467567444,True,0.42437994480133057,False,0.37088483572006226,False
1009,55,2.0,0.5,3936.0,12.0,F#4,66,,0,0.35462090373039246,False,0.3141400218009949,False,0.38815996050834656,False
1010,55,2.0,0.5,3936.0,12.0,D4,62,,0,0.7031610012054443,True,0.37559130787849426,False,0.35605376958847046,False
1011,55,2.0,0.5,3936.0,12.0,A3,57,,0,0.528158962726593,True,0.4784538149833679,False,0.3692566454410553,False
1012,55,2.5,0.5,3948.0,12.0,D5,74,,0,0.6838745474815369,True,0.1889638900756836,False,0.3532898724079132,False
1013,55,2.5,0.5,3948.0,12.0,B4,71,,0,0.4224716126918793,False,0.267219215631485,False,0.38464993238449097,False
1014,55,2.5,0.5,3948.0,12.0,D4,62,,0,0.5910423398017883,True,0.32021546363830566,False,0.3515894114971161,False
1015,55,2.5,0.5,3948.0,12.0,G3,55,,0,0.8624709248542786,True,0.5994383096694946,True,0.6105774641036987,True
1016,56,0.0,1.0,3960.0,24.0,B5,83,,0,0.805393397808075,True,0.635348916053772,True,0.5801303386688232,True
1017,56,0.0,1.5,3960.0,36.0,D5,74,,0,0.5506536960601807,True,0.3524990677833557,False,0.4035077393054962,False
1018,56,0.0,1.5,3960.0,36.0,A4,69,,0,0.9624398946762085,True,0.6115179061889648,True,0.5464864373207092,True
1019,56,0.0,1.5,3960.0,36.0,A3,57,,0,0.9243850708007812,True,0.4161551892757416,False,0.42270636558532715,False
1020,56,0.0,1.5,3960.0,36.0,D3,50,,0,0.9947503209114075,True,0.6425364017486572,True,0.5328559875488281,True
1021,56,0.0,1.5,3960.0,36.0,F#2,42,,0,0.7202052474021912,True,0.8894603252410889,True,0.8145818114280701,True
1022,56,1.0,0.5,3984.0,12.0,A5,81,,0,0.9802879095077515,True,0.7191355228424072,True,0.5202709436416626,True
1023,56,1.5,0.5,3996.0,12.0,A5,81,,0,0.7453838586807251,True,0.4734461009502411,False,0.42812374234199524,False
1024,56,1.5,0.5,3996.0,12.0,D5,74,,0,0.1944502741098404,False,0.18873153626918793,False,0.3585640788078308,False
1025,56,1.5,0.5,3996.0,12.0,A4,69,,0,0.7781975865364075,True,0.4888710081577301,False,0.3935428261756897,False
1026,56,1.5,0.5,3996.0,12.0,D4,62,,0,0.1804906278848648,False,0.20752620697021484,False,0.36491361260414124,False
1027,56,1.5,0.5,3996.0,12.0,A3,57,,0,0.7519980072975159,True,0.13469192385673523,False,0.3653141260147095,False
1028,56,1.5,0.5,3996.0,12.0,F#3,54,,0,0.9645556211471558,True,0.5980631113052368,True,0.5840082168579102,True
1029,56,2.0,0.5,4008.0,12.0,A5,81,,0,0.8229690790176392,True,0.37467893958091736,False,0.4006522595882416,False
1030,56,2.0,0.5,4008.0,12.0,D5,74,,0,0.42809486389160156,False,0.25974756479263306,False,0.36453139781951904,False
1031,56,2.0,0.5,4008.0,12.0,A4,69,,0,0.8426636457443237,True,0.5326026082038879,True,0.43053746223449707,False
1032,56,2.0,0.5,4008.0,12.0,D4,62,,0,0.3072985112667084,False,0.24541056156158447,False,0.3657956123352051,False
1033,56,2.0,0.5,4008.0,12.0,A3,57,,0,0.7227529883384705,True,0.19418500363826752,False,0.36455971002578735,False
1034,56,2.0,0.5,4008.0,12.0,F#3,54,,0,0.921567440032959,True,0.4267488420009613,False,0.3775826096534729,False
1035,56,2.5,0.5,4020.0,12.0,D6,86,,0,0.31950509548187256,False,0.2406296581029892,False,0.3703017234802246,False
1036,56,2.5,0.5,4020.0,12.0,D5,74,,0,0.7508260011672974,True,0.27660253643989563,False,0.3632781207561493,False
1037,56,2.5,0.5,4020.0,12.0,F#4,66,,0,0.582028329372406,True,0.3687780499458313,False,0.3906799256801605,False
1038,56,2.5,0.5,4020.0,12.0,D4,62,,0,0.4767446517944336,False,0.22791434824466705,False,0.3675121068954468,False
1039,56,2.5,0.5,4020.0,12.0,A3,57,,0,0.8035111427307129,True,0.14519326388835907,False,0.3698168992996216,False
1040,57,0.0,1.0,4032.0,24.0,F#5,78,,0,0.9318726062774658,True,0.868635892868042,True,0.7914678454399109,True
1041,57,0.0,1.5,4032.0,36.0,A4,69,,0,0.297139972448349,False,0.428072065114975,False,0.44240251183509827,False
1042,57,0.0,1.5,4032.0,36.0,G4,67,,0,0.9402816295623779,True,0.933610737323761,True,0.6145161986351013,True
1043,57,0.0,1.0,4032.0,24.0,D4,62,,0,0.7807337641716003,True,0.48004940152168274,False,0.4330289959907532,False
1044,57,0.0,1.5,4032.0,36.0,A3,57,,0,0.9850196838378906,True,0.5548089146614075,True,0.4043172597885132,False
1045,57,1.0,0.5,4056.0,12.0,E5,76,,0,0.9239524006843567,True,0.7638344168663025,True,0.7100880146026611,True
1046,57,1.0,0.5,4056.0,12.0,C#4,61,,0,0.5141898989677429,True,0.6785097718238831,True,0.5170864462852478,True
1047,57,1.5,0.5,4068.0,12.0,E5,76,,0,0.7130733728408813,True,0.40426331758499146,False,0.4187626540660858,False
1048,57,1.5,0.5,4068.0,12.0,B4,71,,0,0.10300948470830917,False,0.18221110105514526,False,0.36663269996643066,False
1049,57,1.5,0.5,4068.0,12.0,G4,67,,0,0.24244287610054016,False,0.2524004876613617,False,0.37808895111083984,False
1050,57,1.5,0.5,4068.0,12.0,B3,59,,0,0.8894261121749878,True,0.26728200912475586,False,0.36885231733322144,False
1051,57,1.5,0.5,4068.0,12.0,A3,57,,0,0.8588305115699768,True,0.312807559967041,False,0.3795868754386902,False
1052,57,2.0,0.5,4080.0,12.0,E5,76,,0,0.7633527517318726,True,0.42633169889450073,False,0.4070042669773102,False
1053,57,2.0,0.5,4080.0,12.0,A4,69,,0,0.12020985037088394,False,0.23897376656532288,False,0.3752914071083069,False
1054,57,2.0,0.5,4080.0,12.0,G4,67,,0,0.6915251016616821,True,0.7725675702095032,True,0.42770546674728394,False
1055,57,2.0,0.5,4080.0,12.0,C#4,61,,0,0.11066924035549164,False,0.20834824442863464,False,0.364780992269516,False
1056,57,2.0,0.5,4080.0,12.0,A3,57,,0,0.7756882905960083,True,0.4076750576496124,False,0.38586559891700745,False
1057,57,2.5,0.5,4092.0,12.0,A5,81,,0,0.4795352518558502,False,0.24805989861488342,False,0.3779141902923584,False
1058,57,2.5,0.5,4092.0,12.0,C#5,73,,0,0.7032163143157959,True,0.7463330030441284,True,0.7210702300071716,True
1059,57,2.5,0.5,4092.0,12.0,G4,67,,0,0.6788588166236877,True,0.7839742302894592,True,0.443865567445755,False
1060,57,2.5,0.5,4092.0,12.0,A3,57,,0,0.7747094631195068,True,0.2949872612953186,False,0.3724972605705261,False
1061,58,0.0,1.0,4104.0,24.0,B-4,70,,0,0.7392623424530029,True,0.5104087591171265,True,0.5664350390434265,True
1062,58,0.0,1.5,4104.0,36.0,D4,62,,0,0.8296390175819397,True,0.6783024072647095,True,0.672180712223053,True
1063,58,0.0,1.5,4104.0,36.0,F3,53,,0,0.964543879032135,True,0.9372145533561707,True,0.6905044317245483,True
1064,58,0.0,1.5,4104.0,36.0,D3,50,,0,0.9115749597549438,True,0.6824490427970886,True,0.5548313856124878,True
1065,58,0.0,1.5,4104.0,36.0,F2,41,,0,0.7335243821144104,True,0.7917488813400269,True,0.7115988731384277,True
1066,58,1.0,0.5,4128.0,12.0,A4,69,,0,0.8703359961509705,True,0.6682233810424805,True,0.5846750140190125,True
1067,58,1.5,0.5,4140.0,12.0,A4,69,,0,0.7737264037132263,True,0.5496436953544617,True,0.5597997903823853,True
1068,58,1.5,0.5,4140.0,12.0,D4,62,,0,0.37327998876571655,False,0.23412542045116425,False,0.3653015196323395,False
1069,58,1.5,0.5,4140.0,12.0,F3,53,,0,0.8918418884277344,True,0.7630386352539062,True,0.5228729248046875,True
1070,58,1.5,0.5,4140.0,12.0,D3,50,,0,0.7551367878913879,True,0.4443556070327759,False,0.3845304846763611,False
1071,58,1.5,0.5,4140.0,12.0,F2,41,,0,0.5751818418502808,True,0.5179648399353027,True,0.5305159687995911,True
1072,58,2.0,0.5,4152.0,12.0,A4,69,,0,0.6688013672828674,True,0.4612495005130768,False,0.3982239365577698,False
1073,58,2.0,0.5,4152.0,12.0,D4,62,,0,0.3556169867515564,False,0.26234179735183716,False,0.36688849329948425,False
1074,58,2.0,0.5,4152.0,12.0,F3,53,,0,0.7162913680076599,True,0.7992108464241028,True,0.47329989075660706,False
1075,58,2.0,0.5,4152.0,12.0,D3,50,,0,0.5466198921203613,True,0.4471036195755005,False,0.36230480670928955,False
1076,58,2.0,0.5,4152.0,12.0,F2,41,,0,0.26911818981170654,False,0.2739994525909424,False,0.3757982552051544,False
1077,58,2.5,0.5,4164.0,12.0,D5,74,,0,0.4445236325263977,False,0.24340476095676422,False,0.37097132205963135,False
1078,58,2.5,0.5,4164.0,12.0,D4,62,,0,0.5961402058601379,True,0.41985687613487244,False,0.39812853932380676,False
1079,58,2.5,0.5,4164.0,12.0,F3,53,,0,0.9004119038581848,True,0.5717338919639587,True,0.5146803855895996,True
1080,58,2.5,0.5,4164.0,12.0,D3,50,,0,0.8530726432800293,True,0.3634887933731079,False,0.3861181437969208,False
1081,58,2.5,0.5,4164.0,12.0,A2,45,,0,0.7607540488243103,True,0.7246860861778259,True,0.7421753406524658,True
1082,59,0.0,1.0,4176.0,24.0,F4,65,,0,0.19701914489269257,False,0.30376601219177246,False,0.39082595705986023,False
1083,59,0.0,1.5,4176.0,36.0,C#4,61,,0,0.29467496275901794,False,0.37725889682769775,False,0.41946130990982056,False
1084,59,0.0,1.5,4176.0,36.0,G3,55,,0,0.9485423564910889,True,0.7977162599563599,True,0.673641562461853,True
1085,59,0.0,1.5,4176.0,36.0,A2,45,,0,0.89933842420578,True,0.8424987196922302,True,0.7320276498794556,True
1086,59,1.0,0.5,4200.0,12.0,E4,64,,0,0.4921197295188904,False,0.4470849633216858,False,0.44963008165359497,False
1087,59,1.5,0.5,4212.0,12.0,E4,64,,0,0.08266209810972214,False,0.21384134888648987,False,0.376635879278183,False
1088,59,1.5,0.5,4212.0,12.0,C#4,61,,0,0.057402484118938446,False,0.16828125715255737,False,0.3631593585014343,False
1089,59,1.5,0.5,4212.0,12.0,G3,55,,0,0.7146638631820679,True,0.4356898069381714,False,0.3607160151004791,False
1090,59,1.5,0.5,4212.0,12.0,A2,45,,0,0.6866633296012878,True,0.6035977005958557,True,0.5769839286804199,True
1091,59,2.0,0.5,4224.0,12.0,E4,64,,0,0.11862291395664215,False,0.253473162651062,False,0.3800332248210907,False
1092,59,2.0,0.5,4224.0,12.0,C#4,61,,0,0.032622504979372025,False,0.18731893599033356,False,0.3619093894958496,False
1093,59,2.0,0.5,4224.0,12.0,G3,55,,0,0.5811535120010376,True,0.4780620336532593,False,0.34959349036216736,False
1094,59,2.0,0.5,4224.0,12.0,A2,45,,0,0.45987996459007263,False,0.37933284044265747,False,0.4141210913658142,False
1095,59,2.5,0.5,4236.0,12.0,A4,69,,0,0.6042391657829285,True,0.3587397038936615,False,0.39437204599380493,False
1096,59,2.5,0.5,4236.0,12.0,C#4,61,,0,0.0980621725320816,False,0.17776930332183838,False,0.3646138906478882,False
1097,59,2.5,0.5,4236.0,12.0,G3,55,,0,0.5684766173362732,True,0.30032607913017273,False,0.3445146083831787,False
1098,59,2.5,0.5,4236.0,12.0,A2,45,,0,0.7592213153839111,True,0.5529367923736572,True,0.5475971698760986,True
1099,60,0.0,1.0,4248.0,24.0,E5,76,,0,0.7557897567749023,True,0.5763599872589111,True,0.5352725982666016,True
1100,60,0.0,0.25,4248.0,6.0,F3,53,,0,0.9671903252601624,True,0.6586837768554688,True,0.45564547181129456,False
1101,60,0.25,0.25,4254.0,6.0,A3,57,,0,0.848759651184082,True,0.3483729362487793,False,0.366596519947052,False
1102,60,0.5,0.25,4260.0,6.0,D4,62,,0,0.28601324558258057,False,0.19089581072330475,False,0.35953792929649353,False
1103,60,0.75,0.25,4266.0,6.0,A3,57,,0,0.4735524356365204,False,0.3072630763053894,False,0.38851308822631836,False
1104,60,1.0,0.5,4272.0,12.0,D5,74,,0,0.5484848618507385,True,0.376412570476532,False,0.39769214391708374,False
1105,60,1.0,0.25,4272.0,6.0,F3,53,,0,0.9452227354049683,True,0.5516510009765625,True,0.41234254837036133,False
1106,60,1.25,0.25,4278.0,6.0,A3,57,,0,0.4018508791923523,False,0.2729794383049011,False,0.38028720021247864,False
1107,60,1.5,0.5,4284.0,12.0,D5,74,,0,0.3454737961292267,False,0.22528617084026337,False,0.3646358549594879,False
1108,60,1.5,0.25,4284.0,6.0,D4,62,,0,0.41103535890579224,False,0.22186218202114105,False,0.36501553654670715,False
1109,60,1.75,0.25,4290.0,6.0,A3,57,,0,0.5643656253814697,True,0.4395710527896881,False,0.3540077209472656,False
1110,60,2.0,0.5,4296.0,12.0,D5,74,,0,0.3781256675720215,False,0.2522602081298828,False,0.36582043766975403,False
1111,60,2.0,0.25,4296.0,6.0,F3,53,,0,0.9071727395057678,True,0.3311243951320648,False,0.3224107623100281,False
1112,60,2.25,0.25,4302.0,6.0,A3,57,,0,0.6266188025474548,True,0.17804226279258728,False,0.3615317940711975,False
1113,60,2.5,0.5,4308.0,12.0,D5,74,,0,0.34391358494758606,False,0.22731462121009827,False,0.36574968695640564,False
1114,60,2.5,0.25,4308.0,6.0,D4,62,,0,0.31377744674682617,False,0.20170858502388,False,0.36133381724357605,False
1115,60,2.75,0.25,4314.0,6.0,A3,57,,0,0.5403802394866943,True,0.1834147423505783,False,0.3554840087890625,False
1116,61,0.0,3.0,4320.0,72.0,A5,81,,0,0.9749751091003418,True,0.6687523126602173,True,0.46746399998664856,False
1117,61,0.0,0.25,4320.0,6.0,E3,52,,0,0.9192055463790894,True,0.8165682554244995,True,0.691394031047821,True
1118,61,0.25,0.25,4326.0,6.0,G3,55,,0,0.6798943877220154,True,0.32035741209983826,False,0.3556513786315918,False
1119,61,0.5,0.25,4332.0,6.0,C#4,61,,0,0.17709758877754211,False,0.1905043125152588,False,0.36515912413597107,False
1120,61,0.75,0.25,4338.0,6.0,G3,55,,0,0.538916289806366,True,0.400160014629364,False,0.3488922715187073,False
1121,61,1.0,0.25,4344.0,6.0,E3,52,,0,0.7762843370437622,True,0.4876660406589508,False,0.4136439263820648,False
1122,61,1.25,0.25,4350.0,6.0,G3,55,,0,0.5843700170516968,True,0.30458101630210876,False,0.3530818819999695,False
1123,61,1.5,0.25,4356.0,6.0,C#4,61,,0,0.12895391881465912,False,0.18158280849456787,False,0.36419782042503357,False
1124,61,1.75,0.25,4362.0,6.0,G3,55,,0,0.524425745010376,True,0.3405046761035919,False,0.341596394777298,False
1125,61,2.0,0.25,4368.0,6.0,E3,52,,0,0.6185623407363892,True,0.28097546100616455,False,0.36120855808258057,False
1126,61,2.25,0.25,4374.0,6.0,G3,55,,0,0.6867197751998901,True,0.3275705873966217,False,0.35541781783103943,False
1127,61,2.5,0.25,4380.0,6.0,C#4,61,,0,0.09624683111906052,False,0.1733095645904541,False,0.363061785697937,False
1128,61,2.75,0.25,4386.0,6.0,G3,55,,0,0.6297387480735779,True,0.26821011304855347,False,0.3520684838294983,False
1129,62,0.0,1.0,4392.0,24.0,E5,76,,0,0.6241743564605713,True,0.45959725975990295,False,0.4388308823108673,False
1130,62,0.0,0.25,4392.0,6.0,F#3,54,,0,0.9866577982902527,True,0.7599904537200928,True,0.4673175513744354,False
1131,62,0.25,0.25,4398.0,6.0,A3,57,,0,0.4798925518989563,False,0.2889001667499542,False,0.38409122824668884,False
1132,62,0.5,0.25,4404.0,6.0,D4,62,,0,0.3437495827674866,False,0.20557531714439392,False,0.3616916239261627,False
1133,62,0.75,0.25,4410.0,6.0,A3,57,,0,0.7215244770050049,True,0.222915917634964,False,0.3593166768550873,False
1134,62,1.0,0.5,4416.0,12.0,D5,74,,0,0.29430049657821655,False,0.2999781668186188,False,0.38287609815597534,False
1135,62,1.0,0.25,4416.0,6.0,F#3,54,,0,0.9645118117332458,True,0.6633228659629822,True,0.38288992643356323,False
1136,62,1.25,0.25,4422.0,6.0,A3,57,,0,0.2896263003349304,False,0.2442796230316162,False,0.37450259923934937,False
1137,62,1.5,0.5,4428.0,12.0,D5,74,,0,0.5219680070877075,True,0.26309752464294434,False,0.36413830518722534,False
1138,62,1.5,0.25,4428.0,6.0,D4,62,,0,0.3516260087490082,False,0.21613001823425293,False,0.36408519744873047,False
1139,62,1.75,0.25,4434.0,6.0,A3,57,,0,0.6449294686317444,True,0.19333741068840027,False,0.3539879322052002,False
1140,62,2.0,0.5,4440.0,12.0,D5,74,,0,0.30003827810287476,False,0.2412254363298416,False,0.3633849024772644,False
1141,62,2.0,0.25,4440.0,6.0,F#3,54,,0,0.922319233417511,True,0.41237661242485046,False,0.3246971070766449,False
1142,62,2.25,0.25,4446.0,6.0,A3,57,,0,0.47866472601890564,False,0.2947336435317993,False,0.38633060455322266,False
1143,62,2.5,0.5,4452.0,12.0,D5,74,,0,0.49980244040489197,False,0.27670779824256897,False,0.37368133664131165,False
1144,62,2.5,0.25,4452.0,6.0,D4,62,,0,0.28395408391952515,False,0.19114631414413452,False,0.359833687543869,False
1145,62,2.75,0.25,4458.0,6.0,A3,57,,0,0.6760315895080566,True,0.34441664814949036,False,0.3573623597621918,False
1146,63,0.0,3.0,4464.0,72.0,B-5,82,,0,0.7702075242996216,True,0.674309492111206,True,0.48612895607948303,False
1147,63,0.0,0.25,4464.0,6.0,E3,52,,0,0.6663607954978943,True,0.3688119947910309,False,0.4211747348308563,False
1148,63,0.25,0.25,4470.0,6.0,G3,55,,0,0.6455917954444885,True,0.44670820236206055,False,0.36545297503471375,False
1149,63,0.5,0.25,4476.0,6.0,C#4,61,,0,0.2036256194114685,False,0.19241270422935486,False,0.36581912636756897,False
1150,63,0.75,0.25,4482.0,6.0,G3,55,,0,0.5675531625747681,True,0.44007086753845215,False,0.35425302386283875,False
1151,63,1.0,0.25,4488.0,6.0,E3,52,,0,0.5022306442260742,True,0.2334623634815216,False,0.37840932607650757,False
1152,63,1.25,0.25,4494.0,6.0,G3,55,,0,0.5647733211517334,True,0.3369612395763397,False,0.3695634603500366,False
1153,63,1.5,0.25,4500.0,6.0,C#4,61,,0,0.1504756510257721,False,0.18285821378231049,False,0.3646981120109558,False
1154,63,1.75,0.25,4506.0,6.0,G3,55,,0,0.5692964792251587,True,0.3366614580154419,False,0.3723253905773163,False
1155,63,2.0,0.25,4512.0,6.0,E3,52,,0,0.20932351052761078,False,0.304066926240921,False,0.39198458194732666,False
1156,63,2.25,0.25,4518.0,6.0,G3,55,,0,0.6199368834495544,True,0.3252268135547638,False,0.3696719706058502,False
1157,63,2.5,0.25,4524.0,6.0,C#4,61,,0,0.1917814314365387,False,0.19401924312114716,False,0.36652860045433044,False
1158,63,2.75,0.25,4530.0,6.0,G3,55,,0,0.26673993468284607,False,0.2454538196325302,False,0.3719560205936432,False
1159,64,0.0,1.0,4536.0,24.0,A5,81,,0,0.6573392748832703,True,0.5148508548736572,True,0.4369078576564789,False
1160,64,0.0,0.25,4536.0,6.0,F3,53,,0,0.8914201855659485,True,0.5599960684776306,True,0.4150616228580475,False
1161,64,0.25,0.25,4542.0,6.0,A3,57,,0,0.6821256279945374,True,0.36846408247947693,False,0.36612415313720703,False
1162,64,0.5,0.25,4548.0,6.0,D4,62,,0,0.18868592381477356,False,0.17057980597019196,False,0.35731470584869385,False
1163,64,0.75,0.25,4554.0,6.0,D3,50,,0,0.8710655570030212,True,0.4489732086658478,False,0.3846653401851654,False
1164,64,1.0,0.5,4560.0,12.0,G5,79,,0,0.4922544062137604,False,0.4964195191860199,False,0.4494367837905884,False
1165,64,1.0,0.25,4560.0,6.0,G3,55,,0,0.4902019202709198,False,0.5104843378067017,True,0.4671024680137634,False
1166,64,1.0,0.25,4560.0,6.0,E3,52,,0,0.304989218711853,False,0.4325558841228485,False,0.44232070446014404,False
1167,64,1.25,0.25,4566.0,6.0,D4,62,,0,0.22070899605751038,False,0.17357176542282104,False,0.3521953821182251,False
1168,64,1.5,0.5,4572.0,12.0,F5,77,,0,0.22724846005439758,False,0.18663771450519562,False,0.36280107498168945,False
1169,64,1.5,0.25,4572.0,6.0,A3,57,,0,0.8203374147415161,True,0.4755677580833435,False,0.43494731187820435,False
1170,64,1.5,0.25,4572.0,6.0,F3,53,,0,0.6149975657463074,True,0.23405703902244568,False,0.360640287399292,False
1171,64,1.75,0.25,4578.0,6.0,D4,62,,0,0.2760211229324341,False,0.16533580422401428,False,0.3510378897190094,False
1172,64,2.0,0.5,4584.0,12.0,E5,76,,0,0.36542460322380066,False,0.3766787350177765,False,0.4083223044872284,False
1173,64,2.0,0.25,4584.0,6.0,B-3,58,,0,0.7157326340675354,True,0.4026110768318176,False,0.36170879006385803,False
1174,64,2.0,0.25,4584.0,6.0,G3,55,,0,0.30110639333724976,False,0.3330678939819336,False,0.39204686880111694,False
1175,64,2.25,0.25,4590.0,6.0,D4,62,,0,0.18546327948570251,False,0.16679158806800842,False,0.35057175159454346,False
1176,64,2.5,0.5,4596.0,12.0,D5,74,,0,0.3480720818042755,False,0.25712960958480835,False,0.37263205647468567,False
1177,64,2.5,0.25,4596.0,6.0,A3,57,,0,0.8874717950820923,True,0.5461064577102661,True,0.41989681124687195,False
1178,64,2.5,0.25,4596.0,6.0,F3,53,,0,0.49473732709884644,False,0.24742650985717773,False,0.3703112304210663,False
1179,64,2.75,0.25,4602.0,6.0,D4,62,,0,0.20404845476150513,False,0.16583433747291565,False,0.350517213344574,False
1180,65,0.0,1.0,4608.0,24.0,B-4,70,,0,0.8493267297744751,True,0.6759305596351624,True,0.5229637622833252,True
1181,65,0.0,0.25,4608.0,6.0,G2,43,,0,0.7174874544143677,True,0.7507871389389038,True,0.6438002586364746,True
1182,65,0.25,0.25,4614.0,6.0,B-2,46,,0,0.55048668384552,True,0.26368680596351624,False,0.37096360325813293,False
1183,65,0.5,0.25,4620.0,6.0,G3,55,,0,0.3555697798728943,False,0.24837443232536316,False,0.376468300819397,False
1184,65,0.75,0.25,4626.0,6.0,G2,43,,0,0.17521390318870544,False,0.23266839981079102,False,0.36954569816589355,False
1185,65,1.0,0.5,4632.0,12.0,A4,69,,0,0.6908549666404724,True,0.4922105073928833,False,0.4623161852359772,False
1186,65,1.0,0.25,4632.0,6.0,C#3,49,,0,0.7468215227127075,True,0.9339091181755066,True,0.7726274132728577,True
1187,65,1.0,0.25,4632.0,6.0,A2,45,,0,0.9525763392448425,True,0.801537036895752,True,0.6330217123031616,True
1188,65,1.25,0.25,4638.0,6.0,G3,55,,0,0.22967638075351715,False,0.22196055948734283,False,0.36718273162841797,False
1189,65,1.5,0.5,4644.0,12.0,G4,67,,0,0.9145078659057617,True,0.8326171636581421,True,0.5977950692176819,True
1190,65,1.5,0.25,4644.0,6.0,D3,50,,0,0.12324892729520798,False,0.19056931138038635,False,0.36071309447288513,False
1191,65,1.5,0.25,4644.0,6.0,B-2,46,,0,0.32911404967308044,False,0.23300355672836304,False,0.37248849868774414,False
1192,65,1.75,0.25,4650.0,6.0,G3,55,,0,0.8548535704612732,True,0.3839009702205658,False,0.38045749068260193,False
1193,65,2.0,0.5,4656.0,12.0,F4,65,,0,0.32944613695144653,False,0.24147434532642365,False,0.36472076177597046,False
1194,65,2.0,0.25,4656.0,6.0,D3,50,,0,0.18510925769805908,False,0.22302784025669098,False,0.3609147071838379,False
1195,65,2.0,0.25,4656.0,6.0,A2,45,,0,0.7196630835533142,True,0.2741223871707916,False,0.3773115575313568,False
1196,65,2.25,0.25,4662.0,6.0,A3,57,,0,0.9412767887115479,True,0.2963354289531708,False,0.3522130846977234,False
1197,65,2.5,0.5,4668.0,12.0,E4,64,,0,0.391517698764801,False,0.3424743711948395,False,0.40906214714050293,False
1198,65,2.5,0.25,4668.0,6.0,D3,50,,0,0.11488896608352661,False,0.17707942426204681,False,0.358486145734787,False
1199,65,2.5,0.25,4668.0,6.0,G2,43,,0,0.22232067584991455,False,0.2623887062072754,False,0.3825307786464691,False
1200,65,2.75,0.25,4674.0,6.0,B-3,58,,0,0.6144098043441772,True,0.3100109398365021,False,0.34338048100471497,False
1201,66,0.0,2.0,4680.0,48.0,D4,62,,0,0.49632027745246887,False,0.43092554807662964,False,0.4355284869670868,False
1202,66,0.0,0.25,4680.0,6.0,A2,45,,0,0.9346879124641418,True,0.7595550417900085,True,0.6359307169914246,True
1203,66,0.25,0.25,4686.0,6.0,F3,53,,0,0.5233031511306763,True,0.2870558500289917,False,0.34210145473480225,False
1204,66,0.5,0.25,4692.0,6.0,A3,57,,0,0.6575438976287842,True,0.2826588451862335,False,0.3654860556125641,False
1205,66,0.75,0.25,4698.0,6.0,F3,53,,0,0.3230423927307129,False,0.17325791716575623,False,0.3544366657733917,False
1206,66,1.0,0.25,4704.0,6.0,A2,45,,0,0.933403491973877,True,0.6150257587432861,True,0.5307115316390991,True
1207,66,1.25,0.25,4710.0,6.0,F3,53,,0,0.1630677580833435,False,0.16991105675697327,False,0.3561441898345947,False
1208,66,1.5,0.25,4716.0,6.0,A3,57,,0,0.8482073545455933,True,0.28290101885795593,False,0.3532908260822296,False
1209,66,1.75,0.25,4722.0,6.0,F3,53,,0,0.5053136944770813,True,0.26149725914001465,False,0.3415642976760864,False
1210,66,2.0,0.75,4728.0,18.0,F4,65,,0,0.3278031051158905,False,0.22202591598033905,False,0.36227113008499146,False
1211,66,2.0,0.0,4728.0,0.0,E4,64,,0,0.04850352555513382,False,0.23137623071670532,False,0.37357887625694275,False
1212,66,2.0,0.0,4728.0,0.0,D4,62,,0,0.5165881514549255,True,0.28311389684677124,False,0.3659439980983734,False
1213,66,2.0,0.0,4728.0,0.0,D4,62,,0,0.6414756774902344,True,0.32481423020362854,False,0.3721153438091278,False
1214,66,2.0,0.0,4728.0,0.0,D4,62,,0,0.6420078277587891,True,0.31669992208480835,False,0.36784279346466064,False
1215,66,2.0,0.0,4728.0,0.0,C#4,61,,0,0.42723238468170166,False,0.3875146210193634,False,0.4114410877227783,False
1216,66,2.0,0.0,4728.0,0.0,C#4,61,,0,0.2794211804866791,False,0.28632819652557373,False,0.3809192478656769,False
1217,66,2.0,0.25,4728.0,6.0,A2,45,,0,0.6482822299003601,True,0.6423813700675964,True,0.5091973543167114,True
1218,66,2.25,0.25,4734.0,6.0,G3,55,,0,0.5307010412216187,True,0.4877175986766815,False,0.35854876041412354,False
1219,66,2.5,0.25,4740.0,6.0,A3,57,,0,0.9041469693183899,True,0.5429773926734924,True,0.42391014099121094,False
1220,66,2.75,0.25,4746.0,6.0,E4,64,,0,0.14192049205303192,False,0.22208093106746674,False,0.37087303400039673,False
1221,66,2.75,0.25,4746.0,6.0,G3,55,,0,0.5042431354522705,True,0.29437512159347534,False,0.35062676668167114,False
1222,67,0.0,1.0,4752.0,24.0,A5,81,,0,0.6429494023323059,True,0.4720357060432434,False,0.42848122119903564,False
1223,67,0.0,0.25,4752.0,6.0,F#3,54,,0,0.945835530757904,True,0.7552416920661926,True,0.4597744047641754,False
1224,67,0.25,0.25,4758.0,6.0,A3,57,,0,0.7630005478858948,True,0.29059532284736633,False,0.3495553433895111,False
1225,67,0.5,0.25,4764.0,6.0,D4,62,,0,0.18380606174468994,False,0.1768394261598587,False,0.35694849491119385,False
1226,67,0.75,0.25,4770.0,6.0,D3,50,,0,0.8631101250648499,True,0.31278344988822937,False,0.3640289008617401,False
1227,67,1.0,0.5,4776.0,12.0,G5,79,,0,0.4073198139667511,False,0.3777838945388794,False,0.4070899486541748,False
1228,67,1.0,0.25,4776.0,6.0,G3,55,,0,0.6388797163963318,True,0.6530339121818542,True,0.47445541620254517,False
1229,67,1.0,0.25,4776.0,6.0,E3,52,,0,0.36988043785095215,False,0.4658079147338867,False,0.45240989327430725,False
1230,67,1.25,0.25,4782.0,6.0,D4,62,,0,0.23625873029232025,False,0.17438045144081116,False,0.35100239515304565,False
1231,67,1.5,0.5,4788.0,12.0,F#5,78,,0,0.402559757232666,False,0.3271620273590088,False,0.3951755464076996,False
1232,67,1.5,0.25,4788.0,6.0,A3,57,,0,0.7979336380958557,True,0.47503796219825745,False,0.3926772177219391,False
1233,67,1.5,0.25,4788.0,6.0,F#3,54,,0,0.8400294780731201,True,0.4053560793399811,False,0.3903641700744629,False
1234,67,1.75,0.25,4794.0,6.0,D4,62,,0,0.19950836896896362,False,0.17430835962295532,False,0.3512149751186371,False
1235,67,2.0,0.5,4800.0,12.0,E5,76,,0,0.41139817237854004,False,0.3919740319252014,False,0.4137974679470062,False
1236,67,2.0,0.25,4800.0,6.0,B3,59,,0,0.8443393707275391,True,0.6366298198699951,True,0.47773277759552,False
1237,67,2.0,0.25,4800.0,6.0,G3,55,,0,0.42630821466445923,False,0.3428637981414795,False,0.38955655694007874,False
1238,67,2.25,0.25,4806.0,6.0,D4,62,,0,0.29481038451194763,False,0.17305266857147217,False,0.34957700967788696,False
1239,67,2.5,0.5,4812.0,12.0,D5,74,,0,0.4127044677734375,False,0.27255433797836304,False,0.3744041919708252,False
1240,67,2.5,0.25,4812.0,6.0,A3,57,,0,0.6469876766204834,True,0.24576421082019806,False,0.35459938645362854,False
1241,67,2.5,0.25,4812.0,6.0,F#3,54,,0,0.6887350082397461,True,0.5124803781509399,True,0.41499391198158264,False
1242,67,2.75,0.25,4818.0,6.0,D4,62,,0,0.1804867684841156,False,0.17699579894542694,False,0.35119321942329407,False
1243,68,0.0,0.0,4824.0,0.0,C#5,73,,0,0.517629086971283,True,0.5094954371452332,True,0.5502054691314697,True
1244,68,0.0,1.0,4824.0,24.0,B4,71,,0,0.9762608408927917,True,0.848447859287262,True,0.7402336001396179,True
1245,68,0.0,0.25,4824.0,6.0,G2,43,,0,0.8303954005241394,True,0.8021872639656067,True,0.66054368019104,True
1246,68,0.25,0.25,4830.0,6.0,B2,47,,0,0.43411338329315186,False,0.28712958097457886,False,0.3775206208229065,False
1247,68,0.5,0.25,4836.0,6.0,G3,55,,0,0.505723237991333,True,0.34755441546440125,False,0.36655497550964355,False
1248,68,0.75,0.25,4842.0,6.0,G2,43,,0,0.42192184925079346,False,0.33314645290374756,False,0.3865504264831543,False
1249,68,1.0,0.5,4848.0,12.0,A4,69,,0,0.5895995497703552,True,0.5466922521591187,True,0.5747116804122925,True
1250,68,1.0,0.25,4848.0,6.0,C#3,49,,0,0.7253299951553345,True,0.6433553099632263,True,0.5743895769119263,True
1251,68,1.0,0.25,4848.0,6.0,A2,45,,0,0.7574459910392761,True,0.6732275485992432,True,0.5641177296638489,True
1252,68,1.25,0.25,4854.0,6.0,G3,55,,0,0.2867715060710907,False,0.2305961698293686,False,0.36741530895233154,False
1253,68,1.5,0.5,4860.0,12.0,G4,67,,0,0.40427497029304504,False,0.2752740681171417,False,0.38241687417030334,False
1254,68,1.5,0.25,4860.0,6.0,D3,50,,0,0.6530096530914307,True,0.3910686671733856,False,0.40192946791648865,False
1255,68,1.5,0.25,4860.0,6.0,B2,47,,0,0.6210894584655762,True,0.5562229156494141,True,0.5044054985046387,True
1256,68,1.75,0.25,4866.0,6.0,G3,55,,0,0.4750361740589142,False,0.289828360080719,False,0.37788674235343933,False
1257,68,2.0,0.5,4872.0,12.0,F#4,66,,0,0.3747956156730652,False,0.4164966940879822,False,0.421708881855011,False
1258,68,2.0,0.25,4872.0,6.0,D3,50,,0,0.48963192105293274,False,0.26225462555885315,False,0.36678174138069153,False
1259,68,2.0,0.25,4872.0,6.0,A2,45,,0,0.706321656703949,True,0.5950098037719727,True,0.48842480778694153,False
1260,68,2.25,0.25,4878.0,6.0,A3,57,,0,0.8708323836326599,True,0.44068241119384766,False,0.36949315667152405,False
1261,68,2.5,0.5,4884.0,12.0,E4,64,,0,0.030757497996091843,False,0.20790058374404907,False,0.3751610815525055,False
1262,68,2.5,0.25,4884.0,6.0,D3,50,,0,0.2234785258769989,False,0.1890544295310974,False,0.3593771159648895,False
1263,68,2.5,0.25,4884.0,6.0,G#2,44,,0,0.6136966347694397,True,0.4117613136768341,False,0.4088113605976105,False
1264,68,2.75,0.25,4890.0,6.0,B3,59,,0,0.6690917611122131,True,0.5193173289299011,True,0.4281589388847351,False
1265,69,0.0,1.5,4896.0,36.0,A4,69,,0,0.9135615229606628,True,0.6195263862609863,True,0.5701549053192139,True
1266,69,0.0,0.25,4896.0,6.0,A2,45,,0,0.9865363240242004,True,0.7032071352005005,True,0.5565969944000244,True
1267,69,0.25,0.25,4902.0,6.0,F#3,54,,0,0.41713976860046387,False,0.2918902039527893,False,0.38288673758506775,False
1268,69,0.5,0.25,4908.0,6.0,A3,57,,0,0.7512641549110413,True,0.26235029101371765,False,0.36633625626564026,False
1269,69,0.75,0.25,4914.0,6.0,F#3,54,,0,0.28035950660705566,False,0.24752101302146912,False,0.3746411204338074,False
1270,69,1.0,0.25,4920.0,6.0,A2,45,,0,0.9565167427062988,True,0.5290608406066895,True,0.500146210193634,True
1271,69,1.25,0.25,4926.0,6.0,F#3,54,,0,0.25794175267219543,False,0.2465328574180603,False,0.3745589852333069,False
1272,69,1.5,0.5,4932.0,12.0,D4,62,,0,0.2923338711261749,False,0.2266855090856552,False,0.3677276074886322,False
1273,69,1.5,0.25,4932.0,6.0,A3,57,,0,0.554807722568512,True,0.2280896008014679,False,0.36550620198249817,False
1274,69,1.75,0.25,4938.0,6.0,F#3,54,,0,0.39228811860084534,False,0.26246076822280884,False,0.3763138949871063,False
1275,69,2.0,0.75,4944.0,18.0,F#4,66,,0,0.7944685220718384,True,0.6934852004051208,True,0.5443111062049866,True
1276,69,2.0,0.25,4944.0,6.0,A2,45,,0,0.8789607286453247,True,0.6101056933403015,True,0.3924195468425751,False
1277,69,2.25,0.25,4950.0,6.0,G3,55,,0,0.7198981046676636,True,0.6635010838508606,True,0.43955716490745544,False
1278,69,2.5,0.25,4956.0,6.0,A3,57,,0,0.5711201429367065,True,0.26457294821739197,False,0.36635392904281616,False
1279,69,2.75,0.25,4962.0,6.0,E4,64,,0,0.2140999436378479,False,0.23563076555728912,False,0.3728834092617035,False
1280,69,2.75,0.25,4962.0,6.0,G3,55,,0,0.7747032642364502,True,0.5253292322158813,True,0.4630734920501709,False
1281,70,0.0,1.0,4968.0,24.0,E4,64,,0,0.2500784397125244,False,0.4010239541530609,False,0.43200361728668213,False
1282,70,0.0,3.0,4968.0,72.0,F#3,54,,0,0.9346457123756409,True,0.825647234916687,True,0.7122334241867065,True
1283,70,0.0,3.0,4968.0,72.0,D3,50,,0,0.7470454573631287,True,0.5244863629341125,True,0.495682954788208,False
1284,70,1.0,0.5,4992.0,12.0,D4,62,,0,0.559651255607605,True,0.675048291683197,True,0.5139562487602234,True
1285,70,1.5,0.5,5004.0,12.0,D4,62,,0,0.5874937176704407,True,0.38875988125801086,False,0.3885694742202759,False
1286,70,2.0,0.5,5016.0,12.0,D4,62,,0,0.5229489207267761,True,0.3433540463447571,False,0.3827003538608551,False
1287,70,2.5,0.5,5028.0,12.0,D4,62,,0,0.6957865357398987,True,0.3307728171348572,False,0.38451504707336426,False
1288,71,0.0,1.0,5040.0,24.0,B4,71,,0,0.7316352725028992,True,0.6794477701187134,True,0.6310757994651794,True
1289,71,0.0,1.5,5040.0,36.0,E4,64,,0,0.28390541672706604,False,0.4201071858406067,False,0.4393033981323242,False
1290,71,0.0,1.0,5040.0,24.0,D4,62,,0,0.43664368987083435,False,0.43385055661201477,False,0.43442556262016296,False
1291,71,0.0,1.5,5040.0,36.0,G3,55,,0,0.6309993267059326,True,0.685509443283081,True,0.5750849843025208,True
1292,71,0.0,1.5,5040.0,36.0,D3,50,,0,0.7143809199333191,True,0.7081285119056702,True,0.5440222024917603,True
1293,71,1.0,0.5,5064.0,12.0,A4,69,,0,0.8889557719230652,True,0.6272099614143372,True,0.5286574959754944,True
1294,71,1.0,0.5,5064.0,12.0,C#4,61,,0,0.8727295398712158,True,0.7939758896827698,True,0.615699052810669,True
1295,71,1.5,0.5,5076.0,12.0,A4,69,,0,0.43999508023262024,False,0.3255319595336914,False,0.399936318397522,False
1296,71,1.5,0.5,5076.0,12.0,G4,67,,0,0.4039004147052765,False,0.28208139538764954,False,0.38583335280418396,False
1297,71,1.5,0.5,5076.0,12.0,C#4,61,,0,0.40392154455184937,False,0.3348221778869629,False,0.3996659219264984,False
1298,71,1.5,0.5,5076.0,12.0,E3,52,,0,0.17581047117710114,False,0.2547881603240967,False,0.3842339515686035,False
1299,71,1.5,0.5,5076.0,12.0,D3,50,,0,0.4817551076412201,False,0.27243494987487793,False,0.37612906098365784,False
1300,71,2.0,0.5,5088.0,12.0,A4,69,,0,0.5869070291519165,True,0.6189761757850647,True,0.4935115575790405,False
1301,71,2.0,0.5,5088.0,12.0,F#4,66,,0,0.5196382403373718,True,0.501468300819397,True,0.45596814155578613,False
1302,71,2.0,0.5,5088.0,12.0,C#4,61,,0,0.4071982502937317,False,0.3680408000946045,False,0.4033217430114746,False
1303,71,2.0,0.5,5088.0,12.0,F#3,54,,0,0.37897083163261414,False,0.3076600432395935,False,0.3854904770851135,False
1304,71,2.0,0.5,5088.0,12.0,D3,50,,0,0.7417947053909302,True,0.5183055400848389,True,0.4003768563270569,False
1305,71,2.5,0.5,5100.0,12.0,A4,69,,0,0.6571310758590698,True,0.5102052092552185,True,0.5614270567893982,True
1306,71,2.5,0.5,5100.0,12.0,E4,64,,0,0.13937535881996155,False,0.22800934314727783,False,0.37825554609298706,False
1307,71,2.5,0.5,5100.0,12.0,C#4,61,,0,0.4014713764190674,False,0.334318608045578,False,0.3990631103515625,False
1308,71,2.5,0.5,5100.0,12.0,G3,55,,0,0.7036466002464294,True,0.5229617357254028,True,0.5208006501197815,True
1309,71,2.5,0.5,5100.0,12.0,D3,50,,0,0.7187756896018982,True,0.3687814176082611,False,0.37695008516311646,False
1310,72,0.0,1.0,5112.0,24.0,E4,64,,0,0.1722986251115799,False,0.38011205196380615,False,0.4252408444881439,False
1311,72,0.0,3.0,5112.0,72.0,F#3,54,,0,0.7584227323532104,True,0.6035558581352234,True,0.5951505899429321,True
1312,72,0.0,3.0,5112.0,72.0,D3,50,,0,0.7403237819671631,True,0.6413183212280273,True,0.5832483768463135,True
1313,72,0.0,3.0,5112.0,72.0,A2,45,,0,0.9269767999649048,True,0.7985115051269531,True,0.6714943647384644,True
1314,72,0.0,3.0,5112.0,72.0,D2,38,,0,0.9295411705970764,True,0.6539751291275024,True,0.5461105108261108,True
1315,72,1.0,0.5,5136.0,12.0,D4,62,,0,0.5769548416137695,True,0.6382786631584167,True,0.5182745456695557,True
1316,72,1.5,0.5,5148.0,12.0,D4,62,,0,0.5165793895721436,True,0.3608691394329071,False,0.3861396312713623,False
1317,72,2.0,0.5,5160.0,12.0,D4,62,,0,0.47624197602272034,False,0.29123827815055847,False,0.37420034408569336,False
1318,72,2.5,0.5,5172.0,12.0,D4,62,,0,0.614482045173645,True,0.3502272963523865,False,0.3780263066291809,False
1319,73,0.0,1.0,5184.0,24.0,B-4,70,,0,0.4537908434867859,False,0.4402821660041809,False,0.43610087037086487,False
1320,73,0.0,1.0,5184.0,24.0,D4,62,,0,0.4955669939517975,False,0.4355977773666382,False,0.4338032603263855,False
1321,73,0.0,1.0,5184.0,24.0,B-3,58,,0,0.49833163619041443,False,0.46365174651145935,False,0.4482509195804596,False
1322,73,0.0,1.5,5184.0,36.0,E3,52,,0,0.31590908765792847,False,0.5018019080162048,True,0.4820440709590912,False
1323,73,0.0,1.5,5184.0,36.0,G2,43,,0,0.7185600996017456,True,0.7787593007087708,True,0.6475690603256226,True
1324,73,0.0,1.5,5184.0,36.0,D2,38,,0,0.677937388420105,True,0.5072730183601379,True,0.5122528076171875,True
1325,73,1.0,0.5,5208.0,12.0,A4,69,,0,0.665076732635498,True,0.6168193817138672,True,0.5586219429969788,True
1326,73,1.0,0.5,5208.0,12.0,C#4,61,,0,0.6746916174888611,True,0.68913334608078,True,0.5149514675140381,True
1327,73,1.0,0.5,5208.0,12.0,A3,57,,0,0.9094052910804749,True,0.6728673577308655,True,0.5320606231689453,True
1328,73,1.5,0.5,5220.0,12.0,A4,69,,0,0.4557105302810669,False,0.3536747694015503,False,0.40757548809051514,False
1329,73,1.5,0.5,5220.0,12.0,E4,64,,0,0.555530846118927,True,0.38834911584854126,False,0.4009745717048645,False
1330,73,1.5,0.5,5220.0,12.0,A3,57,,0,0.6860224604606628,True,0.4343920648097992,False,0.42175307869911194,False
1331,73,1.5,0.5,5220.0,12.0,C#3,49,,0,0.3773258626461029,False,0.31201446056365967,False,0.3938311040401459,False
1332,73,1.5,0.5,5220.0,12.0,G2,43,,0,0.44701316952705383,False,0.3716735243797302,False,0.4122234880924225,False
1333,73,1.5,0.5,5220.0,12.0,D2,38,,0,0.6807213425636292,True,0.37225285172462463,False,0.3922472596168518,False
1334,73,2.0,0.5,5232.0,12.0,A4,69,,0,0.5475081205368042,True,0.5778403878211975,True,0.48284533619880676,False
1335,73,2.0,0.5,5232.0,12.0,D4,62,,0,0.6032427549362183,True,0.3620806038379669,False,0.3702671229839325,False
1336,73,2.0,0.5,5232.0,12.0,A3,57,,0,0.6048488020896912,True,0.41404587030410767,False,0.4005766212940216,False
1337,73,2.0,0.5,5232.0,12.0,D3,50,,0,0.3443519175052643,False,0.24532607197761536,False,0.36293670535087585,False
1338,73,2.0,0.5,5232.0,12.0,F#2,42,,0,0.36888831853866577,False,0.3721393048763275,False,0.40834322571754456,False
1339,73,2.0,0.5,5232.0,12.0,D2,38,,0,0.46357396245002747,False,0.28648072481155396,False,0.37353113293647766,False
1340,73,2.5,0.5,5244.0,12.0,A4,69,,0,0.5638211965560913,True,0.5200285315513611,True,0.6066765189170837,True
1341,73,2.5,0.5,5244.0,12.0,C#4,61,,0,0.35668259859085083,False,0.3127453923225403,False,0.392851859331131,False
1342,73,2.5,0.5,5244.0,12.0,A3,57,,0,0.6381397843360901,True,0.34693780541419983,False,0.39176976680755615,False
1343,73,2.5,0.5,5244.0,12.0,E3,52,,0,0.35883983969688416,False,0.3300991952419281,False,0.4063013792037964,False
1344,73,2.5,0.5,5244.0,12.0,G2,43,,0,0.5097985863685608,True,0.4956527650356293,False,0.43877869844436646,False
1345,73,2.5,0.5,5244.0,12.0,D2,38,,0,0.5589488744735718,True,0.19259317219257355,False,0.3630775213241577,False
1346,74,0.0,2.0,5256.0,48.0,A4,69,,0,0.6730490922927856,True,0.5662760734558105,True,0.6168373227119446,True
1347,74,0.0,2.0,5256.0,48.0,D4,62,,0,0.8429090976715088,True,0.5319164395332336,True,0.5676851868629456,True
1348,74,0.0,2.0,5256.0,48.0,A3,57,,0,0.9121817946434021,True,0.7051598429679871,True,0.6498775482177734,True
1349,74,0.0,2.0,5256.0,48.0,D3,50,,0,0.8204500675201416,True,0.5801988840103149,True,0.580802321434021,True
1350,74,0.0,2.0,5256.0,48.0,F#2,42,,0,0.843544602394104,True,0.7458463311195374,True,0.6602509617805481,True
1351,74,0.0,2.0,5256.0,48.0,D2,38,,0,0.9211089015007019,True,0.6961247324943542,True,0.5715188384056091,True
1352,74,2.0,1.0,5304.0,24.0,F#4,66,,0,0.5172265768051147,True,0.5161685347557068,True,0.5509602427482605,True
1353,74,2.0,1.0,5304.0,24.0,D4,62,,0,0.40268343687057495,False,0.31012165546417236,False,0.3815338611602783,False
1354,74,2.0,1.0,5304.0,24.0,A3,57,,0,0.5252178311347961,True,0.4742968678474426,False,0.4342168867588043,False
1355,74,2.0,1.0,5304.0,24.0,A2,45,,0,0.5869759917259216,True,0.4570569396018982,False,0.42817553877830505,False
1356,74,2.0,1.0,5304.0,24.0,D2,38,,0,0.5666218996047974,True,0.3505433201789856,False,0.3913235068321228,False
1357,75,0.0,3.0,5328.0,72.0,D4,62,,0,0.6993898153305054,True,0.5681231021881104,True,0.5672420263290405,True
1358,75,0.0,3.0,5328.0,72.0,A3,57,,0,0.7144335508346558,True,0.5687493681907654,True,0.571111798286438,True
1359,75,0.0,3.0,5328.0,72.0,F#3,54,,0,0.7821680307388306,True,0.731498658657074,True,0.6700773239135742,True
1360,75,0.0,3.0,5328.0,72.0,D3,50,,0,0.7887711524963379,True,0.5896557569503784,True,0.5495188236236572,True
1361,75,0.0,3.0,5328.0,72.0,A2,45,,0,0.8367237448692322,True,0.6590824723243713,True,0.5744007229804993,True
1362,75,0.0,3.0,5328.0,72.0,D2,38,,0,0.7907763719558716,True,0.6213122010231018,True,0.5418605208396912,True
