note_index,measure,measure_offset,quarter_length,time_position,duration_seconds,pitch_name,pitch_midi,staff,voice,layer_1_score,layer_1_mask,layer_2_score,layer_2_mask,layer_3_score,layer_3_mask
0,1,0.0,2.0,0.0,48.0,F4,65,,0,0.9633980989456177,True,0.5590567588806152,True,0.36115026473999023,False
1,1,0.0,0.5,0.0,12.0,F3,53,,0,0.8390586376190186,True,0.675532877445221,True,0.7905607223510742,True
2,1,0.5,0.5,12.0,12.0,A3,57,,0,0.9938124418258667,True,0.31695353984832764,False,0.36465075612068176,False
3,1,1.0,0.5,24.0,12.0,C4,60,,0,0.9102425575256348,True,0.8793399930000305,True,0.7485860586166382,True
4,1,1.5,0.5,36.0,12.0,A3,57,,0,0.9778327345848083,True,0.3075951337814331,False,0.36115002632141113,False
5,1,2.0,1.0,48.0,24.0,A4,69,,0,0.9552557468414307,True,0.4287570118904114,False,0.35157808661460876,False
6,1,2.0,0.5,48.0,12.0,C4,60,,0,0.7994393110275269,True,0.8182243704795837,True,0.6696977019309998,True
7,1,2.5,0.5,60.0,12.0,A3,57,,0,0.9523388147354126,True,0.27971941232681274,False,0.3545757830142975,False
8,2,0.0,2.0,72.0,48.0,C5,72,,0,0.6951186060905457,True,0.7597677707672119,True,0.5035194754600525,True
9,2,0.0,0.5,72.0,12.0,F3,53,,0,0.8608314394950867,True,0.621817409992218,True,0.8101111650466919,True
10,2,0.5,0.5,84.0,12.0,C4,60,,0,0.760423481464386,True,0.7959752678871155,True,0.7393744587898254,True
11,2,1.0,0.5,96.0,12.0,E-4,63,,0,0.9953925609588623,True,0.4994378387928009,False,0.3993074595928192,False
12,2,1.5,0.5,108.0,12.0,C4,60,,0,0.6597747206687927,True,0.8092395067214966,True,0.7509403824806213,True
13,2,2.0,1.0,120.0,24.0,A4,69,,0,0.9849843978881836,True,0.15842626988887787,False,0.302094966173172,False
14,2,2.0,0.5,120.0,12.0,E-4,63,,0,0.989144504070282,True,0.48754921555519104,False,0.3717978298664093,False
15,2,2.5,0.5,132.0,12.0,C4,60,,0,0.8843586444854736,True,0.741453230381012,True,0.7095457911491394,True
16,3,0.0,2.0,144.0,48.0,B-4,70,,0,0.7886806130409241,True,0.37348535656929016,False,0.3106430172920227,False
17,3,0.0,0.5,144.0,12.0,F3,53,,0,0.697262167930603,True,0.384433776140213,False,0.3360884487628937,False
18,3,0.5,0.5,156.0,12.0,B-3,58,,0,0.9720826745033264,True,0.48735642433166504,False,0.3345481753349304,False
19,3,1.0,0.5,168.0,12.0,D4,62,,0,0.9943201541900635,True,0.8334024548530579,True,0.799390435218811,True
20,3,1.5,0.5,180.0,12.0,B-3,58,,0,0.9294508695602417,True,0.4992109537124634,False,0.33035627007484436,False
21,3,2.0,1.0,192.0,24.0,G5,79,,0,0.7933152914047241,True,0.17684988677501678,False,0.2950095236301422,False
22,3,2.0,0.5,192.0,12.0,D4,62,,0,0.9832981824874878,True,0.8000744581222534,True,0.7715325355529785,True
23,3,2.5,0.5,204.0,12.0,B-3,58,,0,0.863288938999176,True,0.3637973368167877,False,0.3141820430755615,False
24,4,0.0,0.5,216.0,12.0,F5,77,,0,0.6229588389396667,True,0.46446162462234497,False,0.34364044666290283,False
25,4,0.0,0.5,216.0,12.0,F3,53,,0,0.6630166172981262,True,0.4916793406009674,False,0.3601044714450836,False
26,4,0.5,0.5,228.0,12.0,E5,76,,0,0.983731746673584,True,0.26925668120384216,False,0.33182716369628906,False
27,4,0.5,0.5,228.0,12.0,G3,55,,0,0.9073059558868408,True,0.5632390379905701,True,0.7263994812965393,True
28,4,1.0,1.0,240.0,24.0,E5,76,,0,0.979789137840271,True,0.17661093175411224,False,0.30637842416763306,False
29,4,1.0,0.5,240.0,12.0,B-3,58,,0,0.954729437828064,True,0.37203869223594666,False,0.3215276598930359,False
30,4,1.5,0.5,252.0,12.0,G3,55,,0,0.5432456135749817,True,0.2765040397644043,False,0.31519103050231934,False
31,4,2.0,0.5,264.0,12.0,B-3,58,,0,0.632552981376648,True,0.262802392244339,False,0.2979808449745178,False
32,4,2.5,0.5,276.0,12.0,G3,55,,0,0.35361090302467346,False,0.3362308442592621,False,0.3007623851299286,False
33,5,0.0,1.0,288.0,24.0,F5,77,,0,0.3171294629573822,False,0.404267817735672,False,0.31133612990379333,False
34,5,0.0,1.0,288.0,24.0,A3,57,,0,0.9584212899208069,True,0.649753212928772,True,0.8143548369407654,True
35,5,0.0,1.0,288.0,24.0,F3,53,,0,0.5473200678825378,True,0.7184554934501648,True,0.6697489619255066,True
36,5,1.0,1.0,312.0,24.0,A4,69,,0,0.9913328289985657,True,0.2977089285850525,False,0.3301316797733307,False
37,5,2.0,1.0,336.0,24.0,D5,74,,0,0.8478826284408569,True,0.6753116250038147,True,0.6349679827690125,True
38,6,0.0,1.0,360.0,24.0,G4,67,,0,0.9045613408088684,True,0.28516098856925964,False,0.34533458948135376,False
39,6,1.0,1.5,384.0,36.0,C5,72,,0,0.35600027441978455,False,0.4101431965827942,False,0.3014301359653473,False
40,6,2.5,0.5,420.0,12.0,A4,69,,0,0.9735654592514038,True,0.18136349320411682,False,0.3100447654724121,False
41,7,0.0,4.0,432.0,96.0,F4,65,,0,0.6042299866676331,True,0.5646176338195801,True,0.6780238747596741,True
42,7,0.0,1.0,432.0,24.0,F3,53,,0,0.6455856561660767,True,0.8418043255805969,True,0.6193040013313293,True
43,7,1.0,1.0,456.0,24.0,A2,45,,0,0.949767529964447,True,0.7085091471672058,True,0.4802653193473816,False
44,7,2.0,1.0,480.0,24.0,D3,50,,0,0.9209569096565247,True,0.9017223715782166,True,0.6174533367156982,True
45,8,0.0,3.0,504.0,72.0,G4,67,,0,0.5914363861083984,True,0.31010007858276367,False,0.3308399021625519,False
46,8,0.0,1.0,504.0,24.0,G2,43,,0,0.9401494860649109,True,0.8781375885009766,True,0.71755450963974,True
47,8,1.0,0.5,528.0,12.0,E4,64,,0,0.9844585657119751,True,0.7469620704650879,True,0.7643948793411255,True
48,8,1.0,1.5,528.0,36.0,C3,48,,0,0.7956216335296631,True,0.8224457502365112,True,0.7529701590538025,True
49,8,1.5,0.5,540.0,12.0,D4,62,,0,0.5840887427330017,True,0.8195932507514954,True,0.712995171546936,True
50,8,2.0,1.0,552.0,24.0,E4,64,,0,0.9321004748344421,True,0.6752538681030273,True,0.5104101896286011,True
51,8,2.5,0.5,564.0,12.0,A2,45,,0,0.6847525835037231,True,0.5820873975753784,True,0.5900534987449646,True
52,9,0.0,1.0,576.0,24.0,A4,69,,0,0.9777527451515198,True,0.7917696833610535,True,0.3503093421459198,False
53,9,0.0,4.0,576.0,96.0,F4,65,,0,0.5652414560317993,True,0.5814699530601501,True,0.675835371017456,True
54,9,0.0,1.0,576.0,24.0,F2,41,,0,0.6560530662536621,True,0.7202887535095215,True,0.7404081225395203,True
55,9,1.0,1.0,600.0,24.0,B-4,70,,0,0.16631560027599335,False,0.35346463322639465,False,0.2946266829967499,False
56,9,1.0,1.0,600.0,24.0,D3,50,,0,0.9689505696296692,True,0.8847669959068298,True,0.5942233204841614,True
57,9,2.0,1.0,624.0,24.0,D5,74,,0,0.7852407097816467,True,0.7255148887634277,True,0.6895930171012878,True
58,9,2.0,1.0,624.0,24.0,B-2,46,,0,0.4107174873352051,False,0.39294373989105225,False,0.3017771542072296,False
59,10,0.0,0.5,648.0,12.0,D5,74,,0,0.9334424138069153,True,0.7296721935272217,True,0.7777392268180847,True
60,10,0.0,1.0,648.0,24.0,A2,45,,0,0.9350837469100952,True,0.6116833090782166,True,0.7894301414489746,True
61,10,0.5,0.5,660.0,12.0,C5,72,,0,0.3987523019313812,False,0.362201988697052,False,0.2977803945541382,False
62,10,1.0,0.5,672.0,12.0,B-4,70,,0,0.2811086177825928,False,0.37183961272239685,False,0.29665032029151917,False
63,10,1.5,0.5,684.0,12.0,A4,69,,0,0.9661062955856323,True,0.1454957127571106,False,0.29842063784599304,False
64,10,2.0,0.5,696.0,12.0,G4,67,,0,0.37104642391204834,False,0.37005186080932617,False,0.3027955889701843,False
65,10,2.0,1.0,696.0,24.0,D3,50,,0,0.9269843697547913,True,0.734535276889801,True,0.363345205783844,False
66,10,2.5,0.5,708.0,12.0,F4,65,,0,0.1665956676006317,False,0.3241656422615051,False,0.29455602169036865,False
67,11,0.0,1.0,720.0,24.0,G4,67,,0,0.8759334683418274,True,0.16798312962055206,False,0.30733516812324524,False
68,11,0.0,1.0,720.0,24.0,B-2,46,,0,0.7883989810943604,True,0.47317102551460266,False,0.37216833233833313,False
69,11,1.0,1.0,744.0,24.0,B-4,70,,0,0.5537859201431274,True,0.6556184887886047,True,0.26893770694732666,False
70,11,2.0,1.0,768.0,24.0,E4,64,,0,0.9390234351158142,True,0.5326378345489502,True,0.5402609705924988,True
71,11,2.0,1.0,768.0,24.0,B-3,58,,0,0.6774646639823914,True,0.22776377201080322,False,0.3028186857700348,False
72,11,2.0,1.0,768.0,24.0,C3,48,,0,0.49057736992836,False,0.41383233666419983,False,0.30508843064308167,False
73,12,0.0,1.0,792.0,24.0,F4,65,,0,0.05342649668455124,False,0.340122252702713,False,0.29642394185066223,False
74,12,0.0,1.0,792.0,24.0,A3,57,,0,0.9060192108154297,True,0.3381524682044983,False,0.3660750091075897,False
75,12,0.0,1.0,792.0,24.0,F2,41,,0,0.227642223238945,False,0.37830474972724915,False,0.30564701557159424,False
76,12,2.0,0.75,840.0,18.0,C6,84,,0,0.4743089973926544,False,0.3965996503829956,False,0.3010495901107788,False
77,12,2.0,0.75,840.0,18.0,C5,72,,0,0.07313158363103867,False,0.3288748562335968,False,0.28578299283981323,False
78,12,2.0,0.75,840.0,18.0,A4,69,,0,0.7749584317207336,True,0.17736265063285828,False,0.2997412383556366,False
79,12,2.75,0.25,858.0,6.0,B-5,82,,0,0.5199916958808899,True,0.44291234016418457,False,0.303905725479126,False
80,12,2.75,0.25,858.0,6.0,B-4,70,,0,0.4541240334510803,False,0.36321768164634705,False,0.29177024960517883,False
81,12,2.75,0.25,858.0,6.0,G4,67,,0,0.48100346326828003,False,0.36173316836357117,False,0.30231934785842896,False
82,13,0.0,1.0,864.0,24.0,A5,81,,0,0.9795788526535034,True,0.5578797459602356,True,0.3998340666294098,False
83,13,0.0,1.0,864.0,24.0,A4,69,,0,0.9866116046905518,True,0.29989272356033325,False,0.3313409686088562,False
84,13,0.0,1.0,864.0,24.0,F4,65,,0,0.5911163091659546,True,0.35330358147621155,False,0.31051355600357056,False
85,13,1.0,1.0,888.0,24.0,A5,81,,0,0.9317832589149475,True,0.5960342884063721,True,0.3947237730026245,False
86,13,1.0,1.0,888.0,24.0,A4,69,,0,0.9000515341758728,True,0.3027001917362213,False,0.3238828778266907,False
87,13,1.0,1.0,888.0,24.0,F4,65,,0,0.27494168281555176,False,0.3864651918411255,False,0.30363139510154724,False
88,13,2.0,0.75,912.0,18.0,A5,81,,0,0.9024112224578857,True,0.4448632299900055,False,0.3407636880874634,False
89,13,2.0,0.75,912.0,18.0,A4,69,,0,0.8977691531181335,True,0.2550744414329529,False,0.3082965016365051,False
90,13,2.0,0.75,912.0,18.0,F4,65,,0,0.17343588173389435,False,0.351033091545105,False,0.293784499168396,False
91,13,2.75,0.25,930.0,6.0,G5,79,,0,0.21903972327709198,False,0.3182891309261322,False,0.29092344641685486,False
92,13,2.75,0.25,930.0,6.0,G4,67,,0,0.21071627736091614,False,0.32088470458984375,False,0.29080137610435486,False
93,13,2.75,0.25,930.0,6.0,C4,60,,0,0.5521320104598999,True,0.8929612040519714,True,0.8070080280303955,True
94,14,0.0,1.0,936.0,24.0,F5,77,,0,0.6122850179672241,True,0.4706747829914093,False,0.32979005575180054,False
95,14,0.0,1.0,936.0,24.0,F4,65,,0,0.6459012627601624,True,0.530552089214325,True,0.5210207104682922,True
96,14,0.0,1.0,936.0,24.0,A3,57,,0,0.9676141738891602,True,0.565345048904419,True,0.6222084760665894,True
97,14,1.0,1.0,960.0,24.0,F5,77,,0,0.35472962260246277,False,0.393119752407074,False,0.30550429224967957,False
98,14,1.0,1.0,960.0,24.0,F4,65,,0,0.3568538725376129,False,0.4133721888065338,False,0.31103044748306274,False
99,14,1.0,1.0,960.0,24.0,A3,57,,0,0.9078065156936646,True,0.4756618142127991,False,0.3925282061100006,False
100,14,2.0,1.0,984.0,24.0,F5,77,,0,0.32280588150024414,False,0.37579113245010376,False,0.3006652593612671,False
101,14,2.0,1.0,984.0,24.0,F4,65,,0,0.4641725420951843,False,0.42138782143592834,False,0.31244680285453796,False
102,14,2.0,1.0,984.0,24.0,A3,57,,0,0.8770505785942078,True,0.4641881585121155,False,0.3787425458431244,False
103,15,0.0,1.0,1008.0,24.0,G5,79,,0,0.804431676864624,True,0.33530470728874207,False,0.3251802921295166,False
104,15,0.0,1.0,1008.0,24.0,E5,76,,0,0.9748690724372864,True,0.4890889525413513,False,0.3639174699783325,False
105,15,0.0,1.0,1008.0,24.0,G4,67,,0,0.5306664705276489,True,0.3216550648212433,False,0.3262600004673004,False
106,15,0.0,1.0,1008.0,24.0,C4,60,,0,0.9088419079780579,True,0.8771761059761047,True,0.7470557689666748,True
107,15,1.0,1.0,1032.0,24.0,G5,79,,0,0.6364739537239075,True,0.4929221272468567,False,0.33373573422431946,False
108,15,1.0,1.0,1032.0,24.0,E5,76,,0,0.9303090572357178,True,0.3696175515651703,False,0.33578282594680786,False
109,15,1.0,1.0,1032.0,24.0,G4,67,,0,0.6343134045600891,True,0.3483642339706421,False,0.33072447776794434,False
110,15,1.0,1.0,1032.0,24.0,C4,60,,0,0.8400291204452515,True,0.8155258893966675,True,0.6825944781303406,True
111,15,2.0,1.0,1056.0,24.0,G5,79,,0,0.5343830585479736,True,0.3257959187030792,False,0.306254118680954,False
112,15,2.0,1.0,1056.0,24.0,E5,76,,0,0.8351261019706726,True,0.3400375545024872,False,0.3198589086532593,False
113,15,2.0,1.0,1056.0,24.0,G4,67,,0,0.42329421639442444,False,0.39226239919662476,False,0.30827048420906067,False
114,15,2.0,1.0,1056.0,24.0,C4,60,,0,0.7680413722991943,True,0.8373554944992065,True,0.7592212557792664,True
115,16,0.0,1.0,1080.0,24.0,G5,79,,0,0.7536172866821289,True,0.48652321100234985,False,0.33950871229171753,False
116,16,0.0,1.0,1080.0,24.0,E5,76,,0,0.9007131457328796,True,0.4076071083545685,False,0.34163224697113037,False
117,16,0.0,1.0,1080.0,24.0,G4,67,,0,0.5641204118728638,True,0.3124248683452606,False,0.326048344373703,False
118,16,0.0,1.0,1080.0,24.0,C4,60,,0,0.6772904396057129,True,0.7539340257644653,True,0.7513260841369629,True
119,16,1.0,1.0,1104.0,24.0,A5,81,,0,0.8312673568725586,True,0.5756034255027771,True,0.397174596786499,False
120,16,1.0,1.0,1104.0,24.0,F5,77,,0,0.23878949880599976,False,0.3732578754425049,False,0.3011268973350525,False
121,16,1.0,1.0,1104.0,24.0,A4,69,,0,0.9135488271713257,True,0.28167977929115295,False,0.3208782970905304,False
122,16,1.0,1.0,1104.0,24.0,F4,65,,0,0.17254792153835297,False,0.3573914170265198,False,0.29737958312034607,False
123,16,2.0,0.25,1128.0,6.0,C6,84,,0,0.3916662037372589,False,0.382099986076355,False,0.2953028082847595,False
124,16,2.0,0.75,1128.0,18.0,C5,72,,0,0.28562724590301514,False,0.3703978657722473,False,0.29387012124061584,False
125,16,2.0,0.75,1128.0,18.0,A4,69,,0,0.7663585543632507,True,0.18671177327632904,False,0.2994336187839508,False
126,16,2.25,0.25,1134.0,6.0,D6,86,,0,0.7223414182662964,True,0.34535902738571167,False,0.31373831629753113,False
127,16,2.5,0.25,1140.0,6.0,C6,84,,0,0.45698726177215576,False,0.363230437040329,False,0.29869455099105835,False
128,16,2.75,0.25,1146.0,6.0,B-5,82,,0,0.5888322591781616,True,0.5664876103401184,True,0.35706448554992676,False
129,16,2.75,0.25,1146.0,6.0,B-4,70,,0,0.3272891044616699,False,0.3432912230491638,False,0.29025664925575256,False
130,16,2.75,0.25,1146.0,6.0,G4,67,,0,0.4534977972507477,False,0.35088077187538147,False,0.29928064346313477,False
131,17,0.0,1.0,1152.0,24.0,A5,81,,0,0.9146407842636108,True,0.4995138645172119,False,0.37334227561950684,False
132,17,0.0,1.0,1152.0,24.0,A4,69,,0,0.9909120798110962,True,0.2862027585506439,False,0.3292435109615326,False
133,17,0.0,1.0,1152.0,24.0,F4,65,,0,0.7024348974227905,True,0.2788481116294861,False,0.3043159544467926,False
134,17,1.0,1.0,1176.0,24.0,A5,81,,0,0.8350426554679871,True,0.5642605423927307,True,0.40705862641334534,False
135,17,1.0,1.0,1176.0,24.0,A4,69,,0,0.9224053621292114,True,0.2409602552652359,False,0.31549641489982605,False
136,17,1.0,1.0,1176.0,24.0,F4,65,,0,0.48676595091819763,False,0.43629616498947144,False,0.3150846064090729,False
137,17,2.0,0.25,1200.0,6.0,A5,81,,0,0.8302851915359497,True,0.3539747893810272,False,0.32263442873954773,False
138,17,2.0,0.75,1200.0,18.0,A4,69,,0,0.8243801593780518,True,0.190938800573349,False,0.30015912652015686,False
139,17,2.0,0.75,1200.0,18.0,F4,65,,0,0.2272849678993225,False,0.36276713013648987,False,0.2959233522415161,False
140,17,2.25,0.25,1206.0,6.0,B-5,82,,0,0.32896462082862854,False,0.3511068522930145,False,0.2910626232624054,False
141,17,2.5,0.25,1212.0,6.0,A5,81,,0,0.9607945680618286,True,0.3943329155445099,False,0.33915379643440247,False
142,17,2.75,0.25,1218.0,6.0,G5,79,,0,0.24222129583358765,False,0.31785210967063904,False,0.29119163751602173,False
143,17,2.75,0.25,1218.0,6.0,G4,67,,0,0.20617476105690002,False,0.3174475133419037,False,0.29016003012657166,False
144,17,2.75,0.25,1218.0,6.0,C4,60,,0,0.655329167842865,True,0.748344898223877,True,0.7078479528427124,True
145,18,0.0,1.0,1224.0,24.0,F5,77,,0,0.5927222967147827,True,0.4754326641559601,False,0.3232021927833557,False
146,18,0.0,1.0,1224.0,24.0,F4,65,,0,0.6625316739082336,True,0.5028015375137329,True,0.42289578914642334,False
147,18,0.0,1.0,1224.0,24.0,A3,57,,0,0.9555655717849731,True,0.4748675227165222,False,0.38973212242126465,False
148,18,1.0,1.0,1248.0,24.0,F5,77,,0,0.32470789551734924,False,0.38996171951293945,False,0.3048858046531677,False
149,18,1.0,1.0,1248.0,24.0,F4,65,,0,0.3904837667942047,False,0.41577818989753723,False,0.31210288405418396,False
150,18,1.0,1.0,1248.0,24.0,A3,57,,0,0.9002727270126343,True,0.3570933938026428,False,0.35717472434043884,False
151,18,2.0,1.0,1272.0,24.0,F5,77,,0,0.3309790790081024,False,0.37639883160591125,False,0.3006111979484558,False
152,18,2.0,1.0,1272.0,24.0,F4,65,,0,0.4659622311592102,False,0.4171295464038849,False,0.31085827946662903,False
153,18,2.0,1.0,1272.0,24.0,A3,57,,0,0.9523423910140991,True,0.40649664402008057,False,0.36196479201316833,False
154,19,0.0,1.0,1296.0,24.0,G5,79,,0,0.6988739967346191,True,0.29534679651260376,False,0.31460949778556824,False
155,19,0.0,1.0,1296.0,24.0,G4,67,,0,0.6350319385528564,True,0.3389074504375458,False,0.337973952293396,False
156,19,0.0,1.0,1296.0,24.0,C4,60,,0,0.7346972227096558,True,0.7846865057945251,True,0.7130826711654663,True
157,19,1.0,1.0,1320.0,24.0,B-5,82,,0,0.5691072344779968,True,0.47503355145454407,False,0.3218161463737488,False
158,19,2.0,1.0,1344.0,24.0,E5,76,,0,0.7753631472587585,True,0.20077572762966156,False,0.30334270000457764,False
159,19,2.0,1.0,1344.0,24.0,B-4,70,,0,0.18643268942832947,False,0.3437832295894623,False,0.2905852496623993,False
160,19,2.0,1.0,1344.0,24.0,G4,67,,0,0.6744637489318848,True,0.15931744873523712,False,0.30116572976112366,False
161,19,2.0,1.0,1344.0,24.0,C4,60,,0,0.33735617995262146,False,0.3720475137233734,False,0.29398098587989807,False
162,20,0.0,1.0,1368.0,24.0,F5,77,,0,0.17943911254405975,False,0.3652244508266449,False,0.3025197982788086,False
163,20,0.0,1.0,1368.0,24.0,A4,69,,0,0.9412590265274048,True,0.28194382786750793,False,0.3302414119243622,False
164,20,0.0,1.0,1368.0,24.0,F4,65,,0,0.314716637134552,False,0.4024834632873535,False,0.3118482530117035,False
165,20,2.0,1.0,1416.0,24.0,C6,84,,0,0.6063022613525391,True,0.6008085608482361,True,0.345676064491272,False
166,20,2.0,1.0,1416.0,24.0,B-4,70,,0,0.579308032989502,True,0.6566244959831238,True,0.27584969997406006,False
167,20,2.0,1.0,1416.0,24.0,E4,64,,0,0.8573039174079895,True,0.39591383934020996,False,0.3586205542087555,False
168,20,2.0,1.0,1416.0,24.0,C4,60,,0,0.4808003902435303,False,0.39647340774536133,False,0.29950302839279175,False
169,21,0.0,1.0,1440.0,24.0,F5,77,,0,0.35220474004745483,False,0.409436970949173,False,0.3139742314815521,False
170,21,0.0,1.0,1440.0,24.0,A4,69,,0,0.9949073195457458,True,0.18545366823673248,False,0.3081725239753723,False
171,21,0.0,1.0,1440.0,24.0,F4,65,,0,0.9273542165756226,True,0.22278673946857452,False,0.31349998712539673,False
172,21,2.0,1.0,1488.0,24.0,C5,72,,0,0.38957804441452026,False,0.3843682110309601,False,0.29654502868652344,False
173,21,2.0,1.0,1488.0,24.0,B-3,58,,0,0.9618014097213745,True,0.2829599380493164,False,0.31165340542793274,False
174,21,2.0,1.0,1488.0,24.0,E3,52,,0,0.9800450205802917,True,0.7802764177322388,True,0.8789809346199036,True
175,21,2.0,1.0,1488.0,24.0,C3,48,,0,0.7623857855796814,True,0.5674896240234375,True,0.8931832909584045,True
176,22,0.0,1.0,1512.0,24.0,F4,65,,0,0.9253435730934143,True,0.19047430157661438,False,0.30746617913246155,False
177,22,0.0,1.0,1512.0,24.0,A3,57,,0,0.9827463626861572,True,0.6188806891441345,True,0.5472407341003418,True
178,22,0.0,1.0,1512.0,24.0,F3,53,,0,0.8709186315536499,True,0.7221257090568542,True,0.6271529197692871,True
179,22,2.0,1.0,1560.0,24.0,C#4,61,,0,0.9476168155670166,True,0.8430065512657166,True,0.3505813479423523,False
180,22,2.0,1.0,1560.0,24.0,C#3,49,,0,0.9574389457702637,True,0.741878867149353,True,0.9118370413780212,True
181,22,2.0,1.0,1560.0,24.0,C#2,37,,0,0.951482355594635,True,0.9451637268066406,True,0.5962105989456177,True
182,23,0.0,1.5,1584.0,36.0,D4,62,,0,0.9391008019447327,True,0.9130302667617798,True,0.8340824842453003,True
183,23,0.0,0.5,1584.0,12.0,D3,50,,0,0.7671769857406616,True,0.6778620481491089,True,0.5643385648727417,True
184,23,0.0,0.5,1584.0,12.0,D2,38,,0,0.6974829435348511,True,0.8039339184761047,True,0.46031877398490906,False
185,23,0.5,0.5,1596.0,12.0,F3,53,,0,0.9115844368934631,True,0.7954673171043396,True,0.5961624383926392,True
186,23,1.0,0.5,1608.0,12.0,A3,57,,0,0.9905320405960083,True,0.6975307464599609,True,0.6205261945724487,True
187,23,1.5,0.25,1620.0,6.0,F4,65,,0,0.8578113317489624,True,0.4005415737628937,False,0.3321496546268463,False
188,23,1.5,0.5,1620.0,12.0,F3,53,,0,0.619744062423706,True,0.7944681644439697,True,0.6238423585891724,True
189,23,1.75,0.25,1626.0,6.0,A4,69,,0,0.988669216632843,True,0.2659873962402344,False,0.3074107766151428,False
190,23,2.0,0.5,1632.0,12.0,D5,74,,0,0.987375020980835,True,0.6131919622421265,True,0.686328649520874,True
191,23,2.0,0.5,1632.0,12.0,A3,57,,0,0.9611465334892273,True,0.6255020499229431,True,0.6324144601821899,True
192,23,2.5,0.25,1644.0,6.0,A4,69,,0,0.9485109448432922,True,0.2313213050365448,False,0.31158918142318726,False
193,23,2.5,0.5,1644.0,12.0,F3,53,,0,0.8680546283721924,True,0.6435970664024353,True,0.5733386874198914,True
194,23,2.75,0.25,1650.0,6.0,D5,74,,0,0.9840379953384399,True,0.3287436366081238,False,0.3514586389064789,False
195,24,0.0,0.5,1656.0,12.0,F5,77,,0,0.520728349685669,True,0.332844614982605,False,0.30687588453292847,False
196,24,0.0,0.5,1656.0,12.0,D3,50,,0,0.9459629058837891,True,0.6067682504653931,True,0.558191180229187,True
197,24,0.5,0.25,1668.0,6.0,D5,74,,0,0.8844666481018066,True,0.44234421849250793,False,0.38296109437942505,False
198,24,0.5,0.5,1668.0,12.0,F3,53,,0,0.7439569234848022,True,0.6379417777061462,True,0.6069381237030029,True
199,24,0.75,0.25,1674.0,6.0,F5,77,,0,0.21596874296665192,False,0.33655884861946106,False,0.29100313782691956,False
200,24,1.0,0.5,1680.0,12.0,A5,81,,0,0.9603148102760315,True,0.729607105255127,True,0.46037429571151733,False
201,24,1.0,0.5,1680.0,12.0,A3,57,,0,0.9942954182624817,True,0.6675019860267639,True,0.7755558490753174,True
202,24,1.5,0.5,1692.0,12.0,A5,81,,0,0.8612930774688721,True,0.6776764392852783,True,0.4498133957386017,False
203,24,1.5,0.5,1692.0,12.0,F3,53,,0,0.588120698928833,True,0.6363441348075867,True,0.6812194585800171,True
204,24,2.0,0.5,1704.0,12.0,F5,77,,0,0.130695641040802,False,0.3452610671520233,False,0.29235750436782837,False
205,24,2.0,0.5,1704.0,12.0,A3,57,,0,0.9803902506828308,True,0.5943118929862976,True,0.7213578224182129,True
206,24,2.5,0.5,1716.0,12.0,D5,74,,0,0.9102921485900879,True,0.46493425965309143,False,0.3809220492839813,False
207,24,2.5,0.5,1716.0,12.0,F3,53,,0,0.6023700833320618,True,0.5313063859939575,True,0.5736153721809387,True
208,25,0.0,1.5,1728.0,36.0,B-5,82,,0,0.26097172498703003,False,0.36907365918159485,False,0.2996993362903595,False
209,25,0.0,0.0,1728.0,0.0,G5,79,,0,0.6841331720352173,True,0.23709364235401154,False,0.31423917412757874,False
210,25,0.0,0.0,1728.0,0.0,E5,76,,0,0.6970258355140686,True,0.17929613590240479,False,0.30458876490592957,False
211,25,0.0,0.0,1728.0,0.0,C#5,73,,0,0.33860889077186584,False,0.4082132577896118,False,0.3096359372138977,False
212,25,0.0,1.0,1728.0,24.0,E3,52,,0,0.9934686422348022,True,0.5161671042442322,True,0.7951412200927734,True
213,25,0.0,1.0,1728.0,24.0,E2,40,,0,0.8835217356681824,True,0.546017587184906,True,0.8823210000991821,True
214,25,1.0,1.0,1752.0,24.0,C#4,61,,0,0.3798331916332245,False,0.41537681221961975,False,0.3085079789161682,False
215,25,1.0,1.0,1752.0,24.0,B-3,58,,0,0.9109066724777222,True,0.32404449582099915,False,0.3146759271621704,False
216,25,1.0,1.0,1752.0,24.0,G3,55,,0,0.7960861325263977,True,0.8745893239974976,True,0.9137584567070007,True
217,25,1.0,1.0,1752.0,24.0,E3,52,,0,0.9361066222190857,True,0.409503698348999,False,0.3660396635532379,False
218,25,1.5,0.25,1764.0,6.0,A5,81,,0,0.6725288033485413,True,0.39685454964637756,False,0.32893863320350647,False
219,25,1.75,0.25,1770.0,6.0,G5,79,,0,0.5480136275291443,True,0.2034294158220291,False,0.29219850897789,False
220,25,2.0,0.25,1776.0,6.0,F5,77,,0,0.10850132256746292,False,0.33681586384773254,False,0.29091644287109375,False
221,25,2.25,0.25,1782.0,6.0,E5,76,,0,0.7890173196792603,True,0.20257717370986938,False,0.2980680465698242,False
222,25,2.5,0.25,1788.0,6.0,D5,74,,0,0.6504601836204529,True,0.27165326476097107,False,0.33726295828819275,False
223,25,2.75,0.25,1794.0,6.0,C#5,73,,0,0.3287423551082611,False,0.3554319739341736,False,0.2937803566455841,False
224,26,0.0,1.5,1800.0,36.0,B-5,82,,0,0.7165564894676208,True,0.7327393293380737,True,0.42698487639427185,False
225,26,0.0,1.0,1800.0,24.0,E3,52,,0,0.9952627420425415,True,0.276807576417923,False,0.338252454996109,False
226,26,0.0,1.0,1800.0,24.0,E2,40,,0,0.8295533061027527,True,0.35363703966140747,False,0.3582448959350586,False
227,26,1.0,1.0,1824.0,24.0,C#4,61,,0,0.7897242307662964,True,0.6862974166870117,True,0.40531763434410095,False
228,26,1.0,1.0,1824.0,24.0,B-3,58,,0,0.984164297580719,True,0.26938503980636597,False,0.3031950891017914,False
229,26,1.0,1.0,1824.0,24.0,G3,55,,0,0.9898554086685181,True,0.716550886631012,True,0.6928684711456299,True
230,26,1.0,1.0,1824.0,24.0,E3,52,,0,0.9394810199737549,True,0.37724193930625916,False,0.3555821180343628,False
231,26,1.5,0.25,1836.0,6.0,A5,81,,0,0.7888529896736145,True,0.5140427947044373,True,0.4110964834690094,False
232,26,1.75,0.25,1842.0,6.0,G5,79,,0,0.5242998600006104,True,0.2527754008769989,False,0.2996508479118347,False
233,26,2.0,0.25,1848.0,6.0,F5,77,,0,0.3400813937187195,False,0.3797430098056793,False,0.3009788990020752,False
234,26,2.25,0.25,1854.0,6.0,E5,76,,0,0.5460541844367981,True,0.09725702553987503,False,0.2862296402454376,False
235,26,2.5,0.25,1860.0,6.0,D5,74,,0,0.9290041327476501,True,0.408692330121994,False,0.3934079706668854,False
236,26,2.75,0.25,1866.0,6.0,C#5,73,,0,0.29315540194511414,False,0.3386424779891968,False,0.2913714647293091,False
237,27,0.0,1.5,1872.0,36.0,D5,74,,0,0.9605617523193359,True,0.6458396911621094,True,0.6638516187667847,True
238,27,0.0,0.5,1872.0,12.0,F3,53,,0,0.4068348705768585,False,0.4265378713607788,False,0.3194118142127991,False
239,27,0.5,0.5,1884.0,12.0,A3,57,,0,0.9769385457038879,True,0.39274314045906067,False,0.36618277430534363,False
240,27,1.0,0.5,1896.0,12.0,D4,62,,0,0.9557772278785706,True,0.8495508432388306,True,0.7759556770324707,True
241,27,1.5,0.25,1908.0,6.0,F4,65,,0,0.42484956979751587,False,0.3939492404460907,False,0.3082920014858246,False
242,27,1.5,0.5,1908.0,12.0,A3,57,,0,0.978065550327301,True,0.40360206365585327,False,0.3706071972846985,False
243,27,1.75,0.25,1914.0,6.0,A4,69,,0,0.9963783621788025,True,0.426330029964447,False,0.3253374397754669,False
244,27,2.0,0.5,1920.0,12.0,D5,74,,0,0.8411954641342163,True,0.649000346660614,True,0.5619133114814758,True
245,27,2.0,0.5,1920.0,12.0,D4,62,,0,0.8386374711990356,True,0.6619946360588074,True,0.6759828925132751,True
246,27,2.5,0.25,1932.0,6.0,A4,69,,0,0.9176076650619507,True,0.4346984326839447,False,0.32771074771881104,False
247,27,2.5,0.5,1932.0,12.0,A3,57,,0,0.9476499557495117,True,0.3380652368068695,False,0.3523944616317749,False
248,27,2.75,0.25,1938.0,6.0,D5,74,,0,0.8606292009353638,True,0.48804834485054016,False,0.3878716230392456,False
249,28,0.0,0.5,1944.0,12.0,F5,77,,0,0.8808291554450989,True,0.6569828391075134,True,0.40572670102119446,False
250,28,0.0,0.5,1944.0,12.0,F3,53,,0,0.7340988516807556,True,0.5537124276161194,True,0.5041790008544922,True
251,28,0.5,0.25,1956.0,6.0,D5,74,,0,0.4821188747882843,False,0.4104010760784149,False,0.31294822692871094,False
252,28,0.5,0.5,1956.0,12.0,A3,57,,0,0.959880530834198,True,0.42114028334617615,False,0.3737815022468567,False
253,28,0.75,0.25,1962.0,6.0,F5,77,,0,0.41192957758903503,False,0.3674493134021759,False,0.29723599553108215,False
254,28,1.0,0.5,1968.0,12.0,A5,81,,0,0.9799702167510986,True,0.8192499876022339,True,0.5027683973312378,True
255,28,1.0,0.5,1968.0,12.0,D4,62,,0,0.8573974967002869,True,0.7303564548492432,True,0.6728259325027466,True
256,28,1.5,0.5,1980.0,12.0,A5,81,,0,0.9092041254043579,True,0.6351868510246277,True,0.4621928632259369,False
257,28,1.5,0.5,1980.0,12.0,A3,57,,0,0.9385820627212524,True,0.3795578181743622,False,0.36361825466156006,False
258,28,2.0,0.5,1992.0,12.0,F5,77,,0,0.08229529112577438,False,0.33128121495246887,False,0.2900092303752899,False
259,28,2.0,0.5,1992.0,12.0,D4,62,,0,0.709708571434021,True,0.6064801812171936,True,0.6068213582038879,True
260,28,2.5,0.5,2004.0,12.0,D5,74,,0,0.8177759051322937,True,0.49072274565696716,False,0.3916603624820709,False
261,28,2.5,0.5,2004.0,12.0,A3,57,,0,0.9651378989219666,True,0.25504815578460693,False,0.3372383117675781,False
262,29,0.0,1.5,2016.0,36.0,A-5,80,,0,0.6720496416091919,True,0.3694828152656555,False,0.33284303545951843,False
263,29,0.0,1.5,2016.0,36.0,F5,77,,0,0.5366955995559692,True,0.29647690057754517,False,0.30534103512763977,False
264,29,0.0,1.5,2016.0,36.0,D5,74,,0,0.8036957383155823,True,0.4793553352355957,False,0.3839905261993408,False
265,29,0.0,1.5,2016.0,36.0,B4,71,,0,0.9826498031616211,True,0.592229962348938,True,0.28249210119247437,False
266,29,0.0,1.0,2016.0,24.0,D3,50,,0,0.9899223446846008,True,0.7080243825912476,True,0.610013484954834,True
267,29,0.0,1.0,2016.0,24.0,D2,38,,0,0.9422279000282288,True,0.9432871341705322,True,0.6915953755378723,True
268,29,1.0,1.0,2040.0,24.0,B3,59,,0,0.7757003903388977,True,0.16863378882408142,False,0.30909740924835205,False
269,29,1.0,1.0,2040.0,24.0,A-3,56,,0,0.9583831429481506,True,0.8184102177619934,True,0.6405799388885498,True
270,29,1.0,1.0,2040.0,24.0,F3,53,,0,0.5642021894454956,True,0.5075986981391907,True,0.4637269973754883,False
271,29,1.0,1.0,2040.0,24.0,D3,50,,0,0.8907270431518555,True,0.5326410531997681,True,0.4361637830734253,False
272,29,1.5,0.25,2052.0,6.0,G5,79,,0,0.1492413878440857,False,0.30976513028144836,False,0.29331889748573303,False
273,29,1.75,0.25,2058.0,6.0,F5,77,,0,0.2188141942024231,False,0.331274151802063,False,0.28893032670021057,False
274,29,2.0,0.25,2064.0,6.0,E-5,75,,0,0.8891341090202332,True,0.5047928690910339,True,0.3749811053276062,False
275,29,2.25,0.25,2070.0,6.0,D5,74,,0,0.49749815464019775,False,0.39288806915283203,False,0.3008151650428772,False
276,29,2.5,0.25,2076.0,6.0,C5,72,,0,0.012083240784704685,False,0.29706892371177673,False,0.2848362326622009,False
277,29,2.75,0.25,2082.0,6.0,B4,71,,0,0.9061715006828308,True,0.6497562527656555,True,0.30361297726631165,False
278,30,0.0,1.5,2088.0,36.0,A-5,80,,0,0.8924303650856018,True,0.44220051169395447,False,0.3608170747756958,False
279,30,0.0,1.0,2088.0,24.0,D3,50,,0,0.992167055606842,True,0.6912277340888977,True,0.4493148624897003,False
280,30,0.0,1.0,2088.0,24.0,D2,38,,0,0.9492496252059937,True,0.9121343493461609,True,0.750352680683136,True
281,30,1.0,1.0,2112.0,24.0,B3,59,,0,0.5801128149032593,True,0.2064734846353531,False,0.3026362359523773,False
282,30,1.0,1.0,2112.0,24.0,A-3,56,,0,0.9613254070281982,True,0.9359365105628967,True,0.747997522354126,True
283,30,1.0,1.0,2112.0,24.0,F3,53,,0,0.7437009811401367,True,0.6885089874267578,True,0.6463131308555603,True
284,30,1.0,1.0,2112.0,24.0,D3,50,,0,0.7934503555297852,True,0.8715714812278748,True,0.5640351176261902,True
285,30,1.5,0.25,2124.0,6.0,G5,79,,0,0.23270465433597565,False,0.3220107853412628,False,0.2971053719520569,False
286,30,1.75,0.25,2130.0,6.0,F5,77,,0,0.17395541071891785,False,0.32118135690689087,False,0.28839942812919617,False
287,30,2.0,0.25,2136.0,6.0,E-5,75,,0,0.977954626083374,True,0.5227968096733093,True,0.3995804488658905,False
288,30,2.25,0.25,2142.0,6.0,D5,74,,0,0.6320863962173462,True,0.3870181739330292,False,0.3554750978946686,False
289,30,2.5,0.25,2148.0,6.0,C5,72,,0,0.06331484019756317,False,0.3028208315372467,False,0.28595244884490967,False
290,30,2.75,0.25,2154.0,6.0,B4,71,,0,0.7864410281181335,True,0.37954384088516235,False,0.31636616587638855,False
291,31,0.0,1.25,2160.0,30.0,C5,72,,0,0.38194799423217773,False,0.3962806761264801,False,0.3026461601257324,False
292,31,0.0,0.5,2160.0,12.0,E-3,51,,0,0.8126955032348633,True,0.11409445852041245,False,0.2961275279521942,False
293,31,0.5,0.5,2172.0,12.0,G3,55,,0,0.8467662334442139,True,0.7412375807762146,True,0.7001108527183533,True
294,31,1.0,0.5,2184.0,12.0,C4,60,,0,0.7004272937774658,True,0.4453892111778259,False,0.3426320254802704,False
295,31,1.25,0.25,2190.0,6.0,G4,67,,0,0.08450306206941605,False,0.30365997552871704,False,0.2862468957901001,False
296,31,1.5,0.25,2196.0,6.0,C5,72,,0,0.2803056240081787,False,0.328349232673645,False,0.2889242172241211,False
297,31,1.5,0.5,2196.0,12.0,G3,55,,0,0.7382962703704834,True,0.6800291538238525,True,0.7001937031745911,True
298,31,1.75,0.25,2202.0,6.0,G4,67,,0,0.32412436604499817,False,0.3324792981147766,False,0.2946421504020691,False
299,31,2.0,0.25,2208.0,6.0,E-5,75,,0,0.9825389385223389,True,0.4211755096912384,False,0.3508578836917877,False
300,31,2.0,0.5,2208.0,12.0,C4,60,,0,0.8843069076538086,True,0.5237751007080078,True,0.6724495887756348,True
301,31,2.25,0.25,2214.0,6.0,C5,72,,0,0.16726979613304138,False,0.31957048177719116,False,0.282962828874588,False
302,31,2.5,0.25,2220.0,6.0,E-5,75,,0,0.9246281981468201,True,0.353079617023468,False,0.3400101065635681,False
303,31,2.5,0.5,2220.0,12.0,G3,55,,0,0.8530674576759338,True,0.746965229511261,True,0.7508261203765869,True
304,31,2.75,0.25,2226.0,6.0,C5,72,,0,0.21970637142658234,False,0.3250656723976135,False,0.2846355438232422,False
305,32,0.0,0.25,2232.0,6.0,G5,79,,0,0.8655484914779663,True,0.6720597147941589,True,0.44285303354263306,False
306,32,0.0,0.5,2232.0,12.0,E-3,51,,0,0.8162216544151306,True,0.13885372877120972,False,0.29886019229888916,False
307,32,0.25,0.25,2238.0,6.0,E-5,75,,0,0.8502148389816284,True,0.47284170985221863,False,0.35401222109794617,False
308,32,0.5,0.25,2244.0,6.0,G5,79,,0,0.12068058550357819,False,0.29970329999923706,False,0.29113495349884033,False
309,32,0.5,0.5,2244.0,12.0,G3,55,,0,0.8801631331443787,True,0.815682053565979,True,0.7182204723358154,True
310,32,0.75,0.25,2250.0,6.0,E-5,75,,0,0.9732623100280762,True,0.3863857686519623,False,0.3537379205226898,False
311,32,1.0,1.0,2256.0,24.0,C6,84,,0,0.8906804323196411,True,0.7578315138816833,True,0.4176141917705536,False
312,32,1.0,0.5,2256.0,12.0,C4,60,,0,0.9316532015800476,True,0.5539902448654175,True,0.6276118159294128,True
313,32,1.5,0.5,2268.0,12.0,G3,55,,0,0.9062570333480835,True,0.6575436592102051,True,0.7270740270614624,True
314,32,2.0,0.5,2280.0,12.0,C4,60,,0,0.8606583476066589,True,0.5825154781341553,True,0.7964422702789307,True
315,32,2.5,0.5,2292.0,12.0,G3,55,,0,0.9203007817268372,True,0.8128886818885803,True,0.762613832950592,True
316,33,0.0,1.25,2304.0,30.0,C5,72,,0,0.4952240288257599,False,0.42849573493003845,False,0.31005722284317017,False
317,33,0.0,0.5,2304.0,12.0,C3,48,,0,0.872281551361084,True,0.8549870252609253,True,0.9121677875518799,True
318,33,0.5,0.5,2316.0,12.0,E-3,51,,0,0.9311965703964233,True,0.16954228281974792,False,0.3025321662425995,False
319,33,1.0,0.5,2328.0,12.0,A-3,56,,0,0.9645070433616638,True,0.6682754755020142,True,0.7550809383392334,True
320,33,1.25,0.25,2334.0,6.0,A-4,68,,0,0.9913806319236755,True,0.6366010308265686,True,0.4864308536052704,False
321,33,1.5,0.25,2340.0,6.0,C5,72,,0,0.5666828751564026,True,0.809576153755188,True,0.49342870712280273,False
322,33,1.5,0.5,2340.0,12.0,E-3,51,,0,0.8887315392494202,True,0.14785578846931458,False,0.30048316717147827,False
323,33,1.75,0.25,2346.0,6.0,A-4,68,,0,0.9795064926147461,True,0.697009265422821,True,0.3969338536262512,False
324,33,2.0,0.25,2352.0,6.0,E-5,75,,0,0.8850451111793518,True,0.38723769783973694,False,0.35675448179244995,False
325,33,2.0,0.5,2352.0,12.0,A-3,56,,0,0.9144224524497986,True,0.4684203267097473,False,0.37730953097343445,False
326,33,2.25,0.25,2358.0,6.0,C5,72,,0,0.17776672542095184,False,0.3234836757183075,False,0.2840721607208252,False
327,33,2.5,0.25,2364.0,6.0,E-5,75,,0,0.8411986827850342,True,0.2811945676803589,False,0.32829275727272034,False
328,33,2.5,0.5,2364.0,12.0,E-3,51,,0,0.9366452693939209,True,0.14026246964931488,False,0.2998155951499939,False
329,33,2.75,0.25,2370.0,6.0,C5,72,,0,0.28080907464027405,False,0.3379671573638916,False,0.2878645658493042,False
330,34,0.0,0.25,2376.0,6.0,A-5,80,,0,0.8145233988761902,True,0.3894609808921814,False,0.3257998824119568,False
331,34,0.0,0.5,2376.0,12.0,C3,48,,0,0.8521890640258789,True,0.7349698543548584,True,0.8739504218101501,True
332,34,0.25,0.25,2382.0,6.0,E-5,75,,0,0.8159956932067871,True,0.26650333404541016,False,0.3215913474559784,False
333,34,0.5,0.25,2388.0,6.0,A-5,80,,0,0.5644228458404541,True,0.3835611045360565,False,0.3150193691253662,False
334,34,0.5,0.5,2388.0,12.0,E-3,51,,0,0.9410115480422974,True,0.25181326270103455,False,0.3109298646450043,False
335,34,0.75,0.25,2394.0,6.0,E-5,75,,0,0.9019017219543457,True,0.43777135014533997,False,0.3583582043647766,False
336,34,1.0,1.0,2400.0,24.0,C6,84,,0,0.9264557957649231,True,0.66001296043396,True,0.4597198963165283,False
337,34,1.0,0.5,2400.0,12.0,A-3,56,,0,0.974553644657135,True,0.5235597491264343,True,0.5517715811729431,True
338,34,1.5,0.5,2412.0,12.0,E-3,51,,0,0.9042800068855286,True,0.195529043674469,False,0.30324989557266235,False
339,34,2.0,0.5,2424.0,12.0,A-3,56,,0,0.9661121964454651,True,0.42087602615356445,False,0.36246517300605774,False
340,34,2.5,0.5,2436.0,12.0,E-3,51,,0,0.9217208027839661,True,0.245685875415802,False,0.31063640117645264,False
341,35,0.0,1.25,2448.0,30.0,C5,72,,0,0.6330980658531189,True,0.7176079154014587,True,0.511066198348999,True
342,35,0.0,0.5,2448.0,12.0,A-2,44,,0,0.9506360292434692,True,0.8966190218925476,True,0.7773116827011108,True
343,35,0.5,0.5,2460.0,12.0,C3,48,,0,0.9062811136245728,True,0.8116454482078552,True,0.9151790738105774,True
344,35,1.0,0.5,2472.0,12.0,E-3,51,,0,0.8826857805252075,True,0.19438335299491882,False,0.30886125564575195,False
345,35,1.25,0.25,2478.0,6.0,F#4,66,,0,0.5453783273696899,True,0.11957723647356033,False,0.28752759099006653,False
346,35,1.5,0.25,2484.0,6.0,C5,72,,0,0.636673629283905,True,0.6514468193054199,True,0.4776420593261719,False
347,35,1.5,0.5,2484.0,12.0,C3,48,,0,0.5841476321220398,True,0.5660985112190247,True,0.8199307322502136,True
348,35,1.75,0.25,2490.0,6.0,F#4,66,,0,0.8724690079689026,True,0.10933636873960495,False,0.28986474871635437,False
349,35,2.0,0.25,2496.0,6.0,E-5,75,,0,0.8503707647323608,True,0.28985804319381714,False,0.3283781111240387,False
350,35,2.0,0.5,2496.0,12.0,E-3,51,,0,0.6699442863464355,True,0.08867648988962173,False,0.2854968309402466,False
351,35,2.25,0.25,2502.0,6.0,C5,72,,0,0.25855910778045654,False,0.3367549777030945,False,0.28665590286254883,False
352,35,2.5,0.25,2508.0,6.0,E-5,75,,0,0.8937860727310181,True,0.2528912127017975,False,0.32409676909446716,False
353,35,2.5,0.5,2508.0,12.0,C3,48,,0,0.8310825228691101,True,0.7920389175415039,True,0.841789960861206,True
354,35,2.75,0.25,2514.0,6.0,C5,72,,0,0.45275047421455383,False,0.36241090297698975,False,0.29344362020492554,False
355,36,0.0,0.25,2520.0,6.0,F#5,78,,0,0.6563766598701477,True,0.3384210467338562,False,0.31864088773727417,False
356,36,0.0,0.5,2520.0,12.0,A-2,44,,0,0.8797286152839661,True,0.8820116519927979,True,0.523666262626648,True
357,36,0.25,0.25,2526.0,6.0,E-5,75,,0,0.6706401109695435,True,0.4168809652328491,False,0.34007084369659424,False
358,36,0.5,0.25,2532.0,6.0,F#5,78,,0,0.15881124138832092,False,0.32248032093048096,False,0.29685622453689575,False
359,36,0.5,0.5,2532.0,12.0,C3,48,,0,0.8874677419662476,True,0.7628610134124756,True,0.8668351173400879,True
360,36,0.75,0.25,2538.0,6.0,E-5,75,,0,0.8903239965438843,True,0.37314945459365845,False,0.3333393931388855,False
361,36,1.0,1.0,2544.0,24.0,C6,84,,0,0.8264601826667786,True,0.5028162002563477,True,0.46363699436187744,False
362,36,1.0,0.5,2544.0,12.0,E-3,51,,0,0.9320366978645325,True,0.18123705685138702,False,0.3020477294921875,False
363,36,1.5,0.5,2556.0,12.0,C3,48,,0,0.7143567800521851,True,0.5096138119697571,True,0.8501396179199219,True
364,36,2.0,1.0,2568.0,24.0,F#5,78,,0,0.4591798484325409,False,0.4014219045639038,False,0.31043216586112976,False
365,36,2.0,0.5,2568.0,12.0,E-3,51,,0,0.8997765779495239,True,0.13955442607402802,False,0.2908220589160919,False
366,36,2.5,0.5,2580.0,12.0,C3,48,,0,0.8559644222259521,True,0.6972829699516296,True,0.848141610622406,True
367,37,0.0,2.0,2592.0,48.0,G5,79,,0,0.8696373701095581,True,0.5874176025390625,True,0.4505355656147003,False
368,37,0.0,0.0,2592.0,0.0,D5,74,,0,0.6801885962486267,True,0.5316786766052246,True,0.4008482098579407,False
369,37,0.0,0.0,2592.0,0.0,B4,71,,0,0.8289059996604919,True,0.4943379759788513,False,0.3636874556541443,False
370,37,0.0,0.0,2592.0,0.0,G4,67,,0,0.7828631401062012,True,0.24240854382514954,False,0.3263460695743561,False
371,37,0.0,0.5,2592.0,12.0,G2,43,,0,0.6114025712013245,True,0.9298891425132751,True,0.8029142618179321,True
372,37,0.5,0.5,2604.0,12.0,B2,47,,0,0.9761215448379517,True,0.8760089874267578,True,0.7104797959327698,True
373,37,1.0,0.5,2616.0,12.0,D3,50,,0,0.8914366364479065,True,0.8345335125923157,True,0.6727882623672485,True
374,37,1.5,0.5,2628.0,12.0,G3,55,,0,0.8870797753334045,True,0.7787618637084961,True,0.8313161134719849,True
375,37,2.0,0.25,2640.0,6.0,F5,77,,0,0.21992358565330505,False,0.3459112048149109,False,0.29243654012680054,False
376,37,2.0,0.5,2640.0,12.0,C3,48,,0,0.6737799048423767,True,0.4295104444026947,False,0.3596356511116028,False
377,37,2.25,0.25,2646.0,6.0,E-5,75,,0,0.6849374771118164,True,0.3002665042877197,False,0.31698012351989746,False
378,37,2.5,0.25,2652.0,6.0,D5,74,,0,0.8445131182670593,True,0.48413246870040894,False,0.3817775547504425,False
379,37,2.5,0.5,2652.0,12.0,E-3,51,,0,0.7504666447639465,True,0.14744415879249573,False,0.2961455285549164,False
380,37,2.75,0.25,2658.0,6.0,C5,72,,0,0.49123477935791016,False,0.3784148395061493,False,0.29585960507392883,False
381,38,0.0,2.0,2664.0,48.0,G5,79,,0,0.8602609038352966,True,0.5409306287765503,True,0.36362335085868835,False
382,38,0.0,0.5,2664.0,12.0,G2,43,,0,0.6767618656158447,True,0.8211470246315002,True,0.8489974737167358,True
383,38,0.5,0.5,2676.0,12.0,B2,47,,0,0.9718506932258606,True,0.8516619801521301,True,0.5347083806991577,True
384,38,1.0,0.5,2688.0,12.0,D3,50,,0,0.9564169645309448,True,0.758979082107544,True,0.6956011652946472,True
385,38,1.5,0.5,2700.0,12.0,G3,55,,0,0.5734512805938721,True,0.842559814453125,True,0.6438285112380981,True
386,38,2.0,0.25,2712.0,6.0,F5,77,,0,0.2922731637954712,False,0.35559311509132385,False,0.29495424032211304,False
387,38,2.0,0.5,2712.0,12.0,C3,48,,0,0.9611334204673767,True,0.8231062889099121,True,0.6483253836631775,True
388,38,2.25,0.25,2718.0,6.0,E-5,75,,0,0.7919591665267944,True,0.21638384461402893,False,0.3015349507331848,False
389,38,2.5,0.25,2724.0,6.0,D5,74,,0,0.873262345790863,True,0.4349716007709503,False,0.36209678649902344,False
390,38,2.5,0.5,2724.0,12.0,E-3,51,,0,0.4873107373714447,False,0.3935943841934204,False,0.3091505169868469,False
391,38,2.75,0.25,2730.0,6.0,C5,72,,0,0.6054841876029968,True,0.8260568976402283,True,0.5152586102485657,True
392,39,0.0,1.5,2736.0,36.0,G5,79,,0,0.9034128189086914,True,0.5443202257156372,True,0.3663441836833954,False
393,39,0.0,1.5,2736.0,36.0,G3,55,,0,0.852605402469635,True,0.7539134621620178,True,0.6663735508918762,True
394,39,0.0,1.5,2736.0,36.0,G2,43,,0,0.6037287712097168,True,0.6293070316314697,True,0.7474434971809387,True
395,39,1.5,0.25,2772.0,6.0,A-5,80,,0,0.06109583005309105,False,0.30928218364715576,False,0.2904970347881317,False
396,39,1.5,0.25,2772.0,6.0,A-3,56,,0,0.7710496783256531,True,0.7051799893379211,True,0.43897148966789246,False
397,39,1.75,0.25,2778.0,6.0,G5,79,,0,0.26432517170906067,False,0.3281826376914978,False,0.2923243045806885,False
398,39,1.75,0.25,2778.0,6.0,G3,55,,0,0.655942440032959,True,0.613052487373352,True,0.480590283870697,False
399,39,2.0,0.25,2784.0,6.0,F5,77,,0,0.4925612807273865,False,0.38911572098731995,False,0.3003694415092468,False
400,39,2.0,0.25,2784.0,6.0,F3,53,,0,0.31382498145103455,False,0.3649033010005951,False,0.2959108352661133,False
401,39,2.25,0.25,2790.0,6.0,E-5,75,,0,0.19681614637374878,False,0.33259499073028564,False,0.29357287287712097,False
402,39,2.25,0.25,2790.0,6.0,E-3,51,,0,0.322781503200531,False,0.3585924506187439,False,0.29730159044265747,False
403,39,2.5,0.25,2796.0,6.0,D5,74,,0,0.733147382736206,True,0.3929007947444916,False,0.34876149892807007,False
404,39,2.5,0.25,2796.0,6.0,D3,50,,0,0.1616336852312088,False,0.3107239603996277,False,0.2900939881801605,False
405,39,2.75,0.25,2802.0,6.0,C5,72,,0,0.3946745693683624,False,0.35483548045158386,False,0.2909228205680847,False
406,39,2.75,0.25,2802.0,6.0,C3,48,,0,0.9289223551750183,True,0.6953944563865662,True,0.5736461877822876,True
407,40,0.0,1.0,2808.0,24.0,G5,79,,0,0.6801900267601013,True,0.40719473361968994,False,0.33432796597480774,False
408,40,0.0,1.0,2808.0,24.0,G3,55,,0,0.8760775327682495,True,0.7318869233131409,True,0.738044261932373,True
409,40,1.0,1.0,2832.0,24.0,G4,67,,0,0.813987672328949,True,0.3637554347515106,False,0.3476391136646271,False
410,40,1.0,1.0,2832.0,24.0,G2,43,,0,0.8513303995132446,True,0.8104623556137085,True,0.862531304359436,True
411,41,0.0,0.5,2880.0,12.0,E5,76,,0,0.9579060077667236,True,0.48640310764312744,False,0.38184523582458496,False
412,41,0.0,0.0,2880.0,0.0,G4,67,,0,0.7992701530456543,True,0.2935745418071747,False,0.3293323814868927,False
413,41,0.0,1.0,2880.0,24.0,C4,60,,0,0.9287133812904358,True,0.5892143249511719,True,0.8329736590385437,True
414,41,0.0,0.0,2880.0,0.0,G3,55,,0,0.9405975341796875,True,0.5910541415214539,True,0.7158072590827942,True
415,41,0.0,0.0,2880.0,0.0,C3,48,,0,0.7985823750495911,True,0.7610673308372498,True,0.829182505607605,True
416,41,1.0,0.5,2904.0,12.0,E5,76,,0,0.947391927242279,True,0.3067191541194916,False,0.3217286765575409,False
417,41,2.0,0.5,2928.0,12.0,E5,76,,0,0.9261836409568787,True,0.2908472716808319,False,0.31495600938796997,False
418,42,0.0,1.5,2952.0,36.0,G5,79,,0,0.7843466401100159,True,0.28728243708610535,False,0.32223179936408997,False
419,42,0.0,0.0,2952.0,0.0,B4,71,,0,0.9797307848930359,True,0.33453282713890076,False,0.3307516872882843,False
420,42,0.0,1.0,2952.0,24.0,F4,65,,0,0.737643837928772,True,0.34346163272857666,False,0.32549503445625305,False
421,42,0.0,0.0,2952.0,0.0,D4,62,,0,0.9311227798461914,True,0.49607551097869873,False,0.4174061417579651,False
422,42,0.0,0.0,2952.0,0.0,G3,55,,0,0.9669050574302673,True,0.6379352807998657,True,0.6439070105552673,True
423,42,1.5,0.5,2988.0,12.0,F5,77,,0,0.2740374207496643,False,0.3583398461341858,False,0.30221715569496155,False
424,42,2.0,1.0,3000.0,24.0,D5,74,,0,0.5367639660835266,True,0.43589475750923157,False,0.35617727041244507,False
425,43,0.0,0.5,3024.0,12.0,D5,74,,0,0.5765730738639832,True,0.3232223689556122,False,0.33682531118392944,False
426,43,0.0,1.0,3024.0,24.0,E4,64,,0,0.9871355891227722,True,0.8466443419456482,True,0.43531233072280884,False
427,43,0.0,1.0,3024.0,24.0,C3,48,,0,0.9164087772369385,True,0.8764172792434692,True,0.831182062625885,True
428,43,0.5,0.5,3036.0,12.0,C5,72,,0,0.4849306643009186,False,0.38120996952056885,False,0.303541362285614,False
429,43,1.0,1.5,3048.0,36.0,C5,72,,0,0.2516341805458069,False,0.3760140836238861,False,0.2967551350593567,False
430,43,1.0,1.5,3048.0,36.0,G4,67,,0,0.6868813037872314,True,0.6025346517562866,True,0.7153451442718506,True
431,43,1.0,1.0,3048.0,24.0,E3,52,,0,0.975816547870636,True,0.6084789633750916,True,0.32649359107017517,False
432,43,2.0,1.0,3072.0,24.0,G3,55,,0,0.8690584301948547,True,0.8405726552009583,True,0.7451466917991638,True
433,43,2.5,0.5,3084.0,12.0,D5,74,,0,0.6970313191413879,True,0.7154970169067383,True,0.49076271057128906,False
434,43,2.5,0.5,3084.0,12.0,B4,71,,0,0.955579936504364,True,0.6525514125823975,True,0.4083818793296814,False
435,44,0.0,2.0,3096.0,48.0,D5,74,,0,0.8173271417617798,True,0.6923191547393799,True,0.6322470903396606,True
436,44,0.0,2.0,3096.0,48.0,B4,71,,0,0.9694609642028809,True,0.5589529871940613,True,0.48482775688171387,False
437,44,0.0,1.0,3096.0,24.0,C4,60,,0,0.9887468218803406,True,0.6799594163894653,True,0.8835154175758362,True
438,44,1.0,1.0,3120.0,24.0,C3,48,,0,0.9116475582122803,True,0.9244226813316345,True,0.9075930118560791,True
439,44,2.0,1.0,3144.0,24.0,E5,76,,0,0.8493964672088623,True,0.5689053535461426,True,0.41016703844070435,False
440,44,2.0,1.0,3144.0,24.0,C5,72,,0,0.16820015013217926,False,0.34970876574516296,False,0.2897002100944519,False
441,45,0.0,1.5,3168.0,36.0,F5,77,,0,0.5624881982803345,True,0.22842076420783997,False,0.2997681796550751,False
442,45,0.0,1.0,3168.0,24.0,A3,57,,0,0.9512101411819458,True,0.7624077200889587,True,0.7318185567855835,True
443,45,1.0,1.0,3192.0,24.0,F4,65,,0,0.8835787177085876,True,0.47289788722991943,False,0.3395844101905823,False
444,45,1.0,1.0,3192.0,24.0,C4,60,,0,0.921735942363739,True,0.5774990916252136,True,0.8823820948600769,True
445,45,1.5,0.0,3204.0,0.0,G5,79,,0,0.3629811108112335,False,0.371656209230423,False,0.30928340554237366,False
446,45,1.5,0.0,3204.0,0.0,F5,77,,0,0.3393615186214447,False,0.3600361943244934,False,0.29992806911468506,False
447,45,1.5,0.5,3204.0,12.0,F5,77,,0,0.5070720314979553,True,0.14505469799041748,False,0.2889516055583954,False
448,45,1.5,0.0,3204.0,0.0,E5,76,,0,0.7832111716270447,True,0.25693148374557495,False,0.3080151677131653,False
449,45,2.0,0.5,3216.0,12.0,G5,79,,0,0.5442872643470764,True,0.3019649386405945,False,0.30973389744758606,False
450,45,2.5,0.5,3228.0,12.0,A5,81,,0,0.7460391521453857,True,0.46976473927497864,False,0.3516704738140106,False
451,46,0.0,0.5,3240.0,12.0,A5,81,,0,0.8385227918624878,True,0.5078657269477844,True,0.3895406424999237,False
452,46,0.0,1.0,3240.0,24.0,B3,59,,0,0.9638775587081909,True,0.16373707354068756,False,0.3135235905647278,False
453,46,0.5,0.5,3252.0,12.0,G5,79,,0,0.5621249079704285,True,0.25779056549072266,False,0.3083992898464203,False
454,46,1.0,0.5,3264.0,12.0,F#5,78,,0,0.5018681287765503,True,0.17420877516269684,False,0.29774045944213867,False
455,46,1.0,1.0,3264.0,24.0,G4,67,,0,0.7764208912849426,True,0.26955822110176086,False,0.33288970589637756,False
456,46,1.0,1.0,3264.0,24.0,D4,62,,0,0.6131224632263184,True,0.5258813500404358,True,0.5788317322731018,True
457,46,1.5,0.5,3276.0,12.0,G5,79,,0,0.18063539266586304,False,0.3284202218055725,False,0.2978381812572479,False
458,46,2.0,0.5,3288.0,12.0,F5,77,,0,0.303911954164505,False,0.3758515417575836,False,0.2970351278781891,False
459,46,2.5,0.5,3300.0,12.0,D5,74,,0,0.940538227558136,True,0.744001567363739,True,0.5602707266807556,True
460,47,0.0,0.5,3312.0,12.0,D#5,75,,0,0.6842741370201111,True,0.45746785402297974,False,0.3605170249938965,False
461,47,0.0,1.0,3312.0,24.0,C4,60,,0,0.8279181122779846,True,0.3809741735458374,False,0.3144339323043823,False
462,47,0.5,0.5,3324.0,12.0,E5,76,,0,0.7364040017127991,True,0.5024637579917908,True,0.3404892086982727,False
463,47,1.0,0.5,3336.0,12.0,F5,77,,0,0.7806209921836853,True,0.36013472080230713,False,0.3152834475040436,False
464,47,1.0,1.0,3336.0,24.0,C4,60,,0,0.8614931702613831,True,0.4066688120365143,False,0.31837183237075806,False
465,47,1.0,1.0,3336.0,24.0,A3,57,,0,0.9205551147460938,True,0.5583672523498535,True,0.619788408279419,True
466,47,1.5,0.5,3348.0,12.0,E5,76,,0,0.7594073414802551,True,0.264237642288208,False,0.31289905309677124,False
467,47,2.0,0.5,3360.0,12.0,G5,79,,0,0.1359749287366867,False,0.33836671710014343,False,0.29337891936302185,False
468,47,2.0,1.0,3360.0,24.0,D4,62,,0,0.5608617067337036,True,0.41168075799942017,False,0.3585795760154724,False
469,47,2.0,1.0,3360.0,24.0,F3,53,,0,0.6006255149841309,True,0.3560974597930908,False,0.317108690738678,False
470,47,2.5,0.5,3372.0,12.0,F5,77,,0,0.22308430075645447,False,0.33481016755104065,False,0.2965357303619385,False
471,48,0.0,0.5,3384.0,12.0,E5,76,,0,0.8862578868865967,True,0.3377491235733032,False,0.3270336091518402,False
472,48,0.0,1.0,3384.0,24.0,B3,59,,0,0.8840724229812622,True,0.12277418375015259,False,0.301919162273407,False
473,48,0.0,1.0,3384.0,24.0,G3,55,,0,0.9613127112388611,True,0.8329064249992371,True,0.7969837784767151,True
474,48,0.5,0.5,3396.0,12.0,D5,74,,0,0.8741316795349121,True,0.4979168176651001,False,0.41349664330482483,False
475,48,1.0,0.5,3408.0,12.0,C5,72,,0,0.26896747946739197,False,0.3763993978500366,False,0.29559609293937683,False
476,48,1.5,0.5,3420.0,12.0,B4,71,,0,0.8741815686225891,True,0.4237797260284424,False,0.34790128469467163,False
477,48,2.0,0.5,3432.0,12.0,A4,69,,0,0.6684645414352417,True,0.22036103904247284,False,0.31242284178733826,False
478,48,2.5,0.5,3444.0,12.0,G4,67,,0,0.1066017746925354,False,0.2984459698200226,False,0.29082944989204407,False
479,49,0.0,0.5,3456.0,12.0,D#5,75,,0,0.8655846118927002,True,0.2489662766456604,False,0.33115461468696594,False
480,49,0.0,0.3333333333333333,3456.0,8.0,C4,60,,0,0.39874085783958435,False,0.40203583240509033,False,0.3073735237121582,False
481,49,0.3333333333333333,0.3333333333333333,3464.0,8.0,E4,64,,0,0.9307367205619812,True,0.31479087471961975,False,0.3454184830188751,False
482,49,0.5,0.5,3468.0,12.0,E5,76,,0,0.7841991186141968,True,0.37342116236686707,False,0.31694766879081726,False
483,49,0.6666666666666666,0.3333333333333333,3472.0,8.0,G4,67,,0,0.39235809445381165,False,0.3278977572917938,False,0.2912074327468872,False
484,49,1.0,0.5,3480.0,12.0,D#5,75,,0,0.8790390491485596,True,0.23373906314373016,False,0.3240187168121338,False
485,49,1.0,0.3333333333333333,3480.0,8.0,C4,60,,0,0.619966447353363,True,0.43894052505493164,False,0.3322506248950958,False
486,49,1.3333333333333333,0.3333333333333333,3488.0,8.0,E4,64,,0,0.8856181502342224,True,0.21477346122264862,False,0.3142051100730896,False
487,49,1.5,0.5,3492.0,12.0,E5,76,,0,0.5860539674758911,True,0.44905683398246765,False,0.319622665643692,False
488,49,1.6666666666666667,0.3333333333333333,3496.0,8.0,G4,67,,0,0.49564364552497864,False,0.339297890663147,False,0.2934981882572174,False
489,49,2.0,0.5,3504.0,12.0,D#5,75,,0,0.7941723465919495,True,0.16102412343025208,False,0.3047737777233124,False
490,49,2.0,0.3333333333333333,3504.0,8.0,C4,60,,0,0.4759237766265869,False,0.40184518694877625,False,0.3027809262275696,False
491,49,2.3333333333333335,0.3333333333333333,3512.0,8.0,E4,64,,0,0.8159359097480774,True,0.13748963177204132,False,0.29644840955734253,False
492,49,2.5,0.5,3516.0,12.0,E5,76,,0,0.5245128273963928,True,0.194748654961586,False,0.2972581684589386,False
493,49,2.6666666666666665,0.3333333333333333,3520.0,8.0,G4,67,,0,0.5442978739738464,True,0.273395299911499,False,0.31103238463401794,False
494,50,0.0,0.5,3528.0,12.0,F#5,78,,0,0.7435724139213562,True,0.2742339074611664,False,0.3192603290081024,False
495,50,0.0,0.3333333333333333,3528.0,8.0,B3,59,,0,0.8501564860343933,True,0.14189262688159943,False,0.30373793840408325,False
496,50,0.3333333333333333,0.3333333333333333,3536.0,8.0,D4,62,,0,0.9664493203163147,True,0.5164085030555725,True,0.6666216254234314,True
497,50,0.5,0.5,3540.0,12.0,G5,79,,0,0.6775915622711182,True,0.3146960139274597,False,0.3146613836288452,False
498,50,0.6666666666666666,0.3333333333333333,3544.0,8.0,G4,67,,0,0.48830389976501465,False,0.34042975306510925,False,0.2932823896408081,False
499,50,1.0,0.5,3552.0,12.0,F#5,78,,0,0.5941709876060486,True,0.15076100826263428,False,0.2919098138809204,False
500,50,1.0,0.3333333333333333,3552.0,8.0,B3,59,,0,0.8011816143989563,True,0.23740753531455994,False,0.3125593066215515,False
501,50,1.3333333333333333,0.3333333333333333,3560.0,8.0,D4,62,,0,0.9154039621353149,True,0.48936131596565247,False,0.40095460414886475,False
502,50,1.5,0.5,3564.0,12.0,G5,79,,0,0.5046470165252686,True,0.19217519462108612,False,0.2964664399623871,False
503,50,1.6666666666666667,0.3333333333333333,3568.0,8.0,G4,67,,0,0.749168336391449,True,0.3627338707447052,False,0.33078113198280334,False
504,50,2.0,0.5,3576.0,12.0,F5,77,,0,0.13682910799980164,False,0.3469280004501343,False,0.29279494285583496,False
505,50,2.0,0.3333333333333333,3576.0,8.0,B3,59,,0,0.8257689476013184,True,0.14364968240261078,False,0.29637411236763,False
506,50,2.3333333333333335,0.3333333333333333,3584.0,8.0,F4,65,,0,0.8156833052635193,True,0.3552948236465454,False,0.3133423328399658,False
507,50,2.5,0.5,3588.0,12.0,D5,74,,0,0.5775139331817627,True,0.6037417650222778,True,0.4999430775642395,False
508,50,2.6666666666666665,0.3333333333333333,3592.0,8.0,G4,67,,0,0.7310393452644348,True,0.4147532284259796,False,0.34623539447784424,False
509,51,0.0,0.5,3600.0,12.0,D5,74,,0,0.694001317024231,True,0.48190954327583313,False,0.3980324864387512,False
510,51,0.0,1.0,3600.0,24.0,E4,64,,0,0.9318862557411194,True,0.5618002414703369,True,0.6295706033706665,True
511,51,0.0,1.0,3600.0,24.0,C4,60,,0,0.8982605934143066,True,0.6187441349029541,True,0.8492565751075745,True
512,51,0.5,0.5,3612.0,12.0,C5,72,,0,0.8645504117012024,True,0.49177849292755127,False,0.3323916494846344,False
513,51,1.0,0.5,3624.0,12.0,D5,74,,0,0.831688404083252,True,0.542015790939331,True,0.4500013291835785,False
514,51,1.0,1.0,3624.0,24.0,G4,67,,0,0.5619978308677673,True,0.6342709064483643,True,0.8182210326194763,True
515,51,1.0,1.0,3624.0,24.0,E3,52,,0,0.8956777453422546,True,0.6637846827507019,True,0.5197095274925232,True
516,51,1.5,0.5,3636.0,12.0,C5,72,,0,0.41326114535331726,False,0.37256836891174316,False,0.3031386435031891,False
517,51,2.0,0.5,3648.0,12.0,E5,76,,0,0.5860693454742432,True,0.7215680480003357,True,0.4201192557811737,False
518,51,2.0,1.0,3648.0,24.0,B4,71,,0,0.8175758719444275,True,0.6567674875259399,True,0.547202467918396,True
519,51,2.0,1.0,3648.0,24.0,G3,55,,0,0.9732163548469543,True,0.9606477618217468,True,0.8997774720191956,True
520,51,2.5,0.5,3660.0,12.0,D5,74,,0,0.9430926442146301,True,0.7218392491340637,True,0.6002013087272644,True
521,52,0.0,1.5,3672.0,36.0,D5,74,,0,0.9073919653892517,True,0.49251875281333923,False,0.413273423910141,False
522,52,0.0,2.0,3672.0,48.0,B4,71,,0,0.9764533042907715,True,0.5897682905197144,True,0.4990271329879761,False
523,52,0.0,1.0,3672.0,24.0,C4,60,,0,0.9765697121620178,True,0.8098452091217041,True,0.8716556429862976,True
524,52,1.0,1.0,3696.0,24.0,G3,55,,0,0.9547982215881348,True,0.9205045700073242,True,0.896163284778595,True
525,52,1.5,0.5,3708.0,12.0,D#5,75,,0,0.5498559474945068,True,0.3202611207962036,False,0.3281923532485962,False
526,52,2.0,1.0,3720.0,24.0,E5,76,,0,0.6766481399536133,True,0.3827741742134094,False,0.32262158393859863,False
527,52,2.0,1.0,3720.0,24.0,C5,72,,0,0.4371868669986725,False,0.4072105884552002,False,0.3054845333099365,False
528,52,2.0,1.0,3720.0,24.0,C3,48,,0,0.6846916675567627,True,0.9009726047515869,True,0.9036452174186707,True
529,53,0.0,1.5,3744.0,36.0,F5,77,,0,0.6682422757148743,True,0.47621461749076843,False,0.3314509391784668,False
530,53,0.0,0.5,3744.0,12.0,A3,57,,0,0.9649798274040222,True,0.47368162870407104,False,0.42945030331611633,False
531,53,0.5,0.5,3756.0,12.0,C4,60,,0,0.9644508361816406,True,0.7735071778297424,True,0.9061329364776611,True
532,53,1.0,0.5,3768.0,12.0,F4,65,,0,0.7606916427612305,True,0.7357133030891418,True,0.6449953317642212,True
533,53,1.5,0.0,3780.0,0.0,G5,79,,0,0.33608853816986084,False,0.3654260039329529,False,0.3077792227268219,False
534,53,1.5,0.0,3780.0,0.0,F5,77,,0,0.4663263261318207,False,0.3915714919567108,False,0.30766162276268005,False
535,53,1.5,0.5,3780.0,12.0,F5,77,,0,0.6654218435287476,True,0.32217937707901,False,0.306715190410614,False
536,53,1.5,0.0,3780.0,0.0,E5,76,,0,0.5975031852722168,True,0.08418431133031845,False,0.2876605689525604,False
537,53,1.5,0.5,3780.0,12.0,C4,60,,0,0.7797603011131287,True,0.7413333654403687,True,0.8813295960426331,True
538,53,2.0,0.5,3792.0,12.0,G5,79,,0,0.7548879384994507,True,0.17343148589134216,False,0.29589715600013733,False
539,53,2.0,0.5,3792.0,12.0,A3,57,,0,0.8592856526374817,True,0.1901184767484665,False,0.3157215416431427,False
540,53,2.5,0.5,3804.0,12.0,A5,81,,0,0.9027199149131775,True,0.37518325448036194,False,0.34796494245529175,False
541,53,2.5,0.5,3804.0,12.0,C4,60,,0,0.7550901770591736,True,0.6066234707832336,True,0.8515445590019226,True
542,54,0.0,0.5,3816.0,12.0,A5,81,,0,0.7904282808303833,True,0.3881140947341919,False,0.33658304810523987,False
543,54,0.0,0.5,3816.0,12.0,B3,59,,0,0.8561927080154419,True,0.6176653504371643,True,0.4159807860851288,False
544,54,0.5,0.5,3828.0,12.0,G5,79,,0,0.7810459733009338,True,0.14192485809326172,False,0.29640594124794006,False
545,54,0.5,0.5,3828.0,12.0,D4,62,,0,0.8944611549377441,True,0.5055738687515259,True,0.8879520297050476,True
546,54,1.0,0.5,3840.0,12.0,F#5,78,,0,0.6624982953071594,True,0.28426212072372437,False,0.30324074625968933,False
547,54,1.0,0.5,3840.0,12.0,G4,67,,0,0.8773360252380371,True,0.7546390295028687,True,0.7566304802894592,True
548,54,1.5,0.5,3852.0,12.0,G5,79,,0,0.5843026638031006,True,0.234799325466156,False,0.3021509647369385,False
549,54,1.5,0.5,3852.0,12.0,D4,62,,0,0.6414651274681091,True,0.31271126866340637,False,0.34450235962867737,False
550,54,2.0,0.5,3864.0,12.0,F5,77,,0,0.6151716709136963,True,0.3152221441268921,False,0.2963946759700775,False
551,54,2.0,0.5,3864.0,12.0,B3,59,,0,0.8447522521018982,True,0.41022929549217224,False,0.33011072874069214,False
552,54,2.5,0.5,3876.0,12.0,D5,74,,0,0.95493483543396,True,0.5809754729270935,True,0.43911367654800415,False
553,54,2.5,0.5,3876.0,12.0,D4,62,,0,0.6147876381874084,True,0.3012901246547699,False,0.34216445684432983,False
554,55,0.0,0.5,3888.0,12.0,D#5,75,,0,0.7646855115890503,True,0.4985520541667938,False,0.378907173871994,False
555,55,0.0,1.0,3888.0,24.0,C4,60,,0,0.589342474937439,True,0.760838508605957,True,0.8901268839836121,True
556,55,0.5,0.5,3900.0,12.0,E5,76,,0,0.9839212894439697,True,0.6966071128845215,True,0.45210668444633484,False
557,55,1.0,0.5,3912.0,12.0,G5,79,,0,0.24655306339263916,False,0.36400502920150757,False,0.2995936870574951,False
558,55,1.0,1.0,3912.0,24.0,D4,62,,0,0.7425607442855835,True,0.3265645503997803,False,0.3533695340156555,False
559,55,1.0,1.0,3912.0,24.0,F3,53,,0,0.31207168102264404,False,0.3808486759662628,False,0.3022926151752472,False
560,55,1.5,0.5,3924.0,12.0,F5,77,,0,0.2291059046983719,False,0.3444902300834656,False,0.29937902092933655,False
561,55,2.0,0.5,3936.0,12.0,D5,74,,0,0.40589314699172974,False,0.3816206455230713,False,0.3005917966365814,False
562,55,2.0,1.0,3936.0,24.0,F4,65,,0,0.8531803488731384,True,0.5736606121063232,True,0.6731105446815491,True
563,55,2.0,1.0,3936.0,24.0,G3,55,,0,0.9515013098716736,True,0.8488033413887024,True,0.8674193620681763,True
564,55,2.5,0.5,3948.0,12.0,B4,71,,0,0.9899237751960754,True,0.7017099261283875,True,0.5400927662849426,True
565,56,0.0,0.5,3960.0,12.0,C5,72,,0,0.5298858880996704,True,0.7800657749176025,True,0.5106604099273682,True
566,56,0.0,1.0,3960.0,24.0,E4,64,,0,0.9648324251174927,True,0.27964460849761963,False,0.3257778286933899,False
567,56,0.0,1.0,3960.0,24.0,C4,60,,0,0.9665386080741882,True,0.6362420916557312,True,0.7696770429611206,True
568,56,0.5,0.5,3972.0,12.0,G4,67,,0,0.6966903209686279,True,0.5374401211738586,True,0.5859708189964294,True
569,56,1.0,1.0,3984.0,24.0,E4,64,,0,0.9481044411659241,True,0.2515765130519867,False,0.30950361490249634,False
570,56,1.5,0.5,3996.0,12.0,G4,67,,0,0.5700903534889221,True,0.45306268334388733,False,0.34919819235801697,False
571,56,2.0,1.0,4008.0,24.0,C4,60,,0,0.9313220977783203,True,0.7872660756111145,True,0.8350454568862915,True
572,56,2.5,0.5,4020.0,12.0,G4,67,,0,0.7549931406974792,True,0.5919642448425293,True,0.5137150287628174,True
573,57,0.0,0.5,4032.0,12.0,G4,67,,0,0.7799572348594666,True,0.6108816862106323,True,0.7574098706245422,True
574,57,0.0,0.5,4032.0,12.0,F4,65,,0,0.5928037166595459,True,0.2042320966720581,False,0.2966449558734894,False
575,57,0.0,1.0,4032.0,24.0,D4,62,,0,0.933317244052887,True,0.3832152783870697,False,0.3958739638328552,False
576,57,0.5,0.5,4044.0,12.0,G4,67,,0,0.8361024856567383,True,0.32589462399482727,False,0.3311331570148468,False
577,57,0.5,0.5,4044.0,12.0,F4,65,,0,0.7671777606010437,True,0.11515792459249496,False,0.2899729311466217,False
578,57,1.0,1.0,4056.0,24.0,B3,59,,0,0.9546080827713013,True,0.593720555305481,True,0.5552513003349304,True
579,57,1.5,0.5,4068.0,12.0,G4,67,,0,0.6825113296508789,True,0.5843057632446289,True,0.705049455165863,True
580,57,1.5,0.5,4068.0,12.0,F4,65,,0,0.4891808331012726,False,0.40811243653297424,False,0.31125563383102417,False
581,57,2.0,1.0,4080.0,24.0,G3,55,,0,0.9651825428009033,True,0.851096510887146,True,0.9301051497459412,True
582,57,2.5,0.5,4092.0,12.0,G4,67,,0,0.9425501823425293,True,0.7337127327919006,True,0.7022134065628052,True
583,57,2.5,0.5,4092.0,12.0,F4,65,,0,0.6408252120018005,True,0.3249224126338959,False,0.3050116002559662,False
584,58,0.0,0.5,4104.0,12.0,G4,67,,0,0.9455464482307434,True,0.7818564176559448,True,0.7900311350822449,True
585,58,0.0,0.5,4104.0,12.0,E-4,63,,0,0.919141948223114,True,0.7984473705291748,True,0.49647825956344604,False
586,58,0.0,1.0,4104.0,24.0,C3,48,,0,0.8511475324630737,True,0.83515864610672,True,0.8101341128349304,True
587,58,0.5,0.5,4116.0,12.0,G4,67,,0,0.9682828187942505,True,0.662324845790863,True,0.8150659799575806,True
588,58,0.5,0.5,4116.0,12.0,E-4,63,,0,0.9696249961853027,True,0.5130155682563782,True,0.34488698840141296,False
589,58,1.0,1.0,4128.0,24.0,E-3,51,,0,0.7707865238189697,True,0.2525384724140167,False,0.31275278329849243,False
590,58,1.5,0.5,4140.0,12.0,G4,67,,0,0.7560122609138489,True,0.5812865495681763,True,0.6451566219329834,True
591,58,1.5,0.5,4140.0,12.0,E-4,63,,0,0.8480268120765686,True,0.5464560389518738,True,0.296929270029068,False
592,58,2.0,1.0,4152.0,24.0,C3,48,,0,0.9380791783332825,True,0.8500071167945862,True,0.7412636280059814,True
593,58,2.5,0.5,4164.0,12.0,G4,67,,0,0.9232820272445679,True,0.7825272083282471,True,0.6695840358734131,True
594,58,2.5,0.5,4164.0,12.0,E-4,63,,0,0.9689968824386597,True,0.8193601965904236,True,0.372590035200119,False
595,59,0.0,0.5,4176.0,12.0,G4,67,,0,0.7822264432907104,True,0.7561622262001038,True,0.7729974985122681,True
596,59,0.0,0.5,4176.0,12.0,F4,65,,0,0.603861391544342,True,0.26986944675445557,False,0.3027624487876892,False
597,59,0.0,1.0,4176.0,24.0,D3,50,,0,0.9751989841461182,True,0.9332616329193115,True,0.5448591113090515,True
598,59,0.5,0.5,4188.0,12.0,G4,67,,0,0.8560635447502136,True,0.7648810744285583,True,0.7248440980911255,True
599,59,0.5,0.5,4188.0,12.0,F4,65,,0,0.7355011105537415,True,0.19918237626552582,False,0.29672569036483765,False
600,59,1.0,1.0,4200.0,24.0,B2,47,,0,0.9074727296829224,True,0.6090843677520752,True,0.8613137602806091,True
601,59,1.5,0.5,4212.0,12.0,G4,67,,0,0.6915962100028992,True,0.6528798937797546,True,0.745744526386261,True
602,59,1.5,0.5,4212.0,12.0,F4,65,,0,0.5225456953048706,True,0.14831343293190002,False,0.2898498773574829,False
603,59,2.0,1.0,4224.0,24.0,G2,43,,0,0.7622737884521484,True,0.8736497163772583,True,0.8238001465797424,True
604,59,2.5,0.5,4236.0,12.0,G4,67,,0,0.9336512088775635,True,0.7010405659675598,True,0.7766111493110657,True
605,59,2.5,0.5,4236.0,12.0,F4,65,,0,0.7079562544822693,True,0.3275873363018036,False,0.3062690794467926,False
606,60,0.0,0.5,4248.0,12.0,G4,67,,0,0.8838245868682861,True,0.7368363738059998,True,0.776495635509491,True
607,60,0.0,0.5,4248.0,12.0,E-4,63,,0,0.8856386542320251,True,0.7505174875259399,True,0.4928228557109833,False
608,60,0.0,1.0,4248.0,24.0,C3,48,,0,0.9427584409713745,True,0.7779678106307983,True,0.8166965246200562,True
609,60,0.0,1.0,4248.0,24.0,C2,36,,0,0.5822983980178833,True,0.6712682843208313,True,0.7785742878913879,True
610,60,0.5,0.5,4260.0,12.0,G4,67,,0,0.9437031149864197,True,0.5685967803001404,True,0.7880483865737915,True
611,60,0.5,0.5,4260.0,12.0,E-4,63,,0,0.9696617722511292,True,0.5903841853141785,True,0.4787868559360504,False
612,60,1.0,1.0,4272.0,24.0,E-3,51,,0,0.6474480032920837,True,0.29773059487342834,False,0.3089873790740967,False
613,60,1.5,0.5,4284.0,12.0,G4,67,,0,0.6280317902565002,True,0.541761577129364,True,0.7255083918571472,True
614,60,1.5,0.5,4284.0,12.0,E-4,63,,0,0.7882832884788513,True,0.5029296278953552,True,0.36135992407798767,False
615,60,2.0,1.0,4296.0,24.0,G3,55,,0,0.8470491170883179,True,0.5875488519668579,True,0.8491492867469788,True
616,60,2.5,0.5,4308.0,12.0,G4,67,,0,0.7987957000732422,True,0.8197329044342041,True,0.7394221425056458,True
617,60,2.5,0.5,4308.0,12.0,E-4,63,,0,0.9166954755783081,True,0.6857637166976929,True,0.37148135900497437,False
618,61,0.0,0.5,4320.0,12.0,A-4,68,,0,0.985602855682373,True,0.7348124980926514,True,0.632922351360321,True
619,61,0.0,0.5,4320.0,12.0,E-4,63,,0,0.7869033217430115,True,0.6781731843948364,True,0.4166238009929657,False
620,61,0.0,1.0,4320.0,24.0,F3,53,,0,0.6183040738105774,True,0.7222872376441956,True,0.6612988710403442,True
621,61,0.0,1.0,4320.0,24.0,F2,41,,0,0.4287881851196289,False,0.3995887041091919,False,0.3112466335296631,False
622,61,0.5,0.5,4332.0,12.0,A-4,68,,0,0.9737833738327026,True,0.5828846096992493,True,0.5541650652885437,True
623,61,0.5,0.5,4332.0,12.0,E-4,63,,0,0.874876856803894,True,0.6847972869873047,True,0.4764224886894226,False
624,61,1.0,1.0,4344.0,24.0,A-3,56,,0,0.7725352644920349,True,0.8821759819984436,True,0.5317423343658447,True
625,61,1.5,0.5,4356.0,12.0,A-4,68,,0,0.9550345540046692,True,0.3755130171775818,False,0.32949474453926086,False
626,61,1.5,0.5,4356.0,12.0,E-4,63,,0,0.6828066110610962,True,0.6031623482704163,True,0.38903552293777466,False
627,61,2.0,1.0,4368.0,24.0,C4,60,,0,0.9320275783538818,True,0.9447354078292847,True,0.8382574319839478,True
628,61,2.5,0.5,4380.0,12.0,A-4,68,,0,0.9852204322814941,True,0.4835470914840698,False,0.3502185642719269,False
629,61,2.5,0.5,4380.0,12.0,E-4,63,,0,0.9896813035011292,True,0.817939281463623,True,0.5802792310714722,True
630,62,0.0,0.5,4392.0,12.0,A-4,68,,0,0.9767838716506958,True,0.5495213270187378,True,0.4176683723926544,False
631,62,0.0,0.5,4392.0,12.0,D4,62,,0,0.9684424996376038,True,0.9328801035881042,True,0.8312956690788269,True
632,62,0.0,1.0,4392.0,24.0,B-2,46,,0,0.864717423915863,True,0.8483899831771851,True,0.7791591882705688,True
633,62,0.0,1.0,4392.0,24.0,B-1,34,,0,0.6686193346977234,True,0.8568568229675293,True,0.5733588337898254,True
634,62,0.5,0.5,4404.0,12.0,A-4,68,,0,0.9799677133560181,True,0.5594437718391418,True,0.48122984170913696,False
635,62,0.5,0.5,4404.0,12.0,D4,62,,0,0.9477658271789551,True,0.840048611164093,True,0.7927268147468567,True
636,62,1.0,1.0,4416.0,24.0,D3,50,,0,0.6322135925292969,True,0.6790580749511719,True,0.571548342704773,True
637,62,1.5,0.5,4428.0,12.0,A-4,68,,0,0.9415947198867798,True,0.29378238320350647,False,0.3178817629814148,False
638,62,1.5,0.5,4428.0,12.0,D4,62,,0,0.795719563961029,True,0.6555215120315552,True,0.7750713229179382,True
639,62,2.0,1.0,4440.0,24.0,F3,53,,0,0.6180424690246582,True,0.47371405363082886,False,0.3229053318500519,False
640,62,2.5,0.5,4452.0,12.0,A-4,68,,0,0.9753674864768982,True,0.4636884927749634,False,0.3494453430175781,False
641,62,2.5,0.5,4452.0,12.0,D4,62,,0,0.9335678219795227,True,0.7818122506141663,True,0.7994508147239685,True
642,63,0.0,0.5,4464.0,12.0,G4,67,,0,0.8255593776702881,True,0.7830682992935181,True,0.7237256765365601,True
643,63,0.0,0.5,4464.0,12.0,D4,62,,0,0.8144267797470093,True,0.7614260315895081,True,0.8357141613960266,True
644,63,0.0,1.0,4464.0,24.0,E-3,51,,0,0.923740565776825,True,0.29360127449035645,False,0.31593361496925354,False
645,63,0.0,1.0,4464.0,24.0,E-2,39,,0,0.8805214166641235,True,0.818389356136322,True,0.7177899479866028,True
646,63,0.5,0.5,4476.0,12.0,G4,67,,0,0.7495131492614746,True,0.7833395600318909,True,0.6892039775848389,True
647,63,0.5,0.5,4476.0,12.0,D4,62,,0,0.8499983549118042,True,0.7970461845397949,True,0.861235499382019,True
648,63,1.0,1.0,4488.0,24.0,G3,55,,0,0.3989214599132538,False,0.3803536891937256,False,0.30485692620277405,False
649,63,1.5,0.5,4500.0,12.0,G4,67,,0,0.45111578702926636,False,0.35408374667167664,False,0.3036224842071533,False
650,63,1.5,0.5,4500.0,12.0,D4,62,,0,0.7458781003952026,True,0.7481785416603088,True,0.8409741520881653,True
651,63,2.0,1.0,4512.0,24.0,B-3,58,,0,0.8235039114952087,True,0.4171344041824341,False,0.32149240374565125,False
652,63,2.5,0.5,4524.0,12.0,G4,67,,0,0.8149543404579163,True,0.8860872387886047,True,0.43833398818969727,False
653,63,2.5,0.5,4524.0,12.0,D4,62,,0,0.9402393698692322,True,0.8738499283790588,True,0.8521978855133057,True
654,64,0.0,0.5,4536.0,12.0,G4,67,,0,0.7698776125907898,True,0.8405076861381531,True,0.4176780879497528,False
655,64,0.0,0.5,4536.0,12.0,C4,60,,0,0.45067739486694336,False,0.4184163212776184,False,0.3065900206565857,False
656,64,0.0,1.0,4536.0,24.0,A-2,44,,0,0.9165738821029663,True,0.9145297408103943,True,0.8984379172325134,True
657,64,0.0,1.0,4536.0,24.0,A-1,32,,0,0.779837429523468,True,0.929171621799469,True,0.5306857228279114,True
658,64,0.5,0.5,4548.0,12.0,G4,67,,0,0.8777927756309509,True,0.8274029493331909,True,0.5871791839599609,True
659,64,0.5,0.5,4548.0,12.0,C4,60,,0,0.7295559048652649,True,0.8068461418151855,True,0.4959709048271179,False
660,64,1.0,1.0,4560.0,24.0,A-3,56,,0,0.9731554985046387,True,0.8646303415298462,True,0.6999117732048035,True
661,64,1.5,0.5,4572.0,12.0,G4,67,,0,0.8947950601577759,True,0.8169459104537964,True,0.6017699837684631,True
662,64,1.5,0.5,4572.0,12.0,C4,60,,0,0.7519413232803345,True,0.7715150713920593,True,0.45746710896492004,False
663,64,2.0,0.5,4584.0,12.0,F4,65,,0,0.22970113158226013,False,0.37021011114120483,False,0.2969065308570862,False
664,64,2.0,0.5,4584.0,12.0,C4,60,,0,0.29550236463546753,False,0.3733358681201935,False,0.2926189601421356,False
665,64,2.0,1.0,4584.0,24.0,D3,50,,0,0.6398305892944336,True,0.7230653762817383,True,0.5923339128494263,True
666,64,2.0,1.0,4584.0,24.0,D2,38,,0,0.5294702053070068,True,0.702601969242096,True,0.713358461856842,True
667,64,2.5,0.5,4596.0,12.0,F4,65,,0,0.35380908846855164,False,0.37382182478904724,False,0.30348727107048035,False
668,64,2.5,0.5,4596.0,12.0,C4,60,,0,0.41440093517303467,False,0.37052345275878906,False,0.297827810049057,False
669,65,0.0,1.0,4608.0,24.0,D4,62,,0,0.9222549796104431,True,0.48977503180503845,False,0.4185117185115814,False
670,65,0.5,0.5,4620.0,12.0,F4,65,,0,0.5605278611183167,True,0.36879628896713257,False,0.3102383613586426,False
671,65,0.5,0.5,4620.0,12.0,C4,60,,0,0.799700140953064,True,0.8036051392555237,True,0.4920271933078766,False
672,65,1.0,0.5,4632.0,12.0,F4,65,,0,0.3786289095878601,False,0.4198146462440491,False,0.3085881471633911,False
673,65,1.0,0.5,4632.0,12.0,B3,59,,0,0.9595574736595154,True,0.5316451787948608,True,0.370516836643219,False
674,65,1.0,1.0,4632.0,24.0,G2,43,,0,0.5328271389007568,True,0.9575539231300354,True,0.8004436492919922,True
675,65,1.0,1.0,4632.0,24.0,G1,31,,0,0.37698104977607727,False,0.3872762620449066,False,0.30530408024787903,False
676,65,1.5,0.5,4644.0,12.0,F4,65,,0,0.372348815202713,False,0.37976518273353577,False,0.3039471507072449,False
677,65,1.5,0.5,4644.0,12.0,B3,59,,0,0.9108526706695557,True,0.48327043652534485,False,0.3489672541618347,False
678,65,2.0,1.0,4656.0,24.0,G3,55,,0,0.6217412948608398,True,0.2618519067764282,False,0.321382075548172,False
679,65,2.5,0.5,4668.0,12.0,F4,65,,0,0.48314595222473145,False,0.4079364538192749,False,0.3131783902645111,False
680,65,2.5,0.5,4668.0,12.0,B3,59,,0,0.9277002811431885,True,0.4676976501941681,False,0.3675428330898285,False
681,66,0.0,1.0,4680.0,24.0,A-3,56,,0,0.8386666774749756,True,0.6688563823699951,True,0.5271438956260681,True
682,66,0.5,0.5,4692.0,12.0,E-4,63,,0,0.5246989130973816,True,0.4774218797683716,False,0.35466238856315613,False
683,66,0.5,0.5,4692.0,12.0,C4,60,,0,0.5601537823677063,True,0.7355831861495972,True,0.4493698477745056,False
684,66,1.0,1.0,4704.0,24.0,G3,55,,0,0.4543589651584625,False,0.37960806488990784,False,0.3070216178894043,False
685,66,1.5,0.5,4716.0,12.0,E-4,63,,0,0.4659457802772522,False,0.41164910793304443,False,0.3128757178783417,False
686,66,1.5,0.5,4716.0,12.0,C4,60,,0,0.3988272249698639,False,0.38568413257598877,False,0.30129796266555786,False
687,66,2.0,1.0,4728.0,24.0,F#3,54,,0,0.8874071836471558,True,0.5728636980056763,True,0.3649025857448578,False
688,66,2.5,0.5,4740.0,12.0,E-4,63,,0,0.6617192029953003,True,0.5634145736694336,True,0.4051976799964905,False
689,66,2.5,0.5,4740.0,12.0,C4,60,,0,0.556160569190979,True,0.8011208176612854,True,0.5077342987060547,True
690,67,0.0,0.5,4752.0,12.0,D4,62,,0,0.9199661016464233,True,0.71516352891922,True,0.784761369228363,True
691,67,0.0,0.5,4752.0,12.0,B3,59,,0,0.9189947247505188,True,0.5192769169807434,True,0.43461793661117554,False
692,67,0.0,1.0,4752.0,24.0,G3,55,,0,0.5878787636756897,True,0.37183886766433716,False,0.3361138701438904,False
693,67,0.5,0.5,4764.0,12.0,G4,67,,0,0.8483487963676453,True,0.7234370112419128,True,0.6171300411224365,True
694,67,0.5,0.5,4764.0,12.0,E-4,63,,0,0.5256292223930359,True,0.5811898708343506,True,0.4255093038082123,False
695,67,1.0,0.5,4776.0,12.0,F4,65,,0,0.45230960845947266,False,0.4314940571784973,False,0.31210002303123474,False
696,67,1.0,0.5,4776.0,12.0,D4,62,,0,0.8710104823112488,True,0.4570487141609192,False,0.39295369386672974,False
697,67,1.5,0.5,4788.0,12.0,E-4,63,,0,0.3734741806983948,False,0.3928210437297821,False,0.31067410111427307,False
698,67,1.5,0.5,4788.0,12.0,C4,60,,0,0.4587203860282898,False,0.3954099714756012,False,0.30300065875053406,False
699,67,2.0,0.5,4800.0,12.0,D4,62,,0,0.7046172022819519,True,0.3836468756198883,False,0.3638399541378021,False
700,67,2.0,0.5,4800.0,12.0,B3,59,,0,0.934817373752594,True,0.501936137676239,True,0.3819540739059448,False
701,67,2.5,0.5,4812.0,12.0,E-4,63,,0,0.6613305807113647,True,0.37064751982688904,False,0.3461972177028656,False
702,67,2.5,0.5,4812.0,12.0,C4,60,,0,0.6244327425956726,True,0.7989214658737183,True,0.6625615358352661,True
703,67,2.5,0.5,4812.0,12.0,F#3,54,,0,0.7523130774497986,True,0.5341457724571228,True,0.3057028353214264,False
704,68,0.0,0.5,4824.0,12.0,D4,62,,0,0.8880590200424194,True,0.8011963367462158,True,0.779437780380249,True
705,68,0.0,0.5,4824.0,12.0,B3,59,,0,0.9414477348327637,True,0.5744374990463257,True,0.4736737608909607,False
706,68,0.0,1.0,4824.0,24.0,G3,55,,0,0.6323674917221069,True,0.6236600279808044,True,0.8380941152572632,True
707,68,0.5,0.5,4836.0,12.0,G4,67,,0,0.7534511685371399,True,0.7243595719337463,True,0.7451010346412659,True
708,68,0.5,0.5,4836.0,12.0,E-4,63,,0,0.5034440755844116,True,0.5380586385726929,True,0.5698531270027161,True
709,68,1.0,0.5,4848.0,12.0,F4,65,,0,0.6875737905502319,True,0.5817874073982239,True,0.49631211161613464,False
710,68,1.0,0.5,4848.0,12.0,D4,62,,0,0.862255871295929,True,0.6622471809387207,True,0.7124578356742859,True
711,68,1.5,0.5,4860.0,12.0,E-4,63,,0,0.3561708629131317,False,0.3890865445137024,False,0.3106062114238739,False
712,68,1.5,0.5,4860.0,12.0,C4,60,,0,0.5550203919410706,True,0.6905660033226013,True,0.5734676718711853,True
713,68,2.0,0.5,4872.0,12.0,D4,62,,0,0.6137348413467407,True,0.7520747184753418,True,0.8299221992492676,True
714,68,2.0,0.5,4872.0,12.0,B3,59,,0,0.908639132976532,True,0.48709240555763245,False,0.3477945327758789,False
715,68,2.5,0.5,4884.0,12.0,E-4,63,,0,0.5682680606842041,True,0.5794419646263123,True,0.6597220301628113,True
716,68,2.5,0.5,4884.0,12.0,C4,60,,0,0.7496955394744873,True,0.6590750217437744,True,0.5474148988723755,True
717,68,2.5,0.5,4884.0,12.0,F#3,54,,0,0.5913054347038269,True,0.6738046407699585,True,0.42424649000167847,False
718,69,0.0,0.5,4896.0,12.0,D4,62,,0,0.8680201172828674,True,0.7822763919830322,True,0.9100467562675476,True
719,69,0.0,0.5,4896.0,12.0,B3,59,,0,0.9676997661590576,True,0.6732003092765808,True,0.5484812259674072,True
720,69,0.0,0.5,4896.0,12.0,G3,55,,0,0.6295846700668335,True,0.6627613306045532,True,0.8664419054985046,True
721,69,0.5,0.5,4908.0,12.0,E-4,63,,0,0.47927114367485046,False,0.4110358953475952,False,0.3173588514328003,False
722,69,0.5,0.5,4908.0,12.0,C4,60,,0,0.5296132564544678,True,0.7338430285453796,True,0.5348801016807556,True
723,69,0.5,0.5,4908.0,12.0,F#3,54,,0,0.6005957722663879,True,0.5876079797744751,True,0.45066195726394653,False
724,69,1.0,0.5,4920.0,12.0,D4,62,,0,0.8992739319801331,True,0.7279891967773438,True,0.8735330700874329,True
725,69,1.0,0.5,4920.0,12.0,B3,59,,0,0.9495688676834106,True,0.5121084451675415,True,0.4010433256626129,False
726,69,1.0,0.5,4920.0,12.0,G3,55,,0,0.2892853319644928,False,0.350471556186676,False,0.2978951036930084,False
727,69,1.5,0.5,4932.0,12.0,E-4,63,,0,0.32723531126976013,False,0.37514472007751465,False,0.30848953127861023,False
728,69,1.5,0.5,4932.0,12.0,C4,60,,0,0.4881035387516022,False,0.39619943499565125,False,0.302057683467865,False
729,69,1.5,0.5,4932.0,12.0,F#3,54,,0,0.527906596660614,True,0.4769979417324066,False,0.3273593783378601,False
730,69,2.0,0.5,4944.0,12.0,D4,62,,0,0.6573594212532043,True,0.6829994320869446,True,0.7961747050285339,True
731,69,2.0,0.5,4944.0,12.0,B3,59,,0,0.8547762036323547,True,0.37724700570106506,False,0.32358676195144653,False
732,69,2.0,0.5,4944.0,12.0,G3,55,,0,0.23202551901340485,False,0.3398858308792114,False,0.2947238087654114,False
733,69,2.5,0.5,4956.0,12.0,E-4,63,,0,0.5899109244346619,True,0.5092810988426208,True,0.5002351999282837,True
734,69,2.5,0.5,4956.0,12.0,C4,60,,0,0.4169181287288666,False,0.37014344334602356,False,0.2986237704753876,False
735,69,2.5,0.5,4956.0,12.0,F#3,54,,0,0.5698824524879456,True,0.6453776955604553,True,0.3353683054447174,False
736,70,0.0,0.5,4968.0,12.0,D4,62,,0,0.8694844841957092,True,0.5542997717857361,True,0.8639453649520874,True
737,70,0.0,0.5,4968.0,12.0,B3,59,,0,0.9588037729263306,True,0.5855651497840881,True,0.42911624908447266,False
738,70,0.0,1.0,4968.0,24.0,G3,55,,0,0.6738405823707581,True,0.720281183719635,True,0.8017851114273071,True
739,70,0.5,0.5,4980.0,12.0,C#4,61,,0,0.5893864035606384,True,0.8194435834884644,True,0.4761557877063751,False
740,70,0.5,0.5,4980.0,12.0,A#3,58,,0,0.23757785558700562,False,0.3251323401927948,False,0.2924922704696655,False
741,70,1.0,0.5,4992.0,12.0,D4,62,,0,0.8323471546173096,True,0.6502741575241089,True,0.8433189988136292,True
742,70,1.0,0.5,4992.0,12.0,B3,59,,0,0.9840598106384277,True,0.4285786747932434,False,0.3455658257007599,False
743,70,1.5,0.5,5004.0,12.0,E4,64,,0,0.9625234007835388,True,0.5200185179710388,True,0.5628559589385986,True
744,70,1.5,0.5,5004.0,12.0,C#4,61,,0,0.26294657588005066,False,0.3448013365268707,False,0.29684391617774963,False
745,70,2.0,0.5,5016.0,12.0,F4,65,,0,0.29087361693382263,False,0.37849393486976624,False,0.2996159791946411,False
746,70,2.0,0.5,5016.0,12.0,D4,62,,0,0.38163578510284424,False,0.3822636306285858,False,0.2993984818458557,False
747,70,2.5,0.5,5028.0,12.0,G4,67,,0,0.26906415820121765,False,0.3205651342868805,False,0.2984810173511505,False
748,70,2.5,0.5,5028.0,12.0,E4,64,,0,0.9507998824119568,True,0.07616198062896729,False,0.2884541451931,False
749,71,0.0,1.0,5040.0,24.0,A4,69,,0,0.9811487793922424,True,0.7985091805458069,True,0.33974090218544006,False
750,71,0.0,1.0,5040.0,24.0,F4,65,,0,0.8774241805076599,True,0.2536279857158661,False,0.30517274141311646,False
751,71,0.0,1.0,5040.0,24.0,F3,53,,0,0.4842952489852905,False,0.4157976508140564,False,0.3139157295227051,False
752,71,1.0,1.0,5064.0,24.0,A4,69,,0,0.7825823426246643,True,0.611571192741394,True,0.24210156500339508,False
753,71,1.0,1.0,5064.0,24.0,F4,65,,0,0.4848707914352417,False,0.4364872872829437,False,0.31445059180259705,False
754,71,1.0,1.0,5064.0,24.0,C4,60,,0,0.5489923357963562,True,0.6575037240982056,True,0.7385669350624084,True
755,71,1.0,1.0,5064.0,24.0,F3,53,,0,0.24378202855587006,False,0.3656151294708252,False,0.29779496788978577,False
756,71,2.0,1.0,5088.0,24.0,A4,69,,0,0.5684351325035095,True,0.4358123242855072,False,0.3243735432624817,False
757,71,2.0,1.0,5088.0,24.0,F4,65,,0,0.24039049446582794,False,0.36385998129844666,False,0.29699423909187317,False
758,71,2.0,1.0,5088.0,24.0,C4,60,,0,0.3603931665420532,False,0.3730790615081787,False,0.2935291826725006,False
759,71,2.0,1.0,5088.0,24.0,F3,53,,0,0.34247836470603943,False,0.3721165359020233,False,0.29770633578300476,False
760,72,0.0,2.0,5112.0,48.0,A4,69,,0,0.8974283933639526,True,0.7111445069313049,True,0.2930987775325775,False
761,72,0.0,2.0,5112.0,48.0,F4,65,,0,0.234392911195755,False,0.37707826495170593,False,0.30441465973854065,False
762,72,0.0,3.0,5112.0,72.0,C4,60,,0,0.4400317668914795,False,0.41584885120391846,False,0.3083059787750244,False
763,72,0.0,2.0,5112.0,48.0,F3,53,,0,0.5965343713760376,True,0.3444790840148926,False,0.30803826451301575,False
764,72,2.0,1.0,5160.0,24.0,G4,67,,0,0.22383153438568115,False,0.3361707925796509,False,0.29511916637420654,False
765,72,2.0,1.0,5160.0,24.0,E4,64,,0,0.9501233696937561,True,0.1941848248243332,False,0.3052701950073242,False
766,72,2.0,1.0,5160.0,24.0,C3,48,,0,0.5601200461387634,True,0.7468465566635132,True,0.9199967980384827,True
767,73,0.0,0.0,5184.0,0.0,G4,67,,0,0.17887526750564575,False,0.3402440547943115,False,0.2991437315940857,False
768,73,0.0,1.0,5184.0,24.0,F4,65,,0,0.5284114480018616,True,0.30086642503738403,False,0.3012956380844116,False
769,73,0.0,1.0,5184.0,24.0,D4,62,,0,0.9917735457420349,True,0.928013265132904,True,0.8085488080978394,True
770,73,0.0,1.0,5184.0,24.0,B3,59,,0,0.9866580367088318,True,0.7153322696685791,True,0.33656612038612366,False
771,73,0.0,1.0,5184.0,24.0,G2,43,,0,0.8101569414138794,True,0.9632217884063721,True,0.7064269781112671,True
772,73,1.0,1.0,5208.0,24.0,F4,65,,0,0.2588346600532532,False,0.37759003043174744,False,0.30163317918777466,False
773,73,1.0,1.0,5208.0,24.0,D4,62,,0,0.9564083814620972,True,0.8951593637466431,True,0.7842499613761902,True
774,73,1.0,1.0,5208.0,24.0,B3,59,,0,0.9701026082038879,True,0.7359651923179626,True,0.38009339570999146,False
775,73,1.0,1.0,5208.0,24.0,G2,43,,0,0.702609121799469,True,0.9343808889389038,True,0.6786167025566101,True
776,73,2.0,1.0,5232.0,24.0,F4,65,,0,0.3452899754047394,False,0.3851397931575775,False,0.3028838336467743,False
777,73,2.0,1.0,5232.0,24.0,D4,62,,0,0.9575965404510498,True,0.7522588968276978,True,0.8526180386543274,True
778,73,2.0,1.0,5232.0,24.0,B3,59,,0,0.976880669593811,True,0.644784688949585,True,0.42664599418640137,False
779,73,2.0,1.0,5232.0,24.0,G2,43,,0,0.48212531208992004,False,0.3814023435115814,False,0.30668002367019653,False
780,74,0.0,2.0,5256.0,48.0,F4,65,,0,0.5159750580787659,True,0.2862447202205658,False,0.30420300364494324,False
781,74,0.0,2.0,5256.0,48.0,D4,62,,0,0.9521203637123108,True,0.8417164087295532,True,0.8771018981933594,True
782,74,0.0,2.0,5256.0,48.0,B3,59,,0,0.9784256815910339,True,0.7307384014129639,True,0.4348312020301819,False
783,74,0.0,2.0,5256.0,48.0,G2,43,,0,0.6724192500114441,True,0.9594526886940002,True,0.48486486077308655,False
784,74,2.0,1.0,5304.0,24.0,E4,64,,0,0.8897419571876526,True,0.3755958080291748,False,0.3292202055454254,False
785,74,2.0,1.0,5304.0,24.0,C4,60,,0,0.5092474818229675,True,0.7797338366508484,True,0.7345560193061829,True
786,74,2.0,1.0,5304.0,24.0,A2,45,,0,0.607059121131897,True,0.8393808603286743,True,0.8301766514778137,True
787,75,0.0,0.5,5328.0,12.0,G4,67,,0,0.20323458313941956,False,0.3469846546649933,False,0.30076807737350464,False
788,75,0.0,0.5,5328.0,12.0,E4,64,,0,0.9370536208152771,True,0.3095117509365082,False,0.3208586573600769,False
789,75,0.0,1.0,5328.0,24.0,F2,41,,0,0.8659878969192505,True,0.8306852579116821,True,0.7451270818710327,True
790,75,0.5,0.5,5340.0,12.0,F4,65,,0,0.21361291408538818,False,0.33333954215049744,False,0.2965209186077118,False
791,75,0.5,0.5,5340.0,12.0,D4,62,,0,0.886581301689148,True,0.7830404043197632,True,0.8791506886482239,True
792,75,1.0,1.0,5352.0,24.0,E4,64,,0,0.9867402911186218,True,0.46699193120002747,False,0.3362847864627838,False
793,75,1.0,1.0,5352.0,24.0,C4,60,,0,0.5492696762084961,True,0.842282235622406,True,0.7993326783180237,True
794,75,1.0,1.0,5352.0,24.0,G2,43,,0,0.6646087169647217,True,0.9569759368896484,True,0.4661098122596741,False
795,75,2.0,1.0,5376.0,24.0,D4,62,,0,0.9479742646217346,True,0.8139467835426331,True,0.9054494500160217,True
796,75,2.0,1.0,5376.0,24.0,B3,59,,0,0.9961866736412048,True,0.6698019504547119,True,0.5425457954406738,True
797,75,2.0,1.0,5376.0,24.0,G2,43,,0,0.7477076053619385,True,0.9083483815193176,True,0.5292204022407532,True
798,76,0.0,0.5,5400.0,12.0,E4,64,,0,0.9552174806594849,True,0.6826990246772766,True,0.6179845929145813,True
799,76,0.0,0.5,5400.0,12.0,C4,60,,0,0.7197356820106506,True,0.8498247265815735,True,0.78538578748703,True
800,76,0.0,1.0,5400.0,24.0,C3,48,,0,0.636822521686554,True,0.8408432006835938,True,0.8763202428817749,True
801,76,0.5,0.5,5412.0,12.0,C5,72,,0,0.640356183052063,True,0.8416836261749268,True,0.4911107122898102,False
802,76,1.0,0.5,5424.0,12.0,D5,74,,0,0.9353634715080261,True,0.721902072429657,True,0.816796600818634,True
803,76,1.5,0.5,5436.0,12.0,E5,76,,0,0.8146858811378479,True,0.37418287992477417,False,0.32567498087882996,False
804,76,2.0,0.5,5448.0,12.0,F5,77,,0,0.4629322290420532,False,0.4035903215408325,False,0.30533403158187866,False
805,76,2.5,0.5,5460.0,12.0,G5,79,,0,0.315886914730072,False,0.340055912733078,False,0.3017437160015106,False
806,77,0.0,1.0,5472.0,24.0,A5,81,,0,0.9834218621253967,True,0.28427353501319885,False,0.3284793198108673,False
807,77,0.0,1.0,5472.0,24.0,F4,65,,0,0.45737895369529724,False,0.4084523320198059,False,0.31367772817611694,False
808,77,0.0,1.0,5472.0,24.0,C4,60,,0,0.6869977116584778,True,0.5079350471496582,True,0.6275705695152283,True
809,77,1.0,1.0,5496.0,24.0,A5,81,,0,0.9441296458244324,True,0.22082515060901642,False,0.3096522390842438,False
810,77,1.0,1.0,5496.0,24.0,F4,65,,0,0.39805763959884644,False,0.4016992747783661,False,0.3072454035282135,False
811,77,1.0,1.0,5496.0,24.0,C4,60,,0,0.5392491221427917,True,0.5028085112571716,True,0.5689097046852112,True
812,77,2.0,1.0,5520.0,24.0,A5,81,,0,0.8761067390441895,True,0.19040104746818542,False,0.3030846416950226,False
813,77,2.0,1.0,5520.0,24.0,F4,65,,0,0.2677461802959442,False,0.3673417270183563,False,0.29773545265197754,False
814,77,2.0,1.0,5520.0,24.0,C4,60,,0,0.49403682351112366,False,0.4058237373828888,False,0.30123358964920044,False
815,78,0.0,1.5,5544.0,36.0,A5,81,,0,0.9436116814613342,True,0.26454484462738037,False,0.3203105032444,False
816,78,0.0,2.0,5544.0,48.0,F4,65,,0,0.5701615810394287,True,0.2623974680900574,False,0.30176135897636414,False
817,78,0.0,3.0,5544.0,72.0,C4,60,,0,0.35201069712638855,False,0.3982827067375183,False,0.3046436011791229,False
818,78,1.5,0.25,5580.0,6.0,B5,83,,0,0.40056219696998596,False,0.37656089663505554,False,0.31033238768577576,False
819,78,1.75,0.25,5586.0,6.0,A5,81,,0,0.9488775730133057,True,0.23697435855865479,False,0.30241334438323975,False
820,78,2.0,1.0,5592.0,24.0,G5,79,,0,0.17622455954551697,False,0.33604976534843445,False,0.29296875,False
821,78,2.0,1.0,5592.0,24.0,E4,64,,0,0.9182239174842834,True,0.5909751057624817,True,0.4531271457672119,False
822,79,0.0,0.0,5616.0,0.0,G5,79,,0,0.16000483930110931,False,0.3437823951244354,False,0.29883089661598206,False
823,79,0.0,1.0,5616.0,24.0,F5,77,,0,0.43783625960350037,False,0.3980458676815033,False,0.30869102478027344,False
824,79,0.0,1.0,5616.0,24.0,B4,71,,0,0.9573146104812622,True,0.45814263820648193,False,0.39057597517967224,False
825,79,0.0,1.0,5616.0,24.0,D4,62,,0,0.7850256562232971,True,0.8155579566955566,True,0.8387906551361084,True
826,79,0.0,1.0,5616.0,24.0,G3,55,,0,0.7624655365943909,True,0.9075836539268494,True,0.8970069289207458,True
827,79,1.0,1.0,5640.0,24.0,F5,77,,0,0.5690817832946777,True,0.38227397203445435,False,0.3073997497558594,False
828,79,1.0,1.0,5640.0,24.0,B4,71,,0,0.9683204889297485,True,0.4810130000114441,False,0.37776973843574524,False
829,79,1.0,1.0,5640.0,24.0,D4,62,,0,0.8632512092590332,True,0.8394173383712769,True,0.90264493227005,True
830,79,1.0,1.0,5640.0,24.0,G3,55,,0,0.3092888295650482,False,0.3522278666496277,False,0.2984657287597656,False
831,79,2.0,1.0,5664.0,24.0,F5,77,,0,0.2725561857223511,False,0.36000075936317444,False,0.29527971148490906,False
832,79,2.0,1.0,5664.0,24.0,B4,71,,0,0.9080546498298645,True,0.35785388946533203,False,0.34008756279945374,False
833,79,2.0,1.0,5664.0,24.0,D4,62,,0,0.6575282216072083,True,0.7070397734642029,True,0.8911405205726624,True
834,79,2.0,1.0,5664.0,24.0,G3,55,,0,0.30554696917533875,False,0.34560102224349976,False,0.29590147733688354,False
835,80,0.0,2.0,5688.0,48.0,F5,77,,0,0.6383826732635498,True,0.36318838596343994,False,0.30724453926086426,False
836,80,0.0,2.0,5688.0,48.0,B4,71,,0,0.9667943716049194,True,0.5101704597473145,True,0.6742467880249023,True
837,80,0.0,2.0,5688.0,48.0,D4,62,,0,0.6887303590774536,True,0.8091772794723511,True,0.8970142602920532,True
838,80,0.0,2.0,5688.0,48.0,G3,55,,0,0.3440786600112915,False,0.36038827896118164,False,0.3038971722126007,False
839,80,2.0,1.0,5736.0,24.0,E5,76,,0,0.8983119130134583,True,0.4747031331062317,False,0.34614133834838867,False
840,80,2.0,1.0,5736.0,24.0,C5,72,,0,0.5310826897621155,True,0.5645177960395813,True,0.625556468963623,True
841,80,2.0,1.0,5736.0,24.0,C4,60,,0,0.2585756182670593,False,0.3607923984527588,False,0.2902781665325165,False
842,80,2.0,1.0,5736.0,24.0,A3,57,,0,0.8861711025238037,True,0.9509485363960266,True,0.8774182200431824,True
843,81,0.0,0.5,5760.0,12.0,G5,79,,0,0.28930792212486267,False,0.3708415925502777,False,0.30529746413230896,False
844,81,0.0,0.5,5760.0,12.0,E5,76,,0,0.9461156129837036,True,0.43567171692848206,False,0.34540054202079773,False
845,81,0.0,1.0,5760.0,24.0,F3,53,,0,0.36859816312789917,False,0.3861258029937744,False,0.306370347738266,False
846,81,0.5,0.5,5772.0,12.0,F5,77,,0,0.40001925826072693,False,0.36395543813705444,False,0.3026787340641022,False
847,81,0.5,0.5,5772.0,12.0,D5,74,,0,0.7173030376434326,True,0.20465107262134552,False,0.31505706906318665,False
848,81,1.0,1.0,5784.0,24.0,E5,76,,0,0.9745808243751526,True,0.6108836531639099,True,0.48405396938323975,False
849,81,1.0,1.0,5784.0,24.0,C5,72,,0,0.8668546676635742,True,0.7806286215782166,True,0.6413201093673706,True
850,81,1.0,1.0,5784.0,24.0,G3,55,,0,0.14703227579593658,False,0.3321196734905243,False,0.2929762303829193,False
851,81,2.0,1.0,5808.0,24.0,D5,74,,0,0.8378977179527283,True,0.4811908006668091,False,0.36940616369247437,False
852,81,2.0,1.0,5808.0,24.0,B4,71,,0,0.9921663999557495,True,0.5822149515151978,True,0.6772810220718384,True
853,81,2.0,1.0,5808.0,24.0,F3,53,,0,0.35851070284843445,False,0.36793282628059387,False,0.2988092005252838,False
854,82,0.0,0.5,5832.0,12.0,G5,79,,0,0.747968316078186,True,0.49380505084991455,False,0.3398917317390442,False
855,82,0.0,0.5,5832.0,12.0,E5,76,,0,0.9326006174087524,True,0.7960091829299927,True,0.4330061972141266,False
856,82,0.0,0.5,5832.0,12.0,E3,52,,0,0.8173073530197144,True,0.5956453084945679,True,0.9067435264587402,True
857,82,0.0,0.5,5832.0,12.0,E2,40,,0,0.2698674201965332,False,0.3796364367008209,False,0.3049878180027008,False
858,82,0.5,0.5,5844.0,12.0,G5,79,,0,0.46121540665626526,False,0.3616512715816498,False,0.3048335015773773,False
859,82,0.5,0.5,5844.0,12.0,E5,76,,0,0.9534962177276611,True,0.526741087436676,True,0.42846208810806274,False
860,82,1.0,0.5,5856.0,12.0,G#3,56,,0,0.9827987551689148,True,0.8224086165428162,True,0.6500645875930786,True
861,82,1.5,0.5,5868.0,12.0,F5,77,,0,0.43736517429351807,False,0.3771269619464874,False,0.30391332507133484,False
862,82,1.5,0.5,5868.0,12.0,D5,74,,0,0.23898795247077942,False,0.33278703689575195,False,0.29348066449165344,False
863,82,2.0,0.5,5880.0,12.0,A3,57,,0,0.5288949608802795,True,0.6728300452232361,True,0.4934360384941101,False
864,82,2.5,0.5,5892.0,12.0,E5,76,,0,0.9695603251457214,True,0.27857622504234314,False,0.3149399161338806,False
865,82,2.5,0.5,5892.0,12.0,C5,72,,0,0.6645674705505371,True,0.38906383514404297,False,0.3270817995071411,False
866,83,0.0,0.5,5904.0,12.0,F3,53,,0,0.4444643557071686,False,0.4091370701789856,False,0.3118129074573517,False
867,83,0.5,0.5,5916.0,12.0,D5,74,,0,0.4524722695350647,False,0.37546563148498535,False,0.3024764060974121,False
868,83,0.5,0.5,5916.0,12.0,F4,65,,0,0.34566402435302734,False,0.35304078459739685,False,0.29834693670272827,False
869,83,1.0,0.5,5928.0,12.0,G3,55,,0,0.6304534673690796,True,0.5244320631027222,True,0.5887675285339355,True
870,83,1.5,0.5,5940.0,12.0,C5,72,,0,0.4479082226753235,False,0.3817589282989502,False,0.30207914113998413,False
871,83,1.5,0.5,5940.0,12.0,E4,64,,0,0.9868420958518982,True,0.11884725093841553,False,0.29075682163238525,False
872,83,2.0,0.5,5952.0,12.0,F3,53,,0,0.5684666633605957,True,0.3960024118423462,False,0.3051438331604004,False
873,83,2.5,0.5,5964.0,12.0,B4,71,,0,0.9873694777488708,True,0.28943589329719543,False,0.3354417681694031,False
874,83,2.5,0.5,5964.0,12.0,D4,62,,0,0.7583954334259033,True,0.45885756611824036,False,0.3923564553260803,False
875,84,0.0,1.0,5976.0,24.0,E3,52,,0,0.9435505867004395,True,0.477445513010025,False,0.3953469693660736,False
876,84,0.0,1.0,5976.0,24.0,E2,40,,0,0.7968801259994507,True,0.6837381720542908,True,0.7638128399848938,True
877,84,0.25,0.25,5982.0,6.0,E5,76,,0,0.8082157373428345,True,0.3304815888404846,False,0.3049940764904022,False
878,84,0.5,0.25,5988.0,6.0,G5,79,,0,0.1250826120376587,False,0.3040888011455536,False,0.29200440645217896,False
879,84,0.75,0.25,5994.0,6.0,E5,76,,0,0.9496023654937744,True,0.35577306151390076,False,0.3092344105243683,False
880,84,1.0,1.0,6000.0,24.0,G#3,56,,0,0.9778122305870056,True,0.83826744556427,True,0.5741652846336365,True
881,84,1.0,1.0,6000.0,24.0,G#2,44,,0,0.9133778214454651,True,0.8397554755210876,True,0.6530372500419617,True
882,84,1.25,0.25,6006.0,6.0,D5,74,,0,0.27880680561065674,False,0.3365156650543213,False,0.2882199287414551,False
883,84,1.5,0.25,6012.0,6.0,F5,77,,0,0.5176167488098145,True,0.19232292473316193,False,0.29118576645851135,False
884,84,1.75,0.25,6018.0,6.0,D5,74,,0,0.6517703533172607,True,0.23445644974708557,False,0.30577409267425537,False
885,84,2.0,1.0,6024.0,24.0,A3,57,,0,0.11695825308561325,False,0.33063751459121704,False,0.29233479499816895,False
886,84,2.0,1.0,6024.0,24.0,A2,45,,0,0.2866852283477783,False,0.36202114820480347,False,0.30101272463798523,False
887,84,2.25,0.25,6030.0,6.0,C5,72,,0,0.5922924876213074,True,0.389978289604187,False,0.3394224941730499,False
888,84,2.5,0.25,6036.0,6.0,E5,76,,0,0.9066138863563538,True,0.5550544857978821,True,0.344830185174942,False
889,84,2.75,0.25,6042.0,6.0,C5,72,,0,0.3566344380378723,False,0.35955193638801575,False,0.29178234934806824,False
890,85,0.0,1.0,6048.0,24.0,F3,53,,0,0.5050666332244873,True,0.15320342779159546,False,0.2894248962402344,False
891,85,0.0,1.0,6048.0,24.0,F2,41,,0,0.9148695468902588,True,0.336078941822052,False,0.3371642827987671,False
892,85,0.25,0.25,6054.0,6.0,F4,65,,0,0.1819974184036255,False,0.3312353789806366,False,0.2890196442604065,False
893,85,0.5,0.25,6060.0,6.0,D5,74,,0,0.7308316230773926,True,0.2844028174877167,False,0.32288649678230286,False
894,85,0.75,0.25,6066.0,6.0,F4,65,,0,0.10937666147947311,False,0.3170395493507385,False,0.2864789068698883,False
895,85,1.0,1.0,6072.0,24.0,G3,55,,0,0.057190630584955215,False,0.32136961817741394,False,0.2907242178916931,False
896,85,1.0,1.0,6072.0,24.0,G2,43,,0,0.46502548456192017,False,0.40588316321372986,False,0.31267109513282776,False
897,85,1.25,0.25,6078.0,6.0,E4,64,,0,0.867767333984375,True,0.15649302303791046,False,0.28695717453956604,False
898,85,1.5,0.25,6084.0,6.0,C5,72,,0,0.197980597615242,False,0.33325985074043274,False,0.29092520475387573,False
899,85,1.75,0.25,6090.0,6.0,E4,64,,0,0.6441056132316589,True,0.1978030949831009,False,0.2867826223373413,False
900,85,2.0,1.0,6096.0,24.0,G3,55,,0,0.18262134492397308,False,0.3337745666503906,False,0.2915400564670563,False
901,85,2.0,1.0,6096.0,24.0,G2,43,,0,0.8168889284133911,True,0.8605979681015015,True,0.5018162131309509,True
902,85,2.25,0.25,6102.0,6.0,D4,62,,0,0.8622934818267822,True,0.46905532479286194,False,0.38957610726356506,False
903,85,2.5,0.25,6108.0,6.0,B4,71,,0,0.9238941669464111,True,0.3136831521987915,False,0.3316083550453186,False
904,85,2.75,0.25,6114.0,6.0,D4,62,,0,0.9336609840393066,True,0.5630679726600647,True,0.6231085658073425,True
905,86,0.0,1.0,6120.0,24.0,C5,72,,0,0.8569726347923279,True,0.549778938293457,True,0.44120797514915466,False
906,86,0.0,1.0,6120.0,24.0,G4,67,,0,0.4795430302619934,False,0.3867829442024231,False,0.31473585963249207,False
907,86,0.0,1.0,6120.0,24.0,E4,64,,0,0.9646777510643005,True,0.5688088536262512,True,0.5170679688453674,True
908,86,0.0,0.25,6120.0,6.0,C3,48,,0,0.7032631635665894,True,0.42073801159858704,False,0.31577542424201965,False
909,86,0.25,0.25,6126.0,6.0,E3,52,,0,0.9197259545326233,True,0.43084627389907837,False,0.3553253412246704,False
910,86,0.5,0.25,6132.0,6.0,G3,55,,0,0.16547487676143646,False,0.3121548295021057,False,0.2917972505092621,False
911,86,0.75,0.25,6138.0,6.0,C4,60,,0,0.9201262593269348,True,0.3955964744091034,False,0.3140924274921417,False
912,86,1.0,0.25,6144.0,6.0,C3,48,,0,0.6812116503715515,True,0.26991283893585205,False,0.289852499961853,False
913,86,1.25,0.25,6150.0,6.0,E3,52,,0,0.80475914478302,True,0.3850061297416687,False,0.3396752178668976,False
914,86,1.5,0.25,6156.0,6.0,G3,55,,0,0.34893599152565,False,0.3402533531188965,False,0.29723575711250305,False
915,86,1.75,0.25,6162.0,6.0,C4,60,,0,0.8245516419410706,True,0.39440709352493286,False,0.29852285981178284,False
916,86,2.0,0.75,6168.0,18.0,E5,76,,0,0.8473160862922668,True,0.3640346825122833,False,0.3100682199001312,False
917,86,2.0,0.25,6168.0,6.0,C3,48,,0,0.509247899055481,True,0.19428633153438568,False,0.2802882790565491,False
918,86,2.25,0.25,6174.0,6.0,E3,52,,0,0.8978393077850342,True,0.3775065839290619,False,0.34258076548576355,False
919,86,2.5,0.25,6180.0,6.0,G3,55,,0,0.19193260371685028,False,0.3171488642692566,False,0.2925659716129303,False
920,86,2.75,0.125,6186.0,3.0,D5,74,,0,0.3674373924732208,False,0.33916640281677246,False,0.2906130254268646,False
921,86,2.75,0.25,6186.0,6.0,C4,60,,0,0.7884218096733093,True,0.3550371527671814,False,0.2994959354400635,False
922,86,2.875,0.125,6189.0,3.0,C5,72,,0,0.9867151379585266,True,0.4939069151878357,False,0.3611658811569214,False
923,87,0.0,2.0,6192.0,48.0,G5,79,,0,0.8940601348876953,True,0.293617308139801,False,0.3162667453289032,False
924,87,0.0,0.25,6192.0,6.0,C3,48,,0,0.6458843946456909,True,0.2330475151538849,False,0.2881084978580475,False
925,87,0.25,0.25,6198.0,6.0,E3,52,,0,0.9121397137641907,True,0.39710643887519836,False,0.34525638818740845,False
926,87,0.5,0.25,6204.0,6.0,G3,55,,0,0.1405213177204132,False,0.30818694829940796,False,0.291191428899765,False
927,87,0.75,0.25,6210.0,6.0,C4,60,,0,0.8426578044891357,True,0.3016990125179291,False,0.2950393855571747,False
928,87,1.0,0.25,6216.0,6.0,C3,48,,0,0.7024033665657043,True,0.23158445954322815,False,0.2844143509864807,False
929,87,1.25,0.25,6222.0,6.0,E3,52,,0,0.854668140411377,True,0.3725750148296356,False,0.34203338623046875,False
930,87,1.5,0.25,6228.0,6.0,G3,55,,0,0.2746422588825226,False,0.32714709639549255,False,0.2947600781917572,False
931,87,1.75,0.25,6234.0,6.0,C4,60,,0,0.6947669982910156,True,0.2698095142841339,False,0.2895906865596771,False
932,87,2.0,0.75,6240.0,18.0,B5,83,,0,0.4478320777416229,False,0.40424415469169617,False,0.3074130415916443,False
933,87,2.0,0.25,6240.0,6.0,C3,48,,0,0.35766762495040894,False,0.36125969886779785,False,0.28608497977256775,False
934,87,2.25,0.25,6246.0,6.0,F3,53,,0,0.19483625888824463,False,0.3332999646663666,False,0.2887992560863495,False
935,87,2.5,0.25,6252.0,6.0,G3,55,,0,0.0878598541021347,False,0.300525039434433,False,0.2898404896259308,False
936,87,2.75,0.125,6258.0,3.0,A5,81,,0,0.752604603767395,True,0.1681574285030365,False,0.2944510281085968,False
937,87,2.75,0.25,6258.0,6.0,C4,60,,0,0.7439957857131958,True,0.383733868598938,False,0.29681745171546936,False
938,87,2.875,0.125,6261.0,3.0,G5,79,,0,0.8793932795524597,True,0.2554335296154022,False,0.2942362129688263,False
939,88,0.0,2.0,6264.0,48.0,C6,84,,0,0.9494275450706482,True,0.5194392204284668,True,0.41360199451446533,False
940,88,0.0,0.25,6264.0,6.0,C3,48,,0,0.614725649356842,True,0.2245512157678604,False,0.2893306016921997,False
941,88,0.25,0.25,6270.0,6.0,E3,52,,0,0.9077388644218445,True,0.39095041155815125,False,0.3428213894367218,False
942,88,0.5,0.25,6276.0,6.0,G3,55,,0,0.11999931931495667,False,0.3046754002571106,False,0.29061204195022583,False
943,88,0.75,0.25,6282.0,6.0,C4,60,,0,0.8061047196388245,True,0.3044430613517761,False,0.29370373487472534,False
944,88,1.0,0.25,6288.0,6.0,C3,48,,0,0.6938444375991821,True,0.23868632316589355,False,0.2869751751422882,False
945,88,1.25,0.25,6294.0,6.0,E3,52,,0,0.7962279915809631,True,0.36402377486228943,False,0.33872082829475403,False
946,88,1.5,0.25,6300.0,6.0,G3,55,,0,0.27704280614852905,False,0.326418399810791,False,0.2945205271244049,False
947,88,1.75,0.25,6306.0,6.0,C4,60,,0,0.7453340888023376,True,0.27352577447891235,False,0.2886369526386261,False
948,88,2.0,0.75,6312.0,18.0,E5,76,,0,0.8653637766838074,True,0.2927812933921814,False,0.3051088750362396,False
949,88,2.0,0.25,6312.0,6.0,C3,48,,0,0.38879814743995667,False,0.368926078081131,False,0.2884044647216797,False
950,88,2.25,0.25,6318.0,6.0,E3,52,,0,0.8811120390892029,True,0.3899582028388977,False,0.34286588430404663,False
951,88,2.5,0.25,6324.0,6.0,G3,55,,0,0.197434201836586,False,0.31639301776885986,False,0.29250743985176086,False
952,88,2.75,0.125,6330.0,3.0,D5,74,,0,0.5857162475585938,True,0.5027629733085632,True,0.3528120815753937,False
953,88,2.75,0.25,6330.0,6.0,C4,60,,0,0.7264516949653625,True,0.30813488364219666,False,0.2923518717288971,False
954,88,2.875,0.125,6333.0,3.0,C5,72,,0,0.9462051391601562,True,0.5689969062805176,True,0.42742159962654114,False
955,89,0.0,1.0,6336.0,24.0,G5,79,,0,0.747667670249939,True,0.4064471423625946,False,0.3354414999485016,False
956,89,0.0,0.25,6336.0,6.0,C3,48,,0,0.6213861703872681,True,0.3114120066165924,False,0.30000969767570496,False
957,89,0.25,0.25,6342.0,6.0,E3,52,,0,0.9166038632392883,True,0.3411670923233032,False,0.3320082724094391,False
958,89,0.5,0.25,6348.0,6.0,G3,55,,0,0.09976790845394135,False,0.30235010385513306,False,0.29031607508659363,False
959,89,0.75,0.25,6354.0,6.0,C4,60,,0,0.6273548007011414,True,0.23267635703086853,False,0.28588756918907166,False
960,89,1.0,1.0,6360.0,24.0,G5,79,,0,0.8178538680076599,True,0.3454723060131073,False,0.313167929649353,False
961,89,1.0,0.25,6360.0,6.0,C3,48,,0,0.59146648645401,True,0.24414996802806854,False,0.28916916251182556,False
962,89,1.25,0.25,6366.0,6.0,E3,52,,0,0.5937795042991638,True,0.31664255261421204,False,0.3219783902168274,False
963,89,1.5,0.25,6372.0,6.0,G3,55,,0,0.4371756315231323,False,0.3511241674423218,False,0.3019179105758667,False
964,89,1.75,0.25,6378.0,6.0,C4,60,,0,0.6819857358932495,True,0.3646196722984314,False,0.2923588156700134,False
965,89,2.0,0.75,6384.0,18.0,B5,83,,0,0.5062395334243774,True,0.44891220331192017,False,0.3175089657306671,False
966,89,2.0,0.25,6384.0,6.0,C3,48,,0,0.5835108757019043,True,0.18489953875541687,False,0.282250314950943,False
967,89,2.25,0.25,6390.0,6.0,F3,53,,0,0.26161646842956543,False,0.33983129262924194,False,0.2894585430622101,False
968,89,2.5,0.25,6396.0,6.0,G3,55,,0,0.17833538353443146,False,0.31439077854156494,False,0.29320672154426575,False
969,89,2.75,0.125,6402.0,3.0,A5,81,,0,0.8691564798355103,True,0.19641231000423431,False,0.3006177842617035,False
970,89,2.75,0.25,6402.0,6.0,C4,60,,0,0.6954496502876282,True,0.3025510311126709,False,0.28931233286857605,False
971,89,2.875,0.125,6405.0,3.0,G5,79,,0,0.889811098575592,True,0.40019088983535767,False,0.31610265374183655,False
972,90,0.0,1.0,6408.0,24.0,C6,84,,0,0.8375616669654846,True,0.700826108455658,True,0.37284600734710693,False
973,90,0.0,1.0,6408.0,24.0,C4,60,,0,0.7242169976234436,True,0.37527361512184143,False,0.3135494887828827,False
974,90,0.0,1.0,6408.0,24.0,G3,55,,0,0.4959096908569336,False,0.40616574883461,False,0.314346581697464,False
975,90,0.0,1.0,6408.0,24.0,E3,52,,0,0.8591426014900208,True,0.5099818110466003,True,0.6937713027000427,True
976,90,0.0,1.0,6408.0,24.0,C3,48,,0,0.810303270816803,True,0.5613057017326355,True,0.48024430871009827,False
977,90,1.0,1.5,6432.0,36.0,E6,88,,0,0.9181396961212158,True,0.6586746573448181,True,0.4092664420604706,False
978,90,1.0,1.5,6432.0,36.0,E4,64,,0,0.8617755174636841,True,0.6947667598724365,True,0.5085856318473816,True
979,90,1.0,1.5,6432.0,36.0,E3,52,,0,0.8908494114875793,True,0.44353774189949036,False,0.3715371787548065,False
980,90,2.5,0.5,6468.0,12.0,G#5,80,,0,0.2167067676782608,False,0.3307141363620758,False,0.29605937004089355,False
981,90,2.5,0.5,6468.0,12.0,G#3,56,,0,0.8699042797088623,True,0.851862370967865,True,0.5451578497886658,True
982,90,2.5,0.5,6468.0,12.0,G#2,44,,0,0.9105574488639832,True,0.8147979974746704,True,0.6819661855697632,True
983,91,0.0,1.0,6480.0,24.0,A5,81,,0,0.9893108606338501,True,0.33317849040031433,False,0.33400654792785645,False
984,91,0.0,1.0,6480.0,24.0,A3,57,,0,0.9784204363822937,True,0.6474777460098267,True,0.7390004992485046,True
985,91,0.0,1.0,6480.0,24.0,A2,45,,0,0.9048999547958374,True,0.7504114508628845,True,0.540687084197998,True
986,91,1.0,1.5,6504.0,36.0,C6,84,,0,0.7124329209327698,True,0.615100085735321,True,0.3998313844203949,False
987,91,1.0,1.5,6504.0,36.0,C4,60,,0,0.8151026964187622,True,0.3469376266002655,False,0.31602755188941956,False
988,91,1.0,1.5,6504.0,36.0,C3,48,,0,0.7146715521812439,True,0.4860613942146301,False,0.33222246170043945,False
989,91,2.5,0.5,6540.0,12.0,E5,76,,0,0.9037494659423828,True,0.4565971791744232,False,0.33461111783981323,False
990,91,2.5,0.5,6540.0,12.0,E3,52,,0,0.8555376529693604,True,0.08487734943628311,False,0.294464111328125,False
991,92,0.0,0.75,6552.0,18.0,F5,77,,0,0.1990065574645996,False,0.3606913983821869,False,0.3010830879211426,False
992,92,0.0,0.75,6552.0,18.0,F3,53,,0,0.7769568562507629,True,0.3056972622871399,False,0.3066638708114624,False
993,92,0.75,0.125,6570.0,3.0,E5,76,,0,0.7676310539245605,True,0.44913339614868164,False,0.3224070966243744,False
994,92,0.75,0.125,6570.0,3.0,E3,52,,0,0.8586681485176086,True,0.16419486701488495,False,0.3026255965232849,False
995,92,0.875,0.125,6573.0,3.0,D5,74,,0,0.8759428858757019,True,0.3891768753528595,False,0.3136531114578247,False
996,92,0.875,0.125,6573.0,3.0,D3,50,,0,0.9788474440574646,True,0.8383640646934509,True,0.4258725643157959,False
997,92,1.0,1.0,6576.0,24.0,G5,79,,0,0.6600701212882996,True,0.511854887008667,True,0.3370908498764038,False
998,92,1.0,1.0,6576.0,24.0,G3,55,,0,0.5998777151107788,True,0.40444454550743103,False,0.31560757756233215,False
999,92,2.0,1.0,6600.0,24.0,B5,83,,0,0.17628063261508942,False,0.3447205722332001,False,0.2970394194126129,False
1000,92,2.0,1.0,6600.0,24.0,G5,79,,0,0.5697033405303955,True,0.4279969334602356,False,0.31919240951538086,False
1001,92,2.0,1.0,6600.0,24.0,D5,74,,0,0.5614928603172302,True,0.31662845611572266,False,0.3056594133377075,False
1002,92,2.0,1.0,6600.0,24.0,G3,55,,0,0.5676488876342773,True,0.3051753342151642,False,0.30029815435409546,False
1003,92,2.0,1.0,6600.0,24.0,G2,43,,0,0.3628194034099579,False,0.36511459946632385,False,0.30073419213294983,False
1004,93,0.0,1.0,6624.0,24.0,C6,84,,0,0.9112109541893005,True,0.39690884947776794,False,0.31529614329338074,False
1005,93,0.0,1.0,6624.0,24.0,G5,79,,0,0.29444658756256104,False,0.36047542095184326,False,0.3040947914123535,False
1006,93,0.0,1.0,6624.0,24.0,E5,76,,0,0.7070136666297913,True,0.38383597135543823,False,0.33248159289360046,False
1007,93,0.0,1.0,6624.0,24.0,C4,60,,0,0.8081645369529724,True,0.15853717923164368,False,0.29489991068840027,False
1008,93,0.0,1.0,6624.0,24.0,C3,48,,0,0.9141163229942322,True,0.18800467252731323,False,0.2981255054473877,False
1009,93,1.0,1.0,6648.0,24.0,C4,60,,0,0.7769154906272888,True,0.2377505600452423,False,0.3014604151248932,False
1010,93,1.0,1.0,6648.0,24.0,C3,48,,0,0.9215055704116821,True,0.2983359098434448,False,0.3076324760913849,False
1011,93,1.0,1.0,6648.0,24.0,C2,36,,0,0.5801395773887634,True,0.2814836800098419,False,0.30583640933036804,False
1012,94,0.0,1.0,6696.0,24.0,G4,67,,0,0.33896031975746155,False,0.37117958068847656,False,0.30829575657844543,False
1013,94,0.0,3.0,6696.0,72.0,G4,67,,0,0.25636160373687744,False,0.3681774437427521,False,0.3063450753688812,False
1014,94,1.0,1.0,6720.0,24.0,C5,72,,0,0.3437521755695343,False,0.38565096259117126,False,0.2979782819747925,False
1015,94,1.0,1.0,6720.0,24.0,E3,52,,0,0.7502773404121399,True,0.15624292194843292,False,0.3030969500541687,False
1016,94,2.0,1.0,6744.0,24.0,E5,76,,0,0.9014196991920471,True,0.3643817603588104,False,0.3260437846183777,False
1017,94,2.0,1.0,6744.0,24.0,C3,48,,0,0.9585893750190735,True,0.3153463304042816,False,0.3102128505706787,False
1018,95,0.0,2.0,6768.0,48.0,E5,76,,0,0.5773985385894775,True,0.3973202109336853,False,0.32346951961517334,False
1019,95,0.0,2.0,6768.0,48.0,C5,72,,0,0.31049078702926636,False,0.3846234381198883,False,0.3010307848453522,False
1020,95,0.0,3.0,6768.0,72.0,G4,67,,0,0.25872406363487244,False,0.37128788232803345,False,0.3057438135147095,False
1021,95,0.0,3.0,6768.0,72.0,G3,55,,0,0.5678486824035645,True,0.3504072427749634,False,0.32108327746391296,False
1022,95,2.0,1.0,6816.0,24.0,D5,74,,0,0.29889219999313354,False,0.3628091812133789,False,0.2949659824371338,False
1023,95,2.0,1.0,6816.0,24.0,B4,71,,0,0.7749733924865723,True,0.2052202671766281,False,0.30953744053840637,False
1024,96,0.0,1.0,6840.0,24.0,G5,79,,0,0.680580735206604,True,0.5710816979408264,True,0.3872288763523102,False
1025,96,1.0,1.0,6864.0,24.0,C5,72,,0,0.1442280411720276,False,0.34338584542274475,False,0.28980764746665955,False
1026,96,1.0,2.0,6864.0,48.0,G4,67,,0,0.31852084398269653,False,0.3733859360218048,False,0.3038824796676636,False
1027,96,1.0,1.0,6864.0,24.0,E3,52,,0,0.7596971392631531,True,0.13050152361392975,False,0.2976238429546356,False
1028,96,2.0,1.0,6888.0,24.0,E5,76,,0,0.8426017761230469,True,0.4095163345336914,False,0.32593393325805664,False
1029,96,2.0,1.0,6888.0,24.0,C3,48,,0,0.9671862125396729,True,0.3849075734615326,False,0.32382550835609436,False
1030,97,0.0,2.0,6912.0,48.0,E5,76,,0,0.4259527027606964,False,0.438992977142334,False,0.3196839690208435,False
1031,97,0.0,2.0,6912.0,48.0,C5,72,,0,0.49029532074928284,False,0.41491076350212097,False,0.30891045928001404,False
1032,97,0.0,3.0,6912.0,72.0,G4,67,,0,0.3147805631160736,False,0.3777705430984497,False,0.3085065186023712,False
1033,97,0.0,3.0,6912.0,72.0,G3,55,,0,0.8078165650367737,True,0.5897431969642639,True,0.6935676336288452,True
1034,97,2.0,1.0,6960.0,24.0,D5,74,,0,0.5429171323776245,True,0.22341807186603546,False,0.2934831976890564,False
1035,97,2.0,1.0,6960.0,24.0,B4,71,,0,0.9616015553474426,True,0.12445762008428574,False,0.29406213760375977,False
1036,98,0.0,1.0,6984.0,24.0,A4,69,,0,0.9977083206176758,True,0.8164302706718445,True,0.6088286638259888,True
1037,98,0.0,1.0,6984.0,24.0,D4,62,,0,0.4197232127189636,False,0.4066167175769806,False,0.3111254572868347,False
1038,98,0.0,1.0,6984.0,24.0,A3,57,,0,0.9561726450920105,True,0.30401530861854553,False,0.35922425985336304,False
1039,98,0.0,1.0,6984.0,24.0,F3,53,,0,0.7531180381774902,True,0.39939814805984497,False,0.35131704807281494,False
1040,98,1.0,1.0,7008.0,24.0,D5,74,,0,0.21163412928581238,False,0.3445655107498169,False,0.2926007807254791,False
1041,98,2.0,1.0,7032.0,24.0,F5,77,,0,0.670835018157959,True,0.34734907746315,False,0.30390211939811707,False
1042,99,0.0,1.0,7056.0,24.0,E5,76,,0,0.9655635952949524,True,0.4537397027015686,False,0.3401276171207428,False
1043,99,0.0,1.0,7056.0,24.0,D4,62,,0,0.8742026090621948,True,0.2673165202140808,False,0.3447074294090271,False
1044,99,0.0,1.0,7056.0,24.0,A3,57,,0,0.9363614916801453,True,0.24175961315631866,False,0.3321762681007385,False
1045,99,0.0,1.0,7056.0,24.0,F3,53,,0,0.9129076600074768,True,0.5913447737693787,True,0.2823565602302551,False
1046,99,1.0,1.0,7080.0,24.0,D5,74,,0,0.7840047478675842,True,0.3645617663860321,False,0.33433791995048523,False
1047,99,2.0,2.0,7104.0,48.0,A5,81,,0,0.9292392730712891,True,0.26263895630836487,False,0.3174765706062317,False
1048,100,0.0,3.0,7128.0,72.0,F4,65,,0,0.5328196287155151,True,0.9289175868034363,True,0.632615327835083,True
1049,100,0.0,3.0,7128.0,72.0,D4,62,,0,0.9780575633049011,True,0.4190407693386078,False,0.39275020360946655,False
1050,100,0.0,3.0,7128.0,72.0,G3,55,,0,0.8035804033279419,True,0.8753588795661926,True,0.8875623941421509,True
1051,100,1.0,1.0,7152.0,24.0,G5,79,,0,0.867108941078186,True,0.42358750104904175,False,0.33983904123306274,False
1052,100,2.0,1.0,7176.0,24.0,B4,71,,0,0.9305321574211121,True,0.17094729840755463,False,0.30238792300224304,False
1053,101,0.0,0.5,7200.0,12.0,C5,72,,0,0.96314936876297,True,0.6937602758407593,True,0.3953838050365448,False
1054,101,0.0,1.0,7200.0,24.0,E4,64,,0,0.9758122563362122,True,0.22809351980686188,False,0.3161800503730774,False
1055,101,0.0,1.0,7200.0,24.0,C4,60,,0,0.7947589159011841,True,0.6573137640953064,True,0.38049212098121643,False
1056,101,0.5,0.5,7212.0,12.0,G4,67,,0,0.7341029644012451,True,0.8063533902168274,True,0.5520589351654053,True
1057,101,1.0,0.5,7224.0,12.0,E4,64,,0,0.9860970377922058,True,0.1950352042913437,False,0.30348336696624756,False
1058,101,1.5,0.5,7236.0,12.0,G4,67,,0,0.1464150995016098,False,0.31480535864830017,False,0.29345306754112244,False
1059,101,2.0,0.5,7248.0,12.0,F4,65,,0,0.317024827003479,False,0.3830082416534424,False,0.29906532168388367,False
1060,101,2.5,0.5,7260.0,12.0,D4,62,,0,0.9057471752166748,True,0.21971604228019714,False,0.33904287219047546,False
1061,102,0.0,0.75,7272.0,18.0,C4,60,,0,0.670078456401825,True,0.41441014409065247,False,0.3529508411884308,False
1062,102,0.75,0.25,7290.0,6.0,G3,55,,0,0.3756335973739624,False,0.32866835594177246,False,0.2928417921066284,False
1063,102,1.0,1.0,7296.0,24.0,C4,60,,0,0.768753707408905,True,0.3662279546260834,False,0.3363274931907654,False
1064,102,1.0,1.0,7296.0,24.0,E3,52,,0,0.8805662393569946,True,0.24503344297409058,False,0.3173465132713318,False
1065,102,2.0,1.0,7320.0,24.0,E4,64,,0,0.9683226346969604,True,0.37242060899734497,False,0.32533755898475647,False
1066,102,2.0,1.0,7320.0,24.0,C3,48,,0,0.9478159546852112,True,0.18729472160339355,False,0.2944859266281128,False
1067,103,0.0,2.0,7344.0,48.0,E4,64,,0,0.8793572187423706,True,0.48272791504859924,False,0.34279176592826843,False
1068,103,0.0,2.0,7344.0,48.0,C4,60,,0,0.7354001998901367,True,0.4974339008331299,False,0.3696042597293854,False
1069,103,0.0,3.0,7344.0,72.0,G3,55,,0,0.49814096093177795,False,0.4028390049934387,False,0.3151838183403015,False
1070,103,0.0,3.0,7344.0,72.0,G2,43,,0,0.2392829954624176,False,0.37119877338409424,False,0.3059859275817871,False
1071,103,2.0,1.0,7392.0,24.0,D4,62,,0,0.7065089344978333,True,0.4971420466899872,False,0.3917059302330017,False
1072,103,2.0,1.0,7392.0,24.0,B3,59,,0,0.9524326920509338,True,0.8173156976699829,True,0.6928784847259521,True
1073,104,0.0,1.0,7416.0,24.0,G4,67,,0,0.7607669830322266,True,0.7180471420288086,True,0.4059557020664215,False
1074,104,1.0,1.0,7440.0,24.0,C4,60,,0,0.5734755992889404,True,0.5746294856071472,True,0.5947232842445374,True
1075,104,1.0,2.0,7440.0,48.0,G3,55,,0,0.6961675882339478,True,0.39824962615966797,False,0.3454550802707672,False
1076,104,1.0,1.0,7440.0,24.0,E3,52,,0,0.7976446151733398,True,0.2557903528213501,False,0.31955578923225403,False
1077,104,2.0,1.0,7464.0,24.0,E4,64,,0,0.9604266285896301,True,0.3105310797691345,False,0.316988468170166,False
1078,104,2.0,1.0,7464.0,24.0,C3,48,,0,0.8407196998596191,True,0.4690181016921997,False,0.3459240198135376,False
1079,105,0.0,2.0,7488.0,48.0,E4,64,,0,0.9071295857429504,True,0.24507352709770203,False,0.3108944594860077,False
1080,105,0.0,2.0,7488.0,48.0,C4,60,,0,0.9164403080940247,True,0.5352726578712463,True,0.6224587559700012,True
1081,105,0.0,3.0,7488.0,72.0,G3,55,,0,0.5728546380996704,True,0.8618554472923279,True,0.8821216225624084,True
1082,105,0.0,3.0,7488.0,72.0,G2,43,,0,0.8280105590820312,True,0.9853695034980774,True,0.7254976630210876,True
1083,105,2.0,1.0,7536.0,24.0,D4,62,,0,0.8639532923698425,True,0.5418404936790466,True,0.7134535908699036,True
1084,105,2.0,1.0,7536.0,24.0,B3,59,,0,0.9811958074569702,True,0.8643292188644409,True,0.3592291474342346,False
1085,106,0.0,1.0,7560.0,24.0,A3,57,,0,0.996343195438385,True,0.489981472492218,False,0.4210234582424164,False
1086,106,0.0,1.0,7560.0,24.0,D3,50,,0,0.9369074106216431,True,0.8599050045013428,True,0.639920711517334,True
1087,106,0.0,1.0,7560.0,24.0,A2,45,,0,0.9738736748695374,True,0.9598574638366699,True,0.8341430425643921,True
1088,106,0.0,1.0,7560.0,24.0,F2,41,,0,0.713340163230896,True,0.7168807983398438,True,0.7467600703239441,True
1089,106,1.0,1.0,7584.0,24.0,D4,62,,0,0.8383415937423706,True,0.4719420075416565,False,0.39308708906173706,False
1090,106,2.0,1.0,7608.0,24.0,F4,65,,0,0.5333772301673889,True,0.9206439256668091,True,0.597570538520813,True
1091,107,0.0,1.0,7632.0,24.0,E4,64,,0,0.9911460280418396,True,0.3371700644493103,False,0.3230688273906708,False
1092,107,0.0,1.0,7632.0,24.0,D3,50,,0,0.9713555574417114,True,0.8244088888168335,True,0.5225395560264587,True
1093,107,0.0,1.0,7632.0,24.0,A2,45,,0,0.9201696515083313,True,0.9521762728691101,True,0.8468306660652161,True
1094,107,0.0,1.0,7632.0,24.0,F2,41,,0,0.8911720514297485,True,0.763253390789032,True,0.6232241988182068,True
1095,107,1.0,1.0,7656.0,24.0,D4,62,,0,0.908000111579895,True,0.5564610958099365,True,0.9077966809272766,True
1096,107,2.0,2.0,7680.0,48.0,A4,69,,0,0.9959197044372559,True,0.8383559584617615,True,0.8722634315490723,True
1097,108,0.0,1.0,7704.0,24.0,F3,53,,0,0.7075605392456055,True,0.8364337086677551,True,0.7517661452293396,True
1098,108,0.0,1.0,7704.0,24.0,D3,50,,0,0.956274688243866,True,0.7192901968955994,True,0.5009702444076538,True
1099,108,0.0,1.0,7704.0,24.0,G2,43,,0,0.51426100730896,True,0.9905968904495239,True,0.5845785140991211,True
1100,108,1.0,1.0,7728.0,24.0,G4,67,,0,0.7186940312385559,True,0.6416714191436768,True,0.48687314987182617,False
1101,108,2.0,1.0,7752.0,24.0,B3,59,,0,0.9741825461387634,True,0.7526086568832397,True,0.6723691821098328,True
1102,109,0.0,0.5,7776.0,12.0,C4,60,,0,0.8402933478355408,True,0.7035743594169617,True,0.8620477318763733,True
1103,109,0.0,1.0,7776.0,24.0,E3,52,,0,0.9702679514884949,True,0.7905383706092834,True,0.6865534782409668,True
1104,109,0.0,1.0,7776.0,24.0,C3,48,,0,0.7120017409324646,True,0.6646435260772705,True,0.9115132093429565,True
1105,109,0.5,0.5,7788.0,12.0,G4,67,,0,0.8665429353713989,True,0.5178219676017761,True,0.5152267813682556,True
1106,109,1.0,1.0,7800.0,24.0,E4,64,,0,0.978935956954956,True,0.2628697156906128,False,0.31406328082084656,False
1107,109,1.5,0.5,7812.0,12.0,G4,67,,0,0.7731621265411377,True,0.38463646173477173,False,0.3461582064628601,False
1108,109,2.0,1.0,7824.0,24.0,C4,60,,0,0.9036974906921387,True,0.7774983644485474,True,0.8971306681632996,True
1109,109,2.5,0.5,7836.0,12.0,G4,67,,0,0.7710798978805542,True,0.547451376914978,True,0.4473707675933838,False
1110,110,0.0,0.5,7848.0,12.0,G4,67,,0,0.6483626961708069,True,0.4504495859146118,False,0.3528739809989929,False
1111,110,0.0,0.5,7848.0,12.0,F4,65,,0,0.4796580970287323,False,0.4493713974952698,False,0.32122817635536194,False
1112,110,0.0,1.0,7848.0,24.0,D4,62,,0,0.9832725524902344,True,0.4145261347293854,False,0.4031814932823181,False
1113,110,0.5,0.5,7860.0,12.0,G4,67,,0,0.8338600397109985,True,0.3496238887310028,False,0.3356269598007202,False
1114,110,0.5,0.5,7860.0,12.0,F4,65,,0,0.7868038415908813,True,0.6906744837760925,True,0.6741082072257996,True
1115,110,1.0,1.0,7872.0,24.0,B3,59,,0,0.977158784866333,True,0.7810925245285034,True,0.8173862099647522,True
1116,110,1.5,0.5,7884.0,12.0,G4,67,,0,0.7050197124481201,True,0.43674302101135254,False,0.34777572751045227,False
1117,110,1.5,0.5,7884.0,12.0,F4,65,,0,0.5015560984611511,True,0.7155165672302246,True,0.6757035255432129,True
1118,110,2.0,1.0,7896.0,24.0,G3,55,,0,0.9343876242637634,True,0.8202403783798218,True,0.8957191705703735,True
1119,110,2.5,0.5,7908.0,12.0,G4,67,,0,0.9451826214790344,True,0.7506386041641235,True,0.7761854529380798,True
1120,110,2.5,0.5,7908.0,12.0,F4,65,,0,0.6646243333816528,True,0.8378990888595581,True,0.7713717818260193,True
1121,111,0.0,0.5,7920.0,12.0,G4,67,,0,0.9056817293167114,True,0.7456384897232056,True,0.7795729041099548,True
1122,111,0.0,0.5,7920.0,12.0,E-4,63,,0,0.9070164561271667,True,0.6217703819274902,True,0.274605929851532,False
1123,111,0.0,1.0,7920.0,24.0,C3,48,,0,0.9409850835800171,True,0.8038992285728455,True,0.9333548545837402,True
1124,111,0.5,0.5,7932.0,12.0,G4,67,,0,0.9458603262901306,True,0.6086863875389099,True,0.821933388710022,True
1125,111,0.5,0.5,7932.0,12.0,E-4,63,,0,0.944415271282196,True,0.23391613364219666,False,0.3197380006313324,False
1126,111,1.0,1.0,7944.0,24.0,E-3,51,,0,0.7260277271270752,True,0.25196048617362976,False,0.3188205063343048,False
1127,111,1.5,0.5,7956.0,12.0,G4,67,,0,0.7797053456306458,True,0.4781145751476288,False,0.3524937331676483,False
1128,111,1.5,0.5,7956.0,12.0,E-4,63,,0,0.8295199871063232,True,0.14411891996860504,False,0.3019860088825226,False
1129,111,2.0,1.0,7968.0,24.0,C3,48,,0,0.9150829315185547,True,0.7475285530090332,True,0.910279393196106,True
1130,111,2.5,0.5,7980.0,12.0,G4,67,,0,0.9243136048316956,True,0.7024311423301697,True,0.6496567130088806,True
1131,111,2.5,0.5,7980.0,12.0,E-4,63,,0,0.9406358003616333,True,0.3264407813549042,False,0.3371933698654175,False
1132,112,0.0,0.5,7992.0,12.0,G4,67,,0,0.7289178967475891,True,0.6137059926986694,True,0.6769371032714844,True
1133,112,0.0,0.5,7992.0,12.0,F4,65,,0,0.4135245978832245,False,0.4282420873641968,False,0.3154314160346985,False
1134,112,0.0,1.0,7992.0,24.0,D3,50,,0,0.9988424181938171,True,0.8224321603775024,True,0.41964125633239746,False
1135,112,0.5,0.5,8004.0,12.0,G4,67,,0,0.9096988439559937,True,0.69673752784729,True,0.6747480630874634,True
1136,112,0.5,0.5,8004.0,12.0,F4,65,,0,0.7280328273773193,True,0.8619190454483032,True,0.5740796327590942,True
1137,112,1.0,1.0,8016.0,24.0,B2,47,,0,0.7617603540420532,True,0.7698671817779541,True,0.9402851462364197,True
1138,112,1.5,0.5,8028.0,12.0,G4,67,,0,0.7249163389205933,True,0.5336078405380249,True,0.733214259147644,True
1139,112,1.5,0.5,8028.0,12.0,F4,65,,0,0.4301503598690033,False,0.39477354288101196,False,0.30872589349746704,False
1140,112,2.0,1.0,8040.0,24.0,G2,43,,0,0.7205324769020081,True,0.941657304763794,True,0.766727089881897,True
1141,112,2.5,0.5,8052.0,12.0,G4,67,,0,0.9580288529396057,True,0.5332252979278564,True,0.710080623626709,True
1142,112,2.5,0.5,8052.0,12.0,F4,65,,0,0.4541779160499573,False,0.38259461522102356,False,0.30798476934432983,False
1143,113,0.0,0.5,8064.0,12.0,G4,67,,0,0.9320805072784424,True,0.6175299882888794,True,0.7754583954811096,True
1144,113,0.0,0.5,8064.0,12.0,E-4,63,,0,0.709099531173706,True,0.4223693311214447,False,0.3568926751613617,False
1145,113,0.0,1.0,8064.0,24.0,C3,48,,0,0.9683722853660583,True,0.7738972306251526,True,0.9337948560714722,True
1146,113,0.0,1.0,8064.0,24.0,C2,36,,0,0.5873866677284241,True,0.8644883036613464,True,0.5110270380973816,True
1147,113,0.5,0.5,8076.0,12.0,G4,67,,0,0.9831695556640625,True,0.580162525177002,True,0.7621712684631348,True
1148,113,0.5,0.5,8076.0,12.0,E-4,63,,0,0.941810667514801,True,0.3791804611682892,False,0.34822866320610046,False
1149,113,1.0,1.0,8088.0,24.0,C4,60,,0,0.9497906565666199,True,0.8156142234802246,True,0.8114831447601318,True
1150,113,1.5,0.5,8100.0,12.0,G4,67,,0,0.7238042950630188,True,0.3286115229129791,False,0.3298828899860382,False
1151,113,1.5,0.5,8100.0,12.0,E-4,63,,0,0.6532983183860779,True,0.14812950789928436,False,0.3030017018318176,False
1152,113,2.0,1.0,8112.0,24.0,C3,48,,0,0.9572685956954956,True,0.7020797729492188,True,0.9005934000015259,True
1153,113,2.5,0.5,8124.0,12.0,G4,67,,0,0.8511644601821899,True,0.5824236869812012,True,0.6912468075752258,True
1154,113,2.5,0.5,8124.0,12.0,E-4,63,,0,0.9451624751091003,True,0.4114096760749817,False,0.36766868829727173,False
1155,114,0.0,0.5,8136.0,12.0,F#4,66,,0,0.9586211442947388,True,0.5882043242454529,True,0.4906783699989319,False
1156,114,0.0,0.5,8136.0,12.0,E-4,63,,0,0.9036571979522705,True,0.2681818902492523,False,0.3300761580467224,False
1157,114,0.0,0.5,8136.0,12.0,C4,60,,0,0.8577451705932617,True,0.8324844837188721,True,0.836823582649231,True
1158,114,0.0,1.0,8136.0,24.0,A2,45,,0,0.9507530331611633,True,0.9072415232658386,True,0.6245818734169006,True
1159,114,0.0,1.0,8136.0,24.0,A1,33,,0,0.8217421770095825,True,0.8490626215934753,True,0.29004818201065063,False
1160,114,0.5,0.5,8148.0,12.0,F#4,66,,0,0.9357439875602722,True,0.5103517770767212,True,0.4121992588043213,False
1161,114,0.5,0.5,8148.0,12.0,E-4,63,,0,0.938110888004303,True,0.3609563410282135,False,0.3492276668548584,False
1162,114,0.5,0.5,8148.0,12.0,C4,60,,0,0.894641637802124,True,0.8417229056358337,True,0.8123712539672852,True
1163,114,1.0,1.0,8160.0,24.0,A3,57,,0,0.9972508549690247,True,0.8631405830383301,True,0.6832852363586426,True
1164,114,1.5,0.5,8172.0,12.0,F#4,66,,0,0.6616226434707642,True,0.24825778603553772,False,0.3097308278083801,False
1165,114,1.5,0.5,8172.0,12.0,E-4,63,,0,0.6857282519340515,True,0.09888442605733871,False,0.29605376720428467,False
1166,114,1.5,0.5,8172.0,12.0,C4,60,,0,0.3799169957637787,False,0.3716476261615753,False,0.2954888641834259,False
1167,114,2.0,1.0,8184.0,24.0,A2,45,,0,0.8695721626281738,True,0.9189309477806091,True,0.4648144245147705,False
1168,114,2.5,0.5,8196.0,12.0,F#4,66,,0,0.8535568118095398,True,0.44894349575042725,False,0.34151747822761536,False
1169,114,2.5,0.5,8196.0,12.0,E-4,63,,0,0.9381904006004333,True,0.5874531269073486,True,0.24415087699890137,False
1170,114,2.5,0.5,8196.0,12.0,C4,60,,0,0.6221767663955688,True,0.8929461240768433,True,0.8009821772575378,True
1171,115,0.0,0.5,8208.0,12.0,G4,67,,0,0.8483627438545227,True,0.5471582412719727,True,0.8496109247207642,True
1172,115,0.0,0.5,8208.0,12.0,D4,62,,0,0.9963053464889526,True,0.8428136110305786,True,0.9257345795631409,True
1173,115,0.0,1.0,8208.0,24.0,B-2,46,,0,0.8581092953681946,True,0.6989989280700684,True,0.8119839429855347,True
1174,115,0.0,1.0,8208.0,24.0,B-1,34,,0,0.6168897747993469,True,0.6654918789863586,True,0.4154354929924011,False
1175,115,0.5,0.5,8220.0,12.0,G4,67,,0,0.7298124432563782,True,0.4091649353504181,False,0.3530725836753845,False
1176,115,0.5,0.5,8220.0,12.0,D4,62,,0,0.9943546056747437,True,0.6679500937461853,True,0.8578656315803528,True
1177,115,1.0,1.0,8232.0,24.0,B-3,58,,0,0.8248072266578674,True,0.474869042634964,False,0.33821579813957214,False
1178,115,1.5,0.5,8244.0,12.0,G4,67,,0,0.5700249075889587,True,0.2319144755601883,False,0.31640851497650146,False
1179,115,1.5,0.5,8244.0,12.0,D4,62,,0,0.983683168888092,True,0.6812732815742493,True,0.8849146962165833,True
1180,115,2.0,1.0,8256.0,24.0,B-2,46,,0,0.732659101486206,True,0.576729953289032,True,0.7633680105209351,True
1181,115,2.5,0.5,8268.0,12.0,G4,67,,0,0.670770525932312,True,0.4590185880661011,False,0.363862007856369,False
1182,115,2.5,0.5,8268.0,12.0,D4,62,,0,0.9966111779212952,True,0.8591731190681458,True,0.9087461829185486,True
1183,116,0.0,0.5,8280.0,12.0,C5,72,,0,0.9231070876121521,True,0.678230345249176,True,0.5215940475463867,True
1184,116,0.0,0.5,8280.0,12.0,A4,69,,0,0.9982585310935974,True,0.35802894830703735,False,0.38621312379837036,False
1185,116,0.0,0.5,8280.0,12.0,D4,62,,0,0.9876787066459656,True,0.9026350378990173,True,0.9204615354537964,True
1186,116,0.0,1.0,8280.0,24.0,F#2,42,,0,0.7558673024177551,True,0.6427914500236511,True,0.4868675470352173,False
1187,116,0.0,1.0,8280.0,24.0,F#1,30,,0,0.8129585385322571,True,0.8340394496917725,True,0.4586591422557831,False
1188,116,0.5,0.5,8292.0,12.0,C5,72,,0,0.8931145668029785,True,0.5364226698875427,True,0.5602620244026184,True
1189,116,0.5,0.5,8292.0,12.0,A4,69,,0,0.9971120357513428,True,0.12013871967792511,False,0.30790701508522034,False
1190,116,0.5,0.5,8292.0,12.0,D4,62,,0,0.9937641620635986,True,0.8792688250541687,True,0.9356324076652527,True
1191,116,1.0,1.0,8304.0,24.0,F#3,54,,0,0.9134403467178345,True,0.9031392931938171,True,0.8540410995483398,True
1192,116,1.5,0.5,8316.0,12.0,C5,72,,0,0.7274724841117859,True,0.16105970740318298,False,0.2975257337093353,False
1193,116,1.5,0.5,8316.0,12.0,A4,69,,0,0.9935031533241272,True,0.04227621108293533,False,0.2903960347175598,False
1194,116,1.5,0.5,8316.0,12.0,D4,62,,0,0.984463095664978,True,0.6076071262359619,True,0.8959411978721619,True
1195,116,2.0,1.0,8328.0,24.0,F#2,42,,0,0.7587335109710693,True,0.6487281918525696,True,0.37628108263015747,False
1196,116,2.5,0.5,8340.0,12.0,C5,72,,0,0.6479308009147644,True,0.3928833603858948,False,0.33008503913879395,False
1197,116,2.5,0.5,8340.0,12.0,A4,69,,0,0.9900702834129333,True,0.16745392978191376,False,0.3183377981185913,False
1198,116,2.5,0.5,8340.0,12.0,D4,62,,0,0.9951279163360596,True,0.8555636405944824,True,0.877992570400238,True
1199,117,0.0,0.5,8352.0,12.0,B-4,70,,0,0.943040668964386,True,0.39889171719551086,False,0.32670652866363525,False
1200,117,0.0,0.5,8352.0,12.0,G4,67,,0,0.876595675945282,True,0.5490007400512695,True,0.835206925868988,True
1201,117,0.0,0.5,8352.0,12.0,D4,62,,0,0.9902743697166443,True,0.8651856184005737,True,0.845587432384491,True
1202,117,0.0,1.0,8352.0,24.0,G2,43,,0,0.8278048634529114,True,0.8664286732673645,True,0.8036657571792603,True
1203,117,0.0,1.0,8352.0,24.0,G1,31,,0,0.5589671730995178,True,0.8951741456985474,True,0.37029075622558594,False
1204,117,0.5,0.5,8364.0,12.0,B-4,70,,0,0.9654510021209717,True,0.3191494941711426,False,0.3005360960960388,False
1205,117,0.5,0.5,8364.0,12.0,G4,67,,0,0.9582628607749939,True,0.6094729900360107,True,0.8597451448440552,True
1206,117,0.5,0.5,8364.0,12.0,D4,62,,0,0.9955382943153381,True,0.832352876663208,True,0.911931574344635,True
1207,117,1.0,1.0,8376.0,24.0,G3,55,,0,0.7806943655014038,True,0.9423171281814575,True,0.9800209403038025,True
1208,117,1.5,0.5,8388.0,12.0,B-4,70,,0,0.31289398670196533,False,0.343083918094635,False,0.2936486005783081,False
1209,117,1.5,0.5,8388.0,12.0,G4,67,,0,0.45683205127716064,False,0.38597720861434937,False,0.30911335349082947,False
1210,117,1.5,0.5,8388.0,12.0,D4,62,,0,0.9455690383911133,True,0.6737620234489441,True,0.9252542853355408,True
1211,117,2.0,1.0,8400.0,24.0,G2,43,,0,0.6077407002449036,True,0.7677242159843445,True,0.7696130275726318,True
1212,117,2.5,0.5,8412.0,12.0,B-4,70,,0,0.8820289969444275,True,0.23144489526748657,False,0.30567511916160583,False
1213,117,2.5,0.5,8412.0,12.0,G4,67,,0,0.8428308963775635,True,0.36386826634407043,False,0.353922575712204,False
1214,117,2.5,0.5,8412.0,12.0,D4,62,,0,0.9939393997192383,True,0.7154932022094727,True,0.8993855714797974,True
1215,118,0.0,0.5,8424.0,12.0,C#5,73,,0,0.2181944102048874,False,0.37370291352272034,False,0.30061566829681396,False
1216,118,0.0,0.5,8424.0,12.0,B-4,70,,0,0.7853730320930481,True,0.2224782407283783,False,0.2993409037590027,False
1217,118,0.0,0.5,8424.0,12.0,G4,67,,0,0.4578548073768616,False,0.4173256456851959,False,0.31673818826675415,False
1218,118,0.0,1.0,8424.0,24.0,E3,52,,0,0.7679986357688904,True,0.7127069234848022,True,0.5143409967422485,True
1219,118,0.0,1.0,8424.0,24.0,E2,40,,0,0.8152807354927063,True,0.2579565942287445,False,0.31279441714286804,False
1220,118,0.5,0.5,8436.0,12.0,C#5,73,,0,0.7549489736557007,True,0.6816727519035339,True,0.35026881098747253,False
1221,118,0.5,0.5,8436.0,12.0,B-4,70,,0,0.931869387626648,True,0.34407946467399597,False,0.30917224287986755,False
1222,118,0.5,0.5,8436.0,12.0,G4,67,,0,0.7276474833488464,True,0.542559027671814,True,0.82485032081604,True
1223,118,1.0,1.0,8448.0,24.0,E4,64,,0,0.9741034507751465,True,0.37316495180130005,False,0.3407773971557617,False
1224,118,1.5,0.5,8460.0,12.0,C#5,73,,0,0.35698798298835754,False,0.3661643862724304,False,0.30166900157928467,False
1225,118,1.5,0.5,8460.0,12.0,B-4,70,,0,0.6816977858543396,True,0.11538391560316086,False,0.28628009557724,False
1226,118,1.5,0.5,8460.0,12.0,G4,67,,0,0.4570561349391937,False,0.3845556974411011,False,0.3106256425380707,False
1227,118,2.0,1.0,8472.0,24.0,E3,52,,0,0.7872751951217651,True,0.6606671214103699,True,0.4251956641674042,False
1228,118,2.5,0.5,8484.0,12.0,C#5,73,,0,0.27299365401268005,False,0.347567081451416,False,0.29989051818847656,False
1229,118,2.5,0.5,8484.0,12.0,B-4,70,,0,0.5732375383377075,True,0.25495147705078125,False,0.29576942324638367,False
1230,118,2.5,0.5,8484.0,12.0,G4,67,,0,0.5645240545272827,True,0.49750789999961853,False,0.3605118691921234,False
1231,119,0.0,0.5,8496.0,12.0,D5,74,,0,0.8276839256286621,True,0.6481026411056519,True,0.5375398993492126,True
1232,119,0.0,0.5,8496.0,12.0,A4,69,,0,0.8645969033241272,True,0.3636457026004791,False,0.36249786615371704,False
1233,119,0.0,1.0,8496.0,24.0,F3,53,,0,0.610891580581665,True,0.9742494225502014,True,0.9133696556091309,True
1234,119,0.0,1.0,8496.0,24.0,F2,41,,0,0.28933319449424744,False,0.3887472152709961,False,0.3086560368537903,False
1235,119,0.5,0.5,8508.0,12.0,D5,74,,0,0.8023923635482788,True,0.6552572846412659,True,0.4932040572166443,False
1236,119,0.5,0.5,8508.0,12.0,A4,69,,0,0.9389861226081848,True,0.3338785469532013,False,0.34906598925590515,False
1237,119,1.0,1.0,8520.0,24.0,F4,65,,0,0.7323418259620667,True,0.7456150650978088,True,0.7145777344703674,True
1238,119,1.5,0.5,8532.0,12.0,D5,74,,0,0.8121098279953003,True,0.36491405963897705,False,0.32326626777648926,False
1239,119,1.5,0.5,8532.0,12.0,A4,69,,0,0.8767798542976379,True,0.22153057157993317,False,0.3226545751094818,False
1240,119,2.0,1.0,8544.0,24.0,F3,53,,0,0.5557745099067688,True,0.8754726052284241,True,0.7862711548805237,True
1241,119,2.5,0.5,8556.0,12.0,D5,74,,0,0.9085791707038879,True,0.5483855605125427,True,0.48385781049728394,False
1242,119,2.5,0.5,8556.0,12.0,A4,69,,0,0.9819325804710388,True,0.3607800602912903,False,0.35628026723861694,False
1243,120,0.0,0.5,8568.0,12.0,G5,79,,0,0.6260192394256592,True,0.4911976158618927,False,0.3362821042537689,False
1244,120,0.0,0.5,8568.0,12.0,E5,76,,0,0.8759194016456604,True,0.49996453523635864,False,0.3828248679637909,False
1245,120,0.0,0.5,8568.0,12.0,A4,69,,0,0.7687216997146606,True,0.35628360509872437,False,0.344517320394516,False
1246,120,0.0,1.0,8568.0,24.0,C#3,49,,0,0.3474833369255066,False,0.4067445695400238,False,0.31108295917510986,False
1247,120,0.0,1.0,8568.0,24.0,C#2,37,,0,0.6831668019294739,True,0.9067368507385254,True,0.5423399806022644,True
1248,120,0.5,0.5,8580.0,12.0,G5,79,,0,0.8139057755470276,True,0.35468798875808716,False,0.3183300197124481,False
1249,120,0.5,0.5,8580.0,12.0,E5,76,,0,0.9584019780158997,True,0.36098432540893555,False,0.3332154452800751,False
1250,120,0.5,0.5,8580.0,12.0,A4,69,,0,0.9628117680549622,True,0.24251030385494232,False,0.3253622353076935,False
1251,120,1.0,1.0,8592.0,24.0,C#4,61,,0,0.740058958530426,True,0.38459470868110657,False,0.342956006526947,False
1252,120,1.5,0.5,8604.0,12.0,G5,79,,0,0.46298161149024963,False,0.3602788746356964,False,0.3040163516998291,False
1253,120,1.5,0.5,8604.0,12.0,E5,76,,0,0.880378782749176,True,0.28066277503967285,False,0.3182297646999359,False
1254,120,1.5,0.5,8604.0,12.0,A4,69,,0,0.8838008642196655,True,0.21241247653961182,False,0.31824320554733276,False
1255,120,2.0,1.0,8616.0,24.0,C#3,49,,0,0.586434543132782,True,0.965389609336853,True,0.5597153902053833,True
1256,120,2.5,0.5,8628.0,12.0,G5,79,,0,0.7873323559761047,True,0.5381472110748291,True,0.3310405910015106,False
1257,120,2.5,0.5,8628.0,12.0,E5,76,,0,0.9306904673576355,True,0.5802919268608093,True,0.3849923610687256,False
1258,120,2.5,0.5,8628.0,12.0,A4,69,,0,0.9649942517280579,True,0.35514503717422485,False,0.33732637763023376,False
1259,121,0.0,0.5,8640.0,12.0,F5,77,,0,0.6967489719390869,True,0.6205975413322449,True,0.3184404969215393,False
1260,121,0.0,0.5,8640.0,12.0,D5,74,,0,0.8617051243782043,True,0.4102119505405426,False,0.3405103385448456,False
1261,121,0.0,0.5,8640.0,12.0,A4,69,,0,0.9410855770111084,True,0.24345335364341736,False,0.3164598345756531,False
1262,121,0.0,1.0,8640.0,24.0,D3,50,,0,0.998384952545166,True,0.9326271414756775,True,0.939157247543335,True
1263,121,0.0,1.0,8640.0,24.0,D2,38,,0,0.7988389730453491,True,0.9617698788642883,True,0.697418212890625,True
1264,121,0.5,0.5,8652.0,12.0,F5,77,,0,0.8104268312454224,True,0.622353732585907,True,0.30556732416152954,False
1265,121,0.5,0.5,8652.0,12.0,D5,74,,0,0.9726314544677734,True,0.46699780225753784,False,0.345621258020401,False
1266,121,0.5,0.5,8652.0,12.0,A4,69,,0,0.9492314457893372,True,0.27700191736221313,False,0.3213822841644287,False
1267,121,1.0,1.0,8664.0,24.0,D4,62,,0,0.9397544264793396,True,0.5718790888786316,True,0.9167847633361816,True
1268,121,1.5,0.5,8676.0,12.0,F5,77,,0,0.2941506505012512,False,0.3535049855709076,False,0.2986823618412018,False
1269,121,1.5,0.5,8676.0,12.0,D5,74,,0,0.652624785900116,True,0.32421237230300903,False,0.3124554455280304,False
1270,121,1.5,0.5,8676.0,12.0,A4,69,,0,0.9500378370285034,True,0.15764252841472626,False,0.3046039640903473,False
1271,121,2.0,1.0,8688.0,24.0,D3,50,,0,0.9906024932861328,True,0.7233812212944031,True,0.855110228061676,True
1272,121,2.5,0.5,8700.0,12.0,F5,77,,0,0.843285858631134,True,0.45533236861228943,False,0.3242589235305786,False
1273,121,2.5,0.5,8700.0,12.0,D5,74,,0,0.9427891373634338,True,0.3508683443069458,False,0.33010736107826233,False
1274,121,2.5,0.5,8700.0,12.0,A4,69,,0,0.9881584048271179,True,0.15604738891124725,False,0.3041314482688904,False
1275,122,0.0,0.5,8712.0,12.0,G#5,80,,0,0.535129189491272,True,0.4637523591518402,False,0.32222914695739746,False
1276,122,0.0,0.5,8712.0,12.0,D5,74,,0,0.9317836761474609,True,0.3674050271511078,False,0.3387818932533264,False
1277,122,0.0,1.0,8712.0,24.0,B-2,46,,0,0.9480567574501038,True,0.2242051362991333,False,0.30666932463645935,False
1278,122,0.0,1.0,8712.0,24.0,B-1,34,,0,0.7890670299530029,True,0.37587741017341614,False,0.3168404996395111,False
1279,122,0.5,0.5,8724.0,12.0,G#5,80,,0,0.34621700644493103,False,0.3383564054965973,False,0.29534682631492615,False
1280,122,0.5,0.5,8724.0,12.0,D5,74,,0,0.9245304465293884,True,0.26247864961624146,False,0.31129518151283264,False
1281,122,1.0,1.0,8736.0,24.0,B-3,58,,0,0.4185047447681427,False,0.3967496156692505,False,0.30068930983543396,False
1282,122,1.5,0.5,8748.0,12.0,G#5,80,,0,0.14097219705581665,False,0.31363967061042786,False,0.29116687178611755,False
1283,122,1.5,0.5,8748.0,12.0,D5,74,,0,0.8687251210212708,True,0.2601749002933502,False,0.31416869163513184,False
1284,122,2.0,1.0,8760.0,24.0,B-2,46,,0,0.7723166942596436,True,0.27947601675987244,False,0.29859691858291626,False
1285,122,2.5,0.5,8772.0,12.0,G#5,80,,0,0.3571985065937042,False,0.3374042212963104,False,0.2963009178638458,False
1286,122,2.5,0.5,8772.0,12.0,D5,74,,0,0.9155762195587158,True,0.44964444637298584,False,0.3492547273635864,False
1287,123,0.0,0.5,8784.0,12.0,A5,81,,0,0.9145909547805786,True,0.3515797257423401,False,0.32699424028396606,False
1288,123,0.0,0.5,8784.0,12.0,C#5,73,,0,0.38434162735939026,False,0.43216603994369507,False,0.3149621784687042,False
1289,123,0.0,1.0,8784.0,24.0,A2,45,,0,0.948291540145874,True,0.8615251183509827,True,0.6836975812911987,True
1290,123,0.5,0.5,8796.0,12.0,A5,81,,0,0.9560667276382446,True,0.256346732378006,False,0.3080073297023773,False
1291,123,0.5,0.5,8796.0,12.0,F5,77,,0,0.4741041958332062,False,0.393650084733963,False,0.3064765930175781,False
1292,123,1.0,0.5,8808.0,12.0,G5,79,,0,0.38294920325279236,False,0.3907194137573242,False,0.30719462037086487,False
1293,123,1.0,0.5,8808.0,12.0,E5,76,,0,0.5462994575500488,True,0.2550116777420044,False,0.30659493803977966,False
1294,123,1.5,0.5,8820.0,12.0,F5,77,,0,0.4871114194393158,False,0.40166306495666504,False,0.31283149123191833,False
1295,123,1.5,0.5,8820.0,12.0,D5,74,,0,0.7140274047851562,True,0.21373239159584045,False,0.3006669878959656,False
1296,123,2.0,0.5,8832.0,12.0,E5,76,,0,0.7764412760734558,True,0.24589452147483826,False,0.3036465346813202,False
1297,123,2.0,0.5,8832.0,12.0,C#5,73,,0,0.6070818901062012,True,0.43588942289352417,False,0.325256884098053,False
1298,123,2.5,0.5,8844.0,12.0,F5,77,,0,0.49123603105545044,False,0.37929651141166687,False,0.31042906641960144,False
1299,123,2.5,0.5,8844.0,12.0,D5,74,,0,0.8365188837051392,True,0.3534141480922699,False,0.32180264592170715,False
1300,123,2.5,0.5,8844.0,12.0,G#4,68,,0,0.9048056602478027,True,0.6488745808601379,True,0.5726220011711121,True
1301,124,0.0,0.5,8856.0,12.0,E5,76,,0,0.7938677072525024,True,0.46041467785835266,False,0.3392656445503235,False
1302,124,0.0,0.5,8856.0,12.0,C#5,73,,0,0.6691382527351379,True,0.5319120287895203,True,0.439195841550827,False
1303,124,0.0,1.0,8856.0,24.0,A4,69,,0,0.9896758198738098,True,0.42202794551849365,False,0.3756618797779083,False
1304,124,0.5,0.5,8868.0,12.0,A4,69,,0,0.9823488593101501,True,0.33476799726486206,False,0.35156652331352234,False
1305,124,0.5,0.5,8868.0,12.0,F4,65,,0,0.5520448684692383,True,0.3426075577735901,False,0.29825180768966675,False
1306,124,1.0,0.5,8880.0,12.0,G4,67,,0,0.16139821708202362,False,0.34005188941955566,False,0.2946189343929291,False
1307,124,1.0,0.5,8880.0,12.0,E4,64,,0,0.7693414688110352,True,0.5570831298828125,True,0.3988923132419586,False
1308,124,1.5,0.5,8892.0,12.0,F4,65,,0,0.26215746998786926,False,0.35927456617355347,False,0.3004545271396637,False
1309,124,1.5,0.5,8892.0,12.0,D4,62,,0,0.7903330326080322,True,0.636866569519043,True,0.8879450559616089,True
1310,124,2.0,0.5,8904.0,12.0,E4,64,,0,0.8157795667648315,True,0.42536139488220215,False,0.3240340054035187,False
1311,124,2.0,0.5,8904.0,12.0,C#4,61,,0,0.6907702684402466,True,0.89288729429245,True,0.7840373516082764,True
1312,124,2.5,0.5,8916.0,12.0,F4,65,,0,0.3728805482387543,False,0.3791123330593109,False,0.3058532178401947,False
1313,124,2.5,0.5,8916.0,12.0,D4,62,,0,0.8511777520179749,True,0.6673989295959473,True,0.891074001789093,True
1314,124,2.5,0.5,8916.0,12.0,G#3,56,,0,0.9718565344810486,True,0.9870708584785461,True,0.6907559633255005,True
1315,125,0.0,0.5,8928.0,12.0,E4,64,,0,0.8557722568511963,True,0.6380138397216797,True,0.4537864923477173,False
1316,125,0.0,0.5,8928.0,12.0,C#4,61,,0,0.8292657136917114,True,0.8923708200454712,True,0.7357447743415833,True
1317,125,0.0,0.5,8928.0,12.0,A3,57,,0,0.937358021736145,True,0.8936768174171448,True,0.7609789371490479,True
1318,125,0.5,0.5,8940.0,12.0,F4,65,,0,0.2280183732509613,False,0.3466005325317383,False,0.29815030097961426,False
1319,125,0.5,0.5,8940.0,12.0,D4,62,,0,0.5636351704597473,True,0.7204229235649109,True,0.8911570310592651,True
1320,125,0.5,0.5,8940.0,12.0,G#3,56,,0,0.949711263179779,True,0.9127206206321716,True,0.6877902150154114,True
1321,125,1.0,0.5,8952.0,12.0,E4,64,,0,0.9623962044715881,True,0.661624550819397,True,0.3956536650657654,False
1322,125,1.0,0.5,8952.0,12.0,C#4,61,,0,0.8297284841537476,True,0.7582801580429077,True,0.8130321502685547,True
1323,125,1.0,0.5,8952.0,12.0,A3,57,,0,0.8243062496185303,True,0.6119248867034912,True,0.6390174031257629,True
1324,125,1.5,0.5,8964.0,12.0,F4,65,,0,0.18117785453796387,False,0.33856987953186035,False,0.2964160144329071,False
1325,125,1.5,0.5,8964.0,12.0,D4,62,,0,0.60086989402771,True,0.5252947211265564,True,0.8229038715362549,True
1326,125,1.5,0.5,8964.0,12.0,G#3,56,,0,0.9495149850845337,True,0.8422210812568665,True,0.6902549862861633,True
1327,125,2.0,0.5,8976.0,12.0,E4,64,,0,0.7693333625793457,True,0.5598207712173462,True,0.4183586835861206,False
1328,125,2.0,0.5,8976.0,12.0,C#4,61,,0,0.686696469783783,True,0.6694818139076233,True,0.7206632494926453,True
1329,125,2.0,0.5,8976.0,12.0,A3,57,,0,0.7836306691169739,True,0.6183274388313293,True,0.6299393177032471,True
1330,125,2.5,0.5,8988.0,12.0,F4,65,,0,0.23730649054050446,False,0.3481356203556061,False,0.29807162284851074,False
1331,125,2.5,0.5,8988.0,12.0,D4,62,,0,0.7418172955513,True,0.49310335516929626,False,0.37808772921562195,False
1332,125,2.5,0.5,8988.0,12.0,G#3,56,,0,0.9481431245803833,True,0.7975366115570068,True,0.6695424318313599,True
1333,126,0.0,1.0,9000.0,24.0,E4,64,,0,0.8353661298751831,True,0.668769121170044,True,0.4220249354839325,False
1334,126,0.0,1.0,9000.0,24.0,C#4,61,,0,0.8334448933601379,True,0.38406866788864136,False,0.33244094252586365,False
1335,126,0.0,1.0,9000.0,24.0,A3,57,,0,0.8863949775695801,True,0.7039473056793213,True,0.7381203174591064,True
1336,127,0.0,0.5,9072.0,12.0,E4,64,,0,0.9471107125282288,True,0.6589019298553467,True,0.3667939603328705,False
1337,127,0.0,0.5,9072.0,12.0,C4,60,,0,0.6907260417938232,True,0.5733622908592224,True,0.8151090145111084,True
1338,127,0.0,0.5,9072.0,12.0,A3,57,,0,0.9638200998306274,True,0.7061623930931091,True,0.6610221266746521,True
1339,127,0.5,0.5,9084.0,12.0,F4,65,,0,0.15493695437908173,False,0.3271430432796478,False,0.2926179766654968,False
1340,127,0.5,0.5,9084.0,12.0,D4,62,,0,0.4778138995170593,False,0.3891497850418091,False,0.3067767918109894,False
1341,127,0.5,0.5,9084.0,12.0,G#3,56,,0,0.9730460047721863,True,0.8115230202674866,True,0.6132746934890747,True
1342,127,1.0,0.5,9096.0,12.0,E4,64,,0,0.9700886607170105,True,0.7191835045814514,True,0.4005656838417053,False
1343,127,1.0,0.5,9096.0,12.0,C4,60,,0,0.6583645939826965,True,0.3922347128391266,False,0.30940985679626465,False
1344,127,1.0,0.5,9096.0,12.0,A3,57,,0,0.7986217141151428,True,0.5142050981521606,True,0.5784368515014648,True
1345,127,1.5,0.5,9108.0,12.0,F4,65,,0,0.09180252999067307,False,0.31815171241760254,False,0.29134154319763184,False
1346,127,1.5,0.5,9108.0,12.0,D4,62,,0,0.41619282960891724,False,0.37744882702827454,False,0.3025311231613159,False
1347,127,1.5,0.5,9108.0,12.0,G#3,56,,0,0.9474403858184814,True,0.7691649794578552,True,0.6653106808662415,True
1348,127,2.0,0.5,9120.0,12.0,E4,64,,0,0.9138631224632263,True,0.6178877353668213,True,0.650624692440033,True
1349,127,2.0,0.5,9120.0,12.0,C4,60,,0,0.5626046061515808,True,0.48297297954559326,False,0.30365458130836487,False
1350,127,2.0,0.5,9120.0,12.0,A3,57,,0,0.9146560430526733,True,0.5695179104804993,True,0.690392017364502,True
1351,127,2.5,0.5,9132.0,12.0,F4,65,,0,0.15978911519050598,False,0.332136869430542,False,0.29379117488861084,False
1352,127,2.5,0.5,9132.0,12.0,D4,62,,0,0.5683800578117371,True,0.6550212502479553,True,0.8148594498634338,True
1353,127,2.5,0.5,9132.0,12.0,G#3,56,,0,0.9311116337776184,True,0.7326558828353882,True,0.7128029465675354,True
1354,128,0.0,1.0,9144.0,24.0,E4,64,,0,0.967250645160675,True,0.6133950352668762,True,0.5376905798912048,True
1355,128,0.0,1.0,9144.0,24.0,C4,60,,0,0.5704370141029358,True,0.5999559164047241,True,0.7731269001960754,True
1356,128,0.0,1.0,9144.0,24.0,A3,57,,0,0.9674482941627502,True,0.7056204080581665,True,0.5477229952812195,True
1357,129,0.0,0.5,9216.0,12.0,E4,64,,0,0.9729333519935608,True,0.5806536674499512,True,0.4757867753505707,False
1358,129,0.0,4.0,9216.0,96.0,C4,60,,0,0.22051376104354858,False,0.37276339530944824,False,0.29613542556762695,False
1359,129,0.0,4.0,9216.0,96.0,B-3,58,,0,0.5540626645088196,True,0.2849324345588684,False,0.29968228936195374,False
1360,129,0.0,0.5,9216.0,12.0,G3,55,,0,0.5914192199707031,True,0.9586661458015442,True,0.9239113926887512,True
1361,129,0.5,0.5,9228.0,12.0,F4,65,,0,0.5094717741012573,True,0.6670510172843933,True,0.3530215322971344,False
1362,129,0.5,0.5,9228.0,12.0,A3,57,,0,0.9750774502754211,True,0.7354407906532288,True,0.5364526510238647,True
1363,129,1.0,0.5,9240.0,12.0,E4,64,,0,0.9641836285591125,True,0.5705480575561523,True,0.5108007192611694,True
1364,129,1.0,0.5,9240.0,12.0,G3,55,,0,0.6557244062423706,True,0.8701823949813843,True,0.8242298364639282,True
1365,129,1.5,0.5,9252.0,12.0,F4,65,,0,0.4140208065509796,False,0.381451278924942,False,0.3040715157985687,False
1366,129,1.5,0.5,9252.0,12.0,A3,57,,0,0.7265085577964783,True,0.5177639722824097,True,0.4451320469379425,False
1367,129,2.0,0.5,9264.0,12.0,E4,64,,0,0.8524292707443237,True,0.4957978427410126,False,0.3352423310279846,False
1368,129,2.0,0.5,9264.0,12.0,G3,55,,0,0.542668879032135,True,0.8319814801216125,True,0.7419054508209229,True
1369,129,2.5,0.5,9276.0,12.0,F4,65,,0,0.21244440972805023,False,0.33631762862205505,False,0.2950870990753174,False
1370,129,2.5,0.5,9276.0,12.0,A3,57,,0,0.8255271315574646,True,0.49061352014541626,False,0.3921548128128052,False
1371,130,0.0,1.0,9288.0,24.0,E4,64,,0,0.8905179500579834,True,0.5146334171295166,True,0.4648171067237854,False
1372,130,0.0,1.0,9288.0,24.0,G3,55,,0,0.7017370462417603,True,0.790907621383667,True,0.7044711112976074,True
1373,131,0.0,0.5,9360.0,12.0,B-5,82,,0,0.7353457808494568,True,0.5122358798980713,True,0.36827635765075684,False
1374,131,0.0,4.0,9360.0,96.0,E5,76,,0,0.8666415214538574,True,0.24569611251354218,False,0.30939385294914246,False
1375,131,0.0,0.5,9360.0,12.0,G4,67,,0,0.876695454120636,True,0.7839719653129578,True,0.5483450889587402,True
1376,131,0.0,4.0,9360.0,96.0,C4,60,,0,0.6984844207763672,True,0.6892326474189758,True,0.37200263142585754,False
1377,131,0.5,0.5,9372.0,12.0,A5,81,,0,0.5556040406227112,True,0.24383477866649628,False,0.30288320779800415,False
1378,131,0.5,0.5,9372.0,12.0,F#4,66,,0,0.33500126004219055,False,0.3731790781021118,False,0.3083667457103729,False
1379,131,1.0,0.5,9384.0,12.0,B-5,82,,0,0.7654139995574951,True,0.3689767122268677,False,0.31700390577316284,False
1380,131,1.0,0.5,9384.0,12.0,G4,67,,0,0.6145166158676147,True,0.615462064743042,True,0.4087441861629486,False
1381,131,1.5,0.5,9396.0,12.0,A5,81,,0,0.5234090089797974,True,0.22353634238243103,False,0.2987433075904846,False
1382,131,1.5,0.5,9396.0,12.0,F#4,66,,0,0.47956201434135437,False,0.40115535259246826,False,0.3143099546432495,False
1383,131,2.0,0.5,9408.0,12.0,B-5,82,,0,0.5472146272659302,True,0.337110310792923,False,0.30436667799949646,False
1384,131,2.0,0.5,9408.0,12.0,G4,67,,0,0.4065830409526825,False,0.36777764558792114,False,0.29909220337867737,False
1385,131,2.5,0.5,9420.0,12.0,A5,81,,0,0.33309975266456604,False,0.35132449865341187,False,0.30302661657333374,False
1386,131,2.5,0.5,9420.0,12.0,F#4,66,,0,0.5328639149665833,True,0.3059479296207428,False,0.30566224455833435,False
1387,132,0.0,1.0,9432.0,24.0,B-5,82,,0,0.7987279295921326,True,0.40168139338493347,False,0.3264932632446289,False
1388,132,0.0,1.0,9432.0,24.0,G4,67,,0,0.5244006514549255,True,0.5387559533119202,True,0.4025343358516693,False
1389,133,0.0,2.0,9504.0,48.0,F4,65,,0,0.816340982913971,True,0.34219059348106384,False,0.312551349401474,False
1390,133,0.0,0.5,9504.0,12.0,F3,53,,0,0.42472535371780396,False,0.423530250787735,False,0.31452277302742004,False
1391,133,0.5,0.5,9516.0,12.0,A3,57,,0,0.918769896030426,True,0.4856122136116028,False,0.38701221346855164,False
1392,133,1.0,0.5,9528.0,12.0,C4,60,,0,0.839832067489624,True,0.80750572681427,True,0.41397106647491455,False
1393,133,1.5,0.5,9540.0,12.0,A3,57,,0,0.7698588967323303,True,0.5280923247337341,True,0.3188435435295105,False
1394,133,2.0,1.0,9552.0,24.0,A4,69,,0,0.7636538147926331,True,0.6772470474243164,True,0.5826053619384766,True
1395,133,2.0,0.5,9552.0,12.0,C4,60,,0,0.48447561264038086,False,0.4140375554561615,False,0.29452815651893616,False
1396,133,2.5,0.5,9564.0,12.0,A3,57,,0,0.7669438719749451,True,0.3194434642791748,False,0.3463609218597412,False
1397,134,0.0,2.0,9576.0,48.0,C5,72,,0,0.3376618027687073,False,0.39526715874671936,False,0.3023134768009186,False
1398,134,0.0,0.5,9576.0,12.0,F3,53,,0,0.40077075362205505,False,0.40186095237731934,False,0.3085249960422516,False
1399,134,0.5,0.5,9588.0,12.0,C4,60,,0,0.5384777784347534,True,0.5968867540359497,True,0.34926652908325195,False
1400,134,1.0,0.5,9600.0,12.0,E-4,63,,0,0.9873407483100891,True,0.41690900921821594,False,0.3467414081096649,False
1401,134,1.5,0.5,9612.0,12.0,C4,60,,0,0.4852506220340729,False,0.4013482630252838,False,0.3037722408771515,False
1402,134,2.0,1.0,9624.0,24.0,A4,69,,0,0.9573706388473511,True,0.5125062465667725,True,0.4268929064273834,False
1403,134,2.0,0.5,9624.0,12.0,E-4,63,,0,0.9710765480995178,True,0.2540352940559387,False,0.29740405082702637,False
1404,134,2.5,0.5,9636.0,12.0,C4,60,,0,0.6257050633430481,True,0.6806333661079407,True,0.3468325138092041,False
1405,135,0.0,2.0,9648.0,48.0,B-4,70,,0,0.7234200239181519,True,0.4566779136657715,False,0.33685216307640076,False
1406,135,0.0,0.5,9648.0,12.0,F3,53,,0,0.18042758107185364,False,0.3575323224067688,False,0.29828861355781555,False
1407,135,0.5,0.5,9660.0,12.0,B-3,58,,0,0.7504561543464661,True,0.390901118516922,False,0.30332911014556885,False
1408,135,1.0,0.5,9672.0,12.0,D4,62,,0,0.9623771905899048,True,0.6514108777046204,True,0.6452527046203613,True
1409,135,1.5,0.5,9684.0,12.0,B-3,58,,0,0.35266178846359253,False,0.35554373264312744,False,0.293546587228775,False
1410,135,2.0,1.0,9696.0,24.0,G5,79,,0,0.5574586987495422,True,0.436125785112381,False,0.31612929701805115,False
1411,135,2.0,0.5,9696.0,12.0,D4,62,,0,0.9402983784675598,True,0.5488730072975159,True,0.6554425358772278,True
1412,135,2.5,0.5,9708.0,12.0,B-3,58,,0,0.36319684982299805,False,0.3558986783027649,False,0.29459503293037415,False
1413,136,0.0,0.5,9720.0,12.0,F5,77,,0,0.4392464756965637,False,0.4212073087692261,False,0.31481778621673584,False
1414,136,0.0,0.5,9720.0,12.0,F3,53,,0,0.20659641921520233,False,0.36396926641464233,False,0.29954710602760315,False
1415,136,0.5,0.5,9732.0,12.0,E5,76,,0,0.9747737050056458,True,0.2760446071624756,False,0.3149692416191101,False
1416,136,0.5,0.5,9732.0,12.0,G3,55,,0,0.7608910202980042,True,0.3653610348701477,False,0.303634375333786,False
1417,136,1.0,1.0,9744.0,24.0,E5,76,,0,0.9459913969039917,True,0.3339657187461853,False,0.3203561305999756,False
1418,136,1.0,0.5,9744.0,12.0,B-3,58,,0,0.6827676296234131,True,0.3093842566013336,False,0.2950836420059204,False
1419,136,1.5,0.5,9756.0,12.0,G3,55,,0,0.2932211458683014,False,0.32434701919555664,False,0.2951900362968445,False
1420,136,2.0,0.5,9768.0,12.0,B-3,58,,0,0.11518435925245285,False,0.33604100346565247,False,0.2874320447444916,False
1421,136,2.5,0.5,9780.0,12.0,G3,55,,0,0.21792089939117432,False,0.31389930844306946,False,0.29333940148353577,False
1422,137,0.0,1.0,9792.0,24.0,F5,77,,0,0.2283056676387787,False,0.37311068177223206,False,0.30211830139160156,False
1423,137,0.0,1.0,9792.0,24.0,A3,57,,0,0.8016256093978882,True,0.7071110606193542,True,0.4191722869873047,False
1424,137,0.0,1.0,9792.0,24.0,F3,53,,0,0.15789112448692322,False,0.35177093744277954,False,0.29712286591529846,False
1425,137,1.0,1.0,9816.0,24.0,A4,69,,0,0.9695709943771362,True,0.525116503238678,True,0.4976508617401123,False
1426,137,2.0,1.0,9840.0,24.0,D5,74,,0,0.31899356842041016,False,0.3818470537662506,False,0.29967740178108215,False
1427,138,0.0,1.0,9864.0,24.0,G4,67,,0,0.5086509585380554,True,0.4550035893917084,False,0.32720860838890076,False
1428,138,1.0,1.5,9888.0,36.0,C5,72,,0,0.23251929879188538,False,0.3731783628463745,False,0.29219546914100647,False
1429,138,2.5,0.5,9924.0,12.0,A4,69,,0,0.918098509311676,True,0.47435620427131653,False,0.3831162750720978,False
1430,139,0.0,4.0,9936.0,96.0,F4,65,,0,0.15553580224514008,False,0.3633579909801483,False,0.30010250210762024,False
1431,139,0.0,1.0,9936.0,24.0,F3,53,,0,0.1569855958223343,False,0.3578692376613617,False,0.2985858917236328,False
1432,139,1.0,1.0,9960.0,24.0,A2,45,,0,0.9706346392631531,True,0.6861721277236938,True,0.4786480665206909,False
1433,139,2.0,1.0,9984.0,24.0,D3,50,,0,0.7184545397758484,True,0.8101215958595276,True,0.837648868560791,True
1434,140,0.0,3.0,10008.0,72.0,G4,67,,0,0.3123156428337097,False,0.3704424202442169,False,0.3060693144798279,False
1435,140,0.0,1.0,10008.0,24.0,G2,43,,0,0.562989354133606,True,0.8168101906776428,True,0.7115841507911682,True
1436,140,1.0,0.5,10032.0,12.0,E4,64,,0,0.9451103806495667,True,0.6874269843101501,True,0.4630032777786255,False
1437,140,1.0,1.5,10032.0,36.0,C3,48,,0,0.24158132076263428,False,0.36482930183410645,False,0.2925146520137787,False
1438,140,1.5,0.5,10044.0,12.0,D4,62,,0,0.4305880665779114,False,0.3629598915576935,False,0.30423471331596375,False
1439,140,2.0,1.0,10056.0,24.0,E4,64,,0,0.7686813473701477,True,0.544221818447113,True,0.3971492052078247,False
1440,140,2.5,0.5,10068.0,12.0,A2,45,,0,0.7505776286125183,True,0.5130955576896667,True,0.51882404088974,True
1441,141,0.0,1.0,10080.0,24.0,A4,69,,0,0.9136728048324585,True,0.4476456344127655,False,0.3792910873889923,False
1442,141,0.0,3.0,10080.0,72.0,F4,65,,0,0.20319409668445587,False,0.3736543655395508,False,0.30315181612968445,False
1443,141,0.0,1.0,10080.0,24.0,F2,41,,0,0.43397045135498047,False,0.4030604362487793,False,0.31103020906448364,False
1444,141,1.0,1.0,10104.0,24.0,B-4,70,,0,0.24779848754405975,False,0.3657614290714264,False,0.2951350510120392,False
1445,141,1.0,1.0,10104.0,24.0,D3,50,,0,0.9504666924476624,True,0.6102476119995117,True,0.7089406251907349,True
1446,141,2.0,1.0,10128.0,24.0,D5,74,,0,0.4625111520290375,False,0.38689693808555603,False,0.30343541502952576,False
1447,141,2.0,1.0,10128.0,24.0,B-2,46,,0,0.25056007504463196,False,0.3506068289279938,False,0.29099228978157043,False
1448,142,0.0,0.5,10152.0,12.0,D5,74,,0,0.800369381904602,True,0.34508630633354187,False,0.3292883336544037,False
1449,142,0.0,1.0,10152.0,24.0,F4,65,,0,0.38207611441612244,False,0.3949589133262634,False,0.30572807788848877,False
1450,142,0.0,1.0,10152.0,24.0,A2,45,,0,0.6944360733032227,True,0.5941814184188843,True,0.5349891185760498,True
1451,142,0.5,0.5,10164.0,12.0,C5,72,,0,0.23012925684452057,False,0.32844218611717224,False,0.28896644711494446,False
1452,142,1.0,0.5,10176.0,12.0,B-4,70,,0,0.3391791582107544,False,0.3748667538166046,False,0.2951960563659668,False
1453,142,1.5,0.5,10188.0,12.0,A4,69,,0,0.8488351106643677,True,0.35342979431152344,False,0.33393028378486633,False
1454,142,2.0,0.5,10200.0,12.0,G4,67,,0,0.31413015723228455,False,0.35353466868400574,False,0.29659146070480347,False
1455,142,2.0,1.0,10200.0,24.0,D3,50,,0,0.9276689887046814,True,0.5957953929901123,True,0.5910943150520325,True
1456,142,2.5,0.5,10212.0,12.0,F4,65,,0,0.07619892805814743,False,0.3117281496524811,False,0.2903778553009033,False
1457,143,0.0,1.0,10224.0,24.0,G4,67,,0,0.8033317923545837,True,0.5469380617141724,True,0.42391237616539,False
1458,143,0.0,1.0,10224.0,24.0,B-2,46,,0,0.8106012344360352,True,0.47806158661842346,False,0.36405304074287415,False
1459,143,1.0,1.0,10248.0,24.0,B-4,70,,0,0.5744467377662659,True,0.5965986251831055,True,0.36669427156448364,False
1460,143,2.0,1.0,10272.0,24.0,E4,64,,0,0.8433821797370911,True,0.4258583188056946,False,0.31599876284599304,False
1461,143,2.0,1.0,10272.0,24.0,B-3,58,,0,0.27208492159843445,False,0.37063848972320557,False,0.29423561692237854,False
1462,143,2.0,1.0,10272.0,24.0,C3,48,,0,0.5753044486045837,True,0.5661622881889343,True,0.423738032579422,False
1463,144,0.0,1.0,10296.0,24.0,F4,65,,0,0.03326854109764099,False,0.3391072154045105,False,0.2948531210422516,False
1464,144,0.0,1.0,10296.0,24.0,A3,57,,0,0.8276861310005188,True,0.5972428917884827,True,0.45297080278396606,False
1465,144,0.0,1.0,10296.0,24.0,F2,41,,0,0.19402353465557098,False,0.3652828335762024,False,0.3002111315727234,False
1466,144,2.0,0.75,10344.0,18.0,C6,84,,0,0.2770432233810425,False,0.3522966206073761,False,0.28996381163597107,False
1467,144,2.0,0.75,10344.0,18.0,C5,72,,0,0.029442574828863144,False,0.32368025183677673,False,0.283540815114975,False
1468,144,2.0,0.75,10344.0,18.0,A4,69,,0,0.32202357053756714,False,0.37380450963974,False,0.30192604660987854,False
1469,144,2.75,0.25,10362.0,6.0,B-5,82,,0,0.6571386456489563,True,0.5794267058372498,True,0.36964866518974304,False
1470,144,2.75,0.25,10362.0,6.0,B-4,70,,0,0.4113936126232147,False,0.343117892742157,False,0.2864243984222412,False
1471,144,2.75,0.25,10362.0,6.0,G4,67,,0,0.30077722668647766,False,0.32747045159339905,False,0.29119551181793213,False
1472,145,0.0,1.0,10368.0,24.0,A5,81,,0,0.9575595855712891,True,0.5307002067565918,True,0.3918085992336273,False
1473,145,0.0,1.0,10368.0,24.0,A4,69,,0,0.9128015637397766,True,0.7259567975997925,True,0.5145367980003357,True
1474,145,0.0,1.0,10368.0,24.0,F4,65,,0,0.4283654987812042,False,0.40271109342575073,False,0.3084762990474701,False
1475,145,1.0,1.0,10392.0,24.0,A5,81,,0,0.9204952716827393,True,0.5117115378379822,True,0.40486404299736023,False
1476,145,1.0,1.0,10392.0,24.0,A4,69,,0,0.6164929866790771,True,0.6497325897216797,True,0.5210356712341309,True
1477,145,1.0,1.0,10392.0,24.0,F4,65,,0,0.2112240195274353,False,0.3659600615501404,False,0.29712891578674316,False
1478,145,2.0,0.75,10416.0,18.0,A5,81,,0,0.8536943197250366,True,0.3846549093723297,False,0.32106590270996094,False
1479,145,2.0,0.75,10416.0,18.0,A4,69,,0,0.6213837265968323,True,0.46714720129966736,False,0.34886813163757324,False
1480,145,2.0,0.75,10416.0,18.0,F4,65,,0,0.12782227993011475,False,0.3409065902233124,False,0.29024946689605713,False
1481,145,2.75,0.25,10434.0,6.0,G5,79,,0,0.1397392302751541,False,0.3044254183769226,False,0.2864227592945099,False
1482,145,2.75,0.25,10434.0,6.0,G4,67,,0,0.1243080422282219,False,0.30844902992248535,False,0.2862592935562134,False
1483,145,2.75,0.25,10434.0,6.0,C4,60,,0,0.37479910254478455,False,0.34357425570487976,False,0.28783145546913147,False
1484,146,0.0,1.0,10440.0,24.0,F5,77,,0,0.7147338390350342,True,0.44086673855781555,False,0.32000717520713806,False
1485,146,0.0,1.0,10440.0,24.0,F4,65,,0,0.5042517781257629,True,0.4213477075099945,False,0.3130212426185608,False
1486,146,0.0,1.0,10440.0,24.0,A3,57,,0,0.9449709057807922,True,0.6236222386360168,True,0.484445720911026,False
1487,146,1.0,1.0,10464.0,24.0,F5,77,,0,0.45844870805740356,False,0.40077951550483704,False,0.30487045645713806,False
1488,146,1.0,1.0,10464.0,24.0,F4,65,,0,0.2607351839542389,False,0.38073718547821045,False,0.3007674515247345,False
1489,146,1.0,1.0,10464.0,24.0,A3,57,,0,0.8610930442810059,True,0.5741528272628784,True,0.5225367546081543,True
1490,146,2.0,1.0,10488.0,24.0,F5,77,,0,0.44084540009498596,False,0.3837433159351349,False,0.3006237745285034,False
1491,146,2.0,1.0,10488.0,24.0,F4,65,,0,0.3625594675540924,False,0.38569334149360657,False,0.3005222678184509,False
1492,146,2.0,1.0,10488.0,24.0,A3,57,,0,0.8314855098724365,True,0.5885530710220337,True,0.5211849808692932,True
1493,147,0.0,1.0,10512.0,24.0,G5,79,,0,0.7415417432785034,True,0.4270555078983307,False,0.3234928846359253,False
1494,147,0.0,1.0,10512.0,24.0,E5,76,,0,0.9514310956001282,True,0.4509305953979492,False,0.33814892172813416,False
1495,147,0.0,1.0,10512.0,24.0,G4,67,,0,0.34128329157829285,False,0.3742462396621704,False,0.30601269006729126,False
1496,147,0.0,1.0,10512.0,24.0,C4,60,,0,0.7228392362594604,True,0.5084182620048523,True,0.34033888578414917,False
1497,147,1.0,1.0,10536.0,24.0,G5,79,,0,0.5054384469985962,True,0.33935338258743286,False,0.30472293496131897,False
1498,147,1.0,1.0,10536.0,24.0,E5,76,,0,0.8530721068382263,True,0.4753069579601288,False,0.3346385955810547,False
1499,147,1.0,1.0,10536.0,24.0,G4,67,,0,0.4562235474586487,False,0.3951832950115204,False,0.3074741065502167,False
1500,147,1.0,1.0,10536.0,24.0,C4,60,,0,0.6253964900970459,True,0.43934983015060425,False,0.30590930581092834,False
1501,147,2.0,1.0,10560.0,24.0,G5,79,,0,0.43509843945503235,False,0.36216461658477783,False,0.29984307289123535,False
1502,147,2.0,1.0,10560.0,24.0,E5,76,,0,0.7239207029342651,True,0.28072625398635864,False,0.3033544719219208,False
1503,147,2.0,1.0,10560.0,24.0,G4,67,,0,0.25648295879364014,False,0.35246512293815613,False,0.2958225905895233,False
1504,147,2.0,1.0,10560.0,24.0,C4,60,,0,0.5498578548431396,True,0.38185936212539673,False,0.2978157699108124,False
1505,148,0.0,1.0,10584.0,24.0,G5,79,,0,0.6041582822799683,True,0.31899330019950867,False,0.30642926692962646,False
1506,148,0.0,1.0,10584.0,24.0,E5,76,,0,0.8054550886154175,True,0.40129339694976807,False,0.32714641094207764,False
1507,148,0.0,1.0,10584.0,24.0,G4,67,,0,0.37697911262512207,False,0.37851810455322266,False,0.3076070249080658,False
1508,148,0.0,1.0,10584.0,24.0,C4,60,,0,0.3378739655017853,False,0.3671658933162689,False,0.2955508530139923,False
1509,148,1.0,1.0,10608.0,24.0,A5,81,,0,0.7370514273643494,True,0.5388401746749878,True,0.34902387857437134,False
1510,148,1.0,1.0,10608.0,24.0,F5,77,,0,0.2334781438112259,False,0.366604745388031,False,0.2979668378829956,False
1511,148,1.0,1.0,10608.0,24.0,A4,69,,0,0.6215879321098328,True,0.35128799080848694,False,0.33151301741600037,False
1512,148,1.0,1.0,10608.0,24.0,F4,65,,0,0.10128218680620193,False,0.3423555791378021,False,0.29277971386909485,False
1513,148,2.0,0.25,10632.0,6.0,C6,84,,0,0.3871787190437317,False,0.3663380444049835,False,0.2910010814666748,False
1514,148,2.0,0.75,10632.0,18.0,C5,72,,0,0.23504073917865753,False,0.35532549023628235,False,0.28909531235694885,False
1515,148,2.0,0.75,10632.0,18.0,A4,69,,0,0.3784468472003937,False,0.37842366099357605,False,0.30243104696273804,False
1516,148,2.25,0.25,10638.0,6.0,D6,86,,0,0.5021088719367981,True,0.5885465145111084,True,0.4502807557582855,False
1517,148,2.5,0.25,10644.0,6.0,C6,84,,0,0.2991655766963959,False,0.33097296953201294,False,0.2908296585083008,False
1518,148,2.75,0.25,10650.0,6.0,B-5,82,,0,0.5509657859802246,True,0.5155763030052185,True,0.36332187056541443,False
1519,148,2.75,0.25,10650.0,6.0,B-4,70,,0,0.3561444878578186,False,0.3374476432800293,False,0.28756392002105713,False
1520,148,2.75,0.25,10650.0,6.0,G4,67,,0,0.2769523859024048,False,0.3214477598667145,False,0.2896166741847992,False
1521,149,0.0,1.0,10656.0,24.0,A5,81,,0,0.8347325325012207,True,0.4552553594112396,False,0.34294405579566956,False
1522,149,0.0,1.0,10656.0,24.0,A4,69,,0,0.9400598406791687,True,0.6049654483795166,True,0.4623117446899414,False
1523,149,0.0,1.0,10656.0,24.0,F4,65,,0,0.6098142266273499,True,0.46515122056007385,False,0.3190704882144928,False
1524,149,1.0,1.0,10680.0,24.0,A5,81,,0,0.7584185600280762,True,0.5237839221954346,True,0.3785260319709778,False
1525,149,1.0,1.0,10680.0,24.0,A4,69,,0,0.6915836930274963,True,0.5212280750274658,True,0.4604216516017914,False
1526,149,1.0,1.0,10680.0,24.0,F4,65,,0,0.43715184926986694,False,0.4078599512577057,False,0.30482664704322815,False
1527,149,2.0,0.25,10704.0,6.0,A5,81,,0,0.6382165551185608,True,0.4560106694698334,False,0.3158336579799652,False
1528,149,2.0,0.75,10704.0,18.0,A4,69,,0,0.5020869970321655,True,0.3402906358242035,False,0.32111093401908875,False
1529,149,2.0,0.75,10704.0,18.0,F4,65,,0,0.20697419345378876,False,0.3538413643836975,False,0.29223600029945374,False
1530,149,2.25,0.25,10710.0,6.0,B-5,82,,0,0.31059497594833374,False,0.3406512141227722,False,0.2867099642753601,False
1531,149,2.5,0.25,10716.0,6.0,A5,81,,0,0.9383831024169922,True,0.46765393018722534,False,0.3354436755180359,False
1532,149,2.75,0.25,10722.0,6.0,G5,79,,0,0.12289485335350037,False,0.30511149764060974,False,0.2860730290412903,False
1533,149,2.75,0.25,10722.0,6.0,G4,67,,0,0.11204894632101059,False,0.30575838685035706,False,0.28570660948753357,False
1534,149,2.75,0.25,10722.0,6.0,C4,60,,0,0.4270898401737213,False,0.3396838903427124,False,0.28635162115097046,False
1535,150,0.0,1.0,10728.0,24.0,F5,77,,0,0.6843835711479187,True,0.4715344309806824,False,0.31996598839759827,False
1536,150,0.0,1.0,10728.0,24.0,F4,65,,0,0.5701037645339966,True,0.42829909920692444,False,0.3172604441642761,False
1537,150,0.0,1.0,10728.0,24.0,A3,57,,0,0.9180446267127991,True,0.5961006283760071,True,0.5366241335868835,True
1538,150,1.0,1.0,10752.0,24.0,F5,77,,0,0.4529265761375427,False,0.403607577085495,False,0.3059653639793396,False
1539,150,1.0,1.0,10752.0,24.0,F4,65,,0,0.34867167472839355,False,0.39278289675712585,False,0.30364808440208435,False
1540,150,1.0,1.0,10752.0,24.0,A3,57,,0,0.835080623626709,True,0.5091438293457031,True,0.49668726325035095,False
1541,150,2.0,1.0,10776.0,24.0,F5,77,,0,0.5047461986541748,True,0.4174170196056366,False,0.3044649064540863,False
1542,150,2.0,1.0,10776.0,24.0,F4,65,,0,0.5040269494056702,True,0.3930216133594513,False,0.30586370825767517,False
1543,150,2.0,1.0,10776.0,24.0,A3,57,,0,0.9389424920082092,True,0.5165106058120728,True,0.5387299060821533,True
1544,151,0.0,1.0,10800.0,24.0,G5,79,,0,0.39475396275520325,False,0.3743570148944855,False,0.3062992990016937,False
1545,151,0.0,1.0,10800.0,24.0,G4,67,,0,0.38762450218200684,False,0.38503584265708923,False,0.30907538533210754,False
1546,151,0.0,1.0,10800.0,24.0,C4,60,,0,0.3750481605529785,False,0.37691813707351685,False,0.29786741733551025,False
1547,151,1.0,1.0,10824.0,24.0,B-5,82,,0,0.6147925853729248,True,0.3114425539970398,False,0.301168292760849,False
1548,151,2.0,1.0,10848.0,24.0,E5,76,,0,0.6931887865066528,True,0.25376033782958984,False,0.3033209443092346,False
1549,151,2.0,1.0,10848.0,24.0,B-4,70,,0,0.2200562208890915,False,0.34784582257270813,False,0.28954750299453735,False
1550,151,2.0,1.0,10848.0,24.0,G4,67,,0,0.4335813820362091,False,0.37683650851249695,False,0.30034181475639343,False
1551,151,2.0,1.0,10848.0,24.0,C4,60,,0,0.16797253489494324,False,0.34192827343940735,False,0.28640684485435486,False
1552,152,0.0,1.0,10872.0,24.0,F5,77,,0,0.09594523906707764,False,0.3499382734298706,False,0.2972812354564667,False
1553,152,0.0,1.0,10872.0,24.0,A4,69,,0,0.6986846923828125,True,0.34560632705688477,False,0.3250942528247833,False
1554,152,0.0,1.0,10872.0,24.0,F4,65,,0,0.1489511877298355,False,0.3627576529979706,False,0.29987210035324097,False
1555,152,2.0,1.0,10920.0,24.0,C6,84,,0,0.37228429317474365,False,0.3715921938419342,False,0.29444509744644165,False
1556,152,2.0,1.0,10920.0,24.0,B-4,70,,0,0.5398212671279907,True,0.370527058839798,False,0.29471462965011597,False
1557,152,2.0,1.0,10920.0,24.0,E4,64,,0,0.763193666934967,True,0.37433549761772156,False,0.3078862726688385,False
1558,152,2.0,1.0,10920.0,24.0,C4,60,,0,0.37577852606773376,False,0.3697252869606018,False,0.2911236584186554,False
1559,153,0.0,1.0,10944.0,24.0,F5,77,,0,0.29899561405181885,False,0.3893718421459198,False,0.30644264817237854,False
1560,153,0.0,1.0,10944.0,24.0,A4,69,,0,0.9465770125389099,True,0.3563674986362457,False,0.3220478296279907,False
1561,153,0.0,1.0,10944.0,24.0,F4,65,,0,0.40233397483825684,False,0.43149900436401367,False,0.3150552809238434,False
1562,153,2.0,1.0,10992.0,24.0,C5,72,,0,0.15573816001415253,False,0.34193143248558044,False,0.28688713908195496,False
1563,153,2.0,1.0,10992.0,24.0,B-3,58,,0,0.3793901205062866,False,0.37149420380592346,False,0.2935470938682556,False
1564,153,2.0,1.0,10992.0,24.0,E3,52,,0,0.7904164791107178,True,0.6467544436454773,True,0.6726446151733398,True
1565,153,2.0,1.0,10992.0,24.0,C3,48,,0,0.48782825469970703,False,0.3801162540912628,False,0.29544928669929504,False
1566,154,0.0,1.0,11016.0,24.0,F4,65,,0,0.42749926447868347,False,0.44753268361091614,False,0.3180643618106842,False
1567,154,0.0,1.0,11016.0,24.0,A3,57,,0,0.9533481001853943,True,0.5003543496131897,True,0.39398184418678284,False
1568,154,0.0,1.0,11016.0,24.0,F3,53,,0,0.8997313380241394,True,0.7509281635284424,True,0.47086507081985474,False
1569,154,2.0,1.0,11064.0,24.0,C#4,61,,0,0.8865481615066528,True,0.40605995059013367,False,0.31879714131355286,False
1570,154,2.0,1.0,11064.0,24.0,C#3,49,,0,0.8312844634056091,True,0.606767475605011,True,0.4243570864200592,False
1571,154,2.0,1.0,11064.0,24.0,C#2,37,,0,0.6520455479621887,True,0.7140718698501587,True,0.57276850938797,True
1572,155,0.0,1.5,11088.0,36.0,D4,62,,0,0.9203156232833862,True,0.680073618888855,True,0.38655179738998413,False
1573,155,0.0,0.5,11088.0,12.0,D3,50,,0,0.8183220028877258,True,0.36739403009414673,False,0.32116755843162537,False
1574,155,0.0,0.5,11088.0,12.0,D2,38,,0,0.7351328134536743,True,0.7624467611312866,True,0.6130591630935669,True
1575,155,0.5,0.5,11100.0,12.0,F3,53,,0,0.8808820247650146,True,0.6913118958473206,True,0.417179673910141,False
1576,155,1.0,0.5,11112.0,12.0,A3,57,,0,0.9834310412406921,True,0.5002169013023376,True,0.43924081325531006,False
1577,155,1.5,0.25,11124.0,6.0,F4,65,,0,0.23056809604167938,False,0.35059913992881775,False,0.2966878414154053,False
1578,155,1.5,0.5,11124.0,12.0,F3,53,,0,0.46467486023902893,False,0.3971141278743744,False,0.3091227412223816,False
1579,155,1.75,0.25,11130.0,6.0,A4,69,,0,0.8991823792457581,True,0.42207759618759155,False,0.3136443495750427,False
1580,155,2.0,0.5,11136.0,12.0,D5,74,,0,0.950056254863739,True,0.34185272455215454,False,0.32641085982322693,False
1581,155,2.0,0.5,11136.0,12.0,A3,57,,0,0.9176563024520874,True,0.46651679277420044,False,0.3128075897693634,False
1582,155,2.5,0.25,11148.0,6.0,A4,69,,0,0.6101502776145935,True,0.3375789523124695,False,0.3109678030014038,False
1583,155,2.5,0.5,11148.0,12.0,F3,53,,0,0.7560655474662781,True,0.6694619655609131,True,0.3780723810195923,False
1584,155,2.75,0.25,11154.0,6.0,D5,74,,0,0.9276134371757507,True,0.18619249761104584,False,0.2932407855987549,False
1585,156,0.0,0.5,11160.0,12.0,F5,77,,0,0.7044028639793396,True,0.42824792861938477,False,0.31506726145744324,False
1586,156,0.0,0.5,11160.0,12.0,D3,50,,0,0.9382556676864624,True,0.35455501079559326,False,0.3209018409252167,False
1587,156,0.5,0.25,11172.0,6.0,D5,74,,0,0.7295215725898743,True,0.2550361454486847,False,0.3010197877883911,False
1588,156,0.5,0.5,11172.0,12.0,F3,53,,0,0.6738817095756531,True,0.7808993458747864,True,0.4447983503341675,False
1589,156,0.75,0.25,11178.0,6.0,F5,77,,0,0.4038842022418976,False,0.35387343168258667,False,0.29297855496406555,False
1590,156,1.0,0.5,11184.0,12.0,A5,81,,0,0.9496349692344666,True,0.6409432888031006,True,0.3611762821674347,False
1591,156,1.0,0.5,11184.0,12.0,A3,57,,0,0.9906255006790161,True,0.623562216758728,True,0.3488560616970062,False
1592,156,1.5,0.5,11196.0,12.0,A5,81,,0,0.7645770311355591,True,0.5037598013877869,True,0.3471474349498749,False
1593,156,1.5,0.5,11196.0,12.0,F3,53,,0,0.4650326669216156,False,0.39103084802627563,False,0.30902227759361267,False
1594,156,2.0,0.5,11208.0,12.0,F5,77,,0,0.32041406631469727,False,0.37882596254348755,False,0.2967449426651001,False
1595,156,2.0,0.5,11208.0,12.0,A3,57,,0,0.9589688777923584,True,0.46913081407546997,False,0.3140786290168762,False
1596,156,2.5,0.5,11220.0,12.0,D5,74,,0,0.6348885893821716,True,0.2706259489059448,False,0.3027069568634033,False
1597,156,2.5,0.5,11220.0,12.0,F3,53,,0,0.21874043345451355,False,0.34014731645584106,False,0.2972906529903412,False
1598,157,0.0,1.5,11232.0,36.0,B-5,82,,0,0.1496262103319168,False,0.3486254811286926,False,0.29382961988449097,False
1599,157,0.0,0.0,11232.0,0.0,G5,79,,0,0.5289079546928406,True,0.38315367698669434,False,0.3214428424835205,False
1600,157,0.0,0.0,11232.0,0.0,E5,76,,0,0.14216648042201996,False,0.3636532723903656,False,0.3008325397968292,False
1601,157,0.0,0.0,11232.0,0.0,C#5,73,,0,0.45255184173583984,False,0.4231606125831604,False,0.308827668428421,False
1602,157,0.0,1.0,11232.0,24.0,E3,52,,0,0.9499834179878235,True,0.4529491364955902,False,0.3361254930496216,False
1603,157,0.0,1.0,11232.0,24.0,E2,40,,0,0.8967127799987793,True,0.5641123056411743,True,0.4487695097923279,False
1604,157,1.0,1.0,11256.0,24.0,C#4,61,,0,0.25336799025535583,False,0.37579402327537537,False,0.2982320189476013,False
1605,157,1.0,1.0,11256.0,24.0,B-3,58,,0,0.40109050273895264,False,0.3939133882522583,False,0.29896265268325806,False
1606,157,1.0,1.0,11256.0,24.0,G3,55,,0,0.7565663456916809,True,0.7593199610710144,True,0.5578248500823975,True
1607,157,1.0,1.0,11256.0,24.0,E3,52,,0,0.6380280256271362,True,0.4562690258026123,False,0.3234051465988159,False
1608,157,1.5,0.25,11268.0,6.0,A5,81,,0,0.5827504396438599,True,0.3509070873260498,False,0.31112754344940186,False
1609,157,1.75,0.25,11274.0,6.0,G5,79,,0,0.45758000016212463,False,0.3631519377231598,False,0.29710933566093445,False
1610,157,2.0,0.25,11280.0,6.0,F5,77,,0,0.21084484457969666,False,0.3527625799179077,False,0.2922382056713104,False
1611,157,2.25,0.25,11286.0,6.0,E5,76,,0,0.2201777845621109,False,0.34966036677360535,False,0.29246199131011963,False
1612,157,2.5,0.25,11292.0,6.0,D5,74,,0,0.26278242468833923,False,0.3360402584075928,False,0.29446178674697876,False
1613,157,2.75,0.25,11298.0,6.0,C#5,73,,0,0.6323550939559937,True,0.11503136157989502,False,0.2833825647830963,False
1614,158,0.0,1.5,11304.0,36.0,B-5,82,,0,0.5759303569793701,True,0.544079065322876,True,0.36506327986717224,False
1615,158,0.0,1.0,11304.0,24.0,E3,52,,0,0.9723444581031799,True,0.563959538936615,True,0.36978843808174133,False
1616,158,0.0,1.0,11304.0,24.0,E2,40,,0,0.8207172155380249,True,0.45630818605422974,False,0.32540199160575867,False
1617,158,1.0,1.0,11328.0,24.0,C#4,61,,0,0.7947126030921936,True,0.2800374925136566,False,0.30349478125572205,False
1618,158,1.0,1.0,11328.0,24.0,B-3,58,,0,0.8420254588127136,True,0.5424903631210327,True,0.4122925102710724,False
1619,158,1.0,1.0,11328.0,24.0,G3,55,,0,0.9665651321411133,True,0.6287192702293396,True,0.3824705481529236,False
1620,158,1.0,1.0,11328.0,24.0,E3,52,,0,0.774229884147644,True,0.41032102704048157,False,0.3224343955516815,False
1621,158,1.5,0.25,11340.0,6.0,A5,81,,0,0.6611774563789368,True,0.4711931347846985,False,0.32988598942756653,False
1622,158,1.75,0.25,11346.0,6.0,G5,79,,0,0.5963315963745117,True,0.3724972605705261,False,0.30349311232566833,False
1623,158,2.0,0.25,11352.0,6.0,F5,77,,0,0.5977833271026611,True,0.41663187742233276,False,0.31875425577163696,False
1624,158,2.25,0.25,11358.0,6.0,E5,76,,0,0.10668347775936127,False,0.326787531375885,False,0.28918081521987915,False
1625,158,2.5,0.25,11364.0,6.0,D5,74,,0,0.47501078248023987,False,0.3644077181816101,False,0.30518901348114014,False
1626,158,2.75,0.25,11370.0,6.0,C#5,73,,0,0.86224764585495,True,0.18418081104755402,False,0.29218098521232605,False
1627,159,0.0,1.5,11376.0,36.0,D5,74,,0,0.652630090713501,True,0.22863900661468506,False,0.306415855884552,False
1628,159,0.0,0.5,11376.0,12.0,F3,53,,0,0.4082871675491333,False,0.417371928691864,False,0.31411436200141907,False
1629,159,0.5,0.5,11388.0,12.0,A3,57,,0,0.930081307888031,True,0.6507495641708374,True,0.4393647313117981,False
1630,159,1.0,0.5,11400.0,12.0,D4,62,,0,0.8923389315605164,True,0.6173079013824463,True,0.39996764063835144,False
1631,159,1.5,0.25,11412.0,6.0,F4,65,,0,0.07995288074016571,False,0.3158845603466034,False,0.29055753350257874,False
1632,159,1.5,0.5,11412.0,12.0,A3,57,,0,0.9398815035820007,True,0.6000403761863708,True,0.41854363679885864,False
1633,159,1.75,0.25,11418.0,6.0,A4,69,,0,0.964442253112793,True,0.5318074226379395,True,0.3421359062194824,False
1634,159,2.0,0.5,11424.0,12.0,D5,74,,0,0.4708820879459381,False,0.40362152457237244,False,0.30502617359161377,False
1635,159,2.0,0.5,11424.0,12.0,D4,62,,0,0.7198358774185181,True,0.44939497113227844,False,0.326083779335022,False
1636,159,2.5,0.25,11436.0,6.0,A4,69,,0,0.4751204550266266,False,0.35302239656448364,False,0.3017839789390564,False
1637,159,2.5,0.5,11436.0,12.0,A3,57,,0,0.9637613892555237,True,0.5817369222640991,True,0.4367469847202301,False
1638,159,2.75,0.25,11442.0,6.0,D5,74,,0,0.8966196179389954,True,0.25117579102516174,False,0.30567288398742676,False
1639,160,0.0,0.5,11448.0,12.0,F5,77,,0,0.9314175248146057,True,0.489320307970047,False,0.33141475915908813,False
1640,160,0.0,0.5,11448.0,12.0,F3,53,,0,0.7795278429985046,True,0.2645740807056427,False,0.31514862179756165,False
1641,160,0.5,0.25,11460.0,6.0,D5,74,,0,0.528087854385376,True,0.14737270772457123,False,0.2927481532096863,False
1642,160,0.5,0.5,11460.0,12.0,A3,57,,0,0.9592577219009399,True,0.6671985983848572,True,0.4480685591697693,False
1643,160,0.75,0.25,11466.0,6.0,F5,77,,0,0.5931234359741211,True,0.4106324315071106,False,0.2957862615585327,False
1644,160,1.0,0.5,11472.0,12.0,A5,81,,0,0.9400529861450195,True,0.3545934855937958,False,0.33191174268722534,False
1645,160,1.0,0.5,11472.0,12.0,D4,62,,0,0.9649513959884644,True,0.464096337556839,False,0.3430976867675781,False
1646,160,1.5,0.5,11484.0,12.0,A5,81,,0,0.8111628890037537,True,0.3987899124622345,False,0.3252318799495697,False
1647,160,1.5,0.5,11484.0,12.0,A3,57,,0,0.9502871036529541,True,0.6416692137718201,True,0.4422011077404022,False
1648,160,2.0,0.5,11496.0,12.0,F5,77,,0,0.14626523852348328,False,0.3445231020450592,False,0.290964275598526,False
1649,160,2.0,0.5,11496.0,12.0,D4,62,,0,0.9360374808311462,True,0.4560571610927582,False,0.33132314682006836,False
1650,160,2.5,0.5,11508.0,12.0,D5,74,,0,0.8250066041946411,True,0.5055258870124817,True,0.3651997745037079,False
1651,160,2.5,0.5,11508.0,12.0,A3,57,,0,0.887544572353363,True,0.632882833480835,True,0.4028875529766083,False
1652,161,0.0,1.5,11520.0,36.0,A-5,80,,0,0.8389483094215393,True,0.32610031962394714,False,0.31348130106925964,False
1653,161,0.0,1.5,11520.0,36.0,F5,77,,0,0.6078676581382751,True,0.3749103844165802,False,0.31181415915489197,False
1654,161,0.0,1.5,11520.0,36.0,D5,74,,0,0.89420086145401,True,0.5057578086853027,True,0.34867605566978455,False
1655,161,0.0,1.5,11520.0,36.0,B4,71,,0,0.9228219985961914,True,0.49622198939323425,False,0.40272870659828186,False
1656,161,0.0,1.0,11520.0,24.0,D3,50,,0,0.9756198525428772,True,0.46270161867141724,False,0.3369521200656891,False
1657,161,0.0,1.0,11520.0,24.0,D2,38,,0,0.938313364982605,True,0.6582474112510681,True,0.4886923134326935,False
1658,161,1.0,1.0,11544.0,24.0,B3,59,,0,0.9034231305122375,True,0.4790734052658081,False,0.34452030062675476,False
1659,161,1.0,1.0,11544.0,24.0,A-3,56,,0,0.648368775844574,True,0.6523942351341248,True,0.593233048915863,True
1660,161,1.0,1.0,11544.0,24.0,F3,53,,0,0.8254739046096802,True,0.37208351492881775,False,0.32481685280799866,False
1661,161,1.0,1.0,11544.0,24.0,D3,50,,0,0.7496910691261292,True,0.48393094539642334,False,0.31886640191078186,False
1662,161,1.5,0.25,11556.0,6.0,G5,79,,0,0.0947083830833435,False,0.30248120427131653,False,0.2901477515697479,False
1663,161,1.75,0.25,11562.0,6.0,F5,77,,0,0.22132106125354767,False,0.3353111743927002,False,0.2883088290691376,False
1664,161,2.0,0.25,11568.0,6.0,E-5,75,,0,0.19028449058532715,False,0.3574700951576233,False,0.2950167655944824,False
1665,161,2.25,0.25,11574.0,6.0,D5,74,,0,0.5280740857124329,True,0.28596267104148865,False,0.29050925374031067,False
1666,161,2.5,0.25,11580.0,6.0,C5,72,,0,0.08021435886621475,False,0.309517502784729,False,0.2859089970588684,False
1667,161,2.75,0.25,11586.0,6.0,B4,71,,0,0.5622268319129944,True,0.2270847111940384,False,0.2902468740940094,False
1668,162,0.0,1.5,11592.0,36.0,A-5,80,,0,0.9245632886886597,True,0.49335813522338867,False,0.33721134066581726,False
1669,162,0.0,1.0,11592.0,24.0,D3,50,,0,0.9730801582336426,True,0.4817295968532562,False,0.3332211971282959,False
1670,162,0.0,1.0,11592.0,24.0,D2,38,,0,0.9250847101211548,True,0.6282239556312561,True,0.44712716341018677,False
1671,162,1.0,1.0,11616.0,24.0,B3,59,,0,0.9563166499137878,True,0.41947054862976074,False,0.3235952854156494,False
1672,162,1.0,1.0,11616.0,24.0,A-3,56,,0,0.9664879441261292,True,0.7350478768348694,True,0.5000710487365723,True
1673,162,1.0,1.0,11616.0,24.0,F3,53,,0,0.9702512621879578,True,0.3374287486076355,False,0.3210242986679077,False
1674,162,1.0,1.0,11616.0,24.0,D3,50,,0,0.8038745522499084,True,0.6333721876144409,True,0.4277939796447754,False
1675,162,1.5,0.25,11628.0,6.0,G5,79,,0,0.5105348229408264,True,0.3482166826725006,False,0.3050459325313568,False
1676,162,1.75,0.25,11634.0,6.0,F5,77,,0,0.6502536535263062,True,0.2641378343105316,False,0.2917495667934418,False
1677,162,2.0,0.25,11640.0,6.0,E-5,75,,0,0.4746435880661011,False,0.40846702456474304,False,0.3051832914352417,False
1678,162,2.25,0.25,11646.0,6.0,D5,74,,0,0.6732380390167236,True,0.4830794930458069,False,0.3219614028930664,False
1679,162,2.5,0.25,11652.0,6.0,C5,72,,0,0.41359397768974304,False,0.3472554087638855,False,0.29674625396728516,False
1680,162,2.75,0.25,11658.0,6.0,B4,71,,0,0.7837697267532349,True,0.35093820095062256,False,0.3131992220878601,False
1681,163,0.0,1.5,11664.0,36.0,C5,72,,0,0.5762590169906616,True,0.6000480651855469,True,0.45887622237205505,False
1682,163,0.0,0.5,11664.0,12.0,E-3,51,,0,0.9173128604888916,True,0.5139457583427429,True,0.5394598841667175,True
1683,163,0.5,0.5,11676.0,12.0,G3,55,,0,0.4159727394580841,False,0.34264472126960754,False,0.2988232970237732,False
1684,163,1.0,0.5,11688.0,12.0,C4,60,,0,0.5949862599372864,True,0.4368666112422943,False,0.3125101327896118,False
1685,163,1.5,0.25,11700.0,6.0,E-4,63,,0,0.392988920211792,False,0.37847965955734253,False,0.305707722902298,False
1686,163,1.5,0.5,11700.0,12.0,G3,55,,0,0.2885406017303467,False,0.32865652441978455,False,0.2959621250629425,False
1687,163,1.75,0.25,11706.0,6.0,G4,67,,0,0.08991652727127075,False,0.30508872866630554,False,0.28522634506225586,False
1688,163,2.0,0.5,11712.0,12.0,C5,72,,0,0.6657531261444092,True,0.5719601511955261,True,0.3531472682952881,False
1689,163,2.0,0.5,11712.0,12.0,C4,60,,0,0.6492294669151306,True,0.3543231785297394,False,0.29671379923820496,False
1690,163,2.5,0.25,11724.0,6.0,G4,67,,0,0.0583682656288147,False,0.2966075539588928,False,0.2889730930328369,False
1691,163,2.5,0.5,11724.0,12.0,G3,55,,0,0.3083363473415375,False,0.32590121030807495,False,0.29536816477775574,False
1692,163,2.75,0.25,11730.0,6.0,C5,72,,0,0.7490415573120117,True,0.5284325480461121,True,0.3674125373363495,False
1693,164,0.0,0.5,11736.0,12.0,E-5,75,,0,0.9662370085716248,True,0.6035991311073303,True,0.38025134801864624,False
1694,164,0.0,0.5,11736.0,12.0,E-3,51,,0,0.909386932849884,True,0.5020219683647156,True,0.3267236053943634,False
1695,164,0.5,0.25,11748.0,6.0,C5,72,,0,0.3151167631149292,False,0.34915417432785034,False,0.2934146821498871,False
1696,164,0.5,0.5,11748.0,12.0,G3,55,,0,0.3207741975784302,False,0.3273557424545288,False,0.29559949040412903,False
1697,164,0.75,0.25,11754.0,6.0,E-5,75,,0,0.6610248684883118,True,0.49229514598846436,False,0.34681251645088196,False
1698,164,1.0,0.5,11760.0,12.0,G5,79,,0,0.7440053224563599,True,0.40211641788482666,False,0.31833308935165405,False
1699,164,1.0,0.5,11760.0,12.0,C4,60,,0,0.738243579864502,True,0.31004098057746887,False,0.29838502407073975,False
1700,164,1.5,0.5,11772.0,12.0,G5,79,,0,0.29110878705978394,False,0.3302232623100281,False,0.2967945337295532,False
1701,164,1.5,0.5,11772.0,12.0,G3,55,,0,0.2804156243801117,False,0.3212692439556122,False,0.29419025778770447,False
1702,164,2.0,0.5,11784.0,12.0,E-5,75,,0,0.3536056578159332,False,0.39087849855422974,False,0.30281761288642883,False
1703,164,2.0,0.5,11784.0,12.0,C4,60,,0,0.5721622705459595,True,0.26821988821029663,False,0.28717803955078125,False
1704,164,2.5,0.5,11796.0,12.0,C5,72,,0,0.7703182101249695,True,0.46721306443214417,False,0.330331414937973,False
1705,164,2.5,0.5,11796.0,12.0,G3,55,,0,0.3861730694770813,False,0.32871201634407043,False,0.2977261245250702,False
1706,165,0.0,1.5,11808.0,36.0,G-5,78,,0,0.33702394366264343,False,0.3990798890590668,False,0.31246131658554077,False
1707,165,0.0,1.5,11808.0,36.0,E-5,75,,0,0.7378960847854614,True,0.5363337397575378,True,0.3611622452735901,False
1708,165,0.0,1.5,11808.0,36.0,C5,72,,0,0.5182719826698303,True,0.38712891936302185,False,0.3075999617576599,False
1709,165,0.0,1.5,11808.0,36.0,A4,69,,0,0.9849790930747986,True,0.5106090903282166,True,0.3606332540512085,False
1710,165,0.0,1.0,11808.0,24.0,E-2,39,,0,0.977088451385498,True,0.4614434838294983,False,0.3303154408931732,False
1711,165,1.0,1.0,11832.0,24.0,C4,60,,0,0.7242178916931152,True,0.34222230315208435,False,0.3059151768684387,False
1712,165,1.0,1.0,11832.0,24.0,A3,57,,0,0.9351831674575806,True,0.6565948128700256,True,0.41746410727500916,False
1713,165,1.0,1.0,11832.0,24.0,G-3,54,,0,0.17214122414588928,False,0.3633047938346863,False,0.3021355867385864,False
1714,165,1.0,1.0,11832.0,24.0,E-3,51,,0,0.870127260684967,True,0.5563051104545593,True,0.34820666909217834,False
1715,165,1.5,0.25,11844.0,6.0,F5,77,,0,0.1478632241487503,False,0.3257121443748474,False,0.2930995523929596,False
1716,165,1.75,0.25,11850.0,6.0,E-5,75,,0,0.29932287335395813,False,0.3647402226924896,False,0.29753389954566956,False
1717,165,2.0,0.25,11856.0,6.0,D-5,73,,0,0.26306620240211487,False,0.36484506726264954,False,0.29883620142936707,False
1718,165,2.25,0.25,11862.0,6.0,C5,72,,0,0.6111254692077637,True,0.3292033076286316,False,0.28754663467407227,False
1719,165,2.5,0.25,11868.0,6.0,B-4,70,,0,0.04040007293224335,False,0.30129992961883545,False,0.2867892384529114,False
1720,165,2.75,0.25,11874.0,6.0,A4,69,,0,0.8781994581222534,True,0.3224502205848694,False,0.3051659166812897,False
1721,166,0.0,1.5,11880.0,36.0,G-5,78,,0,0.5250325798988342,True,0.40733861923217773,False,0.32388147711753845,False
1722,166,0.0,1.0,11880.0,24.0,E-2,39,,0,0.9167260527610779,True,0.515950083732605,True,0.33932751417160034,False
1723,166,1.0,1.0,11904.0,24.0,C4,60,,0,0.7670277953147888,True,0.30912885069847107,False,0.2981637120246887,False
1724,166,1.0,1.0,11904.0,24.0,A3,57,,0,0.6761472821235657,True,0.39979949593544006,False,0.31682929396629333,False
1725,166,1.0,1.0,11904.0,24.0,G-3,54,,0,0.13182216882705688,False,0.34852632880210876,False,0.2990412712097168,False
1726,166,1.0,1.0,11904.0,24.0,E-3,51,,0,0.7008308172225952,True,0.4745950400829315,False,0.32454562187194824,False
1727,166,1.5,0.25,11916.0,6.0,F5,77,,0,0.6839693188667297,True,0.3970542252063751,False,0.31673476099967957,False
1728,166,1.75,0.25,11922.0,6.0,E-5,75,,0,0.317564994096756,False,0.36153969168663025,False,0.2969852387905121,False
1729,166,2.0,0.25,11928.0,6.0,D-5,73,,0,0.5451282262802124,True,0.4100995659828186,False,0.32079893350601196,False
1730,166,2.25,0.25,11934.0,6.0,C5,72,,0,0.5323036909103394,True,0.32415297627449036,False,0.2904883325099945,False
1731,166,2.5,0.25,11940.0,6.0,B-4,70,,0,0.45822441577911377,False,0.3471681773662567,False,0.29268133640289307,False
1732,166,2.75,0.25,11946.0,6.0,A4,69,,0,0.7326736450195312,True,0.4464646875858307,False,0.3212719261646271,False
1733,167,0.0,1.25,11952.0,30.0,B-4,70,,0,0.8876165151596069,True,0.5638912320137024,True,0.42107003927230835,False
1734,167,0.0,0.5,11952.0,12.0,D-3,49,,0,0.724700927734375,True,0.7348999977111816,True,0.5503999590873718,True
1735,167,0.5,0.5,11964.0,12.0,F3,53,,0,0.9619132876396179,True,0.5035990476608276,True,0.38974207639694214,False
1736,167,1.0,0.5,11976.0,12.0,B-3,58,,0,0.6481746435165405,True,0.6620118618011475,True,0.4006030857563019,False
1737,167,1.25,0.25,11982.0,6.0,F4,65,,0,0.18821528553962708,False,0.33343562483787537,False,0.2877403795719147,False
1738,167,1.5,0.25,11988.0,6.0,B-4,70,,0,0.8269901871681213,True,0.5207218527793884,True,0.4397369623184204,False
1739,167,1.5,0.5,11988.0,12.0,F3,53,,0,0.7606083750724792,True,0.3598402142524719,False,0.3190705180168152,False
1740,167,1.75,0.25,11994.0,6.0,F4,65,,0,0.5827794075012207,True,0.5266616344451904,True,0.3667641580104828,False
1741,167,2.0,0.25,12000.0,6.0,D-5,73,,0,0.7453932762145996,True,0.5262665748596191,True,0.358429878950119,False
1742,167,2.0,0.5,12000.0,12.0,B-3,58,,0,0.5631014108657837,True,0.4682948589324951,False,0.31310829520225525,False
1743,167,2.25,0.25,12006.0,6.0,B-4,70,,0,0.6756531596183777,True,0.44064193964004517,False,0.33265385031700134,False
1744,167,2.5,0.25,12012.0,6.0,D-5,73,,0,0.39515307545661926,False,0.35198622941970825,False,0.30365073680877686,False
1745,167,2.5,0.5,12012.0,12.0,F3,53,,0,0.7682617902755737,True,0.3839302957057953,False,0.32349303364753723,False
1746,167,2.75,0.25,12018.0,6.0,B-4,70,,0,0.7898170948028564,True,0.4226854145526886,False,0.33715760707855225,False
1747,168,0.0,0.25,12024.0,6.0,F5,77,,0,0.9302602410316467,True,0.4544917941093445,False,0.33774176239967346,False
1748,168,0.0,0.5,12024.0,12.0,D-3,49,,0,0.429176926612854,False,0.37913191318511963,False,0.3086414635181427,False
1749,168,0.25,0.25,12030.0,6.0,D-5,73,,0,0.4074808657169342,False,0.3630812168121338,False,0.3008376955986023,False
1750,168,0.5,0.25,12036.0,6.0,F5,77,,0,0.8396167755126953,True,0.32332664728164673,False,0.30199307203292847,False
1751,168,0.5,0.5,12036.0,12.0,F3,53,,0,0.8569706678390503,True,0.27178066968917847,False,0.30499157309532166,False
1752,168,0.75,0.25,12042.0,6.0,D-5,73,,0,0.6653889417648315,True,0.31425511837005615,False,0.3074607849121094,False
1753,168,1.0,1.0,12048.0,24.0,B-5,82,,0,0.9698773622512817,True,0.5290272831916809,True,0.37924233078956604,False
1754,168,1.0,0.5,12048.0,12.0,B-3,58,,0,0.6851529479026794,True,0.3609694540500641,False,0.30797743797302246,False
1755,168,1.5,0.5,12060.0,12.0,F3,53,,0,0.7853367924690247,True,0.2955676317214966,False,0.3088672459125519,False
1756,168,2.0,0.5,12072.0,12.0,B-3,58,,0,0.46792706847190857,False,0.39347392320632935,False,0.2949348986148834,False
1757,168,2.5,0.5,12084.0,12.0,F3,53,,0,0.6971971392631531,True,0.3319581151008606,False,0.3112322986125946,False
1758,169,0.0,1.25,12096.0,30.0,A4,69,,0,0.9677138328552246,True,0.5452626347541809,True,0.3417300879955292,False
1759,169,0.0,0.5,12096.0,12.0,C3,48,,0,0.35589346289634705,False,0.3688289523124695,False,0.29642635583877563,False
1760,169,0.5,0.5,12108.0,12.0,F3,53,,0,0.48372259736061096,False,0.397367924451828,False,0.30961689352989197,False
1761,169,1.0,0.5,12120.0,12.0,A3,57,,0,0.9561614394187927,True,0.5176929235458374,True,0.36008360981941223,False
1762,169,1.25,0.25,12126.0,6.0,F4,65,,0,0.6527249813079834,True,0.4139845073223114,False,0.3182331621646881,False
1763,169,1.5,0.25,12132.0,6.0,A4,69,,0,0.9688522815704346,True,0.41652679443359375,False,0.3133039176464081,False
1764,169,1.5,0.5,12132.0,12.0,F3,53,,0,0.5407489538192749,True,0.2944355607032776,False,0.30674731731414795,False
1765,169,1.75,0.25,12138.0,6.0,F4,65,,0,0.6708644032478333,True,0.41888928413391113,False,0.30154335498809814,False
1766,169,2.0,0.25,12144.0,6.0,C5,72,,0,0.5950004458427429,True,0.5595850348472595,True,0.34504446387290955,False
1767,169,2.0,0.5,12144.0,12.0,A3,57,,0,0.9240995645523071,True,0.4316084384918213,False,0.31633085012435913,False
1768,169,2.25,0.25,12150.0,6.0,A4,69,,0,0.9201263785362244,True,0.344806045293808,False,0.304980605840683,False
1769,169,2.5,0.25,12156.0,6.0,C5,72,,0,0.40831664204597473,False,0.34641268849372864,False,0.2914547622203827,False
1770,169,2.5,0.5,12156.0,12.0,F3,53,,0,0.5826621651649475,True,0.2543960213661194,False,0.30100566148757935,False
1771,169,2.75,0.25,12162.0,6.0,A4,69,,0,0.9614368081092834,True,0.3615913391113281,False,0.31251493096351624,False
1772,170,0.0,0.25,12168.0,6.0,F5,77,,0,0.705663800239563,True,0.4159378409385681,False,0.3171218931674957,False
1773,170,0.0,0.5,12168.0,12.0,C3,48,,0,0.22983233630657196,False,0.35025227069854736,False,0.29231417179107666,False
1774,170,0.25,0.25,12174.0,6.0,C5,72,,0,0.25791966915130615,False,0.33126676082611084,False,0.2842329144477844,False
1775,170,0.5,0.25,12180.0,6.0,F5,77,,0,0.4845999777317047,False,0.3652762472629547,False,0.3004520833492279,False
1776,170,0.5,0.5,12180.0,12.0,F3,53,,0,0.6456851363182068,True,0.29942554235458374,False,0.30487868189811707,False
1777,170,0.75,0.25,12186.0,6.0,C5,72,,0,0.5025675296783447,True,0.36899009346961975,False,0.2905620038509369,False
1778,170,1.0,1.0,12192.0,24.0,A5,81,,0,0.9908327460289001,True,0.5469706058502197,True,0.35644474625587463,False
1779,170,1.0,0.5,12192.0,12.0,A3,57,,0,0.9730666279792786,True,0.44430792331695557,False,0.3182571530342102,False
1780,170,1.5,0.5,12204.0,12.0,F3,53,,0,0.4585534930229187,False,0.3881167769432068,False,0.3071378171443939,False
1781,170,2.0,0.5,12216.0,12.0,A3,57,,0,0.7469103336334229,True,0.42391079664230347,False,0.30543261766433716,False
1782,170,2.5,0.5,12228.0,12.0,F3,53,,0,0.5343809723854065,True,0.3125446140766144,False,0.3026399314403534,False
1783,171,0.0,1.25,12240.0,30.0,A-4,68,,0,0.6604112982749939,True,0.517803430557251,True,0.34948626160621643,False
1784,171,0.0,0.5,12240.0,12.0,B2,47,,0,0.5537258982658386,True,0.47728291153907776,False,0.34189730882644653,False
1785,171,0.5,0.5,12252.0,12.0,F3,53,,0,0.4922010004520416,False,0.3940013647079468,False,0.30827030539512634,False
1786,171,1.0,0.5,12264.0,12.0,A-3,56,,0,0.8317881226539612,True,0.6011539697647095,True,0.3838045001029968,False
1787,171,1.25,0.25,12270.0,6.0,F4,65,,0,0.5591021180152893,True,0.5277407765388489,True,0.3106767237186432,False
1788,171,1.5,0.25,12276.0,6.0,A-4,68,,0,0.7801359295845032,True,0.37883812189102173,False,0.31183019280433655,False
1789,171,1.5,0.5,12276.0,12.0,F3,53,,0,0.4519786834716797,False,0.3858565092086792,False,0.3051876723766327,False
1790,171,1.75,0.25,12282.0,6.0,F4,65,,0,0.588745653629303,True,0.4713752567768097,False,0.29916128516197205,False
1791,171,2.0,0.25,12288.0,6.0,D5,74,,0,0.6135648488998413,True,0.42202576994895935,False,0.31217458844184875,False
1792,171,2.0,0.5,12288.0,12.0,A-3,56,,0,0.8195858001708984,True,0.4831172227859497,False,0.3182467818260193,False
1793,171,2.25,0.25,12294.0,6.0,A-4,68,,0,0.5456541776657104,True,0.3196072578430176,False,0.2975577414035797,False
1794,171,2.5,0.25,12300.0,6.0,D5,74,,0,0.6964648962020874,True,0.39098334312438965,False,0.31087106466293335,False
1795,171,2.5,0.5,12300.0,12.0,F3,53,,0,0.3338968753814697,False,0.3574407398700714,False,0.2991354167461395,False
1796,171,2.75,0.25,12306.0,6.0,A-4,68,,0,0.6954954266548157,True,0.34648364782333374,False,0.3020056188106537,False
1797,172,0.0,0.25,12312.0,6.0,F5,77,,0,0.7311541438102722,True,0.42727482318878174,False,0.3141196668148041,False
1798,172,0.0,0.5,12312.0,12.0,B2,47,,0,0.4593477249145508,False,0.4146329164505005,False,0.315826416015625,False
1799,172,0.25,0.25,12318.0,6.0,D5,74,,0,0.5831918716430664,True,0.3343707025051117,False,0.29986122250556946,False
1800,172,0.5,0.25,12324.0,6.0,F5,77,,0,0.6553712487220764,True,0.34836453199386597,False,0.30442681908607483,False
1801,172,0.5,0.5,12324.0,12.0,F3,53,,0,0.3696678876876831,False,0.3593982458114624,False,0.29990488290786743,False
1802,172,0.75,0.25,12330.0,6.0,D5,74,,0,0.5481632351875305,True,0.3256749212741852,False,0.2936345934867859,False
1803,172,1.0,1.0,12336.0,24.0,A-5,80,,0,0.8834257125854492,True,0.4918578565120697,False,0.3306927978992462,False
1804,172,1.0,0.5,12336.0,12.0,A-3,56,,0,0.9004660844802856,True,0.48859572410583496,False,0.3249713182449341,False
1805,172,1.5,0.5,12348.0,12.0,F3,53,,0,0.21844542026519775,False,0.338325560092926,False,0.2952142655849457,False
1806,172,2.0,1.0,12360.0,24.0,F5,77,,0,0.750347912311554,True,0.45506322383880615,False,0.3205060362815857,False
1807,172,2.0,0.5,12360.0,12.0,A-3,56,,0,0.8444029688835144,True,0.5135068297386169,True,0.31988319754600525,False
1808,172,2.5,0.5,12372.0,12.0,F3,53,,0,0.2989257574081421,False,0.35663482546806335,False,0.3003068268299103,False
1809,173,0.0,2.0,12384.0,48.0,C6,84,,0,0.5061238408088684,True,0.5188159346580505,True,0.3278161585330963,False
1810,173,0.0,0.0,12384.0,0.0,G5,79,,0,0.027696432545781136,False,0.3237682580947876,False,0.292868047952652,False
1811,173,0.0,0.0,12384.0,0.0,E5,76,,0,0.12715564668178558,False,0.3605121970176697,False,0.2999785244464874,False
1812,173,0.0,0.0,12384.0,0.0,C5,72,,0,0.18099099397659302,False,0.3538322448730469,False,0.29284119606018066,False
1813,173,0.0,0.5,12384.0,12.0,C3,48,,0,0.23278725147247314,False,0.3517147898674011,False,0.2926121652126312,False
1814,173,0.5,0.5,12396.0,12.0,E3,52,,0,0.920055627822876,True,0.3752259910106659,False,0.3139718174934387,False
1815,173,1.0,0.5,12408.0,12.0,G3,55,,0,0.1058286726474762,False,0.32936763763427734,False,0.2908274829387665,False
1816,173,1.5,0.5,12420.0,12.0,C4,60,,0,0.6482449173927307,True,0.40582719445228577,False,0.30119049549102783,False
1817,173,2.0,0.25,12432.0,6.0,B-5,82,,0,0.25674569606781006,False,0.35090741515159607,False,0.2904084622859955,False
1818,173,2.0,0.5,12432.0,12.0,F3,53,,0,0.29044872522354126,False,0.3793364465236664,False,0.29865777492523193,False
1819,173,2.25,0.25,12438.0,6.0,A-5,80,,0,0.867072582244873,True,0.35745665431022644,False,0.303082138299942,False
1820,173,2.5,0.25,12444.0,6.0,G5,79,,0,0.20933644473552704,False,0.321062833070755,False,0.2927503287792206,False
1821,173,2.5,0.5,12444.0,12.0,A-3,56,,0,0.7125222086906433,True,0.5025919079780579,True,0.31901514530181885,False
1822,173,2.75,0.25,12450.0,6.0,F5,77,,0,0.7913434505462646,True,0.4639463424682617,False,0.31571683287620544,False
1823,174,0.0,2.0,12456.0,48.0,C6,84,,0,0.7717921137809753,True,0.5123929977416992,True,0.3257462680339813,False
1824,174,0.0,0.5,12456.0,12.0,C3,48,,0,0.4712575078010559,False,0.37259069085121155,False,0.29560568928718567,False
1825,174,0.5,0.5,12468.0,12.0,E3,52,,0,0.9442484378814697,True,0.3144574463367462,False,0.314054936170578,False
1826,174,1.0,0.5,12480.0,12.0,G3,55,,0,0.3092298209667206,False,0.35877546668052673,False,0.2960074841976166,False
1827,174,1.5,0.5,12492.0,12.0,C4,60,,0,0.22865042090415955,False,0.3315318822860718,False,0.28954073786735535,False
1828,174,2.0,0.25,12504.0,6.0,B-5,82,,0,0.5768366456031799,True,0.36873725056648254,False,0.3017982244491577,False
1829,174,2.0,0.5,12504.0,12.0,F3,53,,0,0.3420223891735077,False,0.37917327880859375,False,0.2970835864543915,False
1830,174,2.25,0.25,12510.0,6.0,A-5,80,,0,0.22610028088092804,False,0.3332306742668152,False,0.28906121850013733,False
1831,174,2.5,0.25,12516.0,6.0,G5,79,,0,0.08712957054376602,False,0.3032260537147522,False,0.29033374786376953,False
1832,174,2.5,0.5,12516.0,12.0,A-3,56,,0,0.8084554672241211,True,0.4719473719596863,False,0.32229748368263245,False
1833,174,2.75,0.25,12522.0,6.0,F5,77,,0,0.8204622864723206,True,0.3426225185394287,False,0.3111969530582428,False
1834,175,0.0,1.5,12528.0,36.0,C5,72,,0,0.397887647151947,False,0.39240968227386475,False,0.29784882068634033,False
1835,175,0.0,1.5,12528.0,36.0,C4,60,,0,0.1940625011920929,False,0.3614705502986908,False,0.2940097451210022,False
1836,175,1.5,0.25,12564.0,6.0,D-5,73,,0,0.09448845684528351,False,0.3066348135471344,False,0.29309168457984924,False
1837,175,1.5,0.25,12564.0,6.0,D-4,61,,0,0.27866244316101074,False,0.32640838623046875,False,0.29689934849739075,False
1838,175,1.75,0.25,12570.0,6.0,C5,72,,0,0.08416136354207993,False,0.3074774444103241,False,0.2798426151275635,False
1839,175,1.75,0.25,12570.0,6.0,C4,60,,0,0.2602424919605255,False,0.32228052616119385,False,0.2821879982948303,False
1840,175,2.0,0.25,12576.0,6.0,B-4,70,,0,0.12262417376041412,False,0.3275209367275238,False,0.28587624430656433,False
1841,175,2.0,0.25,12576.0,6.0,B-3,58,,0,0.23042987287044525,False,0.3332969546318054,False,0.2857951819896698,False
1842,175,2.25,0.25,12582.0,6.0,A-4,68,,0,0.23265503346920013,False,0.34101778268814087,False,0.2902348041534424,False
1843,175,2.25,0.25,12582.0,6.0,A-3,56,,0,0.5525781512260437,True,0.3976927399635315,False,0.29869166016578674,False
1844,175,2.5,0.25,12588.0,6.0,G4,67,,0,0.36861351132392883,False,0.3444851338863373,False,0.29971057176589966,False
1845,175,2.5,0.25,12588.0,6.0,G3,55,,0,0.07575837522745132,False,0.29884225130081177,False,0.2892281115055084,False
1846,175,2.75,0.25,12594.0,6.0,F4,65,,0,0.048946820199489594,False,0.3145482540130615,False,0.28502604365348816,False
1847,175,2.75,0.25,12594.0,6.0,F3,53,,0,0.6201618313789368,True,0.23189587891101837,False,0.28763896226882935,False
1848,176,0.0,1.0,12600.0,24.0,C5,72,,0,0.21879704296588898,False,0.3645685315132141,False,0.2950889766216278,False
1849,176,0.0,1.0,12600.0,24.0,C4,60,,0,0.1614786684513092,False,0.35281670093536377,False,0.29182612895965576,False
1850,176,1.0,1.0,12624.0,24.0,C4,60,,0,0.13802233338356018,False,0.3405536115169525,False,0.28687143325805664,False
1851,176,1.0,1.0,12624.0,24.0,C3,48,,0,0.2206052988767624,False,0.36012372374534607,False,0.29074233770370483,False
1852,176,1.0,1.0,12624.0,24.0,C2,36,,0,0.37205204367637634,False,0.38166722655296326,False,0.29427528381347656,False
1853,177,0.0,0.5,12672.0,12.0,A4,69,,0,0.6130974292755127,True,0.33452916145324707,False,0.3163701593875885,False
1854,177,0.0,0.0,12672.0,0.0,C4,60,,0,0.25646838545799255,False,0.36080896854400635,False,0.2925519049167633,False
1855,177,0.0,1.0,12672.0,24.0,F3,53,,0,0.17902739346027374,False,0.36605319380760193,False,0.29991984367370605,False
1856,177,0.0,0.0,12672.0,0.0,C3,48,,0,0.2605975270271301,False,0.36380863189697266,False,0.2946021556854248,False
1857,177,0.0,0.0,12672.0,0.0,F2,41,,0,0.2825649082660675,False,0.38080233335494995,False,0.3032899796962738,False
1858,177,1.0,0.5,12696.0,12.0,A4,69,,0,0.751258909702301,True,0.3414731025695801,False,0.31232792139053345,False
1859,177,2.0,0.5,12720.0,12.0,A4,69,,0,0.566543698310852,True,0.27869102358818054,False,0.2987452447414398,False
1860,178,0.0,1.5,12744.0,36.0,C5,72,,0,0.4503868520259857,False,0.4055236279964447,False,0.3020298480987549,False
1861,178,0.0,0.0,12744.0,0.0,E4,64,,0,0.36039265990257263,False,0.41466161608695984,False,0.3101872503757477,False
1862,178,0.0,1.0,12744.0,24.0,B-3,58,,0,0.8632031083106995,True,0.4011663794517517,False,0.3160325884819031,False
1863,178,0.0,0.0,12744.0,0.0,G3,55,,0,0.4989049732685089,False,0.38993874192237854,False,0.3071116507053375,False
1864,178,0.0,0.0,12744.0,0.0,C3,48,,0,0.4516594707965851,False,0.3933485448360443,False,0.3013138473033905,False
1865,178,1.5,0.5,12780.0,12.0,B-4,70,,0,0.14868387579917908,False,0.32108044624328613,False,0.29030299186706543,False
1866,178,2.0,1.0,12792.0,24.0,G4,67,,0,0.10538841038942337,False,0.3254907429218292,False,0.2893202602863312,False
1867,179,0.0,0.5,12816.0,12.0,G4,67,,0,0.05411482974886894,False,0.3285158574581146,False,0.2936955392360687,False
1868,179,0.0,1.0,12816.0,24.0,A3,57,,0,0.7076930403709412,True,0.7163111567497253,True,0.4051952064037323,False
1869,179,0.0,1.0,12816.0,24.0,F2,41,,0,0.36531275510787964,False,0.38141342997550964,False,0.3034696877002716,False
1870,179,0.5,0.5,12828.0,12.0,F4,65,,0,0.030558224767446518,False,0.30891549587249756,False,0.2895871102809906,False
1871,179,1.0,1.5,12840.0,36.0,F4,65,,0,0.015941938385367393,False,0.33196818828582764,False,0.29077979922294617,False
1872,179,1.0,1.5,12840.0,36.0,C4,60,,0,0.24210380017757416,False,0.3587550222873688,False,0.2886548638343811,False
1873,179,1.0,1.0,12840.0,24.0,A2,45,,0,0.913485050201416,True,0.5620784759521484,True,0.5216956734657288,True
1874,179,2.0,1.0,12864.0,24.0,C3,48,,0,0.6421467065811157,True,0.49842461943626404,False,0.31233805418014526,False
1875,179,2.5,0.5,12876.0,12.0,G4,67,,0,0.33023664355278015,False,0.3358055353164673,False,0.2993328869342804,False
1876,179,2.5,0.5,12876.0,12.0,E4,64,,0,0.7297122478485107,True,0.38470789790153503,False,0.31368258595466614,False
1877,180,0.0,2.0,12888.0,48.0,G4,67,,0,0.08448098599910736,False,0.3375076949596405,False,0.2955781817436218,False
1878,180,0.0,2.0,12888.0,48.0,E4,64,,0,0.4598327875137329,False,0.42908209562301636,False,0.3143114745616913,False
1879,180,0.0,1.0,12888.0,24.0,F3,53,,0,0.7961308360099792,True,0.3092772662639618,False,0.3207201361656189,False
1880,180,1.0,1.0,12912.0,24.0,F2,41,,0,0.3360884189605713,False,0.38081929087638855,False,0.30068910121917725,False
1881,180,2.0,1.0,12936.0,24.0,A4,69,,0,0.7405829429626465,True,0.5486905574798584,True,0.3666002154350281,False
1882,180,2.0,1.0,12936.0,24.0,F4,65,,0,0.06101914867758751,False,0.3355734646320343,False,0.28960099816322327,False
1883,181,0.0,1.5,12960.0,36.0,B-4,70,,0,0.6224708557128906,True,0.37826791405677795,False,0.3075575828552246,False
1884,181,0.0,1.0,12960.0,24.0,D3,50,,0,0.8948603272438049,True,0.6585738658905029,True,0.423534095287323,False
1885,181,1.0,1.0,12984.0,24.0,B-3,58,,0,0.8932148814201355,True,0.5258159637451172,True,0.3526972532272339,False
1886,181,1.0,1.0,12984.0,24.0,F3,53,,0,0.5945123434066772,True,0.32038483023643494,False,0.31838473677635193,False
1887,181,1.5,0.0,12996.0,0.0,C5,72,,0,0.13396045565605164,False,0.3184361755847931,False,0.28722670674324036,False
1888,181,1.5,0.0,12996.0,0.0,B-4,70,,0,0.4073890447616577,False,0.3554433584213257,False,0.29502755403518677,False
1889,181,1.5,0.5,12996.0,12.0,B-4,70,,0,0.6451612710952759,True,0.4423605501651764,False,0.31347033381462097,False
1890,181,1.5,0.0,12996.0,0.0,A4,69,,0,0.27406981587409973,False,0.33931222558021545,False,0.2980789542198181,False
1891,181,2.0,0.5,13008.0,12.0,C5,72,,0,0.44011592864990234,False,0.3844393193721771,False,0.29273343086242676,False
1892,181,2.5,0.5,13020.0,12.0,D5,74,,0,0.1521736979484558,False,0.3105892539024353,False,0.2892746031284332,False
1893,182,0.0,0.5,13032.0,12.0,D5,74,,0,0.1802646666765213,False,0.34502556920051575,False,0.294475257396698,False
1894,182,0.0,1.0,13032.0,24.0,E3,52,,0,0.7623670101165771,True,0.4605732858181,False,0.3338898718357086,False
1895,182,0.5,0.5,13044.0,12.0,C5,72,,0,0.8045878410339355,True,0.42684370279312134,False,0.3201349973678589,False
1896,182,1.0,0.5,13056.0,12.0,B4,71,,0,0.7246035933494568,True,0.5031894445419312,True,0.3393818438053131,False
1897,182,1.0,1.0,13056.0,24.0,C4,60,,0,0.6272500157356262,True,0.492465078830719,False,0.3206109404563904,False
1898,182,1.0,1.0,13056.0,24.0,G3,55,,0,0.07889524847269058,False,0.3297192454338074,False,0.29157158732414246,False
1899,182,1.5,0.5,13068.0,12.0,C5,72,,0,0.22334374487400055,False,0.32671210169792175,False,0.28896069526672363,False
1900,182,2.0,0.5,13080.0,12.0,B-4,70,,0,0.5059127807617188,True,0.5429086685180664,True,0.3132289946079254,False
1901,182,2.5,0.5,13092.0,12.0,G4,67,,0,0.5439585447311401,True,0.48003676533699036,False,0.3421335816383362,False
1902,183,0.0,0.5,13104.0,12.0,G#4,68,,0,0.40030670166015625,False,0.40755921602249146,False,0.3141765892505646,False
1903,183,0.0,1.0,13104.0,24.0,F3,53,,0,0.5252386927604675,True,0.3581118583679199,False,0.30912140011787415,False
1904,183,0.5,0.5,13116.0,12.0,A4,69,,0,0.6100927591323853,True,0.5110622048377991,True,0.3516436517238617,False
1905,183,1.0,0.5,13128.0,12.0,B-4,70,,0,0.6128261089324951,True,0.4261798560619354,False,0.3063559830188751,False
1906,183,1.0,1.0,13128.0,24.0,F3,53,,0,0.4494340717792511,False,0.3957565724849701,False,0.30435052514076233,False
1907,183,1.0,1.0,13128.0,24.0,D3,50,,0,0.5953527092933655,True,0.5611118078231812,True,0.40623608231544495,False
1908,183,1.5,0.5,13140.0,12.0,A4,69,,0,0.6087927222251892,True,0.36680155992507935,False,0.31499621272087097,False
1909,183,2.0,0.5,13152.0,12.0,C5,72,,0,0.12935872375965118,False,0.3353360891342163,False,0.28489530086517334,False
1910,183,2.0,1.0,13152.0,24.0,G3,55,,0,0.03641688451170921,False,0.3186466097831726,False,0.28766101598739624,False
1911,183,2.0,1.0,13152.0,24.0,B-2,46,,0,0.8769673109054565,True,0.540113091468811,True,0.3615759313106537,False
1912,183,2.5,0.5,13164.0,12.0,B-4,70,,0,0.6235092878341675,True,0.41843152046203613,False,0.3058338463306427,False
1913,184,0.0,0.5,13176.0,12.0,A4,69,,0,0.619573175907135,True,0.46633896231651306,False,0.3246982991695404,False
1914,184,0.0,1.0,13176.0,24.0,E3,52,,0,0.7777331471443176,True,0.2978340685367584,False,0.3080939054489136,False
1915,184,0.0,1.0,13176.0,24.0,C3,48,,0,0.5862458348274231,True,0.4306589365005493,False,0.3285169005393982,False
1916,184,0.5,0.5,13188.0,12.0,G4,67,,0,0.23234428465366364,False,0.3196577727794647,False,0.2932843565940857,False
1917,184,1.0,0.5,13200.0,12.0,F4,65,,0,0.04357108101248741,False,0.33338233828544617,False,0.2910011410713196,False
1918,184,1.5,0.5,13212.0,12.0,E4,64,,0,0.27415746450424194,False,0.3413757383823395,False,0.2965746223926544,False
1919,184,2.0,0.5,13224.0,12.0,D4,62,,0,0.35416218638420105,False,0.34344616532325745,False,0.29127079248428345,False
1920,184,2.5,0.5,13236.0,12.0,C4,60,,0,0.6081832647323608,True,0.1709846556186676,False,0.2812903821468353,False
1921,185,0.0,0.5,13248.0,12.0,G#5,80,,0,0.6321978569030762,True,0.35545048117637634,False,0.31714239716529846,False
1922,185,0.0,0.5,13248.0,12.0,G#4,68,,0,0.701728105545044,True,0.3845505118370056,False,0.33508720993995667,False
1923,185,0.0,0.3333333333333333,13248.0,8.0,F3,53,,0,0.22527462244033813,False,0.372105211019516,False,0.3019530177116394,False
1924,185,0.3333333333333333,0.3333333333333333,13256.0,8.0,A3,57,,0,0.7575271725654602,True,0.4556525945663452,False,0.33278688788414,False
1925,185,0.5,0.5,13260.0,12.0,A5,81,,0,0.7811377048492432,True,0.380618155002594,False,0.3085123896598816,False
1926,185,0.5,0.5,13260.0,12.0,A4,69,,0,0.6920390129089355,True,0.5138660073280334,True,0.32850587368011475,False
1927,185,0.6666666666666666,0.3333333333333333,13264.0,8.0,C4,60,,0,0.7291368246078491,True,0.1823119819164276,False,0.27558434009552,False
1928,185,1.0,0.5,13272.0,12.0,G#5,80,,0,0.7136359810829163,True,0.3833858370780945,False,0.3187015652656555,False
1929,185,1.0,0.5,13272.0,12.0,G#4,68,,0,0.6203537583351135,True,0.33330321311950684,False,0.32048285007476807,False
1930,185,1.0,0.3333333333333333,13272.0,8.0,F3,53,,0,0.28834399580955505,False,0.38568228483200073,False,0.3020954728126526,False
1931,185,1.3333333333333333,0.3333333333333333,13280.0,8.0,A3,57,,0,0.5955661535263062,True,0.3907167315483093,False,0.313701868057251,False
1932,185,1.5,0.5,13284.0,12.0,A5,81,,0,0.6380152702331543,True,0.3541194796562195,False,0.3045705556869507,False
1933,185,1.5,0.5,13284.0,12.0,A4,69,,0,0.6618167757987976,True,0.42313578724861145,False,0.31827062368392944,False
1934,185,1.6666666666666667,0.3333333333333333,13288.0,8.0,C4,60,,0,0.8516023755073547,True,0.17344152927398682,False,0.27407577633857727,False
1935,185,2.0,0.5,13296.0,12.0,G#5,80,,0,0.2931409180164337,False,0.3572287857532501,False,0.29498469829559326,False
1936,185,2.0,0.5,13296.0,12.0,G#4,68,,0,0.6705465316772461,True,0.3494567275047302,False,0.31403928995132446,False
1937,185,2.0,0.3333333333333333,13296.0,8.0,F3,53,,0,0.22653235495090485,False,0.36009493470191956,False,0.2945389449596405,False
1938,185,2.3333333333333335,0.3333333333333333,13304.0,8.0,A3,57,,0,0.4857023358345032,False,0.39005303382873535,False,0.304554283618927,False
1939,185,2.5,0.5,13308.0,12.0,A5,81,,0,0.5089795589447021,True,0.2834453284740448,False,0.30146536231040955,False
1940,185,2.5,0.5,13308.0,12.0,A4,69,,0,0.4411671459674835,False,0.3660338819026947,False,0.30679306387901306,False
1941,185,2.6666666666666665,0.3333333333333333,13312.0,8.0,C4,60,,0,0.8531720638275146,True,0.21997159719467163,False,0.2816520035266876,False
1942,186,0.0,0.5,13320.0,12.0,B5,83,,0,0.5273373126983643,True,0.4036919176578522,False,0.33659279346466064,False
1943,186,0.0,0.5,13320.0,12.0,B4,71,,0,0.6109130382537842,True,0.3834441006183624,False,0.3197903633117676,False
1944,186,0.0,0.3333333333333333,13320.0,8.0,E3,52,,0,0.7963289618492126,True,0.3284238576889038,False,0.31138163805007935,False
1945,186,0.3333333333333333,0.3333333333333333,13328.0,8.0,G3,55,,0,0.5726631283760071,True,0.3592536151409149,False,0.3049152195453644,False
1946,186,0.5,0.5,13332.0,12.0,C6,84,,0,0.7762978076934814,True,0.47057604789733887,False,0.31373468041419983,False
1947,186,0.5,0.5,13332.0,12.0,C5,72,,0,0.5505527853965759,True,0.5803386569023132,True,0.3414101302623749,False
1948,186,0.6666666666666666,0.3333333333333333,13336.0,8.0,C4,60,,0,0.8801261186599731,True,0.20564527809619904,False,0.28016382455825806,False
1949,186,1.0,0.5,13344.0,12.0,B5,83,,0,0.3716159760951996,False,0.3855619430541992,False,0.3024923503398895,False
1950,186,1.0,0.5,13344.0,12.0,B4,71,,0,0.6824684143066406,True,0.37507864832878113,False,0.31143009662628174,False
1951,186,1.0,0.3333333333333333,13344.0,8.0,E3,52,,0,0.8139996528625488,True,0.4039149284362793,False,0.3114241659641266,False
1952,186,1.3333333333333333,0.3333333333333333,13352.0,8.0,G3,55,,0,0.2312922179698944,False,0.3293628692626953,False,0.2888850271701813,False
1953,186,1.5,0.5,13356.0,12.0,C6,84,,0,0.7664580941200256,True,0.4360763132572174,False,0.3102196156978607,False
1954,186,1.5,0.5,13356.0,12.0,C5,72,,0,0.2799883186817169,False,0.32952770590782166,False,0.28920823335647583,False
1955,186,1.6666666666666667,0.3333333333333333,13360.0,8.0,C4,60,,0,0.9590562582015991,True,0.21078135073184967,False,0.28081050515174866,False
1956,186,2.0,0.5,13368.0,12.0,B-5,82,,0,0.4102417230606079,False,0.3892907202243805,False,0.29604578018188477,False
1957,186,2.0,0.3333333333333333,13368.0,8.0,E3,52,,0,0.6297404170036316,True,0.46746745705604553,False,0.31149157881736755,False
1958,186,2.3333333333333335,0.3333333333333333,13376.0,8.0,B-3,58,,0,0.960523247718811,True,0.5780444145202637,True,0.3786405026912689,False
1959,186,2.5,0.5,13380.0,12.0,G5,79,,0,0.5327194929122925,True,0.33222725987434387,False,0.3069077730178833,False
1960,186,2.6666666666666665,0.3333333333333333,13384.0,8.0,C4,60,,0,0.9000620245933533,True,0.3477289080619812,False,0.2918069064617157,False
1961,187,0.0,0.5,13392.0,12.0,G5,79,,0,0.24833157658576965,False,0.36170339584350586,False,0.3017471432685852,False
1962,187,0.0,1.0,13392.0,24.0,A3,57,,0,0.7692601680755615,True,0.49419015645980835,False,0.3422623574733734,False
1963,187,0.0,1.0,13392.0,24.0,F3,53,,0,0.626832127571106,True,0.3275909721851349,False,0.3172335922718048,False
1964,187,0.5,0.5,13404.0,12.0,F5,77,,0,0.4805957078933716,False,0.37847450375556946,False,0.3054135739803314,False
1965,187,1.0,0.5,13416.0,12.0,G5,79,,0,0.5404357314109802,True,0.37822413444519043,False,0.3095913231372833,False
1966,187,1.0,1.0,13416.0,24.0,C5,72,,0,0.3963967263698578,False,0.3876292109489441,False,0.2959417402744293,False
1967,187,1.0,1.0,13416.0,24.0,A3,57,,0,0.5444607734680176,True,0.4594992995262146,False,0.32090485095977783,False
1968,187,1.5,0.5,13428.0,12.0,F5,77,,0,0.46595296263694763,False,0.377302885055542,False,0.30737215280532837,False
1969,187,2.0,0.5,13440.0,12.0,A5,81,,0,0.38202956318855286,False,0.3798910975456238,False,0.304524689912796,False
1970,187,2.0,1.0,13440.0,24.0,E5,76,,0,0.5964593291282654,True,0.40540358424186707,False,0.30967745184898376,False
1971,187,2.0,1.0,13440.0,24.0,C4,60,,0,0.6473479270935059,True,0.3706597685813904,False,0.291386216878891,False
1972,187,2.5,0.5,13452.0,12.0,G5,79,,0,0.49970555305480957,False,0.36631888151168823,False,0.30814120173454285,False
1973,188,0.0,1.5,13464.0,36.0,G5,79,,0,0.2525690495967865,False,0.36666950583457947,False,0.3017556965351105,False
1974,188,0.0,3.0,13464.0,72.0,E5,76,,0,0.5243642330169678,True,0.3448767066001892,False,0.30679529905319214,False
1975,188,0.0,1.0,13464.0,24.0,F4,65,,0,0.8847900032997131,True,0.6889550685882568,True,0.48598429560661316,False
1976,188,1.0,1.0,13488.0,24.0,C4,60,,0,0.5054940581321716,True,0.4052162766456604,False,0.2960807681083679,False
1977,188,1.5,0.5,13500.0,12.0,G#5,80,,0,0.374322772026062,False,0.33909422159194946,False,0.2977208197116852,False
1978,188,2.0,1.0,13512.0,24.0,A5,81,,0,0.8140648603439331,True,0.39621254801750183,False,0.3218806982040405,False
1979,188,2.0,1.0,13512.0,24.0,F3,53,,0,0.5425795912742615,True,0.3298981487751007,False,0.3059923052787781,False
1980,189,0.0,1.5,13536.0,36.0,B-5,82,,0,0.7759746313095093,True,0.4386577308177948,False,0.32930314540863037,False
1981,189,0.0,0.5,13536.0,12.0,D4,62,,0,0.44172027707099915,False,0.3817999064922333,False,0.3027717173099518,False
1982,189,0.5,0.5,13548.0,12.0,F4,65,,0,0.6935588121414185,True,0.6056515574455261,True,0.45337510108947754,False
1983,189,1.0,0.5,13560.0,12.0,B-4,70,,0,0.8259035348892212,True,0.7206271290779114,True,0.3891855478286743,False
1984,189,1.5,0.0,13572.0,0.0,C6,84,,0,0.2039671391248703,False,0.33365103602409363,False,0.29041460156440735,False
1985,189,1.5,0.0,13572.0,0.0,B-5,82,,0,0.7464422583580017,True,0.47300705313682556,False,0.3167685270309448,False
1986,189,1.5,0.5,13572.0,12.0,B-5,82,,0,0.8065022230148315,True,0.5494385957717896,True,0.3809220790863037,False
1987,189,1.5,0.0,13572.0,0.0,A5,81,,0,0.37876835465431213,False,0.3571348786354065,False,0.30369049310684204,False
1988,189,1.5,0.5,13572.0,12.0,F4,65,,0,0.5278645157814026,True,0.5976414084434509,True,0.4327680170536041,False
1989,189,2.0,0.5,13584.0,12.0,C6,84,,0,0.5299331545829773,True,0.3340303897857666,False,0.2983189821243286,False
1990,189,2.0,0.5,13584.0,12.0,D4,62,,0,0.3167583644390106,False,0.3465242087841034,False,0.29022130370140076,False
1991,189,2.5,0.5,13596.0,12.0,D6,86,,0,0.5730191469192505,True,0.5998051166534424,True,0.4173350930213928,False
1992,189,2.5,0.5,13596.0,12.0,F4,65,,0,0.7132223844528198,True,0.6526207327842712,True,0.4278450012207031,False
1993,190,0.0,0.5,13608.0,12.0,D6,86,,0,0.7881060838699341,True,0.5352497696876526,True,0.37463846802711487,False
1994,190,0.0,0.5,13608.0,12.0,E4,64,,0,0.7175716161727905,True,0.3107796013355255,False,0.306552529335022,False
1995,190,0.5,0.5,13620.0,12.0,C6,84,,0,0.567977249622345,True,0.3461097478866577,False,0.2989674508571625,False
1996,190,0.5,0.5,13620.0,12.0,G4,67,,0,0.3246452212333679,False,0.3361589014530182,False,0.29665544629096985,False
1997,190,1.0,0.5,13632.0,12.0,B5,83,,0,0.4079737365245819,False,0.38814327120780945,False,0.3032444715499878,False
1998,190,1.0,0.5,13632.0,12.0,C5,72,,0,0.9438698887825012,True,0.6845687627792358,True,0.40579667687416077,False
1999,190,1.5,0.5,13644.0,12.0,C6,84,,0,0.51177579164505,True,0.5024286508560181,True,0.3066604733467102,False
2000,190,1.5,0.5,13644.0,12.0,G4,67,,0,0.11247244477272034,False,0.30546003580093384,False,0.29018884897232056,False
2001,190,2.0,0.5,13656.0,12.0,B-5,82,,0,0.6839416027069092,True,0.39813292026519775,False,0.30019649863243103,False
2002,190,2.0,0.5,13656.0,12.0,E4,64,,0,0.698644757270813,True,0.23136736452579498,False,0.2898047864437103,False
2003,190,2.5,0.5,13668.0,12.0,G5,79,,0,0.5985915660858154,True,0.3672528862953186,False,0.31020382046699524,False
2004,190,2.5,0.5,13668.0,12.0,G4,67,,0,0.22010256350040436,False,0.3125668168067932,False,0.2921934425830841,False
2005,191,0.0,0.5,13680.0,12.0,G#5,80,,0,0.48835110664367676,False,0.41151857376098633,False,0.3126441240310669,False
2006,191,0.0,1.0,13680.0,24.0,F4,65,,0,0.35789090394973755,False,0.3913789391517639,False,0.3074267506599426,False
2007,191,0.5,0.5,13692.0,12.0,A5,81,,0,0.8879225850105286,True,0.38372746109962463,False,0.3248092830181122,False
2008,191,1.0,0.5,13704.0,12.0,C6,84,,0,0.2297733873128891,False,0.3575756847858429,False,0.2894206643104553,False
2009,191,1.0,1.0,13704.0,24.0,G4,67,,0,0.15633869171142578,False,0.33193913102149963,False,0.292159765958786,False
2010,191,1.0,1.0,13704.0,24.0,B-3,58,,0,0.8755720257759094,True,0.42434605956077576,False,0.3161701560020447,False
2011,191,1.5,0.5,13716.0,12.0,B-5,82,,0,0.3362087905406952,False,0.3490959703922272,False,0.29686596989631653,False
2012,191,2.0,0.5,13728.0,12.0,G5,79,,0,0.1650959849357605,False,0.3278849422931671,False,0.29027360677719116,False
2013,191,2.0,1.0,13728.0,24.0,B-4,70,,0,0.8711605668067932,True,0.5997778177261353,True,0.37281468510627747,False
2014,191,2.0,1.0,13728.0,24.0,C4,60,,0,0.7345761060714722,True,0.5621367692947388,True,0.3768415153026581,False
2015,191,2.5,0.5,13740.0,12.0,E5,76,,0,0.7350995540618896,True,0.6457945704460144,True,0.3757568597793579,False
2016,192,0.0,0.5,13752.0,12.0,F5,77,,0,0.6583601236343384,True,0.5554592609405518,True,0.3449428081512451,False
2017,192,0.0,1.0,13752.0,24.0,A4,69,,0,0.9148716330528259,True,0.6586890816688538,True,0.4647650718688965,False
2018,192,0.0,1.0,13752.0,24.0,F4,65,,0,0.773297131061554,True,0.5836981534957886,True,0.33871468901634216,False
2019,192,0.5,0.5,13764.0,12.0,C5,72,,0,0.6524389982223511,True,0.41352272033691406,False,0.31437748670578003,False
2020,192,1.0,1.0,13776.0,24.0,A4,69,,0,0.852755606174469,True,0.6396576762199402,True,0.3826386332511902,False
2021,192,1.5,0.5,13788.0,12.0,C5,72,,0,0.31201252341270447,False,0.338797390460968,False,0.29117897152900696,False
2022,192,2.0,1.0,13800.0,24.0,F4,65,,0,0.37767234444618225,False,0.38740333914756775,False,0.3011626601219177,False
2023,192,2.5,0.5,13812.0,12.0,C5,72,,0,0.4556412100791931,False,0.3466012477874756,False,0.2942199409008026,False
2024,193,0.0,0.5,13824.0,12.0,C5,72,,0,0.3045150339603424,False,0.3715671896934509,False,0.2954105734825134,False
2025,193,0.0,0.5,13824.0,12.0,B-4,70,,0,0.4268825650215149,False,0.4153420925140381,False,0.30834609270095825,False
2026,193,0.0,1.0,13824.0,24.0,G4,67,,0,0.4840168356895447,False,0.39031782746315,False,0.310189425945282,False
2027,193,0.5,0.5,13836.0,12.0,C5,72,,0,0.5030752420425415,True,0.2637665271759033,False,0.29042837023735046,False
2028,193,0.5,0.5,13836.0,12.0,B-4,70,,0,0.7076554298400879,True,0.3724144995212555,False,0.3073412775993347,False
2029,193,1.0,1.0,13848.0,24.0,E4,64,,0,0.6197341084480286,True,0.22751164436340332,False,0.2923984229564667,False
2030,193,1.5,0.5,13860.0,12.0,C5,72,,0,0.34584593772888184,False,0.34663742780685425,False,0.2926183044910431,False
2031,193,1.5,0.5,13860.0,12.0,B-4,70,,0,0.4276071786880493,False,0.3812370002269745,False,0.30174025893211365,False
2032,193,2.0,1.0,13872.0,24.0,C4,60,,0,0.8793500065803528,True,0.4669697880744934,False,0.319798082113266,False
2033,193,2.5,0.5,13884.0,12.0,C5,72,,0,0.8326768279075623,True,0.45546165108680725,False,0.3138258159160614,False
2034,193,2.5,0.5,13884.0,12.0,B-4,70,,0,0.5774408578872681,True,0.3914695978164673,False,0.30719271302223206,False
2035,194,0.0,0.5,13896.0,12.0,C5,72,,0,0.6181065440177917,True,0.5151113271713257,True,0.31462523341178894,False
2036,194,0.0,0.5,13896.0,12.0,A-4,68,,0,0.5402581691741943,True,0.47036728262901306,False,0.3262818455696106,False
2037,194,0.0,1.0,13896.0,24.0,F3,53,,0,0.44559767842292786,False,0.4071250557899475,False,0.309911847114563,False
2038,194,0.5,0.5,13908.0,12.0,C5,72,,0,0.9110589623451233,True,0.5125769972801208,True,0.3166505992412567,False
2039,194,0.5,0.5,13908.0,12.0,A-4,68,,0,0.8983401656150818,True,0.465780645608902,False,0.3352968990802765,False
2040,194,1.0,1.0,13920.0,24.0,A-3,56,,0,0.7820470333099365,True,0.4610621929168701,False,0.3338109254837036,False
2041,194,1.5,0.5,13932.0,12.0,C5,72,,0,0.3827524185180664,False,0.34115251898765564,False,0.28998205065727234,False
2042,194,1.5,0.5,13932.0,12.0,A-4,68,,0,0.40951406955718994,False,0.38479501008987427,False,0.30565130710601807,False
2043,194,2.0,1.0,13944.0,24.0,F3,53,,0,0.5758999586105347,True,0.4050573408603668,False,0.3099841773509979,False
2044,194,2.5,0.5,13956.0,12.0,C5,72,,0,0.7494824528694153,True,0.4478897750377655,False,0.30830898880958557,False
2045,194,2.5,0.5,13956.0,12.0,A-4,68,,0,0.7156383395195007,True,0.4304656386375427,False,0.3206339180469513,False
2046,195,0.0,0.5,13968.0,12.0,C5,72,,0,0.39071571826934814,False,0.3840976059436798,False,0.2975463271141052,False
2047,195,0.0,0.5,13968.0,12.0,B-4,70,,0,0.519822359085083,True,0.374546080827713,False,0.30793285369873047,False
2048,195,0.0,1.0,13968.0,24.0,G3,55,,0,0.6299305558204651,True,0.5095556974411011,True,0.3376580476760864,False
2049,195,0.5,0.5,13980.0,12.0,C5,72,,0,0.5031945705413818,True,0.5026445388793945,True,0.31178349256515503,False
2050,195,0.5,0.5,13980.0,12.0,B-4,70,,0,0.5605542659759521,True,0.4655521512031555,False,0.30813729763031006,False
2051,195,1.0,1.0,13992.0,24.0,E3,52,,0,0.5952950716018677,True,0.4537419080734253,False,0.3259955048561096,False
2052,195,1.5,0.5,14004.0,12.0,C5,72,,0,0.42938584089279175,False,0.35836103558540344,False,0.2949156165122986,False
2053,195,1.5,0.5,14004.0,12.0,B-4,70,,0,0.4422324299812317,False,0.3834719955921173,False,0.30213043093681335,False
2054,195,2.0,1.0,14016.0,24.0,C3,48,,0,0.7591874599456787,True,0.47141602635383606,False,0.31852418184280396,False
2055,195,2.5,0.5,14028.0,12.0,C5,72,,0,0.8236070275306702,True,0.4319196045398712,False,0.3124353885650635,False
2056,195,2.5,0.5,14028.0,12.0,B-4,70,,0,0.5421316027641296,True,0.3104178011417389,False,0.2979283928871155,False
2057,196,0.0,0.5,14040.0,12.0,C5,72,,0,0.5484730005264282,True,0.4435725510120392,False,0.3054352104663849,False
2058,196,0.0,0.5,14040.0,12.0,A-4,68,,0,0.39173778891563416,False,0.41744402050971985,False,0.31090447306632996,False
2059,196,0.0,1.0,14040.0,24.0,F3,53,,0,0.5447385907173157,True,0.37708112597465515,False,0.31624093651771545,False
2060,196,0.0,1.0,14040.0,24.0,F2,41,,0,0.4061029255390167,False,0.3921240568161011,False,0.3046146333217621,False
2061,196,0.5,0.5,14052.0,12.0,C5,72,,0,0.8796215653419495,True,0.4454023540019989,False,0.3049505054950714,False
2062,196,0.5,0.5,14052.0,12.0,A-4,68,,0,0.8769918084144592,True,0.47922301292419434,False,0.33491799235343933,False
2063,196,1.0,1.0,14064.0,24.0,A-3,56,,0,0.40459322929382324,False,0.40826356410980225,False,0.3066430985927582,False
2064,196,1.5,0.5,14076.0,12.0,C5,72,,0,0.3548174500465393,False,0.34059593081474304,False,0.28983062505722046,False
2065,196,1.5,0.5,14076.0,12.0,A-4,68,,0,0.48211488127708435,False,0.40066662430763245,False,0.30971771478652954,False
2066,196,2.0,1.0,14088.0,24.0,C4,60,,0,0.8988803029060364,True,0.4896438717842102,False,0.3173975646495819,False
2067,196,2.5,0.5,14100.0,12.0,C5,72,,0,0.736051619052887,True,0.4637870788574219,False,0.30845189094543457,False
2068,196,2.5,0.5,14100.0,12.0,A-4,68,,0,0.8237327933311462,True,0.5015370845794678,True,0.3343014717102051,False
2069,197,0.0,0.5,14112.0,12.0,D-5,73,,0,0.850008487701416,True,0.562245786190033,True,0.36942794919013977,False
2070,197,0.0,0.5,14112.0,12.0,A-4,68,,0,0.5966489315032959,True,0.47421273589134216,False,0.32048556208610535,False
2071,197,0.0,1.0,14112.0,24.0,B-3,58,,0,0.4670339524745941,False,0.3925204575061798,False,0.30014026165008545,False
2072,197,0.0,1.0,14112.0,24.0,B-2,46,,0,0.242202028632164,False,0.3496014177799225,False,0.29492342472076416,False
2073,197,0.5,0.5,14124.0,12.0,D-5,73,,0,0.7008100748062134,True,0.450704962015152,False,0.3248191177845001,False
2074,197,0.5,0.5,14124.0,12.0,A-4,68,,0,0.8415496945381165,True,0.48957663774490356,False,0.3329039514064789,False
2075,197,1.0,1.0,14136.0,24.0,D-4,61,,0,0.47768470644950867,False,0.4014396071434021,False,0.31226518750190735,False
2076,197,1.5,0.5,14148.0,12.0,D-5,73,,0,0.44792741537094116,False,0.36316609382629395,False,0.30588775873184204,False
2077,197,1.5,0.5,14148.0,12.0,A-4,68,,0,0.6196252703666687,True,0.45615923404693604,False,0.31733769178390503,False
2078,197,2.0,1.0,14160.0,24.0,F4,65,,0,0.5055191516876221,True,0.3199891149997711,False,0.30520156025886536,False
2079,197,2.5,0.5,14172.0,12.0,D-5,73,,0,0.7145982980728149,True,0.4148995280265808,False,0.32009655237197876,False
2080,197,2.5,0.5,14172.0,12.0,A-4,68,,0,0.9447739124298096,True,0.5299808979034424,True,0.3502655029296875,False
2081,198,0.0,0.5,14184.0,12.0,D-5,73,,0,0.5249580144882202,True,0.41700032353401184,False,0.3183794319629669,False
2082,198,0.0,0.5,14184.0,12.0,G4,67,,0,0.48662978410720825,False,0.40786799788475037,False,0.3102002441883087,False
2083,198,0.0,1.0,14184.0,24.0,E-3,51,,0,0.9250349998474121,True,0.4864412844181061,False,0.3346843123435974,False
2084,198,0.0,1.0,14184.0,24.0,E-2,39,,0,0.7223082780838013,True,0.3940604031085968,False,0.31962332129478455,False
2085,198,0.5,0.5,14196.0,12.0,D-5,73,,0,0.7753813862800598,True,0.4266814589500427,False,0.32143136858940125,False
2086,198,0.5,0.5,14196.0,12.0,G4,67,,0,0.3871667981147766,False,0.35289379954338074,False,0.2997830808162689,False
2087,198,1.0,1.0,14208.0,24.0,G3,55,,0,0.14465540647506714,False,0.33502596616744995,False,0.2919014096260071,False
2088,198,1.5,0.5,14220.0,12.0,D-5,73,,0,0.4716985523700714,False,0.364160418510437,False,0.3064008057117462,False
2089,198,1.5,0.5,14220.0,12.0,G4,67,,0,0.2118767648935318,False,0.32201528549194336,False,0.2936323285102844,False
2090,198,2.0,1.0,14232.0,24.0,B-3,58,,0,0.3797718286514282,False,0.3639289438724518,False,0.292406290769577,False
2091,198,2.5,0.5,14244.0,12.0,D-5,73,,0,0.5633886456489563,True,0.455770879983902,False,0.31922370195388794,False
2092,198,2.5,0.5,14244.0,12.0,G4,67,,0,0.43916526436805725,False,0.3509710431098938,False,0.301944375038147,False
2093,199,0.0,0.5,14256.0,12.0,C5,72,,0,0.13889452815055847,False,0.347181111574173,False,0.290679931640625,False
2094,199,0.0,0.5,14256.0,12.0,G4,67,,0,0.13239729404449463,False,0.3424774706363678,False,0.2961936295032501,False
2095,199,0.0,1.0,14256.0,24.0,A-3,56,,0,0.6664927005767822,True,0.4468722343444824,False,0.3277115523815155,False
2096,199,0.0,1.0,14256.0,24.0,A-2,44,,0,0.6471662521362305,True,0.5729646682739258,True,0.5234704613685608,True
2097,199,0.5,0.5,14268.0,12.0,C5,72,,0,0.45441916584968567,False,0.348678320646286,False,0.2915268838405609,False
2098,199,0.5,0.5,14268.0,12.0,G4,67,,0,0.4090290367603302,False,0.3462800085544586,False,0.2990754246711731,False
2099,199,1.0,1.0,14280.0,24.0,C4,60,,0,0.5746817588806152,True,0.6158335208892822,True,0.3542782664299011,False
2100,199,1.5,0.5,14292.0,12.0,C5,72,,0,0.14771753549575806,False,0.3167372941970825,False,0.2861558496952057,False
2101,199,1.5,0.5,14292.0,12.0,G4,67,,0,0.22513432800769806,False,0.3263182044029236,False,0.29444584250450134,False
2102,199,2.0,1.0,14304.0,24.0,E-4,63,,0,0.6765461564064026,True,0.6661610007286072,True,0.44826748967170715,False
2103,199,2.5,0.5,14316.0,12.0,C5,72,,0,0.2781382203102112,False,0.3252519965171814,False,0.28830257058143616,False
2104,199,2.5,0.5,14316.0,12.0,G4,67,,0,0.4269413650035858,False,0.34813493490219116,False,0.3006722033023834,False
2105,200,0.0,0.5,14328.0,12.0,C5,72,,0,0.11800079047679901,False,0.34320521354675293,False,0.29016736149787903,False
2106,200,0.0,0.5,14328.0,12.0,F4,65,,0,0.018025221303105354,False,0.33698636293411255,False,0.2938869595527649,False
2107,200,0.0,1.0,14328.0,24.0,D-3,49,,0,0.5395093560218811,True,0.5383855104446411,True,0.36873379349708557,False
2108,200,0.0,1.0,14328.0,24.0,D-2,37,,0,0.6502642631530762,True,0.5467149019241333,True,0.4144549071788788,False
2109,200,0.5,0.5,14340.0,12.0,C5,72,,0,0.4531790614128113,False,0.34010177850723267,False,0.2896355092525482,False
2110,200,0.5,0.5,14340.0,12.0,F4,65,,0,0.09966076910495758,False,0.3188875615596771,False,0.2912227213382721,False
2111,200,1.0,1.0,14352.0,24.0,D-4,61,,0,0.8599024415016174,True,0.6393150091171265,True,0.40527230501174927,False
2112,200,1.5,0.5,14364.0,12.0,C5,72,,0,0.5139831304550171,True,0.3450792133808136,False,0.29068291187286377,False
2113,200,1.5,0.5,14364.0,12.0,F4,65,,0,0.06484735012054443,False,0.3132361173629761,False,0.290408194065094,False
2114,200,2.0,0.5,14376.0,12.0,B-4,70,,0,0.05970411002635956,False,0.3260193169116974,False,0.2861510217189789,False
2115,200,2.0,0.5,14376.0,12.0,F4,65,,0,0.012495487928390503,False,0.3258010149002075,False,0.28746065497398376,False
2116,200,2.0,1.0,14376.0,24.0,G3,55,,0,0.08186627179384232,False,0.3261203169822693,False,0.28875306248664856,False
2117,200,2.0,1.0,14376.0,24.0,G2,43,,0,0.06888064742088318,False,0.3263571858406067,False,0.2888781726360321,False
2118,200,2.5,0.5,14388.0,12.0,B-4,70,,0,0.164469912648201,False,0.32333722710609436,False,0.2907107174396515,False
2119,200,2.5,0.5,14388.0,12.0,F4,65,,0,0.06042318791151047,False,0.3135613203048706,False,0.2902577221393585,False
2120,201,0.0,1.0,14400.0,24.0,G4,67,,0,0.35834571719169617,False,0.37022432684898376,False,0.3044735789299011,False
2121,201,0.5,0.5,14412.0,12.0,B-4,70,,0,0.25447314977645874,False,0.33299511671066284,False,0.2936227321624756,False
2122,201,0.5,0.5,14412.0,12.0,F4,65,,0,0.05945413187146187,False,0.31288012862205505,False,0.29027849435806274,False
2123,201,1.0,0.5,14424.0,12.0,B-4,70,,0,0.16952300071716309,False,0.3509948253631592,False,0.2921205461025238,False
2124,201,1.0,0.5,14424.0,12.0,E4,64,,0,0.7776907682418823,True,0.342746764421463,False,0.3081696033477783,False
2125,201,1.0,1.0,14424.0,24.0,C3,48,,0,0.8002691864967346,True,0.4062318503856659,False,0.31639569997787476,False
2126,201,1.0,1.0,14424.0,24.0,C2,36,,0,0.7967144250869751,True,0.4454759955406189,False,0.3117585778236389,False
2127,201,1.5,0.5,14436.0,12.0,B-4,70,,0,0.22583536803722382,False,0.334312379360199,False,0.292803555727005,False
2128,201,1.5,0.5,14436.0,12.0,E4,64,,0,0.805934727191925,True,0.27813947200775146,False,0.3067564070224762,False
2129,201,2.0,1.0,14448.0,24.0,C4,60,,0,0.41570669412612915,False,0.3708607256412506,False,0.29200252890586853,False
2130,201,2.5,0.5,14460.0,12.0,B-4,70,,0,0.1025039553642273,False,0.31375840306282043,False,0.2892427444458008,False
2131,201,2.5,0.5,14460.0,12.0,E4,64,,0,0.5626605749130249,True,0.2760777175426483,False,0.30629998445510864,False
2132,202,0.0,1.0,14472.0,24.0,D-4,61,,0,0.3998013436794281,False,0.3854842483997345,False,0.3122602105140686,False
2133,202,0.5,0.5,14484.0,12.0,A-4,68,,0,0.8545827269554138,True,0.4728701114654541,False,0.3292922377586365,False
2134,202,0.5,0.5,14484.0,12.0,F4,65,,0,0.047214776277542114,False,0.3117111027240753,False,0.2900541424751282,False
2135,202,1.0,1.0,14496.0,24.0,C4,60,,0,0.17214162647724152,False,0.33994048833847046,False,0.28799906373023987,False
2136,202,1.5,0.5,14508.0,12.0,A-4,68,,0,0.6421094536781311,True,0.44506409764289856,False,0.3147827982902527,False
2137,202,1.5,0.5,14508.0,12.0,F4,65,,0,0.024273743852972984,False,0.30881109833717346,False,0.2893897294998169,False
2138,202,2.0,1.0,14520.0,24.0,B3,59,,0,0.5731167793273926,True,0.41848814487457275,False,0.3069378137588501,False
2139,202,2.5,0.5,14532.0,12.0,A-4,68,,0,0.8522543907165527,True,0.5262549519538879,True,0.34064581990242004,False
2140,202,2.5,0.5,14532.0,12.0,F4,65,,0,0.0724010244011879,False,0.3169591724872589,False,0.29121243953704834,False
2141,203,0.0,0.5,14544.0,12.0,G4,67,,0,0.3085460066795349,False,0.3655892014503479,False,0.30073097348213196,False
2142,203,0.0,0.5,14544.0,12.0,E4,64,,0,0.6436968445777893,True,0.36944952607154846,False,0.3162569999694824,False
2143,203,0.0,1.0,14544.0,24.0,C4,60,,0,0.33445730805397034,False,0.3480381667613983,False,0.2921055257320404,False
2144,203,0.5,0.5,14556.0,12.0,C5,72,,0,0.5497532486915588,True,0.3639150857925415,False,0.2940943241119385,False
2145,203,0.5,0.5,14556.0,12.0,A-4,68,,0,0.830324649810791,True,0.4780694842338562,False,0.3299977481365204,False
2146,203,1.0,0.5,14568.0,12.0,B-4,70,,0,0.1946888417005539,False,0.35414496064186096,False,0.29256051778793335,False
2147,203,1.0,0.5,14568.0,12.0,G4,67,,0,0.21617598831653595,False,0.3468710780143738,False,0.2941772937774658,False
2148,203,1.5,0.5,14580.0,12.0,A-4,68,,0,0.5872608423233032,True,0.46100401878356934,False,0.31832176446914673,False
2149,203,1.5,0.5,14580.0,12.0,F4,65,,0,0.051812633872032166,False,0.31394776701927185,False,0.2903861999511719,False
2150,203,2.0,0.5,14592.0,12.0,G4,67,,0,0.19831174612045288,False,0.33553799986839294,False,0.2907857894897461,False
2151,203,2.0,0.5,14592.0,12.0,E4,64,,0,0.665239155292511,True,0.39939749240875244,False,0.31187814474105835,False
2152,203,2.5,0.5,14604.0,12.0,A-4,68,,0,0.7862422466278076,True,0.5575112104415894,True,0.34424084424972534,False
2153,203,2.5,0.5,14604.0,12.0,F4,65,,0,0.09297610074281693,False,0.3206222653388977,False,0.29209640622138977,False
2154,203,2.5,0.5,14604.0,12.0,B3,59,,0,0.4029785096645355,False,0.3559266924858093,False,0.3023478388786316,False
2155,204,0.0,0.5,14616.0,12.0,G4,67,,0,0.26778843998908997,False,0.35876575112342834,False,0.30001112818717957,False
2156,204,0.0,0.5,14616.0,12.0,E4,64,,0,0.8018849492073059,True,0.39702165126800537,False,0.3253125250339508,False
2157,204,0.0,1.0,14616.0,24.0,C4,60,,0,0.2999400794506073,False,0.3489973545074463,False,0.2921055257320404,False
2158,204,0.5,0.5,14628.0,12.0,C5,72,,0,0.25793981552124023,False,0.3250710070133209,False,0.28802695870399475,False
2159,204,0.5,0.5,14628.0,12.0,A-4,68,,0,0.8192923069000244,True,0.48684805631637573,False,0.33198052644729614,False
2160,204,1.0,0.5,14640.0,12.0,B-4,70,,0,0.28447529673576355,False,0.37221017479896545,False,0.2963421642780304,False
2161,204,1.0,0.5,14640.0,12.0,G4,67,,0,0.08532972633838654,False,0.3270367980003357,False,0.29065099358558655,False
2162,204,1.5,0.5,14652.0,12.0,A-4,68,,0,0.6724572777748108,True,0.42769473791122437,False,0.3194865882396698,False
2163,204,1.5,0.5,14652.0,12.0,F4,65,,0,0.07186545431613922,False,0.3179888129234314,False,0.2912003695964813,False
2164,204,2.0,0.5,14664.0,12.0,G4,67,,0,0.05581789091229439,False,0.3184976279735565,False,0.2874181866645813,False
2165,204,2.0,0.5,14664.0,12.0,E4,64,,0,0.6184746623039246,True,0.35128337144851685,False,0.3037577271461487,False
2166,204,2.5,0.5,14676.0,12.0,A-4,68,,0,0.8258993625640869,True,0.5308038592338562,True,0.3413733243942261,False
2167,204,2.5,0.5,14676.0,12.0,F4,65,,0,0.18029619753360748,False,0.335914671421051,False,0.29536721110343933,False
2168,204,2.5,0.5,14676.0,12.0,B3,59,,0,0.3481687009334564,False,0.3551987409591675,False,0.30179908871650696,False
2169,205,0.0,0.5,14688.0,12.0,G4,67,,0,0.1295507252216339,False,0.3390316665172577,False,0.2958334982395172,False
2170,205,0.0,0.5,14688.0,12.0,E4,64,,0,0.8165721297264099,True,0.46531832218170166,False,0.3311586081981659,False
2171,205,0.0,0.5,14688.0,12.0,C4,60,,0,0.2014925330877304,False,0.34650588035583496,False,0.29080331325531006,False
2172,205,0.5,0.5,14700.0,12.0,A-4,68,,0,0.7294074296951294,True,0.5274209380149841,True,0.33246707916259766,False
2173,205,0.5,0.5,14700.0,12.0,F4,65,,0,0.08650209754705429,False,0.31904634833335876,False,0.29159262776374817,False
2174,205,0.5,0.5,14700.0,12.0,B3,59,,0,0.269240140914917,False,0.34118402004241943,False,0.29909735918045044,False
2175,205,1.0,0.5,14712.0,12.0,G4,67,,0,0.18229497969150543,False,0.3410443067550659,False,0.29347071051597595,False
2176,205,1.0,0.5,14712.0,12.0,E4,64,,0,0.7265539169311523,True,0.3860267996788025,False,0.31249749660491943,False
2177,205,1.0,0.5,14712.0,12.0,C4,60,,0,0.1483309268951416,False,0.3355616629123688,False,0.2865585386753082,False
2178,205,1.5,0.5,14724.0,12.0,A-4,68,,0,0.5614542961120605,True,0.4640250504016876,False,0.3210727870464325,False
2179,205,1.5,0.5,14724.0,12.0,F4,65,,0,0.07399306446313858,False,0.31754475831985474,False,0.2910918593406677,False
2180,205,1.5,0.5,14724.0,12.0,B3,59,,0,0.2179545760154724,False,0.33687758445739746,False,0.29800933599472046,False
2181,205,2.0,0.5,14736.0,12.0,G4,67,,0,0.11121474951505661,False,0.3243471682071686,False,0.2886129319667816,False
2182,205,2.0,0.5,14736.0,12.0,E4,64,,0,0.611453115940094,True,0.3712029457092285,False,0.3048190772533417,False
2183,205,2.0,0.5,14736.0,12.0,C4,60,,0,0.14938171207904816,False,0.3319503664970398,False,0.28477030992507935,False
2184,205,2.5,0.5,14748.0,12.0,A-4,68,,0,0.7424678206443787,True,0.4924652576446533,False,0.33600515127182007,False
2185,205,2.5,0.5,14748.0,12.0,F4,65,,0,0.08073380589485168,False,0.3170439600944519,False,0.2913687527179718,False
2186,205,2.5,0.5,14748.0,12.0,B3,59,,0,0.3570423722267151,False,0.3554777503013611,False,0.3021109700202942,False
2187,206,0.0,0.5,14760.0,12.0,G4,67,,0,0.3382223844528198,False,0.3701850175857544,False,0.3027549982070923,False
2188,206,0.0,0.5,14760.0,12.0,E4,64,,0,0.7456350922584534,True,0.48195189237594604,False,0.3330473303794861,False
2189,206,0.0,1.0,14760.0,24.0,C4,60,,0,0.5500643253326416,True,0.5180993676185608,True,0.3936915695667267,False
2190,206,0.5,0.5,14772.0,12.0,F#4,66,,0,0.35063105821609497,False,0.35542142391204834,False,0.3041601777076721,False
2191,206,0.5,0.5,14772.0,12.0,D#4,63,,0,0.8325805068016052,True,0.5365500450134277,True,0.42821988463401794,False
2192,206,1.0,0.5,14784.0,12.0,G4,67,,0,0.22180131077766418,False,0.3500186800956726,False,0.29613691568374634,False
2193,206,1.0,0.5,14784.0,12.0,E4,64,,0,0.6267382502555847,True,0.5003563761711121,True,0.3977562487125397,False
2194,206,1.5,0.5,14796.0,12.0,A4,69,,0,0.8993619680404663,True,0.5068400502204895,True,0.37106895446777344,False
2195,206,1.5,0.5,14796.0,12.0,F#4,66,,0,0.2775680422782898,False,0.33064720034599304,False,0.2978667616844177,False
2196,206,2.0,0.5,14808.0,12.0,B-4,70,,0,0.2937543988227844,False,0.3608956038951874,False,0.29205045104026794,False
2197,206,2.0,0.5,14808.0,12.0,G4,67,,0,0.07242386043071747,False,0.32035332918167114,False,0.2879423499107361,False
2198,206,2.5,0.5,14820.0,12.0,C5,72,,0,0.08261458575725555,False,0.30888375639915466,False,0.2858278751373291,False
2199,206,2.5,0.5,14820.0,12.0,A4,69,,0,0.874453067779541,True,0.4736024737358093,False,0.3341309428215027,False
2200,207,0.0,1.0,14832.0,24.0,D5,74,,0,0.6456823348999023,True,0.5265966057777405,True,0.34004393219947815,False
2201,207,0.0,1.0,14832.0,24.0,B-4,70,,0,0.7596469521522522,True,0.4395742416381836,False,0.3156508803367615,False
2202,207,0.0,1.0,14832.0,24.0,B-3,58,,0,0.325166791677475,False,0.36259934306144714,False,0.2967846095561981,False
2203,207,1.0,1.0,14856.0,24.0,D5,74,,0,0.06897102296352386,False,0.3231082558631897,False,0.28712645173072815,False
2204,207,1.0,1.0,14856.0,24.0,B-4,70,,0,0.2609553933143616,False,0.36435848474502563,False,0.2940397262573242,False
2205,207,1.0,1.0,14856.0,24.0,F4,65,,0,0.14643850922584534,False,0.3552035689353943,False,0.29605868458747864,False
2206,207,1.0,1.0,14856.0,24.0,B-3,58,,0,0.09105794131755829,False,0.3317887485027313,False,0.2884998023509979,False
2207,207,2.0,1.0,14880.0,24.0,D5,74,,0,0.03623517230153084,False,0.3136936128139496,False,0.28370729088783264,False
2208,207,2.0,1.0,14880.0,24.0,B-4,70,,0,0.189761683344841,False,0.3412097692489624,False,0.2890680432319641,False
2209,207,2.0,1.0,14880.0,24.0,F4,65,,0,0.10048622637987137,False,0.3402387499809265,False,0.2908982038497925,False
2210,207,2.0,1.0,14880.0,24.0,B-3,58,,0,0.14555087685585022,False,0.3304077088832855,False,0.2861751317977905,False
2211,208,0.0,2.0,14904.0,48.0,D5,74,,0,0.24759547412395477,False,0.3615661561489105,False,0.29769596457481384,False
2212,208,0.0,2.0,14904.0,48.0,B-4,70,,0,0.11618681252002716,False,0.34578830003738403,False,0.29395681619644165,False
2213,208,0.0,3.0,14904.0,72.0,F4,65,,0,0.16292208433151245,False,0.36988306045532227,False,0.3022525906562805,False
2214,208,0.0,2.0,14904.0,48.0,B-3,58,,0,0.32787084579467773,False,0.3591110110282898,False,0.2954520583152771,False
2215,208,2.0,1.0,14952.0,24.0,C5,72,,0,0.10491324961185455,False,0.3332720398902893,False,0.28481701016426086,False
2216,208,2.0,1.0,14952.0,24.0,A4,69,,0,0.600266695022583,True,0.47900551557540894,False,0.3246670067310333,False
2217,208,2.0,1.0,14952.0,24.0,F3,53,,0,0.1171669214963913,False,0.3474568724632263,False,0.29255056381225586,False
2218,209,0.0,0.0,14976.0,0.0,C5,72,,0,0.033346761018037796,False,0.33318892121315,False,0.2888859510421753,False
2219,209,0.0,1.0,14976.0,24.0,B-4,70,,0,0.22652313113212585,False,0.3563440144062042,False,0.29559725522994995,False
2220,209,0.0,1.0,14976.0,24.0,G4,67,,0,0.394184947013855,False,0.363290399312973,False,0.3020881712436676,False
2221,209,0.0,1.0,14976.0,24.0,E4,64,,0,0.8509923815727234,True,0.5471093058586121,True,0.40288209915161133,False
2222,209,0.0,1.0,14976.0,24.0,C3,48,,0,0.7711713314056396,True,0.4459312856197357,False,0.3136196732521057,False
2223,209,1.0,1.0,15000.0,24.0,B-4,70,,0,0.09167606383562088,False,0.33457303047180176,False,0.28926724195480347,False
2224,209,1.0,1.0,15000.0,24.0,G4,67,,0,0.16417250037193298,False,0.33793655037879944,False,0.2927566468715668,False
2225,209,1.0,1.0,15000.0,24.0,E4,64,,0,0.7533621191978455,True,0.5445708632469177,True,0.4523885250091553,False
2226,209,1.0,1.0,15000.0,24.0,C3,48,,0,0.8222163319587708,True,0.47130125761032104,False,0.31871628761291504,False
2227,209,2.0,1.0,15024.0,24.0,B-4,70,,0,0.21453507244586945,False,0.34507063031196594,False,0.28924354910850525,False
2228,209,2.0,1.0,15024.0,24.0,G4,67,,0,0.4220706522464752,False,0.36170434951782227,False,0.2974025011062622,False
2229,209,2.0,1.0,15024.0,24.0,E4,64,,0,0.8811406493186951,True,0.5679641366004944,True,0.4445403516292572,False
2230,209,2.0,1.0,15024.0,24.0,C3,48,,0,0.722937822341919,True,0.43600785732269287,False,0.30928218364715576,False
2231,210,0.0,2.0,15048.0,48.0,B-4,70,,0,0.19423699378967285,False,0.3576941192150116,False,0.29487699270248413,False
2232,210,0.0,2.0,15048.0,48.0,G4,67,,0,0.18765422701835632,False,0.35147950053215027,False,0.2975829839706421,False
2233,210,0.0,2.0,15048.0,48.0,E4,64,,0,0.6648417711257935,True,0.5066272616386414,True,0.38992226123809814,False
2234,210,0.0,2.0,15048.0,48.0,C3,48,,0,0.8221719264984131,True,0.4478389620780945,False,0.3179350793361664,False
2235,210,2.0,1.0,15096.0,24.0,A4,69,,0,0.4264972507953644,False,0.39252573251724243,False,0.30834823846817017,False
2236,210,2.0,1.0,15096.0,24.0,F4,65,,0,0.5466073751449585,True,0.43989935517311096,False,0.3171582818031311,False
2237,210,2.0,1.0,15096.0,24.0,D3,50,,0,0.20660965144634247,False,0.3404926657676697,False,0.29027342796325684,False
2238,211,0.0,0.5,15120.0,12.0,C5,72,,0,0.09739914536476135,False,0.34152624011039734,False,0.2901671230792999,False
2239,211,0.0,0.5,15120.0,12.0,A4,69,,0,0.6587937474250793,True,0.5048172473907471,True,0.3333170413970947,False
2240,211,0.0,1.0,15120.0,24.0,B-2,46,,0,0.7085390686988831,True,0.4866766631603241,False,0.3231264352798462,False
2241,211,0.5,0.5,15132.0,12.0,B-4,70,,0,0.0778656080365181,False,0.3033616840839386,False,0.28697580099105835,False
2242,211,0.5,0.5,15132.0,12.0,G4,67,,0,0.0748891830444336,False,0.30089637637138367,False,0.2892654836177826,False
2243,211,1.0,1.0,15144.0,24.0,A4,69,,0,0.8041688203811646,True,0.5391406416893005,True,0.3323233723640442,False
2244,211,1.0,1.0,15144.0,24.0,F4,65,,0,0.40490537881851196,False,0.4006974399089813,False,0.30897119641304016,False
2245,211,1.0,1.0,15144.0,24.0,C3,48,,0,0.8994398713111877,True,0.5338701009750366,True,0.31753310561180115,False
2246,211,2.0,1.0,15168.0,24.0,G4,67,,0,0.027691621333360672,False,0.31592652201652527,False,0.28683149814605713,False
2247,211,2.0,1.0,15168.0,24.0,E4,64,,0,0.8933742046356201,True,0.5491212010383606,True,0.3657946288585663,False
2248,211,2.0,1.0,15168.0,24.0,C3,48,,0,0.8015347719192505,True,0.40460631251335144,False,0.3022865951061249,False
2249,212,0.0,0.5,15192.0,12.0,A4,69,,0,0.582281231880188,True,0.4802669584751129,False,0.32532817125320435,False
2250,212,0.0,0.5,15192.0,12.0,F4,65,,0,0.5072999000549316,True,0.4311361014842987,False,0.31836026906967163,False
2251,212,0.0,1.0,15192.0,24.0,F3,53,,0,0.3404659926891327,False,0.3953280448913574,False,0.30770406126976013,False
2252,212,0.5,0.5,15204.0,12.0,F5,77,,0,0.21910764276981354,False,0.33248135447502136,False,0.2932533621788025,False
2253,212,1.0,0.5,15216.0,12.0,G5,79,,0,0.16481389105319977,False,0.3323418200016022,False,0.29168352484703064,False
2254,212,1.5,0.5,15228.0,12.0,A5,81,,0,0.639003574848175,True,0.36941853165626526,False,0.32194679975509644,False
2255,212,2.0,0.5,15240.0,12.0,B-5,82,,0,0.19878344237804413,False,0.34623482823371887,False,0.2892945110797882,False
2256,212,2.5,0.5,15252.0,12.0,C6,84,,0,0.2782357931137085,False,0.32968607544898987,False,0.29000577330589294,False
2257,213,0.0,1.0,15264.0,24.0,D6,86,,0,0.8895542025566101,True,0.5669085383415222,True,0.3778848350048065,False
2258,213,0.0,1.0,15264.0,24.0,B-4,70,,0,0.17702433466911316,False,0.34240272641181946,False,0.2929220497608185,False
2259,213,0.0,1.0,15264.0,24.0,F4,65,,0,0.6200776696205139,True,0.4472722113132477,False,0.31934183835983276,False
2260,213,1.0,1.0,15288.0,24.0,D6,86,,0,0.7953804731369019,True,0.44946664571762085,False,0.3225289285182953,False
2261,213,1.0,1.0,15288.0,24.0,B-4,70,,0,0.13606812059879303,False,0.33581218123435974,False,0.2889338433742523,False
2262,213,1.0,1.0,15288.0,24.0,F4,65,,0,0.4865763783454895,False,0.4348239004611969,False,0.3171060383319855,False
2263,213,2.0,1.0,15312.0,24.0,D6,86,,0,0.5237552523612976,True,0.4651130139827728,False,0.3159899413585663,False
2264,213,2.0,1.0,15312.0,24.0,B-4,70,,0,0.09004701673984528,False,0.32639142870903015,False,0.2858297526836395,False
2265,213,2.0,1.0,15312.0,24.0,F4,65,,0,0.33141350746154785,False,0.39039942622184753,False,0.3034191131591797,False
2266,214,0.0,1.5,15336.0,36.0,D6,86,,0,0.7892260551452637,True,0.5047058463096619,True,0.33991363644599915,False
2267,214,0.0,2.0,15336.0,48.0,B-4,70,,0,0.1544571816921234,False,0.3496665060520172,False,0.29436010122299194,False
2268,214,0.0,3.0,15336.0,72.0,F4,65,,0,0.5210915207862854,True,0.46747928857803345,False,0.3279876410961151,False
2269,214,1.5,0.25,15372.0,6.0,E6,88,,0,0.4686656892299652,False,0.3805774450302124,False,0.3081011474132538,False
2270,214,1.75,0.25,15378.0,6.0,D6,86,,0,0.8272455334663391,True,0.3975470960140228,False,0.29825559258461,False
2271,214,2.0,1.0,15384.0,24.0,C6,84,,0,0.33918651938438416,False,0.35393714904785156,False,0.28920456767082214,False
2272,214,2.0,1.0,15384.0,24.0,A4,69,,0,0.7919885516166687,True,0.560278058052063,True,0.3572164475917816,False
2273,215,0.0,0.0,15408.0,0.0,C6,84,,0,0.06625007838010788,False,0.3367059826850891,False,0.2897398769855499,False
2274,215,0.0,1.0,15408.0,24.0,B-5,82,,0,0.14137820899486542,False,0.3450706899166107,False,0.29338502883911133,False
2275,215,0.0,1.0,15408.0,24.0,E5,76,,0,0.4802313446998596,False,0.41710007190704346,False,0.3161455988883972,False
2276,215,0.0,1.0,15408.0,24.0,G4,67,,0,0.1632254719734192,False,0.34131619334220886,False,0.29621657729148865,False
2277,215,0.0,1.0,15408.0,24.0,C4,60,,0,0.9079836010932922,True,0.6731973886489868,True,0.4348050057888031,False
2278,215,1.0,1.0,15432.0,24.0,B-5,82,,0,0.26938414573669434,False,0.36271241307258606,False,0.29285621643066406,False
2279,215,1.0,1.0,15432.0,24.0,E5,76,,0,0.6777873635292053,True,0.5204102396965027,True,0.3813423812389374,False
2280,215,1.0,1.0,15432.0,24.0,G4,67,,0,0.30130094289779663,False,0.3625948131084442,False,0.2967519462108612,False
2281,215,1.0,1.0,15432.0,24.0,C4,60,,0,0.7046916484832764,True,0.5839595198631287,True,0.4475245475769043,False
2282,215,2.0,1.0,15456.0,24.0,B-5,82,,0,0.1305180937051773,False,0.3336524963378906,False,0.28690633177757263,False
2283,215,2.0,1.0,15456.0,24.0,E5,76,,0,0.5519012808799744,True,0.454505980014801,False,0.3200516104698181,False
2284,215,2.0,1.0,15456.0,24.0,G4,67,,0,0.09687737375497818,False,0.3255625367164612,False,0.28852763772010803,False
2285,215,2.0,1.0,15456.0,24.0,C4,60,,0,0.8452951908111572,True,0.5738956332206726,True,0.4288147985935211,False
2286,216,0.0,2.0,15480.0,48.0,B-5,82,,0,0.272914856672287,False,0.3737978935241699,False,0.29756298661231995,False
2287,216,0.0,2.0,15480.0,48.0,E5,76,,0,0.6102337837219238,True,0.519050657749176,True,0.3522656559944153,False
2288,216,0.0,2.0,15480.0,48.0,G4,67,,0,0.07429753988981247,False,0.3372544050216675,False,0.29499539732933044,False
2289,216,0.0,2.0,15480.0,48.0,C#4,61,,0,0.7736753225326538,True,0.54365074634552,True,0.36485180258750916,False
2290,216,2.0,1.0,15528.0,24.0,A5,81,,0,0.45850521326065063,False,0.39970576763153076,False,0.311765193939209,False
2291,216,2.0,1.0,15528.0,24.0,F5,77,,0,0.08450658619403839,False,0.3391880691051483,False,0.290169894695282,False
2292,216,2.0,1.0,15528.0,24.0,F4,65,,0,0.2741830348968506,False,0.3814055919647217,False,0.3001585602760315,False
2293,216,2.0,1.0,15528.0,24.0,D4,62,,0,0.21744926273822784,False,0.3427124619483948,False,0.2908511459827423,False
2294,217,0.0,0.5,15552.0,12.0,C6,84,,0,0.35642051696777344,False,0.3733499050140381,False,0.29651951789855957,False
2295,217,0.0,0.5,15552.0,12.0,A5,81,,0,0.7837690711021423,True,0.4948525130748749,False,0.34280285239219666,False
2296,217,0.0,1.0,15552.0,24.0,B-3,58,,0,0.5233770608901978,True,0.3915383815765381,False,0.30585405230522156,False
2297,217,0.5,0.5,15564.0,12.0,B-5,82,,0,0.31656214594841003,False,0.34112808108329773,False,0.292686402797699,False
2298,217,0.5,0.5,15564.0,12.0,G5,79,,0,0.07848543673753738,False,0.2996208071708679,False,0.28913408517837524,False
2299,217,1.0,1.0,15576.0,24.0,A5,81,,0,0.8904677629470825,True,0.6044475436210632,True,0.44556695222854614,False
2300,217,1.0,1.0,15576.0,24.0,F5,77,,0,0.5786448121070862,True,0.4759427011013031,False,0.3170497417449951,False
2301,217,1.0,1.0,15576.0,24.0,C4,60,,0,0.5179215669631958,True,0.5422649383544922,True,0.36760377883911133,False
2302,217,2.0,1.0,15600.0,24.0,G5,79,,0,0.051059212535619736,False,0.31779390573501587,False,0.28721916675567627,False
2303,217,2.0,1.0,15600.0,24.0,E5,76,,0,0.9328657984733582,True,0.605387806892395,True,0.439710795879364,False
2304,217,2.0,1.0,15600.0,24.0,B-3,58,,0,0.421031653881073,False,0.34419864416122437,False,0.2889400124549866,False
2305,218,0.0,0.5,15624.0,12.0,C6,84,,0,0.7186970710754395,True,0.5521524548530579,True,0.33354824781417847,False
2306,218,0.0,0.5,15624.0,12.0,A5,81,,0,0.7003247737884521,True,0.6055704951286316,True,0.35375016927719116,False
2307,218,0.0,0.5,15624.0,12.0,A3,57,,0,0.749890148639679,True,0.4628584086894989,False,0.3238586485385895,False
2308,218,0.0,0.5,15624.0,12.0,A2,45,,0,0.904395580291748,True,0.5396730303764343,True,0.4026692509651184,False
2309,218,0.5,0.5,15636.0,12.0,C6,84,,0,0.8066555857658386,True,0.4612465500831604,False,0.3152875006198883,False
2310,218,0.5,0.5,15636.0,12.0,A5,81,,0,0.8096159100532532,True,0.5093508958816528,True,0.38566672801971436,False
2311,218,1.0,0.5,15648.0,12.0,C#4,61,,0,0.761380136013031,True,0.41816970705986023,False,0.3262301981449127,False
2312,218,1.5,0.5,15660.0,12.0,B-5,82,,0,0.3705182671546936,False,0.35777267813682556,False,0.29540371894836426,False
2313,218,1.5,0.5,15660.0,12.0,G5,79,,0,0.04099966585636139,False,0.29659268260002136,False,0.2882697284221649,False
2314,218,2.0,0.5,15672.0,12.0,D4,62,,0,0.16744975745677948,False,0.3316999673843384,False,0.2875640392303467,False
2315,218,2.5,0.5,15684.0,12.0,A5,81,,0,0.826574981212616,True,0.4284083843231201,False,0.3213861882686615,False
2316,218,2.5,0.5,15684.0,12.0,F5,77,,0,0.36210063099861145,False,0.36643996834754944,False,0.2997114062309265,False
2317,219,0.0,0.5,15696.0,12.0,B-3,58,,0,0.3311407268047333,False,0.35997170209884644,False,0.29642394185066223,False
2318,219,0.5,0.5,15708.0,12.0,G5,79,,0,0.03544486686587334,False,0.29588717222213745,False,0.28814661502838135,False
2319,219,0.5,0.5,15708.0,12.0,B-4,70,,0,0.2546834349632263,False,0.31540074944496155,False,0.2880488932132721,False
2320,219,1.0,0.5,15720.0,12.0,C4,60,,0,0.7447088956832886,True,0.5031868815422058,True,0.32619979977607727,False
2321,219,1.5,0.5,15732.0,12.0,F5,77,,0,0.289896160364151,False,0.34929904341697693,False,0.2959287762641907,False
2322,219,1.5,0.5,15732.0,12.0,A4,69,,0,0.8060162663459778,True,0.398484468460083,False,0.31036558747291565,False
2323,219,2.0,0.5,15744.0,12.0,B-3,58,,0,0.642963171005249,True,0.3513961136341095,False,0.295371949672699,False
2324,219,2.5,0.5,15756.0,12.0,E5,76,,0,0.7350443601608276,True,0.4025478959083557,False,0.3182465434074402,False
2325,219,2.5,0.5,15756.0,12.0,G4,67,,0,0.06488146632909775,False,0.3008076846599579,False,0.28885704278945923,False
2326,220,0.0,0.5,15768.0,12.0,A3,57,,0,0.8651033043861389,True,0.4600187838077545,False,0.33003687858581543,False
2327,220,0.0,0.5,15768.0,12.0,A2,45,,0,0.9314470291137695,True,0.5150535702705383,True,0.3511402904987335,False
2328,220,0.25,0.25,15774.0,6.0,A5,81,,0,0.6193568110466003,True,0.49330776929855347,False,0.3133852481842041,False
2329,220,0.5,0.25,15780.0,6.0,C6,84,,0,0.10986172407865524,False,0.3099196255207062,False,0.28569161891937256,False
2330,220,0.75,0.25,15786.0,6.0,A5,81,,0,0.8576831817626953,True,0.5177926421165466,True,0.327931672334671,False
2331,220,1.0,0.5,15792.0,12.0,C#4,61,,0,0.47523367404937744,False,0.41684168577194214,False,0.30471229553222656,False
2332,220,1.0,0.5,15792.0,12.0,C#3,49,,0,0.21360176801681519,False,0.3678835928440094,False,0.2951161563396454,False
2333,220,1.25,0.25,15798.0,6.0,G5,79,,0,0.0238915104418993,False,0.29778996109962463,False,0.2829412519931793,False
2334,220,1.5,0.25,15804.0,6.0,B-5,82,,0,0.16092531383037567,False,0.32178542017936707,False,0.2892085015773773,False
2335,220,1.75,0.25,15810.0,6.0,G5,79,,0,0.4521579444408417,False,0.32233870029449463,False,0.2869269847869873,False
2336,220,2.0,0.5,15816.0,12.0,D4,62,,0,0.1185929924249649,False,0.32207056879997253,False,0.2850768566131592,False
2337,220,2.0,0.5,15816.0,12.0,D3,50,,0,0.14793674647808075,False,0.32659903168678284,False,0.28563955426216125,False
2338,220,2.25,0.25,15822.0,6.0,F5,77,,0,0.18197375535964966,False,0.3342364728450775,False,0.2876131534576416,False
2339,220,2.5,0.25,15828.0,6.0,A5,81,,0,0.6627734303474426,True,0.49635806679725647,False,0.3242502808570862,False
2340,220,2.75,0.25,15834.0,6.0,F5,77,,0,0.20438922941684723,False,0.33139535784721375,False,0.28744977712631226,False
2341,221,0.0,0.5,15840.0,12.0,B-3,58,,0,0.2740519642829895,False,0.3633314073085785,False,0.29550114274024963,False
2342,221,0.0,0.5,15840.0,12.0,B-2,46,,0,0.22911490499973297,False,0.3607363700866699,False,0.2954922616481781,False
2343,221,0.25,0.25,15846.0,6.0,B-4,70,,0,0.09723076969385147,False,0.3075222074985504,False,0.28199031949043274,False
2344,221,0.5,0.25,15852.0,6.0,G5,79,,0,0.12589679658412933,False,0.30276572704315186,False,0.2894195020198822,False
2345,221,0.75,0.25,15858.0,6.0,B-4,70,,0,0.22123515605926514,False,0.3125947117805481,False,0.28346776962280273,False
2346,221,1.0,0.5,15864.0,12.0,C4,60,,0,0.6290714740753174,True,0.4135865569114685,False,0.2989552319049835,False
2347,221,1.0,0.5,15864.0,12.0,C3,48,,0,0.6199653148651123,True,0.380648136138916,False,0.3020957410335541,False
2348,221,1.25,0.25,15870.0,6.0,A4,69,,0,0.5691598653793335,True,0.34624603390693665,False,0.2938516139984131,False
2349,221,1.5,0.25,15876.0,6.0,F5,77,,0,0.27351999282836914,False,0.3390125036239624,False,0.293610543012619,False
2350,221,1.75,0.25,15882.0,6.0,A4,69,,0,0.3903874158859253,False,0.3430979251861572,False,0.294740229845047,False
2351,221,2.0,0.5,15888.0,12.0,C3,48,,0,0.8230846524238586,True,0.3579193949699402,False,0.2936999797821045,False
2352,221,2.0,0.5,15888.0,12.0,C2,36,,0,0.6894046068191528,True,0.4141237437725067,False,0.3003709316253662,False
2353,221,2.25,0.25,15894.0,6.0,G4,67,,0,0.037342190742492676,False,0.30012747645378113,False,0.2833488881587982,False
2354,221,2.5,0.25,15900.0,6.0,E5,76,,0,0.7806984782218933,True,0.41019001603126526,False,0.31805968284606934,False
2355,221,2.75,0.25,15906.0,6.0,G4,67,,0,0.06382102519273758,False,0.3007197976112366,False,0.28369516134262085,False
2356,222,0.0,1.0,15912.0,24.0,F5,77,,0,0.23458705842494965,False,0.36999866366386414,False,0.29928916692733765,False
2357,222,0.0,1.0,15912.0,24.0,C5,72,,0,0.06988353282213211,False,0.3399598300457001,False,0.2898886203765869,False
2358,222,0.0,1.0,15912.0,24.0,A4,69,,0,0.6988958120346069,True,0.41993069648742676,False,0.31348916888237,False
2359,222,0.0,0.25,15912.0,6.0,F2,41,,0,0.3398716449737549,False,0.38382992148399353,False,0.3032321333885193,False
2360,222,0.25,0.25,15918.0,6.0,A2,45,,0,0.793578565120697,True,0.40034013986587524,False,0.3038446307182312,False
2361,222,0.5,0.25,15924.0,6.0,C3,48,,0,0.6468726992607117,True,0.32826438546180725,False,0.29085132479667664,False
2362,222,0.75,0.25,15930.0,6.0,F3,53,,0,0.561994731426239,True,0.3272424638271332,False,0.30179116129875183,False
2363,222,1.0,0.25,15936.0,6.0,F2,41,,0,0.27792292833328247,False,0.3713156282901764,False,0.2982291877269745,False
2364,222,1.25,0.25,15942.0,6.0,A2,45,,0,0.6871664524078369,True,0.45934823155403137,False,0.3105889856815338,False
2365,222,1.5,0.25,15948.0,6.0,C3,48,,0,0.7617039084434509,True,0.393949031829834,False,0.2993770241737366,False
2366,222,1.75,0.25,15954.0,6.0,F3,53,,0,0.4068446457386017,False,0.3446560502052307,False,0.2922377288341522,False
2367,222,2.0,0.75,15960.0,18.0,A4,69,,0,0.7863522171974182,True,0.4208395481109619,False,0.3051365911960602,False
2368,222,2.0,0.25,15960.0,6.0,F2,41,,0,0.21627476811408997,False,0.35100996494293213,False,0.29217231273651123,False
2369,222,2.25,0.25,15966.0,6.0,A2,45,,0,0.7076182961463928,True,0.45820239186286926,False,0.3105011582374573,False
2370,222,2.5,0.25,15972.0,6.0,C3,48,,0,0.737655758857727,True,0.33114609122276306,False,0.29262304306030273,False
2371,222,2.75,0.125,15978.0,3.0,G4,67,,0,0.030726009979844093,False,0.2995339334011078,False,0.283275306224823,False
2372,222,2.75,0.25,15978.0,6.0,F3,53,,0,0.49887001514434814,False,0.35477152466773987,False,0.29559430480003357,False
2373,222,2.875,0.125,15981.0,3.0,F4,65,,0,0.9049325585365295,True,0.39079147577285767,False,0.31588417291641235,False
2374,223,0.0,2.0,15984.0,48.0,C5,72,,0,0.24197719991207123,False,0.3580985367298126,False,0.2922622263431549,False
2375,223,0.0,0.25,15984.0,6.0,F2,41,,0,0.3664102554321289,False,0.3848779797554016,False,0.3044290840625763,False
2376,223,0.25,0.25,15990.0,6.0,A2,45,,0,0.7233374118804932,True,0.46514344215393066,False,0.3119243383407593,False
2377,223,0.5,0.25,15996.0,6.0,C3,48,,0,0.6649214625358582,True,0.3320036828517914,False,0.29235947132110596,False
2378,223,0.75,0.25,16002.0,6.0,F3,53,,0,0.38893213868141174,False,0.3446478247642517,False,0.2919432520866394,False
2379,223,1.0,0.25,16008.0,6.0,F2,41,,0,0.34626466035842896,False,0.38133201003074646,False,0.29954296350479126,False
2380,223,1.25,0.25,16014.0,6.0,A2,45,,0,0.7342782616615295,True,0.46747344732284546,False,0.3119547963142395,False
2381,223,1.5,0.25,16020.0,6.0,C3,48,,0,0.6899747252464294,True,0.341355562210083,False,0.2946360409259796,False
2382,223,1.75,0.25,16026.0,6.0,F3,53,,0,0.40395960211753845,False,0.3471015989780426,False,0.2927611172199249,False
2383,223,2.0,0.75,16032.0,18.0,E5,76,,0,0.24927030503749847,False,0.3622506558895111,False,0.2955934405326843,False
2384,223,2.0,0.25,16032.0,6.0,F2,41,,0,0.2121160626411438,False,0.3471236526966095,False,0.2911871075630188,False
2385,223,2.25,0.25,16038.0,6.0,B-2,46,,0,0.1265660971403122,False,0.31852978467941284,False,0.2837197482585907,False
2386,223,2.5,0.25,16044.0,6.0,C3,48,,0,0.747085452079773,True,0.3395509123802185,False,0.2930832505226135,False
2387,223,2.75,0.125,16050.0,3.0,D5,74,,0,0.1239808201789856,False,0.3003055453300476,False,0.28126201033592224,False
2388,223,2.75,0.25,16050.0,6.0,F3,53,,0,0.4558893144130707,False,0.3545942008495331,False,0.2949206829071045,False
2389,223,2.875,0.125,16053.0,3.0,C5,72,,0,0.5282884836196899,True,0.3560338020324707,False,0.28636685013771057,False
2390,224,0.0,2.0,16056.0,48.0,F5,77,,0,0.8471202254295349,True,0.4890536367893219,False,0.32787540555000305,False
2391,224,0.0,0.25,16056.0,6.0,F2,41,,0,0.37454885244369507,False,0.3864286243915558,False,0.3041793406009674,False
2392,224,0.25,0.25,16062.0,6.0,A2,45,,0,0.770553708076477,True,0.471360981464386,False,0.3136696517467499,False
2393,224,0.5,0.25,16068.0,6.0,C3,48,,0,0.7054798007011414,True,0.335256427526474,False,0.2917475402355194,False
2394,224,0.75,0.25,16074.0,6.0,F3,53,,0,0.3672191798686981,False,0.3419840931892395,False,0.29143625497817993,False
2395,224,1.0,0.25,16080.0,6.0,F2,41,,0,0.39740774035453796,False,0.38988932967185974,False,0.30174359679222107,False
2396,224,1.25,0.25,16086.0,6.0,A2,45,,0,0.7260756492614746,True,0.46565330028533936,False,0.31167709827423096,False
2397,224,1.5,0.25,16092.0,6.0,C3,48,,0,0.8100562691688538,True,0.3506782352924347,False,0.29601699113845825,False
2398,224,1.75,0.25,16098.0,6.0,F3,53,,0,0.41590407490730286,False,0.3498968780040741,False,0.29326990246772766,False
2399,224,2.0,0.75,16104.0,18.0,A5,81,,0,0.2599811553955078,False,0.35719531774520874,False,0.296121209859848,False
2400,224,2.0,0.25,16104.0,6.0,F2,41,,0,0.18106043338775635,False,0.3468344509601593,False,0.2913933992385864,False
2401,224,2.25,0.25,16110.0,6.0,A2,45,,0,0.7489894032478333,True,0.46823668479919434,False,0.3122120797634125,False
2402,224,2.5,0.25,16116.0,6.0,C3,48,,0,0.7373499274253845,True,0.3330928385257721,False,0.29280105233192444,False
2403,224,2.75,0.125,16122.0,3.0,G5,79,,0,0.19084995985031128,False,0.31207776069641113,False,0.2872098982334137,False
2404,224,2.75,0.25,16122.0,6.0,F3,53,,0,0.44501444697380066,False,0.3525482416152954,False,0.29437053203582764,False
2405,224,2.875,0.125,16125.0,3.0,F5,77,,0,0.938809871673584,True,0.465852826833725,False,0.3139991760253906,False
2406,225,0.0,1.0,16128.0,24.0,C6,84,,0,0.8144167065620422,True,0.4688555598258972,False,0.324256956577301,False
2407,225,0.0,0.25,16128.0,6.0,F2,41,,0,0.34376904368400574,False,0.38080960512161255,False,0.30334365367889404,False
2408,225,0.25,0.25,16134.0,6.0,A2,45,,0,0.7462661862373352,True,0.4472953677177429,False,0.3087613582611084,False
2409,225,0.5,0.25,16140.0,6.0,C3,48,,0,0.591133713722229,True,0.33519116044044495,False,0.2920932173728943,False
2410,225,0.75,0.25,16146.0,6.0,F3,53,,0,0.3895023763179779,False,0.34350866079330444,False,0.2918858528137207,False
2411,225,1.0,1.0,16152.0,24.0,C6,84,,0,0.7429097294807434,True,0.46882787346839905,False,0.31479552388191223,False
2412,225,1.0,0.25,16152.0,6.0,F2,41,,0,0.4315885007381439,False,0.39241644740104675,False,0.3020496666431427,False
2413,225,1.25,0.25,16158.0,6.0,A2,45,,0,0.6668259501457214,True,0.46478933095932007,False,0.30999061465263367,False
2414,225,1.5,0.25,16164.0,6.0,C3,48,,0,0.7595320343971252,True,0.3679715692996979,False,0.30137330293655396,False
2415,225,1.75,0.25,16170.0,6.0,F3,53,,0,0.3805076479911804,False,0.34354203939437866,False,0.29169121384620667,False
2416,225,2.0,0.75,16176.0,18.0,E6,88,,0,0.28032365441322327,False,0.36237290501594543,False,0.2957652807235718,False
2417,225,2.0,0.25,16176.0,6.0,F2,41,,0,0.43011143803596497,False,0.37213966250419617,False,0.29665371775627136,False
2418,225,2.25,0.25,16182.0,6.0,B-2,46,,0,0.08654186129570007,False,0.31380847096443176,False,0.28294357657432556,False
2419,225,2.5,0.25,16188.0,6.0,C3,48,,0,0.8429327607154846,True,0.3974383771419525,False,0.3069919943809509,False
2420,225,2.75,0.125,16194.0,3.0,D6,86,,0,0.6324454545974731,True,0.4020121097564697,False,0.301226407289505,False
2421,225,2.75,0.25,16194.0,6.0,F3,53,,0,0.4275689125061035,False,0.3489370346069336,False,0.2941698729991913,False
2422,225,2.875,0.125,16197.0,3.0,C6,84,,0,0.9020260572433472,True,0.4385713040828705,False,0.30180278420448303,False
2423,226,0.0,1.0,16200.0,24.0,F6,89,,0,0.5006686449050903,True,0.6556549668312073,True,0.4344826936721802,False
2424,226,0.0,1.0,16200.0,24.0,F3,53,,0,0.32288727164268494,False,0.38570672273635864,False,0.3049732744693756,False
2425,226,0.0,1.0,16200.0,24.0,C3,48,,0,0.7996602058410645,True,0.5366061329841614,True,0.39573004841804504,False
2426,226,0.0,1.0,16200.0,24.0,A2,45,,0,0.7743476033210754,True,0.6396432518959045,True,0.416427880525589,False
2427,226,0.0,1.0,16200.0,24.0,F2,41,,0,0.6032933592796326,True,0.5069743394851685,True,0.39817142486572266,False
2428,226,1.0,1.5,16224.0,36.0,A5,81,,0,0.8948045372962952,True,0.5382694005966187,True,0.37882640957832336,False
2429,226,1.0,1.5,16224.0,36.0,A3,57,,0,0.9253038763999939,True,0.5516945719718933,True,0.38801324367523193,False
2430,226,1.0,1.5,16224.0,36.0,A2,45,,0,0.6849650740623474,True,0.561381995677948,True,0.37133219838142395,False
2431,226,2.5,0.5,16260.0,12.0,C#5,73,,0,0.4756712019443512,False,0.39196503162384033,False,0.3052061200141907,False
2432,226,2.5,0.5,16260.0,12.0,C#4,61,,0,0.667335569858551,True,0.5201866030693054,True,0.3498835563659668,False
2433,226,2.5,0.5,16260.0,12.0,C#3,49,,0,0.5382215976715088,True,0.47376200556755066,False,0.31824758648872375,False
2434,227,0.0,1.0,16272.0,24.0,D5,74,,0,0.8277556300163269,True,0.4361944794654846,False,0.320517897605896,False
2435,227,0.0,1.0,16272.0,24.0,D4,62,,0,0.794960081577301,True,0.513493537902832,True,0.3358972668647766,False
2436,227,0.0,1.0,16272.0,24.0,D3,50,,0,0.621063768863678,True,0.43533560633659363,False,0.31330785155296326,False
2437,227,1.0,1.5,16296.0,36.0,F5,77,,0,0.28173956274986267,False,0.3757939636707306,False,0.2992071509361267,False
2438,227,1.0,1.5,16296.0,36.0,F4,65,,0,0.22864806652069092,False,0.37113162875175476,False,0.297497034072876,False
2439,227,1.0,1.5,16296.0,36.0,F3,53,,0,0.34883826971054077,False,0.3862919211387634,False,0.30190175771713257,False
2440,227,2.5,0.5,16332.0,12.0,A4,69,,0,0.8356795907020569,True,0.4260869324207306,False,0.3236822783946991,False
2441,227,2.5,0.5,16332.0,12.0,A3,57,,0,0.6605411171913147,True,0.3327142000198364,False,0.3108353614807129,False
2442,228,0.0,0.75,16344.0,18.0,B-4,70,,0,0.39744848012924194,False,0.38426658511161804,False,0.3026016056537628,False
2443,228,0.0,0.75,16344.0,18.0,B-3,58,,0,0.40539148449897766,False,0.38269469141960144,False,0.3006094992160797,False
2444,228,0.75,0.125,16362.0,3.0,A4,69,,0,0.29528510570526123,False,0.3375166654586792,False,0.29329949617385864,False
2445,228,0.75,0.125,16362.0,3.0,A3,57,,0,0.28418663144111633,False,0.33671241998672485,False,0.29309895634651184,False
2446,228,0.875,0.125,16365.0,3.0,G4,67,,0,0.645271360874176,True,0.4212835431098938,False,0.3033377528190613,False
2447,228,0.875,0.125,16365.0,3.0,G3,55,,0,0.8526424169540405,True,0.4602808952331543,False,0.32228100299835205,False
2448,228,1.0,1.0,16368.0,24.0,C5,72,,0,0.7927140593528748,True,0.4995652139186859,False,0.3268844187259674,False
2449,228,1.0,1.0,16368.0,24.0,C4,60,,0,0.4246366620063782,False,0.39204490184783936,False,0.2971135973930359,False
2450,228,2.0,1.0,16392.0,24.0,E5,76,,0,0.478380024433136,False,0.3990658223628998,False,0.30651968717575073,False
2451,228,2.0,1.0,16392.0,24.0,C5,72,,0,0.4389092028141022,False,0.3815702795982361,False,0.2955932319164276,False
2452,228,2.0,1.0,16392.0,24.0,G4,67,,0,0.28780224919319153,False,0.3517221212387085,False,0.2952977120876312,False
2453,228,2.0,1.0,16392.0,24.0,C4,60,,0,0.4319785237312317,False,0.3807063698768616,False,0.2944493293762207,False
2454,228,2.0,1.0,16392.0,24.0,C3,48,,0,0.4767458438873291,False,0.38697516918182373,False,0.2956530749797821,False
2455,229,0.0,1.0,16416.0,24.0,F5,77,,0,0.42348816990852356,False,0.39950424432754517,False,0.3090111315250397,False
2456,229,0.0,1.0,16416.0,24.0,C5,72,,0,0.40693822503089905,False,0.3900398910045624,False,0.30047881603240967,False
2457,229,0.0,1.0,16416.0,24.0,A4,69,,0,0.5597009062767029,True,0.44839200377464294,False,0.3239016830921173,False
2458,229,0.0,1.0,16416.0,24.0,F4,65,,0,0.5408952832221985,True,0.4428845942020416,False,0.3242590129375458,False
2459,229,0.0,1.0,16416.0,24.0,F3,53,,0,0.5836455225944519,True,0.45109331607818604,False,0.3245653510093689,False
2460,229,1.0,1.0,16440.0,24.0,F4,65,,0,0.5588416457176208,True,0.45127129554748535,False,0.3202226758003235,False
2461,229,1.0,1.0,16440.0,24.0,F3,53,,0,0.5630465149879456,True,0.4263631999492645,False,0.3121303617954254,False
2462,229,1.0,1.0,16440.0,24.0,F2,41,,0,0.6681802272796631,True,0.4720831513404846,False,0.3279232680797577,False
